"source_file","source_line_start","source_line_end","routine","target","ordinal","literal","value_type","value_numeric","value_character","upstream_commit"
"blmtap.f",19,38,"BLMTAP","(( BLMTHT(I,J), I=1,4), J=1,10)",1,"0.6448","numeric",0.6448,,"38548071d5aa652bb90c7f111f86b427f798a1c9"
"blmtap.f",19,38,"BLMTAP","(( BLMTHT(I,J), I=1,4), J=1,10)",2,"-0.00196","numeric",-0.00196,,"38548071d5aa652bb90c7f111f86b427f798a1c9"
"blmtap.f",19,38,"BLMTAP","(( BLMTHT(I,J), I=1,4), J=1,10)",3,"0.0","numeric",0,,"38548071d5aa652bb90c7f111f86b427f798a1c9"
"blmtap.f",19,38,"BLMTAP","(( BLMTHT(I,J), I=1,4), J=1,10)",4,"0.0","numeric",0,,"38548071d5aa652bb90c7f111f86b427f798a1c9"
"blmtap.f",19,38,"BLMTAP","(( BLMTHT(I,J), I=1,4), J=1,10)",5,"zone 02         0.6096","expression",,"zone 02         0.6096","38548071d5aa652bb90c7f111f86b427f798a1c9"
"blmtap.f",19,38,"BLMTAP","(( BLMTHT(I,J), I=1,4), J=1,10)",6,"-0.00196","numeric",-0.00196,,"38548071d5aa652bb90c7f111f86b427f798a1c9"
"blmtap.f",19,38,"BLMTAP","(( BLMTHT(I,J), I=1,4), J=1,10)",7,"0.0","numeric",0,,"38548071d5aa652bb90c7f111f86b427f798a1c9"
"blmtap.f",19,38,"BLMTAP","(( BLMTHT(I,J), I=1,4), J=1,10)",8,"0.0","numeric",0,,"38548071d5aa652bb90c7f111f86b427f798a1c9"
"blmtap.f",19,38,"BLMTAP","(( BLMTHT(I,J), I=1,4), J=1,10)",9,"11         0.31385","expression",,"11         0.31385","38548071d5aa652bb90c7f111f86b427f798a1c9"
"blmtap.f",19,38,"BLMTAP","(( BLMTHT(I,J), I=1,4), J=1,10)",10,"0.0","numeric",0,,"38548071d5aa652bb90c7f111f86b427f798a1c9"
"blmtap.f",19,38,"BLMTAP","(( BLMTHT(I,J), I=1,4), J=1,10)",11,"0.002985","numeric",0.002985,,"38548071d5aa652bb90c7f111f86b427f798a1c9"
"blmtap.f",19,38,"BLMTAP","(( BLMTHT(I,J), I=1,4), J=1,10)",12,"-0.00003386","numeric",-3.386e-05,,"38548071d5aa652bb90c7f111f86b427f798a1c9"
"blmtap.f",19,38,"BLMTAP","(( BLMTHT(I,J), I=1,4), J=1,10)",13,"0.4779","numeric",0.4779,,"38548071d5aa652bb90c7f111f86b427f798a1c9"
"blmtap.f",19,38,"BLMTAP","(( BLMTHT(I,J), I=1,4), J=1,10)",14,"0.0","numeric",0,,"38548071d5aa652bb90c7f111f86b427f798a1c9"
"blmtap.f",19,38,"BLMTAP","(( BLMTHT(I,J), I=1,4), J=1,10)",15,"0.0","numeric",0,,"38548071d5aa652bb90c7f111f86b427f798a1c9"
"blmtap.f",19,38,"BLMTAP","(( BLMTHT(I,J), I=1,4), J=1,10)",16,"0.0","numeric",0,,"38548071d5aa652bb90c7f111f86b427f798a1c9"
"blmtap.f",19,38,"BLMTAP","(( BLMTHT(I,J), I=1,4), J=1,10)",17,"0.5455","numeric",0.5455,,"38548071d5aa652bb90c7f111f86b427f798a1c9"
"blmtap.f",19,38,"BLMTAP","(( BLMTHT(I,J), I=1,4), J=1,10)",18,"-0.00196","numeric",-0.00196,,"38548071d5aa652bb90c7f111f86b427f798a1c9"
"blmtap.f",19,38,"BLMTAP","(( BLMTHT(I,J), I=1,4), J=1,10)",19,"0.0","numeric",0,,"38548071d5aa652bb90c7f111f86b427f798a1c9"
"blmtap.f",19,38,"BLMTAP","(( BLMTHT(I,J), I=1,4), J=1,10)",20,"0.0","numeric",0,,"38548071d5aa652bb90c7f111f86b427f798a1c9"
"blmtap.f",19,38,"BLMTAP","(( BLMTHT(I,J), I=1,4), J=1,10)",21,"zone 1","expression",,"zone 1","38548071d5aa652bb90c7f111f86b427f798a1c9"
"blmtap.f",19,38,"BLMTAP","(( BLMTHT(I,J), I=1,4), J=1,10)",22,"33         0.45648","expression",,"33         0.45648","38548071d5aa652bb90c7f111f86b427f798a1c9"
"blmtap.f",19,38,"BLMTAP","(( BLMTHT(I,J), I=1,4), J=1,10)",23,"0.00289","numeric",0.00289,,"38548071d5aa652bb90c7f111f86b427f798a1c9"
"blmtap.f",19,38,"BLMTAP","(( BLMTHT(I,J), I=1,4), J=1,10)",24,"0.0","numeric",0,,"38548071d5aa652bb90c7f111f86b427f798a1c9"
"blmtap.f",19,38,"BLMTAP","(( BLMTHT(I,J), I=1,4), J=1,10)",25,"0.0","numeric",0,,"38548071d5aa652bb90c7f111f86b427f798a1c9"
"blmtap.f",19,38,"BLMTAP","(( BLMTHT(I,J), I=1,4), J=1,10)",26,"34","numeric",34,,"38548071d5aa652bb90c7f111f86b427f798a1c9"
"blmtap.f",19,38,"BLMTAP","(( BLMTHT(I,J), I=1,4), J=1,10)",27,"35         0.6014","expression",,"35         0.6014","38548071d5aa652bb90c7f111f86b427f798a1c9"
"blmtap.f",19,38,"BLMTAP","(( BLMTHT(I,J), I=1,4), J=1,10)",28,"0.0","numeric",0,,"38548071d5aa652bb90c7f111f86b427f798a1c9"
"blmtap.f",19,38,"BLMTAP","(( BLMTHT(I,J), I=1,4), J=1,10)",29,"0.0","numeric",0,,"38548071d5aa652bb90c7f111f86b427f798a1c9"
"blmtap.f",19,38,"BLMTAP","(( BLMTHT(I,J), I=1,4), J=1,10)",30,"0.0","numeric",0,,"38548071d5aa652bb90c7f111f86b427f798a1c9"
"blmtap.f",19,38,"BLMTAP","(( BLMTHT(I,J), I=1,4), J=1,10)",31,"0.54568","numeric",0.54568,,"38548071d5aa652bb90c7f111f86b427f798a1c9"
"blmtap.f",19,38,"BLMTAP","(( BLMTHT(I,J), I=1,4), J=1,10)",32,"0.0","numeric",0,,"38548071d5aa652bb90c7f111f86b427f798a1c9"
"blmtap.f",19,38,"BLMTAP","(( BLMTHT(I,J), I=1,4), J=1,10)",33,"0.0","numeric",0,,"38548071d5aa652bb90c7f111f86b427f798a1c9"
"blmtap.f",19,38,"BLMTAP","(( BLMTHT(I,J), I=1,4), J=1,10)",34,"0.00000546","numeric",5.46e-06,,"38548071d5aa652bb90c7f111f86b427f798a1c9"
"blmtap.f",19,38,"BLMTAP","(( BLMTHT(I,J), I=1,4), J=1,10)",35,"54","numeric",54,,"38548071d5aa652bb90c7f111f86b427f798a1c9"
"blmtap.f",19,38,"BLMTAP","(( BLMTHT(I,J), I=1,4), J=1,10)",36,"55          0.4606","expression",,"55          0.4606","38548071d5aa652bb90c7f111f86b427f798a1c9"
"blmtap.f",19,38,"BLMTAP","(( BLMTHT(I,J), I=1,4), J=1,10)",37,"0.0","numeric",0,,"38548071d5aa652bb90c7f111f86b427f798a1c9"
"blmtap.f",19,38,"BLMTAP","(( BLMTHT(I,J), I=1,4), J=1,10)",38,"0.0","numeric",0,,"38548071d5aa652bb90c7f111f86b427f798a1c9"
"blmtap.f",19,38,"BLMTAP","(( BLMTHT(I,J), I=1,4), J=1,10)",39,"0.0","numeric",0,,"38548071d5aa652bb90c7f111f86b427f798a1c9"
"blmtap.f",19,38,"BLMTAP","(( BLMTHT(I,J), I=1,4), J=1,10)",40,"OTHER SPECIES         0.6200","expression",,"OTHER SPECIES         0.6200","38548071d5aa652bb90c7f111f86b427f798a1c9"
"blmtap.f",19,38,"BLMTAP","(( BLMTHT(I,J), I=1,4), J=1,10)",41,"0.0","numeric",0,,"38548071d5aa652bb90c7f111f86b427f798a1c9"
"blmtap.f",19,38,"BLMTAP","(( BLMTHT(I,J), I=1,4), J=1,10)",42,"0.0","numeric",0,,"38548071d5aa652bb90c7f111f86b427f798a1c9"
"blmtap.f",19,38,"BLMTAP","(( BLMTHT(I,J), I=1,4), J=1,10)",43,"0.0","numeric",0,,"38548071d5aa652bb90c7f111f86b427f798a1c9"
"blmtap.f",42,59,"BLMTAP","(( BLMBA(I,J), I=1,6), J=1,9)",1,"-0.5366","numeric",-0.5366,,"38548071d5aa652bb90c7f111f86b427f798a1c9"
"blmtap.f",42,59,"BLMTAP","(( BLMBA(I,J), I=1,6), J=1,9)",2,"1.0","numeric",1,,"38548071d5aa652bb90c7f111f86b427f798a1c9"
"blmtap.f",42,59,"BLMTAP","(( BLMBA(I,J), I=1,6), J=1,9)",3,"0.07124","numeric",0.07124,,"38548071d5aa652bb90c7f111f86b427f798a1c9"
"blmtap.f",42,59,"BLMTAP","(( BLMBA(I,J), I=1,6), J=1,9)",4,"1.0","numeric",1,,"38548071d5aa652bb90c7f111f86b427f798a1c9"
"blmtap.f",42,59,"BLMTAP","(( BLMBA(I,J), I=1,6), J=1,9)",5,"0.07816","numeric",0.07816,,"38548071d5aa652bb90c7f111f86b427f798a1c9"
"blmtap.f",42,59,"BLMTAP","(( BLMBA(I,J), I=1,6), J=1,9)",6,"0.0","numeric",0,,"38548071d5aa652bb90c7f111f86b427f798a1c9"
"blmtap.f",42,59,"BLMTAP","(( BLMBA(I,J), I=1,6), J=1,9)",7,"GLAS FIR","expression",,"GLAS FIR","38548071d5aa652bb90c7f111f86b427f798a1c9"
"blmtap.f",42,59,"BLMTAP","(( BLMBA(I,J), I=1,6), J=1,9)",8,"CASCADE         -0.8015","expression",,"CASCADE         -0.8015","38548071d5aa652bb90c7f111f86b427f798a1c9"
"blmtap.f",42,59,"BLMTAP","(( BLMBA(I,J), I=1,6), J=1,9)",9,"1.0","numeric",1,,"38548071d5aa652bb90c7f111f86b427f798a1c9"
"blmtap.f",42,59,"BLMTAP","(( BLMBA(I,J), I=1,6), J=1,9)",10,"0.14317","numeric",0.14317,,"38548071d5aa652bb90c7f111f86b427f798a1c9"
"blmtap.f",42,59,"BLMTAP","(( BLMBA(I,J), I=1,6), J=1,9)",11,"1.0","numeric",1,,"38548071d5aa652bb90c7f111f86b427f798a1c9"
"blmtap.f",42,59,"BLMTAP","(( BLMBA(I,J), I=1,6), J=1,9)",12,"0.12271","numeric",0.12271,,"38548071d5aa652bb90c7f111f86b427f798a1c9"
"blmtap.f",42,59,"BLMTAP","(( BLMBA(I,J), I=1,6), J=1,9)",13,"0.0","numeric",0,,"38548071d5aa652bb90c7f111f86b427f798a1c9"
"blmtap.f",42,59,"BLMTAP","(( BLMBA(I,J), I=1,6), J=1,9)",14,"GLAS FIR","expression",,"GLAS FIR","38548071d5aa652bb90c7f111f86b427f798a1c9"
"blmtap.f",42,59,"BLMTAP","(( BLMBA(I,J), I=1,6), J=1,9)",15,"SOUTHWEST","expression",,"SOUTHWEST","38548071d5aa652bb90c7f111f86b427f798a1c9"
"blmtap.f",42,59,"BLMTAP","(( BLMBA(I,J), I=1,6), J=1,9)",16,"EAST","expression",,"EAST","38548071d5aa652bb90c7f111f86b427f798a1c9"
"blmtap.f",42,59,"BLMTAP","(( BLMBA(I,J), I=1,6), J=1,9)",17,"CALIFORNIA & W LARCH         -0.9611","expression",,"CALIFORNIA & W LARCH         -0.9611","38548071d5aa652bb90c7f111f86b427f798a1c9"
"blmtap.f",42,59,"BLMTAP","(( BLMBA(I,J), I=1,6), J=1,9)",18,"1.0","numeric",1,,"38548071d5aa652bb90c7f111f86b427f798a1c9"
"blmtap.f",42,59,"BLMTAP","(( BLMBA(I,J), I=1,6), J=1,9)",19,"0.16403","numeric",0.16403,,"38548071d5aa652bb90c7f111f86b427f798a1c9"
"blmtap.f",42,59,"BLMTAP","(( BLMBA(I,J), I=1,6), J=1,9)",20,"1.0","numeric",1,,"38548071d5aa652bb90c7f111f86b427f798a1c9"
"blmtap.f",42,59,"BLMTAP","(( BLMBA(I,J), I=1,6), J=1,9)",21,"0.11527","numeric",0.11527,,"38548071d5aa652bb90c7f111f86b427f798a1c9"
"blmtap.f",42,59,"BLMTAP","(( BLMBA(I,J), I=1,6), J=1,9)",22,"0.0","numeric",0,,"38548071d5aa652bb90c7f111f86b427f798a1c9"
"blmtap.f",42,59,"BLMTAP","(( BLMBA(I,J), I=1,6), J=1,9)",23,"DEROSA","expression",,"DEROSA","38548071d5aa652bb90c7f111f86b427f798a1c9"
"blmtap.f",42,59,"BLMTAP","(( BLMBA(I,J), I=1,6), J=1,9)",24,"SUGAR","expression",,"SUGAR","38548071d5aa652bb90c7f111f86b427f798a1c9"
"blmtap.f",42,59,"BLMTAP","(( BLMBA(I,J), I=1,6), J=1,9)",25,"JEFFREY & W WHITE PINE         -1.0170","expression",,"JEFFREY & W WHITE PINE         -1.0170","38548071d5aa652bb90c7f111f86b427f798a1c9"
"blmtap.f",42,59,"BLMTAP","(( BLMBA(I,J), I=1,6), J=1,9)",26,"1.0","numeric",1,,"38548071d5aa652bb90c7f111f86b427f798a1c9"
"blmtap.f",42,59,"BLMTAP","(( BLMBA(I,J), I=1,6), J=1,9)",27,"0.16343","numeric",0.16343,,"38548071d5aa652bb90c7f111f86b427f798a1c9"
"blmtap.f",42,59,"BLMTAP","(( BLMBA(I,J), I=1,6), J=1,9)",28,"1.0","numeric",1,,"38548071d5aa652bb90c7f111f86b427f798a1c9"
"blmtap.f",42,59,"BLMTAP","(( BLMBA(I,J), I=1,6), J=1,9)",29,"0.10446","numeric",0.10446,,"38548071d5aa652bb90c7f111f86b427f798a1c9"
"blmtap.f",42,59,"BLMTAP","(( BLMBA(I,J), I=1,6), J=1,9)",30,"0.0","numeric",0,,"38548071d5aa652bb90c7f111f86b427f798a1c9"
"blmtap.f",42,59,"BLMTAP","(( BLMBA(I,J), I=1,6), J=1,9)",31,"ND","expression",,"ND","38548071d5aa652bb90c7f111f86b427f798a1c9"
"blmtap.f",42,59,"BLMTAP","(( BLMBA(I,J), I=1,6), J=1,9)",32,"WHITE FIR","expression",,"WHITE FIR","38548071d5aa652bb90c7f111f86b427f798a1c9"
"blmtap.f",42,59,"BLMTAP","(( BLMBA(I,J), I=1,6), J=1,9)",33,"SPRUCES EAST & WEST SIDE          0.5869","expression",,"SPRUCES EAST & WEST SIDE          0.5869","38548071d5aa652bb90c7f111f86b427f798a1c9"
"blmtap.f",42,59,"BLMTAP","(( BLMBA(I,J), I=1,6), J=1,9)",34,"-5.9782","numeric",-5.9782,,"38548071d5aa652bb90c7f111f86b427f798a1c9"
"blmtap.f",42,59,"BLMTAP","(( BLMBA(I,J), I=1,6), J=1,9)",35,"-1.0","numeric",-1,,"38548071d5aa652bb90c7f111f86b427f798a1c9"
"blmtap.f",42,59,"BLMTAP","(( BLMBA(I,J), I=1,6), J=1,9)",36,"1.0","numeric",1,,"38548071d5aa652bb90c7f111f86b427f798a1c9"
"blmtap.f",42,59,"BLMTAP","(( BLMBA(I,J), I=1,6), J=1,9)",37,"0.0","numeric",0,,"38548071d5aa652bb90c7f111f86b427f798a1c9"
"blmtap.f",42,59,"BLMTAP","(( BLMBA(I,J), I=1,6), J=1,9)",38,"0.0","numeric",0,,"38548071d5aa652bb90c7f111f86b427f798a1c9"
"blmtap.f",42,59,"BLMTAP","(( BLMBA(I,J), I=1,6), J=1,9)",39,"STA","expression",,"STA","38548071d5aa652bb90c7f111f86b427f798a1c9"
"blmtap.f",42,59,"BLMTAP","(( BLMBA(I,J), I=1,6), J=1,9)",40,"SILVER","expression",,"SILVER","38548071d5aa652bb90c7f111f86b427f798a1c9"
"blmtap.f",42,59,"BLMTAP","(( BLMBA(I,J), I=1,6), J=1,9)",41,"& NOBLE FIR          0.0","expression",,"& NOBLE FIR          0.0","38548071d5aa652bb90c7f111f86b427f798a1c9"
"blmtap.f",42,59,"BLMTAP","(( BLMBA(I,J), I=1,6), J=1,9)",42,"1.0","numeric",1,,"38548071d5aa652bb90c7f111f86b427f798a1c9"
"blmtap.f",42,59,"BLMTAP","(( BLMBA(I,J), I=1,6), J=1,9)",43,"0.0","numeric",0,,"38548071d5aa652bb90c7f111f86b427f798a1c9"
"blmtap.f",42,59,"BLMTAP","(( BLMBA(I,J), I=1,6), J=1,9)",44,"1.0","numeric",1,,"38548071d5aa652bb90c7f111f86b427f798a1c9"
"blmtap.f",42,59,"BLMTAP","(( BLMBA(I,J), I=1,6), J=1,9)",45,"0.1036","numeric",0.1036,,"38548071d5aa652bb90c7f111f86b427f798a1c9"
"blmtap.f",42,59,"BLMTAP","(( BLMBA(I,J), I=1,6), J=1,9)",46,"-3.0482","numeric",-3.0482,,"38548071d5aa652bb90c7f111f86b427f798a1c9"
"blmtap.f",42,59,"BLMTAP","(( BLMBA(I,J), I=1,6), J=1,9)",47,"LOCK         -0.1761","expression",,"LOCK         -0.1761","38548071d5aa652bb90c7f111f86b427f798a1c9"
"blmtap.f",42,59,"BLMTAP","(( BLMBA(I,J), I=1,6), J=1,9)",48,"1.0","numeric",1,,"38548071d5aa652bb90c7f111f86b427f798a1c9"
"blmtap.f",42,59,"BLMTAP","(( BLMBA(I,J), I=1,6), J=1,9)",49,"0.0","numeric",0,,"38548071d5aa652bb90c7f111f86b427f798a1c9"
"blmtap.f",42,59,"BLMTAP","(( BLMBA(I,J), I=1,6), J=1,9)",50,"1.0","numeric",1,,"38548071d5aa652bb90c7f111f86b427f798a1c9"
"blmtap.f",42,59,"BLMTAP","(( BLMBA(I,J), I=1,6), J=1,9)",51,"0.12568","numeric",0.12568,,"38548071d5aa652bb90c7f111f86b427f798a1c9"
"blmtap.f",42,59,"BLMTAP","(( BLMBA(I,J), I=1,6), J=1,9)",52,"0.0","numeric",0,,"38548071d5aa652bb90c7f111f86b427f798a1c9"
"blmtap.f",42,59,"BLMTAP","(( BLMBA(I,J), I=1,6), J=1,9)",53,"ARS          0.5919","expression",,"ARS          0.5919","38548071d5aa652bb90c7f111f86b427f798a1c9"
"blmtap.f",42,59,"BLMTAP","(( BLMBA(I,J), I=1,6), J=1,9)",54,"-0.00484","numeric",-0.00484,,"38548071d5aa652bb90c7f111f86b427f798a1c9"
"blmtap.f",42,59,"BLMTAP","(( BLMBA(I,J), I=1,6), J=1,9)",55,"0.0","numeric",0,,"38548071d5aa652bb90c7f111f86b427f798a1c9"
"blmtap.f",42,59,"BLMTAP","(( BLMBA(I,J), I=1,6), J=1,9)",56,"1.0","numeric",1,,"38548071d5aa652bb90c7f111f86b427f798a1c9"
"blmtap.f",42,59,"BLMTAP","(( BLMBA(I,J), I=1,6), J=1,9)",57,"-1.0","numeric",-1,,"38548071d5aa652bb90c7f111f86b427f798a1c9"
"blmtap.f",42,59,"BLMTAP","(( BLMBA(I,J), I=1,6), J=1,9)",58,"0.0","numeric",0,,"38548071d5aa652bb90c7f111f86b427f798a1c9"
"blmtap.f",42,59,"BLMTAP","(( BLMBA(I,J), I=1,6), J=1,9)",59,"OTHER SPECIES          0.6200","expression",,"OTHER SPECIES          0.6200","38548071d5aa652bb90c7f111f86b427f798a1c9"
"blmtap.f",42,59,"BLMTAP","(( BLMBA(I,J), I=1,6), J=1,9)",60,"0.0","numeric",0,,"38548071d5aa652bb90c7f111f86b427f798a1c9"
"blmtap.f",42,59,"BLMTAP","(( BLMBA(I,J), I=1,6), J=1,9)",61,"1.0","numeric",1,,"38548071d5aa652bb90c7f111f86b427f798a1c9"
"blmtap.f",42,59,"BLMTAP","(( BLMBA(I,J), I=1,6), J=1,9)",62,"1.0","numeric",1,,"38548071d5aa652bb90c7f111f86b427f798a1c9"
"blmtap.f",42,59,"BLMTAP","(( BLMBA(I,J), I=1,6), J=1,9)",63,"1.0","numeric",1,,"38548071d5aa652bb90c7f111f86b427f798a1c9"
"blmtap.f",42,59,"BLMTAP","(( BLMBA(I,J), I=1,6), J=1,9)",64,"0.0","numeric",0,,"38548071d5aa652bb90c7f111f86b427f798a1c9"
"blmvol.f",42,59,"BLMVOL","((BLMBUTT(I,J),I=1,3),J=1,9)",1,"0.8936","numeric",0.8936,,"38548071d5aa652bb90c7f111f86b427f798a1c9"
"blmvol.f",42,59,"BLMVOL","((BLMBUTT(I,J),I=1,3),J=1,9)",2,"0.2810","numeric",0.281,,"38548071d5aa652bb90c7f111f86b427f798a1c9"
"blmvol.f",42,59,"BLMVOL","((BLMBUTT(I,J),I=1,3),J=1,9)",3,"-0.0407","numeric",-0.0407,,"38548071d5aa652bb90c7f111f86b427f798a1c9"
"blmvol.f",42,59,"BLMVOL","((BLMBUTT(I,J),I=1,3),J=1,9)",4,"DOUGLAS FIR","expression",,"DOUGLAS FIR","38548071d5aa652bb90c7f111f86b427f798a1c9"
"blmvol.f",42,59,"BLMVOL","((BLMBUTT(I,J),I=1,3),J=1,9)",5,"CASCADE                  0.8737","expression",,"CASCADE                  0.8737","38548071d5aa652bb90c7f111f86b427f798a1c9"
"blmvol.f",42,59,"BLMVOL","((BLMBUTT(I,J),I=1,3),J=1,9)",6,"0.3359","numeric",0.3359,,"38548071d5aa652bb90c7f111f86b427f798a1c9"
"blmvol.f",42,59,"BLMVOL","((BLMBUTT(I,J),I=1,3),J=1,9)",7,"-0.0581","numeric",-0.0581,,"38548071d5aa652bb90c7f111f86b427f798a1c9"
"blmvol.f",42,59,"BLMVOL","((BLMBUTT(I,J),I=1,3),J=1,9)",8,"DOUGLAS FIR","expression",,"DOUGLAS FIR","38548071d5aa652bb90c7f111f86b427f798a1c9"
"blmvol.f",42,59,"BLMVOL","((BLMBUTT(I,J),I=1,3),J=1,9)",9,"SOUTHWEST","expression",,"SOUTHWEST","38548071d5aa652bb90c7f111f86b427f798a1c9"
"blmvol.f",42,59,"BLMVOL","((BLMBUTT(I,J),I=1,3),J=1,9)",10,"EAST","expression",,"EAST","38548071d5aa652bb90c7f111f86b427f798a1c9"
"blmvol.f",42,59,"BLMVOL","((BLMBUTT(I,J),I=1,3),J=1,9)",11,"CALIFORNIA & W LARCH                  0.7111","expression",,"CALIFORNIA & W LARCH                  0.7111","38548071d5aa652bb90c7f111f86b427f798a1c9"
"blmvol.f",42,59,"BLMVOL","((BLMBUTT(I,J),I=1,3),J=1,9)",12,"0.3433","numeric",0.3433,,"38548071d5aa652bb90c7f111f86b427f798a1c9"
"blmvol.f",42,59,"BLMVOL","((BLMBUTT(I,J),I=1,3),J=1,9)",13,"-0.0339","numeric",-0.0339,,"38548071d5aa652bb90c7f111f86b427f798a1c9"
"blmvol.f",42,59,"BLMVOL","((BLMBUTT(I,J),I=1,3),J=1,9)",14,"PONDEROSA","expression",,"PONDEROSA","38548071d5aa652bb90c7f111f86b427f798a1c9"
"blmvol.f",42,59,"BLMVOL","((BLMBUTT(I,J),I=1,3),J=1,9)",15,"SUGAR","expression",,"SUGAR","38548071d5aa652bb90c7f111f86b427f798a1c9"
"blmvol.f",42,59,"BLMVOL","((BLMBUTT(I,J),I=1,3),J=1,9)",16,"JEFFREY & W WHITE PINE                  0.6232","expression",,"JEFFREY & W WHITE PINE                  0.6232","38548071d5aa652bb90c7f111f86b427f798a1c9"
"blmvol.f",42,59,"BLMVOL","((BLMBUTT(I,J),I=1,3),J=1,9)",17,"0.3388","numeric",0.3388,,"38548071d5aa652bb90c7f111f86b427f798a1c9"
"blmvol.f",42,59,"BLMVOL","((BLMBUTT(I,J),I=1,3),J=1,9)",18,"0.0","numeric",0,,"38548071d5aa652bb90c7f111f86b427f798a1c9"
"blmvol.f",42,59,"BLMVOL","((BLMBUTT(I,J),I=1,3),J=1,9)",19,"GRAND","expression",,"GRAND","38548071d5aa652bb90c7f111f86b427f798a1c9"
"blmvol.f",42,59,"BLMVOL","((BLMBUTT(I,J),I=1,3),J=1,9)",20,"WHITE FIR","expression",,"WHITE FIR","38548071d5aa652bb90c7f111f86b427f798a1c9"
"blmvol.f",42,59,"BLMVOL","((BLMBUTT(I,J),I=1,3),J=1,9)",21,"SPRUCES EAST & WEST SIDE                  0.7082","expression",,"SPRUCES EAST & WEST SIDE                  0.7082","38548071d5aa652bb90c7f111f86b427f798a1c9"
"blmvol.f",42,59,"BLMVOL","((BLMBUTT(I,J),I=1,3),J=1,9)",22,"0.3490","numeric",0.349,,"38548071d5aa652bb90c7f111f86b427f798a1c9"
"blmvol.f",42,59,"BLMVOL","((BLMBUTT(I,J),I=1,3),J=1,9)",23,"-0.0238","numeric",-0.0238,,"38548071d5aa652bb90c7f111f86b427f798a1c9"
"blmvol.f",42,59,"BLMVOL","((BLMBUTT(I,J),I=1,3),J=1,9)",24,"SHASTA","expression",,"SHASTA","38548071d5aa652bb90c7f111f86b427f798a1c9"
"blmvol.f",42,59,"BLMVOL","((BLMBUTT(I,J),I=1,3),J=1,9)",25,"SILVER","expression",,"SILVER","38548071d5aa652bb90c7f111f86b427f798a1c9"
"blmvol.f",42,59,"BLMVOL","((BLMBUTT(I,J),I=1,3),J=1,9)",26,"& NOBLE FIR                  0.8304","expression",,"& NOBLE FIR                  0.8304","38548071d5aa652bb90c7f111f86b427f798a1c9"
"blmvol.f",42,59,"BLMVOL","((BLMBUTT(I,J),I=1,3),J=1,9)",27,"0.1901","numeric",0.1901,,"38548071d5aa652bb90c7f111f86b427f798a1c9"
"blmvol.f",42,59,"BLMVOL","((BLMBUTT(I,J),I=1,3),J=1,9)",28,"0.0","numeric",0,,"38548071d5aa652bb90c7f111f86b427f798a1c9"
"blmvol.f",42,59,"BLMVOL","((BLMBUTT(I,J),I=1,3),J=1,9)",29,"HEMLOCK                  0.5393","expression",,"HEMLOCK                  0.5393","38548071d5aa652bb90c7f111f86b427f798a1c9"
"blmvol.f",42,59,"BLMVOL","((BLMBUTT(I,J),I=1,3),J=1,9)",30,"0.4447","numeric",0.4447,,"38548071d5aa652bb90c7f111f86b427f798a1c9"
"blmvol.f",42,59,"BLMVOL","((BLMBUTT(I,J),I=1,3),J=1,9)",31,"0.0","numeric",0,,"38548071d5aa652bb90c7f111f86b427f798a1c9"
"blmvol.f",42,59,"BLMVOL","((BLMBUTT(I,J),I=1,3),J=1,9)",32,"CEDARS                  0.9305","expression",,"CEDARS                  0.9305","38548071d5aa652bb90c7f111f86b427f798a1c9"
"blmvol.f",42,59,"BLMVOL","((BLMBUTT(I,J),I=1,3),J=1,9)",33,"0.2003","numeric",0.2003,,"38548071d5aa652bb90c7f111f86b427f798a1c9"
"blmvol.f",42,59,"BLMVOL","((BLMBUTT(I,J),I=1,3),J=1,9)",34,"0.0","numeric",0,,"38548071d5aa652bb90c7f111f86b427f798a1c9"
"blmvol.f",42,59,"BLMVOL","((BLMBUTT(I,J),I=1,3),J=1,9)",35,"ALL OTHER SPECIES                  0.7150","expression",,"ALL OTHER SPECIES                  0.7150","38548071d5aa652bb90c7f111f86b427f798a1c9"
"blmvol.f",42,59,"BLMVOL","((BLMBUTT(I,J),I=1,3),J=1,9)",36,"0.294","numeric",0.294,,"38548071d5aa652bb90c7f111f86b427f798a1c9"
"blmvol.f",42,59,"BLMVOL","((BLMBUTT(I,J),I=1,3),J=1,9)",37,"0.0","numeric",0,,"38548071d5aa652bb90c7f111f86b427f798a1c9"
"formclas.f",28,29,"FORMCL_BM","FIAJSP",1,"'   '","character",,"   ","38548071d5aa652bb90c7f111f86b427f798a1c9"
"formclas.f",28,29,"FORMCL_BM","FIAJSP",2,"'017'","character",,"017","38548071d5aa652bb90c7f111f86b427f798a1c9"
"formclas.f",28,29,"FORMCL_BM","FIAJSP",3,"'019'","character",,"019","38548071d5aa652bb90c7f111f86b427f798a1c9"
"formclas.f",28,29,"FORMCL_BM","FIAJSP",4,"'073'","character",,"073","38548071d5aa652bb90c7f111f86b427f798a1c9"
"formclas.f",28,29,"FORMCL_BM","FIAJSP",5,"'093'","character",,"093","38548071d5aa652bb90c7f111f86b427f798a1c9"
"formclas.f",28,29,"FORMCL_BM","FIAJSP",6,"'108'","character",,"108","38548071d5aa652bb90c7f111f86b427f798a1c9"
"formclas.f",28,29,"FORMCL_BM","FIAJSP",7,"'119'","character",,"119","38548071d5aa652bb90c7f111f86b427f798a1c9"
"formclas.f",28,29,"FORMCL_BM","FIAJSP",8,"'122'","character",,"122","38548071d5aa652bb90c7f111f86b427f798a1c9"
"formclas.f",28,29,"FORMCL_BM","FIAJSP",9,"'202'","character",,"202","38548071d5aa652bb90c7f111f86b427f798a1c9"
"formclas.f",28,29,"FORMCL_BM","FIAJSP",10,"'264'","character",,"264","38548071d5aa652bb90c7f111f86b427f798a1c9"
"formclas.f",28,29,"FORMCL_BM","FIAJSP",11,"'999'","character",,"999","38548071d5aa652bb90c7f111f86b427f798a1c9"
"formclas.f",34,39,"FORMCL_BM","MALHFC",1,"80","numeric",80,,"38548071d5aa652bb90c7f111f86b427f798a1c9"
"formclas.f",34,39,"FORMCL_BM","MALHFC",2,"76","numeric",76,,"38548071d5aa652bb90c7f111f86b427f798a1c9"
"formclas.f",34,39,"FORMCL_BM","MALHFC",3,"78","numeric",78,,"38548071d5aa652bb90c7f111f86b427f798a1c9"
"formclas.f",34,39,"FORMCL_BM","MALHFC",4,"78","numeric",78,,"38548071d5aa652bb90c7f111f86b427f798a1c9"
"formclas.f",34,39,"FORMCL_BM","MALHFC",5,"77","numeric",77,,"38548071d5aa652bb90c7f111f86b427f798a1c9"
"formclas.f",34,39,"FORMCL_BM","MALHFC",6,"80","numeric",80,,"38548071d5aa652bb90c7f111f86b427f798a1c9"
"formclas.f",34,39,"FORMCL_BM","MALHFC",7,"78","numeric",78,,"38548071d5aa652bb90c7f111f86b427f798a1c9"
"formclas.f",34,39,"FORMCL_BM","MALHFC",8,"78","numeric",78,,"38548071d5aa652bb90c7f111f86b427f798a1c9"
"formclas.f",34,39,"FORMCL_BM","MALHFC",9,"78","numeric",78,,"38548071d5aa652bb90c7f111f86b427f798a1c9"
"formclas.f",34,39,"FORMCL_BM","MALHFC",10,"75","numeric",75,,"38548071d5aa652bb90c7f111f86b427f798a1c9"
"formclas.f",34,39,"FORMCL_BM","MALHFC",11,"60","numeric",60,,"38548071d5aa652bb90c7f111f86b427f798a1c9"
"formclas.f",34,39,"FORMCL_BM","MALHFC",12,"80","numeric",80,,"38548071d5aa652bb90c7f111f86b427f798a1c9"
"formclas.f",34,39,"FORMCL_BM","MALHFC",13,"78","numeric",78,,"38548071d5aa652bb90c7f111f86b427f798a1c9"
"formclas.f",34,39,"FORMCL_BM","MALHFC",14,"80","numeric",80,,"38548071d5aa652bb90c7f111f86b427f798a1c9"
"formclas.f",34,39,"FORMCL_BM","MALHFC",15,"79","numeric",79,,"38548071d5aa652bb90c7f111f86b427f798a1c9"
"formclas.f",34,39,"FORMCL_BM","MALHFC",16,"80","numeric",80,,"38548071d5aa652bb90c7f111f86b427f798a1c9"
"formclas.f",34,39,"FORMCL_BM","MALHFC",17,"83","numeric",83,,"38548071d5aa652bb90c7f111f86b427f798a1c9"
"formclas.f",34,39,"FORMCL_BM","MALHFC",18,"78","numeric",78,,"38548071d5aa652bb90c7f111f86b427f798a1c9"
"formclas.f",34,39,"FORMCL_BM","MALHFC",19,"78","numeric",78,,"38548071d5aa652bb90c7f111f86b427f798a1c9"
"formclas.f",34,39,"FORMCL_BM","MALHFC",20,"77","numeric",77,,"38548071d5aa652bb90c7f111f86b427f798a1c9"
"formclas.f",34,39,"FORMCL_BM","MALHFC",21,"79","numeric",79,,"38548071d5aa652bb90c7f111f86b427f798a1c9"
"formclas.f",34,39,"FORMCL_BM","MALHFC",22,"60","numeric",60,,"38548071d5aa652bb90c7f111f86b427f798a1c9"
"formclas.f",34,39,"FORMCL_BM","MALHFC",23,"80","numeric",80,,"38548071d5aa652bb90c7f111f86b427f798a1c9"
"formclas.f",34,39,"FORMCL_BM","MALHFC",24,"77","numeric",77,,"38548071d5aa652bb90c7f111f86b427f798a1c9"
"formclas.f",34,39,"FORMCL_BM","MALHFC",25,"80","numeric",80,,"38548071d5aa652bb90c7f111f86b427f798a1c9"
"formclas.f",34,39,"FORMCL_BM","MALHFC",26,"80","numeric",80,,"38548071d5aa652bb90c7f111f86b427f798a1c9"
"formclas.f",34,39,"FORMCL_BM","MALHFC",27,"82","numeric",82,,"38548071d5aa652bb90c7f111f86b427f798a1c9"
"formclas.f",34,39,"FORMCL_BM","MALHFC",28,"83","numeric",83,,"38548071d5aa652bb90c7f111f86b427f798a1c9"
"formclas.f",34,39,"FORMCL_BM","MALHFC",29,"79","numeric",79,,"38548071d5aa652bb90c7f111f86b427f798a1c9"
"formclas.f",34,39,"FORMCL_BM","MALHFC",30,"80","numeric",80,,"38548071d5aa652bb90c7f111f86b427f798a1c9"
"formclas.f",34,39,"FORMCL_BM","MALHFC",31,"77","numeric",77,,"38548071d5aa652bb90c7f111f86b427f798a1c9"
"formclas.f",34,39,"FORMCL_BM","MALHFC",32,"79","numeric",79,,"38548071d5aa652bb90c7f111f86b427f798a1c9"
"formclas.f",34,39,"FORMCL_BM","MALHFC",33,"60","numeric",60,,"38548071d5aa652bb90c7f111f86b427f798a1c9"
"formclas.f",34,39,"FORMCL_BM","MALHFC",34,"80","numeric",80,,"38548071d5aa652bb90c7f111f86b427f798a1c9"
"formclas.f",34,39,"FORMCL_BM","MALHFC",35,"76","numeric",76,,"38548071d5aa652bb90c7f111f86b427f798a1c9"
"formclas.f",34,39,"FORMCL_BM","MALHFC",36,"82","numeric",82,,"38548071d5aa652bb90c7f111f86b427f798a1c9"
"formclas.f",34,39,"FORMCL_BM","MALHFC",37,"82","numeric",82,,"38548071d5aa652bb90c7f111f86b427f798a1c9"
"formclas.f",34,39,"FORMCL_BM","MALHFC",38,"84","numeric",84,,"38548071d5aa652bb90c7f111f86b427f798a1c9"
"formclas.f",34,39,"FORMCL_BM","MALHFC",39,"80","numeric",80,,"38548071d5aa652bb90c7f111f86b427f798a1c9"
"formclas.f",34,39,"FORMCL_BM","MALHFC",40,"81","numeric",81,,"38548071d5aa652bb90c7f111f86b427f798a1c9"
"formclas.f",34,39,"FORMCL_BM","MALHFC",41,"82","numeric",82,,"38548071d5aa652bb90c7f111f86b427f798a1c9"
"formclas.f",34,39,"FORMCL_BM","MALHFC",42,"80","numeric",80,,"38548071d5aa652bb90c7f111f86b427f798a1c9"
"formclas.f",34,39,"FORMCL_BM","MALHFC",43,"79","numeric",79,,"38548071d5aa652bb90c7f111f86b427f798a1c9"
"formclas.f",34,39,"FORMCL_BM","MALHFC",44,"60","numeric",60,,"38548071d5aa652bb90c7f111f86b427f798a1c9"
"formclas.f",34,39,"FORMCL_BM","MALHFC",45,"80","numeric",80,,"38548071d5aa652bb90c7f111f86b427f798a1c9"
"formclas.f",34,39,"FORMCL_BM","MALHFC",46,"76","numeric",76,,"38548071d5aa652bb90c7f111f86b427f798a1c9"
"formclas.f",34,39,"FORMCL_BM","MALHFC",47,"82","numeric",82,,"38548071d5aa652bb90c7f111f86b427f798a1c9"
"formclas.f",34,39,"FORMCL_BM","MALHFC",48,"77","numeric",77,,"38548071d5aa652bb90c7f111f86b427f798a1c9"
"formclas.f",34,39,"FORMCL_BM","MALHFC",49,"84","numeric",84,,"38548071d5aa652bb90c7f111f86b427f798a1c9"
"formclas.f",34,39,"FORMCL_BM","MALHFC",50,"80","numeric",80,,"38548071d5aa652bb90c7f111f86b427f798a1c9"
"formclas.f",34,39,"FORMCL_BM","MALHFC",51,"78","numeric",78,,"38548071d5aa652bb90c7f111f86b427f798a1c9"
"formclas.f",34,39,"FORMCL_BM","MALHFC",52,"83","numeric",83,,"38548071d5aa652bb90c7f111f86b427f798a1c9"
"formclas.f",34,39,"FORMCL_BM","MALHFC",53,"77","numeric",77,,"38548071d5aa652bb90c7f111f86b427f798a1c9"
"formclas.f",34,39,"FORMCL_BM","MALHFC",54,"78","numeric",78,,"38548071d5aa652bb90c7f111f86b427f798a1c9"
"formclas.f",34,39,"FORMCL_BM","MALHFC",55,"60","numeric",60,,"38548071d5aa652bb90c7f111f86b427f798a1c9"
"formclas.f",43,48,"FORMCL_BM","OCHOFC",1,"80","numeric",80,,"38548071d5aa652bb90c7f111f86b427f798a1c9"
"formclas.f",43,48,"FORMCL_BM","OCHOFC",2,"76","numeric",76,,"38548071d5aa652bb90c7f111f86b427f798a1c9"
"formclas.f",43,48,"FORMCL_BM","OCHOFC",3,"78","numeric",78,,"38548071d5aa652bb90c7f111f86b427f798a1c9"
"formclas.f",43,48,"FORMCL_BM","OCHOFC",4,"78","numeric",78,,"38548071d5aa652bb90c7f111f86b427f798a1c9"
"formclas.f",43,48,"FORMCL_BM","OCHOFC",5,"82","numeric",82,,"38548071d5aa652bb90c7f111f86b427f798a1c9"
"formclas.f",43,48,"FORMCL_BM","OCHOFC",6,"70","numeric",70,,"38548071d5aa652bb90c7f111f86b427f798a1c9"
"formclas.f",43,48,"FORMCL_BM","OCHOFC",7,"78","numeric",78,,"38548071d5aa652bb90c7f111f86b427f798a1c9"
"formclas.f",43,48,"FORMCL_BM","OCHOFC",8,"76","numeric",76,,"38548071d5aa652bb90c7f111f86b427f798a1c9"
"formclas.f",43,48,"FORMCL_BM","OCHOFC",9,"79","numeric",79,,"38548071d5aa652bb90c7f111f86b427f798a1c9"
"formclas.f",43,48,"FORMCL_BM","OCHOFC",10,"75","numeric",75,,"38548071d5aa652bb90c7f111f86b427f798a1c9"
"formclas.f",43,48,"FORMCL_BM","OCHOFC",11,"60","numeric",60,,"38548071d5aa652bb90c7f111f86b427f798a1c9"
"formclas.f",43,48,"FORMCL_BM","OCHOFC",12,"80","numeric",80,,"38548071d5aa652bb90c7f111f86b427f798a1c9"
"formclas.f",43,48,"FORMCL_BM","OCHOFC",13,"78","numeric",78,,"38548071d5aa652bb90c7f111f86b427f798a1c9"
"formclas.f",43,48,"FORMCL_BM","OCHOFC",14,"76","numeric",76,,"38548071d5aa652bb90c7f111f86b427f798a1c9"
"formclas.f",43,48,"FORMCL_BM","OCHOFC",15,"78","numeric",78,,"38548071d5aa652bb90c7f111f86b427f798a1c9"
"formclas.f",43,48,"FORMCL_BM","OCHOFC",16,"82","numeric",82,,"38548071d5aa652bb90c7f111f86b427f798a1c9"
"formclas.f",43,48,"FORMCL_BM","OCHOFC",17,"75","numeric",75,,"38548071d5aa652bb90c7f111f86b427f798a1c9"
"formclas.f",43,48,"FORMCL_BM","OCHOFC",18,"80","numeric",80,,"38548071d5aa652bb90c7f111f86b427f798a1c9"
"formclas.f",43,48,"FORMCL_BM","OCHOFC",19,"78","numeric",78,,"38548071d5aa652bb90c7f111f86b427f798a1c9"
"formclas.f",43,48,"FORMCL_BM","OCHOFC",20,"79","numeric",79,,"38548071d5aa652bb90c7f111f86b427f798a1c9"
"formclas.f",43,48,"FORMCL_BM","OCHOFC",21,"78","numeric",78,,"38548071d5aa652bb90c7f111f86b427f798a1c9"
"formclas.f",43,48,"FORMCL_BM","OCHOFC",22,"60","numeric",60,,"38548071d5aa652bb90c7f111f86b427f798a1c9"
"formclas.f",43,48,"FORMCL_BM","OCHOFC",23,"80","numeric",80,,"38548071d5aa652bb90c7f111f86b427f798a1c9"
"formclas.f",43,48,"FORMCL_BM","OCHOFC",24,"77","numeric",77,,"38548071d5aa652bb90c7f111f86b427f798a1c9"
"formclas.f",43,48,"FORMCL_BM","OCHOFC",25,"74","numeric",74,,"38548071d5aa652bb90c7f111f86b427f798a1c9"
"formclas.f",43,48,"FORMCL_BM","OCHOFC",26,"80","numeric",80,,"38548071d5aa652bb90c7f111f86b427f798a1c9"
"formclas.f",43,48,"FORMCL_BM","OCHOFC",27,"82","numeric",82,,"38548071d5aa652bb90c7f111f86b427f798a1c9"
"formclas.f",43,48,"FORMCL_BM","OCHOFC",28,"75","numeric",75,,"38548071d5aa652bb90c7f111f86b427f798a1c9"
"formclas.f",43,48,"FORMCL_BM","OCHOFC",29,"80","numeric",80,,"38548071d5aa652bb90c7f111f86b427f798a1c9"
"formclas.f",43,48,"FORMCL_BM","OCHOFC",30,"78","numeric",78,,"38548071d5aa652bb90c7f111f86b427f798a1c9"
"formclas.f",43,48,"FORMCL_BM","OCHOFC",31,"76","numeric",76,,"38548071d5aa652bb90c7f111f86b427f798a1c9"
"formclas.f",43,48,"FORMCL_BM","OCHOFC",32,"79","numeric",79,,"38548071d5aa652bb90c7f111f86b427f798a1c9"
"formclas.f",43,48,"FORMCL_BM","OCHOFC",33,"60","numeric",60,,"38548071d5aa652bb90c7f111f86b427f798a1c9"
"formclas.f",43,48,"FORMCL_BM","OCHOFC",34,"80","numeric",80,,"38548071d5aa652bb90c7f111f86b427f798a1c9"
"formclas.f",43,48,"FORMCL_BM","OCHOFC",35,"74","numeric",74,,"38548071d5aa652bb90c7f111f86b427f798a1c9"
"formclas.f",43,48,"FORMCL_BM","OCHOFC",36,"74","numeric",74,,"38548071d5aa652bb90c7f111f86b427f798a1c9"
"formclas.f",43,48,"FORMCL_BM","OCHOFC",37,"80","numeric",80,,"38548071d5aa652bb90c7f111f86b427f798a1c9"
"formclas.f",43,48,"FORMCL_BM","OCHOFC",38,"82","numeric",82,,"38548071d5aa652bb90c7f111f86b427f798a1c9"
"formclas.f",43,48,"FORMCL_BM","OCHOFC",39,"75","numeric",75,,"38548071d5aa652bb90c7f111f86b427f798a1c9"
"formclas.f",43,48,"FORMCL_BM","OCHOFC",40,"82","numeric",82,,"38548071d5aa652bb90c7f111f86b427f798a1c9"
"formclas.f",43,48,"FORMCL_BM","OCHOFC",41,"80","numeric",80,,"38548071d5aa652bb90c7f111f86b427f798a1c9"
"formclas.f",43,48,"FORMCL_BM","OCHOFC",42,"76","numeric",76,,"38548071d5aa652bb90c7f111f86b427f798a1c9"
"formclas.f",43,48,"FORMCL_BM","OCHOFC",43,"79","numeric",79,,"38548071d5aa652bb90c7f111f86b427f798a1c9"
"formclas.f",43,48,"FORMCL_BM","OCHOFC",44,"60","numeric",60,,"38548071d5aa652bb90c7f111f86b427f798a1c9"
"formclas.f",43,48,"FORMCL_BM","OCHOFC",45,"80","numeric",80,,"38548071d5aa652bb90c7f111f86b427f798a1c9"
"formclas.f",43,48,"FORMCL_BM","OCHOFC",46,"74","numeric",74,,"38548071d5aa652bb90c7f111f86b427f798a1c9"
"formclas.f",43,48,"FORMCL_BM","OCHOFC",47,"74","numeric",74,,"38548071d5aa652bb90c7f111f86b427f798a1c9"
"formclas.f",43,48,"FORMCL_BM","OCHOFC",48,"80","numeric",80,,"38548071d5aa652bb90c7f111f86b427f798a1c9"
"formclas.f",43,48,"FORMCL_BM","OCHOFC",49,"82","numeric",82,,"38548071d5aa652bb90c7f111f86b427f798a1c9"
"formclas.f",43,48,"FORMCL_BM","OCHOFC",50,"75","numeric",75,,"38548071d5aa652bb90c7f111f86b427f798a1c9"
"formclas.f",43,48,"FORMCL_BM","OCHOFC",51,"80","numeric",80,,"38548071d5aa652bb90c7f111f86b427f798a1c9"
"formclas.f",43,48,"FORMCL_BM","OCHOFC",52,"80","numeric",80,,"38548071d5aa652bb90c7f111f86b427f798a1c9"
"formclas.f",43,48,"FORMCL_BM","OCHOFC",53,"76","numeric",76,,"38548071d5aa652bb90c7f111f86b427f798a1c9"
"formclas.f",43,48,"FORMCL_BM","OCHOFC",54,"78","numeric",78,,"38548071d5aa652bb90c7f111f86b427f798a1c9"
"formclas.f",43,48,"FORMCL_BM","OCHOFC",55,"60","numeric",60,,"38548071d5aa652bb90c7f111f86b427f798a1c9"
"formclas.f",52,57,"FORMCL_BM","UMATFC",1,"80","numeric",80,,"38548071d5aa652bb90c7f111f86b427f798a1c9"
"formclas.f",52,57,"FORMCL_BM","UMATFC",2,"76","numeric",76,,"38548071d5aa652bb90c7f111f86b427f798a1c9"
"formclas.f",52,57,"FORMCL_BM","UMATFC",3,"74","numeric",74,,"38548071d5aa652bb90c7f111f86b427f798a1c9"
"formclas.f",52,57,"FORMCL_BM","UMATFC",4,"78","numeric",78,,"38548071d5aa652bb90c7f111f86b427f798a1c9"
"formclas.f",52,57,"FORMCL_BM","UMATFC",5,"77","numeric",77,,"38548071d5aa652bb90c7f111f86b427f798a1c9"
"formclas.f",52,57,"FORMCL_BM","UMATFC",6,"86","numeric",86,,"38548071d5aa652bb90c7f111f86b427f798a1c9"
"formclas.f",52,57,"FORMCL_BM","UMATFC",7,"78","numeric",78,,"38548071d5aa652bb90c7f111f86b427f798a1c9"
"formclas.f",52,57,"FORMCL_BM","UMATFC",8,"78","numeric",78,,"38548071d5aa652bb90c7f111f86b427f798a1c9"
"formclas.f",52,57,"FORMCL_BM","UMATFC",9,"77","numeric",77,,"38548071d5aa652bb90c7f111f86b427f798a1c9"
"formclas.f",52,57,"FORMCL_BM","UMATFC",10,"75","numeric",75,,"38548071d5aa652bb90c7f111f86b427f798a1c9"
"formclas.f",52,57,"FORMCL_BM","UMATFC",11,"60","numeric",60,,"38548071d5aa652bb90c7f111f86b427f798a1c9"
"formclas.f",52,57,"FORMCL_BM","UMATFC",12,"80","numeric",80,,"38548071d5aa652bb90c7f111f86b427f798a1c9"
"formclas.f",52,57,"FORMCL_BM","UMATFC",13,"78","numeric",78,,"38548071d5aa652bb90c7f111f86b427f798a1c9"
"formclas.f",52,57,"FORMCL_BM","UMATFC",14,"74","numeric",74,,"38548071d5aa652bb90c7f111f86b427f798a1c9"
"formclas.f",52,57,"FORMCL_BM","UMATFC",15,"78","numeric",78,,"38548071d5aa652bb90c7f111f86b427f798a1c9"
"formclas.f",52,57,"FORMCL_BM","UMATFC",16,"77","numeric",77,,"38548071d5aa652bb90c7f111f86b427f798a1c9"
"formclas.f",52,57,"FORMCL_BM","UMATFC",17,"86","numeric",86,,"38548071d5aa652bb90c7f111f86b427f798a1c9"
"formclas.f",52,57,"FORMCL_BM","UMATFC",18,"78","numeric",78,,"38548071d5aa652bb90c7f111f86b427f798a1c9"
"formclas.f",52,57,"FORMCL_BM","UMATFC",19,"78","numeric",78,,"38548071d5aa652bb90c7f111f86b427f798a1c9"
"formclas.f",52,57,"FORMCL_BM","UMATFC",20,"77","numeric",77,,"38548071d5aa652bb90c7f111f86b427f798a1c9"
"formclas.f",52,57,"FORMCL_BM","UMATFC",21,"75","numeric",75,,"38548071d5aa652bb90c7f111f86b427f798a1c9"
"formclas.f",52,57,"FORMCL_BM","UMATFC",22,"60","numeric",60,,"38548071d5aa652bb90c7f111f86b427f798a1c9"
"formclas.f",52,57,"FORMCL_BM","UMATFC",23,"80","numeric",80,,"38548071d5aa652bb90c7f111f86b427f798a1c9"
"formclas.f",52,57,"FORMCL_BM","UMATFC",24,"77","numeric",77,,"38548071d5aa652bb90c7f111f86b427f798a1c9"
"formclas.f",52,57,"FORMCL_BM","UMATFC",25,"74","numeric",74,,"38548071d5aa652bb90c7f111f86b427f798a1c9"
"formclas.f",52,57,"FORMCL_BM","UMATFC",26,"78","numeric",78,,"38548071d5aa652bb90c7f111f86b427f798a1c9"
"formclas.f",52,57,"FORMCL_BM","UMATFC",27,"75","numeric",75,,"38548071d5aa652bb90c7f111f86b427f798a1c9"
"formclas.f",52,57,"FORMCL_BM","UMATFC",28,"86","numeric",86,,"38548071d5aa652bb90c7f111f86b427f798a1c9"
"formclas.f",52,57,"FORMCL_BM","UMATFC",29,"80","numeric",80,,"38548071d5aa652bb90c7f111f86b427f798a1c9"
"formclas.f",52,57,"FORMCL_BM","UMATFC",30,"80","numeric",80,,"38548071d5aa652bb90c7f111f86b427f798a1c9"
"formclas.f",52,57,"FORMCL_BM","UMATFC",31,"77","numeric",77,,"38548071d5aa652bb90c7f111f86b427f798a1c9"
"formclas.f",52,57,"FORMCL_BM","UMATFC",32,"75","numeric",75,,"38548071d5aa652bb90c7f111f86b427f798a1c9"
"formclas.f",52,57,"FORMCL_BM","UMATFC",33,"60","numeric",60,,"38548071d5aa652bb90c7f111f86b427f798a1c9"
"formclas.f",52,57,"FORMCL_BM","UMATFC",34,"80","numeric",80,,"38548071d5aa652bb90c7f111f86b427f798a1c9"
"formclas.f",52,57,"FORMCL_BM","UMATFC",35,"76","numeric",76,,"38548071d5aa652bb90c7f111f86b427f798a1c9"
"formclas.f",52,57,"FORMCL_BM","UMATFC",36,"75","numeric",75,,"38548071d5aa652bb90c7f111f86b427f798a1c9"
"formclas.f",52,57,"FORMCL_BM","UMATFC",37,"78","numeric",78,,"38548071d5aa652bb90c7f111f86b427f798a1c9"
"formclas.f",52,57,"FORMCL_BM","UMATFC",38,"75","numeric",75,,"38548071d5aa652bb90c7f111f86b427f798a1c9"
"formclas.f",52,57,"FORMCL_BM","UMATFC",39,"86","numeric",86,,"38548071d5aa652bb90c7f111f86b427f798a1c9"
"formclas.f",52,57,"FORMCL_BM","UMATFC",40,"81","numeric",81,,"38548071d5aa652bb90c7f111f86b427f798a1c9"
"formclas.f",52,57,"FORMCL_BM","UMATFC",41,"81","numeric",81,,"38548071d5aa652bb90c7f111f86b427f798a1c9"
"formclas.f",52,57,"FORMCL_BM","UMATFC",42,"77","numeric",77,,"38548071d5aa652bb90c7f111f86b427f798a1c9"
"formclas.f",52,57,"FORMCL_BM","UMATFC",43,"79","numeric",79,,"38548071d5aa652bb90c7f111f86b427f798a1c9"
"formclas.f",52,57,"FORMCL_BM","UMATFC",44,"60","numeric",60,,"38548071d5aa652bb90c7f111f86b427f798a1c9"
"formclas.f",52,57,"FORMCL_BM","UMATFC",45,"80","numeric",80,,"38548071d5aa652bb90c7f111f86b427f798a1c9"
"formclas.f",52,57,"FORMCL_BM","UMATFC",46,"76","numeric",76,,"38548071d5aa652bb90c7f111f86b427f798a1c9"
"formclas.f",52,57,"FORMCL_BM","UMATFC",47,"75","numeric",75,,"38548071d5aa652bb90c7f111f86b427f798a1c9"
"formclas.f",52,57,"FORMCL_BM","UMATFC",48,"78","numeric",78,,"38548071d5aa652bb90c7f111f86b427f798a1c9"
"formclas.f",52,57,"FORMCL_BM","UMATFC",49,"75","numeric",75,,"38548071d5aa652bb90c7f111f86b427f798a1c9"
"formclas.f",52,57,"FORMCL_BM","UMATFC",50,"86","numeric",86,,"38548071d5aa652bb90c7f111f86b427f798a1c9"
"formclas.f",52,57,"FORMCL_BM","UMATFC",51,"81","numeric",81,,"38548071d5aa652bb90c7f111f86b427f798a1c9"
"formclas.f",52,57,"FORMCL_BM","UMATFC",52,"81","numeric",81,,"38548071d5aa652bb90c7f111f86b427f798a1c9"
"formclas.f",52,57,"FORMCL_BM","UMATFC",53,"77","numeric",77,,"38548071d5aa652bb90c7f111f86b427f798a1c9"
"formclas.f",52,57,"FORMCL_BM","UMATFC",54,"78","numeric",78,,"38548071d5aa652bb90c7f111f86b427f798a1c9"
"formclas.f",52,57,"FORMCL_BM","UMATFC",55,"60","numeric",60,,"38548071d5aa652bb90c7f111f86b427f798a1c9"
"formclas.f",61,66,"FORMCL_BM","WLWHFC",1,"80","numeric",80,,"38548071d5aa652bb90c7f111f86b427f798a1c9"
"formclas.f",61,66,"FORMCL_BM","WLWHFC",2,"76","numeric",76,,"38548071d5aa652bb90c7f111f86b427f798a1c9"
"formclas.f",61,66,"FORMCL_BM","WLWHFC",3,"78","numeric",78,,"38548071d5aa652bb90c7f111f86b427f798a1c9"
"formclas.f",61,66,"FORMCL_BM","WLWHFC",4,"78","numeric",78,,"38548071d5aa652bb90c7f111f86b427f798a1c9"
"formclas.f",61,66,"FORMCL_BM","WLWHFC",5,"84","numeric",84,,"38548071d5aa652bb90c7f111f86b427f798a1c9"
"formclas.f",61,66,"FORMCL_BM","WLWHFC",6,"85","numeric",85,,"38548071d5aa652bb90c7f111f86b427f798a1c9"
"formclas.f",61,66,"FORMCL_BM","WLWHFC",7,"78","numeric",78,,"38548071d5aa652bb90c7f111f86b427f798a1c9"
"formclas.f",61,66,"FORMCL_BM","WLWHFC",8,"78","numeric",78,,"38548071d5aa652bb90c7f111f86b427f798a1c9"
"formclas.f",61,66,"FORMCL_BM","WLWHFC",9,"78","numeric",78,,"38548071d5aa652bb90c7f111f86b427f798a1c9"
"formclas.f",61,66,"FORMCL_BM","WLWHFC",10,"75","numeric",75,,"38548071d5aa652bb90c7f111f86b427f798a1c9"
"formclas.f",61,66,"FORMCL_BM","WLWHFC",11,"60","numeric",60,,"38548071d5aa652bb90c7f111f86b427f798a1c9"
"formclas.f",61,66,"FORMCL_BM","WLWHFC",12,"80","numeric",80,,"38548071d5aa652bb90c7f111f86b427f798a1c9"
"formclas.f",61,66,"FORMCL_BM","WLWHFC",13,"78","numeric",78,,"38548071d5aa652bb90c7f111f86b427f798a1c9"
"formclas.f",61,66,"FORMCL_BM","WLWHFC",14,"79","numeric",79,,"38548071d5aa652bb90c7f111f86b427f798a1c9"
"formclas.f",61,66,"FORMCL_BM","WLWHFC",15,"82","numeric",82,,"38548071d5aa652bb90c7f111f86b427f798a1c9"
"formclas.f",61,66,"FORMCL_BM","WLWHFC",16,"84","numeric",84,,"38548071d5aa652bb90c7f111f86b427f798a1c9"
"formclas.f",61,66,"FORMCL_BM","WLWHFC",17,"86","numeric",86,,"38548071d5aa652bb90c7f111f86b427f798a1c9"
"formclas.f",61,66,"FORMCL_BM","WLWHFC",18,"78","numeric",78,,"38548071d5aa652bb90c7f111f86b427f798a1c9"
"formclas.f",61,66,"FORMCL_BM","WLWHFC",19,"78","numeric",78,,"38548071d5aa652bb90c7f111f86b427f798a1c9"
"formclas.f",61,66,"FORMCL_BM","WLWHFC",20,"77","numeric",77,,"38548071d5aa652bb90c7f111f86b427f798a1c9"
"formclas.f",61,66,"FORMCL_BM","WLWHFC",21,"79","numeric",79,,"38548071d5aa652bb90c7f111f86b427f798a1c9"
"formclas.f",61,66,"FORMCL_BM","WLWHFC",22,"60","numeric",60,,"38548071d5aa652bb90c7f111f86b427f798a1c9"
"formclas.f",61,66,"FORMCL_BM","WLWHFC",23,"80","numeric",80,,"38548071d5aa652bb90c7f111f86b427f798a1c9"
"formclas.f",61,66,"FORMCL_BM","WLWHFC",24,"77","numeric",77,,"38548071d5aa652bb90c7f111f86b427f798a1c9"
"formclas.f",61,66,"FORMCL_BM","WLWHFC",25,"79","numeric",79,,"38548071d5aa652bb90c7f111f86b427f798a1c9"
"formclas.f",61,66,"FORMCL_BM","WLWHFC",26,"77","numeric",77,,"38548071d5aa652bb90c7f111f86b427f798a1c9"
"formclas.f",61,66,"FORMCL_BM","WLWHFC",27,"84","numeric",84,,"38548071d5aa652bb90c7f111f86b427f798a1c9"
"formclas.f",61,66,"FORMCL_BM","WLWHFC",28,"85","numeric",85,,"38548071d5aa652bb90c7f111f86b427f798a1c9"
"formclas.f",61,66,"FORMCL_BM","WLWHFC",29,"78","numeric",78,,"38548071d5aa652bb90c7f111f86b427f798a1c9"
"formclas.f",61,66,"FORMCL_BM","WLWHFC",30,"80","numeric",80,,"38548071d5aa652bb90c7f111f86b427f798a1c9"
"formclas.f",61,66,"FORMCL_BM","WLWHFC",31,"77","numeric",77,,"38548071d5aa652bb90c7f111f86b427f798a1c9"
"formclas.f",61,66,"FORMCL_BM","WLWHFC",32,"79","numeric",79,,"38548071d5aa652bb90c7f111f86b427f798a1c9"
"formclas.f",61,66,"FORMCL_BM","WLWHFC",33,"60","numeric",60,,"38548071d5aa652bb90c7f111f86b427f798a1c9"
"formclas.f",61,66,"FORMCL_BM","WLWHFC",34,"80","numeric",80,,"38548071d5aa652bb90c7f111f86b427f798a1c9"
"formclas.f",61,66,"FORMCL_BM","WLWHFC",35,"76","numeric",76,,"38548071d5aa652bb90c7f111f86b427f798a1c9"
"formclas.f",61,66,"FORMCL_BM","WLWHFC",36,"79","numeric",79,,"38548071d5aa652bb90c7f111f86b427f798a1c9"
"formclas.f",61,66,"FORMCL_BM","WLWHFC",37,"75","numeric",75,,"38548071d5aa652bb90c7f111f86b427f798a1c9"
"formclas.f",61,66,"FORMCL_BM","WLWHFC",38,"84","numeric",84,,"38548071d5aa652bb90c7f111f86b427f798a1c9"
"formclas.f",61,66,"FORMCL_BM","WLWHFC",39,"85","numeric",85,,"38548071d5aa652bb90c7f111f86b427f798a1c9"
"formclas.f",61,66,"FORMCL_BM","WLWHFC",40,"78","numeric",78,,"38548071d5aa652bb90c7f111f86b427f798a1c9"
"formclas.f",61,66,"FORMCL_BM","WLWHFC",41,"82","numeric",82,,"38548071d5aa652bb90c7f111f86b427f798a1c9"
"formclas.f",61,66,"FORMCL_BM","WLWHFC",42,"77","numeric",77,,"38548071d5aa652bb90c7f111f86b427f798a1c9"
"formclas.f",61,66,"FORMCL_BM","WLWHFC",43,"79","numeric",79,,"38548071d5aa652bb90c7f111f86b427f798a1c9"
"formclas.f",61,66,"FORMCL_BM","WLWHFC",44,"60","numeric",60,,"38548071d5aa652bb90c7f111f86b427f798a1c9"
"formclas.f",61,66,"FORMCL_BM","WLWHFC",45,"80","numeric",80,,"38548071d5aa652bb90c7f111f86b427f798a1c9"
"formclas.f",61,66,"FORMCL_BM","WLWHFC",46,"76","numeric",76,,"38548071d5aa652bb90c7f111f86b427f798a1c9"
"formclas.f",61,66,"FORMCL_BM","WLWHFC",47,"79","numeric",79,,"38548071d5aa652bb90c7f111f86b427f798a1c9"
"formclas.f",61,66,"FORMCL_BM","WLWHFC",48,"75","numeric",75,,"38548071d5aa652bb90c7f111f86b427f798a1c9"
"formclas.f",61,66,"FORMCL_BM","WLWHFC",49,"84","numeric",84,,"38548071d5aa652bb90c7f111f86b427f798a1c9"
"formclas.f",61,66,"FORMCL_BM","WLWHFC",50,"85","numeric",85,,"38548071d5aa652bb90c7f111f86b427f798a1c9"
"formclas.f",61,66,"FORMCL_BM","WLWHFC",51,"78","numeric",78,,"38548071d5aa652bb90c7f111f86b427f798a1c9"
"formclas.f",61,66,"FORMCL_BM","WLWHFC",52,"83","numeric",83,,"38548071d5aa652bb90c7f111f86b427f798a1c9"
"formclas.f",61,66,"FORMCL_BM","WLWHFC",53,"77","numeric",77,,"38548071d5aa652bb90c7f111f86b427f798a1c9"
"formclas.f",61,66,"FORMCL_BM","WLWHFC",54,"78","numeric",78,,"38548071d5aa652bb90c7f111f86b427f798a1c9"
"formclas.f",61,66,"FORMCL_BM","WLWHFC",55,"60","numeric",60,,"38548071d5aa652bb90c7f111f86b427f798a1c9"
"formclas.f",137,142,"FORMCL_CA","FIAJSP",1,"'001'","character",,"001","38548071d5aa652bb90c7f111f86b427f798a1c9"
"formclas.f",137,142,"FORMCL_CA","FIAJSP",2,"'004'","character",,"004","38548071d5aa652bb90c7f111f86b427f798a1c9"
"formclas.f",137,142,"FORMCL_CA","FIAJSP",3,"'015'","character",,"015","38548071d5aa652bb90c7f111f86b427f798a1c9"
"formclas.f",137,142,"FORMCL_CA","FIAJSP",4,"'020'","character",,"020","38548071d5aa652bb90c7f111f86b427f798a1c9"
"formclas.f",137,142,"FORMCL_CA","FIAJSP",5,"'021'","character",,"021","38548071d5aa652bb90c7f111f86b427f798a1c9"
"formclas.f",137,142,"FORMCL_CA","FIAJSP",6,"'041'","character",,"041","38548071d5aa652bb90c7f111f86b427f798a1c9"
"formclas.f",137,142,"FORMCL_CA","FIAJSP",7,"'064'","character",,"064","38548071d5aa652bb90c7f111f86b427f798a1c9"
"formclas.f",137,142,"FORMCL_CA","FIAJSP",8,"'081'","character",,"081","38548071d5aa652bb90c7f111f86b427f798a1c9"
"formclas.f",137,142,"FORMCL_CA","FIAJSP",9,"'092'","character",,"092","38548071d5aa652bb90c7f111f86b427f798a1c9"
"formclas.f",137,142,"FORMCL_CA","FIAJSP",10,"'101'","character",,"101","38548071d5aa652bb90c7f111f86b427f798a1c9"
"formclas.f",137,142,"FORMCL_CA","FIAJSP",11,"'103'","character",,"103","38548071d5aa652bb90c7f111f86b427f798a1c9"
"formclas.f",137,142,"FORMCL_CA","FIAJSP",12,"'108'","character",,"108","38548071d5aa652bb90c7f111f86b427f798a1c9"
"formclas.f",137,142,"FORMCL_CA","FIAJSP",13,"'109'","character",,"109","38548071d5aa652bb90c7f111f86b427f798a1c9"
"formclas.f",137,142,"FORMCL_CA","FIAJSP",14,"'113'","character",,"113","38548071d5aa652bb90c7f111f86b427f798a1c9"
"formclas.f",137,142,"FORMCL_CA","FIAJSP",15,"'116'","character",,"116","38548071d5aa652bb90c7f111f86b427f798a1c9"
"formclas.f",137,142,"FORMCL_CA","FIAJSP",16,"'117'","character",,"117","38548071d5aa652bb90c7f111f86b427f798a1c9"
"formclas.f",137,142,"FORMCL_CA","FIAJSP",17,"'119'","character",,"119","38548071d5aa652bb90c7f111f86b427f798a1c9"
"formclas.f",137,142,"FORMCL_CA","FIAJSP",18,"'122'","character",,"122","38548071d5aa652bb90c7f111f86b427f798a1c9"
"formclas.f",137,142,"FORMCL_CA","FIAJSP",19,"'124'","character",,"124","38548071d5aa652bb90c7f111f86b427f798a1c9"
"formclas.f",137,142,"FORMCL_CA","FIAJSP",20,"'127'","character",,"127","38548071d5aa652bb90c7f111f86b427f798a1c9"
"formclas.f",137,142,"FORMCL_CA","FIAJSP",21,"'202'","character",,"202","38548071d5aa652bb90c7f111f86b427f798a1c9"
"formclas.f",137,142,"FORMCL_CA","FIAJSP",22,"'212'","character",,"212","38548071d5aa652bb90c7f111f86b427f798a1c9"
"formclas.f",137,142,"FORMCL_CA","FIAJSP",23,"'231'","character",,"231","38548071d5aa652bb90c7f111f86b427f798a1c9"
"formclas.f",137,142,"FORMCL_CA","FIAJSP",24,"'242'","character",,"242","38548071d5aa652bb90c7f111f86b427f798a1c9"
"formclas.f",137,142,"FORMCL_CA","FIAJSP",25,"'251'","character",,"251","38548071d5aa652bb90c7f111f86b427f798a1c9"
"formclas.f",137,142,"FORMCL_CA","FIAJSP",26,"'263'","character",,"263","38548071d5aa652bb90c7f111f86b427f798a1c9"
"formclas.f",137,142,"FORMCL_CA","FIAJSP",27,"'264'","character",,"264","38548071d5aa652bb90c7f111f86b427f798a1c9"
"formclas.f",137,142,"FORMCL_CA","FIAJSP",28,"'312'","character",,"312","38548071d5aa652bb90c7f111f86b427f798a1c9"
"formclas.f",137,142,"FORMCL_CA","FIAJSP",29,"'330'","character",,"330","38548071d5aa652bb90c7f111f86b427f798a1c9"
"formclas.f",137,142,"FORMCL_CA","FIAJSP",30,"'351'","character",,"351","38548071d5aa652bb90c7f111f86b427f798a1c9"
"formclas.f",137,142,"FORMCL_CA","FIAJSP",31,"'361'","character",,"361","38548071d5aa652bb90c7f111f86b427f798a1c9"
"formclas.f",137,142,"FORMCL_CA","FIAJSP",32,"'431'","character",,"431","38548071d5aa652bb90c7f111f86b427f798a1c9"
"formclas.f",137,142,"FORMCL_CA","FIAJSP",33,"'492'","character",,"492","38548071d5aa652bb90c7f111f86b427f798a1c9"
"formclas.f",137,142,"FORMCL_CA","FIAJSP",34,"'542'","character",,"542","38548071d5aa652bb90c7f111f86b427f798a1c9"
"formclas.f",137,142,"FORMCL_CA","FIAJSP",35,"'600'","character",,"600","38548071d5aa652bb90c7f111f86b427f798a1c9"
"formclas.f",137,142,"FORMCL_CA","FIAJSP",36,"'631'","character",,"631","38548071d5aa652bb90c7f111f86b427f798a1c9"
"formclas.f",137,142,"FORMCL_CA","FIAJSP",37,"'730'","character",,"730","38548071d5aa652bb90c7f111f86b427f798a1c9"
"formclas.f",137,142,"FORMCL_CA","FIAJSP",38,"'746'","character",,"746","38548071d5aa652bb90c7f111f86b427f798a1c9"
"formclas.f",137,142,"FORMCL_CA","FIAJSP",39,"'747'","character",,"747","38548071d5aa652bb90c7f111f86b427f798a1c9"
"formclas.f",137,142,"FORMCL_CA","FIAJSP",40,"'801'","character",,"801","38548071d5aa652bb90c7f111f86b427f798a1c9"
"formclas.f",137,142,"FORMCL_CA","FIAJSP",41,"'805'","character",,"805","38548071d5aa652bb90c7f111f86b427f798a1c9"
"formclas.f",137,142,"FORMCL_CA","FIAJSP",42,"'807'","character",,"807","38548071d5aa652bb90c7f111f86b427f798a1c9"
"formclas.f",137,142,"FORMCL_CA","FIAJSP",43,"'811'","character",,"811","38548071d5aa652bb90c7f111f86b427f798a1c9"
"formclas.f",137,142,"FORMCL_CA","FIAJSP",44,"'815'","character",,"815","38548071d5aa652bb90c7f111f86b427f798a1c9"
"formclas.f",137,142,"FORMCL_CA","FIAJSP",45,"'818'","character",,"818","38548071d5aa652bb90c7f111f86b427f798a1c9"
"formclas.f",137,142,"FORMCL_CA","FIAJSP",46,"'821'","character",,"821","38548071d5aa652bb90c7f111f86b427f798a1c9"
"formclas.f",137,142,"FORMCL_CA","FIAJSP",47,"'839'","character",,"839","38548071d5aa652bb90c7f111f86b427f798a1c9"
"formclas.f",137,142,"FORMCL_CA","FIAJSP",48,"'920'","character",,"920","38548071d5aa652bb90c7f111f86b427f798a1c9"
"formclas.f",137,142,"FORMCL_CA","FIAJSP",49,"'981'","character",,"981","38548071d5aa652bb90c7f111f86b427f798a1c9"
"formclas.f",147,176,"FORMCL_CA","ROGRFC",1,"70","numeric",70,,"38548071d5aa652bb90c7f111f86b427f798a1c9"
"formclas.f",147,176,"FORMCL_CA","ROGRFC",2,"70","numeric",70,,"38548071d5aa652bb90c7f111f86b427f798a1c9"
"formclas.f",147,176,"FORMCL_CA","ROGRFC",3,"78","numeric",78,,"38548071d5aa652bb90c7f111f86b427f798a1c9"
"formclas.f",147,176,"FORMCL_CA","ROGRFC",4,"70","numeric",70,,"38548071d5aa652bb90c7f111f86b427f798a1c9"
"formclas.f",147,176,"FORMCL_CA","ROGRFC",5,"77","numeric",77,,"38548071d5aa652bb90c7f111f86b427f798a1c9"
"formclas.f",147,176,"FORMCL_CA","ROGRFC",6,"70","numeric",70,,"38548071d5aa652bb90c7f111f86b427f798a1c9"
"formclas.f",147,176,"FORMCL_CA","ROGRFC",7,"70","numeric",70,,"38548071d5aa652bb90c7f111f86b427f798a1c9"
"formclas.f",147,176,"FORMCL_CA","ROGRFC",8,"69","numeric",69,,"38548071d5aa652bb90c7f111f86b427f798a1c9"
"formclas.f",147,176,"FORMCL_CA","ROGRFC",9,"76","numeric",76,,"38548071d5aa652bb90c7f111f86b427f798a1c9"
"formclas.f",147,176,"FORMCL_CA","ROGRFC",10,"75","numeric",75,,"38548071d5aa652bb90c7f111f86b427f798a1c9"
"formclas.f",147,176,"FORMCL_CA","ROGRFC",11,"70","numeric",70,,"38548071d5aa652bb90c7f111f86b427f798a1c9"
"formclas.f",147,176,"FORMCL_CA","ROGRFC",12,"70","numeric",70,,"38548071d5aa652bb90c7f111f86b427f798a1c9"
"formclas.f",147,176,"FORMCL_CA","ROGRFC",13,"70","numeric",70,,"38548071d5aa652bb90c7f111f86b427f798a1c9"
"formclas.f",147,176,"FORMCL_CA","ROGRFC",14,"70","numeric",70,,"38548071d5aa652bb90c7f111f86b427f798a1c9"
"formclas.f",147,176,"FORMCL_CA","ROGRFC",15,"76","numeric",76,,"38548071d5aa652bb90c7f111f86b427f798a1c9"
"formclas.f",147,176,"FORMCL_CA","ROGRFC",16,"77","numeric",77,,"38548071d5aa652bb90c7f111f86b427f798a1c9"
"formclas.f",147,176,"FORMCL_CA","ROGRFC",17,"77","numeric",77,,"38548071d5aa652bb90c7f111f86b427f798a1c9"
"formclas.f",147,176,"FORMCL_CA","ROGRFC",18,"76","numeric",76,,"38548071d5aa652bb90c7f111f86b427f798a1c9"
"formclas.f",147,176,"FORMCL_CA","ROGRFC",19,"70","numeric",70,,"38548071d5aa652bb90c7f111f86b427f798a1c9"
"formclas.f",147,176,"FORMCL_CA","ROGRFC",20,"70","numeric",70,,"38548071d5aa652bb90c7f111f86b427f798a1c9"
"formclas.f",147,176,"FORMCL_CA","ROGRFC",21,"77","numeric",77,,"38548071d5aa652bb90c7f111f86b427f798a1c9"
"formclas.f",147,176,"FORMCL_CA","ROGRFC",22,"70","numeric",70,,"38548071d5aa652bb90c7f111f86b427f798a1c9"
"formclas.f",147,176,"FORMCL_CA","ROGRFC",23,"72","numeric",72,,"38548071d5aa652bb90c7f111f86b427f798a1c9"
"formclas.f",147,176,"FORMCL_CA","ROGRFC",24,"70","numeric",70,,"38548071d5aa652bb90c7f111f86b427f798a1c9"
"formclas.f",147,176,"FORMCL_CA","ROGRFC",25,"70","numeric",70,,"38548071d5aa652bb90c7f111f86b427f798a1c9"
"formclas.f",147,176,"FORMCL_CA","ROGRFC",26,"74","numeric",74,,"38548071d5aa652bb90c7f111f86b427f798a1c9"
"formclas.f",147,176,"FORMCL_CA","ROGRFC",27,"71","numeric",71,,"38548071d5aa652bb90c7f111f86b427f798a1c9"
"formclas.f",147,176,"FORMCL_CA","ROGRFC",28,"72","numeric",72,,"38548071d5aa652bb90c7f111f86b427f798a1c9"
"formclas.f",147,176,"FORMCL_CA","ROGRFC",29,"70","numeric",70,,"38548071d5aa652bb90c7f111f86b427f798a1c9"
"formclas.f",147,176,"FORMCL_CA","ROGRFC",30,"72","numeric",72,,"38548071d5aa652bb90c7f111f86b427f798a1c9"
"formclas.f",147,176,"FORMCL_CA","ROGRFC",31,"70","numeric",70,,"38548071d5aa652bb90c7f111f86b427f798a1c9"
"formclas.f",147,176,"FORMCL_CA","ROGRFC",32,"70","numeric",70,,"38548071d5aa652bb90c7f111f86b427f798a1c9"
"formclas.f",147,176,"FORMCL_CA","ROGRFC",33,"69","numeric",69,,"38548071d5aa652bb90c7f111f86b427f798a1c9"
"formclas.f",147,176,"FORMCL_CA","ROGRFC",34,"72","numeric",72,,"38548071d5aa652bb90c7f111f86b427f798a1c9"
"formclas.f",147,176,"FORMCL_CA","ROGRFC",35,"70","numeric",70,,"38548071d5aa652bb90c7f111f86b427f798a1c9"
"formclas.f",147,176,"FORMCL_CA","ROGRFC",36,"72","numeric",72,,"38548071d5aa652bb90c7f111f86b427f798a1c9"
"formclas.f",147,176,"FORMCL_CA","ROGRFC",37,"70","numeric",70,,"38548071d5aa652bb90c7f111f86b427f798a1c9"
"formclas.f",147,176,"FORMCL_CA","ROGRFC",38,"72","numeric",72,,"38548071d5aa652bb90c7f111f86b427f798a1c9"
"formclas.f",147,176,"FORMCL_CA","ROGRFC",39,"72","numeric",72,,"38548071d5aa652bb90c7f111f86b427f798a1c9"
"formclas.f",147,176,"FORMCL_CA","ROGRFC",40,"70","numeric",70,,"38548071d5aa652bb90c7f111f86b427f798a1c9"
"formclas.f",147,176,"FORMCL_CA","ROGRFC",41,"69","numeric",69,,"38548071d5aa652bb90c7f111f86b427f798a1c9"
"formclas.f",147,176,"FORMCL_CA","ROGRFC",42,"70","numeric",70,,"38548071d5aa652bb90c7f111f86b427f798a1c9"
"formclas.f",147,176,"FORMCL_CA","ROGRFC",43,"70","numeric",70,,"38548071d5aa652bb90c7f111f86b427f798a1c9"
"formclas.f",147,176,"FORMCL_CA","ROGRFC",44,"66","numeric",66,,"38548071d5aa652bb90c7f111f86b427f798a1c9"
"formclas.f",147,176,"FORMCL_CA","ROGRFC",45,"72","numeric",72,,"38548071d5aa652bb90c7f111f86b427f798a1c9"
"formclas.f",147,176,"FORMCL_CA","ROGRFC",46,"70","numeric",70,,"38548071d5aa652bb90c7f111f86b427f798a1c9"
"formclas.f",147,176,"FORMCL_CA","ROGRFC",47,"70","numeric",70,,"38548071d5aa652bb90c7f111f86b427f798a1c9"
"formclas.f",147,176,"FORMCL_CA","ROGRFC",48,"72","numeric",72,,"38548071d5aa652bb90c7f111f86b427f798a1c9"
"formclas.f",147,176,"FORMCL_CA","ROGRFC",49,"70","numeric",70,,"38548071d5aa652bb90c7f111f86b427f798a1c9"
"formclas.f",147,176,"FORMCL_CA","ROGRFC",50,"70","numeric",70,,"38548071d5aa652bb90c7f111f86b427f798a1c9"
"formclas.f",147,176,"FORMCL_CA","ROGRFC",51,"70","numeric",70,,"38548071d5aa652bb90c7f111f86b427f798a1c9"
"formclas.f",147,176,"FORMCL_CA","ROGRFC",52,"78","numeric",78,,"38548071d5aa652bb90c7f111f86b427f798a1c9"
"formclas.f",147,176,"FORMCL_CA","ROGRFC",53,"70","numeric",70,,"38548071d5aa652bb90c7f111f86b427f798a1c9"
"formclas.f",147,176,"FORMCL_CA","ROGRFC",54,"77","numeric",77,,"38548071d5aa652bb90c7f111f86b427f798a1c9"
"formclas.f",147,176,"FORMCL_CA","ROGRFC",55,"70","numeric",70,,"38548071d5aa652bb90c7f111f86b427f798a1c9"
"formclas.f",147,176,"FORMCL_CA","ROGRFC",56,"70","numeric",70,,"38548071d5aa652bb90c7f111f86b427f798a1c9"
"formclas.f",147,176,"FORMCL_CA","ROGRFC",57,"69","numeric",69,,"38548071d5aa652bb90c7f111f86b427f798a1c9"
"formclas.f",147,176,"FORMCL_CA","ROGRFC",58,"76","numeric",76,,"38548071d5aa652bb90c7f111f86b427f798a1c9"
"formclas.f",147,176,"FORMCL_CA","ROGRFC",59,"75","numeric",75,,"38548071d5aa652bb90c7f111f86b427f798a1c9"
"formclas.f",147,176,"FORMCL_CA","ROGRFC",60,"70","numeric",70,,"38548071d5aa652bb90c7f111f86b427f798a1c9"
"formclas.f",147,176,"FORMCL_CA","ROGRFC",61,"70","numeric",70,,"38548071d5aa652bb90c7f111f86b427f798a1c9"
"formclas.f",147,176,"FORMCL_CA","ROGRFC",62,"70","numeric",70,,"38548071d5aa652bb90c7f111f86b427f798a1c9"
"formclas.f",147,176,"FORMCL_CA","ROGRFC",63,"70","numeric",70,,"38548071d5aa652bb90c7f111f86b427f798a1c9"
"formclas.f",147,176,"FORMCL_CA","ROGRFC",64,"72","numeric",72,,"38548071d5aa652bb90c7f111f86b427f798a1c9"
"formclas.f",147,176,"FORMCL_CA","ROGRFC",65,"77","numeric",77,,"38548071d5aa652bb90c7f111f86b427f798a1c9"
"formclas.f",147,176,"FORMCL_CA","ROGRFC",66,"77","numeric",77,,"38548071d5aa652bb90c7f111f86b427f798a1c9"
"formclas.f",147,176,"FORMCL_CA","ROGRFC",67,"76","numeric",76,,"38548071d5aa652bb90c7f111f86b427f798a1c9"
"formclas.f",147,176,"FORMCL_CA","ROGRFC",68,"70","numeric",70,,"38548071d5aa652bb90c7f111f86b427f798a1c9"
"formclas.f",147,176,"FORMCL_CA","ROGRFC",69,"70","numeric",70,,"38548071d5aa652bb90c7f111f86b427f798a1c9"
"formclas.f",147,176,"FORMCL_CA","ROGRFC",70,"77","numeric",77,,"38548071d5aa652bb90c7f111f86b427f798a1c9"
"formclas.f",147,176,"FORMCL_CA","ROGRFC",71,"70","numeric",70,,"38548071d5aa652bb90c7f111f86b427f798a1c9"
"formclas.f",147,176,"FORMCL_CA","ROGRFC",72,"72","numeric",72,,"38548071d5aa652bb90c7f111f86b427f798a1c9"
"formclas.f",147,176,"FORMCL_CA","ROGRFC",73,"70","numeric",70,,"38548071d5aa652bb90c7f111f86b427f798a1c9"
"formclas.f",147,176,"FORMCL_CA","ROGRFC",74,"70","numeric",70,,"38548071d5aa652bb90c7f111f86b427f798a1c9"
"formclas.f",147,176,"FORMCL_CA","ROGRFC",75,"74","numeric",74,,"38548071d5aa652bb90c7f111f86b427f798a1c9"
"formclas.f",147,176,"FORMCL_CA","ROGRFC",76,"71","numeric",71,,"38548071d5aa652bb90c7f111f86b427f798a1c9"
"formclas.f",147,176,"FORMCL_CA","ROGRFC",77,"72","numeric",72,,"38548071d5aa652bb90c7f111f86b427f798a1c9"
"formclas.f",147,176,"FORMCL_CA","ROGRFC",78,"70","numeric",70,,"38548071d5aa652bb90c7f111f86b427f798a1c9"
"formclas.f",147,176,"FORMCL_CA","ROGRFC",79,"72","numeric",72,,"38548071d5aa652bb90c7f111f86b427f798a1c9"
"formclas.f",147,176,"FORMCL_CA","ROGRFC",80,"70","numeric",70,,"38548071d5aa652bb90c7f111f86b427f798a1c9"
"formclas.f",147,176,"FORMCL_CA","ROGRFC",81,"70","numeric",70,,"38548071d5aa652bb90c7f111f86b427f798a1c9"
"formclas.f",147,176,"FORMCL_CA","ROGRFC",82,"69","numeric",69,,"38548071d5aa652bb90c7f111f86b427f798a1c9"
"formclas.f",147,176,"FORMCL_CA","ROGRFC",83,"72","numeric",72,,"38548071d5aa652bb90c7f111f86b427f798a1c9"
"formclas.f",147,176,"FORMCL_CA","ROGRFC",84,"70","numeric",70,,"38548071d5aa652bb90c7f111f86b427f798a1c9"
"formclas.f",147,176,"FORMCL_CA","ROGRFC",85,"72","numeric",72,,"38548071d5aa652bb90c7f111f86b427f798a1c9"
"formclas.f",147,176,"FORMCL_CA","ROGRFC",86,"70","numeric",70,,"38548071d5aa652bb90c7f111f86b427f798a1c9"
"formclas.f",147,176,"FORMCL_CA","ROGRFC",87,"72","numeric",72,,"38548071d5aa652bb90c7f111f86b427f798a1c9"
"formclas.f",147,176,"FORMCL_CA","ROGRFC",88,"72","numeric",72,,"38548071d5aa652bb90c7f111f86b427f798a1c9"
"formclas.f",147,176,"FORMCL_CA","ROGRFC",89,"70","numeric",70,,"38548071d5aa652bb90c7f111f86b427f798a1c9"
"formclas.f",147,176,"FORMCL_CA","ROGRFC",90,"69","numeric",69,,"38548071d5aa652bb90c7f111f86b427f798a1c9"
"formclas.f",147,176,"FORMCL_CA","ROGRFC",91,"70","numeric",70,,"38548071d5aa652bb90c7f111f86b427f798a1c9"
"formclas.f",147,176,"FORMCL_CA","ROGRFC",92,"70","numeric",70,,"38548071d5aa652bb90c7f111f86b427f798a1c9"
"formclas.f",147,176,"FORMCL_CA","ROGRFC",93,"66","numeric",66,,"38548071d5aa652bb90c7f111f86b427f798a1c9"
"formclas.f",147,176,"FORMCL_CA","ROGRFC",94,"72","numeric",72,,"38548071d5aa652bb90c7f111f86b427f798a1c9"
"formclas.f",147,176,"FORMCL_CA","ROGRFC",95,"70","numeric",70,,"38548071d5aa652bb90c7f111f86b427f798a1c9"
"formclas.f",147,176,"FORMCL_CA","ROGRFC",96,"70","numeric",70,,"38548071d5aa652bb90c7f111f86b427f798a1c9"
"formclas.f",147,176,"FORMCL_CA","ROGRFC",97,"72","numeric",72,,"38548071d5aa652bb90c7f111f86b427f798a1c9"
"formclas.f",147,176,"FORMCL_CA","ROGRFC",98,"70","numeric",70,,"38548071d5aa652bb90c7f111f86b427f798a1c9"
"formclas.f",147,176,"FORMCL_CA","ROGRFC",99,"70","numeric",70,,"38548071d5aa652bb90c7f111f86b427f798a1c9"
"formclas.f",147,176,"FORMCL_CA","ROGRFC",100,"70","numeric",70,,"38548071d5aa652bb90c7f111f86b427f798a1c9"
"formclas.f",147,176,"FORMCL_CA","ROGRFC",101,"77","numeric",77,,"38548071d5aa652bb90c7f111f86b427f798a1c9"
"formclas.f",147,176,"FORMCL_CA","ROGRFC",102,"70","numeric",70,,"38548071d5aa652bb90c7f111f86b427f798a1c9"
"formclas.f",147,176,"FORMCL_CA","ROGRFC",103,"75","numeric",75,,"38548071d5aa652bb90c7f111f86b427f798a1c9"
"formclas.f",147,176,"FORMCL_CA","ROGRFC",104,"70","numeric",70,,"38548071d5aa652bb90c7f111f86b427f798a1c9"
"formclas.f",147,176,"FORMCL_CA","ROGRFC",105,"70","numeric",70,,"38548071d5aa652bb90c7f111f86b427f798a1c9"
"formclas.f",147,176,"FORMCL_CA","ROGRFC",106,"67","numeric",67,,"38548071d5aa652bb90c7f111f86b427f798a1c9"
"formclas.f",147,176,"FORMCL_CA","ROGRFC",107,"74","numeric",74,,"38548071d5aa652bb90c7f111f86b427f798a1c9"
"formclas.f",147,176,"FORMCL_CA","ROGRFC",108,"73","numeric",73,,"38548071d5aa652bb90c7f111f86b427f798a1c9"
"formclas.f",147,176,"FORMCL_CA","ROGRFC",109,"68","numeric",68,,"38548071d5aa652bb90c7f111f86b427f798a1c9"
"formclas.f",147,176,"FORMCL_CA","ROGRFC",110,"68","numeric",68,,"38548071d5aa652bb90c7f111f86b427f798a1c9"
"formclas.f",147,176,"FORMCL_CA","ROGRFC",111,"70","numeric",70,,"38548071d5aa652bb90c7f111f86b427f798a1c9"
"formclas.f",147,176,"FORMCL_CA","ROGRFC",112,"70","numeric",70,,"38548071d5aa652bb90c7f111f86b427f798a1c9"
"formclas.f",147,176,"FORMCL_CA","ROGRFC",113,"70","numeric",70,,"38548071d5aa652bb90c7f111f86b427f798a1c9"
"formclas.f",147,176,"FORMCL_CA","ROGRFC",114,"75","numeric",75,,"38548071d5aa652bb90c7f111f86b427f798a1c9"
"formclas.f",147,176,"FORMCL_CA","ROGRFC",115,"75","numeric",75,,"38548071d5aa652bb90c7f111f86b427f798a1c9"
"formclas.f",147,176,"FORMCL_CA","ROGRFC",116,"74","numeric",74,,"38548071d5aa652bb90c7f111f86b427f798a1c9"
"formclas.f",147,176,"FORMCL_CA","ROGRFC",117,"70","numeric",70,,"38548071d5aa652bb90c7f111f86b427f798a1c9"
"formclas.f",147,176,"FORMCL_CA","ROGRFC",118,"70","numeric",70,,"38548071d5aa652bb90c7f111f86b427f798a1c9"
"formclas.f",147,176,"FORMCL_CA","ROGRFC",119,"75","numeric",75,,"38548071d5aa652bb90c7f111f86b427f798a1c9"
"formclas.f",147,176,"FORMCL_CA","ROGRFC",120,"70","numeric",70,,"38548071d5aa652bb90c7f111f86b427f798a1c9"
"formclas.f",147,176,"FORMCL_CA","ROGRFC",121,"72","numeric",72,,"38548071d5aa652bb90c7f111f86b427f798a1c9"
"formclas.f",147,176,"FORMCL_CA","ROGRFC",122,"70","numeric",70,,"38548071d5aa652bb90c7f111f86b427f798a1c9"
"formclas.f",147,176,"FORMCL_CA","ROGRFC",123,"70","numeric",70,,"38548071d5aa652bb90c7f111f86b427f798a1c9"
"formclas.f",147,176,"FORMCL_CA","ROGRFC",124,"72","numeric",72,,"38548071d5aa652bb90c7f111f86b427f798a1c9"
"formclas.f",147,176,"FORMCL_CA","ROGRFC",125,"70","numeric",70,,"38548071d5aa652bb90c7f111f86b427f798a1c9"
"formclas.f",147,176,"FORMCL_CA","ROGRFC",126,"72","numeric",72,,"38548071d5aa652bb90c7f111f86b427f798a1c9"
"formclas.f",147,176,"FORMCL_CA","ROGRFC",127,"70","numeric",70,,"38548071d5aa652bb90c7f111f86b427f798a1c9"
"formclas.f",147,176,"FORMCL_CA","ROGRFC",128,"72","numeric",72,,"38548071d5aa652bb90c7f111f86b427f798a1c9"
"formclas.f",147,176,"FORMCL_CA","ROGRFC",129,"70","numeric",70,,"38548071d5aa652bb90c7f111f86b427f798a1c9"
"formclas.f",147,176,"FORMCL_CA","ROGRFC",130,"70","numeric",70,,"38548071d5aa652bb90c7f111f86b427f798a1c9"
"formclas.f",147,176,"FORMCL_CA","ROGRFC",131,"69","numeric",69,,"38548071d5aa652bb90c7f111f86b427f798a1c9"
"formclas.f",147,176,"FORMCL_CA","ROGRFC",132,"72","numeric",72,,"38548071d5aa652bb90c7f111f86b427f798a1c9"
"formclas.f",147,176,"FORMCL_CA","ROGRFC",133,"70","numeric",70,,"38548071d5aa652bb90c7f111f86b427f798a1c9"
"formclas.f",147,176,"FORMCL_CA","ROGRFC",134,"72","numeric",72,,"38548071d5aa652bb90c7f111f86b427f798a1c9"
"formclas.f",147,176,"FORMCL_CA","ROGRFC",135,"70","numeric",70,,"38548071d5aa652bb90c7f111f86b427f798a1c9"
"formclas.f",147,176,"FORMCL_CA","ROGRFC",136,"72","numeric",72,,"38548071d5aa652bb90c7f111f86b427f798a1c9"
"formclas.f",147,176,"FORMCL_CA","ROGRFC",137,"72","numeric",72,,"38548071d5aa652bb90c7f111f86b427f798a1c9"
"formclas.f",147,176,"FORMCL_CA","ROGRFC",138,"70","numeric",70,,"38548071d5aa652bb90c7f111f86b427f798a1c9"
"formclas.f",147,176,"FORMCL_CA","ROGRFC",139,"69","numeric",69,,"38548071d5aa652bb90c7f111f86b427f798a1c9"
"formclas.f",147,176,"FORMCL_CA","ROGRFC",140,"70","numeric",70,,"38548071d5aa652bb90c7f111f86b427f798a1c9"
"formclas.f",147,176,"FORMCL_CA","ROGRFC",141,"70","numeric",70,,"38548071d5aa652bb90c7f111f86b427f798a1c9"
"formclas.f",147,176,"FORMCL_CA","ROGRFC",142,"66","numeric",66,,"38548071d5aa652bb90c7f111f86b427f798a1c9"
"formclas.f",147,176,"FORMCL_CA","ROGRFC",143,"72","numeric",72,,"38548071d5aa652bb90c7f111f86b427f798a1c9"
"formclas.f",147,176,"FORMCL_CA","ROGRFC",144,"70","numeric",70,,"38548071d5aa652bb90c7f111f86b427f798a1c9"
"formclas.f",147,176,"FORMCL_CA","ROGRFC",145,"70","numeric",70,,"38548071d5aa652bb90c7f111f86b427f798a1c9"
"formclas.f",147,176,"FORMCL_CA","ROGRFC",146,"72","numeric",72,,"38548071d5aa652bb90c7f111f86b427f798a1c9"
"formclas.f",147,176,"FORMCL_CA","ROGRFC",147,"70","numeric",70,,"38548071d5aa652bb90c7f111f86b427f798a1c9"
"formclas.f",147,176,"FORMCL_CA","ROGRFC",148,"70","numeric",70,,"38548071d5aa652bb90c7f111f86b427f798a1c9"
"formclas.f",147,176,"FORMCL_CA","ROGRFC",149,"70","numeric",70,,"38548071d5aa652bb90c7f111f86b427f798a1c9"
"formclas.f",147,176,"FORMCL_CA","ROGRFC",150,"75","numeric",75,,"38548071d5aa652bb90c7f111f86b427f798a1c9"
"formclas.f",147,176,"FORMCL_CA","ROGRFC",151,"70","numeric",70,,"38548071d5aa652bb90c7f111f86b427f798a1c9"
"formclas.f",147,176,"FORMCL_CA","ROGRFC",152,"73","numeric",73,,"38548071d5aa652bb90c7f111f86b427f798a1c9"
"formclas.f",147,176,"FORMCL_CA","ROGRFC",153,"70","numeric",70,,"38548071d5aa652bb90c7f111f86b427f798a1c9"
"formclas.f",147,176,"FORMCL_CA","ROGRFC",154,"70","numeric",70,,"38548071d5aa652bb90c7f111f86b427f798a1c9"
"formclas.f",147,176,"FORMCL_CA","ROGRFC",155,"65","numeric",65,,"38548071d5aa652bb90c7f111f86b427f798a1c9"
"formclas.f",147,176,"FORMCL_CA","ROGRFC",156,"73","numeric",73,,"38548071d5aa652bb90c7f111f86b427f798a1c9"
"formclas.f",147,176,"FORMCL_CA","ROGRFC",157,"72","numeric",72,,"38548071d5aa652bb90c7f111f86b427f798a1c9"
"formclas.f",147,176,"FORMCL_CA","ROGRFC",158,"66","numeric",66,,"38548071d5aa652bb90c7f111f86b427f798a1c9"
"formclas.f",147,176,"FORMCL_CA","ROGRFC",159,"66","numeric",66,,"38548071d5aa652bb90c7f111f86b427f798a1c9"
"formclas.f",147,176,"FORMCL_CA","ROGRFC",160,"70","numeric",70,,"38548071d5aa652bb90c7f111f86b427f798a1c9"
"formclas.f",147,176,"FORMCL_CA","ROGRFC",161,"70","numeric",70,,"38548071d5aa652bb90c7f111f86b427f798a1c9"
"formclas.f",147,176,"FORMCL_CA","ROGRFC",162,"68","numeric",68,,"38548071d5aa652bb90c7f111f86b427f798a1c9"
"formclas.f",147,176,"FORMCL_CA","ROGRFC",163,"73","numeric",73,,"38548071d5aa652bb90c7f111f86b427f798a1c9"
"formclas.f",147,176,"FORMCL_CA","ROGRFC",164,"73","numeric",73,,"38548071d5aa652bb90c7f111f86b427f798a1c9"
"formclas.f",147,176,"FORMCL_CA","ROGRFC",165,"71","numeric",71,,"38548071d5aa652bb90c7f111f86b427f798a1c9"
"formclas.f",147,176,"FORMCL_CA","ROGRFC",166,"70","numeric",70,,"38548071d5aa652bb90c7f111f86b427f798a1c9"
"formclas.f",147,176,"FORMCL_CA","ROGRFC",167,"70","numeric",70,,"38548071d5aa652bb90c7f111f86b427f798a1c9"
"formclas.f",147,176,"FORMCL_CA","ROGRFC",168,"74","numeric",74,,"38548071d5aa652bb90c7f111f86b427f798a1c9"
"formclas.f",147,176,"FORMCL_CA","ROGRFC",169,"70","numeric",70,,"38548071d5aa652bb90c7f111f86b427f798a1c9"
"formclas.f",147,176,"FORMCL_CA","ROGRFC",170,"72","numeric",72,,"38548071d5aa652bb90c7f111f86b427f798a1c9"
"formclas.f",147,176,"FORMCL_CA","ROGRFC",171,"70","numeric",70,,"38548071d5aa652bb90c7f111f86b427f798a1c9"
"formclas.f",147,176,"FORMCL_CA","ROGRFC",172,"70","numeric",70,,"38548071d5aa652bb90c7f111f86b427f798a1c9"
"formclas.f",147,176,"FORMCL_CA","ROGRFC",173,"70","numeric",70,,"38548071d5aa652bb90c7f111f86b427f798a1c9"
"formclas.f",147,176,"FORMCL_CA","ROGRFC",174,"68","numeric",68,,"38548071d5aa652bb90c7f111f86b427f798a1c9"
"formclas.f",147,176,"FORMCL_CA","ROGRFC",175,"72","numeric",72,,"38548071d5aa652bb90c7f111f86b427f798a1c9"
"formclas.f",147,176,"FORMCL_CA","ROGRFC",176,"70","numeric",70,,"38548071d5aa652bb90c7f111f86b427f798a1c9"
"formclas.f",147,176,"FORMCL_CA","ROGRFC",177,"72","numeric",72,,"38548071d5aa652bb90c7f111f86b427f798a1c9"
"formclas.f",147,176,"FORMCL_CA","ROGRFC",178,"70","numeric",70,,"38548071d5aa652bb90c7f111f86b427f798a1c9"
"formclas.f",147,176,"FORMCL_CA","ROGRFC",179,"70","numeric",70,,"38548071d5aa652bb90c7f111f86b427f798a1c9"
"formclas.f",147,176,"FORMCL_CA","ROGRFC",180,"69","numeric",69,,"38548071d5aa652bb90c7f111f86b427f798a1c9"
"formclas.f",147,176,"FORMCL_CA","ROGRFC",181,"72","numeric",72,,"38548071d5aa652bb90c7f111f86b427f798a1c9"
"formclas.f",147,176,"FORMCL_CA","ROGRFC",182,"70","numeric",70,,"38548071d5aa652bb90c7f111f86b427f798a1c9"
"formclas.f",147,176,"FORMCL_CA","ROGRFC",183,"72","numeric",72,,"38548071d5aa652bb90c7f111f86b427f798a1c9"
"formclas.f",147,176,"FORMCL_CA","ROGRFC",184,"70","numeric",70,,"38548071d5aa652bb90c7f111f86b427f798a1c9"
"formclas.f",147,176,"FORMCL_CA","ROGRFC",185,"72","numeric",72,,"38548071d5aa652bb90c7f111f86b427f798a1c9"
"formclas.f",147,176,"FORMCL_CA","ROGRFC",186,"72","numeric",72,,"38548071d5aa652bb90c7f111f86b427f798a1c9"
"formclas.f",147,176,"FORMCL_CA","ROGRFC",187,"70","numeric",70,,"38548071d5aa652bb90c7f111f86b427f798a1c9"
"formclas.f",147,176,"FORMCL_CA","ROGRFC",188,"69","numeric",69,,"38548071d5aa652bb90c7f111f86b427f798a1c9"
"formclas.f",147,176,"FORMCL_CA","ROGRFC",189,"70","numeric",70,,"38548071d5aa652bb90c7f111f86b427f798a1c9"
"formclas.f",147,176,"FORMCL_CA","ROGRFC",190,"70","numeric",70,,"38548071d5aa652bb90c7f111f86b427f798a1c9"
"formclas.f",147,176,"FORMCL_CA","ROGRFC",191,"66","numeric",66,,"38548071d5aa652bb90c7f111f86b427f798a1c9"
"formclas.f",147,176,"FORMCL_CA","ROGRFC",192,"72","numeric",72,,"38548071d5aa652bb90c7f111f86b427f798a1c9"
"formclas.f",147,176,"FORMCL_CA","ROGRFC",193,"70","numeric",70,,"38548071d5aa652bb90c7f111f86b427f798a1c9"
"formclas.f",147,176,"FORMCL_CA","ROGRFC",194,"70","numeric",70,,"38548071d5aa652bb90c7f111f86b427f798a1c9"
"formclas.f",147,176,"FORMCL_CA","ROGRFC",195,"72","numeric",72,,"38548071d5aa652bb90c7f111f86b427f798a1c9"
"formclas.f",147,176,"FORMCL_CA","ROGRFC",196,"70","numeric",70,,"38548071d5aa652bb90c7f111f86b427f798a1c9"
"formclas.f",147,176,"FORMCL_CA","ROGRFC",197,"70","numeric",70,,"38548071d5aa652bb90c7f111f86b427f798a1c9"
"formclas.f",147,176,"FORMCL_CA","ROGRFC",198,"70","numeric",70,,"38548071d5aa652bb90c7f111f86b427f798a1c9"
"formclas.f",147,176,"FORMCL_CA","ROGRFC",199,"71","numeric",71,,"38548071d5aa652bb90c7f111f86b427f798a1c9"
"formclas.f",147,176,"FORMCL_CA","ROGRFC",200,"70","numeric",70,,"38548071d5aa652bb90c7f111f86b427f798a1c9"
"formclas.f",147,176,"FORMCL_CA","ROGRFC",201,"71","numeric",71,,"38548071d5aa652bb90c7f111f86b427f798a1c9"
"formclas.f",147,176,"FORMCL_CA","ROGRFC",202,"70","numeric",70,,"38548071d5aa652bb90c7f111f86b427f798a1c9"
"formclas.f",147,176,"FORMCL_CA","ROGRFC",203,"70","numeric",70,,"38548071d5aa652bb90c7f111f86b427f798a1c9"
"formclas.f",147,176,"FORMCL_CA","ROGRFC",204,"63","numeric",63,,"38548071d5aa652bb90c7f111f86b427f798a1c9"
"formclas.f",147,176,"FORMCL_CA","ROGRFC",205,"72","numeric",72,,"38548071d5aa652bb90c7f111f86b427f798a1c9"
"formclas.f",147,176,"FORMCL_CA","ROGRFC",206,"71","numeric",71,,"38548071d5aa652bb90c7f111f86b427f798a1c9"
"formclas.f",147,176,"FORMCL_CA","ROGRFC",207,"66","numeric",66,,"38548071d5aa652bb90c7f111f86b427f798a1c9"
"formclas.f",147,176,"FORMCL_CA","ROGRFC",208,"66","numeric",66,,"38548071d5aa652bb90c7f111f86b427f798a1c9"
"formclas.f",147,176,"FORMCL_CA","ROGRFC",209,"70","numeric",70,,"38548071d5aa652bb90c7f111f86b427f798a1c9"
"formclas.f",147,176,"FORMCL_CA","ROGRFC",210,"70","numeric",70,,"38548071d5aa652bb90c7f111f86b427f798a1c9"
"formclas.f",147,176,"FORMCL_CA","ROGRFC",211,"66","numeric",66,,"38548071d5aa652bb90c7f111f86b427f798a1c9"
"formclas.f",147,176,"FORMCL_CA","ROGRFC",212,"70","numeric",70,,"38548071d5aa652bb90c7f111f86b427f798a1c9"
"formclas.f",147,176,"FORMCL_CA","ROGRFC",213,"72","numeric",72,,"38548071d5aa652bb90c7f111f86b427f798a1c9"
"formclas.f",147,176,"FORMCL_CA","ROGRFC",214,"69","numeric",69,,"38548071d5aa652bb90c7f111f86b427f798a1c9"
"formclas.f",147,176,"FORMCL_CA","ROGRFC",215,"70","numeric",70,,"38548071d5aa652bb90c7f111f86b427f798a1c9"
"formclas.f",147,176,"FORMCL_CA","ROGRFC",216,"70","numeric",70,,"38548071d5aa652bb90c7f111f86b427f798a1c9"
"formclas.f",147,176,"FORMCL_CA","ROGRFC",217,"71","numeric",71,,"38548071d5aa652bb90c7f111f86b427f798a1c9"
"formclas.f",147,176,"FORMCL_CA","ROGRFC",218,"70","numeric",70,,"38548071d5aa652bb90c7f111f86b427f798a1c9"
"formclas.f",147,176,"FORMCL_CA","ROGRFC",219,"72","numeric",72,,"38548071d5aa652bb90c7f111f86b427f798a1c9"
"formclas.f",147,176,"FORMCL_CA","ROGRFC",220,"70","numeric",70,,"38548071d5aa652bb90c7f111f86b427f798a1c9"
"formclas.f",147,176,"FORMCL_CA","ROGRFC",221,"70","numeric",70,,"38548071d5aa652bb90c7f111f86b427f798a1c9"
"formclas.f",147,176,"FORMCL_CA","ROGRFC",222,"69","numeric",69,,"38548071d5aa652bb90c7f111f86b427f798a1c9"
"formclas.f",147,176,"FORMCL_CA","ROGRFC",223,"66","numeric",66,,"38548071d5aa652bb90c7f111f86b427f798a1c9"
"formclas.f",147,176,"FORMCL_CA","ROGRFC",224,"72","numeric",72,,"38548071d5aa652bb90c7f111f86b427f798a1c9"
"formclas.f",147,176,"FORMCL_CA","ROGRFC",225,"70","numeric",70,,"38548071d5aa652bb90c7f111f86b427f798a1c9"
"formclas.f",147,176,"FORMCL_CA","ROGRFC",226,"72","numeric",72,,"38548071d5aa652bb90c7f111f86b427f798a1c9"
"formclas.f",147,176,"FORMCL_CA","ROGRFC",227,"70","numeric",70,,"38548071d5aa652bb90c7f111f86b427f798a1c9"
"formclas.f",147,176,"FORMCL_CA","ROGRFC",228,"70","numeric",70,,"38548071d5aa652bb90c7f111f86b427f798a1c9"
"formclas.f",147,176,"FORMCL_CA","ROGRFC",229,"69","numeric",69,,"38548071d5aa652bb90c7f111f86b427f798a1c9"
"formclas.f",147,176,"FORMCL_CA","ROGRFC",230,"72","numeric",72,,"38548071d5aa652bb90c7f111f86b427f798a1c9"
"formclas.f",147,176,"FORMCL_CA","ROGRFC",231,"70","numeric",70,,"38548071d5aa652bb90c7f111f86b427f798a1c9"
"formclas.f",147,176,"FORMCL_CA","ROGRFC",232,"72","numeric",72,,"38548071d5aa652bb90c7f111f86b427f798a1c9"
"formclas.f",147,176,"FORMCL_CA","ROGRFC",233,"70","numeric",70,,"38548071d5aa652bb90c7f111f86b427f798a1c9"
"formclas.f",147,176,"FORMCL_CA","ROGRFC",234,"72","numeric",72,,"38548071d5aa652bb90c7f111f86b427f798a1c9"
"formclas.f",147,176,"FORMCL_CA","ROGRFC",235,"72","numeric",72,,"38548071d5aa652bb90c7f111f86b427f798a1c9"
"formclas.f",147,176,"FORMCL_CA","ROGRFC",236,"70","numeric",70,,"38548071d5aa652bb90c7f111f86b427f798a1c9"
"formclas.f",147,176,"FORMCL_CA","ROGRFC",237,"69","numeric",69,,"38548071d5aa652bb90c7f111f86b427f798a1c9"
"formclas.f",147,176,"FORMCL_CA","ROGRFC",238,"70","numeric",70,,"38548071d5aa652bb90c7f111f86b427f798a1c9"
"formclas.f",147,176,"FORMCL_CA","ROGRFC",239,"70","numeric",70,,"38548071d5aa652bb90c7f111f86b427f798a1c9"
"formclas.f",147,176,"FORMCL_CA","ROGRFC",240,"66","numeric",66,,"38548071d5aa652bb90c7f111f86b427f798a1c9"
"formclas.f",147,176,"FORMCL_CA","ROGRFC",241,"72","numeric",72,,"38548071d5aa652bb90c7f111f86b427f798a1c9"
"formclas.f",147,176,"FORMCL_CA","ROGRFC",242,"70","numeric",70,,"38548071d5aa652bb90c7f111f86b427f798a1c9"
"formclas.f",147,176,"FORMCL_CA","ROGRFC",243,"70","numeric",70,,"38548071d5aa652bb90c7f111f86b427f798a1c9"
"formclas.f",147,176,"FORMCL_CA","ROGRFC",244,"72","numeric",72,,"38548071d5aa652bb90c7f111f86b427f798a1c9"
"formclas.f",147,176,"FORMCL_CA","ROGRFC",245,"70","numeric",70,,"38548071d5aa652bb90c7f111f86b427f798a1c9"
"formclas.f",180,209,"FORMCL_CA","SISKFC",1,"74","numeric",74,,"38548071d5aa652bb90c7f111f86b427f798a1c9"
"formclas.f",180,209,"FORMCL_CA","SISKFC",2,"70","numeric",70,,"38548071d5aa652bb90c7f111f86b427f798a1c9"
"formclas.f",180,209,"FORMCL_CA","SISKFC",3,"80","numeric",80,,"38548071d5aa652bb90c7f111f86b427f798a1c9"
"formclas.f",180,209,"FORMCL_CA","SISKFC",4,"75","numeric",75,,"38548071d5aa652bb90c7f111f86b427f798a1c9"
"formclas.f",180,209,"FORMCL_CA","SISKFC",5,"82","numeric",82,,"38548071d5aa652bb90c7f111f86b427f798a1c9"
"formclas.f",180,209,"FORMCL_CA","SISKFC",6,"77","numeric",77,,"38548071d5aa652bb90c7f111f86b427f798a1c9"
"formclas.f",180,209,"FORMCL_CA","SISKFC",7,"74","numeric",74,,"38548071d5aa652bb90c7f111f86b427f798a1c9"
"formclas.f",180,209,"FORMCL_CA","SISKFC",8,"66","numeric",66,,"38548071d5aa652bb90c7f111f86b427f798a1c9"
"formclas.f",180,209,"FORMCL_CA","SISKFC",9,"76","numeric",76,,"38548071d5aa652bb90c7f111f86b427f798a1c9"
"formclas.f",180,209,"FORMCL_CA","SISKFC",10,"74","numeric",74,,"38548071d5aa652bb90c7f111f86b427f798a1c9"
"formclas.f",180,209,"FORMCL_CA","SISKFC",11,"78","numeric",78,,"38548071d5aa652bb90c7f111f86b427f798a1c9"
"formclas.f",180,209,"FORMCL_CA","SISKFC",12,"78","numeric",78,,"38548071d5aa652bb90c7f111f86b427f798a1c9"
"formclas.f",180,209,"FORMCL_CA","SISKFC",13,"74","numeric",74,,"38548071d5aa652bb90c7f111f86b427f798a1c9"
"formclas.f",180,209,"FORMCL_CA","SISKFC",14,"74","numeric",74,,"38548071d5aa652bb90c7f111f86b427f798a1c9"
"formclas.f",180,209,"FORMCL_CA","SISKFC",15,"76","numeric",76,,"38548071d5aa652bb90c7f111f86b427f798a1c9"
"formclas.f",180,209,"FORMCL_CA","SISKFC",16,"78","numeric",78,,"38548071d5aa652bb90c7f111f86b427f798a1c9"
"formclas.f",180,209,"FORMCL_CA","SISKFC",17,"78","numeric",78,,"38548071d5aa652bb90c7f111f86b427f798a1c9"
"formclas.f",180,209,"FORMCL_CA","SISKFC",18,"76","numeric",76,,"38548071d5aa652bb90c7f111f86b427f798a1c9"
"formclas.f",180,209,"FORMCL_CA","SISKFC",19,"74","numeric",74,,"38548071d5aa652bb90c7f111f86b427f798a1c9"
"formclas.f",180,209,"FORMCL_CA","SISKFC",20,"74","numeric",74,,"38548071d5aa652bb90c7f111f86b427f798a1c9"
"formclas.f",180,209,"FORMCL_CA","SISKFC",21,"76","numeric",76,,"38548071d5aa652bb90c7f111f86b427f798a1c9"
"formclas.f",180,209,"FORMCL_CA","SISKFC",22,"74","numeric",74,,"38548071d5aa652bb90c7f111f86b427f798a1c9"
"formclas.f",180,209,"FORMCL_CA","SISKFC",23,"65","numeric",65,,"38548071d5aa652bb90c7f111f86b427f798a1c9"
"formclas.f",180,209,"FORMCL_CA","SISKFC",24,"71","numeric",71,,"38548071d5aa652bb90c7f111f86b427f798a1c9"
"formclas.f",180,209,"FORMCL_CA","SISKFC",25,"70","numeric",70,,"38548071d5aa652bb90c7f111f86b427f798a1c9"
"formclas.f",180,209,"FORMCL_CA","SISKFC",26,"84","numeric",84,,"38548071d5aa652bb90c7f111f86b427f798a1c9"
"formclas.f",180,209,"FORMCL_CA","SISKFC",27,"76","numeric",76,,"38548071d5aa652bb90c7f111f86b427f798a1c9"
"formclas.f",180,209,"FORMCL_CA","SISKFC",28,"72","numeric",72,,"38548071d5aa652bb90c7f111f86b427f798a1c9"
"formclas.f",180,209,"FORMCL_CA","SISKFC",29,"70","numeric",70,,"38548071d5aa652bb90c7f111f86b427f798a1c9"
"formclas.f",180,209,"FORMCL_CA","SISKFC",30,"74","numeric",74,,"38548071d5aa652bb90c7f111f86b427f798a1c9"
"formclas.f",180,209,"FORMCL_CA","SISKFC",31,"72","numeric",72,,"38548071d5aa652bb90c7f111f86b427f798a1c9"
"formclas.f",180,209,"FORMCL_CA","SISKFC",32,"70","numeric",70,,"38548071d5aa652bb90c7f111f86b427f798a1c9"
"formclas.f",180,209,"FORMCL_CA","SISKFC",33,"72","numeric",72,,"38548071d5aa652bb90c7f111f86b427f798a1c9"
"formclas.f",180,209,"FORMCL_CA","SISKFC",34,"72","numeric",72,,"38548071d5aa652bb90c7f111f86b427f798a1c9"
"formclas.f",180,209,"FORMCL_CA","SISKFC",35,"70","numeric",70,,"38548071d5aa652bb90c7f111f86b427f798a1c9"
"formclas.f",180,209,"FORMCL_CA","SISKFC",36,"74","numeric",74,,"38548071d5aa652bb90c7f111f86b427f798a1c9"
"formclas.f",180,209,"FORMCL_CA","SISKFC",37,"70","numeric",70,,"38548071d5aa652bb90c7f111f86b427f798a1c9"
"formclas.f",180,209,"FORMCL_CA","SISKFC",38,"70","numeric",70,,"38548071d5aa652bb90c7f111f86b427f798a1c9"
"formclas.f",180,209,"FORMCL_CA","SISKFC",39,"75","numeric",75,,"38548071d5aa652bb90c7f111f86b427f798a1c9"
"formclas.f",180,209,"FORMCL_CA","SISKFC",40,"70","numeric",70,,"38548071d5aa652bb90c7f111f86b427f798a1c9"
"formclas.f",180,209,"FORMCL_CA","SISKFC",41,"70","numeric",70,,"38548071d5aa652bb90c7f111f86b427f798a1c9"
"formclas.f",180,209,"FORMCL_CA","SISKFC",42,"70","numeric",70,,"38548071d5aa652bb90c7f111f86b427f798a1c9"
"formclas.f",180,209,"FORMCL_CA","SISKFC",43,"70","numeric",70,,"38548071d5aa652bb90c7f111f86b427f798a1c9"
"formclas.f",180,209,"FORMCL_CA","SISKFC",44,"70","numeric",70,,"38548071d5aa652bb90c7f111f86b427f798a1c9"
"formclas.f",180,209,"FORMCL_CA","SISKFC",45,"72","numeric",72,,"38548071d5aa652bb90c7f111f86b427f798a1c9"
"formclas.f",180,209,"FORMCL_CA","SISKFC",46,"70","numeric",70,,"38548071d5aa652bb90c7f111f86b427f798a1c9"
"formclas.f",180,209,"FORMCL_CA","SISKFC",47,"70","numeric",70,,"38548071d5aa652bb90c7f111f86b427f798a1c9"
"formclas.f",180,209,"FORMCL_CA","SISKFC",48,"75","numeric",75,,"38548071d5aa652bb90c7f111f86b427f798a1c9"
"formclas.f",180,209,"FORMCL_CA","SISKFC",49,"70","numeric",70,,"38548071d5aa652bb90c7f111f86b427f798a1c9"
"formclas.f",180,209,"FORMCL_CA","SISKFC",50,"74","numeric",74,,"38548071d5aa652bb90c7f111f86b427f798a1c9"
"formclas.f",180,209,"FORMCL_CA","SISKFC",51,"70","numeric",70,,"38548071d5aa652bb90c7f111f86b427f798a1c9"
"formclas.f",180,209,"FORMCL_CA","SISKFC",52,"80","numeric",80,,"38548071d5aa652bb90c7f111f86b427f798a1c9"
"formclas.f",180,209,"FORMCL_CA","SISKFC",53,"75","numeric",75,,"38548071d5aa652bb90c7f111f86b427f798a1c9"
"formclas.f",180,209,"FORMCL_CA","SISKFC",54,"82","numeric",82,,"38548071d5aa652bb90c7f111f86b427f798a1c9"
"formclas.f",180,209,"FORMCL_CA","SISKFC",55,"77","numeric",77,,"38548071d5aa652bb90c7f111f86b427f798a1c9"
"formclas.f",180,209,"FORMCL_CA","SISKFC",56,"74","numeric",74,,"38548071d5aa652bb90c7f111f86b427f798a1c9"
"formclas.f",180,209,"FORMCL_CA","SISKFC",57,"70","numeric",70,,"38548071d5aa652bb90c7f111f86b427f798a1c9"
"formclas.f",180,209,"FORMCL_CA","SISKFC",58,"76","numeric",76,,"38548071d5aa652bb90c7f111f86b427f798a1c9"
"formclas.f",180,209,"FORMCL_CA","SISKFC",59,"74","numeric",74,,"38548071d5aa652bb90c7f111f86b427f798a1c9"
"formclas.f",180,209,"FORMCL_CA","SISKFC",60,"78","numeric",78,,"38548071d5aa652bb90c7f111f86b427f798a1c9"
"formclas.f",180,209,"FORMCL_CA","SISKFC",61,"78","numeric",78,,"38548071d5aa652bb90c7f111f86b427f798a1c9"
"formclas.f",180,209,"FORMCL_CA","SISKFC",62,"74","numeric",74,,"38548071d5aa652bb90c7f111f86b427f798a1c9"
"formclas.f",180,209,"FORMCL_CA","SISKFC",63,"74","numeric",74,,"38548071d5aa652bb90c7f111f86b427f798a1c9"
"formclas.f",180,209,"FORMCL_CA","SISKFC",64,"72","numeric",72,,"38548071d5aa652bb90c7f111f86b427f798a1c9"
"formclas.f",180,209,"FORMCL_CA","SISKFC",65,"78","numeric",78,,"38548071d5aa652bb90c7f111f86b427f798a1c9"
"formclas.f",180,209,"FORMCL_CA","SISKFC",66,"78","numeric",78,,"38548071d5aa652bb90c7f111f86b427f798a1c9"
"formclas.f",180,209,"FORMCL_CA","SISKFC",67,"76","numeric",76,,"38548071d5aa652bb90c7f111f86b427f798a1c9"
"formclas.f",180,209,"FORMCL_CA","SISKFC",68,"74","numeric",74,,"38548071d5aa652bb90c7f111f86b427f798a1c9"
"formclas.f",180,209,"FORMCL_CA","SISKFC",69,"74","numeric",74,,"38548071d5aa652bb90c7f111f86b427f798a1c9"
"formclas.f",180,209,"FORMCL_CA","SISKFC",70,"76","numeric",76,,"38548071d5aa652bb90c7f111f86b427f798a1c9"
"formclas.f",180,209,"FORMCL_CA","SISKFC",71,"74","numeric",74,,"38548071d5aa652bb90c7f111f86b427f798a1c9"
"formclas.f",180,209,"FORMCL_CA","SISKFC",72,"65","numeric",65,,"38548071d5aa652bb90c7f111f86b427f798a1c9"
"formclas.f",180,209,"FORMCL_CA","SISKFC",73,"71","numeric",71,,"38548071d5aa652bb90c7f111f86b427f798a1c9"
"formclas.f",180,209,"FORMCL_CA","SISKFC",74,"70","numeric",70,,"38548071d5aa652bb90c7f111f86b427f798a1c9"
"formclas.f",180,209,"FORMCL_CA","SISKFC",75,"84","numeric",84,,"38548071d5aa652bb90c7f111f86b427f798a1c9"
"formclas.f",180,209,"FORMCL_CA","SISKFC",76,"76","numeric",76,,"38548071d5aa652bb90c7f111f86b427f798a1c9"
"formclas.f",180,209,"FORMCL_CA","SISKFC",77,"72","numeric",72,,"38548071d5aa652bb90c7f111f86b427f798a1c9"
"formclas.f",180,209,"FORMCL_CA","SISKFC",78,"70","numeric",70,,"38548071d5aa652bb90c7f111f86b427f798a1c9"
"formclas.f",180,209,"FORMCL_CA","SISKFC",79,"74","numeric",74,,"38548071d5aa652bb90c7f111f86b427f798a1c9"
"formclas.f",180,209,"FORMCL_CA","SISKFC",80,"72","numeric",72,,"38548071d5aa652bb90c7f111f86b427f798a1c9"
"formclas.f",180,209,"FORMCL_CA","SISKFC",81,"70","numeric",70,,"38548071d5aa652bb90c7f111f86b427f798a1c9"
"formclas.f",180,209,"FORMCL_CA","SISKFC",82,"72","numeric",72,,"38548071d5aa652bb90c7f111f86b427f798a1c9"
"formclas.f",180,209,"FORMCL_CA","SISKFC",83,"72","numeric",72,,"38548071d5aa652bb90c7f111f86b427f798a1c9"
"formclas.f",180,209,"FORMCL_CA","SISKFC",84,"70","numeric",70,,"38548071d5aa652bb90c7f111f86b427f798a1c9"
"formclas.f",180,209,"FORMCL_CA","SISKFC",85,"74","numeric",74,,"38548071d5aa652bb90c7f111f86b427f798a1c9"
"formclas.f",180,209,"FORMCL_CA","SISKFC",86,"70","numeric",70,,"38548071d5aa652bb90c7f111f86b427f798a1c9"
"formclas.f",180,209,"FORMCL_CA","SISKFC",87,"70","numeric",70,,"38548071d5aa652bb90c7f111f86b427f798a1c9"
"formclas.f",180,209,"FORMCL_CA","SISKFC",88,"75","numeric",75,,"38548071d5aa652bb90c7f111f86b427f798a1c9"
"formclas.f",180,209,"FORMCL_CA","SISKFC",89,"70","numeric",70,,"38548071d5aa652bb90c7f111f86b427f798a1c9"
"formclas.f",180,209,"FORMCL_CA","SISKFC",90,"70","numeric",70,,"38548071d5aa652bb90c7f111f86b427f798a1c9"
"formclas.f",180,209,"FORMCL_CA","SISKFC",91,"70","numeric",70,,"38548071d5aa652bb90c7f111f86b427f798a1c9"
"formclas.f",180,209,"FORMCL_CA","SISKFC",92,"70","numeric",70,,"38548071d5aa652bb90c7f111f86b427f798a1c9"
"formclas.f",180,209,"FORMCL_CA","SISKFC",93,"70","numeric",70,,"38548071d5aa652bb90c7f111f86b427f798a1c9"
"formclas.f",180,209,"FORMCL_CA","SISKFC",94,"72","numeric",72,,"38548071d5aa652bb90c7f111f86b427f798a1c9"
"formclas.f",180,209,"FORMCL_CA","SISKFC",95,"70","numeric",70,,"38548071d5aa652bb90c7f111f86b427f798a1c9"
"formclas.f",180,209,"FORMCL_CA","SISKFC",96,"70","numeric",70,,"38548071d5aa652bb90c7f111f86b427f798a1c9"
"formclas.f",180,209,"FORMCL_CA","SISKFC",97,"75","numeric",75,,"38548071d5aa652bb90c7f111f86b427f798a1c9"
"formclas.f",180,209,"FORMCL_CA","SISKFC",98,"70","numeric",70,,"38548071d5aa652bb90c7f111f86b427f798a1c9"
"formclas.f",180,209,"FORMCL_CA","SISKFC",99,"74","numeric",74,,"38548071d5aa652bb90c7f111f86b427f798a1c9"
"formclas.f",180,209,"FORMCL_CA","SISKFC",100,"70","numeric",70,,"38548071d5aa652bb90c7f111f86b427f798a1c9"
"formclas.f",180,209,"FORMCL_CA","SISKFC",101,"78","numeric",78,,"38548071d5aa652bb90c7f111f86b427f798a1c9"
"formclas.f",180,209,"FORMCL_CA","SISKFC",102,"75","numeric",75,,"38548071d5aa652bb90c7f111f86b427f798a1c9"
"formclas.f",180,209,"FORMCL_CA","SISKFC",103,"80","numeric",80,,"38548071d5aa652bb90c7f111f86b427f798a1c9"
"formclas.f",180,209,"FORMCL_CA","SISKFC",104,"75","numeric",75,,"38548071d5aa652bb90c7f111f86b427f798a1c9"
"formclas.f",180,209,"FORMCL_CA","SISKFC",105,"74","numeric",74,,"38548071d5aa652bb90c7f111f86b427f798a1c9"
"formclas.f",180,209,"FORMCL_CA","SISKFC",106,"70","numeric",70,,"38548071d5aa652bb90c7f111f86b427f798a1c9"
"formclas.f",180,209,"FORMCL_CA","SISKFC",107,"76","numeric",76,,"38548071d5aa652bb90c7f111f86b427f798a1c9"
"formclas.f",180,209,"FORMCL_CA","SISKFC",108,"74","numeric",74,,"38548071d5aa652bb90c7f111f86b427f798a1c9"
"formclas.f",180,209,"FORMCL_CA","SISKFC",109,"78","numeric",78,,"38548071d5aa652bb90c7f111f86b427f798a1c9"
"formclas.f",180,209,"FORMCL_CA","SISKFC",110,"78","numeric",78,,"38548071d5aa652bb90c7f111f86b427f798a1c9"
"formclas.f",180,209,"FORMCL_CA","SISKFC",111,"74","numeric",74,,"38548071d5aa652bb90c7f111f86b427f798a1c9"
"formclas.f",180,209,"FORMCL_CA","SISKFC",112,"74","numeric",74,,"38548071d5aa652bb90c7f111f86b427f798a1c9"
"formclas.f",180,209,"FORMCL_CA","SISKFC",113,"72","numeric",72,,"38548071d5aa652bb90c7f111f86b427f798a1c9"
"formclas.f",180,209,"FORMCL_CA","SISKFC",114,"78","numeric",78,,"38548071d5aa652bb90c7f111f86b427f798a1c9"
"formclas.f",180,209,"FORMCL_CA","SISKFC",115,"78","numeric",78,,"38548071d5aa652bb90c7f111f86b427f798a1c9"
"formclas.f",180,209,"FORMCL_CA","SISKFC",116,"76","numeric",76,,"38548071d5aa652bb90c7f111f86b427f798a1c9"
"formclas.f",180,209,"FORMCL_CA","SISKFC",117,"74","numeric",74,,"38548071d5aa652bb90c7f111f86b427f798a1c9"
"formclas.f",180,209,"FORMCL_CA","SISKFC",118,"74","numeric",74,,"38548071d5aa652bb90c7f111f86b427f798a1c9"
"formclas.f",180,209,"FORMCL_CA","SISKFC",119,"74","numeric",74,,"38548071d5aa652bb90c7f111f86b427f798a1c9"
"formclas.f",180,209,"FORMCL_CA","SISKFC",120,"74","numeric",74,,"38548071d5aa652bb90c7f111f86b427f798a1c9"
"formclas.f",180,209,"FORMCL_CA","SISKFC",121,"65","numeric",65,,"38548071d5aa652bb90c7f111f86b427f798a1c9"
"formclas.f",180,209,"FORMCL_CA","SISKFC",122,"71","numeric",71,,"38548071d5aa652bb90c7f111f86b427f798a1c9"
"formclas.f",180,209,"FORMCL_CA","SISKFC",123,"70","numeric",70,,"38548071d5aa652bb90c7f111f86b427f798a1c9"
"formclas.f",180,209,"FORMCL_CA","SISKFC",124,"82","numeric",82,,"38548071d5aa652bb90c7f111f86b427f798a1c9"
"formclas.f",180,209,"FORMCL_CA","SISKFC",125,"73","numeric",73,,"38548071d5aa652bb90c7f111f86b427f798a1c9"
"formclas.f",180,209,"FORMCL_CA","SISKFC",126,"72","numeric",72,,"38548071d5aa652bb90c7f111f86b427f798a1c9"
"formclas.f",180,209,"FORMCL_CA","SISKFC",127,"70","numeric",70,,"38548071d5aa652bb90c7f111f86b427f798a1c9"
"formclas.f",180,209,"FORMCL_CA","SISKFC",128,"74","numeric",74,,"38548071d5aa652bb90c7f111f86b427f798a1c9"
"formclas.f",180,209,"FORMCL_CA","SISKFC",129,"72","numeric",72,,"38548071d5aa652bb90c7f111f86b427f798a1c9"
"formclas.f",180,209,"FORMCL_CA","SISKFC",130,"70","numeric",70,,"38548071d5aa652bb90c7f111f86b427f798a1c9"
"formclas.f",180,209,"FORMCL_CA","SISKFC",131,"72","numeric",72,,"38548071d5aa652bb90c7f111f86b427f798a1c9"
"formclas.f",180,209,"FORMCL_CA","SISKFC",132,"72","numeric",72,,"38548071d5aa652bb90c7f111f86b427f798a1c9"
"formclas.f",180,209,"FORMCL_CA","SISKFC",133,"70","numeric",70,,"38548071d5aa652bb90c7f111f86b427f798a1c9"
"formclas.f",180,209,"FORMCL_CA","SISKFC",134,"74","numeric",74,,"38548071d5aa652bb90c7f111f86b427f798a1c9"
"formclas.f",180,209,"FORMCL_CA","SISKFC",135,"70","numeric",70,,"38548071d5aa652bb90c7f111f86b427f798a1c9"
"formclas.f",180,209,"FORMCL_CA","SISKFC",136,"70","numeric",70,,"38548071d5aa652bb90c7f111f86b427f798a1c9"
"formclas.f",180,209,"FORMCL_CA","SISKFC",137,"75","numeric",75,,"38548071d5aa652bb90c7f111f86b427f798a1c9"
"formclas.f",180,209,"FORMCL_CA","SISKFC",138,"70","numeric",70,,"38548071d5aa652bb90c7f111f86b427f798a1c9"
"formclas.f",180,209,"FORMCL_CA","SISKFC",139,"70","numeric",70,,"38548071d5aa652bb90c7f111f86b427f798a1c9"
"formclas.f",180,209,"FORMCL_CA","SISKFC",140,"70","numeric",70,,"38548071d5aa652bb90c7f111f86b427f798a1c9"
"formclas.f",180,209,"FORMCL_CA","SISKFC",141,"70","numeric",70,,"38548071d5aa652bb90c7f111f86b427f798a1c9"
"formclas.f",180,209,"FORMCL_CA","SISKFC",142,"70","numeric",70,,"38548071d5aa652bb90c7f111f86b427f798a1c9"
"formclas.f",180,209,"FORMCL_CA","SISKFC",143,"72","numeric",72,,"38548071d5aa652bb90c7f111f86b427f798a1c9"
"formclas.f",180,209,"FORMCL_CA","SISKFC",144,"70","numeric",70,,"38548071d5aa652bb90c7f111f86b427f798a1c9"
"formclas.f",180,209,"FORMCL_CA","SISKFC",145,"70","numeric",70,,"38548071d5aa652bb90c7f111f86b427f798a1c9"
"formclas.f",180,209,"FORMCL_CA","SISKFC",146,"75","numeric",75,,"38548071d5aa652bb90c7f111f86b427f798a1c9"
"formclas.f",180,209,"FORMCL_CA","SISKFC",147,"70","numeric",70,,"38548071d5aa652bb90c7f111f86b427f798a1c9"
"formclas.f",180,209,"FORMCL_CA","SISKFC",148,"72","numeric",72,,"38548071d5aa652bb90c7f111f86b427f798a1c9"
"formclas.f",180,209,"FORMCL_CA","SISKFC",149,"70","numeric",70,,"38548071d5aa652bb90c7f111f86b427f798a1c9"
"formclas.f",180,209,"FORMCL_CA","SISKFC",150,"76","numeric",76,,"38548071d5aa652bb90c7f111f86b427f798a1c9"
"formclas.f",180,209,"FORMCL_CA","SISKFC",151,"74","numeric",74,,"38548071d5aa652bb90c7f111f86b427f798a1c9"
"formclas.f",180,209,"FORMCL_CA","SISKFC",152,"78","numeric",78,,"38548071d5aa652bb90c7f111f86b427f798a1c9"
"formclas.f",180,209,"FORMCL_CA","SISKFC",153,"71","numeric",71,,"38548071d5aa652bb90c7f111f86b427f798a1c9"
"formclas.f",180,209,"FORMCL_CA","SISKFC",154,"72","numeric",72,,"38548071d5aa652bb90c7f111f86b427f798a1c9"
"formclas.f",180,209,"FORMCL_CA","SISKFC",155,"68","numeric",68,,"38548071d5aa652bb90c7f111f86b427f798a1c9"
"formclas.f",180,209,"FORMCL_CA","SISKFC",156,"74","numeric",74,,"38548071d5aa652bb90c7f111f86b427f798a1c9"
"formclas.f",180,209,"FORMCL_CA","SISKFC",157,"72","numeric",72,,"38548071d5aa652bb90c7f111f86b427f798a1c9"
"formclas.f",180,209,"FORMCL_CA","SISKFC",158,"76","numeric",76,,"38548071d5aa652bb90c7f111f86b427f798a1c9"
"formclas.f",180,209,"FORMCL_CA","SISKFC",159,"74","numeric",74,,"38548071d5aa652bb90c7f111f86b427f798a1c9"
"formclas.f",180,209,"FORMCL_CA","SISKFC",160,"72","numeric",72,,"38548071d5aa652bb90c7f111f86b427f798a1c9"
"formclas.f",180,209,"FORMCL_CA","SISKFC",161,"72","numeric",72,,"38548071d5aa652bb90c7f111f86b427f798a1c9"
"formclas.f",180,209,"FORMCL_CA","SISKFC",162,"68","numeric",68,,"38548071d5aa652bb90c7f111f86b427f798a1c9"
"formclas.f",180,209,"FORMCL_CA","SISKFC",163,"75","numeric",75,,"38548071d5aa652bb90c7f111f86b427f798a1c9"
"formclas.f",180,209,"FORMCL_CA","SISKFC",164,"74","numeric",74,,"38548071d5aa652bb90c7f111f86b427f798a1c9"
"formclas.f",180,209,"FORMCL_CA","SISKFC",165,"74","numeric",74,,"38548071d5aa652bb90c7f111f86b427f798a1c9"
"formclas.f",180,209,"FORMCL_CA","SISKFC",166,"72","numeric",72,,"38548071d5aa652bb90c7f111f86b427f798a1c9"
"formclas.f",180,209,"FORMCL_CA","SISKFC",167,"72","numeric",72,,"38548071d5aa652bb90c7f111f86b427f798a1c9"
"formclas.f",180,209,"FORMCL_CA","SISKFC",168,"74","numeric",74,,"38548071d5aa652bb90c7f111f86b427f798a1c9"
"formclas.f",180,209,"FORMCL_CA","SISKFC",169,"72","numeric",72,,"38548071d5aa652bb90c7f111f86b427f798a1c9"
"formclas.f",180,209,"FORMCL_CA","SISKFC",170,"65","numeric",65,,"38548071d5aa652bb90c7f111f86b427f798a1c9"
"formclas.f",180,209,"FORMCL_CA","SISKFC",171,"69","numeric",69,,"38548071d5aa652bb90c7f111f86b427f798a1c9"
"formclas.f",180,209,"FORMCL_CA","SISKFC",172,"70","numeric",70,,"38548071d5aa652bb90c7f111f86b427f798a1c9"
"formclas.f",180,209,"FORMCL_CA","SISKFC",173,"80","numeric",80,,"38548071d5aa652bb90c7f111f86b427f798a1c9"
"formclas.f",180,209,"FORMCL_CA","SISKFC",174,"72","numeric",72,,"38548071d5aa652bb90c7f111f86b427f798a1c9"
"formclas.f",180,209,"FORMCL_CA","SISKFC",175,"72","numeric",72,,"38548071d5aa652bb90c7f111f86b427f798a1c9"
"formclas.f",180,209,"FORMCL_CA","SISKFC",176,"70","numeric",70,,"38548071d5aa652bb90c7f111f86b427f798a1c9"
"formclas.f",180,209,"FORMCL_CA","SISKFC",177,"74","numeric",74,,"38548071d5aa652bb90c7f111f86b427f798a1c9"
"formclas.f",180,209,"FORMCL_CA","SISKFC",178,"72","numeric",72,,"38548071d5aa652bb90c7f111f86b427f798a1c9"
"formclas.f",180,209,"FORMCL_CA","SISKFC",179,"70","numeric",70,,"38548071d5aa652bb90c7f111f86b427f798a1c9"
"formclas.f",180,209,"FORMCL_CA","SISKFC",180,"72","numeric",72,,"38548071d5aa652bb90c7f111f86b427f798a1c9"
"formclas.f",180,209,"FORMCL_CA","SISKFC",181,"72","numeric",72,,"38548071d5aa652bb90c7f111f86b427f798a1c9"
"formclas.f",180,209,"FORMCL_CA","SISKFC",182,"70","numeric",70,,"38548071d5aa652bb90c7f111f86b427f798a1c9"
"formclas.f",180,209,"FORMCL_CA","SISKFC",183,"74","numeric",74,,"38548071d5aa652bb90c7f111f86b427f798a1c9"
"formclas.f",180,209,"FORMCL_CA","SISKFC",184,"70","numeric",70,,"38548071d5aa652bb90c7f111f86b427f798a1c9"
"formclas.f",180,209,"FORMCL_CA","SISKFC",185,"70","numeric",70,,"38548071d5aa652bb90c7f111f86b427f798a1c9"
"formclas.f",180,209,"FORMCL_CA","SISKFC",186,"72","numeric",72,,"38548071d5aa652bb90c7f111f86b427f798a1c9"
"formclas.f",180,209,"FORMCL_CA","SISKFC",187,"70","numeric",70,,"38548071d5aa652bb90c7f111f86b427f798a1c9"
"formclas.f",180,209,"FORMCL_CA","SISKFC",188,"70","numeric",70,,"38548071d5aa652bb90c7f111f86b427f798a1c9"
"formclas.f",180,209,"FORMCL_CA","SISKFC",189,"70","numeric",70,,"38548071d5aa652bb90c7f111f86b427f798a1c9"
"formclas.f",180,209,"FORMCL_CA","SISKFC",190,"70","numeric",70,,"38548071d5aa652bb90c7f111f86b427f798a1c9"
"formclas.f",180,209,"FORMCL_CA","SISKFC",191,"70","numeric",70,,"38548071d5aa652bb90c7f111f86b427f798a1c9"
"formclas.f",180,209,"FORMCL_CA","SISKFC",192,"72","numeric",72,,"38548071d5aa652bb90c7f111f86b427f798a1c9"
"formclas.f",180,209,"FORMCL_CA","SISKFC",193,"70","numeric",70,,"38548071d5aa652bb90c7f111f86b427f798a1c9"
"formclas.f",180,209,"FORMCL_CA","SISKFC",194,"70","numeric",70,,"38548071d5aa652bb90c7f111f86b427f798a1c9"
"formclas.f",180,209,"FORMCL_CA","SISKFC",195,"72","numeric",72,,"38548071d5aa652bb90c7f111f86b427f798a1c9"
"formclas.f",180,209,"FORMCL_CA","SISKFC",196,"70","numeric",70,,"38548071d5aa652bb90c7f111f86b427f798a1c9"
"formclas.f",180,209,"FORMCL_CA","SISKFC",197,"72","numeric",72,,"38548071d5aa652bb90c7f111f86b427f798a1c9"
"formclas.f",180,209,"FORMCL_CA","SISKFC",198,"70","numeric",70,,"38548071d5aa652bb90c7f111f86b427f798a1c9"
"formclas.f",180,209,"FORMCL_CA","SISKFC",199,"75","numeric",75,,"38548071d5aa652bb90c7f111f86b427f798a1c9"
"formclas.f",180,209,"FORMCL_CA","SISKFC",200,"74","numeric",74,,"38548071d5aa652bb90c7f111f86b427f798a1c9"
"formclas.f",180,209,"FORMCL_CA","SISKFC",201,"76","numeric",76,,"38548071d5aa652bb90c7f111f86b427f798a1c9"
"formclas.f",180,209,"FORMCL_CA","SISKFC",202,"70","numeric",70,,"38548071d5aa652bb90c7f111f86b427f798a1c9"
"formclas.f",180,209,"FORMCL_CA","SISKFC",203,"72","numeric",72,,"38548071d5aa652bb90c7f111f86b427f798a1c9"
"formclas.f",180,209,"FORMCL_CA","SISKFC",204,"66","numeric",66,,"38548071d5aa652bb90c7f111f86b427f798a1c9"
"formclas.f",180,209,"FORMCL_CA","SISKFC",205,"72","numeric",72,,"38548071d5aa652bb90c7f111f86b427f798a1c9"
"formclas.f",180,209,"FORMCL_CA","SISKFC",206,"72","numeric",72,,"38548071d5aa652bb90c7f111f86b427f798a1c9"
"formclas.f",180,209,"FORMCL_CA","SISKFC",207,"72","numeric",72,,"38548071d5aa652bb90c7f111f86b427f798a1c9"
"formclas.f",180,209,"FORMCL_CA","SISKFC",208,"74","numeric",74,,"38548071d5aa652bb90c7f111f86b427f798a1c9"
"formclas.f",180,209,"FORMCL_CA","SISKFC",209,"72","numeric",72,,"38548071d5aa652bb90c7f111f86b427f798a1c9"
"formclas.f",180,209,"FORMCL_CA","SISKFC",210,"72","numeric",72,,"38548071d5aa652bb90c7f111f86b427f798a1c9"
"formclas.f",180,209,"FORMCL_CA","SISKFC",211,"68","numeric",68,,"38548071d5aa652bb90c7f111f86b427f798a1c9"
"formclas.f",180,209,"FORMCL_CA","SISKFC",212,"74","numeric",74,,"38548071d5aa652bb90c7f111f86b427f798a1c9"
"formclas.f",180,209,"FORMCL_CA","SISKFC",213,"73","numeric",73,,"38548071d5aa652bb90c7f111f86b427f798a1c9"
"formclas.f",180,209,"FORMCL_CA","SISKFC",214,"72","numeric",72,,"38548071d5aa652bb90c7f111f86b427f798a1c9"
"formclas.f",180,209,"FORMCL_CA","SISKFC",215,"72","numeric",72,,"38548071d5aa652bb90c7f111f86b427f798a1c9"
"formclas.f",180,209,"FORMCL_CA","SISKFC",216,"72","numeric",72,,"38548071d5aa652bb90c7f111f86b427f798a1c9"
"formclas.f",180,209,"FORMCL_CA","SISKFC",217,"72","numeric",72,,"38548071d5aa652bb90c7f111f86b427f798a1c9"
"formclas.f",180,209,"FORMCL_CA","SISKFC",218,"72","numeric",72,,"38548071d5aa652bb90c7f111f86b427f798a1c9"
"formclas.f",180,209,"FORMCL_CA","SISKFC",219,"65","numeric",65,,"38548071d5aa652bb90c7f111f86b427f798a1c9"
"formclas.f",180,209,"FORMCL_CA","SISKFC",220,"68","numeric",68,,"38548071d5aa652bb90c7f111f86b427f798a1c9"
"formclas.f",180,209,"FORMCL_CA","SISKFC",221,"70","numeric",70,,"38548071d5aa652bb90c7f111f86b427f798a1c9"
"formclas.f",180,209,"FORMCL_CA","SISKFC",222,"78","numeric",78,,"38548071d5aa652bb90c7f111f86b427f798a1c9"
"formclas.f",180,209,"FORMCL_CA","SISKFC",223,"70","numeric",70,,"38548071d5aa652bb90c7f111f86b427f798a1c9"
"formclas.f",180,209,"FORMCL_CA","SISKFC",224,"72","numeric",72,,"38548071d5aa652bb90c7f111f86b427f798a1c9"
"formclas.f",180,209,"FORMCL_CA","SISKFC",225,"70","numeric",70,,"38548071d5aa652bb90c7f111f86b427f798a1c9"
"formclas.f",180,209,"FORMCL_CA","SISKFC",226,"74","numeric",74,,"38548071d5aa652bb90c7f111f86b427f798a1c9"
"formclas.f",180,209,"FORMCL_CA","SISKFC",227,"72","numeric",72,,"38548071d5aa652bb90c7f111f86b427f798a1c9"
"formclas.f",180,209,"FORMCL_CA","SISKFC",228,"70","numeric",70,,"38548071d5aa652bb90c7f111f86b427f798a1c9"
"formclas.f",180,209,"FORMCL_CA","SISKFC",229,"72","numeric",72,,"38548071d5aa652bb90c7f111f86b427f798a1c9"
"formclas.f",180,209,"FORMCL_CA","SISKFC",230,"72","numeric",72,,"38548071d5aa652bb90c7f111f86b427f798a1c9"
"formclas.f",180,209,"FORMCL_CA","SISKFC",231,"70","numeric",70,,"38548071d5aa652bb90c7f111f86b427f798a1c9"
"formclas.f",180,209,"FORMCL_CA","SISKFC",232,"74","numeric",74,,"38548071d5aa652bb90c7f111f86b427f798a1c9"
"formclas.f",180,209,"FORMCL_CA","SISKFC",233,"70","numeric",70,,"38548071d5aa652bb90c7f111f86b427f798a1c9"
"formclas.f",180,209,"FORMCL_CA","SISKFC",234,"70","numeric",70,,"38548071d5aa652bb90c7f111f86b427f798a1c9"
"formclas.f",180,209,"FORMCL_CA","SISKFC",235,"72","numeric",72,,"38548071d5aa652bb90c7f111f86b427f798a1c9"
"formclas.f",180,209,"FORMCL_CA","SISKFC",236,"70","numeric",70,,"38548071d5aa652bb90c7f111f86b427f798a1c9"
"formclas.f",180,209,"FORMCL_CA","SISKFC",237,"70","numeric",70,,"38548071d5aa652bb90c7f111f86b427f798a1c9"
"formclas.f",180,209,"FORMCL_CA","SISKFC",238,"70","numeric",70,,"38548071d5aa652bb90c7f111f86b427f798a1c9"
"formclas.f",180,209,"FORMCL_CA","SISKFC",239,"70","numeric",70,,"38548071d5aa652bb90c7f111f86b427f798a1c9"
"formclas.f",180,209,"FORMCL_CA","SISKFC",240,"70","numeric",70,,"38548071d5aa652bb90c7f111f86b427f798a1c9"
"formclas.f",180,209,"FORMCL_CA","SISKFC",241,"72","numeric",72,,"38548071d5aa652bb90c7f111f86b427f798a1c9"
"formclas.f",180,209,"FORMCL_CA","SISKFC",242,"70","numeric",70,,"38548071d5aa652bb90c7f111f86b427f798a1c9"
"formclas.f",180,209,"FORMCL_CA","SISKFC",243,"70","numeric",70,,"38548071d5aa652bb90c7f111f86b427f798a1c9"
"formclas.f",180,209,"FORMCL_CA","SISKFC",244,"72","numeric",72,,"38548071d5aa652bb90c7f111f86b427f798a1c9"
"formclas.f",180,209,"FORMCL_CA","SISKFC",245,"70","numeric",70,,"38548071d5aa652bb90c7f111f86b427f798a1c9"
"formclas.f",274,275,"FORMCL_EC","FIAJSP",1,"'011'","character",,"011","38548071d5aa652bb90c7f111f86b427f798a1c9"
"formclas.f",274,275,"FORMCL_EC","FIAJSP",2,"'017'","character",,"017","38548071d5aa652bb90c7f111f86b427f798a1c9"
"formclas.f",274,275,"FORMCL_EC","FIAJSP",3,"'019'","character",,"019","38548071d5aa652bb90c7f111f86b427f798a1c9"
"formclas.f",274,275,"FORMCL_EC","FIAJSP",4,"'073'","character",,"073","38548071d5aa652bb90c7f111f86b427f798a1c9"
"formclas.f",274,275,"FORMCL_EC","FIAJSP",5,"'093'","character",,"093","38548071d5aa652bb90c7f111f86b427f798a1c9"
"formclas.f",274,275,"FORMCL_EC","FIAJSP",6,"'108'","character",,"108","38548071d5aa652bb90c7f111f86b427f798a1c9"
"formclas.f",274,275,"FORMCL_EC","FIAJSP",7,"'119'","character",,"119","38548071d5aa652bb90c7f111f86b427f798a1c9"
"formclas.f",274,275,"FORMCL_EC","FIAJSP",8,"'122'","character",,"122","38548071d5aa652bb90c7f111f86b427f798a1c9"
"formclas.f",274,275,"FORMCL_EC","FIAJSP",9,"'202'","character",,"202","38548071d5aa652bb90c7f111f86b427f798a1c9"
"formclas.f",274,275,"FORMCL_EC","FIAJSP",10,"'242'","character",,"242","38548071d5aa652bb90c7f111f86b427f798a1c9"
"formclas.f",274,275,"FORMCL_EC","FIAJSP",11,"'999'","character",,"999","38548071d5aa652bb90c7f111f86b427f798a1c9"
"formclas.f",279,284,"FORMCL_EC","OKANFC",1,"82","numeric",82,,"38548071d5aa652bb90c7f111f86b427f798a1c9"
"formclas.f",279,284,"FORMCL_EC","OKANFC",2,"76","numeric",76,,"38548071d5aa652bb90c7f111f86b427f798a1c9"
"formclas.f",279,284,"FORMCL_EC","OKANFC",3,"84","numeric",84,,"38548071d5aa652bb90c7f111f86b427f798a1c9"
"formclas.f",279,284,"FORMCL_EC","OKANFC",4,"78","numeric",78,,"38548071d5aa652bb90c7f111f86b427f798a1c9"
"formclas.f",279,284,"FORMCL_EC","OKANFC",5,"82","numeric",82,,"38548071d5aa652bb90c7f111f86b427f798a1c9"
"formclas.f",279,284,"FORMCL_EC","OKANFC",6,"85","numeric",85,,"38548071d5aa652bb90c7f111f86b427f798a1c9"
"formclas.f",279,284,"FORMCL_EC","OKANFC",7,"78","numeric",78,,"38548071d5aa652bb90c7f111f86b427f798a1c9"
"formclas.f",279,284,"FORMCL_EC","OKANFC",8,"78","numeric",78,,"38548071d5aa652bb90c7f111f86b427f798a1c9"
"formclas.f",279,284,"FORMCL_EC","OKANFC",9,"72","numeric",72,,"38548071d5aa652bb90c7f111f86b427f798a1c9"
"formclas.f",279,284,"FORMCL_EC","OKANFC",10,"75","numeric",75,,"38548071d5aa652bb90c7f111f86b427f798a1c9"
"formclas.f",279,284,"FORMCL_EC","OKANFC",11,"75","numeric",75,,"38548071d5aa652bb90c7f111f86b427f798a1c9"
"formclas.f",279,284,"FORMCL_EC","OKANFC",12,"82","numeric",82,,"38548071d5aa652bb90c7f111f86b427f798a1c9"
"formclas.f",279,284,"FORMCL_EC","OKANFC",13,"78","numeric",78,,"38548071d5aa652bb90c7f111f86b427f798a1c9"
"formclas.f",279,284,"FORMCL_EC","OKANFC",14,"84","numeric",84,,"38548071d5aa652bb90c7f111f86b427f798a1c9"
"formclas.f",279,284,"FORMCL_EC","OKANFC",15,"78","numeric",78,,"38548071d5aa652bb90c7f111f86b427f798a1c9"
"formclas.f",279,284,"FORMCL_EC","OKANFC",16,"82","numeric",82,,"38548071d5aa652bb90c7f111f86b427f798a1c9"
"formclas.f",279,284,"FORMCL_EC","OKANFC",17,"85","numeric",85,,"38548071d5aa652bb90c7f111f86b427f798a1c9"
"formclas.f",279,284,"FORMCL_EC","OKANFC",18,"80","numeric",80,,"38548071d5aa652bb90c7f111f86b427f798a1c9"
"formclas.f",279,284,"FORMCL_EC","OKANFC",19,"80","numeric",80,,"38548071d5aa652bb90c7f111f86b427f798a1c9"
"formclas.f",279,284,"FORMCL_EC","OKANFC",20,"72","numeric",72,,"38548071d5aa652bb90c7f111f86b427f798a1c9"
"formclas.f",279,284,"FORMCL_EC","OKANFC",21,"75","numeric",75,,"38548071d5aa652bb90c7f111f86b427f798a1c9"
"formclas.f",279,284,"FORMCL_EC","OKANFC",22,"78","numeric",78,,"38548071d5aa652bb90c7f111f86b427f798a1c9"
"formclas.f",279,284,"FORMCL_EC","OKANFC",23,"82","numeric",82,,"38548071d5aa652bb90c7f111f86b427f798a1c9"
"formclas.f",279,284,"FORMCL_EC","OKANFC",24,"77","numeric",77,,"38548071d5aa652bb90c7f111f86b427f798a1c9"
"formclas.f",279,284,"FORMCL_EC","OKANFC",25,"85","numeric",85,,"38548071d5aa652bb90c7f111f86b427f798a1c9"
"formclas.f",279,284,"FORMCL_EC","OKANFC",26,"78","numeric",78,,"38548071d5aa652bb90c7f111f86b427f798a1c9"
"formclas.f",279,284,"FORMCL_EC","OKANFC",27,"83","numeric",83,,"38548071d5aa652bb90c7f111f86b427f798a1c9"
"formclas.f",279,284,"FORMCL_EC","OKANFC",28,"85","numeric",85,,"38548071d5aa652bb90c7f111f86b427f798a1c9"
"formclas.f",279,284,"FORMCL_EC","OKANFC",29,"80","numeric",80,,"38548071d5aa652bb90c7f111f86b427f798a1c9"
"formclas.f",279,284,"FORMCL_EC","OKANFC",30,"81","numeric",81,,"38548071d5aa652bb90c7f111f86b427f798a1c9"
"formclas.f",279,284,"FORMCL_EC","OKANFC",31,"73","numeric",73,,"38548071d5aa652bb90c7f111f86b427f798a1c9"
"formclas.f",279,284,"FORMCL_EC","OKANFC",32,"72","numeric",72,,"38548071d5aa652bb90c7f111f86b427f798a1c9"
"formclas.f",279,284,"FORMCL_EC","OKANFC",33,"79","numeric",79,,"38548071d5aa652bb90c7f111f86b427f798a1c9"
"formclas.f",279,284,"FORMCL_EC","OKANFC",34,"84","numeric",84,,"38548071d5aa652bb90c7f111f86b427f798a1c9"
"formclas.f",279,284,"FORMCL_EC","OKANFC",35,"76","numeric",76,,"38548071d5aa652bb90c7f111f86b427f798a1c9"
"formclas.f",279,284,"FORMCL_EC","OKANFC",36,"85","numeric",85,,"38548071d5aa652bb90c7f111f86b427f798a1c9"
"formclas.f",279,284,"FORMCL_EC","OKANFC",37,"73","numeric",73,,"38548071d5aa652bb90c7f111f86b427f798a1c9"
"formclas.f",279,284,"FORMCL_EC","OKANFC",38,"86","numeric",86,,"38548071d5aa652bb90c7f111f86b427f798a1c9"
"formclas.f",279,284,"FORMCL_EC","OKANFC",39,"85","numeric",85,,"38548071d5aa652bb90c7f111f86b427f798a1c9"
"formclas.f",279,284,"FORMCL_EC","OKANFC",40,"82","numeric",82,,"38548071d5aa652bb90c7f111f86b427f798a1c9"
"formclas.f",279,284,"FORMCL_EC","OKANFC",41,"82","numeric",82,,"38548071d5aa652bb90c7f111f86b427f798a1c9"
"formclas.f",279,284,"FORMCL_EC","OKANFC",42,"75","numeric",75,,"38548071d5aa652bb90c7f111f86b427f798a1c9"
"formclas.f",279,284,"FORMCL_EC","OKANFC",43,"68","numeric",68,,"38548071d5aa652bb90c7f111f86b427f798a1c9"
"formclas.f",279,284,"FORMCL_EC","OKANFC",44,"79","numeric",79,,"38548071d5aa652bb90c7f111f86b427f798a1c9"
"formclas.f",279,284,"FORMCL_EC","OKANFC",45,"84","numeric",84,,"38548071d5aa652bb90c7f111f86b427f798a1c9"
"formclas.f",279,284,"FORMCL_EC","OKANFC",46,"76","numeric",76,,"38548071d5aa652bb90c7f111f86b427f798a1c9"
"formclas.f",279,284,"FORMCL_EC","OKANFC",47,"85","numeric",85,,"38548071d5aa652bb90c7f111f86b427f798a1c9"
"formclas.f",279,284,"FORMCL_EC","OKANFC",48,"73","numeric",73,,"38548071d5aa652bb90c7f111f86b427f798a1c9"
"formclas.f",279,284,"FORMCL_EC","OKANFC",49,"86","numeric",86,,"38548071d5aa652bb90c7f111f86b427f798a1c9"
"formclas.f",279,284,"FORMCL_EC","OKANFC",50,"85","numeric",85,,"38548071d5aa652bb90c7f111f86b427f798a1c9"
"formclas.f",279,284,"FORMCL_EC","OKANFC",51,"80","numeric",80,,"38548071d5aa652bb90c7f111f86b427f798a1c9"
"formclas.f",279,284,"FORMCL_EC","OKANFC",52,"84","numeric",84,,"38548071d5aa652bb90c7f111f86b427f798a1c9"
"formclas.f",279,284,"FORMCL_EC","OKANFC",53,"75","numeric",75,,"38548071d5aa652bb90c7f111f86b427f798a1c9"
"formclas.f",279,284,"FORMCL_EC","OKANFC",54,"61","numeric",61,,"38548071d5aa652bb90c7f111f86b427f798a1c9"
"formclas.f",279,284,"FORMCL_EC","OKANFC",55,"78","numeric",78,,"38548071d5aa652bb90c7f111f86b427f798a1c9"
"formclas.f",288,293,"FORMCL_EC","WENAFC",1,"85","numeric",85,,"38548071d5aa652bb90c7f111f86b427f798a1c9"
"formclas.f",288,293,"FORMCL_EC","WENAFC",2,"78","numeric",78,,"38548071d5aa652bb90c7f111f86b427f798a1c9"
"formclas.f",288,293,"FORMCL_EC","WENAFC",3,"76","numeric",76,,"38548071d5aa652bb90c7f111f86b427f798a1c9"
"formclas.f",288,293,"FORMCL_EC","WENAFC",4,"77","numeric",77,,"38548071d5aa652bb90c7f111f86b427f798a1c9"
"formclas.f",288,293,"FORMCL_EC","WENAFC",5,"79","numeric",79,,"38548071d5aa652bb90c7f111f86b427f798a1c9"
"formclas.f",288,293,"FORMCL_EC","WENAFC",6,"82","numeric",82,,"38548071d5aa652bb90c7f111f86b427f798a1c9"
"formclas.f",288,293,"FORMCL_EC","WENAFC",7,"83","numeric",83,,"38548071d5aa652bb90c7f111f86b427f798a1c9"
"formclas.f",288,293,"FORMCL_EC","WENAFC",8,"77","numeric",77,,"38548071d5aa652bb90c7f111f86b427f798a1c9"
"formclas.f",288,293,"FORMCL_EC","WENAFC",9,"75","numeric",75,,"38548071d5aa652bb90c7f111f86b427f798a1c9"
"formclas.f",288,293,"FORMCL_EC","WENAFC",10,"69","numeric",69,,"38548071d5aa652bb90c7f111f86b427f798a1c9"
"formclas.f",288,293,"FORMCL_EC","WENAFC",11,"82","numeric",82,,"38548071d5aa652bb90c7f111f86b427f798a1c9"
"formclas.f",288,293,"FORMCL_EC","WENAFC",12,"86","numeric",86,,"38548071d5aa652bb90c7f111f86b427f798a1c9"
"formclas.f",288,293,"FORMCL_EC","WENAFC",13,"79","numeric",79,,"38548071d5aa652bb90c7f111f86b427f798a1c9"
"formclas.f",288,293,"FORMCL_EC","WENAFC",14,"77","numeric",77,,"38548071d5aa652bb90c7f111f86b427f798a1c9"
"formclas.f",288,293,"FORMCL_EC","WENAFC",15,"78","numeric",78,,"38548071d5aa652bb90c7f111f86b427f798a1c9"
"formclas.f",288,293,"FORMCL_EC","WENAFC",16,"80","numeric",80,,"38548071d5aa652bb90c7f111f86b427f798a1c9"
"formclas.f",288,293,"FORMCL_EC","WENAFC",17,"82","numeric",82,,"38548071d5aa652bb90c7f111f86b427f798a1c9"
"formclas.f",288,293,"FORMCL_EC","WENAFC",18,"84","numeric",84,,"38548071d5aa652bb90c7f111f86b427f798a1c9"
"formclas.f",288,293,"FORMCL_EC","WENAFC",19,"78","numeric",78,,"38548071d5aa652bb90c7f111f86b427f798a1c9"
"formclas.f",288,293,"FORMCL_EC","WENAFC",20,"76","numeric",76,,"38548071d5aa652bb90c7f111f86b427f798a1c9"
"formclas.f",288,293,"FORMCL_EC","WENAFC",21,"70","numeric",70,,"38548071d5aa652bb90c7f111f86b427f798a1c9"
"formclas.f",288,293,"FORMCL_EC","WENAFC",22,"82","numeric",82,,"38548071d5aa652bb90c7f111f86b427f798a1c9"
"formclas.f",288,293,"FORMCL_EC","WENAFC",23,"84","numeric",84,,"38548071d5aa652bb90c7f111f86b427f798a1c9"
"formclas.f",288,293,"FORMCL_EC","WENAFC",24,"79","numeric",79,,"38548071d5aa652bb90c7f111f86b427f798a1c9"
"formclas.f",288,293,"FORMCL_EC","WENAFC",25,"78","numeric",78,,"38548071d5aa652bb90c7f111f86b427f798a1c9"
"formclas.f",288,293,"FORMCL_EC","WENAFC",26,"79","numeric",79,,"38548071d5aa652bb90c7f111f86b427f798a1c9"
"formclas.f",288,293,"FORMCL_EC","WENAFC",27,"80","numeric",80,,"38548071d5aa652bb90c7f111f86b427f798a1c9"
"formclas.f",288,293,"FORMCL_EC","WENAFC",28,"82","numeric",82,,"38548071d5aa652bb90c7f111f86b427f798a1c9"
"formclas.f",288,293,"FORMCL_EC","WENAFC",29,"84","numeric",84,,"38548071d5aa652bb90c7f111f86b427f798a1c9"
"formclas.f",288,293,"FORMCL_EC","WENAFC",30,"81","numeric",81,,"38548071d5aa652bb90c7f111f86b427f798a1c9"
"formclas.f",288,293,"FORMCL_EC","WENAFC",31,"75","numeric",75,,"38548071d5aa652bb90c7f111f86b427f798a1c9"
"formclas.f",288,293,"FORMCL_EC","WENAFC",32,"70","numeric",70,,"38548071d5aa652bb90c7f111f86b427f798a1c9"
"formclas.f",288,293,"FORMCL_EC","WENAFC",33,"82","numeric",82,,"38548071d5aa652bb90c7f111f86b427f798a1c9"
"formclas.f",288,293,"FORMCL_EC","WENAFC",34,"86","numeric",86,,"38548071d5aa652bb90c7f111f86b427f798a1c9"
"formclas.f",288,293,"FORMCL_EC","WENAFC",35,"79","numeric",79,,"38548071d5aa652bb90c7f111f86b427f798a1c9"
"formclas.f",288,293,"FORMCL_EC","WENAFC",36,"76","numeric",76,,"38548071d5aa652bb90c7f111f86b427f798a1c9"
"formclas.f",288,293,"FORMCL_EC","WENAFC",37,"80","numeric",80,,"38548071d5aa652bb90c7f111f86b427f798a1c9"
"formclas.f",288,293,"FORMCL_EC","WENAFC",38,"82","numeric",82,,"38548071d5aa652bb90c7f111f86b427f798a1c9"
"formclas.f",288,293,"FORMCL_EC","WENAFC",39,"82","numeric",82,,"38548071d5aa652bb90c7f111f86b427f798a1c9"
"formclas.f",288,293,"FORMCL_EC","WENAFC",40,"85","numeric",85,,"38548071d5aa652bb90c7f111f86b427f798a1c9"
"formclas.f",288,293,"FORMCL_EC","WENAFC",41,"81","numeric",81,,"38548071d5aa652bb90c7f111f86b427f798a1c9"
"formclas.f",288,293,"FORMCL_EC","WENAFC",42,"76","numeric",76,,"38548071d5aa652bb90c7f111f86b427f798a1c9"
"formclas.f",288,293,"FORMCL_EC","WENAFC",43,"68","numeric",68,,"38548071d5aa652bb90c7f111f86b427f798a1c9"
"formclas.f",288,293,"FORMCL_EC","WENAFC",44,"80","numeric",80,,"38548071d5aa652bb90c7f111f86b427f798a1c9"
"formclas.f",288,293,"FORMCL_EC","WENAFC",45,"86","numeric",86,,"38548071d5aa652bb90c7f111f86b427f798a1c9"
"formclas.f",288,293,"FORMCL_EC","WENAFC",46,"80","numeric",80,,"38548071d5aa652bb90c7f111f86b427f798a1c9"
"formclas.f",288,293,"FORMCL_EC","WENAFC",47,"77","numeric",77,,"38548071d5aa652bb90c7f111f86b427f798a1c9"
"formclas.f",288,293,"FORMCL_EC","WENAFC",48,"80","numeric",80,,"38548071d5aa652bb90c7f111f86b427f798a1c9"
"formclas.f",288,293,"FORMCL_EC","WENAFC",49,"82","numeric",82,,"38548071d5aa652bb90c7f111f86b427f798a1c9"
"formclas.f",288,293,"FORMCL_EC","WENAFC",50,"82","numeric",82,,"38548071d5aa652bb90c7f111f86b427f798a1c9"
"formclas.f",288,293,"FORMCL_EC","WENAFC",51,"84","numeric",84,,"38548071d5aa652bb90c7f111f86b427f798a1c9"
"formclas.f",288,293,"FORMCL_EC","WENAFC",52,"80","numeric",80,,"38548071d5aa652bb90c7f111f86b427f798a1c9"
"formclas.f",288,293,"FORMCL_EC","WENAFC",53,"73","numeric",73,,"38548071d5aa652bb90c7f111f86b427f798a1c9"
"formclas.f",288,293,"FORMCL_EC","WENAFC",54,"70","numeric",70,,"38548071d5aa652bb90c7f111f86b427f798a1c9"
"formclas.f",288,293,"FORMCL_EC","WENAFC",55,"80","numeric",80,,"38548071d5aa652bb90c7f111f86b427f798a1c9"
"formclas.f",357,358,"FORMCL_NI","FIAJSP",1,"'017'","character",,"017","38548071d5aa652bb90c7f111f86b427f798a1c9"
"formclas.f",357,358,"FORMCL_NI","FIAJSP",2,"'019'","character",,"019","38548071d5aa652bb90c7f111f86b427f798a1c9"
"formclas.f",357,358,"FORMCL_NI","FIAJSP",3,"'073'","character",,"073","38548071d5aa652bb90c7f111f86b427f798a1c9"
"formclas.f",357,358,"FORMCL_NI","FIAJSP",4,"'093'","character",,"093","38548071d5aa652bb90c7f111f86b427f798a1c9"
"formclas.f",357,358,"FORMCL_NI","FIAJSP",5,"'108'","character",,"108","38548071d5aa652bb90c7f111f86b427f798a1c9"
"formclas.f",357,358,"FORMCL_NI","FIAJSP",6,"'119'","character",,"119","38548071d5aa652bb90c7f111f86b427f798a1c9"
"formclas.f",357,358,"FORMCL_NI","FIAJSP",7,"'122'","character",,"122","38548071d5aa652bb90c7f111f86b427f798a1c9"
"formclas.f",357,358,"FORMCL_NI","FIAJSP",8,"'202'","character",,"202","38548071d5aa652bb90c7f111f86b427f798a1c9"
"formclas.f",357,358,"FORMCL_NI","FIAJSP",9,"'242'","character",,"242","38548071d5aa652bb90c7f111f86b427f798a1c9"
"formclas.f",357,358,"FORMCL_NI","FIAJSP",10,"'263'","character",,"263","38548071d5aa652bb90c7f111f86b427f798a1c9"
"formclas.f",357,358,"FORMCL_NI","FIAJSP",11,"'999'","character",,"999","38548071d5aa652bb90c7f111f86b427f798a1c9"
"formclas.f",363,368,"FORMCL_NI","COLVFC",1,"76","numeric",76,,"38548071d5aa652bb90c7f111f86b427f798a1c9"
"formclas.f",363,368,"FORMCL_NI","COLVFC",2,"78","numeric",78,,"38548071d5aa652bb90c7f111f86b427f798a1c9"
"formclas.f",363,368,"FORMCL_NI","COLVFC",3,"78","numeric",78,,"38548071d5aa652bb90c7f111f86b427f798a1c9"
"formclas.f",363,368,"FORMCL_NI","COLVFC",4,"77","numeric",77,,"38548071d5aa652bb90c7f111f86b427f798a1c9"
"formclas.f",363,368,"FORMCL_NI","COLVFC",5,"80","numeric",80,,"38548071d5aa652bb90c7f111f86b427f798a1c9"
"formclas.f",363,368,"FORMCL_NI","COLVFC",6,"78","numeric",78,,"38548071d5aa652bb90c7f111f86b427f798a1c9"
"formclas.f",363,368,"FORMCL_NI","COLVFC",7,"78","numeric",78,,"38548071d5aa652bb90c7f111f86b427f798a1c9"
"formclas.f",363,368,"FORMCL_NI","COLVFC",8,"78","numeric",78,,"38548071d5aa652bb90c7f111f86b427f798a1c9"
"formclas.f",363,368,"FORMCL_NI","COLVFC",9,"64","numeric",64,,"38548071d5aa652bb90c7f111f86b427f798a1c9"
"formclas.f",363,368,"FORMCL_NI","COLVFC",10,"76","numeric",76,,"38548071d5aa652bb90c7f111f86b427f798a1c9"
"formclas.f",363,368,"FORMCL_NI","COLVFC",11,"75","numeric",75,,"38548071d5aa652bb90c7f111f86b427f798a1c9"
"formclas.f",363,368,"FORMCL_NI","COLVFC",12,"78","numeric",78,,"38548071d5aa652bb90c7f111f86b427f798a1c9"
"formclas.f",363,368,"FORMCL_NI","COLVFC",13,"76","numeric",76,,"38548071d5aa652bb90c7f111f86b427f798a1c9"
"formclas.f",363,368,"FORMCL_NI","COLVFC",14,"78","numeric",78,,"38548071d5aa652bb90c7f111f86b427f798a1c9"
"formclas.f",363,368,"FORMCL_NI","COLVFC",15,"79","numeric",79,,"38548071d5aa652bb90c7f111f86b427f798a1c9"
"formclas.f",363,368,"FORMCL_NI","COLVFC",16,"82","numeric",82,,"38548071d5aa652bb90c7f111f86b427f798a1c9"
"formclas.f",363,368,"FORMCL_NI","COLVFC",17,"80","numeric",80,,"38548071d5aa652bb90c7f111f86b427f798a1c9"
"formclas.f",363,368,"FORMCL_NI","COLVFC",18,"80","numeric",80,,"38548071d5aa652bb90c7f111f86b427f798a1c9"
"formclas.f",363,368,"FORMCL_NI","COLVFC",19,"76","numeric",76,,"38548071d5aa652bb90c7f111f86b427f798a1c9"
"formclas.f",363,368,"FORMCL_NI","COLVFC",20,"65","numeric",65,,"38548071d5aa652bb90c7f111f86b427f798a1c9"
"formclas.f",363,368,"FORMCL_NI","COLVFC",21,"78","numeric",78,,"38548071d5aa652bb90c7f111f86b427f798a1c9"
"formclas.f",363,368,"FORMCL_NI","COLVFC",22,"78","numeric",78,,"38548071d5aa652bb90c7f111f86b427f798a1c9"
"formclas.f",363,368,"FORMCL_NI","COLVFC",23,"77","numeric",77,,"38548071d5aa652bb90c7f111f86b427f798a1c9"
"formclas.f",363,368,"FORMCL_NI","COLVFC",24,"74","numeric",74,,"38548071d5aa652bb90c7f111f86b427f798a1c9"
"formclas.f",363,368,"FORMCL_NI","COLVFC",25,"80","numeric",80,,"38548071d5aa652bb90c7f111f86b427f798a1c9"
"formclas.f",363,368,"FORMCL_NI","COLVFC",26,"80","numeric",80,,"38548071d5aa652bb90c7f111f86b427f798a1c9"
"formclas.f",363,368,"FORMCL_NI","COLVFC",27,"82","numeric",82,,"38548071d5aa652bb90c7f111f86b427f798a1c9"
"formclas.f",363,368,"FORMCL_NI","COLVFC",28,"80","numeric",80,,"38548071d5aa652bb90c7f111f86b427f798a1c9"
"formclas.f",363,368,"FORMCL_NI","COLVFC",29,"80","numeric",80,,"38548071d5aa652bb90c7f111f86b427f798a1c9"
"formclas.f",363,368,"FORMCL_NI","COLVFC",30,"75","numeric",75,,"38548071d5aa652bb90c7f111f86b427f798a1c9"
"formclas.f",363,368,"FORMCL_NI","COLVFC",31,"66","numeric",66,,"38548071d5aa652bb90c7f111f86b427f798a1c9"
"formclas.f",363,368,"FORMCL_NI","COLVFC",32,"80","numeric",80,,"38548071d5aa652bb90c7f111f86b427f798a1c9"
"formclas.f",363,368,"FORMCL_NI","COLVFC",33,"79","numeric",79,,"38548071d5aa652bb90c7f111f86b427f798a1c9"
"formclas.f",363,368,"FORMCL_NI","COLVFC",34,"76","numeric",76,,"38548071d5aa652bb90c7f111f86b427f798a1c9"
"formclas.f",363,368,"FORMCL_NI","COLVFC",35,"74","numeric",74,,"38548071d5aa652bb90c7f111f86b427f798a1c9"
"formclas.f",363,368,"FORMCL_NI","COLVFC",36,"80","numeric",80,,"38548071d5aa652bb90c7f111f86b427f798a1c9"
"formclas.f",363,368,"FORMCL_NI","COLVFC",37,"80","numeric",80,,"38548071d5aa652bb90c7f111f86b427f798a1c9"
"formclas.f",363,368,"FORMCL_NI","COLVFC",38,"80","numeric",80,,"38548071d5aa652bb90c7f111f86b427f798a1c9"
"formclas.f",363,368,"FORMCL_NI","COLVFC",39,"82","numeric",82,,"38548071d5aa652bb90c7f111f86b427f798a1c9"
"formclas.f",363,368,"FORMCL_NI","COLVFC",40,"82","numeric",82,,"38548071d5aa652bb90c7f111f86b427f798a1c9"
"formclas.f",363,368,"FORMCL_NI","COLVFC",41,"74","numeric",74,,"38548071d5aa652bb90c7f111f86b427f798a1c9"
"formclas.f",363,368,"FORMCL_NI","COLVFC",42,"66","numeric",66,,"38548071d5aa652bb90c7f111f86b427f798a1c9"
"formclas.f",363,368,"FORMCL_NI","COLVFC",43,"80","numeric",80,,"38548071d5aa652bb90c7f111f86b427f798a1c9"
"formclas.f",363,368,"FORMCL_NI","COLVFC",44,"79","numeric",79,,"38548071d5aa652bb90c7f111f86b427f798a1c9"
"formclas.f",363,368,"FORMCL_NI","COLVFC",45,"76","numeric",76,,"38548071d5aa652bb90c7f111f86b427f798a1c9"
"formclas.f",363,368,"FORMCL_NI","COLVFC",46,"74","numeric",74,,"38548071d5aa652bb90c7f111f86b427f798a1c9"
"formclas.f",363,368,"FORMCL_NI","COLVFC",47,"80","numeric",80,,"38548071d5aa652bb90c7f111f86b427f798a1c9"
"formclas.f",363,368,"FORMCL_NI","COLVFC",48,"81","numeric",81,,"38548071d5aa652bb90c7f111f86b427f798a1c9"
"formclas.f",363,368,"FORMCL_NI","COLVFC",49,"80","numeric",80,,"38548071d5aa652bb90c7f111f86b427f798a1c9"
"formclas.f",363,368,"FORMCL_NI","COLVFC",50,"80","numeric",80,,"38548071d5aa652bb90c7f111f86b427f798a1c9"
"formclas.f",363,368,"FORMCL_NI","COLVFC",51,"80","numeric",80,,"38548071d5aa652bb90c7f111f86b427f798a1c9"
"formclas.f",363,368,"FORMCL_NI","COLVFC",52,"74","numeric",74,,"38548071d5aa652bb90c7f111f86b427f798a1c9"
"formclas.f",363,368,"FORMCL_NI","COLVFC",53,"66","numeric",66,,"38548071d5aa652bb90c7f111f86b427f798a1c9"
"formclas.f",363,368,"FORMCL_NI","COLVFC",54,"82","numeric",82,,"38548071d5aa652bb90c7f111f86b427f798a1c9"
"formclas.f",363,368,"FORMCL_NI","COLVFC",55,"78","numeric",78,,"38548071d5aa652bb90c7f111f86b427f798a1c9"
"formclas.f",435,438,"FORMCL_PN","FIAJSP",1,"'   '","character",,"   ","38548071d5aa652bb90c7f111f86b427f798a1c9"
"formclas.f",435,438,"FORMCL_PN","FIAJSP",2,"'011'","character",,"011","38548071d5aa652bb90c7f111f86b427f798a1c9"
"formclas.f",435,438,"FORMCL_PN","FIAJSP",3,"'015'","character",,"015","38548071d5aa652bb90c7f111f86b427f798a1c9"
"formclas.f",435,438,"FORMCL_PN","FIAJSP",4,"'017'","character",,"017","38548071d5aa652bb90c7f111f86b427f798a1c9"
"formclas.f",435,438,"FORMCL_PN","FIAJSP",5,"'019'","character",,"019","38548071d5aa652bb90c7f111f86b427f798a1c9"
"formclas.f",435,438,"FORMCL_PN","FIAJSP",6,"'020'","character",,"020","38548071d5aa652bb90c7f111f86b427f798a1c9"
"formclas.f",435,438,"FORMCL_PN","FIAJSP",7,"'022'","character",,"022","38548071d5aa652bb90c7f111f86b427f798a1c9"
"formclas.f",435,438,"FORMCL_PN","FIAJSP",8,"'042'","character",,"042","38548071d5aa652bb90c7f111f86b427f798a1c9"
"formclas.f",435,438,"FORMCL_PN","FIAJSP",9,"'060'","character",,"060","38548071d5aa652bb90c7f111f86b427f798a1c9"
"formclas.f",435,438,"FORMCL_PN","FIAJSP",10,"'072'","character",,"072","38548071d5aa652bb90c7f111f86b427f798a1c9"
"formclas.f",435,438,"FORMCL_PN","FIAJSP",11,"'081'","character",,"081","38548071d5aa652bb90c7f111f86b427f798a1c9"
"formclas.f",435,438,"FORMCL_PN","FIAJSP",12,"'093'","character",,"093","38548071d5aa652bb90c7f111f86b427f798a1c9"
"formclas.f",435,438,"FORMCL_PN","FIAJSP",13,"'098'","character",,"098","38548071d5aa652bb90c7f111f86b427f798a1c9"
"formclas.f",435,438,"FORMCL_PN","FIAJSP",14,"'101'","character",,"101","38548071d5aa652bb90c7f111f86b427f798a1c9"
"formclas.f",435,438,"FORMCL_PN","FIAJSP",15,"'103'","character",,"103","38548071d5aa652bb90c7f111f86b427f798a1c9"
"formclas.f",435,438,"FORMCL_PN","FIAJSP",16,"'108'","character",,"108","38548071d5aa652bb90c7f111f86b427f798a1c9"
"formclas.f",435,438,"FORMCL_PN","FIAJSP",17,"'116'","character",,"116","38548071d5aa652bb90c7f111f86b427f798a1c9"
"formclas.f",435,438,"FORMCL_PN","FIAJSP",18,"'117'","character",,"117","38548071d5aa652bb90c7f111f86b427f798a1c9"
"formclas.f",435,438,"FORMCL_PN","FIAJSP",19,"'119'","character",,"119","38548071d5aa652bb90c7f111f86b427f798a1c9"
"formclas.f",435,438,"FORMCL_PN","FIAJSP",20,"'122'","character",,"122","38548071d5aa652bb90c7f111f86b427f798a1c9"
"formclas.f",435,438,"FORMCL_PN","FIAJSP",21,"'202'","character",,"202","38548071d5aa652bb90c7f111f86b427f798a1c9"
"formclas.f",435,438,"FORMCL_PN","FIAJSP",22,"'211'","character",,"211","38548071d5aa652bb90c7f111f86b427f798a1c9"
"formclas.f",435,438,"FORMCL_PN","FIAJSP",23,"'231'","character",,"231","38548071d5aa652bb90c7f111f86b427f798a1c9"
"formclas.f",435,438,"FORMCL_PN","FIAJSP",24,"'242'","character",,"242","38548071d5aa652bb90c7f111f86b427f798a1c9"
"formclas.f",435,438,"FORMCL_PN","FIAJSP",25,"'263'","character",,"263","38548071d5aa652bb90c7f111f86b427f798a1c9"
"formclas.f",435,438,"FORMCL_PN","FIAJSP",26,"'264'","character",,"264","38548071d5aa652bb90c7f111f86b427f798a1c9"
"formclas.f",435,438,"FORMCL_PN","FIAJSP",27,"'312'","character",,"312","38548071d5aa652bb90c7f111f86b427f798a1c9"
"formclas.f",435,438,"FORMCL_PN","FIAJSP",28,"'351'","character",,"351","38548071d5aa652bb90c7f111f86b427f798a1c9"
"formclas.f",435,438,"FORMCL_PN","FIAJSP",29,"'352'","character",,"352","38548071d5aa652bb90c7f111f86b427f798a1c9"
"formclas.f",435,438,"FORMCL_PN","FIAJSP",30,"'376'","character",,"376","38548071d5aa652bb90c7f111f86b427f798a1c9"
"formclas.f",435,438,"FORMCL_PN","FIAJSP",31,"'431'","character",,"431","38548071d5aa652bb90c7f111f86b427f798a1c9"
"formclas.f",435,438,"FORMCL_PN","FIAJSP",32,"'492'","character",,"492","38548071d5aa652bb90c7f111f86b427f798a1c9"
"formclas.f",435,438,"FORMCL_PN","FIAJSP",33,"'500'","character",,"500","38548071d5aa652bb90c7f111f86b427f798a1c9"
"formclas.f",435,438,"FORMCL_PN","FIAJSP",34,"'746'","character",,"746","38548071d5aa652bb90c7f111f86b427f798a1c9"
"formclas.f",435,438,"FORMCL_PN","FIAJSP",35,"'747'","character",,"747","38548071d5aa652bb90c7f111f86b427f798a1c9"
"formclas.f",435,438,"FORMCL_PN","FIAJSP",36,"'764'","character",,"764","38548071d5aa652bb90c7f111f86b427f798a1c9"
"formclas.f",435,438,"FORMCL_PN","FIAJSP",37,"'815'","character",,"815","38548071d5aa652bb90c7f111f86b427f798a1c9"
"formclas.f",435,438,"FORMCL_PN","FIAJSP",38,"'920'","character",,"920","38548071d5aa652bb90c7f111f86b427f798a1c9"
"formclas.f",435,438,"FORMCL_PN","FIAJSP",39,"'999'","character",,"999","38548071d5aa652bb90c7f111f86b427f798a1c9"
"formclas.f",443,462,"FORMCL_PN","OLYMFC",1,"74","numeric",74,,"38548071d5aa652bb90c7f111f86b427f798a1c9"
"formclas.f",443,462,"FORMCL_PN","OLYMFC",2,"86","numeric",86,,"38548071d5aa652bb90c7f111f86b427f798a1c9"
"formclas.f",443,462,"FORMCL_PN","OLYMFC",3,"86","numeric",86,,"38548071d5aa652bb90c7f111f86b427f798a1c9"
"formclas.f",443,462,"FORMCL_PN","OLYMFC",4,"78","numeric",78,,"38548071d5aa652bb90c7f111f86b427f798a1c9"
"formclas.f",443,462,"FORMCL_PN","OLYMFC",5,"86","numeric",86,,"38548071d5aa652bb90c7f111f86b427f798a1c9"
"formclas.f",443,462,"FORMCL_PN","OLYMFC",6,"75","numeric",75,,"38548071d5aa652bb90c7f111f86b427f798a1c9"
"formclas.f",443,462,"FORMCL_PN","OLYMFC",7,"78","numeric",78,,"38548071d5aa652bb90c7f111f86b427f798a1c9"
"formclas.f",443,462,"FORMCL_PN","OLYMFC",8,"81","numeric",81,,"38548071d5aa652bb90c7f111f86b427f798a1c9"
"formclas.f",443,462,"FORMCL_PN","OLYMFC",9,"60","numeric",60,,"38548071d5aa652bb90c7f111f86b427f798a1c9"
"formclas.f",443,462,"FORMCL_PN","OLYMFC",10,"75","numeric",75,,"38548071d5aa652bb90c7f111f86b427f798a1c9"
"formclas.f",443,462,"FORMCL_PN","OLYMFC",11,"66","numeric",66,,"38548071d5aa652bb90c7f111f86b427f798a1c9"
"formclas.f",443,462,"FORMCL_PN","OLYMFC",12,"80","numeric",80,,"38548071d5aa652bb90c7f111f86b427f798a1c9"
"formclas.f",443,462,"FORMCL_PN","OLYMFC",13,"80","numeric",80,,"38548071d5aa652bb90c7f111f86b427f798a1c9"
"formclas.f",443,462,"FORMCL_PN","OLYMFC",14,"82","numeric",82,,"38548071d5aa652bb90c7f111f86b427f798a1c9"
"formclas.f",443,462,"FORMCL_PN","OLYMFC",15,"82","numeric",82,,"38548071d5aa652bb90c7f111f86b427f798a1c9"
"formclas.f",443,462,"FORMCL_PN","OLYMFC",16,"82","numeric",82,,"38548071d5aa652bb90c7f111f86b427f798a1c9"
"formclas.f",443,462,"FORMCL_PN","OLYMFC",17,"75","numeric",75,,"38548071d5aa652bb90c7f111f86b427f798a1c9"
"formclas.f",443,462,"FORMCL_PN","OLYMFC",18,"72","numeric",72,,"38548071d5aa652bb90c7f111f86b427f798a1c9"
"formclas.f",443,462,"FORMCL_PN","OLYMFC",19,"86","numeric",86,,"38548071d5aa652bb90c7f111f86b427f798a1c9"
"formclas.f",443,462,"FORMCL_PN","OLYMFC",20,"76","numeric",76,,"38548071d5aa652bb90c7f111f86b427f798a1c9"
"formclas.f",443,462,"FORMCL_PN","OLYMFC",21,"75","numeric",75,,"38548071d5aa652bb90c7f111f86b427f798a1c9"
"formclas.f",443,462,"FORMCL_PN","OLYMFC",22,"75","numeric",75,,"38548071d5aa652bb90c7f111f86b427f798a1c9"
"formclas.f",443,462,"FORMCL_PN","OLYMFC",23,"56","numeric",56,,"38548071d5aa652bb90c7f111f86b427f798a1c9"
"formclas.f",443,462,"FORMCL_PN","OLYMFC",24,"80","numeric",80,,"38548071d5aa652bb90c7f111f86b427f798a1c9"
"formclas.f",443,462,"FORMCL_PN","OLYMFC",25,"87","numeric",87,,"38548071d5aa652bb90c7f111f86b427f798a1c9"
"formclas.f",443,462,"FORMCL_PN","OLYMFC",26,"87","numeric",87,,"38548071d5aa652bb90c7f111f86b427f798a1c9"
"formclas.f",443,462,"FORMCL_PN","OLYMFC",27,"74","numeric",74,,"38548071d5aa652bb90c7f111f86b427f798a1c9"
"formclas.f",443,462,"FORMCL_PN","OLYMFC",28,"74","numeric",74,,"38548071d5aa652bb90c7f111f86b427f798a1c9"
"formclas.f",443,462,"FORMCL_PN","OLYMFC",29,"70","numeric",70,,"38548071d5aa652bb90c7f111f86b427f798a1c9"
"formclas.f",443,462,"FORMCL_PN","OLYMFC",30,"70","numeric",70,,"38548071d5aa652bb90c7f111f86b427f798a1c9"
"formclas.f",443,462,"FORMCL_PN","OLYMFC",31,"75","numeric",75,,"38548071d5aa652bb90c7f111f86b427f798a1c9"
"formclas.f",443,462,"FORMCL_PN","OLYMFC",32,"70","numeric",70,,"38548071d5aa652bb90c7f111f86b427f798a1c9"
"formclas.f",443,462,"FORMCL_PN","OLYMFC",33,"70","numeric",70,,"38548071d5aa652bb90c7f111f86b427f798a1c9"
"formclas.f",443,462,"FORMCL_PN","OLYMFC",34,"75","numeric",75,,"38548071d5aa652bb90c7f111f86b427f798a1c9"
"formclas.f",443,462,"FORMCL_PN","OLYMFC",35,"74","numeric",74,,"38548071d5aa652bb90c7f111f86b427f798a1c9"
"formclas.f",443,462,"FORMCL_PN","OLYMFC",36,"74","numeric",74,,"38548071d5aa652bb90c7f111f86b427f798a1c9"
"formclas.f",443,462,"FORMCL_PN","OLYMFC",37,"70","numeric",70,,"38548071d5aa652bb90c7f111f86b427f798a1c9"
"formclas.f",443,462,"FORMCL_PN","OLYMFC",38,"75","numeric",75,,"38548071d5aa652bb90c7f111f86b427f798a1c9"
"formclas.f",443,462,"FORMCL_PN","OLYMFC",39,"74","numeric",74,,"38548071d5aa652bb90c7f111f86b427f798a1c9"
"formclas.f",443,462,"FORMCL_PN","OLYMFC",40,"74","numeric",74,,"38548071d5aa652bb90c7f111f86b427f798a1c9"
"formclas.f",443,462,"FORMCL_PN","OLYMFC",41,"86","numeric",86,,"38548071d5aa652bb90c7f111f86b427f798a1c9"
"formclas.f",443,462,"FORMCL_PN","OLYMFC",42,"86","numeric",86,,"38548071d5aa652bb90c7f111f86b427f798a1c9"
"formclas.f",443,462,"FORMCL_PN","OLYMFC",43,"76","numeric",76,,"38548071d5aa652bb90c7f111f86b427f798a1c9"
"formclas.f",443,462,"FORMCL_PN","OLYMFC",44,"86","numeric",86,,"38548071d5aa652bb90c7f111f86b427f798a1c9"
"formclas.f",443,462,"FORMCL_PN","OLYMFC",45,"75","numeric",75,,"38548071d5aa652bb90c7f111f86b427f798a1c9"
"formclas.f",443,462,"FORMCL_PN","OLYMFC",46,"78","numeric",78,,"38548071d5aa652bb90c7f111f86b427f798a1c9"
"formclas.f",443,462,"FORMCL_PN","OLYMFC",47,"81","numeric",81,,"38548071d5aa652bb90c7f111f86b427f798a1c9"
"formclas.f",443,462,"FORMCL_PN","OLYMFC",48,"60","numeric",60,,"38548071d5aa652bb90c7f111f86b427f798a1c9"
"formclas.f",443,462,"FORMCL_PN","OLYMFC",49,"75","numeric",75,,"38548071d5aa652bb90c7f111f86b427f798a1c9"
"formclas.f",443,462,"FORMCL_PN","OLYMFC",50,"67","numeric",67,,"38548071d5aa652bb90c7f111f86b427f798a1c9"
"formclas.f",443,462,"FORMCL_PN","OLYMFC",51,"82","numeric",82,,"38548071d5aa652bb90c7f111f86b427f798a1c9"
"formclas.f",443,462,"FORMCL_PN","OLYMFC",52,"80","numeric",80,,"38548071d5aa652bb90c7f111f86b427f798a1c9"
"formclas.f",443,462,"FORMCL_PN","OLYMFC",53,"82","numeric",82,,"38548071d5aa652bb90c7f111f86b427f798a1c9"
"formclas.f",443,462,"FORMCL_PN","OLYMFC",54,"82","numeric",82,,"38548071d5aa652bb90c7f111f86b427f798a1c9"
"formclas.f",443,462,"FORMCL_PN","OLYMFC",55,"82","numeric",82,,"38548071d5aa652bb90c7f111f86b427f798a1c9"
"formclas.f",443,462,"FORMCL_PN","OLYMFC",56,"75","numeric",75,,"38548071d5aa652bb90c7f111f86b427f798a1c9"
"formclas.f",443,462,"FORMCL_PN","OLYMFC",57,"74","numeric",74,,"38548071d5aa652bb90c7f111f86b427f798a1c9"
"formclas.f",443,462,"FORMCL_PN","OLYMFC",58,"86","numeric",86,,"38548071d5aa652bb90c7f111f86b427f798a1c9"
"formclas.f",443,462,"FORMCL_PN","OLYMFC",59,"76","numeric",76,,"38548071d5aa652bb90c7f111f86b427f798a1c9"
"formclas.f",443,462,"FORMCL_PN","OLYMFC",60,"75","numeric",75,,"38548071d5aa652bb90c7f111f86b427f798a1c9"
"formclas.f",443,462,"FORMCL_PN","OLYMFC",61,"75","numeric",75,,"38548071d5aa652bb90c7f111f86b427f798a1c9"
"formclas.f",443,462,"FORMCL_PN","OLYMFC",62,"60","numeric",60,,"38548071d5aa652bb90c7f111f86b427f798a1c9"
"formclas.f",443,462,"FORMCL_PN","OLYMFC",63,"80","numeric",80,,"38548071d5aa652bb90c7f111f86b427f798a1c9"
"formclas.f",443,462,"FORMCL_PN","OLYMFC",64,"87","numeric",87,,"38548071d5aa652bb90c7f111f86b427f798a1c9"
"formclas.f",443,462,"FORMCL_PN","OLYMFC",65,"87","numeric",87,,"38548071d5aa652bb90c7f111f86b427f798a1c9"
"formclas.f",443,462,"FORMCL_PN","OLYMFC",66,"74","numeric",74,,"38548071d5aa652bb90c7f111f86b427f798a1c9"
"formclas.f",443,462,"FORMCL_PN","OLYMFC",67,"74","numeric",74,,"38548071d5aa652bb90c7f111f86b427f798a1c9"
"formclas.f",443,462,"FORMCL_PN","OLYMFC",68,"70","numeric",70,,"38548071d5aa652bb90c7f111f86b427f798a1c9"
"formclas.f",443,462,"FORMCL_PN","OLYMFC",69,"70","numeric",70,,"38548071d5aa652bb90c7f111f86b427f798a1c9"
"formclas.f",443,462,"FORMCL_PN","OLYMFC",70,"75","numeric",75,,"38548071d5aa652bb90c7f111f86b427f798a1c9"
"formclas.f",443,462,"FORMCL_PN","OLYMFC",71,"70","numeric",70,,"38548071d5aa652bb90c7f111f86b427f798a1c9"
"formclas.f",443,462,"FORMCL_PN","OLYMFC",72,"70","numeric",70,,"38548071d5aa652bb90c7f111f86b427f798a1c9"
"formclas.f",443,462,"FORMCL_PN","OLYMFC",73,"75","numeric",75,,"38548071d5aa652bb90c7f111f86b427f798a1c9"
"formclas.f",443,462,"FORMCL_PN","OLYMFC",74,"74","numeric",74,,"38548071d5aa652bb90c7f111f86b427f798a1c9"
"formclas.f",443,462,"FORMCL_PN","OLYMFC",75,"74","numeric",74,,"38548071d5aa652bb90c7f111f86b427f798a1c9"
"formclas.f",443,462,"FORMCL_PN","OLYMFC",76,"70","numeric",70,,"38548071d5aa652bb90c7f111f86b427f798a1c9"
"formclas.f",443,462,"FORMCL_PN","OLYMFC",77,"75","numeric",75,,"38548071d5aa652bb90c7f111f86b427f798a1c9"
"formclas.f",443,462,"FORMCL_PN","OLYMFC",78,"74","numeric",74,,"38548071d5aa652bb90c7f111f86b427f798a1c9"
"formclas.f",443,462,"FORMCL_PN","OLYMFC",79,"74","numeric",74,,"38548071d5aa652bb90c7f111f86b427f798a1c9"
"formclas.f",443,462,"FORMCL_PN","OLYMFC",80,"85","numeric",85,,"38548071d5aa652bb90c7f111f86b427f798a1c9"
"formclas.f",443,462,"FORMCL_PN","OLYMFC",81,"85","numeric",85,,"38548071d5aa652bb90c7f111f86b427f798a1c9"
"formclas.f",443,462,"FORMCL_PN","OLYMFC",82,"76","numeric",76,,"38548071d5aa652bb90c7f111f86b427f798a1c9"
"formclas.f",443,462,"FORMCL_PN","OLYMFC",83,"85","numeric",85,,"38548071d5aa652bb90c7f111f86b427f798a1c9"
"formclas.f",443,462,"FORMCL_PN","OLYMFC",84,"75","numeric",75,,"38548071d5aa652bb90c7f111f86b427f798a1c9"
"formclas.f",443,462,"FORMCL_PN","OLYMFC",85,"78","numeric",78,,"38548071d5aa652bb90c7f111f86b427f798a1c9"
"formclas.f",443,462,"FORMCL_PN","OLYMFC",86,"81","numeric",81,,"38548071d5aa652bb90c7f111f86b427f798a1c9"
"formclas.f",443,462,"FORMCL_PN","OLYMFC",87,"60","numeric",60,,"38548071d5aa652bb90c7f111f86b427f798a1c9"
"formclas.f",443,462,"FORMCL_PN","OLYMFC",88,"75","numeric",75,,"38548071d5aa652bb90c7f111f86b427f798a1c9"
"formclas.f",443,462,"FORMCL_PN","OLYMFC",89,"68","numeric",68,,"38548071d5aa652bb90c7f111f86b427f798a1c9"
"formclas.f",443,462,"FORMCL_PN","OLYMFC",90,"84","numeric",84,,"38548071d5aa652bb90c7f111f86b427f798a1c9"
"formclas.f",443,462,"FORMCL_PN","OLYMFC",91,"80","numeric",80,,"38548071d5aa652bb90c7f111f86b427f798a1c9"
"formclas.f",443,462,"FORMCL_PN","OLYMFC",92,"82","numeric",82,,"38548071d5aa652bb90c7f111f86b427f798a1c9"
"formclas.f",443,462,"FORMCL_PN","OLYMFC",93,"82","numeric",82,,"38548071d5aa652bb90c7f111f86b427f798a1c9"
"formclas.f",443,462,"FORMCL_PN","OLYMFC",94,"82","numeric",82,,"38548071d5aa652bb90c7f111f86b427f798a1c9"
"formclas.f",443,462,"FORMCL_PN","OLYMFC",95,"75","numeric",75,,"38548071d5aa652bb90c7f111f86b427f798a1c9"
"formclas.f",443,462,"FORMCL_PN","OLYMFC",96,"75","numeric",75,,"38548071d5aa652bb90c7f111f86b427f798a1c9"
"formclas.f",443,462,"FORMCL_PN","OLYMFC",97,"82","numeric",82,,"38548071d5aa652bb90c7f111f86b427f798a1c9"
"formclas.f",443,462,"FORMCL_PN","OLYMFC",98,"77","numeric",77,,"38548071d5aa652bb90c7f111f86b427f798a1c9"
"formclas.f",443,462,"FORMCL_PN","OLYMFC",99,"76","numeric",76,,"38548071d5aa652bb90c7f111f86b427f798a1c9"
"formclas.f",443,462,"FORMCL_PN","OLYMFC",100,"75","numeric",75,,"38548071d5aa652bb90c7f111f86b427f798a1c9"
"formclas.f",443,462,"FORMCL_PN","OLYMFC",101,"60","numeric",60,,"38548071d5aa652bb90c7f111f86b427f798a1c9"
"formclas.f",443,462,"FORMCL_PN","OLYMFC",102,"79","numeric",79,,"38548071d5aa652bb90c7f111f86b427f798a1c9"
"formclas.f",443,462,"FORMCL_PN","OLYMFC",103,"85","numeric",85,,"38548071d5aa652bb90c7f111f86b427f798a1c9"
"formclas.f",443,462,"FORMCL_PN","OLYMFC",104,"85","numeric",85,,"38548071d5aa652bb90c7f111f86b427f798a1c9"
"formclas.f",443,462,"FORMCL_PN","OLYMFC",105,"74","numeric",74,,"38548071d5aa652bb90c7f111f86b427f798a1c9"
"formclas.f",443,462,"FORMCL_PN","OLYMFC",106,"75","numeric",75,,"38548071d5aa652bb90c7f111f86b427f798a1c9"
"formclas.f",443,462,"FORMCL_PN","OLYMFC",107,"70","numeric",70,,"38548071d5aa652bb90c7f111f86b427f798a1c9"
"formclas.f",443,462,"FORMCL_PN","OLYMFC",108,"70","numeric",70,,"38548071d5aa652bb90c7f111f86b427f798a1c9"
"formclas.f",443,462,"FORMCL_PN","OLYMFC",109,"75","numeric",75,,"38548071d5aa652bb90c7f111f86b427f798a1c9"
"formclas.f",443,462,"FORMCL_PN","OLYMFC",110,"70","numeric",70,,"38548071d5aa652bb90c7f111f86b427f798a1c9"
"formclas.f",443,462,"FORMCL_PN","OLYMFC",111,"70","numeric",70,,"38548071d5aa652bb90c7f111f86b427f798a1c9"
"formclas.f",443,462,"FORMCL_PN","OLYMFC",112,"75","numeric",75,,"38548071d5aa652bb90c7f111f86b427f798a1c9"
"formclas.f",443,462,"FORMCL_PN","OLYMFC",113,"74","numeric",74,,"38548071d5aa652bb90c7f111f86b427f798a1c9"
"formclas.f",443,462,"FORMCL_PN","OLYMFC",114,"75","numeric",75,,"38548071d5aa652bb90c7f111f86b427f798a1c9"
"formclas.f",443,462,"FORMCL_PN","OLYMFC",115,"70","numeric",70,,"38548071d5aa652bb90c7f111f86b427f798a1c9"
"formclas.f",443,462,"FORMCL_PN","OLYMFC",116,"75","numeric",75,,"38548071d5aa652bb90c7f111f86b427f798a1c9"
"formclas.f",443,462,"FORMCL_PN","OLYMFC",117,"74","numeric",74,,"38548071d5aa652bb90c7f111f86b427f798a1c9"
"formclas.f",443,462,"FORMCL_PN","OLYMFC",118,"74","numeric",74,,"38548071d5aa652bb90c7f111f86b427f798a1c9"
"formclas.f",443,462,"FORMCL_PN","OLYMFC",119,"81","numeric",81,,"38548071d5aa652bb90c7f111f86b427f798a1c9"
"formclas.f",443,462,"FORMCL_PN","OLYMFC",120,"81","numeric",81,,"38548071d5aa652bb90c7f111f86b427f798a1c9"
"formclas.f",443,462,"FORMCL_PN","OLYMFC",121,"74","numeric",74,,"38548071d5aa652bb90c7f111f86b427f798a1c9"
"formclas.f",443,462,"FORMCL_PN","OLYMFC",122,"81","numeric",81,,"38548071d5aa652bb90c7f111f86b427f798a1c9"
"formclas.f",443,462,"FORMCL_PN","OLYMFC",123,"74","numeric",74,,"38548071d5aa652bb90c7f111f86b427f798a1c9"
"formclas.f",443,462,"FORMCL_PN","OLYMFC",124,"78","numeric",78,,"38548071d5aa652bb90c7f111f86b427f798a1c9"
"formclas.f",443,462,"FORMCL_PN","OLYMFC",125,"81","numeric",81,,"38548071d5aa652bb90c7f111f86b427f798a1c9"
"formclas.f",443,462,"FORMCL_PN","OLYMFC",126,"60","numeric",60,,"38548071d5aa652bb90c7f111f86b427f798a1c9"
"formclas.f",443,462,"FORMCL_PN","OLYMFC",127,"74","numeric",74,,"38548071d5aa652bb90c7f111f86b427f798a1c9"
"formclas.f",443,462,"FORMCL_PN","OLYMFC",128,"67","numeric",67,,"38548071d5aa652bb90c7f111f86b427f798a1c9"
"formclas.f",443,462,"FORMCL_PN","OLYMFC",129,"84","numeric",84,,"38548071d5aa652bb90c7f111f86b427f798a1c9"
"formclas.f",443,462,"FORMCL_PN","OLYMFC",130,"80","numeric",80,,"38548071d5aa652bb90c7f111f86b427f798a1c9"
"formclas.f",443,462,"FORMCL_PN","OLYMFC",131,"82","numeric",82,,"38548071d5aa652bb90c7f111f86b427f798a1c9"
"formclas.f",443,462,"FORMCL_PN","OLYMFC",132,"82","numeric",82,,"38548071d5aa652bb90c7f111f86b427f798a1c9"
"formclas.f",443,462,"FORMCL_PN","OLYMFC",133,"83","numeric",83,,"38548071d5aa652bb90c7f111f86b427f798a1c9"
"formclas.f",443,462,"FORMCL_PN","OLYMFC",134,"74","numeric",74,,"38548071d5aa652bb90c7f111f86b427f798a1c9"
"formclas.f",443,462,"FORMCL_PN","OLYMFC",135,"75","numeric",75,,"38548071d5aa652bb90c7f111f86b427f798a1c9"
"formclas.f",443,462,"FORMCL_PN","OLYMFC",136,"82","numeric",82,,"38548071d5aa652bb90c7f111f86b427f798a1c9"
"formclas.f",443,462,"FORMCL_PN","OLYMFC",137,"77","numeric",77,,"38548071d5aa652bb90c7f111f86b427f798a1c9"
"formclas.f",443,462,"FORMCL_PN","OLYMFC",138,"77","numeric",77,,"38548071d5aa652bb90c7f111f86b427f798a1c9"
"formclas.f",443,462,"FORMCL_PN","OLYMFC",139,"74","numeric",74,,"38548071d5aa652bb90c7f111f86b427f798a1c9"
"formclas.f",443,462,"FORMCL_PN","OLYMFC",140,"60","numeric",60,,"38548071d5aa652bb90c7f111f86b427f798a1c9"
"formclas.f",443,462,"FORMCL_PN","OLYMFC",141,"78","numeric",78,,"38548071d5aa652bb90c7f111f86b427f798a1c9"
"formclas.f",443,462,"FORMCL_PN","OLYMFC",142,"85","numeric",85,,"38548071d5aa652bb90c7f111f86b427f798a1c9"
"formclas.f",443,462,"FORMCL_PN","OLYMFC",143,"85","numeric",85,,"38548071d5aa652bb90c7f111f86b427f798a1c9"
"formclas.f",443,462,"FORMCL_PN","OLYMFC",144,"74","numeric",74,,"38548071d5aa652bb90c7f111f86b427f798a1c9"
"formclas.f",443,462,"FORMCL_PN","OLYMFC",145,"75","numeric",75,,"38548071d5aa652bb90c7f111f86b427f798a1c9"
"formclas.f",443,462,"FORMCL_PN","OLYMFC",146,"70","numeric",70,,"38548071d5aa652bb90c7f111f86b427f798a1c9"
"formclas.f",443,462,"FORMCL_PN","OLYMFC",147,"70","numeric",70,,"38548071d5aa652bb90c7f111f86b427f798a1c9"
"formclas.f",443,462,"FORMCL_PN","OLYMFC",148,"75","numeric",75,,"38548071d5aa652bb90c7f111f86b427f798a1c9"
"formclas.f",443,462,"FORMCL_PN","OLYMFC",149,"70","numeric",70,,"38548071d5aa652bb90c7f111f86b427f798a1c9"
"formclas.f",443,462,"FORMCL_PN","OLYMFC",150,"70","numeric",70,,"38548071d5aa652bb90c7f111f86b427f798a1c9"
"formclas.f",443,462,"FORMCL_PN","OLYMFC",151,"75","numeric",75,,"38548071d5aa652bb90c7f111f86b427f798a1c9"
"formclas.f",443,462,"FORMCL_PN","OLYMFC",152,"74","numeric",74,,"38548071d5aa652bb90c7f111f86b427f798a1c9"
"formclas.f",443,462,"FORMCL_PN","OLYMFC",153,"75","numeric",75,,"38548071d5aa652bb90c7f111f86b427f798a1c9"
"formclas.f",443,462,"FORMCL_PN","OLYMFC",154,"70","numeric",70,,"38548071d5aa652bb90c7f111f86b427f798a1c9"
"formclas.f",443,462,"FORMCL_PN","OLYMFC",155,"75","numeric",75,,"38548071d5aa652bb90c7f111f86b427f798a1c9"
"formclas.f",443,462,"FORMCL_PN","OLYMFC",156,"74","numeric",74,,"38548071d5aa652bb90c7f111f86b427f798a1c9"
"formclas.f",443,462,"FORMCL_PN","OLYMFC",157,"74","numeric",74,,"38548071d5aa652bb90c7f111f86b427f798a1c9"
"formclas.f",443,462,"FORMCL_PN","OLYMFC",158,"81","numeric",81,,"38548071d5aa652bb90c7f111f86b427f798a1c9"
"formclas.f",443,462,"FORMCL_PN","OLYMFC",159,"81","numeric",81,,"38548071d5aa652bb90c7f111f86b427f798a1c9"
"formclas.f",443,462,"FORMCL_PN","OLYMFC",160,"74","numeric",74,,"38548071d5aa652bb90c7f111f86b427f798a1c9"
"formclas.f",443,462,"FORMCL_PN","OLYMFC",161,"81","numeric",81,,"38548071d5aa652bb90c7f111f86b427f798a1c9"
"formclas.f",443,462,"FORMCL_PN","OLYMFC",162,"74","numeric",74,,"38548071d5aa652bb90c7f111f86b427f798a1c9"
"formclas.f",443,462,"FORMCL_PN","OLYMFC",163,"78","numeric",78,,"38548071d5aa652bb90c7f111f86b427f798a1c9"
"formclas.f",443,462,"FORMCL_PN","OLYMFC",164,"81","numeric",81,,"38548071d5aa652bb90c7f111f86b427f798a1c9"
"formclas.f",443,462,"FORMCL_PN","OLYMFC",165,"60","numeric",60,,"38548071d5aa652bb90c7f111f86b427f798a1c9"
"formclas.f",443,462,"FORMCL_PN","OLYMFC",166,"74","numeric",74,,"38548071d5aa652bb90c7f111f86b427f798a1c9"
"formclas.f",443,462,"FORMCL_PN","OLYMFC",167,"66","numeric",66,,"38548071d5aa652bb90c7f111f86b427f798a1c9"
"formclas.f",443,462,"FORMCL_PN","OLYMFC",168,"84","numeric",84,,"38548071d5aa652bb90c7f111f86b427f798a1c9"
"formclas.f",443,462,"FORMCL_PN","OLYMFC",169,"80","numeric",80,,"38548071d5aa652bb90c7f111f86b427f798a1c9"
"formclas.f",443,462,"FORMCL_PN","OLYMFC",170,"82","numeric",82,,"38548071d5aa652bb90c7f111f86b427f798a1c9"
"formclas.f",443,462,"FORMCL_PN","OLYMFC",171,"82","numeric",82,,"38548071d5aa652bb90c7f111f86b427f798a1c9"
"formclas.f",443,462,"FORMCL_PN","OLYMFC",172,"82","numeric",82,,"38548071d5aa652bb90c7f111f86b427f798a1c9"
"formclas.f",443,462,"FORMCL_PN","OLYMFC",173,"74","numeric",74,,"38548071d5aa652bb90c7f111f86b427f798a1c9"
"formclas.f",443,462,"FORMCL_PN","OLYMFC",174,"78","numeric",78,,"38548071d5aa652bb90c7f111f86b427f798a1c9"
"formclas.f",443,462,"FORMCL_PN","OLYMFC",175,"82","numeric",82,,"38548071d5aa652bb90c7f111f86b427f798a1c9"
"formclas.f",443,462,"FORMCL_PN","OLYMFC",176,"78","numeric",78,,"38548071d5aa652bb90c7f111f86b427f798a1c9"
"formclas.f",443,462,"FORMCL_PN","OLYMFC",177,"78","numeric",78,,"38548071d5aa652bb90c7f111f86b427f798a1c9"
"formclas.f",443,462,"FORMCL_PN","OLYMFC",178,"74","numeric",74,,"38548071d5aa652bb90c7f111f86b427f798a1c9"
"formclas.f",443,462,"FORMCL_PN","OLYMFC",179,"60","numeric",60,,"38548071d5aa652bb90c7f111f86b427f798a1c9"
"formclas.f",443,462,"FORMCL_PN","OLYMFC",180,"78","numeric",78,,"38548071d5aa652bb90c7f111f86b427f798a1c9"
"formclas.f",443,462,"FORMCL_PN","OLYMFC",181,"84","numeric",84,,"38548071d5aa652bb90c7f111f86b427f798a1c9"
"formclas.f",443,462,"FORMCL_PN","OLYMFC",182,"84","numeric",84,,"38548071d5aa652bb90c7f111f86b427f798a1c9"
"formclas.f",443,462,"FORMCL_PN","OLYMFC",183,"74","numeric",74,,"38548071d5aa652bb90c7f111f86b427f798a1c9"
"formclas.f",443,462,"FORMCL_PN","OLYMFC",184,"75","numeric",75,,"38548071d5aa652bb90c7f111f86b427f798a1c9"
"formclas.f",443,462,"FORMCL_PN","OLYMFC",185,"70","numeric",70,,"38548071d5aa652bb90c7f111f86b427f798a1c9"
"formclas.f",443,462,"FORMCL_PN","OLYMFC",186,"70","numeric",70,,"38548071d5aa652bb90c7f111f86b427f798a1c9"
"formclas.f",443,462,"FORMCL_PN","OLYMFC",187,"75","numeric",75,,"38548071d5aa652bb90c7f111f86b427f798a1c9"
"formclas.f",443,462,"FORMCL_PN","OLYMFC",188,"70","numeric",70,,"38548071d5aa652bb90c7f111f86b427f798a1c9"
"formclas.f",443,462,"FORMCL_PN","OLYMFC",189,"70","numeric",70,,"38548071d5aa652bb90c7f111f86b427f798a1c9"
"formclas.f",443,462,"FORMCL_PN","OLYMFC",190,"75","numeric",75,,"38548071d5aa652bb90c7f111f86b427f798a1c9"
"formclas.f",443,462,"FORMCL_PN","OLYMFC",191,"74","numeric",74,,"38548071d5aa652bb90c7f111f86b427f798a1c9"
"formclas.f",443,462,"FORMCL_PN","OLYMFC",192,"75","numeric",75,,"38548071d5aa652bb90c7f111f86b427f798a1c9"
"formclas.f",443,462,"FORMCL_PN","OLYMFC",193,"70","numeric",70,,"38548071d5aa652bb90c7f111f86b427f798a1c9"
"formclas.f",443,462,"FORMCL_PN","OLYMFC",194,"75","numeric",75,,"38548071d5aa652bb90c7f111f86b427f798a1c9"
"formclas.f",443,462,"FORMCL_PN","OLYMFC",195,"74","numeric",74,,"38548071d5aa652bb90c7f111f86b427f798a1c9"
"formclas.f",466,485,"FORMCL_PN","SIUSFC",1,"74","numeric",74,,"38548071d5aa652bb90c7f111f86b427f798a1c9"
"formclas.f",466,485,"FORMCL_PN","SIUSFC",2,"84","numeric",84,,"38548071d5aa652bb90c7f111f86b427f798a1c9"
"formclas.f",466,485,"FORMCL_PN","SIUSFC",3,"86","numeric",86,,"38548071d5aa652bb90c7f111f86b427f798a1c9"
"formclas.f",466,485,"FORMCL_PN","SIUSFC",4,"78","numeric",78,,"38548071d5aa652bb90c7f111f86b427f798a1c9"
"formclas.f",466,485,"FORMCL_PN","SIUSFC",5,"82","numeric",82,,"38548071d5aa652bb90c7f111f86b427f798a1c9"
"formclas.f",466,485,"FORMCL_PN","SIUSFC",6,"75","numeric",75,,"38548071d5aa652bb90c7f111f86b427f798a1c9"
"formclas.f",466,485,"FORMCL_PN","SIUSFC",7,"78","numeric",78,,"38548071d5aa652bb90c7f111f86b427f798a1c9"
"formclas.f",466,485,"FORMCL_PN","SIUSFC",8,"72","numeric",72,,"38548071d5aa652bb90c7f111f86b427f798a1c9"
"formclas.f",466,485,"FORMCL_PN","SIUSFC",9,"60","numeric",60,,"38548071d5aa652bb90c7f111f86b427f798a1c9"
"formclas.f",466,485,"FORMCL_PN","SIUSFC",10,"75","numeric",75,,"38548071d5aa652bb90c7f111f86b427f798a1c9"
"formclas.f",466,485,"FORMCL_PN","SIUSFC",11,"66","numeric",66,,"38548071d5aa652bb90c7f111f86b427f798a1c9"
"formclas.f",466,485,"FORMCL_PN","SIUSFC",12,"80","numeric",80,,"38548071d5aa652bb90c7f111f86b427f798a1c9"
"formclas.f",466,485,"FORMCL_PN","SIUSFC",13,"80","numeric",80,,"38548071d5aa652bb90c7f111f86b427f798a1c9"
"formclas.f",466,485,"FORMCL_PN","SIUSFC",14,"82","numeric",82,,"38548071d5aa652bb90c7f111f86b427f798a1c9"
"formclas.f",466,485,"FORMCL_PN","SIUSFC",15,"82","numeric",82,,"38548071d5aa652bb90c7f111f86b427f798a1c9"
"formclas.f",466,485,"FORMCL_PN","SIUSFC",16,"80","numeric",80,,"38548071d5aa652bb90c7f111f86b427f798a1c9"
"formclas.f",466,485,"FORMCL_PN","SIUSFC",17,"75","numeric",75,,"38548071d5aa652bb90c7f111f86b427f798a1c9"
"formclas.f",466,485,"FORMCL_PN","SIUSFC",18,"72","numeric",72,,"38548071d5aa652bb90c7f111f86b427f798a1c9"
"formclas.f",466,485,"FORMCL_PN","SIUSFC",19,"84","numeric",84,,"38548071d5aa652bb90c7f111f86b427f798a1c9"
"formclas.f",466,485,"FORMCL_PN","SIUSFC",20,"76","numeric",76,,"38548071d5aa652bb90c7f111f86b427f798a1c9"
"formclas.f",466,485,"FORMCL_PN","SIUSFC",21,"67","numeric",67,,"38548071d5aa652bb90c7f111f86b427f798a1c9"
"formclas.f",466,485,"FORMCL_PN","SIUSFC",22,"75","numeric",75,,"38548071d5aa652bb90c7f111f86b427f798a1c9"
"formclas.f",466,485,"FORMCL_PN","SIUSFC",23,"56","numeric",56,,"38548071d5aa652bb90c7f111f86b427f798a1c9"
"formclas.f",466,485,"FORMCL_PN","SIUSFC",24,"58","numeric",58,,"38548071d5aa652bb90c7f111f86b427f798a1c9"
"formclas.f",466,485,"FORMCL_PN","SIUSFC",25,"68","numeric",68,,"38548071d5aa652bb90c7f111f86b427f798a1c9"
"formclas.f",466,485,"FORMCL_PN","SIUSFC",26,"76","numeric",76,,"38548071d5aa652bb90c7f111f86b427f798a1c9"
"formclas.f",466,485,"FORMCL_PN","SIUSFC",27,"74","numeric",74,,"38548071d5aa652bb90c7f111f86b427f798a1c9"
"formclas.f",466,485,"FORMCL_PN","SIUSFC",28,"74","numeric",74,,"38548071d5aa652bb90c7f111f86b427f798a1c9"
"formclas.f",466,485,"FORMCL_PN","SIUSFC",29,"70","numeric",70,,"38548071d5aa652bb90c7f111f86b427f798a1c9"
"formclas.f",466,485,"FORMCL_PN","SIUSFC",30,"70","numeric",70,,"38548071d5aa652bb90c7f111f86b427f798a1c9"
"formclas.f",466,485,"FORMCL_PN","SIUSFC",31,"75","numeric",75,,"38548071d5aa652bb90c7f111f86b427f798a1c9"
"formclas.f",466,485,"FORMCL_PN","SIUSFC",32,"70","numeric",70,,"38548071d5aa652bb90c7f111f86b427f798a1c9"
"formclas.f",466,485,"FORMCL_PN","SIUSFC",33,"70","numeric",70,,"38548071d5aa652bb90c7f111f86b427f798a1c9"
"formclas.f",466,485,"FORMCL_PN","SIUSFC",34,"75","numeric",75,,"38548071d5aa652bb90c7f111f86b427f798a1c9"
"formclas.f",466,485,"FORMCL_PN","SIUSFC",35,"74","numeric",74,,"38548071d5aa652bb90c7f111f86b427f798a1c9"
"formclas.f",466,485,"FORMCL_PN","SIUSFC",36,"74","numeric",74,,"38548071d5aa652bb90c7f111f86b427f798a1c9"
"formclas.f",466,485,"FORMCL_PN","SIUSFC",37,"70","numeric",70,,"38548071d5aa652bb90c7f111f86b427f798a1c9"
"formclas.f",466,485,"FORMCL_PN","SIUSFC",38,"75","numeric",75,,"38548071d5aa652bb90c7f111f86b427f798a1c9"
"formclas.f",466,485,"FORMCL_PN","SIUSFC",39,"74","numeric",74,,"38548071d5aa652bb90c7f111f86b427f798a1c9"
"formclas.f",466,485,"FORMCL_PN","SIUSFC",40,"74","numeric",74,,"38548071d5aa652bb90c7f111f86b427f798a1c9"
"formclas.f",466,485,"FORMCL_PN","SIUSFC",41,"82","numeric",82,,"38548071d5aa652bb90c7f111f86b427f798a1c9"
"formclas.f",466,485,"FORMCL_PN","SIUSFC",42,"86","numeric",86,,"38548071d5aa652bb90c7f111f86b427f798a1c9"
"formclas.f",466,485,"FORMCL_PN","SIUSFC",43,"76","numeric",76,,"38548071d5aa652bb90c7f111f86b427f798a1c9"
"formclas.f",466,485,"FORMCL_PN","SIUSFC",44,"82","numeric",82,,"38548071d5aa652bb90c7f111f86b427f798a1c9"
"formclas.f",466,485,"FORMCL_PN","SIUSFC",45,"75","numeric",75,,"38548071d5aa652bb90c7f111f86b427f798a1c9"
"formclas.f",466,485,"FORMCL_PN","SIUSFC",46,"78","numeric",78,,"38548071d5aa652bb90c7f111f86b427f798a1c9"
"formclas.f",466,485,"FORMCL_PN","SIUSFC",47,"71","numeric",71,,"38548071d5aa652bb90c7f111f86b427f798a1c9"
"formclas.f",466,485,"FORMCL_PN","SIUSFC",48,"60","numeric",60,,"38548071d5aa652bb90c7f111f86b427f798a1c9"
"formclas.f",466,485,"FORMCL_PN","SIUSFC",49,"75","numeric",75,,"38548071d5aa652bb90c7f111f86b427f798a1c9"
"formclas.f",466,485,"FORMCL_PN","SIUSFC",50,"67","numeric",67,,"38548071d5aa652bb90c7f111f86b427f798a1c9"
"formclas.f",466,485,"FORMCL_PN","SIUSFC",51,"82","numeric",82,,"38548071d5aa652bb90c7f111f86b427f798a1c9"
"formclas.f",466,485,"FORMCL_PN","SIUSFC",52,"80","numeric",80,,"38548071d5aa652bb90c7f111f86b427f798a1c9"
"formclas.f",466,485,"FORMCL_PN","SIUSFC",53,"82","numeric",82,,"38548071d5aa652bb90c7f111f86b427f798a1c9"
"formclas.f",466,485,"FORMCL_PN","SIUSFC",54,"82","numeric",82,,"38548071d5aa652bb90c7f111f86b427f798a1c9"
"formclas.f",466,485,"FORMCL_PN","SIUSFC",55,"80","numeric",80,,"38548071d5aa652bb90c7f111f86b427f798a1c9"
"formclas.f",466,485,"FORMCL_PN","SIUSFC",56,"75","numeric",75,,"38548071d5aa652bb90c7f111f86b427f798a1c9"
"formclas.f",466,485,"FORMCL_PN","SIUSFC",57,"74","numeric",74,,"38548071d5aa652bb90c7f111f86b427f798a1c9"
"formclas.f",466,485,"FORMCL_PN","SIUSFC",58,"82","numeric",82,,"38548071d5aa652bb90c7f111f86b427f798a1c9"
"formclas.f",466,485,"FORMCL_PN","SIUSFC",59,"76","numeric",76,,"38548071d5aa652bb90c7f111f86b427f798a1c9"
"formclas.f",466,485,"FORMCL_PN","SIUSFC",60,"69","numeric",69,,"38548071d5aa652bb90c7f111f86b427f798a1c9"
"formclas.f",466,485,"FORMCL_PN","SIUSFC",61,"75","numeric",75,,"38548071d5aa652bb90c7f111f86b427f798a1c9"
"formclas.f",466,485,"FORMCL_PN","SIUSFC",62,"60","numeric",60,,"38548071d5aa652bb90c7f111f86b427f798a1c9"
"formclas.f",466,485,"FORMCL_PN","SIUSFC",63,"59","numeric",59,,"38548071d5aa652bb90c7f111f86b427f798a1c9"
"formclas.f",466,485,"FORMCL_PN","SIUSFC",64,"72","numeric",72,,"38548071d5aa652bb90c7f111f86b427f798a1c9"
"formclas.f",466,485,"FORMCL_PN","SIUSFC",65,"75","numeric",75,,"38548071d5aa652bb90c7f111f86b427f798a1c9"
"formclas.f",466,485,"FORMCL_PN","SIUSFC",66,"74","numeric",74,,"38548071d5aa652bb90c7f111f86b427f798a1c9"
"formclas.f",466,485,"FORMCL_PN","SIUSFC",67,"74","numeric",74,,"38548071d5aa652bb90c7f111f86b427f798a1c9"
"formclas.f",466,485,"FORMCL_PN","SIUSFC",68,"70","numeric",70,,"38548071d5aa652bb90c7f111f86b427f798a1c9"
"formclas.f",466,485,"FORMCL_PN","SIUSFC",69,"70","numeric",70,,"38548071d5aa652bb90c7f111f86b427f798a1c9"
"formclas.f",466,485,"FORMCL_PN","SIUSFC",70,"75","numeric",75,,"38548071d5aa652bb90c7f111f86b427f798a1c9"
"formclas.f",466,485,"FORMCL_PN","SIUSFC",71,"70","numeric",70,,"38548071d5aa652bb90c7f111f86b427f798a1c9"
"formclas.f",466,485,"FORMCL_PN","SIUSFC",72,"70","numeric",70,,"38548071d5aa652bb90c7f111f86b427f798a1c9"
"formclas.f",466,485,"FORMCL_PN","SIUSFC",73,"75","numeric",75,,"38548071d5aa652bb90c7f111f86b427f798a1c9"
"formclas.f",466,485,"FORMCL_PN","SIUSFC",74,"74","numeric",74,,"38548071d5aa652bb90c7f111f86b427f798a1c9"
"formclas.f",466,485,"FORMCL_PN","SIUSFC",75,"74","numeric",74,,"38548071d5aa652bb90c7f111f86b427f798a1c9"
"formclas.f",466,485,"FORMCL_PN","SIUSFC",76,"70","numeric",70,,"38548071d5aa652bb90c7f111f86b427f798a1c9"
"formclas.f",466,485,"FORMCL_PN","SIUSFC",77,"75","numeric",75,,"38548071d5aa652bb90c7f111f86b427f798a1c9"
"formclas.f",466,485,"FORMCL_PN","SIUSFC",78,"74","numeric",74,,"38548071d5aa652bb90c7f111f86b427f798a1c9"
"formclas.f",466,485,"FORMCL_PN","SIUSFC",79,"74","numeric",74,,"38548071d5aa652bb90c7f111f86b427f798a1c9"
"formclas.f",466,485,"FORMCL_PN","SIUSFC",80,"80","numeric",80,,"38548071d5aa652bb90c7f111f86b427f798a1c9"
"formclas.f",466,485,"FORMCL_PN","SIUSFC",81,"84","numeric",84,,"38548071d5aa652bb90c7f111f86b427f798a1c9"
"formclas.f",466,485,"FORMCL_PN","SIUSFC",82,"76","numeric",76,,"38548071d5aa652bb90c7f111f86b427f798a1c9"
"formclas.f",466,485,"FORMCL_PN","SIUSFC",83,"80","numeric",80,,"38548071d5aa652bb90c7f111f86b427f798a1c9"
"formclas.f",466,485,"FORMCL_PN","SIUSFC",84,"75","numeric",75,,"38548071d5aa652bb90c7f111f86b427f798a1c9"
"formclas.f",466,485,"FORMCL_PN","SIUSFC",85,"78","numeric",78,,"38548071d5aa652bb90c7f111f86b427f798a1c9"
"formclas.f",466,485,"FORMCL_PN","SIUSFC",86,"70","numeric",70,,"38548071d5aa652bb90c7f111f86b427f798a1c9"
"formclas.f",466,485,"FORMCL_PN","SIUSFC",87,"60","numeric",60,,"38548071d5aa652bb90c7f111f86b427f798a1c9"
"formclas.f",466,485,"FORMCL_PN","SIUSFC",88,"75","numeric",75,,"38548071d5aa652bb90c7f111f86b427f798a1c9"
"formclas.f",466,485,"FORMCL_PN","SIUSFC",89,"68","numeric",68,,"38548071d5aa652bb90c7f111f86b427f798a1c9"
"formclas.f",466,485,"FORMCL_PN","SIUSFC",90,"84","numeric",84,,"38548071d5aa652bb90c7f111f86b427f798a1c9"
"formclas.f",466,485,"FORMCL_PN","SIUSFC",91,"80","numeric",80,,"38548071d5aa652bb90c7f111f86b427f798a1c9"
"formclas.f",466,485,"FORMCL_PN","SIUSFC",92,"82","numeric",82,,"38548071d5aa652bb90c7f111f86b427f798a1c9"
"formclas.f",466,485,"FORMCL_PN","SIUSFC",93,"82","numeric",82,,"38548071d5aa652bb90c7f111f86b427f798a1c9"
"formclas.f",466,485,"FORMCL_PN","SIUSFC",94,"80","numeric",80,,"38548071d5aa652bb90c7f111f86b427f798a1c9"
"formclas.f",466,485,"FORMCL_PN","SIUSFC",95,"75","numeric",75,,"38548071d5aa652bb90c7f111f86b427f798a1c9"
"formclas.f",466,485,"FORMCL_PN","SIUSFC",96,"75","numeric",75,,"38548071d5aa652bb90c7f111f86b427f798a1c9"
"formclas.f",466,485,"FORMCL_PN","SIUSFC",97,"80","numeric",80,,"38548071d5aa652bb90c7f111f86b427f798a1c9"
"formclas.f",466,485,"FORMCL_PN","SIUSFC",98,"77","numeric",77,,"38548071d5aa652bb90c7f111f86b427f798a1c9"
"formclas.f",466,485,"FORMCL_PN","SIUSFC",99,"74","numeric",74,,"38548071d5aa652bb90c7f111f86b427f798a1c9"
"formclas.f",466,485,"FORMCL_PN","SIUSFC",100,"75","numeric",75,,"38548071d5aa652bb90c7f111f86b427f798a1c9"
"formclas.f",466,485,"FORMCL_PN","SIUSFC",101,"60","numeric",60,,"38548071d5aa652bb90c7f111f86b427f798a1c9"
"formclas.f",466,485,"FORMCL_PN","SIUSFC",102,"60","numeric",60,,"38548071d5aa652bb90c7f111f86b427f798a1c9"
"formclas.f",466,485,"FORMCL_PN","SIUSFC",103,"75","numeric",75,,"38548071d5aa652bb90c7f111f86b427f798a1c9"
"formclas.f",466,485,"FORMCL_PN","SIUSFC",104,"72","numeric",72,,"38548071d5aa652bb90c7f111f86b427f798a1c9"
"formclas.f",466,485,"FORMCL_PN","SIUSFC",105,"74","numeric",74,,"38548071d5aa652bb90c7f111f86b427f798a1c9"
"formclas.f",466,485,"FORMCL_PN","SIUSFC",106,"75","numeric",75,,"38548071d5aa652bb90c7f111f86b427f798a1c9"
"formclas.f",466,485,"FORMCL_PN","SIUSFC",107,"70","numeric",70,,"38548071d5aa652bb90c7f111f86b427f798a1c9"
"formclas.f",466,485,"FORMCL_PN","SIUSFC",108,"70","numeric",70,,"38548071d5aa652bb90c7f111f86b427f798a1c9"
"formclas.f",466,485,"FORMCL_PN","SIUSFC",109,"75","numeric",75,,"38548071d5aa652bb90c7f111f86b427f798a1c9"
"formclas.f",466,485,"FORMCL_PN","SIUSFC",110,"70","numeric",70,,"38548071d5aa652bb90c7f111f86b427f798a1c9"
"formclas.f",466,485,"FORMCL_PN","SIUSFC",111,"70","numeric",70,,"38548071d5aa652bb90c7f111f86b427f798a1c9"
"formclas.f",466,485,"FORMCL_PN","SIUSFC",112,"75","numeric",75,,"38548071d5aa652bb90c7f111f86b427f798a1c9"
"formclas.f",466,485,"FORMCL_PN","SIUSFC",113,"74","numeric",74,,"38548071d5aa652bb90c7f111f86b427f798a1c9"
"formclas.f",466,485,"FORMCL_PN","SIUSFC",114,"75","numeric",75,,"38548071d5aa652bb90c7f111f86b427f798a1c9"
"formclas.f",466,485,"FORMCL_PN","SIUSFC",115,"70","numeric",70,,"38548071d5aa652bb90c7f111f86b427f798a1c9"
"formclas.f",466,485,"FORMCL_PN","SIUSFC",116,"75","numeric",75,,"38548071d5aa652bb90c7f111f86b427f798a1c9"
"formclas.f",466,485,"FORMCL_PN","SIUSFC",117,"74","numeric",74,,"38548071d5aa652bb90c7f111f86b427f798a1c9"
"formclas.f",466,485,"FORMCL_PN","SIUSFC",118,"74","numeric",74,,"38548071d5aa652bb90c7f111f86b427f798a1c9"
"formclas.f",466,485,"FORMCL_PN","SIUSFC",119,"80","numeric",80,,"38548071d5aa652bb90c7f111f86b427f798a1c9"
"formclas.f",466,485,"FORMCL_PN","SIUSFC",120,"84","numeric",84,,"38548071d5aa652bb90c7f111f86b427f798a1c9"
"formclas.f",466,485,"FORMCL_PN","SIUSFC",121,"74","numeric",74,,"38548071d5aa652bb90c7f111f86b427f798a1c9"
"formclas.f",466,485,"FORMCL_PN","SIUSFC",122,"80","numeric",80,,"38548071d5aa652bb90c7f111f86b427f798a1c9"
"formclas.f",466,485,"FORMCL_PN","SIUSFC",123,"74","numeric",74,,"38548071d5aa652bb90c7f111f86b427f798a1c9"
"formclas.f",466,485,"FORMCL_PN","SIUSFC",124,"78","numeric",78,,"38548071d5aa652bb90c7f111f86b427f798a1c9"
"formclas.f",466,485,"FORMCL_PN","SIUSFC",125,"70","numeric",70,,"38548071d5aa652bb90c7f111f86b427f798a1c9"
"formclas.f",466,485,"FORMCL_PN","SIUSFC",126,"60","numeric",60,,"38548071d5aa652bb90c7f111f86b427f798a1c9"
"formclas.f",466,485,"FORMCL_PN","SIUSFC",127,"74","numeric",74,,"38548071d5aa652bb90c7f111f86b427f798a1c9"
"formclas.f",466,485,"FORMCL_PN","SIUSFC",128,"67","numeric",67,,"38548071d5aa652bb90c7f111f86b427f798a1c9"
"formclas.f",466,485,"FORMCL_PN","SIUSFC",129,"84","numeric",84,,"38548071d5aa652bb90c7f111f86b427f798a1c9"
"formclas.f",466,485,"FORMCL_PN","SIUSFC",130,"80","numeric",80,,"38548071d5aa652bb90c7f111f86b427f798a1c9"
"formclas.f",466,485,"FORMCL_PN","SIUSFC",131,"82","numeric",82,,"38548071d5aa652bb90c7f111f86b427f798a1c9"
"formclas.f",466,485,"FORMCL_PN","SIUSFC",132,"82","numeric",82,,"38548071d5aa652bb90c7f111f86b427f798a1c9"
"formclas.f",466,485,"FORMCL_PN","SIUSFC",133,"80","numeric",80,,"38548071d5aa652bb90c7f111f86b427f798a1c9"
"formclas.f",466,485,"FORMCL_PN","SIUSFC",134,"74","numeric",74,,"38548071d5aa652bb90c7f111f86b427f798a1c9"
"formclas.f",466,485,"FORMCL_PN","SIUSFC",135,"75","numeric",75,,"38548071d5aa652bb90c7f111f86b427f798a1c9"
"formclas.f",466,485,"FORMCL_PN","SIUSFC",136,"80","numeric",80,,"38548071d5aa652bb90c7f111f86b427f798a1c9"
"formclas.f",466,485,"FORMCL_PN","SIUSFC",137,"77","numeric",77,,"38548071d5aa652bb90c7f111f86b427f798a1c9"
"formclas.f",466,485,"FORMCL_PN","SIUSFC",138,"75","numeric",75,,"38548071d5aa652bb90c7f111f86b427f798a1c9"
"formclas.f",466,485,"FORMCL_PN","SIUSFC",139,"74","numeric",74,,"38548071d5aa652bb90c7f111f86b427f798a1c9"
"formclas.f",466,485,"FORMCL_PN","SIUSFC",140,"60","numeric",60,,"38548071d5aa652bb90c7f111f86b427f798a1c9"
"formclas.f",466,485,"FORMCL_PN","SIUSFC",141,"62","numeric",62,,"38548071d5aa652bb90c7f111f86b427f798a1c9"
"formclas.f",466,485,"FORMCL_PN","SIUSFC",142,"77","numeric",77,,"38548071d5aa652bb90c7f111f86b427f798a1c9"
"formclas.f",466,485,"FORMCL_PN","SIUSFC",143,"70","numeric",70,,"38548071d5aa652bb90c7f111f86b427f798a1c9"
"formclas.f",466,485,"FORMCL_PN","SIUSFC",144,"74","numeric",74,,"38548071d5aa652bb90c7f111f86b427f798a1c9"
"formclas.f",466,485,"FORMCL_PN","SIUSFC",145,"75","numeric",75,,"38548071d5aa652bb90c7f111f86b427f798a1c9"
"formclas.f",466,485,"FORMCL_PN","SIUSFC",146,"70","numeric",70,,"38548071d5aa652bb90c7f111f86b427f798a1c9"
"formclas.f",466,485,"FORMCL_PN","SIUSFC",147,"70","numeric",70,,"38548071d5aa652bb90c7f111f86b427f798a1c9"
"formclas.f",466,485,"FORMCL_PN","SIUSFC",148,"75","numeric",75,,"38548071d5aa652bb90c7f111f86b427f798a1c9"
"formclas.f",466,485,"FORMCL_PN","SIUSFC",149,"70","numeric",70,,"38548071d5aa652bb90c7f111f86b427f798a1c9"
"formclas.f",466,485,"FORMCL_PN","SIUSFC",150,"70","numeric",70,,"38548071d5aa652bb90c7f111f86b427f798a1c9"
"formclas.f",466,485,"FORMCL_PN","SIUSFC",151,"75","numeric",75,,"38548071d5aa652bb90c7f111f86b427f798a1c9"
"formclas.f",466,485,"FORMCL_PN","SIUSFC",152,"74","numeric",74,,"38548071d5aa652bb90c7f111f86b427f798a1c9"
"formclas.f",466,485,"FORMCL_PN","SIUSFC",153,"75","numeric",75,,"38548071d5aa652bb90c7f111f86b427f798a1c9"
"formclas.f",466,485,"FORMCL_PN","SIUSFC",154,"70","numeric",70,,"38548071d5aa652bb90c7f111f86b427f798a1c9"
"formclas.f",466,485,"FORMCL_PN","SIUSFC",155,"75","numeric",75,,"38548071d5aa652bb90c7f111f86b427f798a1c9"
"formclas.f",466,485,"FORMCL_PN","SIUSFC",156,"74","numeric",74,,"38548071d5aa652bb90c7f111f86b427f798a1c9"
"formclas.f",466,485,"FORMCL_PN","SIUSFC",157,"74","numeric",74,,"38548071d5aa652bb90c7f111f86b427f798a1c9"
"formclas.f",466,485,"FORMCL_PN","SIUSFC",158,"80","numeric",80,,"38548071d5aa652bb90c7f111f86b427f798a1c9"
"formclas.f",466,485,"FORMCL_PN","SIUSFC",159,"82","numeric",82,,"38548071d5aa652bb90c7f111f86b427f798a1c9"
"formclas.f",466,485,"FORMCL_PN","SIUSFC",160,"74","numeric",74,,"38548071d5aa652bb90c7f111f86b427f798a1c9"
"formclas.f",466,485,"FORMCL_PN","SIUSFC",161,"80","numeric",80,,"38548071d5aa652bb90c7f111f86b427f798a1c9"
"formclas.f",466,485,"FORMCL_PN","SIUSFC",162,"74","numeric",74,,"38548071d5aa652bb90c7f111f86b427f798a1c9"
"formclas.f",466,485,"FORMCL_PN","SIUSFC",163,"78","numeric",78,,"38548071d5aa652bb90c7f111f86b427f798a1c9"
"formclas.f",466,485,"FORMCL_PN","SIUSFC",164,"70","numeric",70,,"38548071d5aa652bb90c7f111f86b427f798a1c9"
"formclas.f",466,485,"FORMCL_PN","SIUSFC",165,"60","numeric",60,,"38548071d5aa652bb90c7f111f86b427f798a1c9"
"formclas.f",466,485,"FORMCL_PN","SIUSFC",166,"74","numeric",74,,"38548071d5aa652bb90c7f111f86b427f798a1c9"
"formclas.f",466,485,"FORMCL_PN","SIUSFC",167,"66","numeric",66,,"38548071d5aa652bb90c7f111f86b427f798a1c9"
"formclas.f",466,485,"FORMCL_PN","SIUSFC",168,"84","numeric",84,,"38548071d5aa652bb90c7f111f86b427f798a1c9"
"formclas.f",466,485,"FORMCL_PN","SIUSFC",169,"80","numeric",80,,"38548071d5aa652bb90c7f111f86b427f798a1c9"
"formclas.f",466,485,"FORMCL_PN","SIUSFC",170,"82","numeric",82,,"38548071d5aa652bb90c7f111f86b427f798a1c9"
"formclas.f",466,485,"FORMCL_PN","SIUSFC",171,"82","numeric",82,,"38548071d5aa652bb90c7f111f86b427f798a1c9"
"formclas.f",466,485,"FORMCL_PN","SIUSFC",172,"80","numeric",80,,"38548071d5aa652bb90c7f111f86b427f798a1c9"
"formclas.f",466,485,"FORMCL_PN","SIUSFC",173,"74","numeric",74,,"38548071d5aa652bb90c7f111f86b427f798a1c9"
"formclas.f",466,485,"FORMCL_PN","SIUSFC",174,"78","numeric",78,,"38548071d5aa652bb90c7f111f86b427f798a1c9"
"formclas.f",466,485,"FORMCL_PN","SIUSFC",175,"78","numeric",78,,"38548071d5aa652bb90c7f111f86b427f798a1c9"
"formclas.f",466,485,"FORMCL_PN","SIUSFC",176,"78","numeric",78,,"38548071d5aa652bb90c7f111f86b427f798a1c9"
"formclas.f",466,485,"FORMCL_PN","SIUSFC",177,"75","numeric",75,,"38548071d5aa652bb90c7f111f86b427f798a1c9"
"formclas.f",466,485,"FORMCL_PN","SIUSFC",178,"74","numeric",74,,"38548071d5aa652bb90c7f111f86b427f798a1c9"
"formclas.f",466,485,"FORMCL_PN","SIUSFC",179,"60","numeric",60,,"38548071d5aa652bb90c7f111f86b427f798a1c9"
"formclas.f",466,485,"FORMCL_PN","SIUSFC",180,"65","numeric",65,,"38548071d5aa652bb90c7f111f86b427f798a1c9"
"formclas.f",466,485,"FORMCL_PN","SIUSFC",181,"80","numeric",80,,"38548071d5aa652bb90c7f111f86b427f798a1c9"
"formclas.f",466,485,"FORMCL_PN","SIUSFC",182,"70","numeric",70,,"38548071d5aa652bb90c7f111f86b427f798a1c9"
"formclas.f",466,485,"FORMCL_PN","SIUSFC",183,"74","numeric",74,,"38548071d5aa652bb90c7f111f86b427f798a1c9"
"formclas.f",466,485,"FORMCL_PN","SIUSFC",184,"75","numeric",75,,"38548071d5aa652bb90c7f111f86b427f798a1c9"
"formclas.f",466,485,"FORMCL_PN","SIUSFC",185,"70","numeric",70,,"38548071d5aa652bb90c7f111f86b427f798a1c9"
"formclas.f",466,485,"FORMCL_PN","SIUSFC",186,"70","numeric",70,,"38548071d5aa652bb90c7f111f86b427f798a1c9"
"formclas.f",466,485,"FORMCL_PN","SIUSFC",187,"75","numeric",75,,"38548071d5aa652bb90c7f111f86b427f798a1c9"
"formclas.f",466,485,"FORMCL_PN","SIUSFC",188,"70","numeric",70,,"38548071d5aa652bb90c7f111f86b427f798a1c9"
"formclas.f",466,485,"FORMCL_PN","SIUSFC",189,"70","numeric",70,,"38548071d5aa652bb90c7f111f86b427f798a1c9"
"formclas.f",466,485,"FORMCL_PN","SIUSFC",190,"75","numeric",75,,"38548071d5aa652bb90c7f111f86b427f798a1c9"
"formclas.f",466,485,"FORMCL_PN","SIUSFC",191,"74","numeric",74,,"38548071d5aa652bb90c7f111f86b427f798a1c9"
"formclas.f",466,485,"FORMCL_PN","SIUSFC",192,"75","numeric",75,,"38548071d5aa652bb90c7f111f86b427f798a1c9"
"formclas.f",466,485,"FORMCL_PN","SIUSFC",193,"70","numeric",70,,"38548071d5aa652bb90c7f111f86b427f798a1c9"
"formclas.f",466,485,"FORMCL_PN","SIUSFC",194,"75","numeric",75,,"38548071d5aa652bb90c7f111f86b427f798a1c9"
"formclas.f",466,485,"FORMCL_PN","SIUSFC",195,"74","numeric",74,,"38548071d5aa652bb90c7f111f86b427f798a1c9"
"formclas.f",487,490,"FORMCL_PN","BLM708",1,"74","numeric",74,,"38548071d5aa652bb90c7f111f86b427f798a1c9"
"formclas.f",487,490,"FORMCL_PN","BLM708",2,"84","numeric",84,,"38548071d5aa652bb90c7f111f86b427f798a1c9"
"formclas.f",487,490,"FORMCL_PN","BLM708",3,"86","numeric",86,,"38548071d5aa652bb90c7f111f86b427f798a1c9"
"formclas.f",487,490,"FORMCL_PN","BLM708",4,"84","numeric",84,,"38548071d5aa652bb90c7f111f86b427f798a1c9"
"formclas.f",487,490,"FORMCL_PN","BLM708",5,"82","numeric",82,,"38548071d5aa652bb90c7f111f86b427f798a1c9"
"formclas.f",487,490,"FORMCL_PN","BLM708",6,"75","numeric",75,,"38548071d5aa652bb90c7f111f86b427f798a1c9"
"formclas.f",487,490,"FORMCL_PN","BLM708",7,"84","numeric",84,,"38548071d5aa652bb90c7f111f86b427f798a1c9"
"formclas.f",487,490,"FORMCL_PN","BLM708",8,"73","numeric",73,,"38548071d5aa652bb90c7f111f86b427f798a1c9"
"formclas.f",487,490,"FORMCL_PN","BLM708",9,"60","numeric",60,,"38548071d5aa652bb90c7f111f86b427f798a1c9"
"formclas.f",487,490,"FORMCL_PN","BLM708",10,"75","numeric",75,,"38548071d5aa652bb90c7f111f86b427f798a1c9"
"formclas.f",487,490,"FORMCL_PN","BLM708",11,"73","numeric",73,,"38548071d5aa652bb90c7f111f86b427f798a1c9"
"formclas.f",487,490,"FORMCL_PN","BLM708",12,"77","numeric",77,,"38548071d5aa652bb90c7f111f86b427f798a1c9"
"formclas.f",487,490,"FORMCL_PN","BLM708",13,"80","numeric",80,,"38548071d5aa652bb90c7f111f86b427f798a1c9"
"formclas.f",487,490,"FORMCL_PN","BLM708",14,"82","numeric",82,,"38548071d5aa652bb90c7f111f86b427f798a1c9"
"formclas.f",487,490,"FORMCL_PN","BLM708",15,"82","numeric",82,,"38548071d5aa652bb90c7f111f86b427f798a1c9"
"formclas.f",487,490,"FORMCL_PN","BLM708",16,"68","numeric",68,,"38548071d5aa652bb90c7f111f86b427f798a1c9"
"formclas.f",487,490,"FORMCL_PN","BLM708",17,"75","numeric",75,,"38548071d5aa652bb90c7f111f86b427f798a1c9"
"formclas.f",487,490,"FORMCL_PN","BLM708",18,"75","numeric",75,,"38548071d5aa652bb90c7f111f86b427f798a1c9"
"formclas.f",487,490,"FORMCL_PN","BLM708",19,"76","numeric",76,,"38548071d5aa652bb90c7f111f86b427f798a1c9"
"formclas.f",487,490,"FORMCL_PN","BLM708",20,"82","numeric",82,,"38548071d5aa652bb90c7f111f86b427f798a1c9"
"formclas.f",487,490,"FORMCL_PN","BLM708",21,"80","numeric",80,,"38548071d5aa652bb90c7f111f86b427f798a1c9"
"formclas.f",487,490,"FORMCL_PN","BLM708",22,"75","numeric",75,,"38548071d5aa652bb90c7f111f86b427f798a1c9"
"formclas.f",487,490,"FORMCL_PN","BLM708",23,"60","numeric",60,,"38548071d5aa652bb90c7f111f86b427f798a1c9"
"formclas.f",487,490,"FORMCL_PN","BLM708",24,"76","numeric",76,,"38548071d5aa652bb90c7f111f86b427f798a1c9"
"formclas.f",487,490,"FORMCL_PN","BLM708",25,"88","numeric",88,,"38548071d5aa652bb90c7f111f86b427f798a1c9"
"formclas.f",487,490,"FORMCL_PN","BLM708",26,"72","numeric",72,,"38548071d5aa652bb90c7f111f86b427f798a1c9"
"formclas.f",487,490,"FORMCL_PN","BLM708",27,"84","numeric",84,,"38548071d5aa652bb90c7f111f86b427f798a1c9"
"formclas.f",487,490,"FORMCL_PN","BLM708",28,"88","numeric",88,,"38548071d5aa652bb90c7f111f86b427f798a1c9"
"formclas.f",487,490,"FORMCL_PN","BLM708",29,"70","numeric",70,,"38548071d5aa652bb90c7f111f86b427f798a1c9"
"formclas.f",487,490,"FORMCL_PN","BLM708",30,"70","numeric",70,,"38548071d5aa652bb90c7f111f86b427f798a1c9"
"formclas.f",487,490,"FORMCL_PN","BLM708",31,"75","numeric",75,,"38548071d5aa652bb90c7f111f86b427f798a1c9"
"formclas.f",487,490,"FORMCL_PN","BLM708",32,"70","numeric",70,,"38548071d5aa652bb90c7f111f86b427f798a1c9"
"formclas.f",487,490,"FORMCL_PN","BLM708",33,"70","numeric",70,,"38548071d5aa652bb90c7f111f86b427f798a1c9"
"formclas.f",487,490,"FORMCL_PN","BLM708",34,"75","numeric",75,,"38548071d5aa652bb90c7f111f86b427f798a1c9"
"formclas.f",487,490,"FORMCL_PN","BLM708",35,"74","numeric",74,,"38548071d5aa652bb90c7f111f86b427f798a1c9"
"formclas.f",487,490,"FORMCL_PN","BLM708",36,"75","numeric",75,,"38548071d5aa652bb90c7f111f86b427f798a1c9"
"formclas.f",487,490,"FORMCL_PN","BLM708",37,"70","numeric",70,,"38548071d5aa652bb90c7f111f86b427f798a1c9"
"formclas.f",487,490,"FORMCL_PN","BLM708",38,"75","numeric",75,,"38548071d5aa652bb90c7f111f86b427f798a1c9"
"formclas.f",487,490,"FORMCL_PN","BLM708",39,"74","numeric",74,,"38548071d5aa652bb90c7f111f86b427f798a1c9"
"formclas.f",492,495,"FORMCL_PN","BLM709",1,"78","numeric",78,,"38548071d5aa652bb90c7f111f86b427f798a1c9"
"formclas.f",492,495,"FORMCL_PN","BLM709",2,"82","numeric",82,,"38548071d5aa652bb90c7f111f86b427f798a1c9"
"formclas.f",492,495,"FORMCL_PN","BLM709",3,"78","numeric",78,,"38548071d5aa652bb90c7f111f86b427f798a1c9"
"formclas.f",492,495,"FORMCL_PN","BLM709",4,"82","numeric",82,,"38548071d5aa652bb90c7f111f86b427f798a1c9"
"formclas.f",492,495,"FORMCL_PN","BLM709",5,"78","numeric",78,,"38548071d5aa652bb90c7f111f86b427f798a1c9"
"formclas.f",492,495,"FORMCL_PN","BLM709",6,"78","numeric",78,,"38548071d5aa652bb90c7f111f86b427f798a1c9"
"formclas.f",492,495,"FORMCL_PN","BLM709",7,"78","numeric",78,,"38548071d5aa652bb90c7f111f86b427f798a1c9"
"formclas.f",492,495,"FORMCL_PN","BLM709",8,"78","numeric",78,,"38548071d5aa652bb90c7f111f86b427f798a1c9"
"formclas.f",492,495,"FORMCL_PN","BLM709",9,"78","numeric",78,,"38548071d5aa652bb90c7f111f86b427f798a1c9"
"formclas.f",492,495,"FORMCL_PN","BLM709",10,"78","numeric",78,,"38548071d5aa652bb90c7f111f86b427f798a1c9"
"formclas.f",492,495,"FORMCL_PN","BLM709",11,"70","numeric",70,,"38548071d5aa652bb90c7f111f86b427f798a1c9"
"formclas.f",492,495,"FORMCL_PN","BLM709",12,"78","numeric",78,,"38548071d5aa652bb90c7f111f86b427f798a1c9"
"formclas.f",492,495,"FORMCL_PN","BLM709",13,"78","numeric",78,,"38548071d5aa652bb90c7f111f86b427f798a1c9"
"formclas.f",492,495,"FORMCL_PN","BLM709",14,"78","numeric",78,,"38548071d5aa652bb90c7f111f86b427f798a1c9"
"formclas.f",492,495,"FORMCL_PN","BLM709",15,"78","numeric",78,,"38548071d5aa652bb90c7f111f86b427f798a1c9"
"formclas.f",492,495,"FORMCL_PN","BLM709",16,"78","numeric",78,,"38548071d5aa652bb90c7f111f86b427f798a1c9"
"formclas.f",492,495,"FORMCL_PN","BLM709",17,"78","numeric",78,,"38548071d5aa652bb90c7f111f86b427f798a1c9"
"formclas.f",492,495,"FORMCL_PN","BLM709",18,"72","numeric",72,,"38548071d5aa652bb90c7f111f86b427f798a1c9"
"formclas.f",492,495,"FORMCL_PN","BLM709",19,"78","numeric",78,,"38548071d5aa652bb90c7f111f86b427f798a1c9"
"formclas.f",492,495,"FORMCL_PN","BLM709",20,"70","numeric",70,,"38548071d5aa652bb90c7f111f86b427f798a1c9"
"formclas.f",492,495,"FORMCL_PN","BLM709",21,"78","numeric",78,,"38548071d5aa652bb90c7f111f86b427f798a1c9"
"formclas.f",492,495,"FORMCL_PN","BLM709",22,"78","numeric",78,,"38548071d5aa652bb90c7f111f86b427f798a1c9"
"formclas.f",492,495,"FORMCL_PN","BLM709",23,"78","numeric",78,,"38548071d5aa652bb90c7f111f86b427f798a1c9"
"formclas.f",492,495,"FORMCL_PN","BLM709",24,"72","numeric",72,,"38548071d5aa652bb90c7f111f86b427f798a1c9"
"formclas.f",492,495,"FORMCL_PN","BLM709",25,"80","numeric",80,,"38548071d5aa652bb90c7f111f86b427f798a1c9"
"formclas.f",492,495,"FORMCL_PN","BLM709",26,"78","numeric",78,,"38548071d5aa652bb90c7f111f86b427f798a1c9"
"formclas.f",492,495,"FORMCL_PN","BLM709",27,"78","numeric",78,,"38548071d5aa652bb90c7f111f86b427f798a1c9"
"formclas.f",492,495,"FORMCL_PN","BLM709",28,"80","numeric",80,,"38548071d5aa652bb90c7f111f86b427f798a1c9"
"formclas.f",492,495,"FORMCL_PN","BLM709",29,"78","numeric",78,,"38548071d5aa652bb90c7f111f86b427f798a1c9"
"formclas.f",492,495,"FORMCL_PN","BLM709",30,"78","numeric",78,,"38548071d5aa652bb90c7f111f86b427f798a1c9"
"formclas.f",492,495,"FORMCL_PN","BLM709",31,"80","numeric",80,,"38548071d5aa652bb90c7f111f86b427f798a1c9"
"formclas.f",492,495,"FORMCL_PN","BLM709",32,"78","numeric",78,,"38548071d5aa652bb90c7f111f86b427f798a1c9"
"formclas.f",492,495,"FORMCL_PN","BLM709",33,"78","numeric",78,,"38548071d5aa652bb90c7f111f86b427f798a1c9"
"formclas.f",492,495,"FORMCL_PN","BLM709",34,"78","numeric",78,,"38548071d5aa652bb90c7f111f86b427f798a1c9"
"formclas.f",492,495,"FORMCL_PN","BLM709",35,"82","numeric",82,,"38548071d5aa652bb90c7f111f86b427f798a1c9"
"formclas.f",492,495,"FORMCL_PN","BLM709",36,"78","numeric",78,,"38548071d5aa652bb90c7f111f86b427f798a1c9"
"formclas.f",492,495,"FORMCL_PN","BLM709",37,"78","numeric",78,,"38548071d5aa652bb90c7f111f86b427f798a1c9"
"formclas.f",492,495,"FORMCL_PN","BLM709",38,"78","numeric",78,,"38548071d5aa652bb90c7f111f86b427f798a1c9"
"formclas.f",492,495,"FORMCL_PN","BLM709",39,"78","numeric",78,,"38548071d5aa652bb90c7f111f86b427f798a1c9"
"formclas.f",497,500,"FORMCL_PN","BLM712",1,"74","numeric",74,,"38548071d5aa652bb90c7f111f86b427f798a1c9"
"formclas.f",497,500,"FORMCL_PN","BLM712",2,"80","numeric",80,,"38548071d5aa652bb90c7f111f86b427f798a1c9"
"formclas.f",497,500,"FORMCL_PN","BLM712",3,"84","numeric",84,,"38548071d5aa652bb90c7f111f86b427f798a1c9"
"formclas.f",497,500,"FORMCL_PN","BLM712",4,"86","numeric",86,,"38548071d5aa652bb90c7f111f86b427f798a1c9"
"formclas.f",497,500,"FORMCL_PN","BLM712",5,"80","numeric",80,,"38548071d5aa652bb90c7f111f86b427f798a1c9"
"formclas.f",497,500,"FORMCL_PN","BLM712",6,"75","numeric",75,,"38548071d5aa652bb90c7f111f86b427f798a1c9"
"formclas.f",497,500,"FORMCL_PN","BLM712",7,"78","numeric",78,,"38548071d5aa652bb90c7f111f86b427f798a1c9"
"formclas.f",497,500,"FORMCL_PN","BLM712",8,"70","numeric",70,,"38548071d5aa652bb90c7f111f86b427f798a1c9"
"formclas.f",497,500,"FORMCL_PN","BLM712",9,"60","numeric",60,,"38548071d5aa652bb90c7f111f86b427f798a1c9"
"formclas.f",497,500,"FORMCL_PN","BLM712",10,"75","numeric",75,,"38548071d5aa652bb90c7f111f86b427f798a1c9"
"formclas.f",497,500,"FORMCL_PN","BLM712",11,"70","numeric",70,,"38548071d5aa652bb90c7f111f86b427f798a1c9"
"formclas.f",497,500,"FORMCL_PN","BLM712",12,"72","numeric",72,,"38548071d5aa652bb90c7f111f86b427f798a1c9"
"formclas.f",497,500,"FORMCL_PN","BLM712",13,"80","numeric",80,,"38548071d5aa652bb90c7f111f86b427f798a1c9"
"formclas.f",497,500,"FORMCL_PN","BLM712",14,"82","numeric",82,,"38548071d5aa652bb90c7f111f86b427f798a1c9"
"formclas.f",497,500,"FORMCL_PN","BLM712",15,"82","numeric",82,,"38548071d5aa652bb90c7f111f86b427f798a1c9"
"formclas.f",497,500,"FORMCL_PN","BLM712",16,"80","numeric",80,,"38548071d5aa652bb90c7f111f86b427f798a1c9"
"formclas.f",497,500,"FORMCL_PN","BLM712",17,"75","numeric",75,,"38548071d5aa652bb90c7f111f86b427f798a1c9"
"formclas.f",497,500,"FORMCL_PN","BLM712",18,"76","numeric",76,,"38548071d5aa652bb90c7f111f86b427f798a1c9"
"formclas.f",497,500,"FORMCL_PN","BLM712",19,"80","numeric",80,,"38548071d5aa652bb90c7f111f86b427f798a1c9"
"formclas.f",497,500,"FORMCL_PN","BLM712",20,"80","numeric",80,,"38548071d5aa652bb90c7f111f86b427f798a1c9"
"formclas.f",497,500,"FORMCL_PN","BLM712",21,"74","numeric",74,,"38548071d5aa652bb90c7f111f86b427f798a1c9"
"formclas.f",497,500,"FORMCL_PN","BLM712",22,"75","numeric",75,,"38548071d5aa652bb90c7f111f86b427f798a1c9"
"formclas.f",497,500,"FORMCL_PN","BLM712",23,"82","numeric",82,,"38548071d5aa652bb90c7f111f86b427f798a1c9"
"formclas.f",497,500,"FORMCL_PN","BLM712",24,"70","numeric",70,,"38548071d5aa652bb90c7f111f86b427f798a1c9"
"formclas.f",497,500,"FORMCL_PN","BLM712",25,"84","numeric",84,,"38548071d5aa652bb90c7f111f86b427f798a1c9"
"formclas.f",497,500,"FORMCL_PN","BLM712",26,"72","numeric",72,,"38548071d5aa652bb90c7f111f86b427f798a1c9"
"formclas.f",497,500,"FORMCL_PN","BLM712",27,"82","numeric",82,,"38548071d5aa652bb90c7f111f86b427f798a1c9"
"formclas.f",497,500,"FORMCL_PN","BLM712",28,"82","numeric",82,,"38548071d5aa652bb90c7f111f86b427f798a1c9"
"formclas.f",497,500,"FORMCL_PN","BLM712",29,"82","numeric",82,,"38548071d5aa652bb90c7f111f86b427f798a1c9"
"formclas.f",497,500,"FORMCL_PN","BLM712",30,"70","numeric",70,,"38548071d5aa652bb90c7f111f86b427f798a1c9"
"formclas.f",497,500,"FORMCL_PN","BLM712",31,"82","numeric",82,,"38548071d5aa652bb90c7f111f86b427f798a1c9"
"formclas.f",497,500,"FORMCL_PN","BLM712",32,"70","numeric",70,,"38548071d5aa652bb90c7f111f86b427f798a1c9"
"formclas.f",497,500,"FORMCL_PN","BLM712",33,"70","numeric",70,,"38548071d5aa652bb90c7f111f86b427f798a1c9"
"formclas.f",497,500,"FORMCL_PN","BLM712",34,"75","numeric",75,,"38548071d5aa652bb90c7f111f86b427f798a1c9"
"formclas.f",497,500,"FORMCL_PN","BLM712",35,"74","numeric",74,,"38548071d5aa652bb90c7f111f86b427f798a1c9"
"formclas.f",497,500,"FORMCL_PN","BLM712",36,"86","numeric",86,,"38548071d5aa652bb90c7f111f86b427f798a1c9"
"formclas.f",497,500,"FORMCL_PN","BLM712",37,"70","numeric",70,,"38548071d5aa652bb90c7f111f86b427f798a1c9"
"formclas.f",497,500,"FORMCL_PN","BLM712",38,"75","numeric",75,,"38548071d5aa652bb90c7f111f86b427f798a1c9"
"formclas.f",497,500,"FORMCL_PN","BLM712",39,"74","numeric",74,,"38548071d5aa652bb90c7f111f86b427f798a1c9"
"formclas.f",570,571,"FORMCL_SO","FIAJSP",1,"'015'","character",,"015","38548071d5aa652bb90c7f111f86b427f798a1c9"
"formclas.f",570,571,"FORMCL_SO","FIAJSP",2,"'020'","character",,"020","38548071d5aa652bb90c7f111f86b427f798a1c9"
"formclas.f",570,571,"FORMCL_SO","FIAJSP",3,"'081'","character",,"081","38548071d5aa652bb90c7f111f86b427f798a1c9"
"formclas.f",570,571,"FORMCL_SO","FIAJSP",4,"'093'","character",,"093","38548071d5aa652bb90c7f111f86b427f798a1c9"
"formclas.f",570,571,"FORMCL_SO","FIAJSP",5,"'108'","character",,"108","38548071d5aa652bb90c7f111f86b427f798a1c9"
"formclas.f",570,571,"FORMCL_SO","FIAJSP",6,"'117'","character",,"117","38548071d5aa652bb90c7f111f86b427f798a1c9"
"formclas.f",570,571,"FORMCL_SO","FIAJSP",7,"'119'","character",,"119","38548071d5aa652bb90c7f111f86b427f798a1c9"
"formclas.f",570,571,"FORMCL_SO","FIAJSP",8,"'122'","character",,"122","38548071d5aa652bb90c7f111f86b427f798a1c9"
"formclas.f",570,571,"FORMCL_SO","FIAJSP",9,"'202'","character",,"202","38548071d5aa652bb90c7f111f86b427f798a1c9"
"formclas.f",570,571,"FORMCL_SO","FIAJSP",10,"'264'","character",,"264","38548071d5aa652bb90c7f111f86b427f798a1c9"
"formclas.f",570,571,"FORMCL_SO","FIAJSP",11,"'999'","character",,"999","38548071d5aa652bb90c7f111f86b427f798a1c9"
"formclas.f",576,581,"FORMCL_SO","DESHFC",1,"80","numeric",80,,"38548071d5aa652bb90c7f111f86b427f798a1c9"
"formclas.f",576,581,"FORMCL_SO","DESHFC",2,"80","numeric",80,,"38548071d5aa652bb90c7f111f86b427f798a1c9"
"formclas.f",576,581,"FORMCL_SO","DESHFC",3,"65","numeric",65,,"38548071d5aa652bb90c7f111f86b427f798a1c9"
"formclas.f",576,581,"FORMCL_SO","DESHFC",4,"82","numeric",82,,"38548071d5aa652bb90c7f111f86b427f798a1c9"
"formclas.f",576,581,"FORMCL_SO","DESHFC",5,"82","numeric",82,,"38548071d5aa652bb90c7f111f86b427f798a1c9"
"formclas.f",576,581,"FORMCL_SO","DESHFC",6,"78","numeric",78,,"38548071d5aa652bb90c7f111f86b427f798a1c9"
"formclas.f",576,581,"FORMCL_SO","DESHFC",7,"80","numeric",80,,"38548071d5aa652bb90c7f111f86b427f798a1c9"
"formclas.f",576,581,"FORMCL_SO","DESHFC",8,"76","numeric",76,,"38548071d5aa652bb90c7f111f86b427f798a1c9"
"formclas.f",576,581,"FORMCL_SO","DESHFC",9,"80","numeric",80,,"38548071d5aa652bb90c7f111f86b427f798a1c9"
"formclas.f",576,581,"FORMCL_SO","DESHFC",10,"78","numeric",78,,"38548071d5aa652bb90c7f111f86b427f798a1c9"
"formclas.f",576,581,"FORMCL_SO","DESHFC",11,"60","numeric",60,,"38548071d5aa652bb90c7f111f86b427f798a1c9"
"formclas.f",576,581,"FORMCL_SO","DESHFC",12,"80","numeric",80,,"38548071d5aa652bb90c7f111f86b427f798a1c9"
"formclas.f",576,581,"FORMCL_SO","DESHFC",13,"80","numeric",80,,"38548071d5aa652bb90c7f111f86b427f798a1c9"
"formclas.f",576,581,"FORMCL_SO","DESHFC",14,"65","numeric",65,,"38548071d5aa652bb90c7f111f86b427f798a1c9"
"formclas.f",576,581,"FORMCL_SO","DESHFC",15,"82","numeric",82,,"38548071d5aa652bb90c7f111f86b427f798a1c9"
"formclas.f",576,581,"FORMCL_SO","DESHFC",16,"82","numeric",82,,"38548071d5aa652bb90c7f111f86b427f798a1c9"
"formclas.f",576,581,"FORMCL_SO","DESHFC",17,"78","numeric",78,,"38548071d5aa652bb90c7f111f86b427f798a1c9"
"formclas.f",576,581,"FORMCL_SO","DESHFC",18,"81","numeric",81,,"38548071d5aa652bb90c7f111f86b427f798a1c9"
"formclas.f",576,581,"FORMCL_SO","DESHFC",19,"76","numeric",76,,"38548071d5aa652bb90c7f111f86b427f798a1c9"
"formclas.f",576,581,"FORMCL_SO","DESHFC",20,"80","numeric",80,,"38548071d5aa652bb90c7f111f86b427f798a1c9"
"formclas.f",576,581,"FORMCL_SO","DESHFC",21,"78","numeric",78,,"38548071d5aa652bb90c7f111f86b427f798a1c9"
"formclas.f",576,581,"FORMCL_SO","DESHFC",22,"60","numeric",60,,"38548071d5aa652bb90c7f111f86b427f798a1c9"
"formclas.f",576,581,"FORMCL_SO","DESHFC",23,"78","numeric",78,,"38548071d5aa652bb90c7f111f86b427f798a1c9"
"formclas.f",576,581,"FORMCL_SO","DESHFC",24,"78","numeric",78,,"38548071d5aa652bb90c7f111f86b427f798a1c9"
"formclas.f",576,581,"FORMCL_SO","DESHFC",25,"65","numeric",65,,"38548071d5aa652bb90c7f111f86b427f798a1c9"
"formclas.f",576,581,"FORMCL_SO","DESHFC",26,"82","numeric",82,,"38548071d5aa652bb90c7f111f86b427f798a1c9"
"formclas.f",576,581,"FORMCL_SO","DESHFC",27,"82","numeric",82,,"38548071d5aa652bb90c7f111f86b427f798a1c9"
"formclas.f",576,581,"FORMCL_SO","DESHFC",28,"78","numeric",78,,"38548071d5aa652bb90c7f111f86b427f798a1c9"
"formclas.f",576,581,"FORMCL_SO","DESHFC",29,"81","numeric",81,,"38548071d5aa652bb90c7f111f86b427f798a1c9"
"formclas.f",576,581,"FORMCL_SO","DESHFC",30,"79","numeric",79,,"38548071d5aa652bb90c7f111f86b427f798a1c9"
"formclas.f",576,581,"FORMCL_SO","DESHFC",31,"78","numeric",78,,"38548071d5aa652bb90c7f111f86b427f798a1c9"
"formclas.f",576,581,"FORMCL_SO","DESHFC",32,"78","numeric",78,,"38548071d5aa652bb90c7f111f86b427f798a1c9"
"formclas.f",576,581,"FORMCL_SO","DESHFC",33,"60","numeric",60,,"38548071d5aa652bb90c7f111f86b427f798a1c9"
"formclas.f",576,581,"FORMCL_SO","DESHFC",34,"78","numeric",78,,"38548071d5aa652bb90c7f111f86b427f798a1c9"
"formclas.f",576,581,"FORMCL_SO","DESHFC",35,"78","numeric",78,,"38548071d5aa652bb90c7f111f86b427f798a1c9"
"formclas.f",576,581,"FORMCL_SO","DESHFC",36,"65","numeric",65,,"38548071d5aa652bb90c7f111f86b427f798a1c9"
"formclas.f",576,581,"FORMCL_SO","DESHFC",37,"82","numeric",82,,"38548071d5aa652bb90c7f111f86b427f798a1c9"
"formclas.f",576,581,"FORMCL_SO","DESHFC",38,"82","numeric",82,,"38548071d5aa652bb90c7f111f86b427f798a1c9"
"formclas.f",576,581,"FORMCL_SO","DESHFC",39,"80","numeric",80,,"38548071d5aa652bb90c7f111f86b427f798a1c9"
"formclas.f",576,581,"FORMCL_SO","DESHFC",40,"82","numeric",82,,"38548071d5aa652bb90c7f111f86b427f798a1c9"
"formclas.f",576,581,"FORMCL_SO","DESHFC",41,"80","numeric",80,,"38548071d5aa652bb90c7f111f86b427f798a1c9"
"formclas.f",576,581,"FORMCL_SO","DESHFC",42,"76","numeric",76,,"38548071d5aa652bb90c7f111f86b427f798a1c9"
"formclas.f",576,581,"FORMCL_SO","DESHFC",43,"76","numeric",76,,"38548071d5aa652bb90c7f111f86b427f798a1c9"
"formclas.f",576,581,"FORMCL_SO","DESHFC",44,"60","numeric",60,,"38548071d5aa652bb90c7f111f86b427f798a1c9"
"formclas.f",576,581,"FORMCL_SO","DESHFC",45,"76","numeric",76,,"38548071d5aa652bb90c7f111f86b427f798a1c9"
"formclas.f",576,581,"FORMCL_SO","DESHFC",46,"76","numeric",76,,"38548071d5aa652bb90c7f111f86b427f798a1c9"
"formclas.f",576,581,"FORMCL_SO","DESHFC",47,"65","numeric",65,,"38548071d5aa652bb90c7f111f86b427f798a1c9"
"formclas.f",576,581,"FORMCL_SO","DESHFC",48,"82","numeric",82,,"38548071d5aa652bb90c7f111f86b427f798a1c9"
"formclas.f",576,581,"FORMCL_SO","DESHFC",49,"82","numeric",82,,"38548071d5aa652bb90c7f111f86b427f798a1c9"
"formclas.f",576,581,"FORMCL_SO","DESHFC",50,"80","numeric",80,,"38548071d5aa652bb90c7f111f86b427f798a1c9"
"formclas.f",576,581,"FORMCL_SO","DESHFC",51,"82","numeric",82,,"38548071d5aa652bb90c7f111f86b427f798a1c9"
"formclas.f",576,581,"FORMCL_SO","DESHFC",52,"80","numeric",80,,"38548071d5aa652bb90c7f111f86b427f798a1c9"
"formclas.f",576,581,"FORMCL_SO","DESHFC",53,"76","numeric",76,,"38548071d5aa652bb90c7f111f86b427f798a1c9"
"formclas.f",576,581,"FORMCL_SO","DESHFC",54,"74","numeric",74,,"38548071d5aa652bb90c7f111f86b427f798a1c9"
"formclas.f",576,581,"FORMCL_SO","DESHFC",55,"60","numeric",60,,"38548071d5aa652bb90c7f111f86b427f798a1c9"
"formclas.f",585,590,"FORMCL_SO","FREMFC",1,"68","numeric",68,,"38548071d5aa652bb90c7f111f86b427f798a1c9"
"formclas.f",585,590,"FORMCL_SO","FREMFC",2,"66","numeric",66,,"38548071d5aa652bb90c7f111f86b427f798a1c9"
"formclas.f",585,590,"FORMCL_SO","FREMFC",3,"64","numeric",64,,"38548071d5aa652bb90c7f111f86b427f798a1c9"
"formclas.f",585,590,"FORMCL_SO","FREMFC",4,"77","numeric",77,,"38548071d5aa652bb90c7f111f86b427f798a1c9"
"formclas.f",585,590,"FORMCL_SO","FREMFC",5,"83","numeric",83,,"38548071d5aa652bb90c7f111f86b427f798a1c9"
"formclas.f",585,590,"FORMCL_SO","FREMFC",6,"70","numeric",70,,"38548071d5aa652bb90c7f111f86b427f798a1c9"
"formclas.f",585,590,"FORMCL_SO","FREMFC",7,"83","numeric",83,,"38548071d5aa652bb90c7f111f86b427f798a1c9"
"formclas.f",585,590,"FORMCL_SO","FREMFC",8,"70","numeric",70,,"38548071d5aa652bb90c7f111f86b427f798a1c9"
"formclas.f",585,590,"FORMCL_SO","FREMFC",9,"66","numeric",66,,"38548071d5aa652bb90c7f111f86b427f798a1c9"
"formclas.f",585,590,"FORMCL_SO","FREMFC",10,"64","numeric",64,,"38548071d5aa652bb90c7f111f86b427f798a1c9"
"formclas.f",585,590,"FORMCL_SO","FREMFC",11,"34","numeric",34,,"38548071d5aa652bb90c7f111f86b427f798a1c9"
"formclas.f",585,590,"FORMCL_SO","FREMFC",12,"76","numeric",76,,"38548071d5aa652bb90c7f111f86b427f798a1c9"
"formclas.f",585,590,"FORMCL_SO","FREMFC",13,"74","numeric",74,,"38548071d5aa652bb90c7f111f86b427f798a1c9"
"formclas.f",585,590,"FORMCL_SO","FREMFC",14,"66","numeric",66,,"38548071d5aa652bb90c7f111f86b427f798a1c9"
"formclas.f",585,590,"FORMCL_SO","FREMFC",15,"79","numeric",79,,"38548071d5aa652bb90c7f111f86b427f798a1c9"
"formclas.f",585,590,"FORMCL_SO","FREMFC",16,"82","numeric",82,,"38548071d5aa652bb90c7f111f86b427f798a1c9"
"formclas.f",585,590,"FORMCL_SO","FREMFC",17,"82","numeric",82,,"38548071d5aa652bb90c7f111f86b427f798a1c9"
"formclas.f",585,590,"FORMCL_SO","FREMFC",18,"82","numeric",82,,"38548071d5aa652bb90c7f111f86b427f798a1c9"
"formclas.f",585,590,"FORMCL_SO","FREMFC",19,"82","numeric",82,,"38548071d5aa652bb90c7f111f86b427f798a1c9"
"formclas.f",585,590,"FORMCL_SO","FREMFC",20,"68","numeric",68,,"38548071d5aa652bb90c7f111f86b427f798a1c9"
"formclas.f",585,590,"FORMCL_SO","FREMFC",21,"64","numeric",64,,"38548071d5aa652bb90c7f111f86b427f798a1c9"
"formclas.f",585,590,"FORMCL_SO","FREMFC",22,"48","numeric",48,,"38548071d5aa652bb90c7f111f86b427f798a1c9"
"formclas.f",585,590,"FORMCL_SO","FREMFC",23,"82","numeric",82,,"38548071d5aa652bb90c7f111f86b427f798a1c9"
"formclas.f",585,590,"FORMCL_SO","FREMFC",24,"80","numeric",80,,"38548071d5aa652bb90c7f111f86b427f798a1c9"
"formclas.f",585,590,"FORMCL_SO","FREMFC",25,"66","numeric",66,,"38548071d5aa652bb90c7f111f86b427f798a1c9"
"formclas.f",585,590,"FORMCL_SO","FREMFC",26,"80","numeric",80,,"38548071d5aa652bb90c7f111f86b427f798a1c9"
"formclas.f",585,590,"FORMCL_SO","FREMFC",27,"80","numeric",80,,"38548071d5aa652bb90c7f111f86b427f798a1c9"
"formclas.f",585,590,"FORMCL_SO","FREMFC",28,"82","numeric",82,,"38548071d5aa652bb90c7f111f86b427f798a1c9"
"formclas.f",585,590,"FORMCL_SO","FREMFC",29,"80","numeric",80,,"38548071d5aa652bb90c7f111f86b427f798a1c9"
"formclas.f",585,590,"FORMCL_SO","FREMFC",30,"82","numeric",82,,"38548071d5aa652bb90c7f111f86b427f798a1c9"
"formclas.f",585,590,"FORMCL_SO","FREMFC",31,"68","numeric",68,,"38548071d5aa652bb90c7f111f86b427f798a1c9"
"formclas.f",585,590,"FORMCL_SO","FREMFC",32,"66","numeric",66,,"38548071d5aa652bb90c7f111f86b427f798a1c9"
"formclas.f",585,590,"FORMCL_SO","FREMFC",33,"48","numeric",48,,"38548071d5aa652bb90c7f111f86b427f798a1c9"
"formclas.f",585,590,"FORMCL_SO","FREMFC",34,"83","numeric",83,,"38548071d5aa652bb90c7f111f86b427f798a1c9"
"formclas.f",585,590,"FORMCL_SO","FREMFC",35,"81","numeric",81,,"38548071d5aa652bb90c7f111f86b427f798a1c9"
"formclas.f",585,590,"FORMCL_SO","FREMFC",36,"66","numeric",66,,"38548071d5aa652bb90c7f111f86b427f798a1c9"
"formclas.f",585,590,"FORMCL_SO","FREMFC",37,"80","numeric",80,,"38548071d5aa652bb90c7f111f86b427f798a1c9"
"formclas.f",585,590,"FORMCL_SO","FREMFC",38,"80","numeric",80,,"38548071d5aa652bb90c7f111f86b427f798a1c9"
"formclas.f",585,590,"FORMCL_SO","FREMFC",39,"84","numeric",84,,"38548071d5aa652bb90c7f111f86b427f798a1c9"
"formclas.f",585,590,"FORMCL_SO","FREMFC",40,"80","numeric",80,,"38548071d5aa652bb90c7f111f86b427f798a1c9"
"formclas.f",585,590,"FORMCL_SO","FREMFC",41,"84","numeric",84,,"38548071d5aa652bb90c7f111f86b427f798a1c9"
"formclas.f",585,590,"FORMCL_SO","FREMFC",42,"68","numeric",68,,"38548071d5aa652bb90c7f111f86b427f798a1c9"
"formclas.f",585,590,"FORMCL_SO","FREMFC",43,"66","numeric",66,,"38548071d5aa652bb90c7f111f86b427f798a1c9"
"formclas.f",585,590,"FORMCL_SO","FREMFC",44,"50","numeric",50,,"38548071d5aa652bb90c7f111f86b427f798a1c9"
"formclas.f",585,590,"FORMCL_SO","FREMFC",45,"80","numeric",80,,"38548071d5aa652bb90c7f111f86b427f798a1c9"
"formclas.f",585,590,"FORMCL_SO","FREMFC",46,"78","numeric",78,,"38548071d5aa652bb90c7f111f86b427f798a1c9"
"formclas.f",585,590,"FORMCL_SO","FREMFC",47,"66","numeric",66,,"38548071d5aa652bb90c7f111f86b427f798a1c9"
"formclas.f",585,590,"FORMCL_SO","FREMFC",48,"81","numeric",81,,"38548071d5aa652bb90c7f111f86b427f798a1c9"
"formclas.f",585,590,"FORMCL_SO","FREMFC",49,"80","numeric",80,,"38548071d5aa652bb90c7f111f86b427f798a1c9"
"formclas.f",585,590,"FORMCL_SO","FREMFC",50,"78","numeric",78,,"38548071d5aa652bb90c7f111f86b427f798a1c9"
"formclas.f",585,590,"FORMCL_SO","FREMFC",51,"80","numeric",80,,"38548071d5aa652bb90c7f111f86b427f798a1c9"
"formclas.f",585,590,"FORMCL_SO","FREMFC",52,"80","numeric",80,,"38548071d5aa652bb90c7f111f86b427f798a1c9"
"formclas.f",585,590,"FORMCL_SO","FREMFC",53,"68","numeric",68,,"38548071d5aa652bb90c7f111f86b427f798a1c9"
"formclas.f",585,590,"FORMCL_SO","FREMFC",54,"66","numeric",66,,"38548071d5aa652bb90c7f111f86b427f798a1c9"
"formclas.f",585,590,"FORMCL_SO","FREMFC",55,"50","numeric",50,,"38548071d5aa652bb90c7f111f86b427f798a1c9"
"formclas.f",594,599,"FORMCL_SO","WINEFC",1,"76","numeric",76,,"38548071d5aa652bb90c7f111f86b427f798a1c9"
"formclas.f",594,599,"FORMCL_SO","WINEFC",2,"81","numeric",81,,"38548071d5aa652bb90c7f111f86b427f798a1c9"
"formclas.f",594,599,"FORMCL_SO","WINEFC",3,"62","numeric",62,,"38548071d5aa652bb90c7f111f86b427f798a1c9"
"formclas.f",594,599,"FORMCL_SO","WINEFC",4,"80","numeric",80,,"38548071d5aa652bb90c7f111f86b427f798a1c9"
"formclas.f",594,599,"FORMCL_SO","WINEFC",5,"83","numeric",83,,"38548071d5aa652bb90c7f111f86b427f798a1c9"
"formclas.f",594,599,"FORMCL_SO","WINEFC",6,"72","numeric",72,,"38548071d5aa652bb90c7f111f86b427f798a1c9"
"formclas.f",594,599,"FORMCL_SO","WINEFC",7,"78","numeric",78,,"38548071d5aa652bb90c7f111f86b427f798a1c9"
"formclas.f",594,599,"FORMCL_SO","WINEFC",8,"73","numeric",73,,"38548071d5aa652bb90c7f111f86b427f798a1c9"
"formclas.f",594,599,"FORMCL_SO","WINEFC",9,"78","numeric",78,,"38548071d5aa652bb90c7f111f86b427f798a1c9"
"formclas.f",594,599,"FORMCL_SO","WINEFC",10,"75","numeric",75,,"38548071d5aa652bb90c7f111f86b427f798a1c9"
"formclas.f",594,599,"FORMCL_SO","WINEFC",11,"60","numeric",60,,"38548071d5aa652bb90c7f111f86b427f798a1c9"
"formclas.f",594,599,"FORMCL_SO","WINEFC",12,"81","numeric",81,,"38548071d5aa652bb90c7f111f86b427f798a1c9"
"formclas.f",594,599,"FORMCL_SO","WINEFC",13,"81","numeric",81,,"38548071d5aa652bb90c7f111f86b427f798a1c9"
"formclas.f",594,599,"FORMCL_SO","WINEFC",14,"65","numeric",65,,"38548071d5aa652bb90c7f111f86b427f798a1c9"
"formclas.f",594,599,"FORMCL_SO","WINEFC",15,"80","numeric",80,,"38548071d5aa652bb90c7f111f86b427f798a1c9"
"formclas.f",594,599,"FORMCL_SO","WINEFC",16,"82","numeric",82,,"38548071d5aa652bb90c7f111f86b427f798a1c9"
"formclas.f",594,599,"FORMCL_SO","WINEFC",17,"76","numeric",76,,"38548071d5aa652bb90c7f111f86b427f798a1c9"
"formclas.f",594,599,"FORMCL_SO","WINEFC",18,"79","numeric",79,,"38548071d5aa652bb90c7f111f86b427f798a1c9"
"formclas.f",594,599,"FORMCL_SO","WINEFC",19,"78","numeric",78,,"38548071d5aa652bb90c7f111f86b427f798a1c9"
"formclas.f",594,599,"FORMCL_SO","WINEFC",20,"77","numeric",77,,"38548071d5aa652bb90c7f111f86b427f798a1c9"
"formclas.f",594,599,"FORMCL_SO","WINEFC",21,"78","numeric",78,,"38548071d5aa652bb90c7f111f86b427f798a1c9"
"formclas.f",594,599,"FORMCL_SO","WINEFC",22,"60","numeric",60,,"38548071d5aa652bb90c7f111f86b427f798a1c9"
"formclas.f",594,599,"FORMCL_SO","WINEFC",23,"78","numeric",78,,"38548071d5aa652bb90c7f111f86b427f798a1c9"
"formclas.f",594,599,"FORMCL_SO","WINEFC",24,"81","numeric",81,,"38548071d5aa652bb90c7f111f86b427f798a1c9"
"formclas.f",594,599,"FORMCL_SO","WINEFC",25,"64","numeric",64,,"38548071d5aa652bb90c7f111f86b427f798a1c9"
"formclas.f",594,599,"FORMCL_SO","WINEFC",26,"80","numeric",80,,"38548071d5aa652bb90c7f111f86b427f798a1c9"
"formclas.f",594,599,"FORMCL_SO","WINEFC",27,"80","numeric",80,,"38548071d5aa652bb90c7f111f86b427f798a1c9"
"formclas.f",594,599,"FORMCL_SO","WINEFC",28,"76","numeric",76,,"38548071d5aa652bb90c7f111f86b427f798a1c9"
"formclas.f",594,599,"FORMCL_SO","WINEFC",29,"80","numeric",80,,"38548071d5aa652bb90c7f111f86b427f798a1c9"
"formclas.f",594,599,"FORMCL_SO","WINEFC",30,"80","numeric",80,,"38548071d5aa652bb90c7f111f86b427f798a1c9"
"formclas.f",594,599,"FORMCL_SO","WINEFC",31,"75","numeric",75,,"38548071d5aa652bb90c7f111f86b427f798a1c9"
"formclas.f",594,599,"FORMCL_SO","WINEFC",32,"79","numeric",79,,"38548071d5aa652bb90c7f111f86b427f798a1c9"
"formclas.f",594,599,"FORMCL_SO","WINEFC",33,"60","numeric",60,,"38548071d5aa652bb90c7f111f86b427f798a1c9"
"formclas.f",594,599,"FORMCL_SO","WINEFC",34,"78","numeric",78,,"38548071d5aa652bb90c7f111f86b427f798a1c9"
"formclas.f",594,599,"FORMCL_SO","WINEFC",35,"78","numeric",78,,"38548071d5aa652bb90c7f111f86b427f798a1c9"
"formclas.f",594,599,"FORMCL_SO","WINEFC",36,"62","numeric",62,,"38548071d5aa652bb90c7f111f86b427f798a1c9"
"formclas.f",594,599,"FORMCL_SO","WINEFC",37,"79","numeric",79,,"38548071d5aa652bb90c7f111f86b427f798a1c9"
"formclas.f",594,599,"FORMCL_SO","WINEFC",38,"80","numeric",80,,"38548071d5aa652bb90c7f111f86b427f798a1c9"
"formclas.f",594,599,"FORMCL_SO","WINEFC",39,"77","numeric",77,,"38548071d5aa652bb90c7f111f86b427f798a1c9"
"formclas.f",594,599,"FORMCL_SO","WINEFC",40,"79","numeric",79,,"38548071d5aa652bb90c7f111f86b427f798a1c9"
"formclas.f",594,599,"FORMCL_SO","WINEFC",41,"80","numeric",80,,"38548071d5aa652bb90c7f111f86b427f798a1c9"
"formclas.f",594,599,"FORMCL_SO","WINEFC",42,"74","numeric",74,,"38548071d5aa652bb90c7f111f86b427f798a1c9"
"formclas.f",594,599,"FORMCL_SO","WINEFC",43,"79","numeric",79,,"38548071d5aa652bb90c7f111f86b427f798a1c9"
"formclas.f",594,599,"FORMCL_SO","WINEFC",44,"60","numeric",60,,"38548071d5aa652bb90c7f111f86b427f798a1c9"
"formclas.f",594,599,"FORMCL_SO","WINEFC",45,"76","numeric",76,,"38548071d5aa652bb90c7f111f86b427f798a1c9"
"formclas.f",594,599,"FORMCL_SO","WINEFC",46,"74","numeric",74,,"38548071d5aa652bb90c7f111f86b427f798a1c9"
"formclas.f",594,599,"FORMCL_SO","WINEFC",47,"62","numeric",62,,"38548071d5aa652bb90c7f111f86b427f798a1c9"
"formclas.f",594,599,"FORMCL_SO","WINEFC",48,"78","numeric",78,,"38548071d5aa652bb90c7f111f86b427f798a1c9"
"formclas.f",594,599,"FORMCL_SO","WINEFC",49,"80","numeric",80,,"38548071d5aa652bb90c7f111f86b427f798a1c9"
"formclas.f",594,599,"FORMCL_SO","WINEFC",50,"77","numeric",77,,"38548071d5aa652bb90c7f111f86b427f798a1c9"
"formclas.f",594,599,"FORMCL_SO","WINEFC",51,"78","numeric",78,,"38548071d5aa652bb90c7f111f86b427f798a1c9"
"formclas.f",594,599,"FORMCL_SO","WINEFC",52,"80","numeric",80,,"38548071d5aa652bb90c7f111f86b427f798a1c9"
"formclas.f",594,599,"FORMCL_SO","WINEFC",53,"73","numeric",73,,"38548071d5aa652bb90c7f111f86b427f798a1c9"
"formclas.f",594,599,"FORMCL_SO","WINEFC",54,"78","numeric",78,,"38548071d5aa652bb90c7f111f86b427f798a1c9"
"formclas.f",594,599,"FORMCL_SO","WINEFC",55,"60","numeric",60,,"38548071d5aa652bb90c7f111f86b427f798a1c9"
"formclas.f",677,680,"FORMCL_WC","FIAJSP",1,"'   '","character",,"   ","38548071d5aa652bb90c7f111f86b427f798a1c9"
"formclas.f",677,680,"FORMCL_WC","FIAJSP",2,"'   '","character",,"   ","38548071d5aa652bb90c7f111f86b427f798a1c9"
"formclas.f",677,680,"FORMCL_WC","FIAJSP",3,"'011'","character",,"011","38548071d5aa652bb90c7f111f86b427f798a1c9"
"formclas.f",677,680,"FORMCL_WC","FIAJSP",4,"'015'","character",,"015","38548071d5aa652bb90c7f111f86b427f798a1c9"
"formclas.f",677,680,"FORMCL_WC","FIAJSP",5,"'017'","character",,"017","38548071d5aa652bb90c7f111f86b427f798a1c9"
"formclas.f",677,680,"FORMCL_WC","FIAJSP",6,"'019'","character",,"019","38548071d5aa652bb90c7f111f86b427f798a1c9"
"formclas.f",677,680,"FORMCL_WC","FIAJSP",7,"'020'","character",,"020","38548071d5aa652bb90c7f111f86b427f798a1c9"
"formclas.f",677,680,"FORMCL_WC","FIAJSP",8,"'022'","character",,"022","38548071d5aa652bb90c7f111f86b427f798a1c9"
"formclas.f",677,680,"FORMCL_WC","FIAJSP",9,"'042'","character",,"042","38548071d5aa652bb90c7f111f86b427f798a1c9"
"formclas.f",677,680,"FORMCL_WC","FIAJSP",10,"'060'","character",,"060","38548071d5aa652bb90c7f111f86b427f798a1c9"
"formclas.f",677,680,"FORMCL_WC","FIAJSP",11,"'072'","character",,"072","38548071d5aa652bb90c7f111f86b427f798a1c9"
"formclas.f",677,680,"FORMCL_WC","FIAJSP",12,"'081'","character",,"081","38548071d5aa652bb90c7f111f86b427f798a1c9"
"formclas.f",677,680,"FORMCL_WC","FIAJSP",13,"'093'","character",,"093","38548071d5aa652bb90c7f111f86b427f798a1c9"
"formclas.f",677,680,"FORMCL_WC","FIAJSP",14,"'101'","character",,"101","38548071d5aa652bb90c7f111f86b427f798a1c9"
"formclas.f",677,680,"FORMCL_WC","FIAJSP",15,"'103'","character",,"103","38548071d5aa652bb90c7f111f86b427f798a1c9"
"formclas.f",677,680,"FORMCL_WC","FIAJSP",16,"'108'","character",,"108","38548071d5aa652bb90c7f111f86b427f798a1c9"
"formclas.f",677,680,"FORMCL_WC","FIAJSP",17,"'116'","character",,"116","38548071d5aa652bb90c7f111f86b427f798a1c9"
"formclas.f",677,680,"FORMCL_WC","FIAJSP",18,"'117'","character",,"117","38548071d5aa652bb90c7f111f86b427f798a1c9"
"formclas.f",677,680,"FORMCL_WC","FIAJSP",19,"'119'","character",,"119","38548071d5aa652bb90c7f111f86b427f798a1c9"
"formclas.f",677,680,"FORMCL_WC","FIAJSP",20,"'122'","character",,"122","38548071d5aa652bb90c7f111f86b427f798a1c9"
"formclas.f",677,680,"FORMCL_WC","FIAJSP",21,"'202'","character",,"202","38548071d5aa652bb90c7f111f86b427f798a1c9"
"formclas.f",677,680,"FORMCL_WC","FIAJSP",22,"'211'","character",,"211","38548071d5aa652bb90c7f111f86b427f798a1c9"
"formclas.f",677,680,"FORMCL_WC","FIAJSP",23,"'231'","character",,"231","38548071d5aa652bb90c7f111f86b427f798a1c9"
"formclas.f",677,680,"FORMCL_WC","FIAJSP",24,"'242'","character",,"242","38548071d5aa652bb90c7f111f86b427f798a1c9"
"formclas.f",677,680,"FORMCL_WC","FIAJSP",25,"'263'","character",,"263","38548071d5aa652bb90c7f111f86b427f798a1c9"
"formclas.f",677,680,"FORMCL_WC","FIAJSP",26,"'264'","character",,"264","38548071d5aa652bb90c7f111f86b427f798a1c9"
"formclas.f",677,680,"FORMCL_WC","FIAJSP",27,"'312'","character",,"312","38548071d5aa652bb90c7f111f86b427f798a1c9"
"formclas.f",677,680,"FORMCL_WC","FIAJSP",28,"'351'","character",,"351","38548071d5aa652bb90c7f111f86b427f798a1c9"
"formclas.f",677,680,"FORMCL_WC","FIAJSP",29,"'352'","character",,"352","38548071d5aa652bb90c7f111f86b427f798a1c9"
"formclas.f",677,680,"FORMCL_WC","FIAJSP",30,"'376'","character",,"376","38548071d5aa652bb90c7f111f86b427f798a1c9"
"formclas.f",677,680,"FORMCL_WC","FIAJSP",31,"'431'","character",,"431","38548071d5aa652bb90c7f111f86b427f798a1c9"
"formclas.f",677,680,"FORMCL_WC","FIAJSP",32,"'492'","character",,"492","38548071d5aa652bb90c7f111f86b427f798a1c9"
"formclas.f",677,680,"FORMCL_WC","FIAJSP",33,"'500'","character",,"500","38548071d5aa652bb90c7f111f86b427f798a1c9"
"formclas.f",677,680,"FORMCL_WC","FIAJSP",34,"'746'","character",,"746","38548071d5aa652bb90c7f111f86b427f798a1c9"
"formclas.f",677,680,"FORMCL_WC","FIAJSP",35,"'747'","character",,"747","38548071d5aa652bb90c7f111f86b427f798a1c9"
"formclas.f",677,680,"FORMCL_WC","FIAJSP",36,"'764'","character",,"764","38548071d5aa652bb90c7f111f86b427f798a1c9"
"formclas.f",677,680,"FORMCL_WC","FIAJSP",37,"'815'","character",,"815","38548071d5aa652bb90c7f111f86b427f798a1c9"
"formclas.f",677,680,"FORMCL_WC","FIAJSP",38,"'920'","character",,"920","38548071d5aa652bb90c7f111f86b427f798a1c9"
"formclas.f",677,680,"FORMCL_WC","FIAJSP",39,"'999'","character",,"999","38548071d5aa652bb90c7f111f86b427f798a1c9"
"formclas.f",685,709,"FORMCL_WC","GIFPFC",1,"74","numeric",74,,"38548071d5aa652bb90c7f111f86b427f798a1c9"
"formclas.f",685,709,"FORMCL_WC","GIFPFC",2,"80","numeric",80,,"38548071d5aa652bb90c7f111f86b427f798a1c9"
"formclas.f",685,709,"FORMCL_WC","GIFPFC",3,"87","numeric",87,,"38548071d5aa652bb90c7f111f86b427f798a1c9"
"formclas.f",685,709,"FORMCL_WC","GIFPFC",4,"86","numeric",86,,"38548071d5aa652bb90c7f111f86b427f798a1c9"
"formclas.f",685,709,"FORMCL_WC","GIFPFC",5,"84","numeric",84,,"38548071d5aa652bb90c7f111f86b427f798a1c9"
"formclas.f",685,709,"FORMCL_WC","GIFPFC",6,"80","numeric",80,,"38548071d5aa652bb90c7f111f86b427f798a1c9"
"formclas.f",685,709,"FORMCL_WC","GIFPFC",7,"75","numeric",75,,"38548071d5aa652bb90c7f111f86b427f798a1c9"
"formclas.f",685,709,"FORMCL_WC","GIFPFC",8,"84","numeric",84,,"38548071d5aa652bb90c7f111f86b427f798a1c9"
"formclas.f",685,709,"FORMCL_WC","GIFPFC",9,"76","numeric",76,,"38548071d5aa652bb90c7f111f86b427f798a1c9"
"formclas.f",685,709,"FORMCL_WC","GIFPFC",10,"60","numeric",60,,"38548071d5aa652bb90c7f111f86b427f798a1c9"
"formclas.f",685,709,"FORMCL_WC","GIFPFC",11,"75","numeric",75,,"38548071d5aa652bb90c7f111f86b427f798a1c9"
"formclas.f",685,709,"FORMCL_WC","GIFPFC",12,"66","numeric",66,,"38548071d5aa652bb90c7f111f86b427f798a1c9"
"formclas.f",685,709,"FORMCL_WC","GIFPFC",13,"80","numeric",80,,"38548071d5aa652bb90c7f111f86b427f798a1c9"
"formclas.f",685,709,"FORMCL_WC","GIFPFC",14,"82","numeric",82,,"38548071d5aa652bb90c7f111f86b427f798a1c9"
"formclas.f",685,709,"FORMCL_WC","GIFPFC",15,"82","numeric",82,,"38548071d5aa652bb90c7f111f86b427f798a1c9"
"formclas.f",685,709,"FORMCL_WC","GIFPFC",16,"82","numeric",82,,"38548071d5aa652bb90c7f111f86b427f798a1c9"
"formclas.f",685,709,"FORMCL_WC","GIFPFC",17,"75","numeric",75,,"38548071d5aa652bb90c7f111f86b427f798a1c9"
"formclas.f",685,709,"FORMCL_WC","GIFPFC",18,"72","numeric",72,,"38548071d5aa652bb90c7f111f86b427f798a1c9"
"formclas.f",685,709,"FORMCL_WC","GIFPFC",19,"84","numeric",84,,"38548071d5aa652bb90c7f111f86b427f798a1c9"
"formclas.f",685,709,"FORMCL_WC","GIFPFC",20,"76","numeric",76,,"38548071d5aa652bb90c7f111f86b427f798a1c9"
"formclas.f",685,709,"FORMCL_WC","GIFPFC",21,"82","numeric",82,,"38548071d5aa652bb90c7f111f86b427f798a1c9"
"formclas.f",685,709,"FORMCL_WC","GIFPFC",22,"75","numeric",75,,"38548071d5aa652bb90c7f111f86b427f798a1c9"
"formclas.f",685,709,"FORMCL_WC","GIFPFC",23,"60","numeric",60,,"38548071d5aa652bb90c7f111f86b427f798a1c9"
"formclas.f",685,709,"FORMCL_WC","GIFPFC",24,"70","numeric",70,,"38548071d5aa652bb90c7f111f86b427f798a1c9"
"formclas.f",685,709,"FORMCL_WC","GIFPFC",25,"86","numeric",86,,"38548071d5aa652bb90c7f111f86b427f798a1c9"
"formclas.f",685,709,"FORMCL_WC","GIFPFC",26,"82","numeric",82,,"38548071d5aa652bb90c7f111f86b427f798a1c9"
"formclas.f",685,709,"FORMCL_WC","GIFPFC",27,"74","numeric",74,,"38548071d5aa652bb90c7f111f86b427f798a1c9"
"formclas.f",685,709,"FORMCL_WC","GIFPFC",28,"74","numeric",74,,"38548071d5aa652bb90c7f111f86b427f798a1c9"
"formclas.f",685,709,"FORMCL_WC","GIFPFC",29,"70","numeric",70,,"38548071d5aa652bb90c7f111f86b427f798a1c9"
"formclas.f",685,709,"FORMCL_WC","GIFPFC",30,"70","numeric",70,,"38548071d5aa652bb90c7f111f86b427f798a1c9"
"formclas.f",685,709,"FORMCL_WC","GIFPFC",31,"75","numeric",75,,"38548071d5aa652bb90c7f111f86b427f798a1c9"
"formclas.f",685,709,"FORMCL_WC","GIFPFC",32,"74","numeric",74,,"38548071d5aa652bb90c7f111f86b427f798a1c9"
"formclas.f",685,709,"FORMCL_WC","GIFPFC",33,"70","numeric",70,,"38548071d5aa652bb90c7f111f86b427f798a1c9"
"formclas.f",685,709,"FORMCL_WC","GIFPFC",34,"75","numeric",75,,"38548071d5aa652bb90c7f111f86b427f798a1c9"
"formclas.f",685,709,"FORMCL_WC","GIFPFC",35,"74","numeric",74,,"38548071d5aa652bb90c7f111f86b427f798a1c9"
"formclas.f",685,709,"FORMCL_WC","GIFPFC",36,"74","numeric",74,,"38548071d5aa652bb90c7f111f86b427f798a1c9"
"formclas.f",685,709,"FORMCL_WC","GIFPFC",37,"70","numeric",70,,"38548071d5aa652bb90c7f111f86b427f798a1c9"
"formclas.f",685,709,"FORMCL_WC","GIFPFC",38,"75","numeric",75,,"38548071d5aa652bb90c7f111f86b427f798a1c9"
"formclas.f",685,709,"FORMCL_WC","GIFPFC",39,"74","numeric",74,,"38548071d5aa652bb90c7f111f86b427f798a1c9"
"formclas.f",685,709,"FORMCL_WC","GIFPFC",40,"74","numeric",74,,"38548071d5aa652bb90c7f111f86b427f798a1c9"
"formclas.f",685,709,"FORMCL_WC","GIFPFC",41,"80","numeric",80,,"38548071d5aa652bb90c7f111f86b427f798a1c9"
"formclas.f",685,709,"FORMCL_WC","GIFPFC",42,"87","numeric",87,,"38548071d5aa652bb90c7f111f86b427f798a1c9"
"formclas.f",685,709,"FORMCL_WC","GIFPFC",43,"86","numeric",86,,"38548071d5aa652bb90c7f111f86b427f798a1c9"
"formclas.f",685,709,"FORMCL_WC","GIFPFC",44,"84","numeric",84,,"38548071d5aa652bb90c7f111f86b427f798a1c9"
"formclas.f",685,709,"FORMCL_WC","GIFPFC",45,"80","numeric",80,,"38548071d5aa652bb90c7f111f86b427f798a1c9"
"formclas.f",685,709,"FORMCL_WC","GIFPFC",46,"75","numeric",75,,"38548071d5aa652bb90c7f111f86b427f798a1c9"
"formclas.f",685,709,"FORMCL_WC","GIFPFC",47,"84","numeric",84,,"38548071d5aa652bb90c7f111f86b427f798a1c9"
"formclas.f",685,709,"FORMCL_WC","GIFPFC",48,"76","numeric",76,,"38548071d5aa652bb90c7f111f86b427f798a1c9"
"formclas.f",685,709,"FORMCL_WC","GIFPFC",49,"60","numeric",60,,"38548071d5aa652bb90c7f111f86b427f798a1c9"
"formclas.f",685,709,"FORMCL_WC","GIFPFC",50,"75","numeric",75,,"38548071d5aa652bb90c7f111f86b427f798a1c9"
"formclas.f",685,709,"FORMCL_WC","GIFPFC",51,"67","numeric",67,,"38548071d5aa652bb90c7f111f86b427f798a1c9"
"formclas.f",685,709,"FORMCL_WC","GIFPFC",52,"80","numeric",80,,"38548071d5aa652bb90c7f111f86b427f798a1c9"
"formclas.f",685,709,"FORMCL_WC","GIFPFC",53,"82","numeric",82,,"38548071d5aa652bb90c7f111f86b427f798a1c9"
"formclas.f",685,709,"FORMCL_WC","GIFPFC",54,"82","numeric",82,,"38548071d5aa652bb90c7f111f86b427f798a1c9"
"formclas.f",685,709,"FORMCL_WC","GIFPFC",55,"82","numeric",82,,"38548071d5aa652bb90c7f111f86b427f798a1c9"
"formclas.f",685,709,"FORMCL_WC","GIFPFC",56,"75","numeric",75,,"38548071d5aa652bb90c7f111f86b427f798a1c9"
"formclas.f",685,709,"FORMCL_WC","GIFPFC",57,"74","numeric",74,,"38548071d5aa652bb90c7f111f86b427f798a1c9"
"formclas.f",685,709,"FORMCL_WC","GIFPFC",58,"84","numeric",84,,"38548071d5aa652bb90c7f111f86b427f798a1c9"
"formclas.f",685,709,"FORMCL_WC","GIFPFC",59,"76","numeric",76,,"38548071d5aa652bb90c7f111f86b427f798a1c9"
"formclas.f",685,709,"FORMCL_WC","GIFPFC",60,"82","numeric",82,,"38548071d5aa652bb90c7f111f86b427f798a1c9"
"formclas.f",685,709,"FORMCL_WC","GIFPFC",61,"75","numeric",75,,"38548071d5aa652bb90c7f111f86b427f798a1c9"
"formclas.f",685,709,"FORMCL_WC","GIFPFC",62,"60","numeric",60,,"38548071d5aa652bb90c7f111f86b427f798a1c9"
"formclas.f",685,709,"FORMCL_WC","GIFPFC",63,"70","numeric",70,,"38548071d5aa652bb90c7f111f86b427f798a1c9"
"formclas.f",685,709,"FORMCL_WC","GIFPFC",64,"86","numeric",86,,"38548071d5aa652bb90c7f111f86b427f798a1c9"
"formclas.f",685,709,"FORMCL_WC","GIFPFC",65,"82","numeric",82,,"38548071d5aa652bb90c7f111f86b427f798a1c9"
"formclas.f",685,709,"FORMCL_WC","GIFPFC",66,"74","numeric",74,,"38548071d5aa652bb90c7f111f86b427f798a1c9"
"formclas.f",685,709,"FORMCL_WC","GIFPFC",67,"74","numeric",74,,"38548071d5aa652bb90c7f111f86b427f798a1c9"
"formclas.f",685,709,"FORMCL_WC","GIFPFC",68,"70","numeric",70,,"38548071d5aa652bb90c7f111f86b427f798a1c9"
"formclas.f",685,709,"FORMCL_WC","GIFPFC",69,"70","numeric",70,,"38548071d5aa652bb90c7f111f86b427f798a1c9"
"formclas.f",685,709,"FORMCL_WC","GIFPFC",70,"75","numeric",75,,"38548071d5aa652bb90c7f111f86b427f798a1c9"
"formclas.f",685,709,"FORMCL_WC","GIFPFC",71,"74","numeric",74,,"38548071d5aa652bb90c7f111f86b427f798a1c9"
"formclas.f",685,709,"FORMCL_WC","GIFPFC",72,"70","numeric",70,,"38548071d5aa652bb90c7f111f86b427f798a1c9"
"formclas.f",685,709,"FORMCL_WC","GIFPFC",73,"75","numeric",75,,"38548071d5aa652bb90c7f111f86b427f798a1c9"
"formclas.f",685,709,"FORMCL_WC","GIFPFC",74,"74","numeric",74,,"38548071d5aa652bb90c7f111f86b427f798a1c9"
"formclas.f",685,709,"FORMCL_WC","GIFPFC",75,"74","numeric",74,,"38548071d5aa652bb90c7f111f86b427f798a1c9"
"formclas.f",685,709,"FORMCL_WC","GIFPFC",76,"70","numeric",70,,"38548071d5aa652bb90c7f111f86b427f798a1c9"
"formclas.f",685,709,"FORMCL_WC","GIFPFC",77,"75","numeric",75,,"38548071d5aa652bb90c7f111f86b427f798a1c9"
"formclas.f",685,709,"FORMCL_WC","GIFPFC",78,"74","numeric",74,,"38548071d5aa652bb90c7f111f86b427f798a1c9"
"formclas.f",685,709,"FORMCL_WC","GIFPFC",79,"74","numeric",74,,"38548071d5aa652bb90c7f111f86b427f798a1c9"
"formclas.f",685,709,"FORMCL_WC","GIFPFC",80,"80","numeric",80,,"38548071d5aa652bb90c7f111f86b427f798a1c9"
"formclas.f",685,709,"FORMCL_WC","GIFPFC",81,"86","numeric",86,,"38548071d5aa652bb90c7f111f86b427f798a1c9"
"formclas.f",685,709,"FORMCL_WC","GIFPFC",82,"84","numeric",84,,"38548071d5aa652bb90c7f111f86b427f798a1c9"
"formclas.f",685,709,"FORMCL_WC","GIFPFC",83,"84","numeric",84,,"38548071d5aa652bb90c7f111f86b427f798a1c9"
"formclas.f",685,709,"FORMCL_WC","GIFPFC",84,"80","numeric",80,,"38548071d5aa652bb90c7f111f86b427f798a1c9"
"formclas.f",685,709,"FORMCL_WC","GIFPFC",85,"75","numeric",75,,"38548071d5aa652bb90c7f111f86b427f798a1c9"
"formclas.f",685,709,"FORMCL_WC","GIFPFC",86,"84","numeric",84,,"38548071d5aa652bb90c7f111f86b427f798a1c9"
"formclas.f",685,709,"FORMCL_WC","GIFPFC",87,"74","numeric",74,,"38548071d5aa652bb90c7f111f86b427f798a1c9"
"formclas.f",685,709,"FORMCL_WC","GIFPFC",88,"60","numeric",60,,"38548071d5aa652bb90c7f111f86b427f798a1c9"
"formclas.f",685,709,"FORMCL_WC","GIFPFC",89,"75","numeric",75,,"38548071d5aa652bb90c7f111f86b427f798a1c9"
"formclas.f",685,709,"FORMCL_WC","GIFPFC",90,"68","numeric",68,,"38548071d5aa652bb90c7f111f86b427f798a1c9"
"formclas.f",685,709,"FORMCL_WC","GIFPFC",91,"80","numeric",80,,"38548071d5aa652bb90c7f111f86b427f798a1c9"
"formclas.f",685,709,"FORMCL_WC","GIFPFC",92,"82","numeric",82,,"38548071d5aa652bb90c7f111f86b427f798a1c9"
"formclas.f",685,709,"FORMCL_WC","GIFPFC",93,"82","numeric",82,,"38548071d5aa652bb90c7f111f86b427f798a1c9"
"formclas.f",685,709,"FORMCL_WC","GIFPFC",94,"82","numeric",82,,"38548071d5aa652bb90c7f111f86b427f798a1c9"
"formclas.f",685,709,"FORMCL_WC","GIFPFC",95,"75","numeric",75,,"38548071d5aa652bb90c7f111f86b427f798a1c9"
"formclas.f",685,709,"FORMCL_WC","GIFPFC",96,"75","numeric",75,,"38548071d5aa652bb90c7f111f86b427f798a1c9"
"formclas.f",685,709,"FORMCL_WC","GIFPFC",97,"84","numeric",84,,"38548071d5aa652bb90c7f111f86b427f798a1c9"
"formclas.f",685,709,"FORMCL_WC","GIFPFC",98,"78","numeric",78,,"38548071d5aa652bb90c7f111f86b427f798a1c9"
"formclas.f",685,709,"FORMCL_WC","GIFPFC",99,"80","numeric",80,,"38548071d5aa652bb90c7f111f86b427f798a1c9"
"formclas.f",685,709,"FORMCL_WC","GIFPFC",100,"75","numeric",75,,"38548071d5aa652bb90c7f111f86b427f798a1c9"
"formclas.f",685,709,"FORMCL_WC","GIFPFC",101,"60","numeric",60,,"38548071d5aa652bb90c7f111f86b427f798a1c9"
"formclas.f",685,709,"FORMCL_WC","GIFPFC",102,"68","numeric",68,,"38548071d5aa652bb90c7f111f86b427f798a1c9"
"formclas.f",685,709,"FORMCL_WC","GIFPFC",103,"84","numeric",84,,"38548071d5aa652bb90c7f111f86b427f798a1c9"
"formclas.f",685,709,"FORMCL_WC","GIFPFC",104,"82","numeric",82,,"38548071d5aa652bb90c7f111f86b427f798a1c9"
"formclas.f",685,709,"FORMCL_WC","GIFPFC",105,"74","numeric",74,,"38548071d5aa652bb90c7f111f86b427f798a1c9"
"formclas.f",685,709,"FORMCL_WC","GIFPFC",106,"74","numeric",74,,"38548071d5aa652bb90c7f111f86b427f798a1c9"
"formclas.f",685,709,"FORMCL_WC","GIFPFC",107,"70","numeric",70,,"38548071d5aa652bb90c7f111f86b427f798a1c9"
"formclas.f",685,709,"FORMCL_WC","GIFPFC",108,"70","numeric",70,,"38548071d5aa652bb90c7f111f86b427f798a1c9"
"formclas.f",685,709,"FORMCL_WC","GIFPFC",109,"75","numeric",75,,"38548071d5aa652bb90c7f111f86b427f798a1c9"
"formclas.f",685,709,"FORMCL_WC","GIFPFC",110,"74","numeric",74,,"38548071d5aa652bb90c7f111f86b427f798a1c9"
"formclas.f",685,709,"FORMCL_WC","GIFPFC",111,"70","numeric",70,,"38548071d5aa652bb90c7f111f86b427f798a1c9"
"formclas.f",685,709,"FORMCL_WC","GIFPFC",112,"75","numeric",75,,"38548071d5aa652bb90c7f111f86b427f798a1c9"
"formclas.f",685,709,"FORMCL_WC","GIFPFC",113,"74","numeric",74,,"38548071d5aa652bb90c7f111f86b427f798a1c9"
"formclas.f",685,709,"FORMCL_WC","GIFPFC",114,"74","numeric",74,,"38548071d5aa652bb90c7f111f86b427f798a1c9"
"formclas.f",685,709,"FORMCL_WC","GIFPFC",115,"70","numeric",70,,"38548071d5aa652bb90c7f111f86b427f798a1c9"
"formclas.f",685,709,"FORMCL_WC","GIFPFC",116,"75","numeric",75,,"38548071d5aa652bb90c7f111f86b427f798a1c9"
"formclas.f",685,709,"FORMCL_WC","GIFPFC",117,"74","numeric",74,,"38548071d5aa652bb90c7f111f86b427f798a1c9"
"formclas.f",685,709,"FORMCL_WC","GIFPFC",118,"74","numeric",74,,"38548071d5aa652bb90c7f111f86b427f798a1c9"
"formclas.f",685,709,"FORMCL_WC","GIFPFC",119,"80","numeric",80,,"38548071d5aa652bb90c7f111f86b427f798a1c9"
"formclas.f",685,709,"FORMCL_WC","GIFPFC",120,"84","numeric",84,,"38548071d5aa652bb90c7f111f86b427f798a1c9"
"formclas.f",685,709,"FORMCL_WC","GIFPFC",121,"84","numeric",84,,"38548071d5aa652bb90c7f111f86b427f798a1c9"
"formclas.f",685,709,"FORMCL_WC","GIFPFC",122,"84","numeric",84,,"38548071d5aa652bb90c7f111f86b427f798a1c9"
"formclas.f",685,709,"FORMCL_WC","GIFPFC",123,"80","numeric",80,,"38548071d5aa652bb90c7f111f86b427f798a1c9"
"formclas.f",685,709,"FORMCL_WC","GIFPFC",124,"74","numeric",74,,"38548071d5aa652bb90c7f111f86b427f798a1c9"
"formclas.f",685,709,"FORMCL_WC","GIFPFC",125,"82","numeric",82,,"38548071d5aa652bb90c7f111f86b427f798a1c9"
"formclas.f",685,709,"FORMCL_WC","GIFPFC",126,"72","numeric",72,,"38548071d5aa652bb90c7f111f86b427f798a1c9"
"formclas.f",685,709,"FORMCL_WC","GIFPFC",127,"60","numeric",60,,"38548071d5aa652bb90c7f111f86b427f798a1c9"
"formclas.f",685,709,"FORMCL_WC","GIFPFC",128,"74","numeric",74,,"38548071d5aa652bb90c7f111f86b427f798a1c9"
"formclas.f",685,709,"FORMCL_WC","GIFPFC",129,"67","numeric",67,,"38548071d5aa652bb90c7f111f86b427f798a1c9"
"formclas.f",685,709,"FORMCL_WC","GIFPFC",130,"78","numeric",78,,"38548071d5aa652bb90c7f111f86b427f798a1c9"
"formclas.f",685,709,"FORMCL_WC","GIFPFC",131,"82","numeric",82,,"38548071d5aa652bb90c7f111f86b427f798a1c9"
"formclas.f",685,709,"FORMCL_WC","GIFPFC",132,"82","numeric",82,,"38548071d5aa652bb90c7f111f86b427f798a1c9"
"formclas.f",685,709,"FORMCL_WC","GIFPFC",133,"82","numeric",82,,"38548071d5aa652bb90c7f111f86b427f798a1c9"
"formclas.f",685,709,"FORMCL_WC","GIFPFC",134,"74","numeric",74,,"38548071d5aa652bb90c7f111f86b427f798a1c9"
"formclas.f",685,709,"FORMCL_WC","GIFPFC",135,"75","numeric",75,,"38548071d5aa652bb90c7f111f86b427f798a1c9"
"formclas.f",685,709,"FORMCL_WC","GIFPFC",136,"82","numeric",82,,"38548071d5aa652bb90c7f111f86b427f798a1c9"
"formclas.f",685,709,"FORMCL_WC","GIFPFC",137,"80","numeric",80,,"38548071d5aa652bb90c7f111f86b427f798a1c9"
"formclas.f",685,709,"FORMCL_WC","GIFPFC",138,"79","numeric",79,,"38548071d5aa652bb90c7f111f86b427f798a1c9"
"formclas.f",685,709,"FORMCL_WC","GIFPFC",139,"74","numeric",74,,"38548071d5aa652bb90c7f111f86b427f798a1c9"
"formclas.f",685,709,"FORMCL_WC","GIFPFC",140,"60","numeric",60,,"38548071d5aa652bb90c7f111f86b427f798a1c9"
"formclas.f",685,709,"FORMCL_WC","GIFPFC",141,"68","numeric",68,,"38548071d5aa652bb90c7f111f86b427f798a1c9"
"formclas.f",685,709,"FORMCL_WC","GIFPFC",142,"84","numeric",84,,"38548071d5aa652bb90c7f111f86b427f798a1c9"
"formclas.f",685,709,"FORMCL_WC","GIFPFC",143,"80","numeric",80,,"38548071d5aa652bb90c7f111f86b427f798a1c9"
"formclas.f",685,709,"FORMCL_WC","GIFPFC",144,"74","numeric",74,,"38548071d5aa652bb90c7f111f86b427f798a1c9"
"formclas.f",685,709,"FORMCL_WC","GIFPFC",145,"74","numeric",74,,"38548071d5aa652bb90c7f111f86b427f798a1c9"
"formclas.f",685,709,"FORMCL_WC","GIFPFC",146,"70","numeric",70,,"38548071d5aa652bb90c7f111f86b427f798a1c9"
"formclas.f",685,709,"FORMCL_WC","GIFPFC",147,"70","numeric",70,,"38548071d5aa652bb90c7f111f86b427f798a1c9"
"formclas.f",685,709,"FORMCL_WC","GIFPFC",148,"75","numeric",75,,"38548071d5aa652bb90c7f111f86b427f798a1c9"
"formclas.f",685,709,"FORMCL_WC","GIFPFC",149,"74","numeric",74,,"38548071d5aa652bb90c7f111f86b427f798a1c9"
"formclas.f",685,709,"FORMCL_WC","GIFPFC",150,"70","numeric",70,,"38548071d5aa652bb90c7f111f86b427f798a1c9"
"formclas.f",685,709,"FORMCL_WC","GIFPFC",151,"75","numeric",75,,"38548071d5aa652bb90c7f111f86b427f798a1c9"
"formclas.f",685,709,"FORMCL_WC","GIFPFC",152,"74","numeric",74,,"38548071d5aa652bb90c7f111f86b427f798a1c9"
"formclas.f",685,709,"FORMCL_WC","GIFPFC",153,"74","numeric",74,,"38548071d5aa652bb90c7f111f86b427f798a1c9"
"formclas.f",685,709,"FORMCL_WC","GIFPFC",154,"70","numeric",70,,"38548071d5aa652bb90c7f111f86b427f798a1c9"
"formclas.f",685,709,"FORMCL_WC","GIFPFC",155,"75","numeric",75,,"38548071d5aa652bb90c7f111f86b427f798a1c9"
"formclas.f",685,709,"FORMCL_WC","GIFPFC",156,"74","numeric",74,,"38548071d5aa652bb90c7f111f86b427f798a1c9"
"formclas.f",685,709,"FORMCL_WC","GIFPFC",157,"74","numeric",74,,"38548071d5aa652bb90c7f111f86b427f798a1c9"
"formclas.f",685,709,"FORMCL_WC","GIFPFC",158,"80","numeric",80,,"38548071d5aa652bb90c7f111f86b427f798a1c9"
"formclas.f",685,709,"FORMCL_WC","GIFPFC",159,"84","numeric",84,,"38548071d5aa652bb90c7f111f86b427f798a1c9"
"formclas.f",685,709,"FORMCL_WC","GIFPFC",160,"82","numeric",82,,"38548071d5aa652bb90c7f111f86b427f798a1c9"
"formclas.f",685,709,"FORMCL_WC","GIFPFC",161,"84","numeric",84,,"38548071d5aa652bb90c7f111f86b427f798a1c9"
"formclas.f",685,709,"FORMCL_WC","GIFPFC",162,"80","numeric",80,,"38548071d5aa652bb90c7f111f86b427f798a1c9"
"formclas.f",685,709,"FORMCL_WC","GIFPFC",163,"74","numeric",74,,"38548071d5aa652bb90c7f111f86b427f798a1c9"
"formclas.f",685,709,"FORMCL_WC","GIFPFC",164,"82","numeric",82,,"38548071d5aa652bb90c7f111f86b427f798a1c9"
"formclas.f",685,709,"FORMCL_WC","GIFPFC",165,"70","numeric",70,,"38548071d5aa652bb90c7f111f86b427f798a1c9"
"formclas.f",685,709,"FORMCL_WC","GIFPFC",166,"60","numeric",60,,"38548071d5aa652bb90c7f111f86b427f798a1c9"
"formclas.f",685,709,"FORMCL_WC","GIFPFC",167,"74","numeric",74,,"38548071d5aa652bb90c7f111f86b427f798a1c9"
"formclas.f",685,709,"FORMCL_WC","GIFPFC",168,"66","numeric",66,,"38548071d5aa652bb90c7f111f86b427f798a1c9"
"formclas.f",685,709,"FORMCL_WC","GIFPFC",169,"78","numeric",78,,"38548071d5aa652bb90c7f111f86b427f798a1c9"
"formclas.f",685,709,"FORMCL_WC","GIFPFC",170,"82","numeric",82,,"38548071d5aa652bb90c7f111f86b427f798a1c9"
"formclas.f",685,709,"FORMCL_WC","GIFPFC",171,"82","numeric",82,,"38548071d5aa652bb90c7f111f86b427f798a1c9"
"formclas.f",685,709,"FORMCL_WC","GIFPFC",172,"82","numeric",82,,"38548071d5aa652bb90c7f111f86b427f798a1c9"
"formclas.f",685,709,"FORMCL_WC","GIFPFC",173,"74","numeric",74,,"38548071d5aa652bb90c7f111f86b427f798a1c9"
"formclas.f",685,709,"FORMCL_WC","GIFPFC",174,"78","numeric",78,,"38548071d5aa652bb90c7f111f86b427f798a1c9"
"formclas.f",685,709,"FORMCL_WC","GIFPFC",175,"82","numeric",82,,"38548071d5aa652bb90c7f111f86b427f798a1c9"
"formclas.f",685,709,"FORMCL_WC","GIFPFC",176,"82","numeric",82,,"38548071d5aa652bb90c7f111f86b427f798a1c9"
"formclas.f",685,709,"FORMCL_WC","GIFPFC",177,"78","numeric",78,,"38548071d5aa652bb90c7f111f86b427f798a1c9"
"formclas.f",685,709,"FORMCL_WC","GIFPFC",178,"74","numeric",74,,"38548071d5aa652bb90c7f111f86b427f798a1c9"
"formclas.f",685,709,"FORMCL_WC","GIFPFC",179,"60","numeric",60,,"38548071d5aa652bb90c7f111f86b427f798a1c9"
"formclas.f",685,709,"FORMCL_WC","GIFPFC",180,"68","numeric",68,,"38548071d5aa652bb90c7f111f86b427f798a1c9"
"formclas.f",685,709,"FORMCL_WC","GIFPFC",181,"82","numeric",82,,"38548071d5aa652bb90c7f111f86b427f798a1c9"
"formclas.f",685,709,"FORMCL_WC","GIFPFC",182,"80","numeric",80,,"38548071d5aa652bb90c7f111f86b427f798a1c9"
"formclas.f",685,709,"FORMCL_WC","GIFPFC",183,"74","numeric",74,,"38548071d5aa652bb90c7f111f86b427f798a1c9"
"formclas.f",685,709,"FORMCL_WC","GIFPFC",184,"74","numeric",74,,"38548071d5aa652bb90c7f111f86b427f798a1c9"
"formclas.f",685,709,"FORMCL_WC","GIFPFC",185,"70","numeric",70,,"38548071d5aa652bb90c7f111f86b427f798a1c9"
"formclas.f",685,709,"FORMCL_WC","GIFPFC",186,"70","numeric",70,,"38548071d5aa652bb90c7f111f86b427f798a1c9"
"formclas.f",685,709,"FORMCL_WC","GIFPFC",187,"75","numeric",75,,"38548071d5aa652bb90c7f111f86b427f798a1c9"
"formclas.f",685,709,"FORMCL_WC","GIFPFC",188,"74","numeric",74,,"38548071d5aa652bb90c7f111f86b427f798a1c9"
"formclas.f",685,709,"FORMCL_WC","GIFPFC",189,"70","numeric",70,,"38548071d5aa652bb90c7f111f86b427f798a1c9"
"formclas.f",685,709,"FORMCL_WC","GIFPFC",190,"75","numeric",75,,"38548071d5aa652bb90c7f111f86b427f798a1c9"
"formclas.f",685,709,"FORMCL_WC","GIFPFC",191,"74","numeric",74,,"38548071d5aa652bb90c7f111f86b427f798a1c9"
"formclas.f",685,709,"FORMCL_WC","GIFPFC",192,"74","numeric",74,,"38548071d5aa652bb90c7f111f86b427f798a1c9"
"formclas.f",685,709,"FORMCL_WC","GIFPFC",193,"70","numeric",70,,"38548071d5aa652bb90c7f111f86b427f798a1c9"
"formclas.f",685,709,"FORMCL_WC","GIFPFC",194,"75","numeric",75,,"38548071d5aa652bb90c7f111f86b427f798a1c9"
"formclas.f",685,709,"FORMCL_WC","GIFPFC",195,"74","numeric",74,,"38548071d5aa652bb90c7f111f86b427f798a1c9"
"formclas.f",713,737,"FORMCL_WC","MBSNFC",1,"74","numeric",74,,"38548071d5aa652bb90c7f111f86b427f798a1c9"
"formclas.f",713,737,"FORMCL_WC","MBSNFC",2,"80","numeric",80,,"38548071d5aa652bb90c7f111f86b427f798a1c9"
"formclas.f",713,737,"FORMCL_WC","MBSNFC",3,"86","numeric",86,,"38548071d5aa652bb90c7f111f86b427f798a1c9"
"formclas.f",713,737,"FORMCL_WC","MBSNFC",4,"86","numeric",86,,"38548071d5aa652bb90c7f111f86b427f798a1c9"
"formclas.f",713,737,"FORMCL_WC","MBSNFC",5,"78","numeric",78,,"38548071d5aa652bb90c7f111f86b427f798a1c9"
"formclas.f",713,737,"FORMCL_WC","MBSNFC",6,"86","numeric",86,,"38548071d5aa652bb90c7f111f86b427f798a1c9"
"formclas.f",713,737,"FORMCL_WC","MBSNFC",7,"75","numeric",75,,"38548071d5aa652bb90c7f111f86b427f798a1c9"
"formclas.f",713,737,"FORMCL_WC","MBSNFC",8,"78","numeric",78,,"38548071d5aa652bb90c7f111f86b427f798a1c9"
"formclas.f",713,737,"FORMCL_WC","MBSNFC",9,"75","numeric",75,,"38548071d5aa652bb90c7f111f86b427f798a1c9"
"formclas.f",713,737,"FORMCL_WC","MBSNFC",10,"60","numeric",60,,"38548071d5aa652bb90c7f111f86b427f798a1c9"
"formclas.f",713,737,"FORMCL_WC","MBSNFC",11,"75","numeric",75,,"38548071d5aa652bb90c7f111f86b427f798a1c9"
"formclas.f",713,737,"FORMCL_WC","MBSNFC",12,"66","numeric",66,,"38548071d5aa652bb90c7f111f86b427f798a1c9"
"formclas.f",713,737,"FORMCL_WC","MBSNFC",13,"80","numeric",80,,"38548071d5aa652bb90c7f111f86b427f798a1c9"
"formclas.f",713,737,"FORMCL_WC","MBSNFC",14,"82","numeric",82,,"38548071d5aa652bb90c7f111f86b427f798a1c9"
"formclas.f",713,737,"FORMCL_WC","MBSNFC",15,"82","numeric",82,,"38548071d5aa652bb90c7f111f86b427f798a1c9"
"formclas.f",713,737,"FORMCL_WC","MBSNFC",16,"82","numeric",82,,"38548071d5aa652bb90c7f111f86b427f798a1c9"
"formclas.f",713,737,"FORMCL_WC","MBSNFC",17,"75","numeric",75,,"38548071d5aa652bb90c7f111f86b427f798a1c9"
"formclas.f",713,737,"FORMCL_WC","MBSNFC",18,"72","numeric",72,,"38548071d5aa652bb90c7f111f86b427f798a1c9"
"formclas.f",713,737,"FORMCL_WC","MBSNFC",19,"86","numeric",86,,"38548071d5aa652bb90c7f111f86b427f798a1c9"
"formclas.f",713,737,"FORMCL_WC","MBSNFC",20,"76","numeric",76,,"38548071d5aa652bb90c7f111f86b427f798a1c9"
"formclas.f",713,737,"FORMCL_WC","MBSNFC",21,"75","numeric",75,,"38548071d5aa652bb90c7f111f86b427f798a1c9"
"formclas.f",713,737,"FORMCL_WC","MBSNFC",22,"75","numeric",75,,"38548071d5aa652bb90c7f111f86b427f798a1c9"
"formclas.f",713,737,"FORMCL_WC","MBSNFC",23,"56","numeric",56,,"38548071d5aa652bb90c7f111f86b427f798a1c9"
"formclas.f",713,737,"FORMCL_WC","MBSNFC",24,"75","numeric",75,,"38548071d5aa652bb90c7f111f86b427f798a1c9"
"formclas.f",713,737,"FORMCL_WC","MBSNFC",25,"87","numeric",87,,"38548071d5aa652bb90c7f111f86b427f798a1c9"
"formclas.f",713,737,"FORMCL_WC","MBSNFC",26,"87","numeric",87,,"38548071d5aa652bb90c7f111f86b427f798a1c9"
"formclas.f",713,737,"FORMCL_WC","MBSNFC",27,"74","numeric",74,,"38548071d5aa652bb90c7f111f86b427f798a1c9"
"formclas.f",713,737,"FORMCL_WC","MBSNFC",28,"74","numeric",74,,"38548071d5aa652bb90c7f111f86b427f798a1c9"
"formclas.f",713,737,"FORMCL_WC","MBSNFC",29,"70","numeric",70,,"38548071d5aa652bb90c7f111f86b427f798a1c9"
"formclas.f",713,737,"FORMCL_WC","MBSNFC",30,"70","numeric",70,,"38548071d5aa652bb90c7f111f86b427f798a1c9"
"formclas.f",713,737,"FORMCL_WC","MBSNFC",31,"75","numeric",75,,"38548071d5aa652bb90c7f111f86b427f798a1c9"
"formclas.f",713,737,"FORMCL_WC","MBSNFC",32,"70","numeric",70,,"38548071d5aa652bb90c7f111f86b427f798a1c9"
"formclas.f",713,737,"FORMCL_WC","MBSNFC",33,"70","numeric",70,,"38548071d5aa652bb90c7f111f86b427f798a1c9"
"formclas.f",713,737,"FORMCL_WC","MBSNFC",34,"75","numeric",75,,"38548071d5aa652bb90c7f111f86b427f798a1c9"
"formclas.f",713,737,"FORMCL_WC","MBSNFC",35,"74","numeric",74,,"38548071d5aa652bb90c7f111f86b427f798a1c9"
"formclas.f",713,737,"FORMCL_WC","MBSNFC",36,"74","numeric",74,,"38548071d5aa652bb90c7f111f86b427f798a1c9"
"formclas.f",713,737,"FORMCL_WC","MBSNFC",37,"70","numeric",70,,"38548071d5aa652bb90c7f111f86b427f798a1c9"
"formclas.f",713,737,"FORMCL_WC","MBSNFC",38,"75","numeric",75,,"38548071d5aa652bb90c7f111f86b427f798a1c9"
"formclas.f",713,737,"FORMCL_WC","MBSNFC",39,"74","numeric",74,,"38548071d5aa652bb90c7f111f86b427f798a1c9"
"formclas.f",713,737,"FORMCL_WC","MBSNFC",40,"74","numeric",74,,"38548071d5aa652bb90c7f111f86b427f798a1c9"
"formclas.f",713,737,"FORMCL_WC","MBSNFC",41,"80","numeric",80,,"38548071d5aa652bb90c7f111f86b427f798a1c9"
"formclas.f",713,737,"FORMCL_WC","MBSNFC",42,"86","numeric",86,,"38548071d5aa652bb90c7f111f86b427f798a1c9"
"formclas.f",713,737,"FORMCL_WC","MBSNFC",43,"86","numeric",86,,"38548071d5aa652bb90c7f111f86b427f798a1c9"
"formclas.f",713,737,"FORMCL_WC","MBSNFC",44,"76","numeric",76,,"38548071d5aa652bb90c7f111f86b427f798a1c9"
"formclas.f",713,737,"FORMCL_WC","MBSNFC",45,"86","numeric",86,,"38548071d5aa652bb90c7f111f86b427f798a1c9"
"formclas.f",713,737,"FORMCL_WC","MBSNFC",46,"75","numeric",75,,"38548071d5aa652bb90c7f111f86b427f798a1c9"
"formclas.f",713,737,"FORMCL_WC","MBSNFC",47,"78","numeric",78,,"38548071d5aa652bb90c7f111f86b427f798a1c9"
"formclas.f",713,737,"FORMCL_WC","MBSNFC",48,"75","numeric",75,,"38548071d5aa652bb90c7f111f86b427f798a1c9"
"formclas.f",713,737,"FORMCL_WC","MBSNFC",49,"60","numeric",60,,"38548071d5aa652bb90c7f111f86b427f798a1c9"
"formclas.f",713,737,"FORMCL_WC","MBSNFC",50,"75","numeric",75,,"38548071d5aa652bb90c7f111f86b427f798a1c9"
"formclas.f",713,737,"FORMCL_WC","MBSNFC",51,"67","numeric",67,,"38548071d5aa652bb90c7f111f86b427f798a1c9"
"formclas.f",713,737,"FORMCL_WC","MBSNFC",52,"82","numeric",82,,"38548071d5aa652bb90c7f111f86b427f798a1c9"
"formclas.f",713,737,"FORMCL_WC","MBSNFC",53,"82","numeric",82,,"38548071d5aa652bb90c7f111f86b427f798a1c9"
"formclas.f",713,737,"FORMCL_WC","MBSNFC",54,"82","numeric",82,,"38548071d5aa652bb90c7f111f86b427f798a1c9"
"formclas.f",713,737,"FORMCL_WC","MBSNFC",55,"82","numeric",82,,"38548071d5aa652bb90c7f111f86b427f798a1c9"
"formclas.f",713,737,"FORMCL_WC","MBSNFC",56,"75","numeric",75,,"38548071d5aa652bb90c7f111f86b427f798a1c9"
"formclas.f",713,737,"FORMCL_WC","MBSNFC",57,"74","numeric",74,,"38548071d5aa652bb90c7f111f86b427f798a1c9"
"formclas.f",713,737,"FORMCL_WC","MBSNFC",58,"86","numeric",86,,"38548071d5aa652bb90c7f111f86b427f798a1c9"
"formclas.f",713,737,"FORMCL_WC","MBSNFC",59,"76","numeric",76,,"38548071d5aa652bb90c7f111f86b427f798a1c9"
"formclas.f",713,737,"FORMCL_WC","MBSNFC",60,"75","numeric",75,,"38548071d5aa652bb90c7f111f86b427f798a1c9"
"formclas.f",713,737,"FORMCL_WC","MBSNFC",61,"75","numeric",75,,"38548071d5aa652bb90c7f111f86b427f798a1c9"
"formclas.f",713,737,"FORMCL_WC","MBSNFC",62,"60","numeric",60,,"38548071d5aa652bb90c7f111f86b427f798a1c9"
"formclas.f",713,737,"FORMCL_WC","MBSNFC",63,"75","numeric",75,,"38548071d5aa652bb90c7f111f86b427f798a1c9"
"formclas.f",713,737,"FORMCL_WC","MBSNFC",64,"87","numeric",87,,"38548071d5aa652bb90c7f111f86b427f798a1c9"
"formclas.f",713,737,"FORMCL_WC","MBSNFC",65,"87","numeric",87,,"38548071d5aa652bb90c7f111f86b427f798a1c9"
"formclas.f",713,737,"FORMCL_WC","MBSNFC",66,"74","numeric",74,,"38548071d5aa652bb90c7f111f86b427f798a1c9"
"formclas.f",713,737,"FORMCL_WC","MBSNFC",67,"74","numeric",74,,"38548071d5aa652bb90c7f111f86b427f798a1c9"
"formclas.f",713,737,"FORMCL_WC","MBSNFC",68,"70","numeric",70,,"38548071d5aa652bb90c7f111f86b427f798a1c9"
"formclas.f",713,737,"FORMCL_WC","MBSNFC",69,"70","numeric",70,,"38548071d5aa652bb90c7f111f86b427f798a1c9"
"formclas.f",713,737,"FORMCL_WC","MBSNFC",70,"75","numeric",75,,"38548071d5aa652bb90c7f111f86b427f798a1c9"
"formclas.f",713,737,"FORMCL_WC","MBSNFC",71,"70","numeric",70,,"38548071d5aa652bb90c7f111f86b427f798a1c9"
"formclas.f",713,737,"FORMCL_WC","MBSNFC",72,"70","numeric",70,,"38548071d5aa652bb90c7f111f86b427f798a1c9"
"formclas.f",713,737,"FORMCL_WC","MBSNFC",73,"75","numeric",75,,"38548071d5aa652bb90c7f111f86b427f798a1c9"
"formclas.f",713,737,"FORMCL_WC","MBSNFC",74,"74","numeric",74,,"38548071d5aa652bb90c7f111f86b427f798a1c9"
"formclas.f",713,737,"FORMCL_WC","MBSNFC",75,"74","numeric",74,,"38548071d5aa652bb90c7f111f86b427f798a1c9"
"formclas.f",713,737,"FORMCL_WC","MBSNFC",76,"70","numeric",70,,"38548071d5aa652bb90c7f111f86b427f798a1c9"
"formclas.f",713,737,"FORMCL_WC","MBSNFC",77,"75","numeric",75,,"38548071d5aa652bb90c7f111f86b427f798a1c9"
"formclas.f",713,737,"FORMCL_WC","MBSNFC",78,"74","numeric",74,,"38548071d5aa652bb90c7f111f86b427f798a1c9"
"formclas.f",713,737,"FORMCL_WC","MBSNFC",79,"74","numeric",74,,"38548071d5aa652bb90c7f111f86b427f798a1c9"
"formclas.f",713,737,"FORMCL_WC","MBSNFC",80,"80","numeric",80,,"38548071d5aa652bb90c7f111f86b427f798a1c9"
"formclas.f",713,737,"FORMCL_WC","MBSNFC",81,"85","numeric",85,,"38548071d5aa652bb90c7f111f86b427f798a1c9"
"formclas.f",713,737,"FORMCL_WC","MBSNFC",82,"85","numeric",85,,"38548071d5aa652bb90c7f111f86b427f798a1c9"
"formclas.f",713,737,"FORMCL_WC","MBSNFC",83,"76","numeric",76,,"38548071d5aa652bb90c7f111f86b427f798a1c9"
"formclas.f",713,737,"FORMCL_WC","MBSNFC",84,"85","numeric",85,,"38548071d5aa652bb90c7f111f86b427f798a1c9"
"formclas.f",713,737,"FORMCL_WC","MBSNFC",85,"75","numeric",75,,"38548071d5aa652bb90c7f111f86b427f798a1c9"
"formclas.f",713,737,"FORMCL_WC","MBSNFC",86,"78","numeric",78,,"38548071d5aa652bb90c7f111f86b427f798a1c9"
"formclas.f",713,737,"FORMCL_WC","MBSNFC",87,"73","numeric",73,,"38548071d5aa652bb90c7f111f86b427f798a1c9"
"formclas.f",713,737,"FORMCL_WC","MBSNFC",88,"60","numeric",60,,"38548071d5aa652bb90c7f111f86b427f798a1c9"
"formclas.f",713,737,"FORMCL_WC","MBSNFC",89,"75","numeric",75,,"38548071d5aa652bb90c7f111f86b427f798a1c9"
"formclas.f",713,737,"FORMCL_WC","MBSNFC",90,"68","numeric",68,,"38548071d5aa652bb90c7f111f86b427f798a1c9"
"formclas.f",713,737,"FORMCL_WC","MBSNFC",91,"84","numeric",84,,"38548071d5aa652bb90c7f111f86b427f798a1c9"
"formclas.f",713,737,"FORMCL_WC","MBSNFC",92,"82","numeric",82,,"38548071d5aa652bb90c7f111f86b427f798a1c9"
"formclas.f",713,737,"FORMCL_WC","MBSNFC",93,"82","numeric",82,,"38548071d5aa652bb90c7f111f86b427f798a1c9"
"formclas.f",713,737,"FORMCL_WC","MBSNFC",94,"82","numeric",82,,"38548071d5aa652bb90c7f111f86b427f798a1c9"
"formclas.f",713,737,"FORMCL_WC","MBSNFC",95,"75","numeric",75,,"38548071d5aa652bb90c7f111f86b427f798a1c9"
"formclas.f",713,737,"FORMCL_WC","MBSNFC",96,"75","numeric",75,,"38548071d5aa652bb90c7f111f86b427f798a1c9"
"formclas.f",713,737,"FORMCL_WC","MBSNFC",97,"82","numeric",82,,"38548071d5aa652bb90c7f111f86b427f798a1c9"
"formclas.f",713,737,"FORMCL_WC","MBSNFC",98,"77","numeric",77,,"38548071d5aa652bb90c7f111f86b427f798a1c9"
"formclas.f",713,737,"FORMCL_WC","MBSNFC",99,"76","numeric",76,,"38548071d5aa652bb90c7f111f86b427f798a1c9"
"formclas.f",713,737,"FORMCL_WC","MBSNFC",100,"75","numeric",75,,"38548071d5aa652bb90c7f111f86b427f798a1c9"
"formclas.f",713,737,"FORMCL_WC","MBSNFC",101,"60","numeric",60,,"38548071d5aa652bb90c7f111f86b427f798a1c9"
"formclas.f",713,737,"FORMCL_WC","MBSNFC",102,"73","numeric",73,,"38548071d5aa652bb90c7f111f86b427f798a1c9"
"formclas.f",713,737,"FORMCL_WC","MBSNFC",103,"85","numeric",85,,"38548071d5aa652bb90c7f111f86b427f798a1c9"
"formclas.f",713,737,"FORMCL_WC","MBSNFC",104,"85","numeric",85,,"38548071d5aa652bb90c7f111f86b427f798a1c9"
"formclas.f",713,737,"FORMCL_WC","MBSNFC",105,"74","numeric",74,,"38548071d5aa652bb90c7f111f86b427f798a1c9"
"formclas.f",713,737,"FORMCL_WC","MBSNFC",106,"75","numeric",75,,"38548071d5aa652bb90c7f111f86b427f798a1c9"
"formclas.f",713,737,"FORMCL_WC","MBSNFC",107,"70","numeric",70,,"38548071d5aa652bb90c7f111f86b427f798a1c9"
"formclas.f",713,737,"FORMCL_WC","MBSNFC",108,"70","numeric",70,,"38548071d5aa652bb90c7f111f86b427f798a1c9"
"formclas.f",713,737,"FORMCL_WC","MBSNFC",109,"75","numeric",75,,"38548071d5aa652bb90c7f111f86b427f798a1c9"
"formclas.f",713,737,"FORMCL_WC","MBSNFC",110,"70","numeric",70,,"38548071d5aa652bb90c7f111f86b427f798a1c9"
"formclas.f",713,737,"FORMCL_WC","MBSNFC",111,"70","numeric",70,,"38548071d5aa652bb90c7f111f86b427f798a1c9"
"formclas.f",713,737,"FORMCL_WC","MBSNFC",112,"75","numeric",75,,"38548071d5aa652bb90c7f111f86b427f798a1c9"
"formclas.f",713,737,"FORMCL_WC","MBSNFC",113,"74","numeric",74,,"38548071d5aa652bb90c7f111f86b427f798a1c9"
"formclas.f",713,737,"FORMCL_WC","MBSNFC",114,"75","numeric",75,,"38548071d5aa652bb90c7f111f86b427f798a1c9"
"formclas.f",713,737,"FORMCL_WC","MBSNFC",115,"70","numeric",70,,"38548071d5aa652bb90c7f111f86b427f798a1c9"
"formclas.f",713,737,"FORMCL_WC","MBSNFC",116,"75","numeric",75,,"38548071d5aa652bb90c7f111f86b427f798a1c9"
"formclas.f",713,737,"FORMCL_WC","MBSNFC",117,"74","numeric",74,,"38548071d5aa652bb90c7f111f86b427f798a1c9"
"formclas.f",713,737,"FORMCL_WC","MBSNFC",118,"74","numeric",74,,"38548071d5aa652bb90c7f111f86b427f798a1c9"
"formclas.f",713,737,"FORMCL_WC","MBSNFC",119,"80","numeric",80,,"38548071d5aa652bb90c7f111f86b427f798a1c9"
"formclas.f",713,737,"FORMCL_WC","MBSNFC",120,"81","numeric",81,,"38548071d5aa652bb90c7f111f86b427f798a1c9"
"formclas.f",713,737,"FORMCL_WC","MBSNFC",121,"81","numeric",81,,"38548071d5aa652bb90c7f111f86b427f798a1c9"
"formclas.f",713,737,"FORMCL_WC","MBSNFC",122,"74","numeric",74,,"38548071d5aa652bb90c7f111f86b427f798a1c9"
"formclas.f",713,737,"FORMCL_WC","MBSNFC",123,"81","numeric",81,,"38548071d5aa652bb90c7f111f86b427f798a1c9"
"formclas.f",713,737,"FORMCL_WC","MBSNFC",124,"74","numeric",74,,"38548071d5aa652bb90c7f111f86b427f798a1c9"
"formclas.f",713,737,"FORMCL_WC","MBSNFC",125,"78","numeric",78,,"38548071d5aa652bb90c7f111f86b427f798a1c9"
"formclas.f",713,737,"FORMCL_WC","MBSNFC",126,"70","numeric",70,,"38548071d5aa652bb90c7f111f86b427f798a1c9"
"formclas.f",713,737,"FORMCL_WC","MBSNFC",127,"60","numeric",60,,"38548071d5aa652bb90c7f111f86b427f798a1c9"
"formclas.f",713,737,"FORMCL_WC","MBSNFC",128,"74","numeric",74,,"38548071d5aa652bb90c7f111f86b427f798a1c9"
"formclas.f",713,737,"FORMCL_WC","MBSNFC",129,"67","numeric",67,,"38548071d5aa652bb90c7f111f86b427f798a1c9"
"formclas.f",713,737,"FORMCL_WC","MBSNFC",130,"84","numeric",84,,"38548071d5aa652bb90c7f111f86b427f798a1c9"
"formclas.f",713,737,"FORMCL_WC","MBSNFC",131,"82","numeric",82,,"38548071d5aa652bb90c7f111f86b427f798a1c9"
"formclas.f",713,737,"FORMCL_WC","MBSNFC",132,"82","numeric",82,,"38548071d5aa652bb90c7f111f86b427f798a1c9"
"formclas.f",713,737,"FORMCL_WC","MBSNFC",133,"83","numeric",83,,"38548071d5aa652bb90c7f111f86b427f798a1c9"
"formclas.f",713,737,"FORMCL_WC","MBSNFC",134,"74","numeric",74,,"38548071d5aa652bb90c7f111f86b427f798a1c9"
"formclas.f",713,737,"FORMCL_WC","MBSNFC",135,"75","numeric",75,,"38548071d5aa652bb90c7f111f86b427f798a1c9"
"formclas.f",713,737,"FORMCL_WC","MBSNFC",136,"82","numeric",82,,"38548071d5aa652bb90c7f111f86b427f798a1c9"
"formclas.f",713,737,"FORMCL_WC","MBSNFC",137,"77","numeric",77,,"38548071d5aa652bb90c7f111f86b427f798a1c9"
"formclas.f",713,737,"FORMCL_WC","MBSNFC",138,"77","numeric",77,,"38548071d5aa652bb90c7f111f86b427f798a1c9"
"formclas.f",713,737,"FORMCL_WC","MBSNFC",139,"74","numeric",74,,"38548071d5aa652bb90c7f111f86b427f798a1c9"
"formclas.f",713,737,"FORMCL_WC","MBSNFC",140,"60","numeric",60,,"38548071d5aa652bb90c7f111f86b427f798a1c9"
"formclas.f",713,737,"FORMCL_WC","MBSNFC",141,"70","numeric",70,,"38548071d5aa652bb90c7f111f86b427f798a1c9"
"formclas.f",713,737,"FORMCL_WC","MBSNFC",142,"85","numeric",85,,"38548071d5aa652bb90c7f111f86b427f798a1c9"
"formclas.f",713,737,"FORMCL_WC","MBSNFC",143,"85","numeric",85,,"38548071d5aa652bb90c7f111f86b427f798a1c9"
"formclas.f",713,737,"FORMCL_WC","MBSNFC",144,"74","numeric",74,,"38548071d5aa652bb90c7f111f86b427f798a1c9"
"formclas.f",713,737,"FORMCL_WC","MBSNFC",145,"75","numeric",75,,"38548071d5aa652bb90c7f111f86b427f798a1c9"
"formclas.f",713,737,"FORMCL_WC","MBSNFC",146,"70","numeric",70,,"38548071d5aa652bb90c7f111f86b427f798a1c9"
"formclas.f",713,737,"FORMCL_WC","MBSNFC",147,"70","numeric",70,,"38548071d5aa652bb90c7f111f86b427f798a1c9"
"formclas.f",713,737,"FORMCL_WC","MBSNFC",148,"75","numeric",75,,"38548071d5aa652bb90c7f111f86b427f798a1c9"
"formclas.f",713,737,"FORMCL_WC","MBSNFC",149,"70","numeric",70,,"38548071d5aa652bb90c7f111f86b427f798a1c9"
"formclas.f",713,737,"FORMCL_WC","MBSNFC",150,"70","numeric",70,,"38548071d5aa652bb90c7f111f86b427f798a1c9"
"formclas.f",713,737,"FORMCL_WC","MBSNFC",151,"75","numeric",75,,"38548071d5aa652bb90c7f111f86b427f798a1c9"
"formclas.f",713,737,"FORMCL_WC","MBSNFC",152,"74","numeric",74,,"38548071d5aa652bb90c7f111f86b427f798a1c9"
"formclas.f",713,737,"FORMCL_WC","MBSNFC",153,"75","numeric",75,,"38548071d5aa652bb90c7f111f86b427f798a1c9"
"formclas.f",713,737,"FORMCL_WC","MBSNFC",154,"70","numeric",70,,"38548071d5aa652bb90c7f111f86b427f798a1c9"
"formclas.f",713,737,"FORMCL_WC","MBSNFC",155,"75","numeric",75,,"38548071d5aa652bb90c7f111f86b427f798a1c9"
"formclas.f",713,737,"FORMCL_WC","MBSNFC",156,"74","numeric",74,,"38548071d5aa652bb90c7f111f86b427f798a1c9"
"formclas.f",713,737,"FORMCL_WC","MBSNFC",157,"74","numeric",74,,"38548071d5aa652bb90c7f111f86b427f798a1c9"
"formclas.f",713,737,"FORMCL_WC","MBSNFC",158,"80","numeric",80,,"38548071d5aa652bb90c7f111f86b427f798a1c9"
"formclas.f",713,737,"FORMCL_WC","MBSNFC",159,"81","numeric",81,,"38548071d5aa652bb90c7f111f86b427f798a1c9"
"formclas.f",713,737,"FORMCL_WC","MBSNFC",160,"81","numeric",81,,"38548071d5aa652bb90c7f111f86b427f798a1c9"
"formclas.f",713,737,"FORMCL_WC","MBSNFC",161,"74","numeric",74,,"38548071d5aa652bb90c7f111f86b427f798a1c9"
"formclas.f",713,737,"FORMCL_WC","MBSNFC",162,"81","numeric",81,,"38548071d5aa652bb90c7f111f86b427f798a1c9"
"formclas.f",713,737,"FORMCL_WC","MBSNFC",163,"74","numeric",74,,"38548071d5aa652bb90c7f111f86b427f798a1c9"
"formclas.f",713,737,"FORMCL_WC","MBSNFC",164,"78","numeric",78,,"38548071d5aa652bb90c7f111f86b427f798a1c9"
"formclas.f",713,737,"FORMCL_WC","MBSNFC",165,"70","numeric",70,,"38548071d5aa652bb90c7f111f86b427f798a1c9"
"formclas.f",713,737,"FORMCL_WC","MBSNFC",166,"60","numeric",60,,"38548071d5aa652bb90c7f111f86b427f798a1c9"
"formclas.f",713,737,"FORMCL_WC","MBSNFC",167,"74","numeric",74,,"38548071d5aa652bb90c7f111f86b427f798a1c9"
"formclas.f",713,737,"FORMCL_WC","MBSNFC",168,"66","numeric",66,,"38548071d5aa652bb90c7f111f86b427f798a1c9"
"formclas.f",713,737,"FORMCL_WC","MBSNFC",169,"84","numeric",84,,"38548071d5aa652bb90c7f111f86b427f798a1c9"
"formclas.f",713,737,"FORMCL_WC","MBSNFC",170,"82","numeric",82,,"38548071d5aa652bb90c7f111f86b427f798a1c9"
"formclas.f",713,737,"FORMCL_WC","MBSNFC",171,"82","numeric",82,,"38548071d5aa652bb90c7f111f86b427f798a1c9"
"formclas.f",713,737,"FORMCL_WC","MBSNFC",172,"82","numeric",82,,"38548071d5aa652bb90c7f111f86b427f798a1c9"
"formclas.f",713,737,"FORMCL_WC","MBSNFC",173,"74","numeric",74,,"38548071d5aa652bb90c7f111f86b427f798a1c9"
"formclas.f",713,737,"FORMCL_WC","MBSNFC",174,"78","numeric",78,,"38548071d5aa652bb90c7f111f86b427f798a1c9"
"formclas.f",713,737,"FORMCL_WC","MBSNFC",175,"82","numeric",82,,"38548071d5aa652bb90c7f111f86b427f798a1c9"
"formclas.f",713,737,"FORMCL_WC","MBSNFC",176,"78","numeric",78,,"38548071d5aa652bb90c7f111f86b427f798a1c9"
"formclas.f",713,737,"FORMCL_WC","MBSNFC",177,"78","numeric",78,,"38548071d5aa652bb90c7f111f86b427f798a1c9"
"formclas.f",713,737,"FORMCL_WC","MBSNFC",178,"74","numeric",74,,"38548071d5aa652bb90c7f111f86b427f798a1c9"
"formclas.f",713,737,"FORMCL_WC","MBSNFC",179,"60","numeric",60,,"38548071d5aa652bb90c7f111f86b427f798a1c9"
"formclas.f",713,737,"FORMCL_WC","MBSNFC",180,"70","numeric",70,,"38548071d5aa652bb90c7f111f86b427f798a1c9"
"formclas.f",713,737,"FORMCL_WC","MBSNFC",181,"84","numeric",84,,"38548071d5aa652bb90c7f111f86b427f798a1c9"
"formclas.f",713,737,"FORMCL_WC","MBSNFC",182,"84","numeric",84,,"38548071d5aa652bb90c7f111f86b427f798a1c9"
"formclas.f",713,737,"FORMCL_WC","MBSNFC",183,"74","numeric",74,,"38548071d5aa652bb90c7f111f86b427f798a1c9"
"formclas.f",713,737,"FORMCL_WC","MBSNFC",184,"75","numeric",75,,"38548071d5aa652bb90c7f111f86b427f798a1c9"
"formclas.f",713,737,"FORMCL_WC","MBSNFC",185,"70","numeric",70,,"38548071d5aa652bb90c7f111f86b427f798a1c9"
"formclas.f",713,737,"FORMCL_WC","MBSNFC",186,"70","numeric",70,,"38548071d5aa652bb90c7f111f86b427f798a1c9"
"formclas.f",713,737,"FORMCL_WC","MBSNFC",187,"75","numeric",75,,"38548071d5aa652bb90c7f111f86b427f798a1c9"
"formclas.f",713,737,"FORMCL_WC","MBSNFC",188,"70","numeric",70,,"38548071d5aa652bb90c7f111f86b427f798a1c9"
"formclas.f",713,737,"FORMCL_WC","MBSNFC",189,"70","numeric",70,,"38548071d5aa652bb90c7f111f86b427f798a1c9"
"formclas.f",713,737,"FORMCL_WC","MBSNFC",190,"75","numeric",75,,"38548071d5aa652bb90c7f111f86b427f798a1c9"
"formclas.f",713,737,"FORMCL_WC","MBSNFC",191,"74","numeric",74,,"38548071d5aa652bb90c7f111f86b427f798a1c9"
"formclas.f",713,737,"FORMCL_WC","MBSNFC",192,"75","numeric",75,,"38548071d5aa652bb90c7f111f86b427f798a1c9"
"formclas.f",713,737,"FORMCL_WC","MBSNFC",193,"70","numeric",70,,"38548071d5aa652bb90c7f111f86b427f798a1c9"
"formclas.f",713,737,"FORMCL_WC","MBSNFC",194,"75","numeric",75,,"38548071d5aa652bb90c7f111f86b427f798a1c9"
"formclas.f",713,737,"FORMCL_WC","MBSNFC",195,"74","numeric",74,,"38548071d5aa652bb90c7f111f86b427f798a1c9"
"formclas.f",741,765,"FORMCL_WC","MTHDFC",1,"74","numeric",74,,"38548071d5aa652bb90c7f111f86b427f798a1c9"
"formclas.f",741,765,"FORMCL_WC","MTHDFC",2,"80","numeric",80,,"38548071d5aa652bb90c7f111f86b427f798a1c9"
"formclas.f",741,765,"FORMCL_WC","MTHDFC",3,"87","numeric",87,,"38548071d5aa652bb90c7f111f86b427f798a1c9"
"formclas.f",741,765,"FORMCL_WC","MTHDFC",4,"88","numeric",88,,"38548071d5aa652bb90c7f111f86b427f798a1c9"
"formclas.f",741,765,"FORMCL_WC","MTHDFC",5,"76","numeric",76,,"38548071d5aa652bb90c7f111f86b427f798a1c9"
"formclas.f",741,765,"FORMCL_WC","MTHDFC",6,"84","numeric",84,,"38548071d5aa652bb90c7f111f86b427f798a1c9"
"formclas.f",741,765,"FORMCL_WC","MTHDFC",7,"75","numeric",75,,"38548071d5aa652bb90c7f111f86b427f798a1c9"
"formclas.f",741,765,"FORMCL_WC","MTHDFC",8,"78","numeric",78,,"38548071d5aa652bb90c7f111f86b427f798a1c9"
"formclas.f",741,765,"FORMCL_WC","MTHDFC",9,"75","numeric",75,,"38548071d5aa652bb90c7f111f86b427f798a1c9"
"formclas.f",741,765,"FORMCL_WC","MTHDFC",10,"60","numeric",60,,"38548071d5aa652bb90c7f111f86b427f798a1c9"
"formclas.f",741,765,"FORMCL_WC","MTHDFC",11,"75","numeric",75,,"38548071d5aa652bb90c7f111f86b427f798a1c9"
"formclas.f",741,765,"FORMCL_WC","MTHDFC",12,"75","numeric",75,,"38548071d5aa652bb90c7f111f86b427f798a1c9"
"formclas.f",741,765,"FORMCL_WC","MTHDFC",13,"77","numeric",77,,"38548071d5aa652bb90c7f111f86b427f798a1c9"
"formclas.f",741,765,"FORMCL_WC","MTHDFC",14,"82","numeric",82,,"38548071d5aa652bb90c7f111f86b427f798a1c9"
"formclas.f",741,765,"FORMCL_WC","MTHDFC",15,"82","numeric",82,,"38548071d5aa652bb90c7f111f86b427f798a1c9"
"formclas.f",741,765,"FORMCL_WC","MTHDFC",16,"76","numeric",76,,"38548071d5aa652bb90c7f111f86b427f798a1c9"
"formclas.f",741,765,"FORMCL_WC","MTHDFC",17,"75","numeric",75,,"38548071d5aa652bb90c7f111f86b427f798a1c9"
"formclas.f",741,765,"FORMCL_WC","MTHDFC",18,"72","numeric",72,,"38548071d5aa652bb90c7f111f86b427f798a1c9"
"formclas.f",741,765,"FORMCL_WC","MTHDFC",19,"84","numeric",84,,"38548071d5aa652bb90c7f111f86b427f798a1c9"
"formclas.f",741,765,"FORMCL_WC","MTHDFC",20,"79","numeric",79,,"38548071d5aa652bb90c7f111f86b427f798a1c9"
"formclas.f",741,765,"FORMCL_WC","MTHDFC",21,"76","numeric",76,,"38548071d5aa652bb90c7f111f86b427f798a1c9"
"formclas.f",741,765,"FORMCL_WC","MTHDFC",22,"75","numeric",75,,"38548071d5aa652bb90c7f111f86b427f798a1c9"
"formclas.f",741,765,"FORMCL_WC","MTHDFC",23,"60","numeric",60,,"38548071d5aa652bb90c7f111f86b427f798a1c9"
"formclas.f",741,765,"FORMCL_WC","MTHDFC",24,"75","numeric",75,,"38548071d5aa652bb90c7f111f86b427f798a1c9"
"formclas.f",741,765,"FORMCL_WC","MTHDFC",25,"78","numeric",78,,"38548071d5aa652bb90c7f111f86b427f798a1c9"
"formclas.f",741,765,"FORMCL_WC","MTHDFC",26,"72","numeric",72,,"38548071d5aa652bb90c7f111f86b427f798a1c9"
"formclas.f",741,765,"FORMCL_WC","MTHDFC",27,"74","numeric",74,,"38548071d5aa652bb90c7f111f86b427f798a1c9"
"formclas.f",741,765,"FORMCL_WC","MTHDFC",28,"74","numeric",74,,"38548071d5aa652bb90c7f111f86b427f798a1c9"
"formclas.f",741,765,"FORMCL_WC","MTHDFC",29,"70","numeric",70,,"38548071d5aa652bb90c7f111f86b427f798a1c9"
"formclas.f",741,765,"FORMCL_WC","MTHDFC",30,"70","numeric",70,,"38548071d5aa652bb90c7f111f86b427f798a1c9"
"formclas.f",741,765,"FORMCL_WC","MTHDFC",31,"75","numeric",75,,"38548071d5aa652bb90c7f111f86b427f798a1c9"
"formclas.f",741,765,"FORMCL_WC","MTHDFC",32,"70","numeric",70,,"38548071d5aa652bb90c7f111f86b427f798a1c9"
"formclas.f",741,765,"FORMCL_WC","MTHDFC",33,"70","numeric",70,,"38548071d5aa652bb90c7f111f86b427f798a1c9"
"formclas.f",741,765,"FORMCL_WC","MTHDFC",34,"75","numeric",75,,"38548071d5aa652bb90c7f111f86b427f798a1c9"
"formclas.f",741,765,"FORMCL_WC","MTHDFC",35,"74","numeric",74,,"38548071d5aa652bb90c7f111f86b427f798a1c9"
"formclas.f",741,765,"FORMCL_WC","MTHDFC",36,"74","numeric",74,,"38548071d5aa652bb90c7f111f86b427f798a1c9"
"formclas.f",741,765,"FORMCL_WC","MTHDFC",37,"70","numeric",70,,"38548071d5aa652bb90c7f111f86b427f798a1c9"
"formclas.f",741,765,"FORMCL_WC","MTHDFC",38,"75","numeric",75,,"38548071d5aa652bb90c7f111f86b427f798a1c9"
"formclas.f",741,765,"FORMCL_WC","MTHDFC",39,"74","numeric",74,,"38548071d5aa652bb90c7f111f86b427f798a1c9"
"formclas.f",741,765,"FORMCL_WC","MTHDFC",40,"74","numeric",74,,"38548071d5aa652bb90c7f111f86b427f798a1c9"
"formclas.f",741,765,"FORMCL_WC","MTHDFC",41,"80","numeric",80,,"38548071d5aa652bb90c7f111f86b427f798a1c9"
"formclas.f",741,765,"FORMCL_WC","MTHDFC",42,"87","numeric",87,,"38548071d5aa652bb90c7f111f86b427f798a1c9"
"formclas.f",741,765,"FORMCL_WC","MTHDFC",43,"88","numeric",88,,"38548071d5aa652bb90c7f111f86b427f798a1c9"
"formclas.f",741,765,"FORMCL_WC","MTHDFC",44,"72","numeric",72,,"38548071d5aa652bb90c7f111f86b427f798a1c9"
"formclas.f",741,765,"FORMCL_WC","MTHDFC",45,"84","numeric",84,,"38548071d5aa652bb90c7f111f86b427f798a1c9"
"formclas.f",741,765,"FORMCL_WC","MTHDFC",46,"75","numeric",75,,"38548071d5aa652bb90c7f111f86b427f798a1c9"
"formclas.f",741,765,"FORMCL_WC","MTHDFC",47,"78","numeric",78,,"38548071d5aa652bb90c7f111f86b427f798a1c9"
"formclas.f",741,765,"FORMCL_WC","MTHDFC",48,"75","numeric",75,,"38548071d5aa652bb90c7f111f86b427f798a1c9"
"formclas.f",741,765,"FORMCL_WC","MTHDFC",49,"60","numeric",60,,"38548071d5aa652bb90c7f111f86b427f798a1c9"
"formclas.f",741,765,"FORMCL_WC","MTHDFC",50,"75","numeric",75,,"38548071d5aa652bb90c7f111f86b427f798a1c9"
"formclas.f",741,765,"FORMCL_WC","MTHDFC",51,"75","numeric",75,,"38548071d5aa652bb90c7f111f86b427f798a1c9"
"formclas.f",741,765,"FORMCL_WC","MTHDFC",52,"77","numeric",77,,"38548071d5aa652bb90c7f111f86b427f798a1c9"
"formclas.f",741,765,"FORMCL_WC","MTHDFC",53,"82","numeric",82,,"38548071d5aa652bb90c7f111f86b427f798a1c9"
"formclas.f",741,765,"FORMCL_WC","MTHDFC",54,"82","numeric",82,,"38548071d5aa652bb90c7f111f86b427f798a1c9"
"formclas.f",741,765,"FORMCL_WC","MTHDFC",55,"68","numeric",68,,"38548071d5aa652bb90c7f111f86b427f798a1c9"
"formclas.f",741,765,"FORMCL_WC","MTHDFC",56,"75","numeric",75,,"38548071d5aa652bb90c7f111f86b427f798a1c9"
"formclas.f",741,765,"FORMCL_WC","MTHDFC",57,"74","numeric",74,,"38548071d5aa652bb90c7f111f86b427f798a1c9"
"formclas.f",741,765,"FORMCL_WC","MTHDFC",58,"76","numeric",76,,"38548071d5aa652bb90c7f111f86b427f798a1c9"
"formclas.f",741,765,"FORMCL_WC","MTHDFC",59,"79","numeric",79,,"38548071d5aa652bb90c7f111f86b427f798a1c9"
"formclas.f",741,765,"FORMCL_WC","MTHDFC",60,"82","numeric",82,,"38548071d5aa652bb90c7f111f86b427f798a1c9"
"formclas.f",741,765,"FORMCL_WC","MTHDFC",61,"75","numeric",75,,"38548071d5aa652bb90c7f111f86b427f798a1c9"
"formclas.f",741,765,"FORMCL_WC","MTHDFC",62,"60","numeric",60,,"38548071d5aa652bb90c7f111f86b427f798a1c9"
"formclas.f",741,765,"FORMCL_WC","MTHDFC",63,"82","numeric",82,,"38548071d5aa652bb90c7f111f86b427f798a1c9"
"formclas.f",741,765,"FORMCL_WC","MTHDFC",64,"74","numeric",74,,"38548071d5aa652bb90c7f111f86b427f798a1c9"
"formclas.f",741,765,"FORMCL_WC","MTHDFC",65,"72","numeric",72,,"38548071d5aa652bb90c7f111f86b427f798a1c9"
"formclas.f",741,765,"FORMCL_WC","MTHDFC",66,"74","numeric",74,,"38548071d5aa652bb90c7f111f86b427f798a1c9"
"formclas.f",741,765,"FORMCL_WC","MTHDFC",67,"74","numeric",74,,"38548071d5aa652bb90c7f111f86b427f798a1c9"
"formclas.f",741,765,"FORMCL_WC","MTHDFC",68,"70","numeric",70,,"38548071d5aa652bb90c7f111f86b427f798a1c9"
"formclas.f",741,765,"FORMCL_WC","MTHDFC",69,"70","numeric",70,,"38548071d5aa652bb90c7f111f86b427f798a1c9"
"formclas.f",741,765,"FORMCL_WC","MTHDFC",70,"75","numeric",75,,"38548071d5aa652bb90c7f111f86b427f798a1c9"
"formclas.f",741,765,"FORMCL_WC","MTHDFC",71,"70","numeric",70,,"38548071d5aa652bb90c7f111f86b427f798a1c9"
"formclas.f",741,765,"FORMCL_WC","MTHDFC",72,"70","numeric",70,,"38548071d5aa652bb90c7f111f86b427f798a1c9"
"formclas.f",741,765,"FORMCL_WC","MTHDFC",73,"75","numeric",75,,"38548071d5aa652bb90c7f111f86b427f798a1c9"
"formclas.f",741,765,"FORMCL_WC","MTHDFC",74,"74","numeric",74,,"38548071d5aa652bb90c7f111f86b427f798a1c9"
"formclas.f",741,765,"FORMCL_WC","MTHDFC",75,"74","numeric",74,,"38548071d5aa652bb90c7f111f86b427f798a1c9"
"formclas.f",741,765,"FORMCL_WC","MTHDFC",76,"70","numeric",70,,"38548071d5aa652bb90c7f111f86b427f798a1c9"
"formclas.f",741,765,"FORMCL_WC","MTHDFC",77,"75","numeric",75,,"38548071d5aa652bb90c7f111f86b427f798a1c9"
"formclas.f",741,765,"FORMCL_WC","MTHDFC",78,"74","numeric",74,,"38548071d5aa652bb90c7f111f86b427f798a1c9"
"formclas.f",741,765,"FORMCL_WC","MTHDFC",79,"74","numeric",74,,"38548071d5aa652bb90c7f111f86b427f798a1c9"
"formclas.f",741,765,"FORMCL_WC","MTHDFC",80,"80","numeric",80,,"38548071d5aa652bb90c7f111f86b427f798a1c9"
"formclas.f",741,765,"FORMCL_WC","MTHDFC",81,"86","numeric",86,,"38548071d5aa652bb90c7f111f86b427f798a1c9"
"formclas.f",741,765,"FORMCL_WC","MTHDFC",82,"86","numeric",86,,"38548071d5aa652bb90c7f111f86b427f798a1c9"
"formclas.f",741,765,"FORMCL_WC","MTHDFC",83,"72","numeric",72,,"38548071d5aa652bb90c7f111f86b427f798a1c9"
"formclas.f",741,765,"FORMCL_WC","MTHDFC",84,"82","numeric",82,,"38548071d5aa652bb90c7f111f86b427f798a1c9"
"formclas.f",741,765,"FORMCL_WC","MTHDFC",85,"75","numeric",75,,"38548071d5aa652bb90c7f111f86b427f798a1c9"
"formclas.f",741,765,"FORMCL_WC","MTHDFC",86,"78","numeric",78,,"38548071d5aa652bb90c7f111f86b427f798a1c9"
"formclas.f",741,765,"FORMCL_WC","MTHDFC",87,"73","numeric",73,,"38548071d5aa652bb90c7f111f86b427f798a1c9"
"formclas.f",741,765,"FORMCL_WC","MTHDFC",88,"60","numeric",60,,"38548071d5aa652bb90c7f111f86b427f798a1c9"
"formclas.f",741,765,"FORMCL_WC","MTHDFC",89,"75","numeric",75,,"38548071d5aa652bb90c7f111f86b427f798a1c9"
"formclas.f",741,765,"FORMCL_WC","MTHDFC",90,"73","numeric",73,,"38548071d5aa652bb90c7f111f86b427f798a1c9"
"formclas.f",741,765,"FORMCL_WC","MTHDFC",91,"77","numeric",77,,"38548071d5aa652bb90c7f111f86b427f798a1c9"
"formclas.f",741,765,"FORMCL_WC","MTHDFC",92,"82","numeric",82,,"38548071d5aa652bb90c7f111f86b427f798a1c9"
"formclas.f",741,765,"FORMCL_WC","MTHDFC",93,"82","numeric",82,,"38548071d5aa652bb90c7f111f86b427f798a1c9"
"formclas.f",741,765,"FORMCL_WC","MTHDFC",94,"68","numeric",68,,"38548071d5aa652bb90c7f111f86b427f798a1c9"
"formclas.f",741,765,"FORMCL_WC","MTHDFC",95,"75","numeric",75,,"38548071d5aa652bb90c7f111f86b427f798a1c9"
"formclas.f",741,765,"FORMCL_WC","MTHDFC",96,"75","numeric",75,,"38548071d5aa652bb90c7f111f86b427f798a1c9"
"formclas.f",741,765,"FORMCL_WC","MTHDFC",97,"76","numeric",76,,"38548071d5aa652bb90c7f111f86b427f798a1c9"
"formclas.f",741,765,"FORMCL_WC","MTHDFC",98,"82","numeric",82,,"38548071d5aa652bb90c7f111f86b427f798a1c9"
"formclas.f",741,765,"FORMCL_WC","MTHDFC",99,"82","numeric",82,,"38548071d5aa652bb90c7f111f86b427f798a1c9"
"formclas.f",741,765,"FORMCL_WC","MTHDFC",100,"75","numeric",75,,"38548071d5aa652bb90c7f111f86b427f798a1c9"
"formclas.f",741,765,"FORMCL_WC","MTHDFC",101,"60","numeric",60,,"38548071d5aa652bb90c7f111f86b427f798a1c9"
"formclas.f",741,765,"FORMCL_WC","MTHDFC",102,"82","numeric",82,,"38548071d5aa652bb90c7f111f86b427f798a1c9"
"formclas.f",741,765,"FORMCL_WC","MTHDFC",103,"74","numeric",74,,"38548071d5aa652bb90c7f111f86b427f798a1c9"
"formclas.f",741,765,"FORMCL_WC","MTHDFC",104,"72","numeric",72,,"38548071d5aa652bb90c7f111f86b427f798a1c9"
"formclas.f",741,765,"FORMCL_WC","MTHDFC",105,"74","numeric",74,,"38548071d5aa652bb90c7f111f86b427f798a1c9"
"formclas.f",741,765,"FORMCL_WC","MTHDFC",106,"75","numeric",75,,"38548071d5aa652bb90c7f111f86b427f798a1c9"
"formclas.f",741,765,"FORMCL_WC","MTHDFC",107,"70","numeric",70,,"38548071d5aa652bb90c7f111f86b427f798a1c9"
"formclas.f",741,765,"FORMCL_WC","MTHDFC",108,"70","numeric",70,,"38548071d5aa652bb90c7f111f86b427f798a1c9"
"formclas.f",741,765,"FORMCL_WC","MTHDFC",109,"75","numeric",75,,"38548071d5aa652bb90c7f111f86b427f798a1c9"
"formclas.f",741,765,"FORMCL_WC","MTHDFC",110,"70","numeric",70,,"38548071d5aa652bb90c7f111f86b427f798a1c9"
"formclas.f",741,765,"FORMCL_WC","MTHDFC",111,"70","numeric",70,,"38548071d5aa652bb90c7f111f86b427f798a1c9"
"formclas.f",741,765,"FORMCL_WC","MTHDFC",112,"75","numeric",75,,"38548071d5aa652bb90c7f111f86b427f798a1c9"
"formclas.f",741,765,"FORMCL_WC","MTHDFC",113,"74","numeric",74,,"38548071d5aa652bb90c7f111f86b427f798a1c9"
"formclas.f",741,765,"FORMCL_WC","MTHDFC",114,"75","numeric",75,,"38548071d5aa652bb90c7f111f86b427f798a1c9"
"formclas.f",741,765,"FORMCL_WC","MTHDFC",115,"70","numeric",70,,"38548071d5aa652bb90c7f111f86b427f798a1c9"
"formclas.f",741,765,"FORMCL_WC","MTHDFC",116,"75","numeric",75,,"38548071d5aa652bb90c7f111f86b427f798a1c9"
"formclas.f",741,765,"FORMCL_WC","MTHDFC",117,"74","numeric",74,,"38548071d5aa652bb90c7f111f86b427f798a1c9"
"formclas.f",741,765,"FORMCL_WC","MTHDFC",118,"74","numeric",74,,"38548071d5aa652bb90c7f111f86b427f798a1c9"
"formclas.f",741,765,"FORMCL_WC","MTHDFC",119,"80","numeric",80,,"38548071d5aa652bb90c7f111f86b427f798a1c9"
"formclas.f",741,765,"FORMCL_WC","MTHDFC",120,"84","numeric",84,,"38548071d5aa652bb90c7f111f86b427f798a1c9"
"formclas.f",741,765,"FORMCL_WC","MTHDFC",121,"85","numeric",85,,"38548071d5aa652bb90c7f111f86b427f798a1c9"
"formclas.f",741,765,"FORMCL_WC","MTHDFC",122,"72","numeric",72,,"38548071d5aa652bb90c7f111f86b427f798a1c9"
"formclas.f",741,765,"FORMCL_WC","MTHDFC",123,"80","numeric",80,,"38548071d5aa652bb90c7f111f86b427f798a1c9"
"formclas.f",741,765,"FORMCL_WC","MTHDFC",124,"74","numeric",74,,"38548071d5aa652bb90c7f111f86b427f798a1c9"
"formclas.f",741,765,"FORMCL_WC","MTHDFC",125,"78","numeric",78,,"38548071d5aa652bb90c7f111f86b427f798a1c9"
"formclas.f",741,765,"FORMCL_WC","MTHDFC",126,"70","numeric",70,,"38548071d5aa652bb90c7f111f86b427f798a1c9"
"formclas.f",741,765,"FORMCL_WC","MTHDFC",127,"60","numeric",60,,"38548071d5aa652bb90c7f111f86b427f798a1c9"
"formclas.f",741,765,"FORMCL_WC","MTHDFC",128,"74","numeric",74,,"38548071d5aa652bb90c7f111f86b427f798a1c9"
"formclas.f",741,765,"FORMCL_WC","MTHDFC",129,"70","numeric",70,,"38548071d5aa652bb90c7f111f86b427f798a1c9"
"formclas.f",741,765,"FORMCL_WC","MTHDFC",130,"77","numeric",77,,"38548071d5aa652bb90c7f111f86b427f798a1c9"
"formclas.f",741,765,"FORMCL_WC","MTHDFC",131,"82","numeric",82,,"38548071d5aa652bb90c7f111f86b427f798a1c9"
"formclas.f",741,765,"FORMCL_WC","MTHDFC",132,"82","numeric",82,,"38548071d5aa652bb90c7f111f86b427f798a1c9"
"formclas.f",741,765,"FORMCL_WC","MTHDFC",133,"68","numeric",68,,"38548071d5aa652bb90c7f111f86b427f798a1c9"
"formclas.f",741,765,"FORMCL_WC","MTHDFC",134,"74","numeric",74,,"38548071d5aa652bb90c7f111f86b427f798a1c9"
"formclas.f",741,765,"FORMCL_WC","MTHDFC",135,"75","numeric",75,,"38548071d5aa652bb90c7f111f86b427f798a1c9"
"formclas.f",741,765,"FORMCL_WC","MTHDFC",136,"76","numeric",76,,"38548071d5aa652bb90c7f111f86b427f798a1c9"
"formclas.f",741,765,"FORMCL_WC","MTHDFC",137,"83","numeric",83,,"38548071d5aa652bb90c7f111f86b427f798a1c9"
"formclas.f",741,765,"FORMCL_WC","MTHDFC",138,"82","numeric",82,,"38548071d5aa652bb90c7f111f86b427f798a1c9"
"formclas.f",741,765,"FORMCL_WC","MTHDFC",139,"74","numeric",74,,"38548071d5aa652bb90c7f111f86b427f798a1c9"
"formclas.f",741,765,"FORMCL_WC","MTHDFC",140,"60","numeric",60,,"38548071d5aa652bb90c7f111f86b427f798a1c9"
"formclas.f",741,765,"FORMCL_WC","MTHDFC",141,"82","numeric",82,,"38548071d5aa652bb90c7f111f86b427f798a1c9"
"formclas.f",741,765,"FORMCL_WC","MTHDFC",142,"74","numeric",74,,"38548071d5aa652bb90c7f111f86b427f798a1c9"
"formclas.f",741,765,"FORMCL_WC","MTHDFC",143,"72","numeric",72,,"38548071d5aa652bb90c7f111f86b427f798a1c9"
"formclas.f",741,765,"FORMCL_WC","MTHDFC",144,"74","numeric",74,,"38548071d5aa652bb90c7f111f86b427f798a1c9"
"formclas.f",741,765,"FORMCL_WC","MTHDFC",145,"75","numeric",75,,"38548071d5aa652bb90c7f111f86b427f798a1c9"
"formclas.f",741,765,"FORMCL_WC","MTHDFC",146,"70","numeric",70,,"38548071d5aa652bb90c7f111f86b427f798a1c9"
"formclas.f",741,765,"FORMCL_WC","MTHDFC",147,"70","numeric",70,,"38548071d5aa652bb90c7f111f86b427f798a1c9"
"formclas.f",741,765,"FORMCL_WC","MTHDFC",148,"75","numeric",75,,"38548071d5aa652bb90c7f111f86b427f798a1c9"
"formclas.f",741,765,"FORMCL_WC","MTHDFC",149,"70","numeric",70,,"38548071d5aa652bb90c7f111f86b427f798a1c9"
"formclas.f",741,765,"FORMCL_WC","MTHDFC",150,"70","numeric",70,,"38548071d5aa652bb90c7f111f86b427f798a1c9"
"formclas.f",741,765,"FORMCL_WC","MTHDFC",151,"75","numeric",75,,"38548071d5aa652bb90c7f111f86b427f798a1c9"
"formclas.f",741,765,"FORMCL_WC","MTHDFC",152,"74","numeric",74,,"38548071d5aa652bb90c7f111f86b427f798a1c9"
"formclas.f",741,765,"FORMCL_WC","MTHDFC",153,"75","numeric",75,,"38548071d5aa652bb90c7f111f86b427f798a1c9"
"formclas.f",741,765,"FORMCL_WC","MTHDFC",154,"70","numeric",70,,"38548071d5aa652bb90c7f111f86b427f798a1c9"
"formclas.f",741,765,"FORMCL_WC","MTHDFC",155,"75","numeric",75,,"38548071d5aa652bb90c7f111f86b427f798a1c9"
"formclas.f",741,765,"FORMCL_WC","MTHDFC",156,"74","numeric",74,,"38548071d5aa652bb90c7f111f86b427f798a1c9"
"formclas.f",741,765,"FORMCL_WC","MTHDFC",157,"74","numeric",74,,"38548071d5aa652bb90c7f111f86b427f798a1c9"
"formclas.f",741,765,"FORMCL_WC","MTHDFC",158,"80","numeric",80,,"38548071d5aa652bb90c7f111f86b427f798a1c9"
"formclas.f",741,765,"FORMCL_WC","MTHDFC",159,"80","numeric",80,,"38548071d5aa652bb90c7f111f86b427f798a1c9"
"formclas.f",741,765,"FORMCL_WC","MTHDFC",160,"80","numeric",80,,"38548071d5aa652bb90c7f111f86b427f798a1c9"
"formclas.f",741,765,"FORMCL_WC","MTHDFC",161,"72","numeric",72,,"38548071d5aa652bb90c7f111f86b427f798a1c9"
"formclas.f",741,765,"FORMCL_WC","MTHDFC",162,"75","numeric",75,,"38548071d5aa652bb90c7f111f86b427f798a1c9"
"formclas.f",741,765,"FORMCL_WC","MTHDFC",163,"74","numeric",74,,"38548071d5aa652bb90c7f111f86b427f798a1c9"
"formclas.f",741,765,"FORMCL_WC","MTHDFC",164,"78","numeric",78,,"38548071d5aa652bb90c7f111f86b427f798a1c9"
"formclas.f",741,765,"FORMCL_WC","MTHDFC",165,"70","numeric",70,,"38548071d5aa652bb90c7f111f86b427f798a1c9"
"formclas.f",741,765,"FORMCL_WC","MTHDFC",166,"60","numeric",60,,"38548071d5aa652bb90c7f111f86b427f798a1c9"
"formclas.f",741,765,"FORMCL_WC","MTHDFC",167,"74","numeric",74,,"38548071d5aa652bb90c7f111f86b427f798a1c9"
"formclas.f",741,765,"FORMCL_WC","MTHDFC",168,"70","numeric",70,,"38548071d5aa652bb90c7f111f86b427f798a1c9"
"formclas.f",741,765,"FORMCL_WC","MTHDFC",169,"77","numeric",77,,"38548071d5aa652bb90c7f111f86b427f798a1c9"
"formclas.f",741,765,"FORMCL_WC","MTHDFC",170,"82","numeric",82,,"38548071d5aa652bb90c7f111f86b427f798a1c9"
"formclas.f",741,765,"FORMCL_WC","MTHDFC",171,"82","numeric",82,,"38548071d5aa652bb90c7f111f86b427f798a1c9"
"formclas.f",741,765,"FORMCL_WC","MTHDFC",172,"68","numeric",68,,"38548071d5aa652bb90c7f111f86b427f798a1c9"
"formclas.f",741,765,"FORMCL_WC","MTHDFC",173,"74","numeric",74,,"38548071d5aa652bb90c7f111f86b427f798a1c9"
"formclas.f",741,765,"FORMCL_WC","MTHDFC",174,"78","numeric",78,,"38548071d5aa652bb90c7f111f86b427f798a1c9"
"formclas.f",741,765,"FORMCL_WC","MTHDFC",175,"76","numeric",76,,"38548071d5aa652bb90c7f111f86b427f798a1c9"
"formclas.f",741,765,"FORMCL_WC","MTHDFC",176,"82","numeric",82,,"38548071d5aa652bb90c7f111f86b427f798a1c9"
"formclas.f",741,765,"FORMCL_WC","MTHDFC",177,"82","numeric",82,,"38548071d5aa652bb90c7f111f86b427f798a1c9"
"formclas.f",741,765,"FORMCL_WC","MTHDFC",178,"74","numeric",74,,"38548071d5aa652bb90c7f111f86b427f798a1c9"
"formclas.f",741,765,"FORMCL_WC","MTHDFC",179,"60","numeric",60,,"38548071d5aa652bb90c7f111f86b427f798a1c9"
"formclas.f",741,765,"FORMCL_WC","MTHDFC",180,"82","numeric",82,,"38548071d5aa652bb90c7f111f86b427f798a1c9"
"formclas.f",741,765,"FORMCL_WC","MTHDFC",181,"74","numeric",74,,"38548071d5aa652bb90c7f111f86b427f798a1c9"
"formclas.f",741,765,"FORMCL_WC","MTHDFC",182,"72","numeric",72,,"38548071d5aa652bb90c7f111f86b427f798a1c9"
"formclas.f",741,765,"FORMCL_WC","MTHDFC",183,"74","numeric",74,,"38548071d5aa652bb90c7f111f86b427f798a1c9"
"formclas.f",741,765,"FORMCL_WC","MTHDFC",184,"75","numeric",75,,"38548071d5aa652bb90c7f111f86b427f798a1c9"
"formclas.f",741,765,"FORMCL_WC","MTHDFC",185,"70","numeric",70,,"38548071d5aa652bb90c7f111f86b427f798a1c9"
"formclas.f",741,765,"FORMCL_WC","MTHDFC",186,"70","numeric",70,,"38548071d5aa652bb90c7f111f86b427f798a1c9"
"formclas.f",741,765,"FORMCL_WC","MTHDFC",187,"75","numeric",75,,"38548071d5aa652bb90c7f111f86b427f798a1c9"
"formclas.f",741,765,"FORMCL_WC","MTHDFC",188,"70","numeric",70,,"38548071d5aa652bb90c7f111f86b427f798a1c9"
"formclas.f",741,765,"FORMCL_WC","MTHDFC",189,"70","numeric",70,,"38548071d5aa652bb90c7f111f86b427f798a1c9"
"formclas.f",741,765,"FORMCL_WC","MTHDFC",190,"75","numeric",75,,"38548071d5aa652bb90c7f111f86b427f798a1c9"
"formclas.f",741,765,"FORMCL_WC","MTHDFC",191,"74","numeric",74,,"38548071d5aa652bb90c7f111f86b427f798a1c9"
"formclas.f",741,765,"FORMCL_WC","MTHDFC",192,"75","numeric",75,,"38548071d5aa652bb90c7f111f86b427f798a1c9"
"formclas.f",741,765,"FORMCL_WC","MTHDFC",193,"70","numeric",70,,"38548071d5aa652bb90c7f111f86b427f798a1c9"
"formclas.f",741,765,"FORMCL_WC","MTHDFC",194,"75","numeric",75,,"38548071d5aa652bb90c7f111f86b427f798a1c9"
"formclas.f",741,765,"FORMCL_WC","MTHDFC",195,"74","numeric",74,,"38548071d5aa652bb90c7f111f86b427f798a1c9"
"formclas.f",769,793,"FORMCL_WC","UMPQFC",1,"70","numeric",70,,"38548071d5aa652bb90c7f111f86b427f798a1c9"
"formclas.f",769,793,"FORMCL_WC","UMPQFC",2,"70","numeric",70,,"38548071d5aa652bb90c7f111f86b427f798a1c9"
"formclas.f",769,793,"FORMCL_WC","UMPQFC",3,"83","numeric",83,,"38548071d5aa652bb90c7f111f86b427f798a1c9"
"formclas.f",769,793,"FORMCL_WC","UMPQFC",4,"83","numeric",83,,"38548071d5aa652bb90c7f111f86b427f798a1c9"
"formclas.f",769,793,"FORMCL_WC","UMPQFC",5,"83","numeric",83,,"38548071d5aa652bb90c7f111f86b427f798a1c9"
"formclas.f",769,793,"FORMCL_WC","UMPQFC",6,"86","numeric",86,,"38548071d5aa652bb90c7f111f86b427f798a1c9"
"formclas.f",769,793,"FORMCL_WC","UMPQFC",7,"83","numeric",83,,"38548071d5aa652bb90c7f111f86b427f798a1c9"
"formclas.f",769,793,"FORMCL_WC","UMPQFC",8,"83","numeric",83,,"38548071d5aa652bb90c7f111f86b427f798a1c9"
"formclas.f",769,793,"FORMCL_WC","UMPQFC",9,"62","numeric",62,,"38548071d5aa652bb90c7f111f86b427f798a1c9"
"formclas.f",769,793,"FORMCL_WC","UMPQFC",10,"75","numeric",75,,"38548071d5aa652bb90c7f111f86b427f798a1c9"
"formclas.f",769,793,"FORMCL_WC","UMPQFC",11,"75","numeric",75,,"38548071d5aa652bb90c7f111f86b427f798a1c9"
"formclas.f",769,793,"FORMCL_WC","UMPQFC",12,"62","numeric",62,,"38548071d5aa652bb90c7f111f86b427f798a1c9"
"formclas.f",769,793,"FORMCL_WC","UMPQFC",13,"86","numeric",86,,"38548071d5aa652bb90c7f111f86b427f798a1c9"
"formclas.f",769,793,"FORMCL_WC","UMPQFC",14,"82","numeric",82,,"38548071d5aa652bb90c7f111f86b427f798a1c9"
"formclas.f",769,793,"FORMCL_WC","UMPQFC",15,"82","numeric",82,,"38548071d5aa652bb90c7f111f86b427f798a1c9"
"formclas.f",769,793,"FORMCL_WC","UMPQFC",16,"82","numeric",82,,"38548071d5aa652bb90c7f111f86b427f798a1c9"
"formclas.f",769,793,"FORMCL_WC","UMPQFC",17,"77","numeric",77,,"38548071d5aa652bb90c7f111f86b427f798a1c9"
"formclas.f",769,793,"FORMCL_WC","UMPQFC",18,"75","numeric",75,,"38548071d5aa652bb90c7f111f86b427f798a1c9"
"formclas.f",769,793,"FORMCL_WC","UMPQFC",19,"78","numeric",78,,"38548071d5aa652bb90c7f111f86b427f798a1c9"
"formclas.f",769,793,"FORMCL_WC","UMPQFC",20,"77","numeric",77,,"38548071d5aa652bb90c7f111f86b427f798a1c9"
"formclas.f",769,793,"FORMCL_WC","UMPQFC",21,"77","numeric",77,,"38548071d5aa652bb90c7f111f86b427f798a1c9"
"formclas.f",769,793,"FORMCL_WC","UMPQFC",22,"75","numeric",75,,"38548071d5aa652bb90c7f111f86b427f798a1c9"
"formclas.f",769,793,"FORMCL_WC","UMPQFC",23,"70","numeric",70,,"38548071d5aa652bb90c7f111f86b427f798a1c9"
"formclas.f",769,793,"FORMCL_WC","UMPQFC",24,"70","numeric",70,,"38548071d5aa652bb90c7f111f86b427f798a1c9"
"formclas.f",769,793,"FORMCL_WC","UMPQFC",25,"87","numeric",87,,"38548071d5aa652bb90c7f111f86b427f798a1c9"
"formclas.f",769,793,"FORMCL_WC","UMPQFC",26,"77","numeric",77,,"38548071d5aa652bb90c7f111f86b427f798a1c9"
"formclas.f",769,793,"FORMCL_WC","UMPQFC",27,"75","numeric",75,,"38548071d5aa652bb90c7f111f86b427f798a1c9"
"formclas.f",769,793,"FORMCL_WC","UMPQFC",28,"75","numeric",75,,"38548071d5aa652bb90c7f111f86b427f798a1c9"
"formclas.f",769,793,"FORMCL_WC","UMPQFC",29,"70","numeric",70,,"38548071d5aa652bb90c7f111f86b427f798a1c9"
"formclas.f",769,793,"FORMCL_WC","UMPQFC",30,"70","numeric",70,,"38548071d5aa652bb90c7f111f86b427f798a1c9"
"formclas.f",769,793,"FORMCL_WC","UMPQFC",31,"75","numeric",75,,"38548071d5aa652bb90c7f111f86b427f798a1c9"
"formclas.f",769,793,"FORMCL_WC","UMPQFC",32,"75","numeric",75,,"38548071d5aa652bb90c7f111f86b427f798a1c9"
"formclas.f",769,793,"FORMCL_WC","UMPQFC",33,"70","numeric",70,,"38548071d5aa652bb90c7f111f86b427f798a1c9"
"formclas.f",769,793,"FORMCL_WC","UMPQFC",34,"75","numeric",75,,"38548071d5aa652bb90c7f111f86b427f798a1c9"
"formclas.f",769,793,"FORMCL_WC","UMPQFC",35,"75","numeric",75,,"38548071d5aa652bb90c7f111f86b427f798a1c9"
"formclas.f",769,793,"FORMCL_WC","UMPQFC",36,"75","numeric",75,,"38548071d5aa652bb90c7f111f86b427f798a1c9"
"formclas.f",769,793,"FORMCL_WC","UMPQFC",37,"70","numeric",70,,"38548071d5aa652bb90c7f111f86b427f798a1c9"
"formclas.f",769,793,"FORMCL_WC","UMPQFC",38,"75","numeric",75,,"38548071d5aa652bb90c7f111f86b427f798a1c9"
"formclas.f",769,793,"FORMCL_WC","UMPQFC",39,"70","numeric",70,,"38548071d5aa652bb90c7f111f86b427f798a1c9"
"formclas.f",769,793,"FORMCL_WC","UMPQFC",40,"70","numeric",70,,"38548071d5aa652bb90c7f111f86b427f798a1c9"
"formclas.f",769,793,"FORMCL_WC","UMPQFC",41,"70","numeric",70,,"38548071d5aa652bb90c7f111f86b427f798a1c9"
"formclas.f",769,793,"FORMCL_WC","UMPQFC",42,"83","numeric",83,,"38548071d5aa652bb90c7f111f86b427f798a1c9"
"formclas.f",769,793,"FORMCL_WC","UMPQFC",43,"83","numeric",83,,"38548071d5aa652bb90c7f111f86b427f798a1c9"
"formclas.f",769,793,"FORMCL_WC","UMPQFC",44,"83","numeric",83,,"38548071d5aa652bb90c7f111f86b427f798a1c9"
"formclas.f",769,793,"FORMCL_WC","UMPQFC",45,"83","numeric",83,,"38548071d5aa652bb90c7f111f86b427f798a1c9"
"formclas.f",769,793,"FORMCL_WC","UMPQFC",46,"83","numeric",83,,"38548071d5aa652bb90c7f111f86b427f798a1c9"
"formclas.f",769,793,"FORMCL_WC","UMPQFC",47,"83","numeric",83,,"38548071d5aa652bb90c7f111f86b427f798a1c9"
"formclas.f",769,793,"FORMCL_WC","UMPQFC",48,"62","numeric",62,,"38548071d5aa652bb90c7f111f86b427f798a1c9"
"formclas.f",769,793,"FORMCL_WC","UMPQFC",49,"75","numeric",75,,"38548071d5aa652bb90c7f111f86b427f798a1c9"
"formclas.f",769,793,"FORMCL_WC","UMPQFC",50,"75","numeric",75,,"38548071d5aa652bb90c7f111f86b427f798a1c9"
"formclas.f",769,793,"FORMCL_WC","UMPQFC",51,"62","numeric",62,,"38548071d5aa652bb90c7f111f86b427f798a1c9"
"formclas.f",769,793,"FORMCL_WC","UMPQFC",52,"86","numeric",86,,"38548071d5aa652bb90c7f111f86b427f798a1c9"
"formclas.f",769,793,"FORMCL_WC","UMPQFC",53,"82","numeric",82,,"38548071d5aa652bb90c7f111f86b427f798a1c9"
"formclas.f",769,793,"FORMCL_WC","UMPQFC",54,"82","numeric",82,,"38548071d5aa652bb90c7f111f86b427f798a1c9"
"formclas.f",769,793,"FORMCL_WC","UMPQFC",55,"82","numeric",82,,"38548071d5aa652bb90c7f111f86b427f798a1c9"
"formclas.f",769,793,"FORMCL_WC","UMPQFC",56,"77","numeric",77,,"38548071d5aa652bb90c7f111f86b427f798a1c9"
"formclas.f",769,793,"FORMCL_WC","UMPQFC",57,"75","numeric",75,,"38548071d5aa652bb90c7f111f86b427f798a1c9"
"formclas.f",769,793,"FORMCL_WC","UMPQFC",58,"78","numeric",78,,"38548071d5aa652bb90c7f111f86b427f798a1c9"
"formclas.f",769,793,"FORMCL_WC","UMPQFC",59,"77","numeric",77,,"38548071d5aa652bb90c7f111f86b427f798a1c9"
"formclas.f",769,793,"FORMCL_WC","UMPQFC",60,"77","numeric",77,,"38548071d5aa652bb90c7f111f86b427f798a1c9"
"formclas.f",769,793,"FORMCL_WC","UMPQFC",61,"75","numeric",75,,"38548071d5aa652bb90c7f111f86b427f798a1c9"
"formclas.f",769,793,"FORMCL_WC","UMPQFC",62,"70","numeric",70,,"38548071d5aa652bb90c7f111f86b427f798a1c9"
"formclas.f",769,793,"FORMCL_WC","UMPQFC",63,"70","numeric",70,,"38548071d5aa652bb90c7f111f86b427f798a1c9"
"formclas.f",769,793,"FORMCL_WC","UMPQFC",64,"87","numeric",87,,"38548071d5aa652bb90c7f111f86b427f798a1c9"
"formclas.f",769,793,"FORMCL_WC","UMPQFC",65,"77","numeric",77,,"38548071d5aa652bb90c7f111f86b427f798a1c9"
"formclas.f",769,793,"FORMCL_WC","UMPQFC",66,"75","numeric",75,,"38548071d5aa652bb90c7f111f86b427f798a1c9"
"formclas.f",769,793,"FORMCL_WC","UMPQFC",67,"75","numeric",75,,"38548071d5aa652bb90c7f111f86b427f798a1c9"
"formclas.f",769,793,"FORMCL_WC","UMPQFC",68,"70","numeric",70,,"38548071d5aa652bb90c7f111f86b427f798a1c9"
"formclas.f",769,793,"FORMCL_WC","UMPQFC",69,"70","numeric",70,,"38548071d5aa652bb90c7f111f86b427f798a1c9"
"formclas.f",769,793,"FORMCL_WC","UMPQFC",70,"75","numeric",75,,"38548071d5aa652bb90c7f111f86b427f798a1c9"
"formclas.f",769,793,"FORMCL_WC","UMPQFC",71,"75","numeric",75,,"38548071d5aa652bb90c7f111f86b427f798a1c9"
"formclas.f",769,793,"FORMCL_WC","UMPQFC",72,"70","numeric",70,,"38548071d5aa652bb90c7f111f86b427f798a1c9"
"formclas.f",769,793,"FORMCL_WC","UMPQFC",73,"75","numeric",75,,"38548071d5aa652bb90c7f111f86b427f798a1c9"
"formclas.f",769,793,"FORMCL_WC","UMPQFC",74,"75","numeric",75,,"38548071d5aa652bb90c7f111f86b427f798a1c9"
"formclas.f",769,793,"FORMCL_WC","UMPQFC",75,"75","numeric",75,,"38548071d5aa652bb90c7f111f86b427f798a1c9"
"formclas.f",769,793,"FORMCL_WC","UMPQFC",76,"70","numeric",70,,"38548071d5aa652bb90c7f111f86b427f798a1c9"
"formclas.f",769,793,"FORMCL_WC","UMPQFC",77,"75","numeric",75,,"38548071d5aa652bb90c7f111f86b427f798a1c9"
"formclas.f",769,793,"FORMCL_WC","UMPQFC",78,"70","numeric",70,,"38548071d5aa652bb90c7f111f86b427f798a1c9"
"formclas.f",769,793,"FORMCL_WC","UMPQFC",79,"70","numeric",70,,"38548071d5aa652bb90c7f111f86b427f798a1c9"
"formclas.f",769,793,"FORMCL_WC","UMPQFC",80,"70","numeric",70,,"38548071d5aa652bb90c7f111f86b427f798a1c9"
"formclas.f",769,793,"FORMCL_WC","UMPQFC",81,"81","numeric",81,,"38548071d5aa652bb90c7f111f86b427f798a1c9"
"formclas.f",769,793,"FORMCL_WC","UMPQFC",82,"81","numeric",81,,"38548071d5aa652bb90c7f111f86b427f798a1c9"
"formclas.f",769,793,"FORMCL_WC","UMPQFC",83,"81","numeric",81,,"38548071d5aa652bb90c7f111f86b427f798a1c9"
"formclas.f",769,793,"FORMCL_WC","UMPQFC",84,"81","numeric",81,,"38548071d5aa652bb90c7f111f86b427f798a1c9"
"formclas.f",769,793,"FORMCL_WC","UMPQFC",85,"83","numeric",83,,"38548071d5aa652bb90c7f111f86b427f798a1c9"
"formclas.f",769,793,"FORMCL_WC","UMPQFC",86,"81","numeric",81,,"38548071d5aa652bb90c7f111f86b427f798a1c9"
"formclas.f",769,793,"FORMCL_WC","UMPQFC",87,"65","numeric",65,,"38548071d5aa652bb90c7f111f86b427f798a1c9"
"formclas.f",769,793,"FORMCL_WC","UMPQFC",88,"75","numeric",75,,"38548071d5aa652bb90c7f111f86b427f798a1c9"
"formclas.f",769,793,"FORMCL_WC","UMPQFC",89,"75","numeric",75,,"38548071d5aa652bb90c7f111f86b427f798a1c9"
"formclas.f",769,793,"FORMCL_WC","UMPQFC",90,"65","numeric",65,,"38548071d5aa652bb90c7f111f86b427f798a1c9"
"formclas.f",769,793,"FORMCL_WC","UMPQFC",91,"86","numeric",86,,"38548071d5aa652bb90c7f111f86b427f798a1c9"
"formclas.f",769,793,"FORMCL_WC","UMPQFC",92,"82","numeric",82,,"38548071d5aa652bb90c7f111f86b427f798a1c9"
"formclas.f",769,793,"FORMCL_WC","UMPQFC",93,"82","numeric",82,,"38548071d5aa652bb90c7f111f86b427f798a1c9"
"formclas.f",769,793,"FORMCL_WC","UMPQFC",94,"82","numeric",82,,"38548071d5aa652bb90c7f111f86b427f798a1c9"
"formclas.f",769,793,"FORMCL_WC","UMPQFC",95,"78","numeric",78,,"38548071d5aa652bb90c7f111f86b427f798a1c9"
"formclas.f",769,793,"FORMCL_WC","UMPQFC",96,"78","numeric",78,,"38548071d5aa652bb90c7f111f86b427f798a1c9"
"formclas.f",769,793,"FORMCL_WC","UMPQFC",97,"78","numeric",78,,"38548071d5aa652bb90c7f111f86b427f798a1c9"
"formclas.f",769,793,"FORMCL_WC","UMPQFC",98,"78","numeric",78,,"38548071d5aa652bb90c7f111f86b427f798a1c9"
"formclas.f",769,793,"FORMCL_WC","UMPQFC",99,"76","numeric",76,,"38548071d5aa652bb90c7f111f86b427f798a1c9"
"formclas.f",769,793,"FORMCL_WC","UMPQFC",100,"75","numeric",75,,"38548071d5aa652bb90c7f111f86b427f798a1c9"
"formclas.f",769,793,"FORMCL_WC","UMPQFC",101,"70","numeric",70,,"38548071d5aa652bb90c7f111f86b427f798a1c9"
"formclas.f",769,793,"FORMCL_WC","UMPQFC",102,"68","numeric",68,,"38548071d5aa652bb90c7f111f86b427f798a1c9"
"formclas.f",769,793,"FORMCL_WC","UMPQFC",103,"87","numeric",87,,"38548071d5aa652bb90c7f111f86b427f798a1c9"
"formclas.f",769,793,"FORMCL_WC","UMPQFC",104,"76","numeric",76,,"38548071d5aa652bb90c7f111f86b427f798a1c9"
"formclas.f",769,793,"FORMCL_WC","UMPQFC",105,"75","numeric",75,,"38548071d5aa652bb90c7f111f86b427f798a1c9"
"formclas.f",769,793,"FORMCL_WC","UMPQFC",106,"75","numeric",75,,"38548071d5aa652bb90c7f111f86b427f798a1c9"
"formclas.f",769,793,"FORMCL_WC","UMPQFC",107,"70","numeric",70,,"38548071d5aa652bb90c7f111f86b427f798a1c9"
"formclas.f",769,793,"FORMCL_WC","UMPQFC",108,"70","numeric",70,,"38548071d5aa652bb90c7f111f86b427f798a1c9"
"formclas.f",769,793,"FORMCL_WC","UMPQFC",109,"75","numeric",75,,"38548071d5aa652bb90c7f111f86b427f798a1c9"
"formclas.f",769,793,"FORMCL_WC","UMPQFC",110,"75","numeric",75,,"38548071d5aa652bb90c7f111f86b427f798a1c9"
"formclas.f",769,793,"FORMCL_WC","UMPQFC",111,"70","numeric",70,,"38548071d5aa652bb90c7f111f86b427f798a1c9"
"formclas.f",769,793,"FORMCL_WC","UMPQFC",112,"75","numeric",75,,"38548071d5aa652bb90c7f111f86b427f798a1c9"
"formclas.f",769,793,"FORMCL_WC","UMPQFC",113,"75","numeric",75,,"38548071d5aa652bb90c7f111f86b427f798a1c9"
"formclas.f",769,793,"FORMCL_WC","UMPQFC",114,"75","numeric",75,,"38548071d5aa652bb90c7f111f86b427f798a1c9"
"formclas.f",769,793,"FORMCL_WC","UMPQFC",115,"70","numeric",70,,"38548071d5aa652bb90c7f111f86b427f798a1c9"
"formclas.f",769,793,"FORMCL_WC","UMPQFC",116,"75","numeric",75,,"38548071d5aa652bb90c7f111f86b427f798a1c9"
"formclas.f",769,793,"FORMCL_WC","UMPQFC",117,"70","numeric",70,,"38548071d5aa652bb90c7f111f86b427f798a1c9"
"formclas.f",769,793,"FORMCL_WC","UMPQFC",118,"70","numeric",70,,"38548071d5aa652bb90c7f111f86b427f798a1c9"
"formclas.f",769,793,"FORMCL_WC","UMPQFC",119,"70","numeric",70,,"38548071d5aa652bb90c7f111f86b427f798a1c9"
"formclas.f",769,793,"FORMCL_WC","UMPQFC",120,"81","numeric",81,,"38548071d5aa652bb90c7f111f86b427f798a1c9"
"formclas.f",769,793,"FORMCL_WC","UMPQFC",121,"81","numeric",81,,"38548071d5aa652bb90c7f111f86b427f798a1c9"
"formclas.f",769,793,"FORMCL_WC","UMPQFC",122,"81","numeric",81,,"38548071d5aa652bb90c7f111f86b427f798a1c9"
"formclas.f",769,793,"FORMCL_WC","UMPQFC",123,"81","numeric",81,,"38548071d5aa652bb90c7f111f86b427f798a1c9"
"formclas.f",769,793,"FORMCL_WC","UMPQFC",124,"82","numeric",82,,"38548071d5aa652bb90c7f111f86b427f798a1c9"
"formclas.f",769,793,"FORMCL_WC","UMPQFC",125,"81","numeric",81,,"38548071d5aa652bb90c7f111f86b427f798a1c9"
"formclas.f",769,793,"FORMCL_WC","UMPQFC",126,"67","numeric",67,,"38548071d5aa652bb90c7f111f86b427f798a1c9"
"formclas.f",769,793,"FORMCL_WC","UMPQFC",127,"74","numeric",74,,"38548071d5aa652bb90c7f111f86b427f798a1c9"
"formclas.f",769,793,"FORMCL_WC","UMPQFC",128,"74","numeric",74,,"38548071d5aa652bb90c7f111f86b427f798a1c9"
"formclas.f",769,793,"FORMCL_WC","UMPQFC",129,"67","numeric",67,,"38548071d5aa652bb90c7f111f86b427f798a1c9"
"formclas.f",769,793,"FORMCL_WC","UMPQFC",130,"84","numeric",84,,"38548071d5aa652bb90c7f111f86b427f798a1c9"
"formclas.f",769,793,"FORMCL_WC","UMPQFC",131,"82","numeric",82,,"38548071d5aa652bb90c7f111f86b427f798a1c9"
"formclas.f",769,793,"FORMCL_WC","UMPQFC",132,"82","numeric",82,,"38548071d5aa652bb90c7f111f86b427f798a1c9"
"formclas.f",769,793,"FORMCL_WC","UMPQFC",133,"82","numeric",82,,"38548071d5aa652bb90c7f111f86b427f798a1c9"
"formclas.f",769,793,"FORMCL_WC","UMPQFC",134,"80","numeric",80,,"38548071d5aa652bb90c7f111f86b427f798a1c9"
"formclas.f",769,793,"FORMCL_WC","UMPQFC",135,"76","numeric",76,,"38548071d5aa652bb90c7f111f86b427f798a1c9"
"formclas.f",769,793,"FORMCL_WC","UMPQFC",136,"78","numeric",78,,"38548071d5aa652bb90c7f111f86b427f798a1c9"
"formclas.f",769,793,"FORMCL_WC","UMPQFC",137,"80","numeric",80,,"38548071d5aa652bb90c7f111f86b427f798a1c9"
"formclas.f",769,793,"FORMCL_WC","UMPQFC",138,"74","numeric",74,,"38548071d5aa652bb90c7f111f86b427f798a1c9"
"formclas.f",769,793,"FORMCL_WC","UMPQFC",139,"74","numeric",74,,"38548071d5aa652bb90c7f111f86b427f798a1c9"
"formclas.f",769,793,"FORMCL_WC","UMPQFC",140,"70","numeric",70,,"38548071d5aa652bb90c7f111f86b427f798a1c9"
"formclas.f",769,793,"FORMCL_WC","UMPQFC",141,"68","numeric",68,,"38548071d5aa652bb90c7f111f86b427f798a1c9"
"formclas.f",769,793,"FORMCL_WC","UMPQFC",142,"87","numeric",87,,"38548071d5aa652bb90c7f111f86b427f798a1c9"
"formclas.f",769,793,"FORMCL_WC","UMPQFC",143,"74","numeric",74,,"38548071d5aa652bb90c7f111f86b427f798a1c9"
"formclas.f",769,793,"FORMCL_WC","UMPQFC",144,"75","numeric",75,,"38548071d5aa652bb90c7f111f86b427f798a1c9"
"formclas.f",769,793,"FORMCL_WC","UMPQFC",145,"75","numeric",75,,"38548071d5aa652bb90c7f111f86b427f798a1c9"
"formclas.f",769,793,"FORMCL_WC","UMPQFC",146,"70","numeric",70,,"38548071d5aa652bb90c7f111f86b427f798a1c9"
"formclas.f",769,793,"FORMCL_WC","UMPQFC",147,"70","numeric",70,,"38548071d5aa652bb90c7f111f86b427f798a1c9"
"formclas.f",769,793,"FORMCL_WC","UMPQFC",148,"75","numeric",75,,"38548071d5aa652bb90c7f111f86b427f798a1c9"
"formclas.f",769,793,"FORMCL_WC","UMPQFC",149,"75","numeric",75,,"38548071d5aa652bb90c7f111f86b427f798a1c9"
"formclas.f",769,793,"FORMCL_WC","UMPQFC",150,"70","numeric",70,,"38548071d5aa652bb90c7f111f86b427f798a1c9"
"formclas.f",769,793,"FORMCL_WC","UMPQFC",151,"75","numeric",75,,"38548071d5aa652bb90c7f111f86b427f798a1c9"
"formclas.f",769,793,"FORMCL_WC","UMPQFC",152,"75","numeric",75,,"38548071d5aa652bb90c7f111f86b427f798a1c9"
"formclas.f",769,793,"FORMCL_WC","UMPQFC",153,"75","numeric",75,,"38548071d5aa652bb90c7f111f86b427f798a1c9"
"formclas.f",769,793,"FORMCL_WC","UMPQFC",154,"70","numeric",70,,"38548071d5aa652bb90c7f111f86b427f798a1c9"
"formclas.f",769,793,"FORMCL_WC","UMPQFC",155,"75","numeric",75,,"38548071d5aa652bb90c7f111f86b427f798a1c9"
"formclas.f",769,793,"FORMCL_WC","UMPQFC",156,"70","numeric",70,,"38548071d5aa652bb90c7f111f86b427f798a1c9"
"formclas.f",769,793,"FORMCL_WC","UMPQFC",157,"70","numeric",70,,"38548071d5aa652bb90c7f111f86b427f798a1c9"
"formclas.f",769,793,"FORMCL_WC","UMPQFC",158,"70","numeric",70,,"38548071d5aa652bb90c7f111f86b427f798a1c9"
"formclas.f",769,793,"FORMCL_WC","UMPQFC",159,"80","numeric",80,,"38548071d5aa652bb90c7f111f86b427f798a1c9"
"formclas.f",769,793,"FORMCL_WC","UMPQFC",160,"80","numeric",80,,"38548071d5aa652bb90c7f111f86b427f798a1c9"
"formclas.f",769,793,"FORMCL_WC","UMPQFC",161,"80","numeric",80,,"38548071d5aa652bb90c7f111f86b427f798a1c9"
"formclas.f",769,793,"FORMCL_WC","UMPQFC",162,"81","numeric",81,,"38548071d5aa652bb90c7f111f86b427f798a1c9"
"formclas.f",769,793,"FORMCL_WC","UMPQFC",163,"80","numeric",80,,"38548071d5aa652bb90c7f111f86b427f798a1c9"
"formclas.f",769,793,"FORMCL_WC","UMPQFC",164,"80","numeric",80,,"38548071d5aa652bb90c7f111f86b427f798a1c9"
"formclas.f",769,793,"FORMCL_WC","UMPQFC",165,"67","numeric",67,,"38548071d5aa652bb90c7f111f86b427f798a1c9"
"formclas.f",769,793,"FORMCL_WC","UMPQFC",166,"74","numeric",74,,"38548071d5aa652bb90c7f111f86b427f798a1c9"
"formclas.f",769,793,"FORMCL_WC","UMPQFC",167,"74","numeric",74,,"38548071d5aa652bb90c7f111f86b427f798a1c9"
"formclas.f",769,793,"FORMCL_WC","UMPQFC",168,"67","numeric",67,,"38548071d5aa652bb90c7f111f86b427f798a1c9"
"formclas.f",769,793,"FORMCL_WC","UMPQFC",169,"84","numeric",84,,"38548071d5aa652bb90c7f111f86b427f798a1c9"
"formclas.f",769,793,"FORMCL_WC","UMPQFC",170,"82","numeric",82,,"38548071d5aa652bb90c7f111f86b427f798a1c9"
"formclas.f",769,793,"FORMCL_WC","UMPQFC",171,"82","numeric",82,,"38548071d5aa652bb90c7f111f86b427f798a1c9"
"formclas.f",769,793,"FORMCL_WC","UMPQFC",172,"82","numeric",82,,"38548071d5aa652bb90c7f111f86b427f798a1c9"
"formclas.f",769,793,"FORMCL_WC","UMPQFC",173,"80","numeric",80,,"38548071d5aa652bb90c7f111f86b427f798a1c9"
"formclas.f",769,793,"FORMCL_WC","UMPQFC",174,"74","numeric",74,,"38548071d5aa652bb90c7f111f86b427f798a1c9"
"formclas.f",769,793,"FORMCL_WC","UMPQFC",175,"76","numeric",76,,"38548071d5aa652bb90c7f111f86b427f798a1c9"
"formclas.f",769,793,"FORMCL_WC","UMPQFC",176,"80","numeric",80,,"38548071d5aa652bb90c7f111f86b427f798a1c9"
"formclas.f",769,793,"FORMCL_WC","UMPQFC",177,"74","numeric",74,,"38548071d5aa652bb90c7f111f86b427f798a1c9"
"formclas.f",769,793,"FORMCL_WC","UMPQFC",178,"74","numeric",74,,"38548071d5aa652bb90c7f111f86b427f798a1c9"
"formclas.f",769,793,"FORMCL_WC","UMPQFC",179,"70","numeric",70,,"38548071d5aa652bb90c7f111f86b427f798a1c9"
"formclas.f",769,793,"FORMCL_WC","UMPQFC",180,"68","numeric",68,,"38548071d5aa652bb90c7f111f86b427f798a1c9"
"formclas.f",769,793,"FORMCL_WC","UMPQFC",181,"87","numeric",87,,"38548071d5aa652bb90c7f111f86b427f798a1c9"
"formclas.f",769,793,"FORMCL_WC","UMPQFC",182,"74","numeric",74,,"38548071d5aa652bb90c7f111f86b427f798a1c9"
"formclas.f",769,793,"FORMCL_WC","UMPQFC",183,"75","numeric",75,,"38548071d5aa652bb90c7f111f86b427f798a1c9"
"formclas.f",769,793,"FORMCL_WC","UMPQFC",184,"75","numeric",75,,"38548071d5aa652bb90c7f111f86b427f798a1c9"
"formclas.f",769,793,"FORMCL_WC","UMPQFC",185,"70","numeric",70,,"38548071d5aa652bb90c7f111f86b427f798a1c9"
"formclas.f",769,793,"FORMCL_WC","UMPQFC",186,"70","numeric",70,,"38548071d5aa652bb90c7f111f86b427f798a1c9"
"formclas.f",769,793,"FORMCL_WC","UMPQFC",187,"75","numeric",75,,"38548071d5aa652bb90c7f111f86b427f798a1c9"
"formclas.f",769,793,"FORMCL_WC","UMPQFC",188,"75","numeric",75,,"38548071d5aa652bb90c7f111f86b427f798a1c9"
"formclas.f",769,793,"FORMCL_WC","UMPQFC",189,"70","numeric",70,,"38548071d5aa652bb90c7f111f86b427f798a1c9"
"formclas.f",769,793,"FORMCL_WC","UMPQFC",190,"75","numeric",75,,"38548071d5aa652bb90c7f111f86b427f798a1c9"
"formclas.f",769,793,"FORMCL_WC","UMPQFC",191,"75","numeric",75,,"38548071d5aa652bb90c7f111f86b427f798a1c9"
"formclas.f",769,793,"FORMCL_WC","UMPQFC",192,"75","numeric",75,,"38548071d5aa652bb90c7f111f86b427f798a1c9"
"formclas.f",769,793,"FORMCL_WC","UMPQFC",193,"70","numeric",70,,"38548071d5aa652bb90c7f111f86b427f798a1c9"
"formclas.f",769,793,"FORMCL_WC","UMPQFC",194,"75","numeric",75,,"38548071d5aa652bb90c7f111f86b427f798a1c9"
"formclas.f",769,793,"FORMCL_WC","UMPQFC",195,"70","numeric",70,,"38548071d5aa652bb90c7f111f86b427f798a1c9"
"formclas.f",797,821,"FORMCL_WC","WILLFC",1,"74","numeric",74,,"38548071d5aa652bb90c7f111f86b427f798a1c9"
"formclas.f",797,821,"FORMCL_WC","WILLFC",2,"80","numeric",80,,"38548071d5aa652bb90c7f111f86b427f798a1c9"
"formclas.f",797,821,"FORMCL_WC","WILLFC",3,"69","numeric",69,,"38548071d5aa652bb90c7f111f86b427f798a1c9"
"formclas.f",797,821,"FORMCL_WC","WILLFC",4,"86","numeric",86,,"38548071d5aa652bb90c7f111f86b427f798a1c9"
"formclas.f",797,821,"FORMCL_WC","WILLFC",5,"69","numeric",69,,"38548071d5aa652bb90c7f111f86b427f798a1c9"
"formclas.f",797,821,"FORMCL_WC","WILLFC",6,"66","numeric",66,,"38548071d5aa652bb90c7f111f86b427f798a1c9"
"formclas.f",797,821,"FORMCL_WC","WILLFC",7,"75","numeric",75,,"38548071d5aa652bb90c7f111f86b427f798a1c9"
"formclas.f",797,821,"FORMCL_WC","WILLFC",8,"69","numeric",69,,"38548071d5aa652bb90c7f111f86b427f798a1c9"
"formclas.f",797,821,"FORMCL_WC","WILLFC",9,"56","numeric",56,,"38548071d5aa652bb90c7f111f86b427f798a1c9"
"formclas.f",797,821,"FORMCL_WC","WILLFC",10,"60","numeric",60,,"38548071d5aa652bb90c7f111f86b427f798a1c9"
"formclas.f",797,821,"FORMCL_WC","WILLFC",11,"75","numeric",75,,"38548071d5aa652bb90c7f111f86b427f798a1c9"
"formclas.f",797,821,"FORMCL_WC","WILLFC",12,"56","numeric",56,,"38548071d5aa652bb90c7f111f86b427f798a1c9"
"formclas.f",797,821,"FORMCL_WC","WILLFC",13,"70","numeric",70,,"38548071d5aa652bb90c7f111f86b427f798a1c9"
"formclas.f",797,821,"FORMCL_WC","WILLFC",14,"82","numeric",82,,"38548071d5aa652bb90c7f111f86b427f798a1c9"
"formclas.f",797,821,"FORMCL_WC","WILLFC",15,"82","numeric",82,,"38548071d5aa652bb90c7f111f86b427f798a1c9"
"formclas.f",797,821,"FORMCL_WC","WILLFC",16,"70","numeric",70,,"38548071d5aa652bb90c7f111f86b427f798a1c9"
"formclas.f",797,821,"FORMCL_WC","WILLFC",17,"75","numeric",75,,"38548071d5aa652bb90c7f111f86b427f798a1c9"
"formclas.f",797,821,"FORMCL_WC","WILLFC",18,"70","numeric",70,,"38548071d5aa652bb90c7f111f86b427f798a1c9"
"formclas.f",797,821,"FORMCL_WC","WILLFC",19,"70","numeric",70,,"38548071d5aa652bb90c7f111f86b427f798a1c9"
"formclas.f",797,821,"FORMCL_WC","WILLFC",20,"70","numeric",70,,"38548071d5aa652bb90c7f111f86b427f798a1c9"
"formclas.f",797,821,"FORMCL_WC","WILLFC",21,"65","numeric",65,,"38548071d5aa652bb90c7f111f86b427f798a1c9"
"formclas.f",797,821,"FORMCL_WC","WILLFC",22,"75","numeric",75,,"38548071d5aa652bb90c7f111f86b427f798a1c9"
"formclas.f",797,821,"FORMCL_WC","WILLFC",23,"56","numeric",56,,"38548071d5aa652bb90c7f111f86b427f798a1c9"
"formclas.f",797,821,"FORMCL_WC","WILLFC",24,"56","numeric",56,,"38548071d5aa652bb90c7f111f86b427f798a1c9"
"formclas.f",797,821,"FORMCL_WC","WILLFC",25,"68","numeric",68,,"38548071d5aa652bb90c7f111f86b427f798a1c9"
"formclas.f",797,821,"FORMCL_WC","WILLFC",26,"66","numeric",66,,"38548071d5aa652bb90c7f111f86b427f798a1c9"
"formclas.f",797,821,"FORMCL_WC","WILLFC",27,"66","numeric",66,,"38548071d5aa652bb90c7f111f86b427f798a1c9"
"formclas.f",797,821,"FORMCL_WC","WILLFC",28,"68","numeric",68,,"38548071d5aa652bb90c7f111f86b427f798a1c9"
"formclas.f",797,821,"FORMCL_WC","WILLFC",29,"70","numeric",70,,"38548071d5aa652bb90c7f111f86b427f798a1c9"
"formclas.f",797,821,"FORMCL_WC","WILLFC",30,"70","numeric",70,,"38548071d5aa652bb90c7f111f86b427f798a1c9"
"formclas.f",797,821,"FORMCL_WC","WILLFC",31,"75","numeric",75,,"38548071d5aa652bb90c7f111f86b427f798a1c9"
"formclas.f",797,821,"FORMCL_WC","WILLFC",32,"70","numeric",70,,"38548071d5aa652bb90c7f111f86b427f798a1c9"
"formclas.f",797,821,"FORMCL_WC","WILLFC",33,"70","numeric",70,,"38548071d5aa652bb90c7f111f86b427f798a1c9"
"formclas.f",797,821,"FORMCL_WC","WILLFC",34,"75","numeric",75,,"38548071d5aa652bb90c7f111f86b427f798a1c9"
"formclas.f",797,821,"FORMCL_WC","WILLFC",35,"68","numeric",68,,"38548071d5aa652bb90c7f111f86b427f798a1c9"
"formclas.f",797,821,"FORMCL_WC","WILLFC",36,"74","numeric",74,,"38548071d5aa652bb90c7f111f86b427f798a1c9"
"formclas.f",797,821,"FORMCL_WC","WILLFC",37,"70","numeric",70,,"38548071d5aa652bb90c7f111f86b427f798a1c9"
"formclas.f",797,821,"FORMCL_WC","WILLFC",38,"75","numeric",75,,"38548071d5aa652bb90c7f111f86b427f798a1c9"
"formclas.f",797,821,"FORMCL_WC","WILLFC",39,"74","numeric",74,,"38548071d5aa652bb90c7f111f86b427f798a1c9"
"formclas.f",797,821,"FORMCL_WC","WILLFC",40,"74","numeric",74,,"38548071d5aa652bb90c7f111f86b427f798a1c9"
"formclas.f",797,821,"FORMCL_WC","WILLFC",41,"80","numeric",80,,"38548071d5aa652bb90c7f111f86b427f798a1c9"
"formclas.f",797,821,"FORMCL_WC","WILLFC",42,"78","numeric",78,,"38548071d5aa652bb90c7f111f86b427f798a1c9"
"formclas.f",797,821,"FORMCL_WC","WILLFC",43,"86","numeric",86,,"38548071d5aa652bb90c7f111f86b427f798a1c9"
"formclas.f",797,821,"FORMCL_WC","WILLFC",44,"78","numeric",78,,"38548071d5aa652bb90c7f111f86b427f798a1c9"
"formclas.f",797,821,"FORMCL_WC","WILLFC",45,"72","numeric",72,,"38548071d5aa652bb90c7f111f86b427f798a1c9"
"formclas.f",797,821,"FORMCL_WC","WILLFC",46,"75","numeric",75,,"38548071d5aa652bb90c7f111f86b427f798a1c9"
"formclas.f",797,821,"FORMCL_WC","WILLFC",47,"78","numeric",78,,"38548071d5aa652bb90c7f111f86b427f798a1c9"
"formclas.f",797,821,"FORMCL_WC","WILLFC",48,"66","numeric",66,,"38548071d5aa652bb90c7f111f86b427f798a1c9"
"formclas.f",797,821,"FORMCL_WC","WILLFC",49,"60","numeric",60,,"38548071d5aa652bb90c7f111f86b427f798a1c9"
"formclas.f",797,821,"FORMCL_WC","WILLFC",50,"75","numeric",75,,"38548071d5aa652bb90c7f111f86b427f798a1c9"
"formclas.f",797,821,"FORMCL_WC","WILLFC",51,"64","numeric",64,,"38548071d5aa652bb90c7f111f86b427f798a1c9"
"formclas.f",797,821,"FORMCL_WC","WILLFC",52,"83","numeric",83,,"38548071d5aa652bb90c7f111f86b427f798a1c9"
"formclas.f",797,821,"FORMCL_WC","WILLFC",53,"82","numeric",82,,"38548071d5aa652bb90c7f111f86b427f798a1c9"
"formclas.f",797,821,"FORMCL_WC","WILLFC",54,"82","numeric",82,,"38548071d5aa652bb90c7f111f86b427f798a1c9"
"formclas.f",797,821,"FORMCL_WC","WILLFC",55,"83","numeric",83,,"38548071d5aa652bb90c7f111f86b427f798a1c9"
"formclas.f",797,821,"FORMCL_WC","WILLFC",56,"75","numeric",75,,"38548071d5aa652bb90c7f111f86b427f798a1c9"
"formclas.f",797,821,"FORMCL_WC","WILLFC",57,"75","numeric",75,,"38548071d5aa652bb90c7f111f86b427f798a1c9"
"formclas.f",797,821,"FORMCL_WC","WILLFC",58,"82","numeric",82,,"38548071d5aa652bb90c7f111f86b427f798a1c9"
"formclas.f",797,821,"FORMCL_WC","WILLFC",59,"73","numeric",73,,"38548071d5aa652bb90c7f111f86b427f798a1c9"
"formclas.f",797,821,"FORMCL_WC","WILLFC",60,"75","numeric",75,,"38548071d5aa652bb90c7f111f86b427f798a1c9"
"formclas.f",797,821,"FORMCL_WC","WILLFC",61,"75","numeric",75,,"38548071d5aa652bb90c7f111f86b427f798a1c9"
"formclas.f",797,821,"FORMCL_WC","WILLFC",62,"60","numeric",60,,"38548071d5aa652bb90c7f111f86b427f798a1c9"
"formclas.f",797,821,"FORMCL_WC","WILLFC",63,"66","numeric",66,,"38548071d5aa652bb90c7f111f86b427f798a1c9"
"formclas.f",797,821,"FORMCL_WC","WILLFC",64,"78","numeric",78,,"38548071d5aa652bb90c7f111f86b427f798a1c9"
"formclas.f",797,821,"FORMCL_WC","WILLFC",65,"72","numeric",72,,"38548071d5aa652bb90c7f111f86b427f798a1c9"
"formclas.f",797,821,"FORMCL_WC","WILLFC",66,"70","numeric",70,,"38548071d5aa652bb90c7f111f86b427f798a1c9"
"formclas.f",797,821,"FORMCL_WC","WILLFC",67,"75","numeric",75,,"38548071d5aa652bb90c7f111f86b427f798a1c9"
"formclas.f",797,821,"FORMCL_WC","WILLFC",68,"70","numeric",70,,"38548071d5aa652bb90c7f111f86b427f798a1c9"
"formclas.f",797,821,"FORMCL_WC","WILLFC",69,"70","numeric",70,,"38548071d5aa652bb90c7f111f86b427f798a1c9"
"formclas.f",797,821,"FORMCL_WC","WILLFC",70,"75","numeric",75,,"38548071d5aa652bb90c7f111f86b427f798a1c9"
"formclas.f",797,821,"FORMCL_WC","WILLFC",71,"70","numeric",70,,"38548071d5aa652bb90c7f111f86b427f798a1c9"
"formclas.f",797,821,"FORMCL_WC","WILLFC",72,"70","numeric",70,,"38548071d5aa652bb90c7f111f86b427f798a1c9"
"formclas.f",797,821,"FORMCL_WC","WILLFC",73,"75","numeric",75,,"38548071d5aa652bb90c7f111f86b427f798a1c9"
"formclas.f",797,821,"FORMCL_WC","WILLFC",74,"84","numeric",84,,"38548071d5aa652bb90c7f111f86b427f798a1c9"
"formclas.f",797,821,"FORMCL_WC","WILLFC",75,"74","numeric",74,,"38548071d5aa652bb90c7f111f86b427f798a1c9"
"formclas.f",797,821,"FORMCL_WC","WILLFC",76,"70","numeric",70,,"38548071d5aa652bb90c7f111f86b427f798a1c9"
"formclas.f",797,821,"FORMCL_WC","WILLFC",77,"75","numeric",75,,"38548071d5aa652bb90c7f111f86b427f798a1c9"
"formclas.f",797,821,"FORMCL_WC","WILLFC",78,"74","numeric",74,,"38548071d5aa652bb90c7f111f86b427f798a1c9"
"formclas.f",797,821,"FORMCL_WC","WILLFC",79,"74","numeric",74,,"38548071d5aa652bb90c7f111f86b427f798a1c9"
"formclas.f",797,821,"FORMCL_WC","WILLFC",80,"80","numeric",80,,"38548071d5aa652bb90c7f111f86b427f798a1c9"
"formclas.f",797,821,"FORMCL_WC","WILLFC",81,"78","numeric",78,,"38548071d5aa652bb90c7f111f86b427f798a1c9"
"formclas.f",797,821,"FORMCL_WC","WILLFC",82,"84","numeric",84,,"38548071d5aa652bb90c7f111f86b427f798a1c9"
"formclas.f",797,821,"FORMCL_WC","WILLFC",83,"78","numeric",78,,"38548071d5aa652bb90c7f111f86b427f798a1c9"
"formclas.f",797,821,"FORMCL_WC","WILLFC",84,"74","numeric",74,,"38548071d5aa652bb90c7f111f86b427f798a1c9"
"formclas.f",797,821,"FORMCL_WC","WILLFC",85,"75","numeric",75,,"38548071d5aa652bb90c7f111f86b427f798a1c9"
"formclas.f",797,821,"FORMCL_WC","WILLFC",86,"78","numeric",78,,"38548071d5aa652bb90c7f111f86b427f798a1c9"
"formclas.f",797,821,"FORMCL_WC","WILLFC",87,"68","numeric",68,,"38548071d5aa652bb90c7f111f86b427f798a1c9"
"formclas.f",797,821,"FORMCL_WC","WILLFC",88,"60","numeric",60,,"38548071d5aa652bb90c7f111f86b427f798a1c9"
"formclas.f",797,821,"FORMCL_WC","WILLFC",89,"75","numeric",75,,"38548071d5aa652bb90c7f111f86b427f798a1c9"
"formclas.f",797,821,"FORMCL_WC","WILLFC",90,"66","numeric",66,,"38548071d5aa652bb90c7f111f86b427f798a1c9"
"formclas.f",797,821,"FORMCL_WC","WILLFC",91,"83","numeric",83,,"38548071d5aa652bb90c7f111f86b427f798a1c9"
"formclas.f",797,821,"FORMCL_WC","WILLFC",92,"82","numeric",82,,"38548071d5aa652bb90c7f111f86b427f798a1c9"
"formclas.f",797,821,"FORMCL_WC","WILLFC",93,"82","numeric",82,,"38548071d5aa652bb90c7f111f86b427f798a1c9"
"formclas.f",797,821,"FORMCL_WC","WILLFC",94,"83","numeric",83,,"38548071d5aa652bb90c7f111f86b427f798a1c9"
"formclas.f",797,821,"FORMCL_WC","WILLFC",95,"75","numeric",75,,"38548071d5aa652bb90c7f111f86b427f798a1c9"
"formclas.f",797,821,"FORMCL_WC","WILLFC",96,"78","numeric",78,,"38548071d5aa652bb90c7f111f86b427f798a1c9"
"formclas.f",797,821,"FORMCL_WC","WILLFC",97,"81","numeric",81,,"38548071d5aa652bb90c7f111f86b427f798a1c9"
"formclas.f",797,821,"FORMCL_WC","WILLFC",98,"74","numeric",74,,"38548071d5aa652bb90c7f111f86b427f798a1c9"
"formclas.f",797,821,"FORMCL_WC","WILLFC",99,"72","numeric",72,,"38548071d5aa652bb90c7f111f86b427f798a1c9"
"formclas.f",797,821,"FORMCL_WC","WILLFC",100,"75","numeric",75,,"38548071d5aa652bb90c7f111f86b427f798a1c9"
"formclas.f",797,821,"FORMCL_WC","WILLFC",101,"60","numeric",60,,"38548071d5aa652bb90c7f111f86b427f798a1c9"
"formclas.f",797,821,"FORMCL_WC","WILLFC",102,"68","numeric",68,,"38548071d5aa652bb90c7f111f86b427f798a1c9"
"formclas.f",797,821,"FORMCL_WC","WILLFC",103,"76","numeric",76,,"38548071d5aa652bb90c7f111f86b427f798a1c9"
"formclas.f",797,821,"FORMCL_WC","WILLFC",104,"74","numeric",74,,"38548071d5aa652bb90c7f111f86b427f798a1c9"
"formclas.f",797,821,"FORMCL_WC","WILLFC",105,"70","numeric",70,,"38548071d5aa652bb90c7f111f86b427f798a1c9"
"formclas.f",797,821,"FORMCL_WC","WILLFC",106,"75","numeric",75,,"38548071d5aa652bb90c7f111f86b427f798a1c9"
"formclas.f",797,821,"FORMCL_WC","WILLFC",107,"70","numeric",70,,"38548071d5aa652bb90c7f111f86b427f798a1c9"
"formclas.f",797,821,"FORMCL_WC","WILLFC",108,"70","numeric",70,,"38548071d5aa652bb90c7f111f86b427f798a1c9"
"formclas.f",797,821,"FORMCL_WC","WILLFC",109,"75","numeric",75,,"38548071d5aa652bb90c7f111f86b427f798a1c9"
"formclas.f",797,821,"FORMCL_WC","WILLFC",110,"70","numeric",70,,"38548071d5aa652bb90c7f111f86b427f798a1c9"
"formclas.f",797,821,"FORMCL_WC","WILLFC",111,"70","numeric",70,,"38548071d5aa652bb90c7f111f86b427f798a1c9"
"formclas.f",797,821,"FORMCL_WC","WILLFC",112,"75","numeric",75,,"38548071d5aa652bb90c7f111f86b427f798a1c9"
"formclas.f",797,821,"FORMCL_WC","WILLFC",113,"82","numeric",82,,"38548071d5aa652bb90c7f111f86b427f798a1c9"
"formclas.f",797,821,"FORMCL_WC","WILLFC",114,"75","numeric",75,,"38548071d5aa652bb90c7f111f86b427f798a1c9"
"formclas.f",797,821,"FORMCL_WC","WILLFC",115,"70","numeric",70,,"38548071d5aa652bb90c7f111f86b427f798a1c9"
"formclas.f",797,821,"FORMCL_WC","WILLFC",116,"75","numeric",75,,"38548071d5aa652bb90c7f111f86b427f798a1c9"
"formclas.f",797,821,"FORMCL_WC","WILLFC",117,"74","numeric",74,,"38548071d5aa652bb90c7f111f86b427f798a1c9"
"formclas.f",797,821,"FORMCL_WC","WILLFC",118,"74","numeric",74,,"38548071d5aa652bb90c7f111f86b427f798a1c9"
"formclas.f",797,821,"FORMCL_WC","WILLFC",119,"80","numeric",80,,"38548071d5aa652bb90c7f111f86b427f798a1c9"
"formclas.f",797,821,"FORMCL_WC","WILLFC",120,"80","numeric",80,,"38548071d5aa652bb90c7f111f86b427f798a1c9"
"formclas.f",797,821,"FORMCL_WC","WILLFC",121,"84","numeric",84,,"38548071d5aa652bb90c7f111f86b427f798a1c9"
"formclas.f",797,821,"FORMCL_WC","WILLFC",122,"78","numeric",78,,"38548071d5aa652bb90c7f111f86b427f798a1c9"
"formclas.f",797,821,"FORMCL_WC","WILLFC",123,"74","numeric",74,,"38548071d5aa652bb90c7f111f86b427f798a1c9"
"formclas.f",797,821,"FORMCL_WC","WILLFC",124,"74","numeric",74,,"38548071d5aa652bb90c7f111f86b427f798a1c9"
"formclas.f",797,821,"FORMCL_WC","WILLFC",125,"80","numeric",80,,"38548071d5aa652bb90c7f111f86b427f798a1c9"
"formclas.f",797,821,"FORMCL_WC","WILLFC",126,"68","numeric",68,,"38548071d5aa652bb90c7f111f86b427f798a1c9"
"formclas.f",797,821,"FORMCL_WC","WILLFC",127,"60","numeric",60,,"38548071d5aa652bb90c7f111f86b427f798a1c9"
"formclas.f",797,821,"FORMCL_WC","WILLFC",128,"74","numeric",74,,"38548071d5aa652bb90c7f111f86b427f798a1c9"
"formclas.f",797,821,"FORMCL_WC","WILLFC",129,"66","numeric",66,,"38548071d5aa652bb90c7f111f86b427f798a1c9"
"formclas.f",797,821,"FORMCL_WC","WILLFC",130,"82","numeric",82,,"38548071d5aa652bb90c7f111f86b427f798a1c9"
"formclas.f",797,821,"FORMCL_WC","WILLFC",131,"82","numeric",82,,"38548071d5aa652bb90c7f111f86b427f798a1c9"
"formclas.f",797,821,"FORMCL_WC","WILLFC",132,"82","numeric",82,,"38548071d5aa652bb90c7f111f86b427f798a1c9"
"formclas.f",797,821,"FORMCL_WC","WILLFC",133,"80","numeric",80,,"38548071d5aa652bb90c7f111f86b427f798a1c9"
"formclas.f",797,821,"FORMCL_WC","WILLFC",134,"74","numeric",74,,"38548071d5aa652bb90c7f111f86b427f798a1c9"
"formclas.f",797,821,"FORMCL_WC","WILLFC",135,"79","numeric",79,,"38548071d5aa652bb90c7f111f86b427f798a1c9"
"formclas.f",797,821,"FORMCL_WC","WILLFC",136,"81","numeric",81,,"38548071d5aa652bb90c7f111f86b427f798a1c9"
"formclas.f",797,821,"FORMCL_WC","WILLFC",137,"75","numeric",75,,"38548071d5aa652bb90c7f111f86b427f798a1c9"
"formclas.f",797,821,"FORMCL_WC","WILLFC",138,"72","numeric",72,,"38548071d5aa652bb90c7f111f86b427f798a1c9"
"formclas.f",797,821,"FORMCL_WC","WILLFC",139,"74","numeric",74,,"38548071d5aa652bb90c7f111f86b427f798a1c9"
"formclas.f",797,821,"FORMCL_WC","WILLFC",140,"60","numeric",60,,"38548071d5aa652bb90c7f111f86b427f798a1c9"
"formclas.f",797,821,"FORMCL_WC","WILLFC",141,"68","numeric",68,,"38548071d5aa652bb90c7f111f86b427f798a1c9"
"formclas.f",797,821,"FORMCL_WC","WILLFC",142,"76","numeric",76,,"38548071d5aa652bb90c7f111f86b427f798a1c9"
"formclas.f",797,821,"FORMCL_WC","WILLFC",143,"74","numeric",74,,"38548071d5aa652bb90c7f111f86b427f798a1c9"
"formclas.f",797,821,"FORMCL_WC","WILLFC",144,"70","numeric",70,,"38548071d5aa652bb90c7f111f86b427f798a1c9"
"formclas.f",797,821,"FORMCL_WC","WILLFC",145,"75","numeric",75,,"38548071d5aa652bb90c7f111f86b427f798a1c9"
"formclas.f",797,821,"FORMCL_WC","WILLFC",146,"70","numeric",70,,"38548071d5aa652bb90c7f111f86b427f798a1c9"
"formclas.f",797,821,"FORMCL_WC","WILLFC",147,"70","numeric",70,,"38548071d5aa652bb90c7f111f86b427f798a1c9"
"formclas.f",797,821,"FORMCL_WC","WILLFC",148,"75","numeric",75,,"38548071d5aa652bb90c7f111f86b427f798a1c9"
"formclas.f",797,821,"FORMCL_WC","WILLFC",149,"70","numeric",70,,"38548071d5aa652bb90c7f111f86b427f798a1c9"
"formclas.f",797,821,"FORMCL_WC","WILLFC",150,"70","numeric",70,,"38548071d5aa652bb90c7f111f86b427f798a1c9"
"formclas.f",797,821,"FORMCL_WC","WILLFC",151,"75","numeric",75,,"38548071d5aa652bb90c7f111f86b427f798a1c9"
"formclas.f",797,821,"FORMCL_WC","WILLFC",152,"82","numeric",82,,"38548071d5aa652bb90c7f111f86b427f798a1c9"
"formclas.f",797,821,"FORMCL_WC","WILLFC",153,"75","numeric",75,,"38548071d5aa652bb90c7f111f86b427f798a1c9"
"formclas.f",797,821,"FORMCL_WC","WILLFC",154,"70","numeric",70,,"38548071d5aa652bb90c7f111f86b427f798a1c9"
"formclas.f",797,821,"FORMCL_WC","WILLFC",155,"75","numeric",75,,"38548071d5aa652bb90c7f111f86b427f798a1c9"
"formclas.f",797,821,"FORMCL_WC","WILLFC",156,"74","numeric",74,,"38548071d5aa652bb90c7f111f86b427f798a1c9"
"formclas.f",797,821,"FORMCL_WC","WILLFC",157,"74","numeric",74,,"38548071d5aa652bb90c7f111f86b427f798a1c9"
"formclas.f",797,821,"FORMCL_WC","WILLFC",158,"80","numeric",80,,"38548071d5aa652bb90c7f111f86b427f798a1c9"
"formclas.f",797,821,"FORMCL_WC","WILLFC",159,"80","numeric",80,,"38548071d5aa652bb90c7f111f86b427f798a1c9"
"formclas.f",797,821,"FORMCL_WC","WILLFC",160,"82","numeric",82,,"38548071d5aa652bb90c7f111f86b427f798a1c9"
"formclas.f",797,821,"FORMCL_WC","WILLFC",161,"78","numeric",78,,"38548071d5aa652bb90c7f111f86b427f798a1c9"
"formclas.f",797,821,"FORMCL_WC","WILLFC",162,"74","numeric",74,,"38548071d5aa652bb90c7f111f86b427f798a1c9"
"formclas.f",797,821,"FORMCL_WC","WILLFC",163,"74","numeric",74,,"38548071d5aa652bb90c7f111f86b427f798a1c9"
"formclas.f",797,821,"FORMCL_WC","WILLFC",164,"80","numeric",80,,"38548071d5aa652bb90c7f111f86b427f798a1c9"
"formclas.f",797,821,"FORMCL_WC","WILLFC",165,"68","numeric",68,,"38548071d5aa652bb90c7f111f86b427f798a1c9"
"formclas.f",797,821,"FORMCL_WC","WILLFC",166,"60","numeric",60,,"38548071d5aa652bb90c7f111f86b427f798a1c9"
"formclas.f",797,821,"FORMCL_WC","WILLFC",167,"74","numeric",74,,"38548071d5aa652bb90c7f111f86b427f798a1c9"
"formclas.f",797,821,"FORMCL_WC","WILLFC",168,"66","numeric",66,,"38548071d5aa652bb90c7f111f86b427f798a1c9"
"formclas.f",797,821,"FORMCL_WC","WILLFC",169,"82","numeric",82,,"38548071d5aa652bb90c7f111f86b427f798a1c9"
"formclas.f",797,821,"FORMCL_WC","WILLFC",170,"82","numeric",82,,"38548071d5aa652bb90c7f111f86b427f798a1c9"
"formclas.f",797,821,"FORMCL_WC","WILLFC",171,"82","numeric",82,,"38548071d5aa652bb90c7f111f86b427f798a1c9"
"formclas.f",797,821,"FORMCL_WC","WILLFC",172,"80","numeric",80,,"38548071d5aa652bb90c7f111f86b427f798a1c9"
"formclas.f",797,821,"FORMCL_WC","WILLFC",173,"74","numeric",74,,"38548071d5aa652bb90c7f111f86b427f798a1c9"
"formclas.f",797,821,"FORMCL_WC","WILLFC",174,"80","numeric",80,,"38548071d5aa652bb90c7f111f86b427f798a1c9"
"formclas.f",797,821,"FORMCL_WC","WILLFC",175,"80","numeric",80,,"38548071d5aa652bb90c7f111f86b427f798a1c9"
"formclas.f",797,821,"FORMCL_WC","WILLFC",176,"75","numeric",75,,"38548071d5aa652bb90c7f111f86b427f798a1c9"
"formclas.f",797,821,"FORMCL_WC","WILLFC",177,"72","numeric",72,,"38548071d5aa652bb90c7f111f86b427f798a1c9"
"formclas.f",797,821,"FORMCL_WC","WILLFC",178,"74","numeric",74,,"38548071d5aa652bb90c7f111f86b427f798a1c9"
"formclas.f",797,821,"FORMCL_WC","WILLFC",179,"60","numeric",60,,"38548071d5aa652bb90c7f111f86b427f798a1c9"
"formclas.f",797,821,"FORMCL_WC","WILLFC",180,"68","numeric",68,,"38548071d5aa652bb90c7f111f86b427f798a1c9"
"formclas.f",797,821,"FORMCL_WC","WILLFC",181,"76","numeric",76,,"38548071d5aa652bb90c7f111f86b427f798a1c9"
"formclas.f",797,821,"FORMCL_WC","WILLFC",182,"74","numeric",74,,"38548071d5aa652bb90c7f111f86b427f798a1c9"
"formclas.f",797,821,"FORMCL_WC","WILLFC",183,"74","numeric",74,,"38548071d5aa652bb90c7f111f86b427f798a1c9"
"formclas.f",797,821,"FORMCL_WC","WILLFC",184,"75","numeric",75,,"38548071d5aa652bb90c7f111f86b427f798a1c9"
"formclas.f",797,821,"FORMCL_WC","WILLFC",185,"70","numeric",70,,"38548071d5aa652bb90c7f111f86b427f798a1c9"
"formclas.f",797,821,"FORMCL_WC","WILLFC",186,"70","numeric",70,,"38548071d5aa652bb90c7f111f86b427f798a1c9"
"formclas.f",797,821,"FORMCL_WC","WILLFC",187,"75","numeric",75,,"38548071d5aa652bb90c7f111f86b427f798a1c9"
"formclas.f",797,821,"FORMCL_WC","WILLFC",188,"70","numeric",70,,"38548071d5aa652bb90c7f111f86b427f798a1c9"
"formclas.f",797,821,"FORMCL_WC","WILLFC",189,"70","numeric",70,,"38548071d5aa652bb90c7f111f86b427f798a1c9"
"formclas.f",797,821,"FORMCL_WC","WILLFC",190,"75","numeric",75,,"38548071d5aa652bb90c7f111f86b427f798a1c9"
"formclas.f",797,821,"FORMCL_WC","WILLFC",191,"82","numeric",82,,"38548071d5aa652bb90c7f111f86b427f798a1c9"
"formclas.f",797,821,"FORMCL_WC","WILLFC",192,"75","numeric",75,,"38548071d5aa652bb90c7f111f86b427f798a1c9"
"formclas.f",797,821,"FORMCL_WC","WILLFC",193,"70","numeric",70,,"38548071d5aa652bb90c7f111f86b427f798a1c9"
"formclas.f",797,821,"FORMCL_WC","WILLFC",194,"75","numeric",75,,"38548071d5aa652bb90c7f111f86b427f798a1c9"
"formclas.f",797,821,"FORMCL_WC","WILLFC",195,"74","numeric",74,,"38548071d5aa652bb90c7f111f86b427f798a1c9"
"formclas.f",823,827,"FORMCL_WC","BLM710",1,"76","numeric",76,,"38548071d5aa652bb90c7f111f86b427f798a1c9"
"formclas.f",823,827,"FORMCL_WC","BLM710",2,"76","numeric",76,,"38548071d5aa652bb90c7f111f86b427f798a1c9"
"formclas.f",823,827,"FORMCL_WC","BLM710",3,"82","numeric",82,,"38548071d5aa652bb90c7f111f86b427f798a1c9"
"formclas.f",823,827,"FORMCL_WC","BLM710",4,"76","numeric",76,,"38548071d5aa652bb90c7f111f86b427f798a1c9"
"formclas.f",823,827,"FORMCL_WC","BLM710",5,"80","numeric",80,,"38548071d5aa652bb90c7f111f86b427f798a1c9"
"formclas.f",823,827,"FORMCL_WC","BLM710",6,"82","numeric",82,,"38548071d5aa652bb90c7f111f86b427f798a1c9"
"formclas.f",823,827,"FORMCL_WC","BLM710",7,"76","numeric",76,,"38548071d5aa652bb90c7f111f86b427f798a1c9"
"formclas.f",823,827,"FORMCL_WC","BLM710",8,"76","numeric",76,,"38548071d5aa652bb90c7f111f86b427f798a1c9"
"formclas.f",823,827,"FORMCL_WC","BLM710",9,"70","numeric",70,,"38548071d5aa652bb90c7f111f86b427f798a1c9"
"formclas.f",823,827,"FORMCL_WC","BLM710",10,"76","numeric",76,,"38548071d5aa652bb90c7f111f86b427f798a1c9"
"formclas.f",823,827,"FORMCL_WC","BLM710",11,"76","numeric",76,,"38548071d5aa652bb90c7f111f86b427f798a1c9"
"formclas.f",823,827,"FORMCL_WC","BLM710",12,"66","numeric",66,,"38548071d5aa652bb90c7f111f86b427f798a1c9"
"formclas.f",823,827,"FORMCL_WC","BLM710",13,"76","numeric",76,,"38548071d5aa652bb90c7f111f86b427f798a1c9"
"formclas.f",823,827,"FORMCL_WC","BLM710",14,"80","numeric",80,,"38548071d5aa652bb90c7f111f86b427f798a1c9"
"formclas.f",823,827,"FORMCL_WC","BLM710",15,"80","numeric",80,,"38548071d5aa652bb90c7f111f86b427f798a1c9"
"formclas.f",823,827,"FORMCL_WC","BLM710",16,"80","numeric",80,,"38548071d5aa652bb90c7f111f86b427f798a1c9"
"formclas.f",823,827,"FORMCL_WC","BLM710",17,"80","numeric",80,,"38548071d5aa652bb90c7f111f86b427f798a1c9"
"formclas.f",823,827,"FORMCL_WC","BLM710",18,"80","numeric",80,,"38548071d5aa652bb90c7f111f86b427f798a1c9"
"formclas.f",823,827,"FORMCL_WC","BLM710",19,"80","numeric",80,,"38548071d5aa652bb90c7f111f86b427f798a1c9"
"formclas.f",823,827,"FORMCL_WC","BLM710",20,"80","numeric",80,,"38548071d5aa652bb90c7f111f86b427f798a1c9"
"formclas.f",823,827,"FORMCL_WC","BLM710",21,"72","numeric",72,,"38548071d5aa652bb90c7f111f86b427f798a1c9"
"formclas.f",823,827,"FORMCL_WC","BLM710",22,"76","numeric",76,,"38548071d5aa652bb90c7f111f86b427f798a1c9"
"formclas.f",823,827,"FORMCL_WC","BLM710",23,"76","numeric",76,,"38548071d5aa652bb90c7f111f86b427f798a1c9"
"formclas.f",823,827,"FORMCL_WC","BLM710",24,"72","numeric",72,,"38548071d5aa652bb90c7f111f86b427f798a1c9"
"formclas.f",823,827,"FORMCL_WC","BLM710",25,"82","numeric",82,,"38548071d5aa652bb90c7f111f86b427f798a1c9"
"formclas.f",823,827,"FORMCL_WC","BLM710",26,"76","numeric",76,,"38548071d5aa652bb90c7f111f86b427f798a1c9"
"formclas.f",823,827,"FORMCL_WC","BLM710",27,"82","numeric",82,,"38548071d5aa652bb90c7f111f86b427f798a1c9"
"formclas.f",823,827,"FORMCL_WC","BLM710",28,"82","numeric",82,,"38548071d5aa652bb90c7f111f86b427f798a1c9"
"formclas.f",823,827,"FORMCL_WC","BLM710",29,"76","numeric",76,,"38548071d5aa652bb90c7f111f86b427f798a1c9"
"formclas.f",823,827,"FORMCL_WC","BLM710",30,"76","numeric",76,,"38548071d5aa652bb90c7f111f86b427f798a1c9"
"formclas.f",823,827,"FORMCL_WC","BLM710",31,"76","numeric",76,,"38548071d5aa652bb90c7f111f86b427f798a1c9"
"formclas.f",823,827,"FORMCL_WC","BLM710",32,"76","numeric",76,,"38548071d5aa652bb90c7f111f86b427f798a1c9"
"formclas.f",823,827,"FORMCL_WC","BLM710",33,"76","numeric",76,,"38548071d5aa652bb90c7f111f86b427f798a1c9"
"formclas.f",823,827,"FORMCL_WC","BLM710",34,"76","numeric",76,,"38548071d5aa652bb90c7f111f86b427f798a1c9"
"formclas.f",823,827,"FORMCL_WC","BLM710",35,"76","numeric",76,,"38548071d5aa652bb90c7f111f86b427f798a1c9"
"formclas.f",823,827,"FORMCL_WC","BLM710",36,"76","numeric",76,,"38548071d5aa652bb90c7f111f86b427f798a1c9"
"formclas.f",823,827,"FORMCL_WC","BLM710",37,"76","numeric",76,,"38548071d5aa652bb90c7f111f86b427f798a1c9"
"formclas.f",823,827,"FORMCL_WC","BLM710",38,"76","numeric",76,,"38548071d5aa652bb90c7f111f86b427f798a1c9"
"formclas.f",823,827,"FORMCL_WC","BLM710",39,"76","numeric",76,,"38548071d5aa652bb90c7f111f86b427f798a1c9"
"formclas.f",829,833,"FORMCL_WC","BLM711",1,"70","numeric",70,,"38548071d5aa652bb90c7f111f86b427f798a1c9"
"formclas.f",829,833,"FORMCL_WC","BLM711",2,"70","numeric",70,,"38548071d5aa652bb90c7f111f86b427f798a1c9"
"formclas.f",829,833,"FORMCL_WC","BLM711",3,"74","numeric",74,,"38548071d5aa652bb90c7f111f86b427f798a1c9"
"formclas.f",829,833,"FORMCL_WC","BLM711",4,"78","numeric",78,,"38548071d5aa652bb90c7f111f86b427f798a1c9"
"formclas.f",829,833,"FORMCL_WC","BLM711",5,"77","numeric",77,,"38548071d5aa652bb90c7f111f86b427f798a1c9"
"formclas.f",829,833,"FORMCL_WC","BLM711",6,"75","numeric",75,,"38548071d5aa652bb90c7f111f86b427f798a1c9"
"formclas.f",829,833,"FORMCL_WC","BLM711",7,"78","numeric",78,,"38548071d5aa652bb90c7f111f86b427f798a1c9"
"formclas.f",829,833,"FORMCL_WC","BLM711",8,"75","numeric",75,,"38548071d5aa652bb90c7f111f86b427f798a1c9"
"formclas.f",829,833,"FORMCL_WC","BLM711",9,"67","numeric",67,,"38548071d5aa652bb90c7f111f86b427f798a1c9"
"formclas.f",829,833,"FORMCL_WC","BLM711",10,"70","numeric",70,,"38548071d5aa652bb90c7f111f86b427f798a1c9"
"formclas.f",829,833,"FORMCL_WC","BLM711",11,"70","numeric",70,,"38548071d5aa652bb90c7f111f86b427f798a1c9"
"formclas.f",829,833,"FORMCL_WC","BLM711",12,"66","numeric",66,,"38548071d5aa652bb90c7f111f86b427f798a1c9"
"formclas.f",829,833,"FORMCL_WC","BLM711",13,"74","numeric",74,,"38548071d5aa652bb90c7f111f86b427f798a1c9"
"formclas.f",829,833,"FORMCL_WC","BLM711",14,"73","numeric",73,,"38548071d5aa652bb90c7f111f86b427f798a1c9"
"formclas.f",829,833,"FORMCL_WC","BLM711",15,"68","numeric",68,,"38548071d5aa652bb90c7f111f86b427f798a1c9"
"formclas.f",829,833,"FORMCL_WC","BLM711",16,"68","numeric",68,,"38548071d5aa652bb90c7f111f86b427f798a1c9"
"formclas.f",829,833,"FORMCL_WC","BLM711",17,"70","numeric",70,,"38548071d5aa652bb90c7f111f86b427f798a1c9"
"formclas.f",829,833,"FORMCL_WC","BLM711",18,"76","numeric",76,,"38548071d5aa652bb90c7f111f86b427f798a1c9"
"formclas.f",829,833,"FORMCL_WC","BLM711",19,"76","numeric",76,,"38548071d5aa652bb90c7f111f86b427f798a1c9"
"formclas.f",829,833,"FORMCL_WC","BLM711",20,"80","numeric",80,,"38548071d5aa652bb90c7f111f86b427f798a1c9"
"formclas.f",829,833,"FORMCL_WC","BLM711",21,"76","numeric",76,,"38548071d5aa652bb90c7f111f86b427f798a1c9"
"formclas.f",829,833,"FORMCL_WC","BLM711",22,"70","numeric",70,,"38548071d5aa652bb90c7f111f86b427f798a1c9"
"formclas.f",829,833,"FORMCL_WC","BLM711",23,"72","numeric",72,,"38548071d5aa652bb90c7f111f86b427f798a1c9"
"formclas.f",829,833,"FORMCL_WC","BLM711",24,"70","numeric",70,,"38548071d5aa652bb90c7f111f86b427f798a1c9"
"formclas.f",829,833,"FORMCL_WC","BLM711",25,"78","numeric",78,,"38548071d5aa652bb90c7f111f86b427f798a1c9"
"formclas.f",829,833,"FORMCL_WC","BLM711",26,"70","numeric",70,,"38548071d5aa652bb90c7f111f86b427f798a1c9"
"formclas.f",829,833,"FORMCL_WC","BLM711",27,"72","numeric",72,,"38548071d5aa652bb90c7f111f86b427f798a1c9"
"formclas.f",829,833,"FORMCL_WC","BLM711",28,"72","numeric",72,,"38548071d5aa652bb90c7f111f86b427f798a1c9"
"formclas.f",829,833,"FORMCL_WC","BLM711",29,"72","numeric",72,,"38548071d5aa652bb90c7f111f86b427f798a1c9"
"formclas.f",829,833,"FORMCL_WC","BLM711",30,"70","numeric",70,,"38548071d5aa652bb90c7f111f86b427f798a1c9"
"formclas.f",829,833,"FORMCL_WC","BLM711",31,"72","numeric",72,,"38548071d5aa652bb90c7f111f86b427f798a1c9"
"formclas.f",829,833,"FORMCL_WC","BLM711",32,"69","numeric",69,,"38548071d5aa652bb90c7f111f86b427f798a1c9"
"formclas.f",829,833,"FORMCL_WC","BLM711",33,"70","numeric",70,,"38548071d5aa652bb90c7f111f86b427f798a1c9"
"formclas.f",829,833,"FORMCL_WC","BLM711",34,"72","numeric",72,,"38548071d5aa652bb90c7f111f86b427f798a1c9"
"formclas.f",829,833,"FORMCL_WC","BLM711",35,"72","numeric",72,,"38548071d5aa652bb90c7f111f86b427f798a1c9"
"formclas.f",829,833,"FORMCL_WC","BLM711",36,"68","numeric",68,,"38548071d5aa652bb90c7f111f86b427f798a1c9"
"formclas.f",829,833,"FORMCL_WC","BLM711",37,"66","numeric",66,,"38548071d5aa652bb90c7f111f86b427f798a1c9"
"formclas.f",829,833,"FORMCL_WC","BLM711",38,"72","numeric",72,,"38548071d5aa652bb90c7f111f86b427f798a1c9"
"formclas.f",829,833,"FORMCL_WC","BLM711",39,"70","numeric",70,,"38548071d5aa652bb90c7f111f86b427f798a1c9"
