"id","family","species","region","forest","district","variant","product","top_code","table_variant","discovery_mode","source_file","upstream_commit"
"814CLKE100","clark_r8",100,8,"01","03","SN","01","4","R8_CEQN","validation","TREEVOLUME_FIXTURES/clark_identifiers.csv","38548071d5aa652bb90c7f111f86b427f798a1c9"
"814CLKE107","clark_r8",107,8,"01","03","SN","01","4","R8_CEQN","validation","TREEVOLUME_FIXTURES/clark_identifiers.csv","38548071d5aa652bb90c7f111f86b427f798a1c9"
"814CLKE110","clark_r8",110,8,"01","03","SN","01","4","R8_CEQN","validation","TREEVOLUME_FIXTURES/clark_identifiers.csv","38548071d5aa652bb90c7f111f86b427f798a1c9"
"814CLKE111","clark_r8",111,8,"01","03","SN","01","4","R8_CEQN","validation","TREEVOLUME_FIXTURES/clark_identifiers.csv","38548071d5aa652bb90c7f111f86b427f798a1c9"
"814CLKE115","clark_r8",115,8,"01","03","SN","01","4","R8_CEQN","validation","TREEVOLUME_FIXTURES/clark_identifiers.csv","38548071d5aa652bb90c7f111f86b427f798a1c9"
"814CLKE121","clark_r8",121,8,"01","03","SN","01","4","R8_CEQN","validation","TREEVOLUME_FIXTURES/clark_identifiers.csv","38548071d5aa652bb90c7f111f86b427f798a1c9"
"814CLKE123","clark_r8",123,8,"01","03","SN","01","4","R8_CEQN","validation","TREEVOLUME_FIXTURES/clark_identifiers.csv","38548071d5aa652bb90c7f111f86b427f798a1c9"
"814CLKE126","clark_r8",126,8,"01","03","SN","01","4","R8_CEQN","validation","TREEVOLUME_FIXTURES/clark_identifiers.csv","38548071d5aa652bb90c7f111f86b427f798a1c9"
"814CLKE128","clark_r8",128,8,"01","03","SN","01","4","R8_CEQN","validation","TREEVOLUME_FIXTURES/clark_identifiers.csv","38548071d5aa652bb90c7f111f86b427f798a1c9"
"814CLKE129","clark_r8",129,8,"01","03","SN","01","4","R8_CEQN","validation","TREEVOLUME_FIXTURES/clark_identifiers.csv","38548071d5aa652bb90c7f111f86b427f798a1c9"
"814CLKE131","clark_r8",131,8,"01","03","SN","01","4","R8_CEQN","validation","TREEVOLUME_FIXTURES/clark_identifiers.csv","38548071d5aa652bb90c7f111f86b427f798a1c9"
"814CLKE132","clark_r8",132,8,"01","03","SN","01","4","R8_CEQN","validation","TREEVOLUME_FIXTURES/clark_identifiers.csv","38548071d5aa652bb90c7f111f86b427f798a1c9"
"814CLKE197","clark_r8",197,8,"01","03","SN","01","4","R8_CEQN","validation","TREEVOLUME_FIXTURES/clark_identifiers.csv","38548071d5aa652bb90c7f111f86b427f798a1c9"
"814CLKE221","clark_r8",221,8,"01","03","SN","01","4","R8_CEQN","validation","TREEVOLUME_FIXTURES/clark_identifiers.csv","38548071d5aa652bb90c7f111f86b427f798a1c9"
"814CLKE222","clark_r8",222,8,"01","03","SN","01","4","R8_CEQN","validation","TREEVOLUME_FIXTURES/clark_identifiers.csv","38548071d5aa652bb90c7f111f86b427f798a1c9"
"814CLKE261","clark_r8",261,8,"01","03","SN","01","4","R8_CEQN","validation","TREEVOLUME_FIXTURES/clark_identifiers.csv","38548071d5aa652bb90c7f111f86b427f798a1c9"
"814CLKE300","clark_r8",300,8,"01","03","SN","01","4","R8_CEQN","validation","TREEVOLUME_FIXTURES/clark_identifiers.csv","38548071d5aa652bb90c7f111f86b427f798a1c9"
"814CLKE313","clark_r8",313,8,"01","03","SN","01","4","R8_CEQN","validation","TREEVOLUME_FIXTURES/clark_identifiers.csv","38548071d5aa652bb90c7f111f86b427f798a1c9"
"814CLKE314","clark_r8",314,8,"01","03","SN","01","4","R8_CEQN","validation","TREEVOLUME_FIXTURES/clark_identifiers.csv","38548071d5aa652bb90c7f111f86b427f798a1c9"
"814CLKE316","clark_r8",316,8,"01","03","SN","01","4","R8_CEQN","validation","TREEVOLUME_FIXTURES/clark_identifiers.csv","38548071d5aa652bb90c7f111f86b427f798a1c9"
"814CLKE317","clark_r8",317,8,"01","03","SN","01","4","R8_CEQN","validation","TREEVOLUME_FIXTURES/clark_identifiers.csv","38548071d5aa652bb90c7f111f86b427f798a1c9"
"814CLKE318","clark_r8",318,8,"01","03","SN","01","4","R8_CEQN","validation","TREEVOLUME_FIXTURES/clark_identifiers.csv","38548071d5aa652bb90c7f111f86b427f798a1c9"
"814CLKE330","clark_r8",330,8,"01","03","SN","01","4","R8_CEQN","validation","TREEVOLUME_FIXTURES/clark_identifiers.csv","38548071d5aa652bb90c7f111f86b427f798a1c9"
"814CLKE370","clark_r8",370,8,"01","03","SN","01","4","R8_CEQN","validation","TREEVOLUME_FIXTURES/clark_identifiers.csv","38548071d5aa652bb90c7f111f86b427f798a1c9"
"814CLKE400","clark_r8",400,8,"01","03","SN","01","4","R8_CEQN","validation","TREEVOLUME_FIXTURES/clark_identifiers.csv","38548071d5aa652bb90c7f111f86b427f798a1c9"
"814CLKE404","clark_r8",404,8,"01","03","SN","01","4","R8_CEQN","validation","TREEVOLUME_FIXTURES/clark_identifiers.csv","38548071d5aa652bb90c7f111f86b427f798a1c9"
"814CLKE460","clark_r8",460,8,"01","03","SN","01","4","R8_CEQN","validation","TREEVOLUME_FIXTURES/clark_identifiers.csv","38548071d5aa652bb90c7f111f86b427f798a1c9"
"814CLKE500","clark_r8",500,8,"01","03","SN","01","4","R8_CEQN","validation","TREEVOLUME_FIXTURES/clark_identifiers.csv","38548071d5aa652bb90c7f111f86b427f798a1c9"
"814CLKE521","clark_r8",521,8,"01","03","SN","01","4","R8_CEQN","validation","TREEVOLUME_FIXTURES/clark_identifiers.csv","38548071d5aa652bb90c7f111f86b427f798a1c9"
"814CLKE531","clark_r8",531,8,"01","03","SN","01","4","R8_CEQN","validation","TREEVOLUME_FIXTURES/clark_identifiers.csv","38548071d5aa652bb90c7f111f86b427f798a1c9"
"814CLKE541","clark_r8",541,8,"01","03","SN","01","4","R8_CEQN","validation","TREEVOLUME_FIXTURES/clark_identifiers.csv","38548071d5aa652bb90c7f111f86b427f798a1c9"
"814CLKE544","clark_r8",544,8,"01","03","SN","01","4","R8_CEQN","validation","TREEVOLUME_FIXTURES/clark_identifiers.csv","38548071d5aa652bb90c7f111f86b427f798a1c9"
"814CLKE545","clark_r8",545,8,"01","03","SN","01","4","R8_CEQN","validation","TREEVOLUME_FIXTURES/clark_identifiers.csv","38548071d5aa652bb90c7f111f86b427f798a1c9"
"814CLKE546","clark_r8",546,8,"01","03","SN","01","4","R8_CEQN","validation","TREEVOLUME_FIXTURES/clark_identifiers.csv","38548071d5aa652bb90c7f111f86b427f798a1c9"
"814CLKE550","clark_r8",550,8,"01","03","SN","01","4","R8_CEQN","validation","TREEVOLUME_FIXTURES/clark_identifiers.csv","38548071d5aa652bb90c7f111f86b427f798a1c9"
"814CLKE580","clark_r8",580,8,"01","03","SN","01","4","R8_CEQN","validation","TREEVOLUME_FIXTURES/clark_identifiers.csv","38548071d5aa652bb90c7f111f86b427f798a1c9"
"814CLKE601","clark_r8",601,8,"01","03","SN","01","4","R8_CEQN","validation","TREEVOLUME_FIXTURES/clark_identifiers.csv","38548071d5aa652bb90c7f111f86b427f798a1c9"
"814CLKE602","clark_r8",602,8,"01","03","SN","01","4","R8_CEQN","validation","TREEVOLUME_FIXTURES/clark_identifiers.csv","38548071d5aa652bb90c7f111f86b427f798a1c9"
"814CLKE611","clark_r8",611,8,"01","03","SN","01","4","R8_CEQN","validation","TREEVOLUME_FIXTURES/clark_identifiers.csv","38548071d5aa652bb90c7f111f86b427f798a1c9"
"814CLKE621","clark_r8",621,8,"01","03","SN","01","4","R8_CEQN","validation","TREEVOLUME_FIXTURES/clark_identifiers.csv","38548071d5aa652bb90c7f111f86b427f798a1c9"
"814CLKE650","clark_r8",650,8,"01","03","SN","01","4","R8_CEQN","validation","TREEVOLUME_FIXTURES/clark_identifiers.csv","38548071d5aa652bb90c7f111f86b427f798a1c9"
"814CLKE651","clark_r8",651,8,"01","03","SN","01","4","R8_CEQN","validation","TREEVOLUME_FIXTURES/clark_identifiers.csv","38548071d5aa652bb90c7f111f86b427f798a1c9"
"814CLKE652","clark_r8",652,8,"01","03","SN","01","4","R8_CEQN","validation","TREEVOLUME_FIXTURES/clark_identifiers.csv","38548071d5aa652bb90c7f111f86b427f798a1c9"
"814CLKE653","clark_r8",653,8,"01","03","SN","01","4","R8_CEQN","validation","TREEVOLUME_FIXTURES/clark_identifiers.csv","38548071d5aa652bb90c7f111f86b427f798a1c9"
"814CLKE691","clark_r8",691,8,"01","03","SN","01","4","R8_CEQN","validation","TREEVOLUME_FIXTURES/clark_identifiers.csv","38548071d5aa652bb90c7f111f86b427f798a1c9"
"814CLKE693","clark_r8",693,8,"01","03","SN","01","4","R8_CEQN","validation","TREEVOLUME_FIXTURES/clark_identifiers.csv","38548071d5aa652bb90c7f111f86b427f798a1c9"
"814CLKE694","clark_r8",694,8,"01","03","SN","01","4","R8_CEQN","validation","TREEVOLUME_FIXTURES/clark_identifiers.csv","38548071d5aa652bb90c7f111f86b427f798a1c9"
"814CLKE711","clark_r8",711,8,"01","03","SN","01","4","R8_CEQN","validation","TREEVOLUME_FIXTURES/clark_identifiers.csv","38548071d5aa652bb90c7f111f86b427f798a1c9"
"814CLKE731","clark_r8",731,8,"01","03","SN","01","4","R8_CEQN","validation","TREEVOLUME_FIXTURES/clark_identifiers.csv","38548071d5aa652bb90c7f111f86b427f798a1c9"
"814CLKE742","clark_r8",742,8,"01","03","SN","01","4","R8_CEQN","validation","TREEVOLUME_FIXTURES/clark_identifiers.csv","38548071d5aa652bb90c7f111f86b427f798a1c9"
"814CLKE762","clark_r8",762,8,"01","03","SN","01","4","R8_CEQN","validation","TREEVOLUME_FIXTURES/clark_identifiers.csv","38548071d5aa652bb90c7f111f86b427f798a1c9"
"814CLKE800","clark_r8",800,8,"01","03","SN","01","4","R8_CEQN","validation","TREEVOLUME_FIXTURES/clark_identifiers.csv","38548071d5aa652bb90c7f111f86b427f798a1c9"
"814CLKE802","clark_r8",802,8,"01","03","SN","01","4","R8_CEQN","validation","TREEVOLUME_FIXTURES/clark_identifiers.csv","38548071d5aa652bb90c7f111f86b427f798a1c9"
"814CLKE804","clark_r8",804,8,"01","03","SN","01","4","R8_CEQN","validation","TREEVOLUME_FIXTURES/clark_identifiers.csv","38548071d5aa652bb90c7f111f86b427f798a1c9"
"814CLKE806","clark_r8",806,8,"01","03","SN","01","4","R8_CEQN","validation","TREEVOLUME_FIXTURES/clark_identifiers.csv","38548071d5aa652bb90c7f111f86b427f798a1c9"
"814CLKE812","clark_r8",812,8,"01","03","SN","01","4","R8_CEQN","validation","TREEVOLUME_FIXTURES/clark_identifiers.csv","38548071d5aa652bb90c7f111f86b427f798a1c9"
"814CLKE813","clark_r8",813,8,"01","03","SN","01","4","R8_CEQN","validation","TREEVOLUME_FIXTURES/clark_identifiers.csv","38548071d5aa652bb90c7f111f86b427f798a1c9"
"814CLKE817","clark_r8",817,8,"01","03","SN","01","4","R8_CEQN","validation","TREEVOLUME_FIXTURES/clark_identifiers.csv","38548071d5aa652bb90c7f111f86b427f798a1c9"
"814CLKE820","clark_r8",820,8,"01","03","SN","01","4","R8_CEQN","validation","TREEVOLUME_FIXTURES/clark_identifiers.csv","38548071d5aa652bb90c7f111f86b427f798a1c9"
"814CLKE822","clark_r8",822,8,"01","03","SN","01","4","R8_CEQN","validation","TREEVOLUME_FIXTURES/clark_identifiers.csv","38548071d5aa652bb90c7f111f86b427f798a1c9"
"814CLKE823","clark_r8",823,8,"01","03","SN","01","4","R8_CEQN","validation","TREEVOLUME_FIXTURES/clark_identifiers.csv","38548071d5aa652bb90c7f111f86b427f798a1c9"
"814CLKE825","clark_r8",825,8,"01","03","SN","01","4","R8_CEQN","validation","TREEVOLUME_FIXTURES/clark_identifiers.csv","38548071d5aa652bb90c7f111f86b427f798a1c9"
"814CLKE826","clark_r8",826,8,"01","03","SN","01","4","R8_CEQN","validation","TREEVOLUME_FIXTURES/clark_identifiers.csv","38548071d5aa652bb90c7f111f86b427f798a1c9"
"814CLKE827","clark_r8",827,8,"01","03","SN","01","4","R8_CEQN","validation","TREEVOLUME_FIXTURES/clark_identifiers.csv","38548071d5aa652bb90c7f111f86b427f798a1c9"
"814CLKE828","clark_r8",828,8,"01","03","SN","01","4","R8_CEQN","validation","TREEVOLUME_FIXTURES/clark_identifiers.csv","38548071d5aa652bb90c7f111f86b427f798a1c9"
"814CLKE830","clark_r8",830,8,"01","03","SN","01","4","R8_CEQN","validation","TREEVOLUME_FIXTURES/clark_identifiers.csv","38548071d5aa652bb90c7f111f86b427f798a1c9"
"814CLKE831","clark_r8",831,8,"01","03","SN","01","4","R8_CEQN","validation","TREEVOLUME_FIXTURES/clark_identifiers.csv","38548071d5aa652bb90c7f111f86b427f798a1c9"
"814CLKE832","clark_r8",832,8,"01","03","SN","01","4","R8_CEQN","validation","TREEVOLUME_FIXTURES/clark_identifiers.csv","38548071d5aa652bb90c7f111f86b427f798a1c9"
"814CLKE833","clark_r8",833,8,"01","03","SN","01","4","R8_CEQN","validation","TREEVOLUME_FIXTURES/clark_identifiers.csv","38548071d5aa652bb90c7f111f86b427f798a1c9"
"814CLKE834","clark_r8",834,8,"01","03","SN","01","4","R8_CEQN","validation","TREEVOLUME_FIXTURES/clark_identifiers.csv","38548071d5aa652bb90c7f111f86b427f798a1c9"
"814CLKE835","clark_r8",835,8,"01","03","SN","01","4","R8_CEQN","validation","TREEVOLUME_FIXTURES/clark_identifiers.csv","38548071d5aa652bb90c7f111f86b427f798a1c9"
"814CLKE837","clark_r8",837,8,"01","03","SN","01","4","R8_CEQN","validation","TREEVOLUME_FIXTURES/clark_identifiers.csv","38548071d5aa652bb90c7f111f86b427f798a1c9"
"814CLKE901","clark_r8",901,8,"01","03","SN","01","4","R8_CEQN","validation","TREEVOLUME_FIXTURES/clark_identifiers.csv","38548071d5aa652bb90c7f111f86b427f798a1c9"
"814CLKE920","clark_r8",920,8,"01","03","SN","01","4","R8_CEQN","validation","TREEVOLUME_FIXTURES/clark_identifiers.csv","38548071d5aa652bb90c7f111f86b427f798a1c9"
"814CLKE930","clark_r8",930,8,"01","03","SN","01","4","R8_CEQN","validation","TREEVOLUME_FIXTURES/clark_identifiers.csv","38548071d5aa652bb90c7f111f86b427f798a1c9"
"814CLKE950","clark_r8",950,8,"01","03","SN","01","4","R8_CEQN","validation","TREEVOLUME_FIXTURES/clark_identifiers.csv","38548071d5aa652bb90c7f111f86b427f798a1c9"
"814CLKE970","clark_r8",970,8,"01","03","SN","01","4","R8_CEQN","validation","TREEVOLUME_FIXTURES/clark_identifiers.csv","38548071d5aa652bb90c7f111f86b427f798a1c9"
"817CLKE100","clark_r8",100,8,"01","03","SN","01","7","R8_CEQN","validation","TREEVOLUME_FIXTURES/clark_identifiers.csv","38548071d5aa652bb90c7f111f86b427f798a1c9"
"817CLKE107","clark_r8",107,8,"01","03","SN","01","7","R8_CEQN","validation","TREEVOLUME_FIXTURES/clark_identifiers.csv","38548071d5aa652bb90c7f111f86b427f798a1c9"
"817CLKE110","clark_r8",110,8,"01","03","SN","01","7","R8_CEQN","validation","TREEVOLUME_FIXTURES/clark_identifiers.csv","38548071d5aa652bb90c7f111f86b427f798a1c9"
"817CLKE111","clark_r8",111,8,"01","03","SN","01","7","R8_CEQN","validation","TREEVOLUME_FIXTURES/clark_identifiers.csv","38548071d5aa652bb90c7f111f86b427f798a1c9"
"817CLKE115","clark_r8",115,8,"01","03","SN","01","7","R8_CEQN","validation","TREEVOLUME_FIXTURES/clark_identifiers.csv","38548071d5aa652bb90c7f111f86b427f798a1c9"
"817CLKE121","clark_r8",121,8,"01","03","SN","01","7","R8_CEQN","validation","TREEVOLUME_FIXTURES/clark_identifiers.csv","38548071d5aa652bb90c7f111f86b427f798a1c9"
"817CLKE123","clark_r8",123,8,"01","03","SN","01","7","R8_CEQN","validation","TREEVOLUME_FIXTURES/clark_identifiers.csv","38548071d5aa652bb90c7f111f86b427f798a1c9"
"817CLKE126","clark_r8",126,8,"01","03","SN","01","7","R8_CEQN","validation","TREEVOLUME_FIXTURES/clark_identifiers.csv","38548071d5aa652bb90c7f111f86b427f798a1c9"
"817CLKE128","clark_r8",128,8,"01","03","SN","01","7","R8_CEQN","validation","TREEVOLUME_FIXTURES/clark_identifiers.csv","38548071d5aa652bb90c7f111f86b427f798a1c9"
"817CLKE129","clark_r8",129,8,"01","03","SN","01","7","R8_CEQN","validation","TREEVOLUME_FIXTURES/clark_identifiers.csv","38548071d5aa652bb90c7f111f86b427f798a1c9"
"817CLKE131","clark_r8",131,8,"01","03","SN","01","7","R8_CEQN","validation","TREEVOLUME_FIXTURES/clark_identifiers.csv","38548071d5aa652bb90c7f111f86b427f798a1c9"
"817CLKE132","clark_r8",132,8,"01","03","SN","01","7","R8_CEQN","validation","TREEVOLUME_FIXTURES/clark_identifiers.csv","38548071d5aa652bb90c7f111f86b427f798a1c9"
"817CLKE197","clark_r8",197,8,"01","03","SN","01","7","R8_CEQN","validation","TREEVOLUME_FIXTURES/clark_identifiers.csv","38548071d5aa652bb90c7f111f86b427f798a1c9"
"817CLKE221","clark_r8",221,8,"01","03","SN","01","7","R8_CEQN","validation","TREEVOLUME_FIXTURES/clark_identifiers.csv","38548071d5aa652bb90c7f111f86b427f798a1c9"
"817CLKE222","clark_r8",222,8,"01","03","SN","01","7","R8_CEQN","validation","TREEVOLUME_FIXTURES/clark_identifiers.csv","38548071d5aa652bb90c7f111f86b427f798a1c9"
"817CLKE261","clark_r8",261,8,"01","03","SN","01","7","R8_CEQN","validation","TREEVOLUME_FIXTURES/clark_identifiers.csv","38548071d5aa652bb90c7f111f86b427f798a1c9"
"817CLKE300","clark_r8",300,8,"01","03","SN","01","7","R8_CEQN","validation","TREEVOLUME_FIXTURES/clark_identifiers.csv","38548071d5aa652bb90c7f111f86b427f798a1c9"
"817CLKE313","clark_r8",313,8,"01","03","SN","01","7","R8_CEQN","validation","TREEVOLUME_FIXTURES/clark_identifiers.csv","38548071d5aa652bb90c7f111f86b427f798a1c9"
"817CLKE314","clark_r8",314,8,"01","03","SN","01","7","R8_CEQN","validation","TREEVOLUME_FIXTURES/clark_identifiers.csv","38548071d5aa652bb90c7f111f86b427f798a1c9"
"817CLKE316","clark_r8",316,8,"01","03","SN","01","7","R8_CEQN","validation","TREEVOLUME_FIXTURES/clark_identifiers.csv","38548071d5aa652bb90c7f111f86b427f798a1c9"
"817CLKE317","clark_r8",317,8,"01","03","SN","01","7","R8_CEQN","validation","TREEVOLUME_FIXTURES/clark_identifiers.csv","38548071d5aa652bb90c7f111f86b427f798a1c9"
"817CLKE318","clark_r8",318,8,"01","03","SN","01","7","R8_CEQN","validation","TREEVOLUME_FIXTURES/clark_identifiers.csv","38548071d5aa652bb90c7f111f86b427f798a1c9"
"817CLKE330","clark_r8",330,8,"01","03","SN","01","7","R8_CEQN","validation","TREEVOLUME_FIXTURES/clark_identifiers.csv","38548071d5aa652bb90c7f111f86b427f798a1c9"
"817CLKE370","clark_r8",370,8,"01","03","SN","01","7","R8_CEQN","validation","TREEVOLUME_FIXTURES/clark_identifiers.csv","38548071d5aa652bb90c7f111f86b427f798a1c9"
"817CLKE400","clark_r8",400,8,"01","03","SN","01","7","R8_CEQN","validation","TREEVOLUME_FIXTURES/clark_identifiers.csv","38548071d5aa652bb90c7f111f86b427f798a1c9"
"817CLKE404","clark_r8",404,8,"01","03","SN","01","7","R8_CEQN","validation","TREEVOLUME_FIXTURES/clark_identifiers.csv","38548071d5aa652bb90c7f111f86b427f798a1c9"
"817CLKE460","clark_r8",460,8,"01","03","SN","01","7","R8_CEQN","validation","TREEVOLUME_FIXTURES/clark_identifiers.csv","38548071d5aa652bb90c7f111f86b427f798a1c9"
"817CLKE500","clark_r8",500,8,"01","03","SN","01","7","R8_CEQN","validation","TREEVOLUME_FIXTURES/clark_identifiers.csv","38548071d5aa652bb90c7f111f86b427f798a1c9"
"817CLKE521","clark_r8",521,8,"01","03","SN","01","7","R8_CEQN","validation","TREEVOLUME_FIXTURES/clark_identifiers.csv","38548071d5aa652bb90c7f111f86b427f798a1c9"
"817CLKE531","clark_r8",531,8,"01","03","SN","01","7","R8_CEQN","validation","TREEVOLUME_FIXTURES/clark_identifiers.csv","38548071d5aa652bb90c7f111f86b427f798a1c9"
"817CLKE541","clark_r8",541,8,"01","03","SN","01","7","R8_CEQN","validation","TREEVOLUME_FIXTURES/clark_identifiers.csv","38548071d5aa652bb90c7f111f86b427f798a1c9"
"817CLKE544","clark_r8",544,8,"01","03","SN","01","7","R8_CEQN","validation","TREEVOLUME_FIXTURES/clark_identifiers.csv","38548071d5aa652bb90c7f111f86b427f798a1c9"
"817CLKE545","clark_r8",545,8,"01","03","SN","01","7","R8_CEQN","validation","TREEVOLUME_FIXTURES/clark_identifiers.csv","38548071d5aa652bb90c7f111f86b427f798a1c9"
"817CLKE546","clark_r8",546,8,"01","03","SN","01","7","R8_CEQN","validation","TREEVOLUME_FIXTURES/clark_identifiers.csv","38548071d5aa652bb90c7f111f86b427f798a1c9"
"817CLKE550","clark_r8",550,8,"01","03","SN","01","7","R8_CEQN","validation","TREEVOLUME_FIXTURES/clark_identifiers.csv","38548071d5aa652bb90c7f111f86b427f798a1c9"
"817CLKE580","clark_r8",580,8,"01","03","SN","01","7","R8_CEQN","validation","TREEVOLUME_FIXTURES/clark_identifiers.csv","38548071d5aa652bb90c7f111f86b427f798a1c9"
"817CLKE601","clark_r8",601,8,"01","03","SN","01","7","R8_CEQN","validation","TREEVOLUME_FIXTURES/clark_identifiers.csv","38548071d5aa652bb90c7f111f86b427f798a1c9"
"817CLKE602","clark_r8",602,8,"01","03","SN","01","7","R8_CEQN","validation","TREEVOLUME_FIXTURES/clark_identifiers.csv","38548071d5aa652bb90c7f111f86b427f798a1c9"
"817CLKE611","clark_r8",611,8,"01","03","SN","01","7","R8_CEQN","validation","TREEVOLUME_FIXTURES/clark_identifiers.csv","38548071d5aa652bb90c7f111f86b427f798a1c9"
"817CLKE621","clark_r8",621,8,"01","03","SN","01","7","R8_CEQN","validation","TREEVOLUME_FIXTURES/clark_identifiers.csv","38548071d5aa652bb90c7f111f86b427f798a1c9"
"817CLKE650","clark_r8",650,8,"01","03","SN","01","7","R8_CEQN","validation","TREEVOLUME_FIXTURES/clark_identifiers.csv","38548071d5aa652bb90c7f111f86b427f798a1c9"
"817CLKE651","clark_r8",651,8,"01","03","SN","01","7","R8_CEQN","validation","TREEVOLUME_FIXTURES/clark_identifiers.csv","38548071d5aa652bb90c7f111f86b427f798a1c9"
"817CLKE652","clark_r8",652,8,"01","03","SN","01","7","R8_CEQN","validation","TREEVOLUME_FIXTURES/clark_identifiers.csv","38548071d5aa652bb90c7f111f86b427f798a1c9"
"817CLKE653","clark_r8",653,8,"01","03","SN","01","7","R8_CEQN","validation","TREEVOLUME_FIXTURES/clark_identifiers.csv","38548071d5aa652bb90c7f111f86b427f798a1c9"
"817CLKE691","clark_r8",691,8,"01","03","SN","01","7","R8_CEQN","validation","TREEVOLUME_FIXTURES/clark_identifiers.csv","38548071d5aa652bb90c7f111f86b427f798a1c9"
"817CLKE693","clark_r8",693,8,"01","03","SN","01","7","R8_CEQN","validation","TREEVOLUME_FIXTURES/clark_identifiers.csv","38548071d5aa652bb90c7f111f86b427f798a1c9"
"817CLKE694","clark_r8",694,8,"01","03","SN","01","7","R8_CEQN","validation","TREEVOLUME_FIXTURES/clark_identifiers.csv","38548071d5aa652bb90c7f111f86b427f798a1c9"
"817CLKE711","clark_r8",711,8,"01","03","SN","01","7","R8_CEQN","validation","TREEVOLUME_FIXTURES/clark_identifiers.csv","38548071d5aa652bb90c7f111f86b427f798a1c9"
"817CLKE731","clark_r8",731,8,"01","03","SN","01","7","R8_CEQN","validation","TREEVOLUME_FIXTURES/clark_identifiers.csv","38548071d5aa652bb90c7f111f86b427f798a1c9"
"817CLKE742","clark_r8",742,8,"01","03","SN","01","7","R8_CEQN","validation","TREEVOLUME_FIXTURES/clark_identifiers.csv","38548071d5aa652bb90c7f111f86b427f798a1c9"
"817CLKE762","clark_r8",762,8,"01","03","SN","01","7","R8_CEQN","validation","TREEVOLUME_FIXTURES/clark_identifiers.csv","38548071d5aa652bb90c7f111f86b427f798a1c9"
"817CLKE800","clark_r8",800,8,"01","03","SN","01","7","R8_CEQN","validation","TREEVOLUME_FIXTURES/clark_identifiers.csv","38548071d5aa652bb90c7f111f86b427f798a1c9"
"817CLKE802","clark_r8",802,8,"01","03","SN","01","7","R8_CEQN","validation","TREEVOLUME_FIXTURES/clark_identifiers.csv","38548071d5aa652bb90c7f111f86b427f798a1c9"
"817CLKE804","clark_r8",804,8,"01","03","SN","01","7","R8_CEQN","validation","TREEVOLUME_FIXTURES/clark_identifiers.csv","38548071d5aa652bb90c7f111f86b427f798a1c9"
"817CLKE806","clark_r8",806,8,"01","03","SN","01","7","R8_CEQN","validation","TREEVOLUME_FIXTURES/clark_identifiers.csv","38548071d5aa652bb90c7f111f86b427f798a1c9"
"817CLKE812","clark_r8",812,8,"01","03","SN","01","7","R8_CEQN","validation","TREEVOLUME_FIXTURES/clark_identifiers.csv","38548071d5aa652bb90c7f111f86b427f798a1c9"
"817CLKE813","clark_r8",813,8,"01","03","SN","01","7","R8_CEQN","validation","TREEVOLUME_FIXTURES/clark_identifiers.csv","38548071d5aa652bb90c7f111f86b427f798a1c9"
"817CLKE817","clark_r8",817,8,"01","03","SN","01","7","R8_CEQN","validation","TREEVOLUME_FIXTURES/clark_identifiers.csv","38548071d5aa652bb90c7f111f86b427f798a1c9"
"817CLKE820","clark_r8",820,8,"01","03","SN","01","7","R8_CEQN","validation","TREEVOLUME_FIXTURES/clark_identifiers.csv","38548071d5aa652bb90c7f111f86b427f798a1c9"
"817CLKE822","clark_r8",822,8,"01","03","SN","01","7","R8_CEQN","validation","TREEVOLUME_FIXTURES/clark_identifiers.csv","38548071d5aa652bb90c7f111f86b427f798a1c9"
"817CLKE823","clark_r8",823,8,"01","03","SN","01","7","R8_CEQN","validation","TREEVOLUME_FIXTURES/clark_identifiers.csv","38548071d5aa652bb90c7f111f86b427f798a1c9"
"817CLKE825","clark_r8",825,8,"01","03","SN","01","7","R8_CEQN","validation","TREEVOLUME_FIXTURES/clark_identifiers.csv","38548071d5aa652bb90c7f111f86b427f798a1c9"
"817CLKE826","clark_r8",826,8,"01","03","SN","01","7","R8_CEQN","validation","TREEVOLUME_FIXTURES/clark_identifiers.csv","38548071d5aa652bb90c7f111f86b427f798a1c9"
"817CLKE827","clark_r8",827,8,"01","03","SN","01","7","R8_CEQN","validation","TREEVOLUME_FIXTURES/clark_identifiers.csv","38548071d5aa652bb90c7f111f86b427f798a1c9"
"817CLKE828","clark_r8",828,8,"01","03","SN","01","7","R8_CEQN","validation","TREEVOLUME_FIXTURES/clark_identifiers.csv","38548071d5aa652bb90c7f111f86b427f798a1c9"
"817CLKE830","clark_r8",830,8,"01","03","SN","01","7","R8_CEQN","validation","TREEVOLUME_FIXTURES/clark_identifiers.csv","38548071d5aa652bb90c7f111f86b427f798a1c9"
"817CLKE831","clark_r8",831,8,"01","03","SN","01","7","R8_CEQN","validation","TREEVOLUME_FIXTURES/clark_identifiers.csv","38548071d5aa652bb90c7f111f86b427f798a1c9"
"817CLKE832","clark_r8",832,8,"01","03","SN","01","7","R8_CEQN","validation","TREEVOLUME_FIXTURES/clark_identifiers.csv","38548071d5aa652bb90c7f111f86b427f798a1c9"
"817CLKE833","clark_r8",833,8,"01","03","SN","01","7","R8_CEQN","validation","TREEVOLUME_FIXTURES/clark_identifiers.csv","38548071d5aa652bb90c7f111f86b427f798a1c9"
"817CLKE834","clark_r8",834,8,"01","03","SN","01","7","R8_CEQN","validation","TREEVOLUME_FIXTURES/clark_identifiers.csv","38548071d5aa652bb90c7f111f86b427f798a1c9"
"817CLKE835","clark_r8",835,8,"01","03","SN","01","7","R8_CEQN","validation","TREEVOLUME_FIXTURES/clark_identifiers.csv","38548071d5aa652bb90c7f111f86b427f798a1c9"
"817CLKE837","clark_r8",837,8,"01","03","SN","01","7","R8_CEQN","validation","TREEVOLUME_FIXTURES/clark_identifiers.csv","38548071d5aa652bb90c7f111f86b427f798a1c9"
"817CLKE901","clark_r8",901,8,"01","03","SN","01","7","R8_CEQN","validation","TREEVOLUME_FIXTURES/clark_identifiers.csv","38548071d5aa652bb90c7f111f86b427f798a1c9"
"817CLKE920","clark_r8",920,8,"01","03","SN","01","7","R8_CEQN","validation","TREEVOLUME_FIXTURES/clark_identifiers.csv","38548071d5aa652bb90c7f111f86b427f798a1c9"
"817CLKE930","clark_r8",930,8,"01","03","SN","01","7","R8_CEQN","validation","TREEVOLUME_FIXTURES/clark_identifiers.csv","38548071d5aa652bb90c7f111f86b427f798a1c9"
"817CLKE950","clark_r8",950,8,"01","03","SN","01","7","R8_CEQN","validation","TREEVOLUME_FIXTURES/clark_identifiers.csv","38548071d5aa652bb90c7f111f86b427f798a1c9"
"817CLKE970","clark_r8",970,8,"01","03","SN","01","7","R8_CEQN","validation","TREEVOLUME_FIXTURES/clark_identifiers.csv","38548071d5aa652bb90c7f111f86b427f798a1c9"
"818CLKE100","clark_r8",100,8,"01","03","SN","01","8","R8_CEQN","validation","TREEVOLUME_FIXTURES/clark_identifiers.csv","38548071d5aa652bb90c7f111f86b427f798a1c9"
"818CLKE107","clark_r8",107,8,"01","03","SN","01","8","R8_CEQN","validation","TREEVOLUME_FIXTURES/clark_identifiers.csv","38548071d5aa652bb90c7f111f86b427f798a1c9"
"818CLKE110","clark_r8",110,8,"01","03","SN","01","8","R8_CEQN","validation","TREEVOLUME_FIXTURES/clark_identifiers.csv","38548071d5aa652bb90c7f111f86b427f798a1c9"
"818CLKE111","clark_r8",111,8,"01","03","SN","01","8","R8_CEQN","validation","TREEVOLUME_FIXTURES/clark_identifiers.csv","38548071d5aa652bb90c7f111f86b427f798a1c9"
"818CLKE115","clark_r8",115,8,"01","03","SN","01","8","R8_CEQN","validation","TREEVOLUME_FIXTURES/clark_identifiers.csv","38548071d5aa652bb90c7f111f86b427f798a1c9"
"818CLKE121","clark_r8",121,8,"01","03","SN","01","8","R8_CEQN","validation","TREEVOLUME_FIXTURES/clark_identifiers.csv","38548071d5aa652bb90c7f111f86b427f798a1c9"
"818CLKE123","clark_r8",123,8,"01","03","SN","01","8","R8_CEQN","validation","TREEVOLUME_FIXTURES/clark_identifiers.csv","38548071d5aa652bb90c7f111f86b427f798a1c9"
"818CLKE126","clark_r8",126,8,"01","03","SN","01","8","R8_CEQN","validation","TREEVOLUME_FIXTURES/clark_identifiers.csv","38548071d5aa652bb90c7f111f86b427f798a1c9"
"818CLKE128","clark_r8",128,8,"01","03","SN","01","8","R8_CEQN","validation","TREEVOLUME_FIXTURES/clark_identifiers.csv","38548071d5aa652bb90c7f111f86b427f798a1c9"
"818CLKE129","clark_r8",129,8,"01","03","SN","01","8","R8_CEQN","validation","TREEVOLUME_FIXTURES/clark_identifiers.csv","38548071d5aa652bb90c7f111f86b427f798a1c9"
"818CLKE131","clark_r8",131,8,"01","03","SN","01","8","R8_CEQN","validation","TREEVOLUME_FIXTURES/clark_identifiers.csv","38548071d5aa652bb90c7f111f86b427f798a1c9"
"818CLKE132","clark_r8",132,8,"01","03","SN","01","8","R8_CEQN","validation","TREEVOLUME_FIXTURES/clark_identifiers.csv","38548071d5aa652bb90c7f111f86b427f798a1c9"
"818CLKE197","clark_r8",197,8,"01","03","SN","01","8","R8_CEQN","validation","TREEVOLUME_FIXTURES/clark_identifiers.csv","38548071d5aa652bb90c7f111f86b427f798a1c9"
"818CLKE221","clark_r8",221,8,"01","03","SN","01","8","R8_CEQN","validation","TREEVOLUME_FIXTURES/clark_identifiers.csv","38548071d5aa652bb90c7f111f86b427f798a1c9"
"818CLKE222","clark_r8",222,8,"01","03","SN","01","8","R8_CEQN","validation","TREEVOLUME_FIXTURES/clark_identifiers.csv","38548071d5aa652bb90c7f111f86b427f798a1c9"
"818CLKE261","clark_r8",261,8,"01","03","SN","01","8","R8_CEQN","validation","TREEVOLUME_FIXTURES/clark_identifiers.csv","38548071d5aa652bb90c7f111f86b427f798a1c9"
"818CLKE300","clark_r8",300,8,"01","03","SN","01","8","R8_CEQN","validation","TREEVOLUME_FIXTURES/clark_identifiers.csv","38548071d5aa652bb90c7f111f86b427f798a1c9"
"818CLKE313","clark_r8",313,8,"01","03","SN","01","8","R8_CEQN","validation","TREEVOLUME_FIXTURES/clark_identifiers.csv","38548071d5aa652bb90c7f111f86b427f798a1c9"
"818CLKE314","clark_r8",314,8,"01","03","SN","01","8","R8_CEQN","validation","TREEVOLUME_FIXTURES/clark_identifiers.csv","38548071d5aa652bb90c7f111f86b427f798a1c9"
"818CLKE316","clark_r8",316,8,"01","03","SN","01","8","R8_CEQN","validation","TREEVOLUME_FIXTURES/clark_identifiers.csv","38548071d5aa652bb90c7f111f86b427f798a1c9"
"818CLKE317","clark_r8",317,8,"01","03","SN","01","8","R8_CEQN","validation","TREEVOLUME_FIXTURES/clark_identifiers.csv","38548071d5aa652bb90c7f111f86b427f798a1c9"
"818CLKE318","clark_r8",318,8,"01","03","SN","01","8","R8_CEQN","validation","TREEVOLUME_FIXTURES/clark_identifiers.csv","38548071d5aa652bb90c7f111f86b427f798a1c9"
"818CLKE330","clark_r8",330,8,"01","03","SN","01","8","R8_CEQN","validation","TREEVOLUME_FIXTURES/clark_identifiers.csv","38548071d5aa652bb90c7f111f86b427f798a1c9"
"818CLKE370","clark_r8",370,8,"01","03","SN","01","8","R8_CEQN","validation","TREEVOLUME_FIXTURES/clark_identifiers.csv","38548071d5aa652bb90c7f111f86b427f798a1c9"
"818CLKE400","clark_r8",400,8,"01","03","SN","01","8","R8_CEQN","validation","TREEVOLUME_FIXTURES/clark_identifiers.csv","38548071d5aa652bb90c7f111f86b427f798a1c9"
"818CLKE404","clark_r8",404,8,"01","03","SN","01","8","R8_CEQN","validation","TREEVOLUME_FIXTURES/clark_identifiers.csv","38548071d5aa652bb90c7f111f86b427f798a1c9"
"818CLKE460","clark_r8",460,8,"01","03","SN","01","8","R8_CEQN","validation","TREEVOLUME_FIXTURES/clark_identifiers.csv","38548071d5aa652bb90c7f111f86b427f798a1c9"
"818CLKE500","clark_r8",500,8,"01","03","SN","01","8","R8_CEQN","validation","TREEVOLUME_FIXTURES/clark_identifiers.csv","38548071d5aa652bb90c7f111f86b427f798a1c9"
"818CLKE521","clark_r8",521,8,"01","03","SN","01","8","R8_CEQN","validation","TREEVOLUME_FIXTURES/clark_identifiers.csv","38548071d5aa652bb90c7f111f86b427f798a1c9"
"818CLKE531","clark_r8",531,8,"01","03","SN","01","8","R8_CEQN","validation","TREEVOLUME_FIXTURES/clark_identifiers.csv","38548071d5aa652bb90c7f111f86b427f798a1c9"
"818CLKE541","clark_r8",541,8,"01","03","SN","01","8","R8_CEQN","validation","TREEVOLUME_FIXTURES/clark_identifiers.csv","38548071d5aa652bb90c7f111f86b427f798a1c9"
"818CLKE544","clark_r8",544,8,"01","03","SN","01","8","R8_CEQN","validation","TREEVOLUME_FIXTURES/clark_identifiers.csv","38548071d5aa652bb90c7f111f86b427f798a1c9"
"818CLKE545","clark_r8",545,8,"01","03","SN","01","8","R8_CEQN","validation","TREEVOLUME_FIXTURES/clark_identifiers.csv","38548071d5aa652bb90c7f111f86b427f798a1c9"
"818CLKE546","clark_r8",546,8,"01","03","SN","01","8","R8_CEQN","validation","TREEVOLUME_FIXTURES/clark_identifiers.csv","38548071d5aa652bb90c7f111f86b427f798a1c9"
"818CLKE550","clark_r8",550,8,"01","03","SN","01","8","R8_CEQN","validation","TREEVOLUME_FIXTURES/clark_identifiers.csv","38548071d5aa652bb90c7f111f86b427f798a1c9"
"818CLKE580","clark_r8",580,8,"01","03","SN","01","8","R8_CEQN","validation","TREEVOLUME_FIXTURES/clark_identifiers.csv","38548071d5aa652bb90c7f111f86b427f798a1c9"
"818CLKE601","clark_r8",601,8,"01","03","SN","01","8","R8_CEQN","validation","TREEVOLUME_FIXTURES/clark_identifiers.csv","38548071d5aa652bb90c7f111f86b427f798a1c9"
"818CLKE602","clark_r8",602,8,"01","03","SN","01","8","R8_CEQN","validation","TREEVOLUME_FIXTURES/clark_identifiers.csv","38548071d5aa652bb90c7f111f86b427f798a1c9"
"818CLKE611","clark_r8",611,8,"01","03","SN","01","8","R8_CEQN","validation","TREEVOLUME_FIXTURES/clark_identifiers.csv","38548071d5aa652bb90c7f111f86b427f798a1c9"
"818CLKE621","clark_r8",621,8,"01","03","SN","01","8","R8_CEQN","validation","TREEVOLUME_FIXTURES/clark_identifiers.csv","38548071d5aa652bb90c7f111f86b427f798a1c9"
"818CLKE650","clark_r8",650,8,"01","03","SN","01","8","R8_CEQN","validation","TREEVOLUME_FIXTURES/clark_identifiers.csv","38548071d5aa652bb90c7f111f86b427f798a1c9"
"818CLKE651","clark_r8",651,8,"01","03","SN","01","8","R8_CEQN","validation","TREEVOLUME_FIXTURES/clark_identifiers.csv","38548071d5aa652bb90c7f111f86b427f798a1c9"
"818CLKE652","clark_r8",652,8,"01","03","SN","01","8","R8_CEQN","validation","TREEVOLUME_FIXTURES/clark_identifiers.csv","38548071d5aa652bb90c7f111f86b427f798a1c9"
"818CLKE653","clark_r8",653,8,"01","03","SN","01","8","R8_CEQN","validation","TREEVOLUME_FIXTURES/clark_identifiers.csv","38548071d5aa652bb90c7f111f86b427f798a1c9"
"818CLKE691","clark_r8",691,8,"01","03","SN","01","8","R8_CEQN","validation","TREEVOLUME_FIXTURES/clark_identifiers.csv","38548071d5aa652bb90c7f111f86b427f798a1c9"
"818CLKE693","clark_r8",693,8,"01","03","SN","01","8","R8_CEQN","validation","TREEVOLUME_FIXTURES/clark_identifiers.csv","38548071d5aa652bb90c7f111f86b427f798a1c9"
"818CLKE694","clark_r8",694,8,"01","03","SN","01","8","R8_CEQN","validation","TREEVOLUME_FIXTURES/clark_identifiers.csv","38548071d5aa652bb90c7f111f86b427f798a1c9"
"818CLKE711","clark_r8",711,8,"01","03","SN","01","8","R8_CEQN","validation","TREEVOLUME_FIXTURES/clark_identifiers.csv","38548071d5aa652bb90c7f111f86b427f798a1c9"
"818CLKE731","clark_r8",731,8,"01","03","SN","01","8","R8_CEQN","validation","TREEVOLUME_FIXTURES/clark_identifiers.csv","38548071d5aa652bb90c7f111f86b427f798a1c9"
"818CLKE742","clark_r8",742,8,"01","03","SN","01","8","R8_CEQN","validation","TREEVOLUME_FIXTURES/clark_identifiers.csv","38548071d5aa652bb90c7f111f86b427f798a1c9"
"818CLKE762","clark_r8",762,8,"01","03","SN","01","8","R8_CEQN","validation","TREEVOLUME_FIXTURES/clark_identifiers.csv","38548071d5aa652bb90c7f111f86b427f798a1c9"
"818CLKE800","clark_r8",800,8,"01","03","SN","01","8","R8_CEQN","validation","TREEVOLUME_FIXTURES/clark_identifiers.csv","38548071d5aa652bb90c7f111f86b427f798a1c9"
"818CLKE802","clark_r8",802,8,"01","03","SN","01","8","R8_CEQN","validation","TREEVOLUME_FIXTURES/clark_identifiers.csv","38548071d5aa652bb90c7f111f86b427f798a1c9"
"818CLKE804","clark_r8",804,8,"01","03","SN","01","8","R8_CEQN","validation","TREEVOLUME_FIXTURES/clark_identifiers.csv","38548071d5aa652bb90c7f111f86b427f798a1c9"
"818CLKE806","clark_r8",806,8,"01","03","SN","01","8","R8_CEQN","validation","TREEVOLUME_FIXTURES/clark_identifiers.csv","38548071d5aa652bb90c7f111f86b427f798a1c9"
"818CLKE812","clark_r8",812,8,"01","03","SN","01","8","R8_CEQN","validation","TREEVOLUME_FIXTURES/clark_identifiers.csv","38548071d5aa652bb90c7f111f86b427f798a1c9"
"818CLKE813","clark_r8",813,8,"01","03","SN","01","8","R8_CEQN","validation","TREEVOLUME_FIXTURES/clark_identifiers.csv","38548071d5aa652bb90c7f111f86b427f798a1c9"
"818CLKE817","clark_r8",817,8,"01","03","SN","01","8","R8_CEQN","validation","TREEVOLUME_FIXTURES/clark_identifiers.csv","38548071d5aa652bb90c7f111f86b427f798a1c9"
"818CLKE820","clark_r8",820,8,"01","03","SN","01","8","R8_CEQN","validation","TREEVOLUME_FIXTURES/clark_identifiers.csv","38548071d5aa652bb90c7f111f86b427f798a1c9"
"818CLKE822","clark_r8",822,8,"01","03","SN","01","8","R8_CEQN","validation","TREEVOLUME_FIXTURES/clark_identifiers.csv","38548071d5aa652bb90c7f111f86b427f798a1c9"
"818CLKE823","clark_r8",823,8,"01","03","SN","01","8","R8_CEQN","validation","TREEVOLUME_FIXTURES/clark_identifiers.csv","38548071d5aa652bb90c7f111f86b427f798a1c9"
"818CLKE825","clark_r8",825,8,"01","03","SN","01","8","R8_CEQN","validation","TREEVOLUME_FIXTURES/clark_identifiers.csv","38548071d5aa652bb90c7f111f86b427f798a1c9"
"818CLKE826","clark_r8",826,8,"01","03","SN","01","8","R8_CEQN","validation","TREEVOLUME_FIXTURES/clark_identifiers.csv","38548071d5aa652bb90c7f111f86b427f798a1c9"
"818CLKE827","clark_r8",827,8,"01","03","SN","01","8","R8_CEQN","validation","TREEVOLUME_FIXTURES/clark_identifiers.csv","38548071d5aa652bb90c7f111f86b427f798a1c9"
"818CLKE828","clark_r8",828,8,"01","03","SN","01","8","R8_CEQN","validation","TREEVOLUME_FIXTURES/clark_identifiers.csv","38548071d5aa652bb90c7f111f86b427f798a1c9"
"818CLKE830","clark_r8",830,8,"01","03","SN","01","8","R8_CEQN","validation","TREEVOLUME_FIXTURES/clark_identifiers.csv","38548071d5aa652bb90c7f111f86b427f798a1c9"
"818CLKE831","clark_r8",831,8,"01","03","SN","01","8","R8_CEQN","validation","TREEVOLUME_FIXTURES/clark_identifiers.csv","38548071d5aa652bb90c7f111f86b427f798a1c9"
"818CLKE832","clark_r8",832,8,"01","03","SN","01","8","R8_CEQN","validation","TREEVOLUME_FIXTURES/clark_identifiers.csv","38548071d5aa652bb90c7f111f86b427f798a1c9"
"818CLKE833","clark_r8",833,8,"01","03","SN","01","8","R8_CEQN","validation","TREEVOLUME_FIXTURES/clark_identifiers.csv","38548071d5aa652bb90c7f111f86b427f798a1c9"
"818CLKE834","clark_r8",834,8,"01","03","SN","01","8","R8_CEQN","validation","TREEVOLUME_FIXTURES/clark_identifiers.csv","38548071d5aa652bb90c7f111f86b427f798a1c9"
"818CLKE835","clark_r8",835,8,"01","03","SN","01","8","R8_CEQN","validation","TREEVOLUME_FIXTURES/clark_identifiers.csv","38548071d5aa652bb90c7f111f86b427f798a1c9"
"818CLKE837","clark_r8",837,8,"01","03","SN","01","8","R8_CEQN","validation","TREEVOLUME_FIXTURES/clark_identifiers.csv","38548071d5aa652bb90c7f111f86b427f798a1c9"
"818CLKE901","clark_r8",901,8,"01","03","SN","01","8","R8_CEQN","validation","TREEVOLUME_FIXTURES/clark_identifiers.csv","38548071d5aa652bb90c7f111f86b427f798a1c9"
"818CLKE920","clark_r8",920,8,"01","03","SN","01","8","R8_CEQN","validation","TREEVOLUME_FIXTURES/clark_identifiers.csv","38548071d5aa652bb90c7f111f86b427f798a1c9"
"818CLKE930","clark_r8",930,8,"01","03","SN","01","8","R8_CEQN","validation","TREEVOLUME_FIXTURES/clark_identifiers.csv","38548071d5aa652bb90c7f111f86b427f798a1c9"
"818CLKE950","clark_r8",950,8,"01","03","SN","01","8","R8_CEQN","validation","TREEVOLUME_FIXTURES/clark_identifiers.csv","38548071d5aa652bb90c7f111f86b427f798a1c9"
"818CLKE970","clark_r8",970,8,"01","03","SN","01","8","R8_CEQN","validation","TREEVOLUME_FIXTURES/clark_identifiers.csv","38548071d5aa652bb90c7f111f86b427f798a1c9"
"819CLKE100","clark_r8",100,8,"01","03","SN","01","9","R8_CEQN","validation","TREEVOLUME_FIXTURES/clark_identifiers.csv","38548071d5aa652bb90c7f111f86b427f798a1c9"
"819CLKE107","clark_r8",107,8,"01","03","SN","01","9","R8_CEQN","validation","TREEVOLUME_FIXTURES/clark_identifiers.csv","38548071d5aa652bb90c7f111f86b427f798a1c9"
"819CLKE110","clark_r8",110,8,"01","03","SN","01","9","R8_CEQN","validation","TREEVOLUME_FIXTURES/clark_identifiers.csv","38548071d5aa652bb90c7f111f86b427f798a1c9"
"819CLKE111","clark_r8",111,8,"01","03","SN","01","9","R8_CEQN","validation","TREEVOLUME_FIXTURES/clark_identifiers.csv","38548071d5aa652bb90c7f111f86b427f798a1c9"
"819CLKE115","clark_r8",115,8,"01","03","SN","01","9","R8_CEQN","validation","TREEVOLUME_FIXTURES/clark_identifiers.csv","38548071d5aa652bb90c7f111f86b427f798a1c9"
"819CLKE121","clark_r8",121,8,"01","03","SN","01","9","R8_CEQN","validation","TREEVOLUME_FIXTURES/clark_identifiers.csv","38548071d5aa652bb90c7f111f86b427f798a1c9"
"819CLKE123","clark_r8",123,8,"01","03","SN","01","9","R8_CEQN","validation","TREEVOLUME_FIXTURES/clark_identifiers.csv","38548071d5aa652bb90c7f111f86b427f798a1c9"
"819CLKE126","clark_r8",126,8,"01","03","SN","01","9","R8_CEQN","validation","TREEVOLUME_FIXTURES/clark_identifiers.csv","38548071d5aa652bb90c7f111f86b427f798a1c9"
"819CLKE128","clark_r8",128,8,"01","03","SN","01","9","R8_CEQN","validation","TREEVOLUME_FIXTURES/clark_identifiers.csv","38548071d5aa652bb90c7f111f86b427f798a1c9"
"819CLKE129","clark_r8",129,8,"01","03","SN","01","9","R8_CEQN","validation","TREEVOLUME_FIXTURES/clark_identifiers.csv","38548071d5aa652bb90c7f111f86b427f798a1c9"
"819CLKE131","clark_r8",131,8,"01","03","SN","01","9","R8_CEQN","validation","TREEVOLUME_FIXTURES/clark_identifiers.csv","38548071d5aa652bb90c7f111f86b427f798a1c9"
"819CLKE132","clark_r8",132,8,"01","03","SN","01","9","R8_CEQN","validation","TREEVOLUME_FIXTURES/clark_identifiers.csv","38548071d5aa652bb90c7f111f86b427f798a1c9"
"819CLKE197","clark_r8",197,8,"01","03","SN","01","9","R8_CEQN","validation","TREEVOLUME_FIXTURES/clark_identifiers.csv","38548071d5aa652bb90c7f111f86b427f798a1c9"
"819CLKE221","clark_r8",221,8,"01","03","SN","01","9","R8_CEQN","validation","TREEVOLUME_FIXTURES/clark_identifiers.csv","38548071d5aa652bb90c7f111f86b427f798a1c9"
"819CLKE222","clark_r8",222,8,"01","03","SN","01","9","R8_CEQN","validation","TREEVOLUME_FIXTURES/clark_identifiers.csv","38548071d5aa652bb90c7f111f86b427f798a1c9"
"819CLKE261","clark_r8",261,8,"01","03","SN","01","9","R8_CEQN","validation","TREEVOLUME_FIXTURES/clark_identifiers.csv","38548071d5aa652bb90c7f111f86b427f798a1c9"
"819CLKE300","clark_r8",300,8,"01","03","SN","01","9","R8_CEQN","validation","TREEVOLUME_FIXTURES/clark_identifiers.csv","38548071d5aa652bb90c7f111f86b427f798a1c9"
"819CLKE313","clark_r8",313,8,"01","03","SN","01","9","R8_CEQN","validation","TREEVOLUME_FIXTURES/clark_identifiers.csv","38548071d5aa652bb90c7f111f86b427f798a1c9"
"819CLKE314","clark_r8",314,8,"01","03","SN","01","9","R8_CEQN","validation","TREEVOLUME_FIXTURES/clark_identifiers.csv","38548071d5aa652bb90c7f111f86b427f798a1c9"
"819CLKE316","clark_r8",316,8,"01","03","SN","01","9","R8_CEQN","validation","TREEVOLUME_FIXTURES/clark_identifiers.csv","38548071d5aa652bb90c7f111f86b427f798a1c9"
"819CLKE317","clark_r8",317,8,"01","03","SN","01","9","R8_CEQN","validation","TREEVOLUME_FIXTURES/clark_identifiers.csv","38548071d5aa652bb90c7f111f86b427f798a1c9"
"819CLKE318","clark_r8",318,8,"01","03","SN","01","9","R8_CEQN","validation","TREEVOLUME_FIXTURES/clark_identifiers.csv","38548071d5aa652bb90c7f111f86b427f798a1c9"
"819CLKE330","clark_r8",330,8,"01","03","SN","01","9","R8_CEQN","validation","TREEVOLUME_FIXTURES/clark_identifiers.csv","38548071d5aa652bb90c7f111f86b427f798a1c9"
"819CLKE370","clark_r8",370,8,"01","03","SN","01","9","R8_CEQN","validation","TREEVOLUME_FIXTURES/clark_identifiers.csv","38548071d5aa652bb90c7f111f86b427f798a1c9"
"819CLKE400","clark_r8",400,8,"01","03","SN","01","9","R8_CEQN","validation","TREEVOLUME_FIXTURES/clark_identifiers.csv","38548071d5aa652bb90c7f111f86b427f798a1c9"
"819CLKE404","clark_r8",404,8,"01","03","SN","01","9","R8_CEQN","validation","TREEVOLUME_FIXTURES/clark_identifiers.csv","38548071d5aa652bb90c7f111f86b427f798a1c9"
"819CLKE460","clark_r8",460,8,"01","03","SN","01","9","R8_CEQN","validation","TREEVOLUME_FIXTURES/clark_identifiers.csv","38548071d5aa652bb90c7f111f86b427f798a1c9"
"819CLKE500","clark_r8",500,8,"01","03","SN","01","9","R8_CEQN","validation","TREEVOLUME_FIXTURES/clark_identifiers.csv","38548071d5aa652bb90c7f111f86b427f798a1c9"
"819CLKE521","clark_r8",521,8,"01","03","SN","01","9","R8_CEQN","validation","TREEVOLUME_FIXTURES/clark_identifiers.csv","38548071d5aa652bb90c7f111f86b427f798a1c9"
"819CLKE531","clark_r8",531,8,"01","03","SN","01","9","R8_CEQN","validation","TREEVOLUME_FIXTURES/clark_identifiers.csv","38548071d5aa652bb90c7f111f86b427f798a1c9"
"819CLKE541","clark_r8",541,8,"01","03","SN","01","9","R8_CEQN","validation","TREEVOLUME_FIXTURES/clark_identifiers.csv","38548071d5aa652bb90c7f111f86b427f798a1c9"
"819CLKE544","clark_r8",544,8,"01","03","SN","01","9","R8_CEQN","validation","TREEVOLUME_FIXTURES/clark_identifiers.csv","38548071d5aa652bb90c7f111f86b427f798a1c9"
"819CLKE545","clark_r8",545,8,"01","03","SN","01","9","R8_CEQN","validation","TREEVOLUME_FIXTURES/clark_identifiers.csv","38548071d5aa652bb90c7f111f86b427f798a1c9"
"819CLKE546","clark_r8",546,8,"01","03","SN","01","9","R8_CEQN","validation","TREEVOLUME_FIXTURES/clark_identifiers.csv","38548071d5aa652bb90c7f111f86b427f798a1c9"
"819CLKE550","clark_r8",550,8,"01","03","SN","01","9","R8_CEQN","validation","TREEVOLUME_FIXTURES/clark_identifiers.csv","38548071d5aa652bb90c7f111f86b427f798a1c9"
"819CLKE580","clark_r8",580,8,"01","03","SN","01","9","R8_CEQN","validation","TREEVOLUME_FIXTURES/clark_identifiers.csv","38548071d5aa652bb90c7f111f86b427f798a1c9"
"819CLKE601","clark_r8",601,8,"01","03","SN","01","9","R8_CEQN","validation","TREEVOLUME_FIXTURES/clark_identifiers.csv","38548071d5aa652bb90c7f111f86b427f798a1c9"
"819CLKE602","clark_r8",602,8,"01","03","SN","01","9","R8_CEQN","validation","TREEVOLUME_FIXTURES/clark_identifiers.csv","38548071d5aa652bb90c7f111f86b427f798a1c9"
"819CLKE611","clark_r8",611,8,"01","03","SN","01","9","R8_CEQN","validation","TREEVOLUME_FIXTURES/clark_identifiers.csv","38548071d5aa652bb90c7f111f86b427f798a1c9"
"819CLKE621","clark_r8",621,8,"01","03","SN","01","9","R8_CEQN","validation","TREEVOLUME_FIXTURES/clark_identifiers.csv","38548071d5aa652bb90c7f111f86b427f798a1c9"
"819CLKE650","clark_r8",650,8,"01","03","SN","01","9","R8_CEQN","validation","TREEVOLUME_FIXTURES/clark_identifiers.csv","38548071d5aa652bb90c7f111f86b427f798a1c9"
"819CLKE651","clark_r8",651,8,"01","03","SN","01","9","R8_CEQN","validation","TREEVOLUME_FIXTURES/clark_identifiers.csv","38548071d5aa652bb90c7f111f86b427f798a1c9"
"819CLKE652","clark_r8",652,8,"01","03","SN","01","9","R8_CEQN","validation","TREEVOLUME_FIXTURES/clark_identifiers.csv","38548071d5aa652bb90c7f111f86b427f798a1c9"
"819CLKE653","clark_r8",653,8,"01","03","SN","01","9","R8_CEQN","validation","TREEVOLUME_FIXTURES/clark_identifiers.csv","38548071d5aa652bb90c7f111f86b427f798a1c9"
"819CLKE691","clark_r8",691,8,"01","03","SN","01","9","R8_CEQN","validation","TREEVOLUME_FIXTURES/clark_identifiers.csv","38548071d5aa652bb90c7f111f86b427f798a1c9"
"819CLKE693","clark_r8",693,8,"01","03","SN","01","9","R8_CEQN","validation","TREEVOLUME_FIXTURES/clark_identifiers.csv","38548071d5aa652bb90c7f111f86b427f798a1c9"
"819CLKE694","clark_r8",694,8,"01","03","SN","01","9","R8_CEQN","validation","TREEVOLUME_FIXTURES/clark_identifiers.csv","38548071d5aa652bb90c7f111f86b427f798a1c9"
"819CLKE711","clark_r8",711,8,"01","03","SN","01","9","R8_CEQN","validation","TREEVOLUME_FIXTURES/clark_identifiers.csv","38548071d5aa652bb90c7f111f86b427f798a1c9"
"819CLKE731","clark_r8",731,8,"01","03","SN","01","9","R8_CEQN","validation","TREEVOLUME_FIXTURES/clark_identifiers.csv","38548071d5aa652bb90c7f111f86b427f798a1c9"
"819CLKE742","clark_r8",742,8,"01","03","SN","01","9","R8_CEQN","validation","TREEVOLUME_FIXTURES/clark_identifiers.csv","38548071d5aa652bb90c7f111f86b427f798a1c9"
"819CLKE762","clark_r8",762,8,"01","03","SN","01","9","R8_CEQN","validation","TREEVOLUME_FIXTURES/clark_identifiers.csv","38548071d5aa652bb90c7f111f86b427f798a1c9"
"819CLKE800","clark_r8",800,8,"01","03","SN","01","9","R8_CEQN","validation","TREEVOLUME_FIXTURES/clark_identifiers.csv","38548071d5aa652bb90c7f111f86b427f798a1c9"
"819CLKE802","clark_r8",802,8,"01","03","SN","01","9","R8_CEQN","validation","TREEVOLUME_FIXTURES/clark_identifiers.csv","38548071d5aa652bb90c7f111f86b427f798a1c9"
"819CLKE804","clark_r8",804,8,"01","03","SN","01","9","R8_CEQN","validation","TREEVOLUME_FIXTURES/clark_identifiers.csv","38548071d5aa652bb90c7f111f86b427f798a1c9"
"819CLKE806","clark_r8",806,8,"01","03","SN","01","9","R8_CEQN","validation","TREEVOLUME_FIXTURES/clark_identifiers.csv","38548071d5aa652bb90c7f111f86b427f798a1c9"
"819CLKE812","clark_r8",812,8,"01","03","SN","01","9","R8_CEQN","validation","TREEVOLUME_FIXTURES/clark_identifiers.csv","38548071d5aa652bb90c7f111f86b427f798a1c9"
"819CLKE813","clark_r8",813,8,"01","03","SN","01","9","R8_CEQN","validation","TREEVOLUME_FIXTURES/clark_identifiers.csv","38548071d5aa652bb90c7f111f86b427f798a1c9"
"819CLKE817","clark_r8",817,8,"01","03","SN","01","9","R8_CEQN","validation","TREEVOLUME_FIXTURES/clark_identifiers.csv","38548071d5aa652bb90c7f111f86b427f798a1c9"
"819CLKE820","clark_r8",820,8,"01","03","SN","01","9","R8_CEQN","validation","TREEVOLUME_FIXTURES/clark_identifiers.csv","38548071d5aa652bb90c7f111f86b427f798a1c9"
"819CLKE822","clark_r8",822,8,"01","03","SN","01","9","R8_CEQN","validation","TREEVOLUME_FIXTURES/clark_identifiers.csv","38548071d5aa652bb90c7f111f86b427f798a1c9"
"819CLKE823","clark_r8",823,8,"01","03","SN","01","9","R8_CEQN","validation","TREEVOLUME_FIXTURES/clark_identifiers.csv","38548071d5aa652bb90c7f111f86b427f798a1c9"
"819CLKE825","clark_r8",825,8,"01","03","SN","01","9","R8_CEQN","validation","TREEVOLUME_FIXTURES/clark_identifiers.csv","38548071d5aa652bb90c7f111f86b427f798a1c9"
"819CLKE826","clark_r8",826,8,"01","03","SN","01","9","R8_CEQN","validation","TREEVOLUME_FIXTURES/clark_identifiers.csv","38548071d5aa652bb90c7f111f86b427f798a1c9"
"819CLKE827","clark_r8",827,8,"01","03","SN","01","9","R8_CEQN","validation","TREEVOLUME_FIXTURES/clark_identifiers.csv","38548071d5aa652bb90c7f111f86b427f798a1c9"
"819CLKE828","clark_r8",828,8,"01","03","SN","01","9","R8_CEQN","validation","TREEVOLUME_FIXTURES/clark_identifiers.csv","38548071d5aa652bb90c7f111f86b427f798a1c9"
"819CLKE830","clark_r8",830,8,"01","03","SN","01","9","R8_CEQN","validation","TREEVOLUME_FIXTURES/clark_identifiers.csv","38548071d5aa652bb90c7f111f86b427f798a1c9"
"819CLKE831","clark_r8",831,8,"01","03","SN","01","9","R8_CEQN","validation","TREEVOLUME_FIXTURES/clark_identifiers.csv","38548071d5aa652bb90c7f111f86b427f798a1c9"
"819CLKE832","clark_r8",832,8,"01","03","SN","01","9","R8_CEQN","validation","TREEVOLUME_FIXTURES/clark_identifiers.csv","38548071d5aa652bb90c7f111f86b427f798a1c9"
"819CLKE833","clark_r8",833,8,"01","03","SN","01","9","R8_CEQN","validation","TREEVOLUME_FIXTURES/clark_identifiers.csv","38548071d5aa652bb90c7f111f86b427f798a1c9"
"819CLKE834","clark_r8",834,8,"01","03","SN","01","9","R8_CEQN","validation","TREEVOLUME_FIXTURES/clark_identifiers.csv","38548071d5aa652bb90c7f111f86b427f798a1c9"
"819CLKE835","clark_r8",835,8,"01","03","SN","01","9","R8_CEQN","validation","TREEVOLUME_FIXTURES/clark_identifiers.csv","38548071d5aa652bb90c7f111f86b427f798a1c9"
"819CLKE837","clark_r8",837,8,"01","03","SN","01","9","R8_CEQN","validation","TREEVOLUME_FIXTURES/clark_identifiers.csv","38548071d5aa652bb90c7f111f86b427f798a1c9"
"819CLKE901","clark_r8",901,8,"01","03","SN","01","9","R8_CEQN","validation","TREEVOLUME_FIXTURES/clark_identifiers.csv","38548071d5aa652bb90c7f111f86b427f798a1c9"
"819CLKE920","clark_r8",920,8,"01","03","SN","01","9","R8_CEQN","validation","TREEVOLUME_FIXTURES/clark_identifiers.csv","38548071d5aa652bb90c7f111f86b427f798a1c9"
"819CLKE930","clark_r8",930,8,"01","03","SN","01","9","R8_CEQN","validation","TREEVOLUME_FIXTURES/clark_identifiers.csv","38548071d5aa652bb90c7f111f86b427f798a1c9"
"819CLKE950","clark_r8",950,8,"01","03","SN","01","9","R8_CEQN","validation","TREEVOLUME_FIXTURES/clark_identifiers.csv","38548071d5aa652bb90c7f111f86b427f798a1c9"
"819CLKE970","clark_r8",970,8,"01","03","SN","01","9","R8_CEQN","validation","TREEVOLUME_FIXTURES/clark_identifiers.csv","38548071d5aa652bb90c7f111f86b427f798a1c9"
"824CLKE100","clark_r8",100,8,"03","08","SN","01","4","R8_CEQN","validation","TREEVOLUME_FIXTURES/clark_identifiers.csv","38548071d5aa652bb90c7f111f86b427f798a1c9"
"824CLKE107","clark_r8",107,8,"03","08","SN","01","4","R8_CEQN","validation","TREEVOLUME_FIXTURES/clark_identifiers.csv","38548071d5aa652bb90c7f111f86b427f798a1c9"
"824CLKE110","clark_r8",110,8,"03","08","SN","01","4","R8_CEQN","validation","TREEVOLUME_FIXTURES/clark_identifiers.csv","38548071d5aa652bb90c7f111f86b427f798a1c9"
"824CLKE111","clark_r8",111,8,"03","08","SN","01","4","R8_CEQN","validation","TREEVOLUME_FIXTURES/clark_identifiers.csv","38548071d5aa652bb90c7f111f86b427f798a1c9"
"824CLKE115","clark_r8",115,8,"03","08","SN","01","4","R8_CEQN","validation","TREEVOLUME_FIXTURES/clark_identifiers.csv","38548071d5aa652bb90c7f111f86b427f798a1c9"
"824CLKE121","clark_r8",121,8,"03","08","SN","01","4","R8_CEQN","validation","TREEVOLUME_FIXTURES/clark_identifiers.csv","38548071d5aa652bb90c7f111f86b427f798a1c9"
"824CLKE123","clark_r8",123,8,"03","08","SN","01","4","R8_CEQN","validation","TREEVOLUME_FIXTURES/clark_identifiers.csv","38548071d5aa652bb90c7f111f86b427f798a1c9"
"824CLKE126","clark_r8",126,8,"03","08","SN","01","4","R8_CEQN","validation","TREEVOLUME_FIXTURES/clark_identifiers.csv","38548071d5aa652bb90c7f111f86b427f798a1c9"
"824CLKE128","clark_r8",128,8,"03","08","SN","01","4","R8_CEQN","validation","TREEVOLUME_FIXTURES/clark_identifiers.csv","38548071d5aa652bb90c7f111f86b427f798a1c9"
"824CLKE129","clark_r8",129,8,"03","08","SN","01","4","R8_CEQN","validation","TREEVOLUME_FIXTURES/clark_identifiers.csv","38548071d5aa652bb90c7f111f86b427f798a1c9"
"824CLKE131","clark_r8",131,8,"03","08","SN","01","4","R8_CEQN","validation","TREEVOLUME_FIXTURES/clark_identifiers.csv","38548071d5aa652bb90c7f111f86b427f798a1c9"
"824CLKE132","clark_r8",132,8,"03","08","SN","01","4","R8_CEQN","validation","TREEVOLUME_FIXTURES/clark_identifiers.csv","38548071d5aa652bb90c7f111f86b427f798a1c9"
"824CLKE197","clark_r8",197,8,"03","08","SN","01","4","R8_CEQN","validation","TREEVOLUME_FIXTURES/clark_identifiers.csv","38548071d5aa652bb90c7f111f86b427f798a1c9"
"824CLKE221","clark_r8",221,8,"03","08","SN","01","4","R8_CEQN","validation","TREEVOLUME_FIXTURES/clark_identifiers.csv","38548071d5aa652bb90c7f111f86b427f798a1c9"
"824CLKE222","clark_r8",222,8,"03","08","SN","01","4","R8_CEQN","validation","TREEVOLUME_FIXTURES/clark_identifiers.csv","38548071d5aa652bb90c7f111f86b427f798a1c9"
"824CLKE261","clark_r8",261,8,"03","08","SN","01","4","R8_CEQN","validation","TREEVOLUME_FIXTURES/clark_identifiers.csv","38548071d5aa652bb90c7f111f86b427f798a1c9"
"824CLKE300","clark_r8",300,8,"03","08","SN","01","4","R8_CEQN","validation","TREEVOLUME_FIXTURES/clark_identifiers.csv","38548071d5aa652bb90c7f111f86b427f798a1c9"
"824CLKE313","clark_r8",313,8,"03","08","SN","01","4","R8_CEQN","validation","TREEVOLUME_FIXTURES/clark_identifiers.csv","38548071d5aa652bb90c7f111f86b427f798a1c9"
"824CLKE314","clark_r8",314,8,"03","08","SN","01","4","R8_CEQN","validation","TREEVOLUME_FIXTURES/clark_identifiers.csv","38548071d5aa652bb90c7f111f86b427f798a1c9"
"824CLKE316","clark_r8",316,8,"03","08","SN","01","4","R8_CEQN","validation","TREEVOLUME_FIXTURES/clark_identifiers.csv","38548071d5aa652bb90c7f111f86b427f798a1c9"
"824CLKE317","clark_r8",317,8,"03","08","SN","01","4","R8_CEQN","validation","TREEVOLUME_FIXTURES/clark_identifiers.csv","38548071d5aa652bb90c7f111f86b427f798a1c9"
"824CLKE318","clark_r8",318,8,"03","08","SN","01","4","R8_CEQN","validation","TREEVOLUME_FIXTURES/clark_identifiers.csv","38548071d5aa652bb90c7f111f86b427f798a1c9"
"824CLKE330","clark_r8",330,8,"03","08","SN","01","4","R8_CEQN","validation","TREEVOLUME_FIXTURES/clark_identifiers.csv","38548071d5aa652bb90c7f111f86b427f798a1c9"
"824CLKE370","clark_r8",370,8,"03","08","SN","01","4","R8_CEQN","validation","TREEVOLUME_FIXTURES/clark_identifiers.csv","38548071d5aa652bb90c7f111f86b427f798a1c9"
"824CLKE400","clark_r8",400,8,"03","08","SN","01","4","R8_CEQN","validation","TREEVOLUME_FIXTURES/clark_identifiers.csv","38548071d5aa652bb90c7f111f86b427f798a1c9"
"824CLKE404","clark_r8",404,8,"03","08","SN","01","4","R8_CEQN","validation","TREEVOLUME_FIXTURES/clark_identifiers.csv","38548071d5aa652bb90c7f111f86b427f798a1c9"
"824CLKE460","clark_r8",460,8,"03","08","SN","01","4","R8_CEQN","validation","TREEVOLUME_FIXTURES/clark_identifiers.csv","38548071d5aa652bb90c7f111f86b427f798a1c9"
"824CLKE500","clark_r8",500,8,"03","08","SN","01","4","R8_CEQN","validation","TREEVOLUME_FIXTURES/clark_identifiers.csv","38548071d5aa652bb90c7f111f86b427f798a1c9"
"824CLKE521","clark_r8",521,8,"03","08","SN","01","4","R8_CEQN","validation","TREEVOLUME_FIXTURES/clark_identifiers.csv","38548071d5aa652bb90c7f111f86b427f798a1c9"
"824CLKE531","clark_r8",531,8,"03","08","SN","01","4","R8_CEQN","validation","TREEVOLUME_FIXTURES/clark_identifiers.csv","38548071d5aa652bb90c7f111f86b427f798a1c9"
"824CLKE541","clark_r8",541,8,"03","08","SN","01","4","R8_CEQN","validation","TREEVOLUME_FIXTURES/clark_identifiers.csv","38548071d5aa652bb90c7f111f86b427f798a1c9"
"824CLKE544","clark_r8",544,8,"03","08","SN","01","4","R8_CEQN","validation","TREEVOLUME_FIXTURES/clark_identifiers.csv","38548071d5aa652bb90c7f111f86b427f798a1c9"
"824CLKE545","clark_r8",545,8,"03","08","SN","01","4","R8_CEQN","validation","TREEVOLUME_FIXTURES/clark_identifiers.csv","38548071d5aa652bb90c7f111f86b427f798a1c9"
"824CLKE546","clark_r8",546,8,"03","08","SN","01","4","R8_CEQN","validation","TREEVOLUME_FIXTURES/clark_identifiers.csv","38548071d5aa652bb90c7f111f86b427f798a1c9"
"824CLKE550","clark_r8",550,8,"03","08","SN","01","4","R8_CEQN","validation","TREEVOLUME_FIXTURES/clark_identifiers.csv","38548071d5aa652bb90c7f111f86b427f798a1c9"
"824CLKE580","clark_r8",580,8,"03","08","SN","01","4","R8_CEQN","validation","TREEVOLUME_FIXTURES/clark_identifiers.csv","38548071d5aa652bb90c7f111f86b427f798a1c9"
"824CLKE601","clark_r8",601,8,"03","08","SN","01","4","R8_CEQN","validation","TREEVOLUME_FIXTURES/clark_identifiers.csv","38548071d5aa652bb90c7f111f86b427f798a1c9"
"824CLKE602","clark_r8",602,8,"03","08","SN","01","4","R8_CEQN","validation","TREEVOLUME_FIXTURES/clark_identifiers.csv","38548071d5aa652bb90c7f111f86b427f798a1c9"
"824CLKE611","clark_r8",611,8,"03","08","SN","01","4","R8_CEQN","validation","TREEVOLUME_FIXTURES/clark_identifiers.csv","38548071d5aa652bb90c7f111f86b427f798a1c9"
"824CLKE621","clark_r8",621,8,"03","08","SN","01","4","R8_CEQN","validation","TREEVOLUME_FIXTURES/clark_identifiers.csv","38548071d5aa652bb90c7f111f86b427f798a1c9"
"824CLKE650","clark_r8",650,8,"03","08","SN","01","4","R8_CEQN","validation","TREEVOLUME_FIXTURES/clark_identifiers.csv","38548071d5aa652bb90c7f111f86b427f798a1c9"
"824CLKE651","clark_r8",651,8,"03","08","SN","01","4","R8_CEQN","validation","TREEVOLUME_FIXTURES/clark_identifiers.csv","38548071d5aa652bb90c7f111f86b427f798a1c9"
"824CLKE652","clark_r8",652,8,"03","08","SN","01","4","R8_CEQN","validation","TREEVOLUME_FIXTURES/clark_identifiers.csv","38548071d5aa652bb90c7f111f86b427f798a1c9"
"824CLKE653","clark_r8",653,8,"03","08","SN","01","4","R8_CEQN","validation","TREEVOLUME_FIXTURES/clark_identifiers.csv","38548071d5aa652bb90c7f111f86b427f798a1c9"
"824CLKE691","clark_r8",691,8,"03","08","SN","01","4","R8_CEQN","validation","TREEVOLUME_FIXTURES/clark_identifiers.csv","38548071d5aa652bb90c7f111f86b427f798a1c9"
"824CLKE693","clark_r8",693,8,"03","08","SN","01","4","R8_CEQN","validation","TREEVOLUME_FIXTURES/clark_identifiers.csv","38548071d5aa652bb90c7f111f86b427f798a1c9"
"824CLKE694","clark_r8",694,8,"03","08","SN","01","4","R8_CEQN","validation","TREEVOLUME_FIXTURES/clark_identifiers.csv","38548071d5aa652bb90c7f111f86b427f798a1c9"
"824CLKE711","clark_r8",711,8,"03","08","SN","01","4","R8_CEQN","validation","TREEVOLUME_FIXTURES/clark_identifiers.csv","38548071d5aa652bb90c7f111f86b427f798a1c9"
"824CLKE731","clark_r8",731,8,"03","08","SN","01","4","R8_CEQN","validation","TREEVOLUME_FIXTURES/clark_identifiers.csv","38548071d5aa652bb90c7f111f86b427f798a1c9"
"824CLKE742","clark_r8",742,8,"03","08","SN","01","4","R8_CEQN","validation","TREEVOLUME_FIXTURES/clark_identifiers.csv","38548071d5aa652bb90c7f111f86b427f798a1c9"
"824CLKE762","clark_r8",762,8,"03","08","SN","01","4","R8_CEQN","validation","TREEVOLUME_FIXTURES/clark_identifiers.csv","38548071d5aa652bb90c7f111f86b427f798a1c9"
"824CLKE800","clark_r8",800,8,"03","08","SN","01","4","R8_CEQN","validation","TREEVOLUME_FIXTURES/clark_identifiers.csv","38548071d5aa652bb90c7f111f86b427f798a1c9"
"824CLKE802","clark_r8",802,8,"03","08","SN","01","4","R8_CEQN","validation","TREEVOLUME_FIXTURES/clark_identifiers.csv","38548071d5aa652bb90c7f111f86b427f798a1c9"
"824CLKE804","clark_r8",804,8,"03","08","SN","01","4","R8_CEQN","validation","TREEVOLUME_FIXTURES/clark_identifiers.csv","38548071d5aa652bb90c7f111f86b427f798a1c9"
"824CLKE806","clark_r8",806,8,"03","08","SN","01","4","R8_CEQN","validation","TREEVOLUME_FIXTURES/clark_identifiers.csv","38548071d5aa652bb90c7f111f86b427f798a1c9"
"824CLKE812","clark_r8",812,8,"03","08","SN","01","4","R8_CEQN","validation","TREEVOLUME_FIXTURES/clark_identifiers.csv","38548071d5aa652bb90c7f111f86b427f798a1c9"
"824CLKE813","clark_r8",813,8,"03","08","SN","01","4","R8_CEQN","validation","TREEVOLUME_FIXTURES/clark_identifiers.csv","38548071d5aa652bb90c7f111f86b427f798a1c9"
"824CLKE817","clark_r8",817,8,"03","08","SN","01","4","R8_CEQN","validation","TREEVOLUME_FIXTURES/clark_identifiers.csv","38548071d5aa652bb90c7f111f86b427f798a1c9"
"824CLKE820","clark_r8",820,8,"03","08","SN","01","4","R8_CEQN","validation","TREEVOLUME_FIXTURES/clark_identifiers.csv","38548071d5aa652bb90c7f111f86b427f798a1c9"
"824CLKE822","clark_r8",822,8,"03","08","SN","01","4","R8_CEQN","validation","TREEVOLUME_FIXTURES/clark_identifiers.csv","38548071d5aa652bb90c7f111f86b427f798a1c9"
"824CLKE823","clark_r8",823,8,"03","08","SN","01","4","R8_CEQN","validation","TREEVOLUME_FIXTURES/clark_identifiers.csv","38548071d5aa652bb90c7f111f86b427f798a1c9"
"824CLKE825","clark_r8",825,8,"03","08","SN","01","4","R8_CEQN","validation","TREEVOLUME_FIXTURES/clark_identifiers.csv","38548071d5aa652bb90c7f111f86b427f798a1c9"
"824CLKE826","clark_r8",826,8,"03","08","SN","01","4","R8_CEQN","validation","TREEVOLUME_FIXTURES/clark_identifiers.csv","38548071d5aa652bb90c7f111f86b427f798a1c9"
"824CLKE827","clark_r8",827,8,"03","08","SN","01","4","R8_CEQN","validation","TREEVOLUME_FIXTURES/clark_identifiers.csv","38548071d5aa652bb90c7f111f86b427f798a1c9"
"824CLKE828","clark_r8",828,8,"03","08","SN","01","4","R8_CEQN","validation","TREEVOLUME_FIXTURES/clark_identifiers.csv","38548071d5aa652bb90c7f111f86b427f798a1c9"
"824CLKE830","clark_r8",830,8,"03","08","SN","01","4","R8_CEQN","validation","TREEVOLUME_FIXTURES/clark_identifiers.csv","38548071d5aa652bb90c7f111f86b427f798a1c9"
"824CLKE831","clark_r8",831,8,"03","08","SN","01","4","R8_CEQN","validation","TREEVOLUME_FIXTURES/clark_identifiers.csv","38548071d5aa652bb90c7f111f86b427f798a1c9"
"824CLKE832","clark_r8",832,8,"03","08","SN","01","4","R8_CEQN","validation","TREEVOLUME_FIXTURES/clark_identifiers.csv","38548071d5aa652bb90c7f111f86b427f798a1c9"
"824CLKE833","clark_r8",833,8,"03","08","SN","01","4","R8_CEQN","validation","TREEVOLUME_FIXTURES/clark_identifiers.csv","38548071d5aa652bb90c7f111f86b427f798a1c9"
"824CLKE834","clark_r8",834,8,"03","08","SN","01","4","R8_CEQN","validation","TREEVOLUME_FIXTURES/clark_identifiers.csv","38548071d5aa652bb90c7f111f86b427f798a1c9"
"824CLKE835","clark_r8",835,8,"03","08","SN","01","4","R8_CEQN","validation","TREEVOLUME_FIXTURES/clark_identifiers.csv","38548071d5aa652bb90c7f111f86b427f798a1c9"
"824CLKE837","clark_r8",837,8,"03","08","SN","01","4","R8_CEQN","validation","TREEVOLUME_FIXTURES/clark_identifiers.csv","38548071d5aa652bb90c7f111f86b427f798a1c9"
"824CLKE901","clark_r8",901,8,"03","08","SN","01","4","R8_CEQN","validation","TREEVOLUME_FIXTURES/clark_identifiers.csv","38548071d5aa652bb90c7f111f86b427f798a1c9"
"824CLKE920","clark_r8",920,8,"03","08","SN","01","4","R8_CEQN","validation","TREEVOLUME_FIXTURES/clark_identifiers.csv","38548071d5aa652bb90c7f111f86b427f798a1c9"
"824CLKE930","clark_r8",930,8,"03","08","SN","01","4","R8_CEQN","validation","TREEVOLUME_FIXTURES/clark_identifiers.csv","38548071d5aa652bb90c7f111f86b427f798a1c9"
"824CLKE950","clark_r8",950,8,"03","08","SN","01","4","R8_CEQN","validation","TREEVOLUME_FIXTURES/clark_identifiers.csv","38548071d5aa652bb90c7f111f86b427f798a1c9"
"824CLKE970","clark_r8",970,8,"03","08","SN","01","4","R8_CEQN","validation","TREEVOLUME_FIXTURES/clark_identifiers.csv","38548071d5aa652bb90c7f111f86b427f798a1c9"
"827CLKE100","clark_r8",100,8,"03","08","SN","01","7","R8_CEQN","validation","TREEVOLUME_FIXTURES/clark_identifiers.csv","38548071d5aa652bb90c7f111f86b427f798a1c9"
"827CLKE107","clark_r8",107,8,"03","08","SN","01","7","R8_CEQN","validation","TREEVOLUME_FIXTURES/clark_identifiers.csv","38548071d5aa652bb90c7f111f86b427f798a1c9"
"827CLKE110","clark_r8",110,8,"03","08","SN","01","7","R8_CEQN","validation","TREEVOLUME_FIXTURES/clark_identifiers.csv","38548071d5aa652bb90c7f111f86b427f798a1c9"
"827CLKE111","clark_r8",111,8,"03","08","SN","01","7","R8_CEQN","validation","TREEVOLUME_FIXTURES/clark_identifiers.csv","38548071d5aa652bb90c7f111f86b427f798a1c9"
"827CLKE115","clark_r8",115,8,"03","08","SN","01","7","R8_CEQN","validation","TREEVOLUME_FIXTURES/clark_identifiers.csv","38548071d5aa652bb90c7f111f86b427f798a1c9"
"827CLKE121","clark_r8",121,8,"03","08","SN","01","7","R8_CEQN","validation","TREEVOLUME_FIXTURES/clark_identifiers.csv","38548071d5aa652bb90c7f111f86b427f798a1c9"
"827CLKE123","clark_r8",123,8,"03","08","SN","01","7","R8_CEQN","validation","TREEVOLUME_FIXTURES/clark_identifiers.csv","38548071d5aa652bb90c7f111f86b427f798a1c9"
"827CLKE126","clark_r8",126,8,"03","08","SN","01","7","R8_CEQN","validation","TREEVOLUME_FIXTURES/clark_identifiers.csv","38548071d5aa652bb90c7f111f86b427f798a1c9"
"827CLKE128","clark_r8",128,8,"03","08","SN","01","7","R8_CEQN","validation","TREEVOLUME_FIXTURES/clark_identifiers.csv","38548071d5aa652bb90c7f111f86b427f798a1c9"
"827CLKE129","clark_r8",129,8,"03","08","SN","01","7","R8_CEQN","validation","TREEVOLUME_FIXTURES/clark_identifiers.csv","38548071d5aa652bb90c7f111f86b427f798a1c9"
"827CLKE131","clark_r8",131,8,"03","08","SN","01","7","R8_CEQN","validation","TREEVOLUME_FIXTURES/clark_identifiers.csv","38548071d5aa652bb90c7f111f86b427f798a1c9"
"827CLKE132","clark_r8",132,8,"03","08","SN","01","7","R8_CEQN","validation","TREEVOLUME_FIXTURES/clark_identifiers.csv","38548071d5aa652bb90c7f111f86b427f798a1c9"
"827CLKE197","clark_r8",197,8,"03","08","SN","01","7","R8_CEQN","validation","TREEVOLUME_FIXTURES/clark_identifiers.csv","38548071d5aa652bb90c7f111f86b427f798a1c9"
"827CLKE221","clark_r8",221,8,"03","08","SN","01","7","R8_CEQN","validation","TREEVOLUME_FIXTURES/clark_identifiers.csv","38548071d5aa652bb90c7f111f86b427f798a1c9"
"827CLKE222","clark_r8",222,8,"03","08","SN","01","7","R8_CEQN","validation","TREEVOLUME_FIXTURES/clark_identifiers.csv","38548071d5aa652bb90c7f111f86b427f798a1c9"
"827CLKE261","clark_r8",261,8,"03","08","SN","01","7","R8_CEQN","validation","TREEVOLUME_FIXTURES/clark_identifiers.csv","38548071d5aa652bb90c7f111f86b427f798a1c9"
"827CLKE300","clark_r8",300,8,"03","08","SN","01","7","R8_CEQN","validation","TREEVOLUME_FIXTURES/clark_identifiers.csv","38548071d5aa652bb90c7f111f86b427f798a1c9"
"827CLKE313","clark_r8",313,8,"03","08","SN","01","7","R8_CEQN","validation","TREEVOLUME_FIXTURES/clark_identifiers.csv","38548071d5aa652bb90c7f111f86b427f798a1c9"
"827CLKE314","clark_r8",314,8,"03","08","SN","01","7","R8_CEQN","validation","TREEVOLUME_FIXTURES/clark_identifiers.csv","38548071d5aa652bb90c7f111f86b427f798a1c9"
"827CLKE316","clark_r8",316,8,"03","08","SN","01","7","R8_CEQN","validation","TREEVOLUME_FIXTURES/clark_identifiers.csv","38548071d5aa652bb90c7f111f86b427f798a1c9"
"827CLKE317","clark_r8",317,8,"03","08","SN","01","7","R8_CEQN","validation","TREEVOLUME_FIXTURES/clark_identifiers.csv","38548071d5aa652bb90c7f111f86b427f798a1c9"
"827CLKE318","clark_r8",318,8,"03","08","SN","01","7","R8_CEQN","validation","TREEVOLUME_FIXTURES/clark_identifiers.csv","38548071d5aa652bb90c7f111f86b427f798a1c9"
"827CLKE330","clark_r8",330,8,"03","08","SN","01","7","R8_CEQN","validation","TREEVOLUME_FIXTURES/clark_identifiers.csv","38548071d5aa652bb90c7f111f86b427f798a1c9"
"827CLKE370","clark_r8",370,8,"03","08","SN","01","7","R8_CEQN","validation","TREEVOLUME_FIXTURES/clark_identifiers.csv","38548071d5aa652bb90c7f111f86b427f798a1c9"
"827CLKE400","clark_r8",400,8,"03","08","SN","01","7","R8_CEQN","validation","TREEVOLUME_FIXTURES/clark_identifiers.csv","38548071d5aa652bb90c7f111f86b427f798a1c9"
"827CLKE404","clark_r8",404,8,"03","08","SN","01","7","R8_CEQN","validation","TREEVOLUME_FIXTURES/clark_identifiers.csv","38548071d5aa652bb90c7f111f86b427f798a1c9"
"827CLKE460","clark_r8",460,8,"03","08","SN","01","7","R8_CEQN","validation","TREEVOLUME_FIXTURES/clark_identifiers.csv","38548071d5aa652bb90c7f111f86b427f798a1c9"
"827CLKE500","clark_r8",500,8,"03","08","SN","01","7","R8_CEQN","validation","TREEVOLUME_FIXTURES/clark_identifiers.csv","38548071d5aa652bb90c7f111f86b427f798a1c9"
"827CLKE521","clark_r8",521,8,"03","08","SN","01","7","R8_CEQN","validation","TREEVOLUME_FIXTURES/clark_identifiers.csv","38548071d5aa652bb90c7f111f86b427f798a1c9"
"827CLKE531","clark_r8",531,8,"03","08","SN","01","7","R8_CEQN","validation","TREEVOLUME_FIXTURES/clark_identifiers.csv","38548071d5aa652bb90c7f111f86b427f798a1c9"
"827CLKE541","clark_r8",541,8,"03","08","SN","01","7","R8_CEQN","validation","TREEVOLUME_FIXTURES/clark_identifiers.csv","38548071d5aa652bb90c7f111f86b427f798a1c9"
"827CLKE544","clark_r8",544,8,"03","08","SN","01","7","R8_CEQN","validation","TREEVOLUME_FIXTURES/clark_identifiers.csv","38548071d5aa652bb90c7f111f86b427f798a1c9"
"827CLKE545","clark_r8",545,8,"03","08","SN","01","7","R8_CEQN","validation","TREEVOLUME_FIXTURES/clark_identifiers.csv","38548071d5aa652bb90c7f111f86b427f798a1c9"
"827CLKE546","clark_r8",546,8,"03","08","SN","01","7","R8_CEQN","validation","TREEVOLUME_FIXTURES/clark_identifiers.csv","38548071d5aa652bb90c7f111f86b427f798a1c9"
"827CLKE550","clark_r8",550,8,"03","08","SN","01","7","R8_CEQN","validation","TREEVOLUME_FIXTURES/clark_identifiers.csv","38548071d5aa652bb90c7f111f86b427f798a1c9"
"827CLKE580","clark_r8",580,8,"03","08","SN","01","7","R8_CEQN","validation","TREEVOLUME_FIXTURES/clark_identifiers.csv","38548071d5aa652bb90c7f111f86b427f798a1c9"
"827CLKE601","clark_r8",601,8,"03","08","SN","01","7","R8_CEQN","validation","TREEVOLUME_FIXTURES/clark_identifiers.csv","38548071d5aa652bb90c7f111f86b427f798a1c9"
"827CLKE602","clark_r8",602,8,"03","08","SN","01","7","R8_CEQN","validation","TREEVOLUME_FIXTURES/clark_identifiers.csv","38548071d5aa652bb90c7f111f86b427f798a1c9"
"827CLKE611","clark_r8",611,8,"03","08","SN","01","7","R8_CEQN","validation","TREEVOLUME_FIXTURES/clark_identifiers.csv","38548071d5aa652bb90c7f111f86b427f798a1c9"
"827CLKE621","clark_r8",621,8,"03","08","SN","01","7","R8_CEQN","validation","TREEVOLUME_FIXTURES/clark_identifiers.csv","38548071d5aa652bb90c7f111f86b427f798a1c9"
"827CLKE650","clark_r8",650,8,"03","08","SN","01","7","R8_CEQN","validation","TREEVOLUME_FIXTURES/clark_identifiers.csv","38548071d5aa652bb90c7f111f86b427f798a1c9"
"827CLKE651","clark_r8",651,8,"03","08","SN","01","7","R8_CEQN","validation","TREEVOLUME_FIXTURES/clark_identifiers.csv","38548071d5aa652bb90c7f111f86b427f798a1c9"
"827CLKE652","clark_r8",652,8,"03","08","SN","01","7","R8_CEQN","validation","TREEVOLUME_FIXTURES/clark_identifiers.csv","38548071d5aa652bb90c7f111f86b427f798a1c9"
"827CLKE653","clark_r8",653,8,"03","08","SN","01","7","R8_CEQN","validation","TREEVOLUME_FIXTURES/clark_identifiers.csv","38548071d5aa652bb90c7f111f86b427f798a1c9"
"827CLKE691","clark_r8",691,8,"03","08","SN","01","7","R8_CEQN","validation","TREEVOLUME_FIXTURES/clark_identifiers.csv","38548071d5aa652bb90c7f111f86b427f798a1c9"
"827CLKE693","clark_r8",693,8,"03","08","SN","01","7","R8_CEQN","validation","TREEVOLUME_FIXTURES/clark_identifiers.csv","38548071d5aa652bb90c7f111f86b427f798a1c9"
"827CLKE694","clark_r8",694,8,"03","08","SN","01","7","R8_CEQN","validation","TREEVOLUME_FIXTURES/clark_identifiers.csv","38548071d5aa652bb90c7f111f86b427f798a1c9"
"827CLKE711","clark_r8",711,8,"03","08","SN","01","7","R8_CEQN","validation","TREEVOLUME_FIXTURES/clark_identifiers.csv","38548071d5aa652bb90c7f111f86b427f798a1c9"
"827CLKE731","clark_r8",731,8,"03","08","SN","01","7","R8_CEQN","validation","TREEVOLUME_FIXTURES/clark_identifiers.csv","38548071d5aa652bb90c7f111f86b427f798a1c9"
"827CLKE742","clark_r8",742,8,"03","08","SN","01","7","R8_CEQN","validation","TREEVOLUME_FIXTURES/clark_identifiers.csv","38548071d5aa652bb90c7f111f86b427f798a1c9"
"827CLKE762","clark_r8",762,8,"03","08","SN","01","7","R8_CEQN","validation","TREEVOLUME_FIXTURES/clark_identifiers.csv","38548071d5aa652bb90c7f111f86b427f798a1c9"
"827CLKE800","clark_r8",800,8,"03","08","SN","01","7","R8_CEQN","validation","TREEVOLUME_FIXTURES/clark_identifiers.csv","38548071d5aa652bb90c7f111f86b427f798a1c9"
"827CLKE802","clark_r8",802,8,"03","08","SN","01","7","R8_CEQN","validation","TREEVOLUME_FIXTURES/clark_identifiers.csv","38548071d5aa652bb90c7f111f86b427f798a1c9"
"827CLKE804","clark_r8",804,8,"03","08","SN","01","7","R8_CEQN","validation","TREEVOLUME_FIXTURES/clark_identifiers.csv","38548071d5aa652bb90c7f111f86b427f798a1c9"
"827CLKE806","clark_r8",806,8,"03","08","SN","01","7","R8_CEQN","validation","TREEVOLUME_FIXTURES/clark_identifiers.csv","38548071d5aa652bb90c7f111f86b427f798a1c9"
"827CLKE812","clark_r8",812,8,"03","08","SN","01","7","R8_CEQN","validation","TREEVOLUME_FIXTURES/clark_identifiers.csv","38548071d5aa652bb90c7f111f86b427f798a1c9"
"827CLKE813","clark_r8",813,8,"03","08","SN","01","7","R8_CEQN","validation","TREEVOLUME_FIXTURES/clark_identifiers.csv","38548071d5aa652bb90c7f111f86b427f798a1c9"
"827CLKE817","clark_r8",817,8,"03","08","SN","01","7","R8_CEQN","validation","TREEVOLUME_FIXTURES/clark_identifiers.csv","38548071d5aa652bb90c7f111f86b427f798a1c9"
"827CLKE820","clark_r8",820,8,"03","08","SN","01","7","R8_CEQN","validation","TREEVOLUME_FIXTURES/clark_identifiers.csv","38548071d5aa652bb90c7f111f86b427f798a1c9"
"827CLKE822","clark_r8",822,8,"03","08","SN","01","7","R8_CEQN","validation","TREEVOLUME_FIXTURES/clark_identifiers.csv","38548071d5aa652bb90c7f111f86b427f798a1c9"
"827CLKE823","clark_r8",823,8,"03","08","SN","01","7","R8_CEQN","validation","TREEVOLUME_FIXTURES/clark_identifiers.csv","38548071d5aa652bb90c7f111f86b427f798a1c9"
"827CLKE825","clark_r8",825,8,"03","08","SN","01","7","R8_CEQN","validation","TREEVOLUME_FIXTURES/clark_identifiers.csv","38548071d5aa652bb90c7f111f86b427f798a1c9"
"827CLKE826","clark_r8",826,8,"03","08","SN","01","7","R8_CEQN","validation","TREEVOLUME_FIXTURES/clark_identifiers.csv","38548071d5aa652bb90c7f111f86b427f798a1c9"
"827CLKE827","clark_r8",827,8,"03","08","SN","01","7","R8_CEQN","validation","TREEVOLUME_FIXTURES/clark_identifiers.csv","38548071d5aa652bb90c7f111f86b427f798a1c9"
"827CLKE828","clark_r8",828,8,"03","08","SN","01","7","R8_CEQN","validation","TREEVOLUME_FIXTURES/clark_identifiers.csv","38548071d5aa652bb90c7f111f86b427f798a1c9"
"827CLKE830","clark_r8",830,8,"03","08","SN","01","7","R8_CEQN","validation","TREEVOLUME_FIXTURES/clark_identifiers.csv","38548071d5aa652bb90c7f111f86b427f798a1c9"
"827CLKE831","clark_r8",831,8,"03","08","SN","01","7","R8_CEQN","validation","TREEVOLUME_FIXTURES/clark_identifiers.csv","38548071d5aa652bb90c7f111f86b427f798a1c9"
"827CLKE832","clark_r8",832,8,"03","08","SN","01","7","R8_CEQN","validation","TREEVOLUME_FIXTURES/clark_identifiers.csv","38548071d5aa652bb90c7f111f86b427f798a1c9"
"827CLKE833","clark_r8",833,8,"03","08","SN","01","7","R8_CEQN","validation","TREEVOLUME_FIXTURES/clark_identifiers.csv","38548071d5aa652bb90c7f111f86b427f798a1c9"
"827CLKE834","clark_r8",834,8,"03","08","SN","01","7","R8_CEQN","validation","TREEVOLUME_FIXTURES/clark_identifiers.csv","38548071d5aa652bb90c7f111f86b427f798a1c9"
"827CLKE835","clark_r8",835,8,"03","08","SN","01","7","R8_CEQN","validation","TREEVOLUME_FIXTURES/clark_identifiers.csv","38548071d5aa652bb90c7f111f86b427f798a1c9"
"827CLKE837","clark_r8",837,8,"03","08","SN","01","7","R8_CEQN","validation","TREEVOLUME_FIXTURES/clark_identifiers.csv","38548071d5aa652bb90c7f111f86b427f798a1c9"
"827CLKE901","clark_r8",901,8,"03","08","SN","01","7","R8_CEQN","validation","TREEVOLUME_FIXTURES/clark_identifiers.csv","38548071d5aa652bb90c7f111f86b427f798a1c9"
"827CLKE920","clark_r8",920,8,"03","08","SN","01","7","R8_CEQN","validation","TREEVOLUME_FIXTURES/clark_identifiers.csv","38548071d5aa652bb90c7f111f86b427f798a1c9"
"827CLKE930","clark_r8",930,8,"03","08","SN","01","7","R8_CEQN","validation","TREEVOLUME_FIXTURES/clark_identifiers.csv","38548071d5aa652bb90c7f111f86b427f798a1c9"
"827CLKE950","clark_r8",950,8,"03","08","SN","01","7","R8_CEQN","validation","TREEVOLUME_FIXTURES/clark_identifiers.csv","38548071d5aa652bb90c7f111f86b427f798a1c9"
"827CLKE970","clark_r8",970,8,"03","08","SN","01","7","R8_CEQN","validation","TREEVOLUME_FIXTURES/clark_identifiers.csv","38548071d5aa652bb90c7f111f86b427f798a1c9"
"828CLKE100","clark_r8",100,8,"03","08","SN","01","8","R8_CEQN","validation","TREEVOLUME_FIXTURES/clark_identifiers.csv","38548071d5aa652bb90c7f111f86b427f798a1c9"
"828CLKE107","clark_r8",107,8,"03","08","SN","01","8","R8_CEQN","validation","TREEVOLUME_FIXTURES/clark_identifiers.csv","38548071d5aa652bb90c7f111f86b427f798a1c9"
"828CLKE110","clark_r8",110,8,"03","08","SN","01","8","R8_CEQN","validation","TREEVOLUME_FIXTURES/clark_identifiers.csv","38548071d5aa652bb90c7f111f86b427f798a1c9"
"828CLKE111","clark_r8",111,8,"03","08","SN","01","8","R8_CEQN","validation","TREEVOLUME_FIXTURES/clark_identifiers.csv","38548071d5aa652bb90c7f111f86b427f798a1c9"
"828CLKE115","clark_r8",115,8,"03","08","SN","01","8","R8_CEQN","validation","TREEVOLUME_FIXTURES/clark_identifiers.csv","38548071d5aa652bb90c7f111f86b427f798a1c9"
"828CLKE121","clark_r8",121,8,"03","08","SN","01","8","R8_CEQN","validation","TREEVOLUME_FIXTURES/clark_identifiers.csv","38548071d5aa652bb90c7f111f86b427f798a1c9"
"828CLKE123","clark_r8",123,8,"03","08","SN","01","8","R8_CEQN","validation","TREEVOLUME_FIXTURES/clark_identifiers.csv","38548071d5aa652bb90c7f111f86b427f798a1c9"
"828CLKE126","clark_r8",126,8,"03","08","SN","01","8","R8_CEQN","validation","TREEVOLUME_FIXTURES/clark_identifiers.csv","38548071d5aa652bb90c7f111f86b427f798a1c9"
"828CLKE128","clark_r8",128,8,"03","08","SN","01","8","R8_CEQN","validation","TREEVOLUME_FIXTURES/clark_identifiers.csv","38548071d5aa652bb90c7f111f86b427f798a1c9"
"828CLKE129","clark_r8",129,8,"03","08","SN","01","8","R8_CEQN","validation","TREEVOLUME_FIXTURES/clark_identifiers.csv","38548071d5aa652bb90c7f111f86b427f798a1c9"
"828CLKE131","clark_r8",131,8,"03","08","SN","01","8","R8_CEQN","validation","TREEVOLUME_FIXTURES/clark_identifiers.csv","38548071d5aa652bb90c7f111f86b427f798a1c9"
"828CLKE132","clark_r8",132,8,"03","08","SN","01","8","R8_CEQN","validation","TREEVOLUME_FIXTURES/clark_identifiers.csv","38548071d5aa652bb90c7f111f86b427f798a1c9"
"828CLKE197","clark_r8",197,8,"03","08","SN","01","8","R8_CEQN","validation","TREEVOLUME_FIXTURES/clark_identifiers.csv","38548071d5aa652bb90c7f111f86b427f798a1c9"
"828CLKE221","clark_r8",221,8,"03","08","SN","01","8","R8_CEQN","validation","TREEVOLUME_FIXTURES/clark_identifiers.csv","38548071d5aa652bb90c7f111f86b427f798a1c9"
"828CLKE222","clark_r8",222,8,"03","08","SN","01","8","R8_CEQN","validation","TREEVOLUME_FIXTURES/clark_identifiers.csv","38548071d5aa652bb90c7f111f86b427f798a1c9"
"828CLKE261","clark_r8",261,8,"03","08","SN","01","8","R8_CEQN","validation","TREEVOLUME_FIXTURES/clark_identifiers.csv","38548071d5aa652bb90c7f111f86b427f798a1c9"
"828CLKE300","clark_r8",300,8,"03","08","SN","01","8","R8_CEQN","validation","TREEVOLUME_FIXTURES/clark_identifiers.csv","38548071d5aa652bb90c7f111f86b427f798a1c9"
"828CLKE313","clark_r8",313,8,"03","08","SN","01","8","R8_CEQN","validation","TREEVOLUME_FIXTURES/clark_identifiers.csv","38548071d5aa652bb90c7f111f86b427f798a1c9"
"828CLKE314","clark_r8",314,8,"03","08","SN","01","8","R8_CEQN","validation","TREEVOLUME_FIXTURES/clark_identifiers.csv","38548071d5aa652bb90c7f111f86b427f798a1c9"
"828CLKE316","clark_r8",316,8,"03","08","SN","01","8","R8_CEQN","validation","TREEVOLUME_FIXTURES/clark_identifiers.csv","38548071d5aa652bb90c7f111f86b427f798a1c9"
"828CLKE317","clark_r8",317,8,"03","08","SN","01","8","R8_CEQN","validation","TREEVOLUME_FIXTURES/clark_identifiers.csv","38548071d5aa652bb90c7f111f86b427f798a1c9"
"828CLKE318","clark_r8",318,8,"03","08","SN","01","8","R8_CEQN","validation","TREEVOLUME_FIXTURES/clark_identifiers.csv","38548071d5aa652bb90c7f111f86b427f798a1c9"
"828CLKE330","clark_r8",330,8,"03","08","SN","01","8","R8_CEQN","validation","TREEVOLUME_FIXTURES/clark_identifiers.csv","38548071d5aa652bb90c7f111f86b427f798a1c9"
"828CLKE370","clark_r8",370,8,"03","08","SN","01","8","R8_CEQN","validation","TREEVOLUME_FIXTURES/clark_identifiers.csv","38548071d5aa652bb90c7f111f86b427f798a1c9"
"828CLKE400","clark_r8",400,8,"03","08","SN","01","8","R8_CEQN","validation","TREEVOLUME_FIXTURES/clark_identifiers.csv","38548071d5aa652bb90c7f111f86b427f798a1c9"
"828CLKE404","clark_r8",404,8,"03","08","SN","01","8","R8_CEQN","validation","TREEVOLUME_FIXTURES/clark_identifiers.csv","38548071d5aa652bb90c7f111f86b427f798a1c9"
"828CLKE460","clark_r8",460,8,"03","08","SN","01","8","R8_CEQN","validation","TREEVOLUME_FIXTURES/clark_identifiers.csv","38548071d5aa652bb90c7f111f86b427f798a1c9"
"828CLKE500","clark_r8",500,8,"03","08","SN","01","8","R8_CEQN","validation","TREEVOLUME_FIXTURES/clark_identifiers.csv","38548071d5aa652bb90c7f111f86b427f798a1c9"
"828CLKE521","clark_r8",521,8,"03","08","SN","01","8","R8_CEQN","validation","TREEVOLUME_FIXTURES/clark_identifiers.csv","38548071d5aa652bb90c7f111f86b427f798a1c9"
"828CLKE531","clark_r8",531,8,"03","08","SN","01","8","R8_CEQN","validation","TREEVOLUME_FIXTURES/clark_identifiers.csv","38548071d5aa652bb90c7f111f86b427f798a1c9"
"828CLKE541","clark_r8",541,8,"03","08","SN","01","8","R8_CEQN","validation","TREEVOLUME_FIXTURES/clark_identifiers.csv","38548071d5aa652bb90c7f111f86b427f798a1c9"
"828CLKE544","clark_r8",544,8,"03","08","SN","01","8","R8_CEQN","validation","TREEVOLUME_FIXTURES/clark_identifiers.csv","38548071d5aa652bb90c7f111f86b427f798a1c9"
"828CLKE545","clark_r8",545,8,"03","08","SN","01","8","R8_CEQN","validation","TREEVOLUME_FIXTURES/clark_identifiers.csv","38548071d5aa652bb90c7f111f86b427f798a1c9"
"828CLKE546","clark_r8",546,8,"03","08","SN","01","8","R8_CEQN","validation","TREEVOLUME_FIXTURES/clark_identifiers.csv","38548071d5aa652bb90c7f111f86b427f798a1c9"
"828CLKE550","clark_r8",550,8,"03","08","SN","01","8","R8_CEQN","validation","TREEVOLUME_FIXTURES/clark_identifiers.csv","38548071d5aa652bb90c7f111f86b427f798a1c9"
"828CLKE580","clark_r8",580,8,"03","08","SN","01","8","R8_CEQN","validation","TREEVOLUME_FIXTURES/clark_identifiers.csv","38548071d5aa652bb90c7f111f86b427f798a1c9"
"828CLKE601","clark_r8",601,8,"03","08","SN","01","8","R8_CEQN","validation","TREEVOLUME_FIXTURES/clark_identifiers.csv","38548071d5aa652bb90c7f111f86b427f798a1c9"
"828CLKE602","clark_r8",602,8,"03","08","SN","01","8","R8_CEQN","validation","TREEVOLUME_FIXTURES/clark_identifiers.csv","38548071d5aa652bb90c7f111f86b427f798a1c9"
"828CLKE611","clark_r8",611,8,"03","08","SN","01","8","R8_CEQN","validation","TREEVOLUME_FIXTURES/clark_identifiers.csv","38548071d5aa652bb90c7f111f86b427f798a1c9"
"828CLKE621","clark_r8",621,8,"03","08","SN","01","8","R8_CEQN","validation","TREEVOLUME_FIXTURES/clark_identifiers.csv","38548071d5aa652bb90c7f111f86b427f798a1c9"
"828CLKE650","clark_r8",650,8,"03","08","SN","01","8","R8_CEQN","validation","TREEVOLUME_FIXTURES/clark_identifiers.csv","38548071d5aa652bb90c7f111f86b427f798a1c9"
"828CLKE651","clark_r8",651,8,"03","08","SN","01","8","R8_CEQN","validation","TREEVOLUME_FIXTURES/clark_identifiers.csv","38548071d5aa652bb90c7f111f86b427f798a1c9"
"828CLKE652","clark_r8",652,8,"03","08","SN","01","8","R8_CEQN","validation","TREEVOLUME_FIXTURES/clark_identifiers.csv","38548071d5aa652bb90c7f111f86b427f798a1c9"
"828CLKE653","clark_r8",653,8,"03","08","SN","01","8","R8_CEQN","validation","TREEVOLUME_FIXTURES/clark_identifiers.csv","38548071d5aa652bb90c7f111f86b427f798a1c9"
"828CLKE691","clark_r8",691,8,"03","08","SN","01","8","R8_CEQN","validation","TREEVOLUME_FIXTURES/clark_identifiers.csv","38548071d5aa652bb90c7f111f86b427f798a1c9"
"828CLKE693","clark_r8",693,8,"03","08","SN","01","8","R8_CEQN","validation","TREEVOLUME_FIXTURES/clark_identifiers.csv","38548071d5aa652bb90c7f111f86b427f798a1c9"
"828CLKE694","clark_r8",694,8,"03","08","SN","01","8","R8_CEQN","validation","TREEVOLUME_FIXTURES/clark_identifiers.csv","38548071d5aa652bb90c7f111f86b427f798a1c9"
"828CLKE711","clark_r8",711,8,"03","08","SN","01","8","R8_CEQN","validation","TREEVOLUME_FIXTURES/clark_identifiers.csv","38548071d5aa652bb90c7f111f86b427f798a1c9"
"828CLKE731","clark_r8",731,8,"03","08","SN","01","8","R8_CEQN","validation","TREEVOLUME_FIXTURES/clark_identifiers.csv","38548071d5aa652bb90c7f111f86b427f798a1c9"
"828CLKE742","clark_r8",742,8,"03","08","SN","01","8","R8_CEQN","validation","TREEVOLUME_FIXTURES/clark_identifiers.csv","38548071d5aa652bb90c7f111f86b427f798a1c9"
"828CLKE762","clark_r8",762,8,"03","08","SN","01","8","R8_CEQN","validation","TREEVOLUME_FIXTURES/clark_identifiers.csv","38548071d5aa652bb90c7f111f86b427f798a1c9"
"828CLKE800","clark_r8",800,8,"03","08","SN","01","8","R8_CEQN","validation","TREEVOLUME_FIXTURES/clark_identifiers.csv","38548071d5aa652bb90c7f111f86b427f798a1c9"
"828CLKE802","clark_r8",802,8,"03","08","SN","01","8","R8_CEQN","validation","TREEVOLUME_FIXTURES/clark_identifiers.csv","38548071d5aa652bb90c7f111f86b427f798a1c9"
"828CLKE804","clark_r8",804,8,"03","08","SN","01","8","R8_CEQN","validation","TREEVOLUME_FIXTURES/clark_identifiers.csv","38548071d5aa652bb90c7f111f86b427f798a1c9"
"828CLKE806","clark_r8",806,8,"03","08","SN","01","8","R8_CEQN","validation","TREEVOLUME_FIXTURES/clark_identifiers.csv","38548071d5aa652bb90c7f111f86b427f798a1c9"
"828CLKE812","clark_r8",812,8,"03","08","SN","01","8","R8_CEQN","validation","TREEVOLUME_FIXTURES/clark_identifiers.csv","38548071d5aa652bb90c7f111f86b427f798a1c9"
"828CLKE813","clark_r8",813,8,"03","08","SN","01","8","R8_CEQN","validation","TREEVOLUME_FIXTURES/clark_identifiers.csv","38548071d5aa652bb90c7f111f86b427f798a1c9"
"828CLKE817","clark_r8",817,8,"03","08","SN","01","8","R8_CEQN","validation","TREEVOLUME_FIXTURES/clark_identifiers.csv","38548071d5aa652bb90c7f111f86b427f798a1c9"
"828CLKE820","clark_r8",820,8,"03","08","SN","01","8","R8_CEQN","validation","TREEVOLUME_FIXTURES/clark_identifiers.csv","38548071d5aa652bb90c7f111f86b427f798a1c9"
"828CLKE822","clark_r8",822,8,"03","08","SN","01","8","R8_CEQN","validation","TREEVOLUME_FIXTURES/clark_identifiers.csv","38548071d5aa652bb90c7f111f86b427f798a1c9"
"828CLKE823","clark_r8",823,8,"03","08","SN","01","8","R8_CEQN","validation","TREEVOLUME_FIXTURES/clark_identifiers.csv","38548071d5aa652bb90c7f111f86b427f798a1c9"
"828CLKE825","clark_r8",825,8,"03","08","SN","01","8","R8_CEQN","validation","TREEVOLUME_FIXTURES/clark_identifiers.csv","38548071d5aa652bb90c7f111f86b427f798a1c9"
"828CLKE826","clark_r8",826,8,"03","08","SN","01","8","R8_CEQN","validation","TREEVOLUME_FIXTURES/clark_identifiers.csv","38548071d5aa652bb90c7f111f86b427f798a1c9"
"828CLKE827","clark_r8",827,8,"03","08","SN","01","8","R8_CEQN","validation","TREEVOLUME_FIXTURES/clark_identifiers.csv","38548071d5aa652bb90c7f111f86b427f798a1c9"
"828CLKE828","clark_r8",828,8,"03","08","SN","01","8","R8_CEQN","validation","TREEVOLUME_FIXTURES/clark_identifiers.csv","38548071d5aa652bb90c7f111f86b427f798a1c9"
"828CLKE830","clark_r8",830,8,"03","08","SN","01","8","R8_CEQN","validation","TREEVOLUME_FIXTURES/clark_identifiers.csv","38548071d5aa652bb90c7f111f86b427f798a1c9"
"828CLKE831","clark_r8",831,8,"03","08","SN","01","8","R8_CEQN","validation","TREEVOLUME_FIXTURES/clark_identifiers.csv","38548071d5aa652bb90c7f111f86b427f798a1c9"
"828CLKE832","clark_r8",832,8,"03","08","SN","01","8","R8_CEQN","validation","TREEVOLUME_FIXTURES/clark_identifiers.csv","38548071d5aa652bb90c7f111f86b427f798a1c9"
"828CLKE833","clark_r8",833,8,"03","08","SN","01","8","R8_CEQN","validation","TREEVOLUME_FIXTURES/clark_identifiers.csv","38548071d5aa652bb90c7f111f86b427f798a1c9"
"828CLKE834","clark_r8",834,8,"03","08","SN","01","8","R8_CEQN","validation","TREEVOLUME_FIXTURES/clark_identifiers.csv","38548071d5aa652bb90c7f111f86b427f798a1c9"
"828CLKE835","clark_r8",835,8,"03","08","SN","01","8","R8_CEQN","validation","TREEVOLUME_FIXTURES/clark_identifiers.csv","38548071d5aa652bb90c7f111f86b427f798a1c9"
"828CLKE837","clark_r8",837,8,"03","08","SN","01","8","R8_CEQN","validation","TREEVOLUME_FIXTURES/clark_identifiers.csv","38548071d5aa652bb90c7f111f86b427f798a1c9"
"828CLKE901","clark_r8",901,8,"03","08","SN","01","8","R8_CEQN","validation","TREEVOLUME_FIXTURES/clark_identifiers.csv","38548071d5aa652bb90c7f111f86b427f798a1c9"
"828CLKE920","clark_r8",920,8,"03","08","SN","01","8","R8_CEQN","validation","TREEVOLUME_FIXTURES/clark_identifiers.csv","38548071d5aa652bb90c7f111f86b427f798a1c9"
"828CLKE930","clark_r8",930,8,"03","08","SN","01","8","R8_CEQN","validation","TREEVOLUME_FIXTURES/clark_identifiers.csv","38548071d5aa652bb90c7f111f86b427f798a1c9"
"828CLKE950","clark_r8",950,8,"03","08","SN","01","8","R8_CEQN","validation","TREEVOLUME_FIXTURES/clark_identifiers.csv","38548071d5aa652bb90c7f111f86b427f798a1c9"
"828CLKE970","clark_r8",970,8,"03","08","SN","01","8","R8_CEQN","validation","TREEVOLUME_FIXTURES/clark_identifiers.csv","38548071d5aa652bb90c7f111f86b427f798a1c9"
"829CLKE100","clark_r8",100,8,"03","08","SN","01","9","R8_CEQN","validation","TREEVOLUME_FIXTURES/clark_identifiers.csv","38548071d5aa652bb90c7f111f86b427f798a1c9"
"829CLKE107","clark_r8",107,8,"03","08","SN","01","9","R8_CEQN","validation","TREEVOLUME_FIXTURES/clark_identifiers.csv","38548071d5aa652bb90c7f111f86b427f798a1c9"
"829CLKE110","clark_r8",110,8,"03","08","SN","01","9","R8_CEQN","validation","TREEVOLUME_FIXTURES/clark_identifiers.csv","38548071d5aa652bb90c7f111f86b427f798a1c9"
"829CLKE111","clark_r8",111,8,"03","08","SN","01","9","R8_CEQN","validation","TREEVOLUME_FIXTURES/clark_identifiers.csv","38548071d5aa652bb90c7f111f86b427f798a1c9"
"829CLKE115","clark_r8",115,8,"03","08","SN","01","9","R8_CEQN","validation","TREEVOLUME_FIXTURES/clark_identifiers.csv","38548071d5aa652bb90c7f111f86b427f798a1c9"
"829CLKE121","clark_r8",121,8,"03","08","SN","01","9","R8_CEQN","validation","TREEVOLUME_FIXTURES/clark_identifiers.csv","38548071d5aa652bb90c7f111f86b427f798a1c9"
"829CLKE123","clark_r8",123,8,"03","08","SN","01","9","R8_CEQN","validation","TREEVOLUME_FIXTURES/clark_identifiers.csv","38548071d5aa652bb90c7f111f86b427f798a1c9"
"829CLKE126","clark_r8",126,8,"03","08","SN","01","9","R8_CEQN","validation","TREEVOLUME_FIXTURES/clark_identifiers.csv","38548071d5aa652bb90c7f111f86b427f798a1c9"
"829CLKE128","clark_r8",128,8,"03","08","SN","01","9","R8_CEQN","validation","TREEVOLUME_FIXTURES/clark_identifiers.csv","38548071d5aa652bb90c7f111f86b427f798a1c9"
"829CLKE129","clark_r8",129,8,"03","08","SN","01","9","R8_CEQN","validation","TREEVOLUME_FIXTURES/clark_identifiers.csv","38548071d5aa652bb90c7f111f86b427f798a1c9"
"829CLKE131","clark_r8",131,8,"03","08","SN","01","9","R8_CEQN","validation","TREEVOLUME_FIXTURES/clark_identifiers.csv","38548071d5aa652bb90c7f111f86b427f798a1c9"
"829CLKE132","clark_r8",132,8,"03","08","SN","01","9","R8_CEQN","validation","TREEVOLUME_FIXTURES/clark_identifiers.csv","38548071d5aa652bb90c7f111f86b427f798a1c9"
"829CLKE197","clark_r8",197,8,"03","08","SN","01","9","R8_CEQN","validation","TREEVOLUME_FIXTURES/clark_identifiers.csv","38548071d5aa652bb90c7f111f86b427f798a1c9"
"829CLKE221","clark_r8",221,8,"03","08","SN","01","9","R8_CEQN","validation","TREEVOLUME_FIXTURES/clark_identifiers.csv","38548071d5aa652bb90c7f111f86b427f798a1c9"
"829CLKE222","clark_r8",222,8,"03","08","SN","01","9","R8_CEQN","validation","TREEVOLUME_FIXTURES/clark_identifiers.csv","38548071d5aa652bb90c7f111f86b427f798a1c9"
"829CLKE261","clark_r8",261,8,"03","08","SN","01","9","R8_CEQN","validation","TREEVOLUME_FIXTURES/clark_identifiers.csv","38548071d5aa652bb90c7f111f86b427f798a1c9"
"829CLKE300","clark_r8",300,8,"03","08","SN","01","9","R8_CEQN","validation","TREEVOLUME_FIXTURES/clark_identifiers.csv","38548071d5aa652bb90c7f111f86b427f798a1c9"
"829CLKE313","clark_r8",313,8,"03","08","SN","01","9","R8_CEQN","validation","TREEVOLUME_FIXTURES/clark_identifiers.csv","38548071d5aa652bb90c7f111f86b427f798a1c9"
"829CLKE314","clark_r8",314,8,"03","08","SN","01","9","R8_CEQN","validation","TREEVOLUME_FIXTURES/clark_identifiers.csv","38548071d5aa652bb90c7f111f86b427f798a1c9"
"829CLKE316","clark_r8",316,8,"03","08","SN","01","9","R8_CEQN","validation","TREEVOLUME_FIXTURES/clark_identifiers.csv","38548071d5aa652bb90c7f111f86b427f798a1c9"
"829CLKE317","clark_r8",317,8,"03","08","SN","01","9","R8_CEQN","validation","TREEVOLUME_FIXTURES/clark_identifiers.csv","38548071d5aa652bb90c7f111f86b427f798a1c9"
"829CLKE318","clark_r8",318,8,"03","08","SN","01","9","R8_CEQN","validation","TREEVOLUME_FIXTURES/clark_identifiers.csv","38548071d5aa652bb90c7f111f86b427f798a1c9"
"829CLKE330","clark_r8",330,8,"03","08","SN","01","9","R8_CEQN","validation","TREEVOLUME_FIXTURES/clark_identifiers.csv","38548071d5aa652bb90c7f111f86b427f798a1c9"
"829CLKE370","clark_r8",370,8,"03","08","SN","01","9","R8_CEQN","validation","TREEVOLUME_FIXTURES/clark_identifiers.csv","38548071d5aa652bb90c7f111f86b427f798a1c9"
"829CLKE400","clark_r8",400,8,"03","08","SN","01","9","R8_CEQN","validation","TREEVOLUME_FIXTURES/clark_identifiers.csv","38548071d5aa652bb90c7f111f86b427f798a1c9"
"829CLKE404","clark_r8",404,8,"03","08","SN","01","9","R8_CEQN","validation","TREEVOLUME_FIXTURES/clark_identifiers.csv","38548071d5aa652bb90c7f111f86b427f798a1c9"
"829CLKE460","clark_r8",460,8,"03","08","SN","01","9","R8_CEQN","validation","TREEVOLUME_FIXTURES/clark_identifiers.csv","38548071d5aa652bb90c7f111f86b427f798a1c9"
"829CLKE500","clark_r8",500,8,"03","08","SN","01","9","R8_CEQN","validation","TREEVOLUME_FIXTURES/clark_identifiers.csv","38548071d5aa652bb90c7f111f86b427f798a1c9"
"829CLKE521","clark_r8",521,8,"03","08","SN","01","9","R8_CEQN","validation","TREEVOLUME_FIXTURES/clark_identifiers.csv","38548071d5aa652bb90c7f111f86b427f798a1c9"
"829CLKE531","clark_r8",531,8,"03","08","SN","01","9","R8_CEQN","validation","TREEVOLUME_FIXTURES/clark_identifiers.csv","38548071d5aa652bb90c7f111f86b427f798a1c9"
"829CLKE541","clark_r8",541,8,"03","08","SN","01","9","R8_CEQN","validation","TREEVOLUME_FIXTURES/clark_identifiers.csv","38548071d5aa652bb90c7f111f86b427f798a1c9"
"829CLKE544","clark_r8",544,8,"03","08","SN","01","9","R8_CEQN","validation","TREEVOLUME_FIXTURES/clark_identifiers.csv","38548071d5aa652bb90c7f111f86b427f798a1c9"
"829CLKE545","clark_r8",545,8,"03","08","SN","01","9","R8_CEQN","validation","TREEVOLUME_FIXTURES/clark_identifiers.csv","38548071d5aa652bb90c7f111f86b427f798a1c9"
"829CLKE546","clark_r8",546,8,"03","08","SN","01","9","R8_CEQN","validation","TREEVOLUME_FIXTURES/clark_identifiers.csv","38548071d5aa652bb90c7f111f86b427f798a1c9"
"829CLKE550","clark_r8",550,8,"03","08","SN","01","9","R8_CEQN","validation","TREEVOLUME_FIXTURES/clark_identifiers.csv","38548071d5aa652bb90c7f111f86b427f798a1c9"
"829CLKE580","clark_r8",580,8,"03","08","SN","01","9","R8_CEQN","validation","TREEVOLUME_FIXTURES/clark_identifiers.csv","38548071d5aa652bb90c7f111f86b427f798a1c9"
"829CLKE601","clark_r8",601,8,"03","08","SN","01","9","R8_CEQN","validation","TREEVOLUME_FIXTURES/clark_identifiers.csv","38548071d5aa652bb90c7f111f86b427f798a1c9"
"829CLKE602","clark_r8",602,8,"03","08","SN","01","9","R8_CEQN","validation","TREEVOLUME_FIXTURES/clark_identifiers.csv","38548071d5aa652bb90c7f111f86b427f798a1c9"
"829CLKE611","clark_r8",611,8,"03","08","SN","01","9","R8_CEQN","validation","TREEVOLUME_FIXTURES/clark_identifiers.csv","38548071d5aa652bb90c7f111f86b427f798a1c9"
"829CLKE621","clark_r8",621,8,"03","08","SN","01","9","R8_CEQN","validation","TREEVOLUME_FIXTURES/clark_identifiers.csv","38548071d5aa652bb90c7f111f86b427f798a1c9"
"829CLKE650","clark_r8",650,8,"03","08","SN","01","9","R8_CEQN","validation","TREEVOLUME_FIXTURES/clark_identifiers.csv","38548071d5aa652bb90c7f111f86b427f798a1c9"
"829CLKE651","clark_r8",651,8,"03","08","SN","01","9","R8_CEQN","validation","TREEVOLUME_FIXTURES/clark_identifiers.csv","38548071d5aa652bb90c7f111f86b427f798a1c9"
"829CLKE652","clark_r8",652,8,"03","08","SN","01","9","R8_CEQN","validation","TREEVOLUME_FIXTURES/clark_identifiers.csv","38548071d5aa652bb90c7f111f86b427f798a1c9"
"829CLKE653","clark_r8",653,8,"03","08","SN","01","9","R8_CEQN","validation","TREEVOLUME_FIXTURES/clark_identifiers.csv","38548071d5aa652bb90c7f111f86b427f798a1c9"
"829CLKE691","clark_r8",691,8,"03","08","SN","01","9","R8_CEQN","validation","TREEVOLUME_FIXTURES/clark_identifiers.csv","38548071d5aa652bb90c7f111f86b427f798a1c9"
"829CLKE693","clark_r8",693,8,"03","08","SN","01","9","R8_CEQN","validation","TREEVOLUME_FIXTURES/clark_identifiers.csv","38548071d5aa652bb90c7f111f86b427f798a1c9"
"829CLKE694","clark_r8",694,8,"03","08","SN","01","9","R8_CEQN","validation","TREEVOLUME_FIXTURES/clark_identifiers.csv","38548071d5aa652bb90c7f111f86b427f798a1c9"
"829CLKE711","clark_r8",711,8,"03","08","SN","01","9","R8_CEQN","validation","TREEVOLUME_FIXTURES/clark_identifiers.csv","38548071d5aa652bb90c7f111f86b427f798a1c9"
"829CLKE731","clark_r8",731,8,"03","08","SN","01","9","R8_CEQN","validation","TREEVOLUME_FIXTURES/clark_identifiers.csv","38548071d5aa652bb90c7f111f86b427f798a1c9"
"829CLKE742","clark_r8",742,8,"03","08","SN","01","9","R8_CEQN","validation","TREEVOLUME_FIXTURES/clark_identifiers.csv","38548071d5aa652bb90c7f111f86b427f798a1c9"
"829CLKE762","clark_r8",762,8,"03","08","SN","01","9","R8_CEQN","validation","TREEVOLUME_FIXTURES/clark_identifiers.csv","38548071d5aa652bb90c7f111f86b427f798a1c9"
"829CLKE800","clark_r8",800,8,"03","08","SN","01","9","R8_CEQN","validation","TREEVOLUME_FIXTURES/clark_identifiers.csv","38548071d5aa652bb90c7f111f86b427f798a1c9"
"829CLKE802","clark_r8",802,8,"03","08","SN","01","9","R8_CEQN","validation","TREEVOLUME_FIXTURES/clark_identifiers.csv","38548071d5aa652bb90c7f111f86b427f798a1c9"
"829CLKE804","clark_r8",804,8,"03","08","SN","01","9","R8_CEQN","validation","TREEVOLUME_FIXTURES/clark_identifiers.csv","38548071d5aa652bb90c7f111f86b427f798a1c9"
"829CLKE806","clark_r8",806,8,"03","08","SN","01","9","R8_CEQN","validation","TREEVOLUME_FIXTURES/clark_identifiers.csv","38548071d5aa652bb90c7f111f86b427f798a1c9"
"829CLKE812","clark_r8",812,8,"03","08","SN","01","9","R8_CEQN","validation","TREEVOLUME_FIXTURES/clark_identifiers.csv","38548071d5aa652bb90c7f111f86b427f798a1c9"
"829CLKE813","clark_r8",813,8,"03","08","SN","01","9","R8_CEQN","validation","TREEVOLUME_FIXTURES/clark_identifiers.csv","38548071d5aa652bb90c7f111f86b427f798a1c9"
"829CLKE817","clark_r8",817,8,"03","08","SN","01","9","R8_CEQN","validation","TREEVOLUME_FIXTURES/clark_identifiers.csv","38548071d5aa652bb90c7f111f86b427f798a1c9"
"829CLKE820","clark_r8",820,8,"03","08","SN","01","9","R8_CEQN","validation","TREEVOLUME_FIXTURES/clark_identifiers.csv","38548071d5aa652bb90c7f111f86b427f798a1c9"
"829CLKE822","clark_r8",822,8,"03","08","SN","01","9","R8_CEQN","validation","TREEVOLUME_FIXTURES/clark_identifiers.csv","38548071d5aa652bb90c7f111f86b427f798a1c9"
"829CLKE823","clark_r8",823,8,"03","08","SN","01","9","R8_CEQN","validation","TREEVOLUME_FIXTURES/clark_identifiers.csv","38548071d5aa652bb90c7f111f86b427f798a1c9"
"829CLKE825","clark_r8",825,8,"03","08","SN","01","9","R8_CEQN","validation","TREEVOLUME_FIXTURES/clark_identifiers.csv","38548071d5aa652bb90c7f111f86b427f798a1c9"
"829CLKE826","clark_r8",826,8,"03","08","SN","01","9","R8_CEQN","validation","TREEVOLUME_FIXTURES/clark_identifiers.csv","38548071d5aa652bb90c7f111f86b427f798a1c9"
"829CLKE827","clark_r8",827,8,"03","08","SN","01","9","R8_CEQN","validation","TREEVOLUME_FIXTURES/clark_identifiers.csv","38548071d5aa652bb90c7f111f86b427f798a1c9"
"829CLKE828","clark_r8",828,8,"03","08","SN","01","9","R8_CEQN","validation","TREEVOLUME_FIXTURES/clark_identifiers.csv","38548071d5aa652bb90c7f111f86b427f798a1c9"
"829CLKE830","clark_r8",830,8,"03","08","SN","01","9","R8_CEQN","validation","TREEVOLUME_FIXTURES/clark_identifiers.csv","38548071d5aa652bb90c7f111f86b427f798a1c9"
"829CLKE831","clark_r8",831,8,"03","08","SN","01","9","R8_CEQN","validation","TREEVOLUME_FIXTURES/clark_identifiers.csv","38548071d5aa652bb90c7f111f86b427f798a1c9"
"829CLKE832","clark_r8",832,8,"03","08","SN","01","9","R8_CEQN","validation","TREEVOLUME_FIXTURES/clark_identifiers.csv","38548071d5aa652bb90c7f111f86b427f798a1c9"
"829CLKE833","clark_r8",833,8,"03","08","SN","01","9","R8_CEQN","validation","TREEVOLUME_FIXTURES/clark_identifiers.csv","38548071d5aa652bb90c7f111f86b427f798a1c9"
"829CLKE834","clark_r8",834,8,"03","08","SN","01","9","R8_CEQN","validation","TREEVOLUME_FIXTURES/clark_identifiers.csv","38548071d5aa652bb90c7f111f86b427f798a1c9"
"829CLKE835","clark_r8",835,8,"03","08","SN","01","9","R8_CEQN","validation","TREEVOLUME_FIXTURES/clark_identifiers.csv","38548071d5aa652bb90c7f111f86b427f798a1c9"
"829CLKE837","clark_r8",837,8,"03","08","SN","01","9","R8_CEQN","validation","TREEVOLUME_FIXTURES/clark_identifiers.csv","38548071d5aa652bb90c7f111f86b427f798a1c9"
"829CLKE901","clark_r8",901,8,"03","08","SN","01","9","R8_CEQN","validation","TREEVOLUME_FIXTURES/clark_identifiers.csv","38548071d5aa652bb90c7f111f86b427f798a1c9"
"829CLKE920","clark_r8",920,8,"03","08","SN","01","9","R8_CEQN","validation","TREEVOLUME_FIXTURES/clark_identifiers.csv","38548071d5aa652bb90c7f111f86b427f798a1c9"
"829CLKE930","clark_r8",930,8,"03","08","SN","01","9","R8_CEQN","validation","TREEVOLUME_FIXTURES/clark_identifiers.csv","38548071d5aa652bb90c7f111f86b427f798a1c9"
"829CLKE950","clark_r8",950,8,"03","08","SN","01","9","R8_CEQN","validation","TREEVOLUME_FIXTURES/clark_identifiers.csv","38548071d5aa652bb90c7f111f86b427f798a1c9"
"829CLKE970","clark_r8",970,8,"03","08","SN","01","9","R8_CEQN","validation","TREEVOLUME_FIXTURES/clark_identifiers.csv","38548071d5aa652bb90c7f111f86b427f798a1c9"
"834CLKE100","clark_r8",100,8,"02","01","SN","01","4","R8_CEQN","validation","TREEVOLUME_FIXTURES/clark_identifiers.csv","38548071d5aa652bb90c7f111f86b427f798a1c9"
"834CLKE107","clark_r8",107,8,"02","01","SN","01","4","R8_CEQN","validation","TREEVOLUME_FIXTURES/clark_identifiers.csv","38548071d5aa652bb90c7f111f86b427f798a1c9"
"834CLKE110","clark_r8",110,8,"02","01","SN","01","4","R8_CEQN","validation","TREEVOLUME_FIXTURES/clark_identifiers.csv","38548071d5aa652bb90c7f111f86b427f798a1c9"
"834CLKE111","clark_r8",111,8,"02","01","SN","01","4","R8_CEQN","validation","TREEVOLUME_FIXTURES/clark_identifiers.csv","38548071d5aa652bb90c7f111f86b427f798a1c9"
"834CLKE115","clark_r8",115,8,"02","01","SN","01","4","R8_CEQN","validation","TREEVOLUME_FIXTURES/clark_identifiers.csv","38548071d5aa652bb90c7f111f86b427f798a1c9"
"834CLKE121","clark_r8",121,8,"02","01","SN","01","4","R8_CEQN","validation","TREEVOLUME_FIXTURES/clark_identifiers.csv","38548071d5aa652bb90c7f111f86b427f798a1c9"
"834CLKE123","clark_r8",123,8,"02","01","SN","01","4","R8_CEQN","validation","TREEVOLUME_FIXTURES/clark_identifiers.csv","38548071d5aa652bb90c7f111f86b427f798a1c9"
"834CLKE126","clark_r8",126,8,"02","01","SN","01","4","R8_CEQN","validation","TREEVOLUME_FIXTURES/clark_identifiers.csv","38548071d5aa652bb90c7f111f86b427f798a1c9"
"834CLKE128","clark_r8",128,8,"02","01","SN","01","4","R8_CEQN","validation","TREEVOLUME_FIXTURES/clark_identifiers.csv","38548071d5aa652bb90c7f111f86b427f798a1c9"
"834CLKE129","clark_r8",129,8,"02","01","SN","01","4","R8_CEQN","validation","TREEVOLUME_FIXTURES/clark_identifiers.csv","38548071d5aa652bb90c7f111f86b427f798a1c9"
"834CLKE131","clark_r8",131,8,"02","01","SN","01","4","R8_CEQN","validation","TREEVOLUME_FIXTURES/clark_identifiers.csv","38548071d5aa652bb90c7f111f86b427f798a1c9"
"834CLKE132","clark_r8",132,8,"02","01","SN","01","4","R8_CEQN","validation","TREEVOLUME_FIXTURES/clark_identifiers.csv","38548071d5aa652bb90c7f111f86b427f798a1c9"
"834CLKE197","clark_r8",197,8,"02","01","SN","01","4","R8_CEQN","validation","TREEVOLUME_FIXTURES/clark_identifiers.csv","38548071d5aa652bb90c7f111f86b427f798a1c9"
"834CLKE221","clark_r8",221,8,"02","01","SN","01","4","R8_CEQN","validation","TREEVOLUME_FIXTURES/clark_identifiers.csv","38548071d5aa652bb90c7f111f86b427f798a1c9"
"834CLKE222","clark_r8",222,8,"02","01","SN","01","4","R8_CEQN","validation","TREEVOLUME_FIXTURES/clark_identifiers.csv","38548071d5aa652bb90c7f111f86b427f798a1c9"
"834CLKE261","clark_r8",261,8,"02","01","SN","01","4","R8_CEQN","validation","TREEVOLUME_FIXTURES/clark_identifiers.csv","38548071d5aa652bb90c7f111f86b427f798a1c9"
"834CLKE300","clark_r8",300,8,"02","01","SN","01","4","R8_CEQN","validation","TREEVOLUME_FIXTURES/clark_identifiers.csv","38548071d5aa652bb90c7f111f86b427f798a1c9"
"834CLKE313","clark_r8",313,8,"02","01","SN","01","4","R8_CEQN","validation","TREEVOLUME_FIXTURES/clark_identifiers.csv","38548071d5aa652bb90c7f111f86b427f798a1c9"
"834CLKE314","clark_r8",314,8,"02","01","SN","01","4","R8_CEQN","validation","TREEVOLUME_FIXTURES/clark_identifiers.csv","38548071d5aa652bb90c7f111f86b427f798a1c9"
"834CLKE316","clark_r8",316,8,"02","01","SN","01","4","R8_CEQN","validation","TREEVOLUME_FIXTURES/clark_identifiers.csv","38548071d5aa652bb90c7f111f86b427f798a1c9"
"834CLKE317","clark_r8",317,8,"02","01","SN","01","4","R8_CEQN","validation","TREEVOLUME_FIXTURES/clark_identifiers.csv","38548071d5aa652bb90c7f111f86b427f798a1c9"
"834CLKE318","clark_r8",318,8,"02","01","SN","01","4","R8_CEQN","validation","TREEVOLUME_FIXTURES/clark_identifiers.csv","38548071d5aa652bb90c7f111f86b427f798a1c9"
"834CLKE330","clark_r8",330,8,"02","01","SN","01","4","R8_CEQN","validation","TREEVOLUME_FIXTURES/clark_identifiers.csv","38548071d5aa652bb90c7f111f86b427f798a1c9"
"834CLKE370","clark_r8",370,8,"02","01","SN","01","4","R8_CEQN","validation","TREEVOLUME_FIXTURES/clark_identifiers.csv","38548071d5aa652bb90c7f111f86b427f798a1c9"
"834CLKE400","clark_r8",400,8,"02","01","SN","01","4","R8_CEQN","validation","TREEVOLUME_FIXTURES/clark_identifiers.csv","38548071d5aa652bb90c7f111f86b427f798a1c9"
"834CLKE404","clark_r8",404,8,"02","01","SN","01","4","R8_CEQN","validation","TREEVOLUME_FIXTURES/clark_identifiers.csv","38548071d5aa652bb90c7f111f86b427f798a1c9"
"834CLKE460","clark_r8",460,8,"02","01","SN","01","4","R8_CEQN","validation","TREEVOLUME_FIXTURES/clark_identifiers.csv","38548071d5aa652bb90c7f111f86b427f798a1c9"
"834CLKE500","clark_r8",500,8,"02","01","SN","01","4","R8_CEQN","validation","TREEVOLUME_FIXTURES/clark_identifiers.csv","38548071d5aa652bb90c7f111f86b427f798a1c9"
"834CLKE521","clark_r8",521,8,"02","01","SN","01","4","R8_CEQN","validation","TREEVOLUME_FIXTURES/clark_identifiers.csv","38548071d5aa652bb90c7f111f86b427f798a1c9"
"834CLKE531","clark_r8",531,8,"02","01","SN","01","4","R8_CEQN","validation","TREEVOLUME_FIXTURES/clark_identifiers.csv","38548071d5aa652bb90c7f111f86b427f798a1c9"
"834CLKE541","clark_r8",541,8,"02","01","SN","01","4","R8_CEQN","validation","TREEVOLUME_FIXTURES/clark_identifiers.csv","38548071d5aa652bb90c7f111f86b427f798a1c9"
"834CLKE544","clark_r8",544,8,"02","01","SN","01","4","R8_CEQN","validation","TREEVOLUME_FIXTURES/clark_identifiers.csv","38548071d5aa652bb90c7f111f86b427f798a1c9"
"834CLKE545","clark_r8",545,8,"02","01","SN","01","4","R8_CEQN","validation","TREEVOLUME_FIXTURES/clark_identifiers.csv","38548071d5aa652bb90c7f111f86b427f798a1c9"
"834CLKE546","clark_r8",546,8,"02","01","SN","01","4","R8_CEQN","validation","TREEVOLUME_FIXTURES/clark_identifiers.csv","38548071d5aa652bb90c7f111f86b427f798a1c9"
"834CLKE550","clark_r8",550,8,"02","01","SN","01","4","R8_CEQN","validation","TREEVOLUME_FIXTURES/clark_identifiers.csv","38548071d5aa652bb90c7f111f86b427f798a1c9"
"834CLKE580","clark_r8",580,8,"02","01","SN","01","4","R8_CEQN","validation","TREEVOLUME_FIXTURES/clark_identifiers.csv","38548071d5aa652bb90c7f111f86b427f798a1c9"
"834CLKE601","clark_r8",601,8,"02","01","SN","01","4","R8_CEQN","validation","TREEVOLUME_FIXTURES/clark_identifiers.csv","38548071d5aa652bb90c7f111f86b427f798a1c9"
"834CLKE602","clark_r8",602,8,"02","01","SN","01","4","R8_CEQN","validation","TREEVOLUME_FIXTURES/clark_identifiers.csv","38548071d5aa652bb90c7f111f86b427f798a1c9"
"834CLKE611","clark_r8",611,8,"02","01","SN","01","4","R8_CEQN","validation","TREEVOLUME_FIXTURES/clark_identifiers.csv","38548071d5aa652bb90c7f111f86b427f798a1c9"
"834CLKE621","clark_r8",621,8,"02","01","SN","01","4","R8_CEQN","validation","TREEVOLUME_FIXTURES/clark_identifiers.csv","38548071d5aa652bb90c7f111f86b427f798a1c9"
"834CLKE650","clark_r8",650,8,"02","01","SN","01","4","R8_CEQN","validation","TREEVOLUME_FIXTURES/clark_identifiers.csv","38548071d5aa652bb90c7f111f86b427f798a1c9"
"834CLKE651","clark_r8",651,8,"02","01","SN","01","4","R8_CEQN","validation","TREEVOLUME_FIXTURES/clark_identifiers.csv","38548071d5aa652bb90c7f111f86b427f798a1c9"
"834CLKE652","clark_r8",652,8,"02","01","SN","01","4","R8_CEQN","validation","TREEVOLUME_FIXTURES/clark_identifiers.csv","38548071d5aa652bb90c7f111f86b427f798a1c9"
"834CLKE653","clark_r8",653,8,"02","01","SN","01","4","R8_CEQN","validation","TREEVOLUME_FIXTURES/clark_identifiers.csv","38548071d5aa652bb90c7f111f86b427f798a1c9"
"834CLKE691","clark_r8",691,8,"02","01","SN","01","4","R8_CEQN","validation","TREEVOLUME_FIXTURES/clark_identifiers.csv","38548071d5aa652bb90c7f111f86b427f798a1c9"
"834CLKE693","clark_r8",693,8,"02","01","SN","01","4","R8_CEQN","validation","TREEVOLUME_FIXTURES/clark_identifiers.csv","38548071d5aa652bb90c7f111f86b427f798a1c9"
"834CLKE694","clark_r8",694,8,"02","01","SN","01","4","R8_CEQN","validation","TREEVOLUME_FIXTURES/clark_identifiers.csv","38548071d5aa652bb90c7f111f86b427f798a1c9"
"834CLKE711","clark_r8",711,8,"02","01","SN","01","4","R8_CEQN","validation","TREEVOLUME_FIXTURES/clark_identifiers.csv","38548071d5aa652bb90c7f111f86b427f798a1c9"
"834CLKE731","clark_r8",731,8,"02","01","SN","01","4","R8_CEQN","validation","TREEVOLUME_FIXTURES/clark_identifiers.csv","38548071d5aa652bb90c7f111f86b427f798a1c9"
"834CLKE742","clark_r8",742,8,"02","01","SN","01","4","R8_CEQN","validation","TREEVOLUME_FIXTURES/clark_identifiers.csv","38548071d5aa652bb90c7f111f86b427f798a1c9"
"834CLKE762","clark_r8",762,8,"02","01","SN","01","4","R8_CEQN","validation","TREEVOLUME_FIXTURES/clark_identifiers.csv","38548071d5aa652bb90c7f111f86b427f798a1c9"
"834CLKE800","clark_r8",800,8,"02","01","SN","01","4","R8_CEQN","validation","TREEVOLUME_FIXTURES/clark_identifiers.csv","38548071d5aa652bb90c7f111f86b427f798a1c9"
"834CLKE802","clark_r8",802,8,"02","01","SN","01","4","R8_CEQN","validation","TREEVOLUME_FIXTURES/clark_identifiers.csv","38548071d5aa652bb90c7f111f86b427f798a1c9"
"834CLKE804","clark_r8",804,8,"02","01","SN","01","4","R8_CEQN","validation","TREEVOLUME_FIXTURES/clark_identifiers.csv","38548071d5aa652bb90c7f111f86b427f798a1c9"
"834CLKE806","clark_r8",806,8,"02","01","SN","01","4","R8_CEQN","validation","TREEVOLUME_FIXTURES/clark_identifiers.csv","38548071d5aa652bb90c7f111f86b427f798a1c9"
"834CLKE812","clark_r8",812,8,"02","01","SN","01","4","R8_CEQN","validation","TREEVOLUME_FIXTURES/clark_identifiers.csv","38548071d5aa652bb90c7f111f86b427f798a1c9"
"834CLKE813","clark_r8",813,8,"02","01","SN","01","4","R8_CEQN","validation","TREEVOLUME_FIXTURES/clark_identifiers.csv","38548071d5aa652bb90c7f111f86b427f798a1c9"
"834CLKE817","clark_r8",817,8,"02","01","SN","01","4","R8_CEQN","validation","TREEVOLUME_FIXTURES/clark_identifiers.csv","38548071d5aa652bb90c7f111f86b427f798a1c9"
"834CLKE820","clark_r8",820,8,"02","01","SN","01","4","R8_CEQN","validation","TREEVOLUME_FIXTURES/clark_identifiers.csv","38548071d5aa652bb90c7f111f86b427f798a1c9"
"834CLKE822","clark_r8",822,8,"02","01","SN","01","4","R8_CEQN","validation","TREEVOLUME_FIXTURES/clark_identifiers.csv","38548071d5aa652bb90c7f111f86b427f798a1c9"
"834CLKE823","clark_r8",823,8,"02","01","SN","01","4","R8_CEQN","validation","TREEVOLUME_FIXTURES/clark_identifiers.csv","38548071d5aa652bb90c7f111f86b427f798a1c9"
"834CLKE825","clark_r8",825,8,"02","01","SN","01","4","R8_CEQN","validation","TREEVOLUME_FIXTURES/clark_identifiers.csv","38548071d5aa652bb90c7f111f86b427f798a1c9"
"834CLKE826","clark_r8",826,8,"02","01","SN","01","4","R8_CEQN","validation","TREEVOLUME_FIXTURES/clark_identifiers.csv","38548071d5aa652bb90c7f111f86b427f798a1c9"
"834CLKE827","clark_r8",827,8,"02","01","SN","01","4","R8_CEQN","validation","TREEVOLUME_FIXTURES/clark_identifiers.csv","38548071d5aa652bb90c7f111f86b427f798a1c9"
"834CLKE828","clark_r8",828,8,"02","01","SN","01","4","R8_CEQN","validation","TREEVOLUME_FIXTURES/clark_identifiers.csv","38548071d5aa652bb90c7f111f86b427f798a1c9"
"834CLKE830","clark_r8",830,8,"02","01","SN","01","4","R8_CEQN","validation","TREEVOLUME_FIXTURES/clark_identifiers.csv","38548071d5aa652bb90c7f111f86b427f798a1c9"
"834CLKE831","clark_r8",831,8,"02","01","SN","01","4","R8_CEQN","validation","TREEVOLUME_FIXTURES/clark_identifiers.csv","38548071d5aa652bb90c7f111f86b427f798a1c9"
"834CLKE832","clark_r8",832,8,"02","01","SN","01","4","R8_CEQN","validation","TREEVOLUME_FIXTURES/clark_identifiers.csv","38548071d5aa652bb90c7f111f86b427f798a1c9"
"834CLKE833","clark_r8",833,8,"02","01","SN","01","4","R8_CEQN","validation","TREEVOLUME_FIXTURES/clark_identifiers.csv","38548071d5aa652bb90c7f111f86b427f798a1c9"
"834CLKE834","clark_r8",834,8,"02","01","SN","01","4","R8_CEQN","validation","TREEVOLUME_FIXTURES/clark_identifiers.csv","38548071d5aa652bb90c7f111f86b427f798a1c9"
"834CLKE835","clark_r8",835,8,"02","01","SN","01","4","R8_CEQN","validation","TREEVOLUME_FIXTURES/clark_identifiers.csv","38548071d5aa652bb90c7f111f86b427f798a1c9"
"834CLKE837","clark_r8",837,8,"02","01","SN","01","4","R8_CEQN","validation","TREEVOLUME_FIXTURES/clark_identifiers.csv","38548071d5aa652bb90c7f111f86b427f798a1c9"
"834CLKE901","clark_r8",901,8,"02","01","SN","01","4","R8_CEQN","validation","TREEVOLUME_FIXTURES/clark_identifiers.csv","38548071d5aa652bb90c7f111f86b427f798a1c9"
"834CLKE920","clark_r8",920,8,"02","01","SN","01","4","R8_CEQN","validation","TREEVOLUME_FIXTURES/clark_identifiers.csv","38548071d5aa652bb90c7f111f86b427f798a1c9"
"834CLKE930","clark_r8",930,8,"02","01","SN","01","4","R8_CEQN","validation","TREEVOLUME_FIXTURES/clark_identifiers.csv","38548071d5aa652bb90c7f111f86b427f798a1c9"
"834CLKE950","clark_r8",950,8,"02","01","SN","01","4","R8_CEQN","validation","TREEVOLUME_FIXTURES/clark_identifiers.csv","38548071d5aa652bb90c7f111f86b427f798a1c9"
"834CLKE970","clark_r8",970,8,"02","01","SN","01","4","R8_CEQN","validation","TREEVOLUME_FIXTURES/clark_identifiers.csv","38548071d5aa652bb90c7f111f86b427f798a1c9"
"837CLKE100","clark_r8",100,8,"02","01","SN","01","7","R8_CEQN","validation","TREEVOLUME_FIXTURES/clark_identifiers.csv","38548071d5aa652bb90c7f111f86b427f798a1c9"
"837CLKE107","clark_r8",107,8,"02","01","SN","01","7","R8_CEQN","validation","TREEVOLUME_FIXTURES/clark_identifiers.csv","38548071d5aa652bb90c7f111f86b427f798a1c9"
"837CLKE110","clark_r8",110,8,"02","01","SN","01","7","R8_CEQN","validation","TREEVOLUME_FIXTURES/clark_identifiers.csv","38548071d5aa652bb90c7f111f86b427f798a1c9"
"837CLKE111","clark_r8",111,8,"02","01","SN","01","7","R8_CEQN","validation","TREEVOLUME_FIXTURES/clark_identifiers.csv","38548071d5aa652bb90c7f111f86b427f798a1c9"
"837CLKE115","clark_r8",115,8,"02","01","SN","01","7","R8_CEQN","validation","TREEVOLUME_FIXTURES/clark_identifiers.csv","38548071d5aa652bb90c7f111f86b427f798a1c9"
"837CLKE121","clark_r8",121,8,"02","01","SN","01","7","R8_CEQN","validation","TREEVOLUME_FIXTURES/clark_identifiers.csv","38548071d5aa652bb90c7f111f86b427f798a1c9"
"837CLKE123","clark_r8",123,8,"02","01","SN","01","7","R8_CEQN","validation","TREEVOLUME_FIXTURES/clark_identifiers.csv","38548071d5aa652bb90c7f111f86b427f798a1c9"
"837CLKE126","clark_r8",126,8,"02","01","SN","01","7","R8_CEQN","validation","TREEVOLUME_FIXTURES/clark_identifiers.csv","38548071d5aa652bb90c7f111f86b427f798a1c9"
"837CLKE128","clark_r8",128,8,"02","01","SN","01","7","R8_CEQN","validation","TREEVOLUME_FIXTURES/clark_identifiers.csv","38548071d5aa652bb90c7f111f86b427f798a1c9"
"837CLKE129","clark_r8",129,8,"02","01","SN","01","7","R8_CEQN","validation","TREEVOLUME_FIXTURES/clark_identifiers.csv","38548071d5aa652bb90c7f111f86b427f798a1c9"
"837CLKE131","clark_r8",131,8,"02","01","SN","01","7","R8_CEQN","validation","TREEVOLUME_FIXTURES/clark_identifiers.csv","38548071d5aa652bb90c7f111f86b427f798a1c9"
"837CLKE132","clark_r8",132,8,"02","01","SN","01","7","R8_CEQN","validation","TREEVOLUME_FIXTURES/clark_identifiers.csv","38548071d5aa652bb90c7f111f86b427f798a1c9"
"837CLKE197","clark_r8",197,8,"02","01","SN","01","7","R8_CEQN","validation","TREEVOLUME_FIXTURES/clark_identifiers.csv","38548071d5aa652bb90c7f111f86b427f798a1c9"
"837CLKE221","clark_r8",221,8,"02","01","SN","01","7","R8_CEQN","validation","TREEVOLUME_FIXTURES/clark_identifiers.csv","38548071d5aa652bb90c7f111f86b427f798a1c9"
"837CLKE222","clark_r8",222,8,"02","01","SN","01","7","R8_CEQN","validation","TREEVOLUME_FIXTURES/clark_identifiers.csv","38548071d5aa652bb90c7f111f86b427f798a1c9"
"837CLKE261","clark_r8",261,8,"02","01","SN","01","7","R8_CEQN","validation","TREEVOLUME_FIXTURES/clark_identifiers.csv","38548071d5aa652bb90c7f111f86b427f798a1c9"
"837CLKE300","clark_r8",300,8,"02","01","SN","01","7","R8_CEQN","validation","TREEVOLUME_FIXTURES/clark_identifiers.csv","38548071d5aa652bb90c7f111f86b427f798a1c9"
"837CLKE313","clark_r8",313,8,"02","01","SN","01","7","R8_CEQN","validation","TREEVOLUME_FIXTURES/clark_identifiers.csv","38548071d5aa652bb90c7f111f86b427f798a1c9"
"837CLKE314","clark_r8",314,8,"02","01","SN","01","7","R8_CEQN","validation","TREEVOLUME_FIXTURES/clark_identifiers.csv","38548071d5aa652bb90c7f111f86b427f798a1c9"
"837CLKE316","clark_r8",316,8,"02","01","SN","01","7","R8_CEQN","validation","TREEVOLUME_FIXTURES/clark_identifiers.csv","38548071d5aa652bb90c7f111f86b427f798a1c9"
"837CLKE317","clark_r8",317,8,"02","01","SN","01","7","R8_CEQN","validation","TREEVOLUME_FIXTURES/clark_identifiers.csv","38548071d5aa652bb90c7f111f86b427f798a1c9"
"837CLKE318","clark_r8",318,8,"02","01","SN","01","7","R8_CEQN","validation","TREEVOLUME_FIXTURES/clark_identifiers.csv","38548071d5aa652bb90c7f111f86b427f798a1c9"
"837CLKE330","clark_r8",330,8,"02","01","SN","01","7","R8_CEQN","validation","TREEVOLUME_FIXTURES/clark_identifiers.csv","38548071d5aa652bb90c7f111f86b427f798a1c9"
"837CLKE370","clark_r8",370,8,"02","01","SN","01","7","R8_CEQN","validation","TREEVOLUME_FIXTURES/clark_identifiers.csv","38548071d5aa652bb90c7f111f86b427f798a1c9"
"837CLKE400","clark_r8",400,8,"02","01","SN","01","7","R8_CEQN","validation","TREEVOLUME_FIXTURES/clark_identifiers.csv","38548071d5aa652bb90c7f111f86b427f798a1c9"
"837CLKE404","clark_r8",404,8,"02","01","SN","01","7","R8_CEQN","validation","TREEVOLUME_FIXTURES/clark_identifiers.csv","38548071d5aa652bb90c7f111f86b427f798a1c9"
"837CLKE460","clark_r8",460,8,"02","01","SN","01","7","R8_CEQN","validation","TREEVOLUME_FIXTURES/clark_identifiers.csv","38548071d5aa652bb90c7f111f86b427f798a1c9"
"837CLKE500","clark_r8",500,8,"02","01","SN","01","7","R8_CEQN","validation","TREEVOLUME_FIXTURES/clark_identifiers.csv","38548071d5aa652bb90c7f111f86b427f798a1c9"
"837CLKE521","clark_r8",521,8,"02","01","SN","01","7","R8_CEQN","validation","TREEVOLUME_FIXTURES/clark_identifiers.csv","38548071d5aa652bb90c7f111f86b427f798a1c9"
"837CLKE531","clark_r8",531,8,"02","01","SN","01","7","R8_CEQN","validation","TREEVOLUME_FIXTURES/clark_identifiers.csv","38548071d5aa652bb90c7f111f86b427f798a1c9"
"837CLKE541","clark_r8",541,8,"02","01","SN","01","7","R8_CEQN","validation","TREEVOLUME_FIXTURES/clark_identifiers.csv","38548071d5aa652bb90c7f111f86b427f798a1c9"
"837CLKE544","clark_r8",544,8,"02","01","SN","01","7","R8_CEQN","validation","TREEVOLUME_FIXTURES/clark_identifiers.csv","38548071d5aa652bb90c7f111f86b427f798a1c9"
"837CLKE545","clark_r8",545,8,"02","01","SN","01","7","R8_CEQN","validation","TREEVOLUME_FIXTURES/clark_identifiers.csv","38548071d5aa652bb90c7f111f86b427f798a1c9"
"837CLKE546","clark_r8",546,8,"02","01","SN","01","7","R8_CEQN","validation","TREEVOLUME_FIXTURES/clark_identifiers.csv","38548071d5aa652bb90c7f111f86b427f798a1c9"
"837CLKE550","clark_r8",550,8,"02","01","SN","01","7","R8_CEQN","validation","TREEVOLUME_FIXTURES/clark_identifiers.csv","38548071d5aa652bb90c7f111f86b427f798a1c9"
"837CLKE580","clark_r8",580,8,"02","01","SN","01","7","R8_CEQN","validation","TREEVOLUME_FIXTURES/clark_identifiers.csv","38548071d5aa652bb90c7f111f86b427f798a1c9"
"837CLKE601","clark_r8",601,8,"02","01","SN","01","7","R8_CEQN","validation","TREEVOLUME_FIXTURES/clark_identifiers.csv","38548071d5aa652bb90c7f111f86b427f798a1c9"
"837CLKE602","clark_r8",602,8,"02","01","SN","01","7","R8_CEQN","validation","TREEVOLUME_FIXTURES/clark_identifiers.csv","38548071d5aa652bb90c7f111f86b427f798a1c9"
"837CLKE611","clark_r8",611,8,"02","01","SN","01","7","R8_CEQN","validation","TREEVOLUME_FIXTURES/clark_identifiers.csv","38548071d5aa652bb90c7f111f86b427f798a1c9"
"837CLKE621","clark_r8",621,8,"02","01","SN","01","7","R8_CEQN","validation","TREEVOLUME_FIXTURES/clark_identifiers.csv","38548071d5aa652bb90c7f111f86b427f798a1c9"
"837CLKE650","clark_r8",650,8,"02","01","SN","01","7","R8_CEQN","validation","TREEVOLUME_FIXTURES/clark_identifiers.csv","38548071d5aa652bb90c7f111f86b427f798a1c9"
"837CLKE651","clark_r8",651,8,"02","01","SN","01","7","R8_CEQN","validation","TREEVOLUME_FIXTURES/clark_identifiers.csv","38548071d5aa652bb90c7f111f86b427f798a1c9"
"837CLKE652","clark_r8",652,8,"02","01","SN","01","7","R8_CEQN","validation","TREEVOLUME_FIXTURES/clark_identifiers.csv","38548071d5aa652bb90c7f111f86b427f798a1c9"
"837CLKE653","clark_r8",653,8,"02","01","SN","01","7","R8_CEQN","validation","TREEVOLUME_FIXTURES/clark_identifiers.csv","38548071d5aa652bb90c7f111f86b427f798a1c9"
"837CLKE691","clark_r8",691,8,"02","01","SN","01","7","R8_CEQN","validation","TREEVOLUME_FIXTURES/clark_identifiers.csv","38548071d5aa652bb90c7f111f86b427f798a1c9"
"837CLKE693","clark_r8",693,8,"02","01","SN","01","7","R8_CEQN","validation","TREEVOLUME_FIXTURES/clark_identifiers.csv","38548071d5aa652bb90c7f111f86b427f798a1c9"
"837CLKE694","clark_r8",694,8,"02","01","SN","01","7","R8_CEQN","validation","TREEVOLUME_FIXTURES/clark_identifiers.csv","38548071d5aa652bb90c7f111f86b427f798a1c9"
"837CLKE711","clark_r8",711,8,"02","01","SN","01","7","R8_CEQN","validation","TREEVOLUME_FIXTURES/clark_identifiers.csv","38548071d5aa652bb90c7f111f86b427f798a1c9"
"837CLKE731","clark_r8",731,8,"02","01","SN","01","7","R8_CEQN","validation","TREEVOLUME_FIXTURES/clark_identifiers.csv","38548071d5aa652bb90c7f111f86b427f798a1c9"
"837CLKE742","clark_r8",742,8,"02","01","SN","01","7","R8_CEQN","validation","TREEVOLUME_FIXTURES/clark_identifiers.csv","38548071d5aa652bb90c7f111f86b427f798a1c9"
"837CLKE762","clark_r8",762,8,"02","01","SN","01","7","R8_CEQN","validation","TREEVOLUME_FIXTURES/clark_identifiers.csv","38548071d5aa652bb90c7f111f86b427f798a1c9"
"837CLKE800","clark_r8",800,8,"02","01","SN","01","7","R8_CEQN","validation","TREEVOLUME_FIXTURES/clark_identifiers.csv","38548071d5aa652bb90c7f111f86b427f798a1c9"
"837CLKE802","clark_r8",802,8,"02","01","SN","01","7","R8_CEQN","validation","TREEVOLUME_FIXTURES/clark_identifiers.csv","38548071d5aa652bb90c7f111f86b427f798a1c9"
"837CLKE804","clark_r8",804,8,"02","01","SN","01","7","R8_CEQN","validation","TREEVOLUME_FIXTURES/clark_identifiers.csv","38548071d5aa652bb90c7f111f86b427f798a1c9"
"837CLKE806","clark_r8",806,8,"02","01","SN","01","7","R8_CEQN","validation","TREEVOLUME_FIXTURES/clark_identifiers.csv","38548071d5aa652bb90c7f111f86b427f798a1c9"
"837CLKE812","clark_r8",812,8,"02","01","SN","01","7","R8_CEQN","validation","TREEVOLUME_FIXTURES/clark_identifiers.csv","38548071d5aa652bb90c7f111f86b427f798a1c9"
"837CLKE813","clark_r8",813,8,"02","01","SN","01","7","R8_CEQN","validation","TREEVOLUME_FIXTURES/clark_identifiers.csv","38548071d5aa652bb90c7f111f86b427f798a1c9"
"837CLKE817","clark_r8",817,8,"02","01","SN","01","7","R8_CEQN","validation","TREEVOLUME_FIXTURES/clark_identifiers.csv","38548071d5aa652bb90c7f111f86b427f798a1c9"
"837CLKE820","clark_r8",820,8,"02","01","SN","01","7","R8_CEQN","validation","TREEVOLUME_FIXTURES/clark_identifiers.csv","38548071d5aa652bb90c7f111f86b427f798a1c9"
"837CLKE822","clark_r8",822,8,"02","01","SN","01","7","R8_CEQN","validation","TREEVOLUME_FIXTURES/clark_identifiers.csv","38548071d5aa652bb90c7f111f86b427f798a1c9"
"837CLKE823","clark_r8",823,8,"02","01","SN","01","7","R8_CEQN","validation","TREEVOLUME_FIXTURES/clark_identifiers.csv","38548071d5aa652bb90c7f111f86b427f798a1c9"
"837CLKE825","clark_r8",825,8,"02","01","SN","01","7","R8_CEQN","validation","TREEVOLUME_FIXTURES/clark_identifiers.csv","38548071d5aa652bb90c7f111f86b427f798a1c9"
"837CLKE826","clark_r8",826,8,"02","01","SN","01","7","R8_CEQN","validation","TREEVOLUME_FIXTURES/clark_identifiers.csv","38548071d5aa652bb90c7f111f86b427f798a1c9"
"837CLKE827","clark_r8",827,8,"02","01","SN","01","7","R8_CEQN","validation","TREEVOLUME_FIXTURES/clark_identifiers.csv","38548071d5aa652bb90c7f111f86b427f798a1c9"
"837CLKE828","clark_r8",828,8,"02","01","SN","01","7","R8_CEQN","validation","TREEVOLUME_FIXTURES/clark_identifiers.csv","38548071d5aa652bb90c7f111f86b427f798a1c9"
"837CLKE830","clark_r8",830,8,"02","01","SN","01","7","R8_CEQN","validation","TREEVOLUME_FIXTURES/clark_identifiers.csv","38548071d5aa652bb90c7f111f86b427f798a1c9"
"837CLKE831","clark_r8",831,8,"02","01","SN","01","7","R8_CEQN","validation","TREEVOLUME_FIXTURES/clark_identifiers.csv","38548071d5aa652bb90c7f111f86b427f798a1c9"
"837CLKE832","clark_r8",832,8,"02","01","SN","01","7","R8_CEQN","validation","TREEVOLUME_FIXTURES/clark_identifiers.csv","38548071d5aa652bb90c7f111f86b427f798a1c9"
"837CLKE833","clark_r8",833,8,"02","01","SN","01","7","R8_CEQN","validation","TREEVOLUME_FIXTURES/clark_identifiers.csv","38548071d5aa652bb90c7f111f86b427f798a1c9"
"837CLKE834","clark_r8",834,8,"02","01","SN","01","7","R8_CEQN","validation","TREEVOLUME_FIXTURES/clark_identifiers.csv","38548071d5aa652bb90c7f111f86b427f798a1c9"
"837CLKE835","clark_r8",835,8,"02","01","SN","01","7","R8_CEQN","validation","TREEVOLUME_FIXTURES/clark_identifiers.csv","38548071d5aa652bb90c7f111f86b427f798a1c9"
"837CLKE837","clark_r8",837,8,"02","01","SN","01","7","R8_CEQN","validation","TREEVOLUME_FIXTURES/clark_identifiers.csv","38548071d5aa652bb90c7f111f86b427f798a1c9"
"837CLKE901","clark_r8",901,8,"02","01","SN","01","7","R8_CEQN","validation","TREEVOLUME_FIXTURES/clark_identifiers.csv","38548071d5aa652bb90c7f111f86b427f798a1c9"
"837CLKE920","clark_r8",920,8,"02","01","SN","01","7","R8_CEQN","validation","TREEVOLUME_FIXTURES/clark_identifiers.csv","38548071d5aa652bb90c7f111f86b427f798a1c9"
"837CLKE930","clark_r8",930,8,"02","01","SN","01","7","R8_CEQN","validation","TREEVOLUME_FIXTURES/clark_identifiers.csv","38548071d5aa652bb90c7f111f86b427f798a1c9"
"837CLKE950","clark_r8",950,8,"02","01","SN","01","7","R8_CEQN","validation","TREEVOLUME_FIXTURES/clark_identifiers.csv","38548071d5aa652bb90c7f111f86b427f798a1c9"
"837CLKE970","clark_r8",970,8,"02","01","SN","01","7","R8_CEQN","validation","TREEVOLUME_FIXTURES/clark_identifiers.csv","38548071d5aa652bb90c7f111f86b427f798a1c9"
"838CLKE100","clark_r8",100,8,"02","01","SN","01","8","R8_CEQN","validation","TREEVOLUME_FIXTURES/clark_identifiers.csv","38548071d5aa652bb90c7f111f86b427f798a1c9"
"838CLKE107","clark_r8",107,8,"02","01","SN","01","8","R8_CEQN","validation","TREEVOLUME_FIXTURES/clark_identifiers.csv","38548071d5aa652bb90c7f111f86b427f798a1c9"
"838CLKE110","clark_r8",110,8,"02","01","SN","01","8","R8_CEQN","validation","TREEVOLUME_FIXTURES/clark_identifiers.csv","38548071d5aa652bb90c7f111f86b427f798a1c9"
"838CLKE111","clark_r8",111,8,"02","01","SN","01","8","R8_CEQN","validation","TREEVOLUME_FIXTURES/clark_identifiers.csv","38548071d5aa652bb90c7f111f86b427f798a1c9"
"838CLKE115","clark_r8",115,8,"02","01","SN","01","8","R8_CEQN","validation","TREEVOLUME_FIXTURES/clark_identifiers.csv","38548071d5aa652bb90c7f111f86b427f798a1c9"
"838CLKE121","clark_r8",121,8,"02","01","SN","01","8","R8_CEQN","validation","TREEVOLUME_FIXTURES/clark_identifiers.csv","38548071d5aa652bb90c7f111f86b427f798a1c9"
"838CLKE123","clark_r8",123,8,"02","01","SN","01","8","R8_CEQN","validation","TREEVOLUME_FIXTURES/clark_identifiers.csv","38548071d5aa652bb90c7f111f86b427f798a1c9"
"838CLKE126","clark_r8",126,8,"02","01","SN","01","8","R8_CEQN","validation","TREEVOLUME_FIXTURES/clark_identifiers.csv","38548071d5aa652bb90c7f111f86b427f798a1c9"
"838CLKE128","clark_r8",128,8,"02","01","SN","01","8","R8_CEQN","validation","TREEVOLUME_FIXTURES/clark_identifiers.csv","38548071d5aa652bb90c7f111f86b427f798a1c9"
"838CLKE129","clark_r8",129,8,"02","01","SN","01","8","R8_CEQN","validation","TREEVOLUME_FIXTURES/clark_identifiers.csv","38548071d5aa652bb90c7f111f86b427f798a1c9"
"838CLKE131","clark_r8",131,8,"02","01","SN","01","8","R8_CEQN","validation","TREEVOLUME_FIXTURES/clark_identifiers.csv","38548071d5aa652bb90c7f111f86b427f798a1c9"
"838CLKE132","clark_r8",132,8,"02","01","SN","01","8","R8_CEQN","validation","TREEVOLUME_FIXTURES/clark_identifiers.csv","38548071d5aa652bb90c7f111f86b427f798a1c9"
"838CLKE197","clark_r8",197,8,"02","01","SN","01","8","R8_CEQN","validation","TREEVOLUME_FIXTURES/clark_identifiers.csv","38548071d5aa652bb90c7f111f86b427f798a1c9"
"838CLKE221","clark_r8",221,8,"02","01","SN","01","8","R8_CEQN","validation","TREEVOLUME_FIXTURES/clark_identifiers.csv","38548071d5aa652bb90c7f111f86b427f798a1c9"
"838CLKE222","clark_r8",222,8,"02","01","SN","01","8","R8_CEQN","validation","TREEVOLUME_FIXTURES/clark_identifiers.csv","38548071d5aa652bb90c7f111f86b427f798a1c9"
"838CLKE261","clark_r8",261,8,"02","01","SN","01","8","R8_CEQN","validation","TREEVOLUME_FIXTURES/clark_identifiers.csv","38548071d5aa652bb90c7f111f86b427f798a1c9"
"838CLKE300","clark_r8",300,8,"02","01","SN","01","8","R8_CEQN","validation","TREEVOLUME_FIXTURES/clark_identifiers.csv","38548071d5aa652bb90c7f111f86b427f798a1c9"
"838CLKE313","clark_r8",313,8,"02","01","SN","01","8","R8_CEQN","validation","TREEVOLUME_FIXTURES/clark_identifiers.csv","38548071d5aa652bb90c7f111f86b427f798a1c9"
"838CLKE314","clark_r8",314,8,"02","01","SN","01","8","R8_CEQN","validation","TREEVOLUME_FIXTURES/clark_identifiers.csv","38548071d5aa652bb90c7f111f86b427f798a1c9"
"838CLKE316","clark_r8",316,8,"02","01","SN","01","8","R8_CEQN","validation","TREEVOLUME_FIXTURES/clark_identifiers.csv","38548071d5aa652bb90c7f111f86b427f798a1c9"
"838CLKE317","clark_r8",317,8,"02","01","SN","01","8","R8_CEQN","validation","TREEVOLUME_FIXTURES/clark_identifiers.csv","38548071d5aa652bb90c7f111f86b427f798a1c9"
"838CLKE318","clark_r8",318,8,"02","01","SN","01","8","R8_CEQN","validation","TREEVOLUME_FIXTURES/clark_identifiers.csv","38548071d5aa652bb90c7f111f86b427f798a1c9"
"838CLKE330","clark_r8",330,8,"02","01","SN","01","8","R8_CEQN","validation","TREEVOLUME_FIXTURES/clark_identifiers.csv","38548071d5aa652bb90c7f111f86b427f798a1c9"
"838CLKE370","clark_r8",370,8,"02","01","SN","01","8","R8_CEQN","validation","TREEVOLUME_FIXTURES/clark_identifiers.csv","38548071d5aa652bb90c7f111f86b427f798a1c9"
"838CLKE400","clark_r8",400,8,"02","01","SN","01","8","R8_CEQN","validation","TREEVOLUME_FIXTURES/clark_identifiers.csv","38548071d5aa652bb90c7f111f86b427f798a1c9"
"838CLKE404","clark_r8",404,8,"02","01","SN","01","8","R8_CEQN","validation","TREEVOLUME_FIXTURES/clark_identifiers.csv","38548071d5aa652bb90c7f111f86b427f798a1c9"
"838CLKE460","clark_r8",460,8,"02","01","SN","01","8","R8_CEQN","validation","TREEVOLUME_FIXTURES/clark_identifiers.csv","38548071d5aa652bb90c7f111f86b427f798a1c9"
"838CLKE500","clark_r8",500,8,"02","01","SN","01","8","R8_CEQN","validation","TREEVOLUME_FIXTURES/clark_identifiers.csv","38548071d5aa652bb90c7f111f86b427f798a1c9"
"838CLKE521","clark_r8",521,8,"02","01","SN","01","8","R8_CEQN","validation","TREEVOLUME_FIXTURES/clark_identifiers.csv","38548071d5aa652bb90c7f111f86b427f798a1c9"
"838CLKE531","clark_r8",531,8,"02","01","SN","01","8","R8_CEQN","validation","TREEVOLUME_FIXTURES/clark_identifiers.csv","38548071d5aa652bb90c7f111f86b427f798a1c9"
"838CLKE541","clark_r8",541,8,"02","01","SN","01","8","R8_CEQN","validation","TREEVOLUME_FIXTURES/clark_identifiers.csv","38548071d5aa652bb90c7f111f86b427f798a1c9"
"838CLKE544","clark_r8",544,8,"02","01","SN","01","8","R8_CEQN","validation","TREEVOLUME_FIXTURES/clark_identifiers.csv","38548071d5aa652bb90c7f111f86b427f798a1c9"
"838CLKE545","clark_r8",545,8,"02","01","SN","01","8","R8_CEQN","validation","TREEVOLUME_FIXTURES/clark_identifiers.csv","38548071d5aa652bb90c7f111f86b427f798a1c9"
"838CLKE546","clark_r8",546,8,"02","01","SN","01","8","R8_CEQN","validation","TREEVOLUME_FIXTURES/clark_identifiers.csv","38548071d5aa652bb90c7f111f86b427f798a1c9"
"838CLKE550","clark_r8",550,8,"02","01","SN","01","8","R8_CEQN","validation","TREEVOLUME_FIXTURES/clark_identifiers.csv","38548071d5aa652bb90c7f111f86b427f798a1c9"
"838CLKE580","clark_r8",580,8,"02","01","SN","01","8","R8_CEQN","validation","TREEVOLUME_FIXTURES/clark_identifiers.csv","38548071d5aa652bb90c7f111f86b427f798a1c9"
"838CLKE601","clark_r8",601,8,"02","01","SN","01","8","R8_CEQN","validation","TREEVOLUME_FIXTURES/clark_identifiers.csv","38548071d5aa652bb90c7f111f86b427f798a1c9"
"838CLKE602","clark_r8",602,8,"02","01","SN","01","8","R8_CEQN","validation","TREEVOLUME_FIXTURES/clark_identifiers.csv","38548071d5aa652bb90c7f111f86b427f798a1c9"
"838CLKE611","clark_r8",611,8,"02","01","SN","01","8","R8_CEQN","validation","TREEVOLUME_FIXTURES/clark_identifiers.csv","38548071d5aa652bb90c7f111f86b427f798a1c9"
"838CLKE621","clark_r8",621,8,"02","01","SN","01","8","R8_CEQN","validation","TREEVOLUME_FIXTURES/clark_identifiers.csv","38548071d5aa652bb90c7f111f86b427f798a1c9"
"838CLKE650","clark_r8",650,8,"02","01","SN","01","8","R8_CEQN","validation","TREEVOLUME_FIXTURES/clark_identifiers.csv","38548071d5aa652bb90c7f111f86b427f798a1c9"
"838CLKE651","clark_r8",651,8,"02","01","SN","01","8","R8_CEQN","validation","TREEVOLUME_FIXTURES/clark_identifiers.csv","38548071d5aa652bb90c7f111f86b427f798a1c9"
"838CLKE652","clark_r8",652,8,"02","01","SN","01","8","R8_CEQN","validation","TREEVOLUME_FIXTURES/clark_identifiers.csv","38548071d5aa652bb90c7f111f86b427f798a1c9"
"838CLKE653","clark_r8",653,8,"02","01","SN","01","8","R8_CEQN","validation","TREEVOLUME_FIXTURES/clark_identifiers.csv","38548071d5aa652bb90c7f111f86b427f798a1c9"
"838CLKE691","clark_r8",691,8,"02","01","SN","01","8","R8_CEQN","validation","TREEVOLUME_FIXTURES/clark_identifiers.csv","38548071d5aa652bb90c7f111f86b427f798a1c9"
"838CLKE693","clark_r8",693,8,"02","01","SN","01","8","R8_CEQN","validation","TREEVOLUME_FIXTURES/clark_identifiers.csv","38548071d5aa652bb90c7f111f86b427f798a1c9"
"838CLKE694","clark_r8",694,8,"02","01","SN","01","8","R8_CEQN","validation","TREEVOLUME_FIXTURES/clark_identifiers.csv","38548071d5aa652bb90c7f111f86b427f798a1c9"
"838CLKE711","clark_r8",711,8,"02","01","SN","01","8","R8_CEQN","validation","TREEVOLUME_FIXTURES/clark_identifiers.csv","38548071d5aa652bb90c7f111f86b427f798a1c9"
"838CLKE731","clark_r8",731,8,"02","01","SN","01","8","R8_CEQN","validation","TREEVOLUME_FIXTURES/clark_identifiers.csv","38548071d5aa652bb90c7f111f86b427f798a1c9"
"838CLKE742","clark_r8",742,8,"02","01","SN","01","8","R8_CEQN","validation","TREEVOLUME_FIXTURES/clark_identifiers.csv","38548071d5aa652bb90c7f111f86b427f798a1c9"
"838CLKE762","clark_r8",762,8,"02","01","SN","01","8","R8_CEQN","validation","TREEVOLUME_FIXTURES/clark_identifiers.csv","38548071d5aa652bb90c7f111f86b427f798a1c9"
"838CLKE800","clark_r8",800,8,"02","01","SN","01","8","R8_CEQN","validation","TREEVOLUME_FIXTURES/clark_identifiers.csv","38548071d5aa652bb90c7f111f86b427f798a1c9"
"838CLKE802","clark_r8",802,8,"02","01","SN","01","8","R8_CEQN","validation","TREEVOLUME_FIXTURES/clark_identifiers.csv","38548071d5aa652bb90c7f111f86b427f798a1c9"
"838CLKE804","clark_r8",804,8,"02","01","SN","01","8","R8_CEQN","validation","TREEVOLUME_FIXTURES/clark_identifiers.csv","38548071d5aa652bb90c7f111f86b427f798a1c9"
"838CLKE806","clark_r8",806,8,"02","01","SN","01","8","R8_CEQN","validation","TREEVOLUME_FIXTURES/clark_identifiers.csv","38548071d5aa652bb90c7f111f86b427f798a1c9"
"838CLKE812","clark_r8",812,8,"02","01","SN","01","8","R8_CEQN","validation","TREEVOLUME_FIXTURES/clark_identifiers.csv","38548071d5aa652bb90c7f111f86b427f798a1c9"
"838CLKE813","clark_r8",813,8,"02","01","SN","01","8","R8_CEQN","validation","TREEVOLUME_FIXTURES/clark_identifiers.csv","38548071d5aa652bb90c7f111f86b427f798a1c9"
"838CLKE817","clark_r8",817,8,"02","01","SN","01","8","R8_CEQN","validation","TREEVOLUME_FIXTURES/clark_identifiers.csv","38548071d5aa652bb90c7f111f86b427f798a1c9"
"838CLKE820","clark_r8",820,8,"02","01","SN","01","8","R8_CEQN","validation","TREEVOLUME_FIXTURES/clark_identifiers.csv","38548071d5aa652bb90c7f111f86b427f798a1c9"
"838CLKE822","clark_r8",822,8,"02","01","SN","01","8","R8_CEQN","validation","TREEVOLUME_FIXTURES/clark_identifiers.csv","38548071d5aa652bb90c7f111f86b427f798a1c9"
"838CLKE823","clark_r8",823,8,"02","01","SN","01","8","R8_CEQN","validation","TREEVOLUME_FIXTURES/clark_identifiers.csv","38548071d5aa652bb90c7f111f86b427f798a1c9"
"838CLKE825","clark_r8",825,8,"02","01","SN","01","8","R8_CEQN","validation","TREEVOLUME_FIXTURES/clark_identifiers.csv","38548071d5aa652bb90c7f111f86b427f798a1c9"
"838CLKE826","clark_r8",826,8,"02","01","SN","01","8","R8_CEQN","validation","TREEVOLUME_FIXTURES/clark_identifiers.csv","38548071d5aa652bb90c7f111f86b427f798a1c9"
"838CLKE827","clark_r8",827,8,"02","01","SN","01","8","R8_CEQN","validation","TREEVOLUME_FIXTURES/clark_identifiers.csv","38548071d5aa652bb90c7f111f86b427f798a1c9"
"838CLKE828","clark_r8",828,8,"02","01","SN","01","8","R8_CEQN","validation","TREEVOLUME_FIXTURES/clark_identifiers.csv","38548071d5aa652bb90c7f111f86b427f798a1c9"
"838CLKE830","clark_r8",830,8,"02","01","SN","01","8","R8_CEQN","validation","TREEVOLUME_FIXTURES/clark_identifiers.csv","38548071d5aa652bb90c7f111f86b427f798a1c9"
"838CLKE831","clark_r8",831,8,"02","01","SN","01","8","R8_CEQN","validation","TREEVOLUME_FIXTURES/clark_identifiers.csv","38548071d5aa652bb90c7f111f86b427f798a1c9"
"838CLKE832","clark_r8",832,8,"02","01","SN","01","8","R8_CEQN","validation","TREEVOLUME_FIXTURES/clark_identifiers.csv","38548071d5aa652bb90c7f111f86b427f798a1c9"
"838CLKE833","clark_r8",833,8,"02","01","SN","01","8","R8_CEQN","validation","TREEVOLUME_FIXTURES/clark_identifiers.csv","38548071d5aa652bb90c7f111f86b427f798a1c9"
"838CLKE834","clark_r8",834,8,"02","01","SN","01","8","R8_CEQN","validation","TREEVOLUME_FIXTURES/clark_identifiers.csv","38548071d5aa652bb90c7f111f86b427f798a1c9"
"838CLKE835","clark_r8",835,8,"02","01","SN","01","8","R8_CEQN","validation","TREEVOLUME_FIXTURES/clark_identifiers.csv","38548071d5aa652bb90c7f111f86b427f798a1c9"
"838CLKE837","clark_r8",837,8,"02","01","SN","01","8","R8_CEQN","validation","TREEVOLUME_FIXTURES/clark_identifiers.csv","38548071d5aa652bb90c7f111f86b427f798a1c9"
"838CLKE901","clark_r8",901,8,"02","01","SN","01","8","R8_CEQN","validation","TREEVOLUME_FIXTURES/clark_identifiers.csv","38548071d5aa652bb90c7f111f86b427f798a1c9"
"838CLKE920","clark_r8",920,8,"02","01","SN","01","8","R8_CEQN","validation","TREEVOLUME_FIXTURES/clark_identifiers.csv","38548071d5aa652bb90c7f111f86b427f798a1c9"
"838CLKE930","clark_r8",930,8,"02","01","SN","01","8","R8_CEQN","validation","TREEVOLUME_FIXTURES/clark_identifiers.csv","38548071d5aa652bb90c7f111f86b427f798a1c9"
"838CLKE950","clark_r8",950,8,"02","01","SN","01","8","R8_CEQN","validation","TREEVOLUME_FIXTURES/clark_identifiers.csv","38548071d5aa652bb90c7f111f86b427f798a1c9"
"838CLKE970","clark_r8",970,8,"02","01","SN","01","8","R8_CEQN","validation","TREEVOLUME_FIXTURES/clark_identifiers.csv","38548071d5aa652bb90c7f111f86b427f798a1c9"
"839CLKE100","clark_r8",100,8,"02","01","SN","01","9","R8_CEQN","validation","TREEVOLUME_FIXTURES/clark_identifiers.csv","38548071d5aa652bb90c7f111f86b427f798a1c9"
"839CLKE107","clark_r8",107,8,"02","01","SN","01","9","R8_CEQN","validation","TREEVOLUME_FIXTURES/clark_identifiers.csv","38548071d5aa652bb90c7f111f86b427f798a1c9"
"839CLKE110","clark_r8",110,8,"02","01","SN","01","9","R8_CEQN","validation","TREEVOLUME_FIXTURES/clark_identifiers.csv","38548071d5aa652bb90c7f111f86b427f798a1c9"
"839CLKE111","clark_r8",111,8,"02","01","SN","01","9","R8_CEQN","validation","TREEVOLUME_FIXTURES/clark_identifiers.csv","38548071d5aa652bb90c7f111f86b427f798a1c9"
"839CLKE115","clark_r8",115,8,"02","01","SN","01","9","R8_CEQN","validation","TREEVOLUME_FIXTURES/clark_identifiers.csv","38548071d5aa652bb90c7f111f86b427f798a1c9"
"839CLKE121","clark_r8",121,8,"02","01","SN","01","9","R8_CEQN","validation","TREEVOLUME_FIXTURES/clark_identifiers.csv","38548071d5aa652bb90c7f111f86b427f798a1c9"
"839CLKE123","clark_r8",123,8,"02","01","SN","01","9","R8_CEQN","validation","TREEVOLUME_FIXTURES/clark_identifiers.csv","38548071d5aa652bb90c7f111f86b427f798a1c9"
"839CLKE126","clark_r8",126,8,"02","01","SN","01","9","R8_CEQN","validation","TREEVOLUME_FIXTURES/clark_identifiers.csv","38548071d5aa652bb90c7f111f86b427f798a1c9"
"839CLKE128","clark_r8",128,8,"02","01","SN","01","9","R8_CEQN","validation","TREEVOLUME_FIXTURES/clark_identifiers.csv","38548071d5aa652bb90c7f111f86b427f798a1c9"
"839CLKE129","clark_r8",129,8,"02","01","SN","01","9","R8_CEQN","validation","TREEVOLUME_FIXTURES/clark_identifiers.csv","38548071d5aa652bb90c7f111f86b427f798a1c9"
"839CLKE131","clark_r8",131,8,"02","01","SN","01","9","R8_CEQN","validation","TREEVOLUME_FIXTURES/clark_identifiers.csv","38548071d5aa652bb90c7f111f86b427f798a1c9"
"839CLKE132","clark_r8",132,8,"02","01","SN","01","9","R8_CEQN","validation","TREEVOLUME_FIXTURES/clark_identifiers.csv","38548071d5aa652bb90c7f111f86b427f798a1c9"
"839CLKE197","clark_r8",197,8,"02","01","SN","01","9","R8_CEQN","validation","TREEVOLUME_FIXTURES/clark_identifiers.csv","38548071d5aa652bb90c7f111f86b427f798a1c9"
"839CLKE221","clark_r8",221,8,"02","01","SN","01","9","R8_CEQN","validation","TREEVOLUME_FIXTURES/clark_identifiers.csv","38548071d5aa652bb90c7f111f86b427f798a1c9"
"839CLKE222","clark_r8",222,8,"02","01","SN","01","9","R8_CEQN","validation","TREEVOLUME_FIXTURES/clark_identifiers.csv","38548071d5aa652bb90c7f111f86b427f798a1c9"
"839CLKE261","clark_r8",261,8,"02","01","SN","01","9","R8_CEQN","validation","TREEVOLUME_FIXTURES/clark_identifiers.csv","38548071d5aa652bb90c7f111f86b427f798a1c9"
"839CLKE300","clark_r8",300,8,"02","01","SN","01","9","R8_CEQN","validation","TREEVOLUME_FIXTURES/clark_identifiers.csv","38548071d5aa652bb90c7f111f86b427f798a1c9"
"839CLKE313","clark_r8",313,8,"02","01","SN","01","9","R8_CEQN","validation","TREEVOLUME_FIXTURES/clark_identifiers.csv","38548071d5aa652bb90c7f111f86b427f798a1c9"
"839CLKE314","clark_r8",314,8,"02","01","SN","01","9","R8_CEQN","validation","TREEVOLUME_FIXTURES/clark_identifiers.csv","38548071d5aa652bb90c7f111f86b427f798a1c9"
"839CLKE316","clark_r8",316,8,"02","01","SN","01","9","R8_CEQN","validation","TREEVOLUME_FIXTURES/clark_identifiers.csv","38548071d5aa652bb90c7f111f86b427f798a1c9"
"839CLKE317","clark_r8",317,8,"02","01","SN","01","9","R8_CEQN","validation","TREEVOLUME_FIXTURES/clark_identifiers.csv","38548071d5aa652bb90c7f111f86b427f798a1c9"
"839CLKE318","clark_r8",318,8,"02","01","SN","01","9","R8_CEQN","validation","TREEVOLUME_FIXTURES/clark_identifiers.csv","38548071d5aa652bb90c7f111f86b427f798a1c9"
"839CLKE330","clark_r8",330,8,"02","01","SN","01","9","R8_CEQN","validation","TREEVOLUME_FIXTURES/clark_identifiers.csv","38548071d5aa652bb90c7f111f86b427f798a1c9"
"839CLKE370","clark_r8",370,8,"02","01","SN","01","9","R8_CEQN","validation","TREEVOLUME_FIXTURES/clark_identifiers.csv","38548071d5aa652bb90c7f111f86b427f798a1c9"
"839CLKE400","clark_r8",400,8,"02","01","SN","01","9","R8_CEQN","validation","TREEVOLUME_FIXTURES/clark_identifiers.csv","38548071d5aa652bb90c7f111f86b427f798a1c9"
"839CLKE404","clark_r8",404,8,"02","01","SN","01","9","R8_CEQN","validation","TREEVOLUME_FIXTURES/clark_identifiers.csv","38548071d5aa652bb90c7f111f86b427f798a1c9"
"839CLKE460","clark_r8",460,8,"02","01","SN","01","9","R8_CEQN","validation","TREEVOLUME_FIXTURES/clark_identifiers.csv","38548071d5aa652bb90c7f111f86b427f798a1c9"
"839CLKE500","clark_r8",500,8,"02","01","SN","01","9","R8_CEQN","validation","TREEVOLUME_FIXTURES/clark_identifiers.csv","38548071d5aa652bb90c7f111f86b427f798a1c9"
"839CLKE521","clark_r8",521,8,"02","01","SN","01","9","R8_CEQN","validation","TREEVOLUME_FIXTURES/clark_identifiers.csv","38548071d5aa652bb90c7f111f86b427f798a1c9"
"839CLKE531","clark_r8",531,8,"02","01","SN","01","9","R8_CEQN","validation","TREEVOLUME_FIXTURES/clark_identifiers.csv","38548071d5aa652bb90c7f111f86b427f798a1c9"
"839CLKE541","clark_r8",541,8,"02","01","SN","01","9","R8_CEQN","validation","TREEVOLUME_FIXTURES/clark_identifiers.csv","38548071d5aa652bb90c7f111f86b427f798a1c9"
"839CLKE544","clark_r8",544,8,"02","01","SN","01","9","R8_CEQN","validation","TREEVOLUME_FIXTURES/clark_identifiers.csv","38548071d5aa652bb90c7f111f86b427f798a1c9"
"839CLKE545","clark_r8",545,8,"02","01","SN","01","9","R8_CEQN","validation","TREEVOLUME_FIXTURES/clark_identifiers.csv","38548071d5aa652bb90c7f111f86b427f798a1c9"
"839CLKE546","clark_r8",546,8,"02","01","SN","01","9","R8_CEQN","validation","TREEVOLUME_FIXTURES/clark_identifiers.csv","38548071d5aa652bb90c7f111f86b427f798a1c9"
"839CLKE550","clark_r8",550,8,"02","01","SN","01","9","R8_CEQN","validation","TREEVOLUME_FIXTURES/clark_identifiers.csv","38548071d5aa652bb90c7f111f86b427f798a1c9"
"839CLKE580","clark_r8",580,8,"02","01","SN","01","9","R8_CEQN","validation","TREEVOLUME_FIXTURES/clark_identifiers.csv","38548071d5aa652bb90c7f111f86b427f798a1c9"
"839CLKE601","clark_r8",601,8,"02","01","SN","01","9","R8_CEQN","validation","TREEVOLUME_FIXTURES/clark_identifiers.csv","38548071d5aa652bb90c7f111f86b427f798a1c9"
"839CLKE602","clark_r8",602,8,"02","01","SN","01","9","R8_CEQN","validation","TREEVOLUME_FIXTURES/clark_identifiers.csv","38548071d5aa652bb90c7f111f86b427f798a1c9"
"839CLKE611","clark_r8",611,8,"02","01","SN","01","9","R8_CEQN","validation","TREEVOLUME_FIXTURES/clark_identifiers.csv","38548071d5aa652bb90c7f111f86b427f798a1c9"
"839CLKE621","clark_r8",621,8,"02","01","SN","01","9","R8_CEQN","validation","TREEVOLUME_FIXTURES/clark_identifiers.csv","38548071d5aa652bb90c7f111f86b427f798a1c9"
"839CLKE650","clark_r8",650,8,"02","01","SN","01","9","R8_CEQN","validation","TREEVOLUME_FIXTURES/clark_identifiers.csv","38548071d5aa652bb90c7f111f86b427f798a1c9"
"839CLKE651","clark_r8",651,8,"02","01","SN","01","9","R8_CEQN","validation","TREEVOLUME_FIXTURES/clark_identifiers.csv","38548071d5aa652bb90c7f111f86b427f798a1c9"
"839CLKE652","clark_r8",652,8,"02","01","SN","01","9","R8_CEQN","validation","TREEVOLUME_FIXTURES/clark_identifiers.csv","38548071d5aa652bb90c7f111f86b427f798a1c9"
"839CLKE653","clark_r8",653,8,"02","01","SN","01","9","R8_CEQN","validation","TREEVOLUME_FIXTURES/clark_identifiers.csv","38548071d5aa652bb90c7f111f86b427f798a1c9"
"839CLKE691","clark_r8",691,8,"02","01","SN","01","9","R8_CEQN","validation","TREEVOLUME_FIXTURES/clark_identifiers.csv","38548071d5aa652bb90c7f111f86b427f798a1c9"
"839CLKE693","clark_r8",693,8,"02","01","SN","01","9","R8_CEQN","validation","TREEVOLUME_FIXTURES/clark_identifiers.csv","38548071d5aa652bb90c7f111f86b427f798a1c9"
"839CLKE694","clark_r8",694,8,"02","01","SN","01","9","R8_CEQN","validation","TREEVOLUME_FIXTURES/clark_identifiers.csv","38548071d5aa652bb90c7f111f86b427f798a1c9"
"839CLKE711","clark_r8",711,8,"02","01","SN","01","9","R8_CEQN","validation","TREEVOLUME_FIXTURES/clark_identifiers.csv","38548071d5aa652bb90c7f111f86b427f798a1c9"
"839CLKE731","clark_r8",731,8,"02","01","SN","01","9","R8_CEQN","validation","TREEVOLUME_FIXTURES/clark_identifiers.csv","38548071d5aa652bb90c7f111f86b427f798a1c9"
"839CLKE742","clark_r8",742,8,"02","01","SN","01","9","R8_CEQN","validation","TREEVOLUME_FIXTURES/clark_identifiers.csv","38548071d5aa652bb90c7f111f86b427f798a1c9"
"839CLKE762","clark_r8",762,8,"02","01","SN","01","9","R8_CEQN","validation","TREEVOLUME_FIXTURES/clark_identifiers.csv","38548071d5aa652bb90c7f111f86b427f798a1c9"
"839CLKE800","clark_r8",800,8,"02","01","SN","01","9","R8_CEQN","validation","TREEVOLUME_FIXTURES/clark_identifiers.csv","38548071d5aa652bb90c7f111f86b427f798a1c9"
"839CLKE802","clark_r8",802,8,"02","01","SN","01","9","R8_CEQN","validation","TREEVOLUME_FIXTURES/clark_identifiers.csv","38548071d5aa652bb90c7f111f86b427f798a1c9"
"839CLKE804","clark_r8",804,8,"02","01","SN","01","9","R8_CEQN","validation","TREEVOLUME_FIXTURES/clark_identifiers.csv","38548071d5aa652bb90c7f111f86b427f798a1c9"
"839CLKE806","clark_r8",806,8,"02","01","SN","01","9","R8_CEQN","validation","TREEVOLUME_FIXTURES/clark_identifiers.csv","38548071d5aa652bb90c7f111f86b427f798a1c9"
"839CLKE812","clark_r8",812,8,"02","01","SN","01","9","R8_CEQN","validation","TREEVOLUME_FIXTURES/clark_identifiers.csv","38548071d5aa652bb90c7f111f86b427f798a1c9"
"839CLKE813","clark_r8",813,8,"02","01","SN","01","9","R8_CEQN","validation","TREEVOLUME_FIXTURES/clark_identifiers.csv","38548071d5aa652bb90c7f111f86b427f798a1c9"
"839CLKE817","clark_r8",817,8,"02","01","SN","01","9","R8_CEQN","validation","TREEVOLUME_FIXTURES/clark_identifiers.csv","38548071d5aa652bb90c7f111f86b427f798a1c9"
"839CLKE820","clark_r8",820,8,"02","01","SN","01","9","R8_CEQN","validation","TREEVOLUME_FIXTURES/clark_identifiers.csv","38548071d5aa652bb90c7f111f86b427f798a1c9"
"839CLKE822","clark_r8",822,8,"02","01","SN","01","9","R8_CEQN","validation","TREEVOLUME_FIXTURES/clark_identifiers.csv","38548071d5aa652bb90c7f111f86b427f798a1c9"
"839CLKE823","clark_r8",823,8,"02","01","SN","01","9","R8_CEQN","validation","TREEVOLUME_FIXTURES/clark_identifiers.csv","38548071d5aa652bb90c7f111f86b427f798a1c9"
"839CLKE825","clark_r8",825,8,"02","01","SN","01","9","R8_CEQN","validation","TREEVOLUME_FIXTURES/clark_identifiers.csv","38548071d5aa652bb90c7f111f86b427f798a1c9"
"839CLKE826","clark_r8",826,8,"02","01","SN","01","9","R8_CEQN","validation","TREEVOLUME_FIXTURES/clark_identifiers.csv","38548071d5aa652bb90c7f111f86b427f798a1c9"
"839CLKE827","clark_r8",827,8,"02","01","SN","01","9","R8_CEQN","validation","TREEVOLUME_FIXTURES/clark_identifiers.csv","38548071d5aa652bb90c7f111f86b427f798a1c9"
"839CLKE828","clark_r8",828,8,"02","01","SN","01","9","R8_CEQN","validation","TREEVOLUME_FIXTURES/clark_identifiers.csv","38548071d5aa652bb90c7f111f86b427f798a1c9"
"839CLKE830","clark_r8",830,8,"02","01","SN","01","9","R8_CEQN","validation","TREEVOLUME_FIXTURES/clark_identifiers.csv","38548071d5aa652bb90c7f111f86b427f798a1c9"
"839CLKE831","clark_r8",831,8,"02","01","SN","01","9","R8_CEQN","validation","TREEVOLUME_FIXTURES/clark_identifiers.csv","38548071d5aa652bb90c7f111f86b427f798a1c9"
"839CLKE832","clark_r8",832,8,"02","01","SN","01","9","R8_CEQN","validation","TREEVOLUME_FIXTURES/clark_identifiers.csv","38548071d5aa652bb90c7f111f86b427f798a1c9"
"839CLKE833","clark_r8",833,8,"02","01","SN","01","9","R8_CEQN","validation","TREEVOLUME_FIXTURES/clark_identifiers.csv","38548071d5aa652bb90c7f111f86b427f798a1c9"
"839CLKE834","clark_r8",834,8,"02","01","SN","01","9","R8_CEQN","validation","TREEVOLUME_FIXTURES/clark_identifiers.csv","38548071d5aa652bb90c7f111f86b427f798a1c9"
"839CLKE835","clark_r8",835,8,"02","01","SN","01","9","R8_CEQN","validation","TREEVOLUME_FIXTURES/clark_identifiers.csv","38548071d5aa652bb90c7f111f86b427f798a1c9"
"839CLKE837","clark_r8",837,8,"02","01","SN","01","9","R8_CEQN","validation","TREEVOLUME_FIXTURES/clark_identifiers.csv","38548071d5aa652bb90c7f111f86b427f798a1c9"
"839CLKE901","clark_r8",901,8,"02","01","SN","01","9","R8_CEQN","validation","TREEVOLUME_FIXTURES/clark_identifiers.csv","38548071d5aa652bb90c7f111f86b427f798a1c9"
"839CLKE920","clark_r8",920,8,"02","01","SN","01","9","R8_CEQN","validation","TREEVOLUME_FIXTURES/clark_identifiers.csv","38548071d5aa652bb90c7f111f86b427f798a1c9"
"839CLKE930","clark_r8",930,8,"02","01","SN","01","9","R8_CEQN","validation","TREEVOLUME_FIXTURES/clark_identifiers.csv","38548071d5aa652bb90c7f111f86b427f798a1c9"
"839CLKE950","clark_r8",950,8,"02","01","SN","01","9","R8_CEQN","validation","TREEVOLUME_FIXTURES/clark_identifiers.csv","38548071d5aa652bb90c7f111f86b427f798a1c9"
"839CLKE970","clark_r8",970,8,"02","01","SN","01","9","R8_CEQN","validation","TREEVOLUME_FIXTURES/clark_identifiers.csv","38548071d5aa652bb90c7f111f86b427f798a1c9"
"844CLKE100","clark_r8",100,8,"01","01","SN","01","4","R8_CEQN","validation","TREEVOLUME_FIXTURES/clark_identifiers.csv","38548071d5aa652bb90c7f111f86b427f798a1c9"
"844CLKE107","clark_r8",107,8,"01","01","SN","01","4","R8_CEQN","validation","TREEVOLUME_FIXTURES/clark_identifiers.csv","38548071d5aa652bb90c7f111f86b427f798a1c9"
"844CLKE110","clark_r8",110,8,"01","01","SN","01","4","R8_CEQN","validation","TREEVOLUME_FIXTURES/clark_identifiers.csv","38548071d5aa652bb90c7f111f86b427f798a1c9"
"844CLKE111","clark_r8",111,8,"01","01","SN","01","4","R8_CEQN","validation","TREEVOLUME_FIXTURES/clark_identifiers.csv","38548071d5aa652bb90c7f111f86b427f798a1c9"
"844CLKE115","clark_r8",115,8,"01","01","SN","01","4","R8_CEQN","validation","TREEVOLUME_FIXTURES/clark_identifiers.csv","38548071d5aa652bb90c7f111f86b427f798a1c9"
"844CLKE121","clark_r8",121,8,"01","01","SN","01","4","R8_CEQN","validation","TREEVOLUME_FIXTURES/clark_identifiers.csv","38548071d5aa652bb90c7f111f86b427f798a1c9"
"844CLKE123","clark_r8",123,8,"01","01","SN","01","4","R8_CEQN","validation","TREEVOLUME_FIXTURES/clark_identifiers.csv","38548071d5aa652bb90c7f111f86b427f798a1c9"
"844CLKE126","clark_r8",126,8,"01","01","SN","01","4","R8_CEQN","validation","TREEVOLUME_FIXTURES/clark_identifiers.csv","38548071d5aa652bb90c7f111f86b427f798a1c9"
"844CLKE128","clark_r8",128,8,"01","01","SN","01","4","R8_CEQN","validation","TREEVOLUME_FIXTURES/clark_identifiers.csv","38548071d5aa652bb90c7f111f86b427f798a1c9"
"844CLKE129","clark_r8",129,8,"01","01","SN","01","4","R8_CEQN","validation","TREEVOLUME_FIXTURES/clark_identifiers.csv","38548071d5aa652bb90c7f111f86b427f798a1c9"
"844CLKE131","clark_r8",131,8,"01","01","SN","01","4","R8_CEQN","validation","TREEVOLUME_FIXTURES/clark_identifiers.csv","38548071d5aa652bb90c7f111f86b427f798a1c9"
"844CLKE132","clark_r8",132,8,"01","01","SN","01","4","R8_CEQN","validation","TREEVOLUME_FIXTURES/clark_identifiers.csv","38548071d5aa652bb90c7f111f86b427f798a1c9"
"844CLKE197","clark_r8",197,8,"01","01","SN","01","4","R8_CEQN","validation","TREEVOLUME_FIXTURES/clark_identifiers.csv","38548071d5aa652bb90c7f111f86b427f798a1c9"
"844CLKE221","clark_r8",221,8,"01","01","SN","01","4","R8_CEQN","validation","TREEVOLUME_FIXTURES/clark_identifiers.csv","38548071d5aa652bb90c7f111f86b427f798a1c9"
"844CLKE222","clark_r8",222,8,"01","01","SN","01","4","R8_CEQN","validation","TREEVOLUME_FIXTURES/clark_identifiers.csv","38548071d5aa652bb90c7f111f86b427f798a1c9"
"844CLKE261","clark_r8",261,8,"01","01","SN","01","4","R8_CEQN","validation","TREEVOLUME_FIXTURES/clark_identifiers.csv","38548071d5aa652bb90c7f111f86b427f798a1c9"
"844CLKE300","clark_r8",300,8,"01","01","SN","01","4","R8_CEQN","validation","TREEVOLUME_FIXTURES/clark_identifiers.csv","38548071d5aa652bb90c7f111f86b427f798a1c9"
"844CLKE313","clark_r8",313,8,"01","01","SN","01","4","R8_CEQN","validation","TREEVOLUME_FIXTURES/clark_identifiers.csv","38548071d5aa652bb90c7f111f86b427f798a1c9"
"844CLKE314","clark_r8",314,8,"01","01","SN","01","4","R8_CEQN","validation","TREEVOLUME_FIXTURES/clark_identifiers.csv","38548071d5aa652bb90c7f111f86b427f798a1c9"
"844CLKE316","clark_r8",316,8,"01","01","SN","01","4","R8_CEQN","validation","TREEVOLUME_FIXTURES/clark_identifiers.csv","38548071d5aa652bb90c7f111f86b427f798a1c9"
"844CLKE317","clark_r8",317,8,"01","01","SN","01","4","R8_CEQN","validation","TREEVOLUME_FIXTURES/clark_identifiers.csv","38548071d5aa652bb90c7f111f86b427f798a1c9"
"844CLKE318","clark_r8",318,8,"01","01","SN","01","4","R8_CEQN","validation","TREEVOLUME_FIXTURES/clark_identifiers.csv","38548071d5aa652bb90c7f111f86b427f798a1c9"
"844CLKE330","clark_r8",330,8,"01","01","SN","01","4","R8_CEQN","validation","TREEVOLUME_FIXTURES/clark_identifiers.csv","38548071d5aa652bb90c7f111f86b427f798a1c9"
"844CLKE370","clark_r8",370,8,"01","01","SN","01","4","R8_CEQN","validation","TREEVOLUME_FIXTURES/clark_identifiers.csv","38548071d5aa652bb90c7f111f86b427f798a1c9"
"844CLKE400","clark_r8",400,8,"01","01","SN","01","4","R8_CEQN","validation","TREEVOLUME_FIXTURES/clark_identifiers.csv","38548071d5aa652bb90c7f111f86b427f798a1c9"
"844CLKE404","clark_r8",404,8,"01","01","SN","01","4","R8_CEQN","validation","TREEVOLUME_FIXTURES/clark_identifiers.csv","38548071d5aa652bb90c7f111f86b427f798a1c9"
"844CLKE460","clark_r8",460,8,"01","01","SN","01","4","R8_CEQN","validation","TREEVOLUME_FIXTURES/clark_identifiers.csv","38548071d5aa652bb90c7f111f86b427f798a1c9"
"844CLKE500","clark_r8",500,8,"01","01","SN","01","4","R8_CEQN","validation","TREEVOLUME_FIXTURES/clark_identifiers.csv","38548071d5aa652bb90c7f111f86b427f798a1c9"
"844CLKE521","clark_r8",521,8,"01","01","SN","01","4","R8_CEQN","validation","TREEVOLUME_FIXTURES/clark_identifiers.csv","38548071d5aa652bb90c7f111f86b427f798a1c9"
"844CLKE531","clark_r8",531,8,"01","01","SN","01","4","R8_CEQN","validation","TREEVOLUME_FIXTURES/clark_identifiers.csv","38548071d5aa652bb90c7f111f86b427f798a1c9"
"844CLKE541","clark_r8",541,8,"01","01","SN","01","4","R8_CEQN","validation","TREEVOLUME_FIXTURES/clark_identifiers.csv","38548071d5aa652bb90c7f111f86b427f798a1c9"
"844CLKE544","clark_r8",544,8,"01","01","SN","01","4","R8_CEQN","validation","TREEVOLUME_FIXTURES/clark_identifiers.csv","38548071d5aa652bb90c7f111f86b427f798a1c9"
"844CLKE545","clark_r8",545,8,"01","01","SN","01","4","R8_CEQN","validation","TREEVOLUME_FIXTURES/clark_identifiers.csv","38548071d5aa652bb90c7f111f86b427f798a1c9"
"844CLKE546","clark_r8",546,8,"01","01","SN","01","4","R8_CEQN","validation","TREEVOLUME_FIXTURES/clark_identifiers.csv","38548071d5aa652bb90c7f111f86b427f798a1c9"
"844CLKE550","clark_r8",550,8,"01","01","SN","01","4","R8_CEQN","validation","TREEVOLUME_FIXTURES/clark_identifiers.csv","38548071d5aa652bb90c7f111f86b427f798a1c9"
"844CLKE580","clark_r8",580,8,"01","01","SN","01","4","R8_CEQN","validation","TREEVOLUME_FIXTURES/clark_identifiers.csv","38548071d5aa652bb90c7f111f86b427f798a1c9"
"844CLKE601","clark_r8",601,8,"01","01","SN","01","4","R8_CEQN","validation","TREEVOLUME_FIXTURES/clark_identifiers.csv","38548071d5aa652bb90c7f111f86b427f798a1c9"
"844CLKE602","clark_r8",602,8,"01","01","SN","01","4","R8_CEQN","validation","TREEVOLUME_FIXTURES/clark_identifiers.csv","38548071d5aa652bb90c7f111f86b427f798a1c9"
"844CLKE611","clark_r8",611,8,"01","01","SN","01","4","R8_CEQN","validation","TREEVOLUME_FIXTURES/clark_identifiers.csv","38548071d5aa652bb90c7f111f86b427f798a1c9"
"844CLKE621","clark_r8",621,8,"01","01","SN","01","4","R8_CEQN","validation","TREEVOLUME_FIXTURES/clark_identifiers.csv","38548071d5aa652bb90c7f111f86b427f798a1c9"
"844CLKE650","clark_r8",650,8,"01","01","SN","01","4","R8_CEQN","validation","TREEVOLUME_FIXTURES/clark_identifiers.csv","38548071d5aa652bb90c7f111f86b427f798a1c9"
"844CLKE651","clark_r8",651,8,"01","01","SN","01","4","R8_CEQN","validation","TREEVOLUME_FIXTURES/clark_identifiers.csv","38548071d5aa652bb90c7f111f86b427f798a1c9"
"844CLKE652","clark_r8",652,8,"01","01","SN","01","4","R8_CEQN","validation","TREEVOLUME_FIXTURES/clark_identifiers.csv","38548071d5aa652bb90c7f111f86b427f798a1c9"
"844CLKE653","clark_r8",653,8,"01","01","SN","01","4","R8_CEQN","validation","TREEVOLUME_FIXTURES/clark_identifiers.csv","38548071d5aa652bb90c7f111f86b427f798a1c9"
"844CLKE691","clark_r8",691,8,"01","01","SN","01","4","R8_CEQN","validation","TREEVOLUME_FIXTURES/clark_identifiers.csv","38548071d5aa652bb90c7f111f86b427f798a1c9"
"844CLKE693","clark_r8",693,8,"01","01","SN","01","4","R8_CEQN","validation","TREEVOLUME_FIXTURES/clark_identifiers.csv","38548071d5aa652bb90c7f111f86b427f798a1c9"
"844CLKE694","clark_r8",694,8,"01","01","SN","01","4","R8_CEQN","validation","TREEVOLUME_FIXTURES/clark_identifiers.csv","38548071d5aa652bb90c7f111f86b427f798a1c9"
"844CLKE711","clark_r8",711,8,"01","01","SN","01","4","R8_CEQN","validation","TREEVOLUME_FIXTURES/clark_identifiers.csv","38548071d5aa652bb90c7f111f86b427f798a1c9"
"844CLKE731","clark_r8",731,8,"01","01","SN","01","4","R8_CEQN","validation","TREEVOLUME_FIXTURES/clark_identifiers.csv","38548071d5aa652bb90c7f111f86b427f798a1c9"
"844CLKE742","clark_r8",742,8,"01","01","SN","01","4","R8_CEQN","validation","TREEVOLUME_FIXTURES/clark_identifiers.csv","38548071d5aa652bb90c7f111f86b427f798a1c9"
"844CLKE762","clark_r8",762,8,"01","01","SN","01","4","R8_CEQN","validation","TREEVOLUME_FIXTURES/clark_identifiers.csv","38548071d5aa652bb90c7f111f86b427f798a1c9"
"844CLKE800","clark_r8",800,8,"01","01","SN","01","4","R8_CEQN","validation","TREEVOLUME_FIXTURES/clark_identifiers.csv","38548071d5aa652bb90c7f111f86b427f798a1c9"
"844CLKE802","clark_r8",802,8,"01","01","SN","01","4","R8_CEQN","validation","TREEVOLUME_FIXTURES/clark_identifiers.csv","38548071d5aa652bb90c7f111f86b427f798a1c9"
"844CLKE804","clark_r8",804,8,"01","01","SN","01","4","R8_CEQN","validation","TREEVOLUME_FIXTURES/clark_identifiers.csv","38548071d5aa652bb90c7f111f86b427f798a1c9"
"844CLKE806","clark_r8",806,8,"01","01","SN","01","4","R8_CEQN","validation","TREEVOLUME_FIXTURES/clark_identifiers.csv","38548071d5aa652bb90c7f111f86b427f798a1c9"
"844CLKE812","clark_r8",812,8,"01","01","SN","01","4","R8_CEQN","validation","TREEVOLUME_FIXTURES/clark_identifiers.csv","38548071d5aa652bb90c7f111f86b427f798a1c9"
"844CLKE813","clark_r8",813,8,"01","01","SN","01","4","R8_CEQN","validation","TREEVOLUME_FIXTURES/clark_identifiers.csv","38548071d5aa652bb90c7f111f86b427f798a1c9"
"844CLKE817","clark_r8",817,8,"01","01","SN","01","4","R8_CEQN","validation","TREEVOLUME_FIXTURES/clark_identifiers.csv","38548071d5aa652bb90c7f111f86b427f798a1c9"
"844CLKE820","clark_r8",820,8,"01","01","SN","01","4","R8_CEQN","validation","TREEVOLUME_FIXTURES/clark_identifiers.csv","38548071d5aa652bb90c7f111f86b427f798a1c9"
"844CLKE822","clark_r8",822,8,"01","01","SN","01","4","R8_CEQN","validation","TREEVOLUME_FIXTURES/clark_identifiers.csv","38548071d5aa652bb90c7f111f86b427f798a1c9"
"844CLKE823","clark_r8",823,8,"01","01","SN","01","4","R8_CEQN","validation","TREEVOLUME_FIXTURES/clark_identifiers.csv","38548071d5aa652bb90c7f111f86b427f798a1c9"
"844CLKE825","clark_r8",825,8,"01","01","SN","01","4","R8_CEQN","validation","TREEVOLUME_FIXTURES/clark_identifiers.csv","38548071d5aa652bb90c7f111f86b427f798a1c9"
"844CLKE826","clark_r8",826,8,"01","01","SN","01","4","R8_CEQN","validation","TREEVOLUME_FIXTURES/clark_identifiers.csv","38548071d5aa652bb90c7f111f86b427f798a1c9"
"844CLKE827","clark_r8",827,8,"01","01","SN","01","4","R8_CEQN","validation","TREEVOLUME_FIXTURES/clark_identifiers.csv","38548071d5aa652bb90c7f111f86b427f798a1c9"
"844CLKE828","clark_r8",828,8,"01","01","SN","01","4","R8_CEQN","validation","TREEVOLUME_FIXTURES/clark_identifiers.csv","38548071d5aa652bb90c7f111f86b427f798a1c9"
"844CLKE830","clark_r8",830,8,"01","01","SN","01","4","R8_CEQN","validation","TREEVOLUME_FIXTURES/clark_identifiers.csv","38548071d5aa652bb90c7f111f86b427f798a1c9"
"844CLKE831","clark_r8",831,8,"01","01","SN","01","4","R8_CEQN","validation","TREEVOLUME_FIXTURES/clark_identifiers.csv","38548071d5aa652bb90c7f111f86b427f798a1c9"
"844CLKE832","clark_r8",832,8,"01","01","SN","01","4","R8_CEQN","validation","TREEVOLUME_FIXTURES/clark_identifiers.csv","38548071d5aa652bb90c7f111f86b427f798a1c9"
"844CLKE833","clark_r8",833,8,"01","01","SN","01","4","R8_CEQN","validation","TREEVOLUME_FIXTURES/clark_identifiers.csv","38548071d5aa652bb90c7f111f86b427f798a1c9"
"844CLKE834","clark_r8",834,8,"01","01","SN","01","4","R8_CEQN","validation","TREEVOLUME_FIXTURES/clark_identifiers.csv","38548071d5aa652bb90c7f111f86b427f798a1c9"
"844CLKE835","clark_r8",835,8,"01","01","SN","01","4","R8_CEQN","validation","TREEVOLUME_FIXTURES/clark_identifiers.csv","38548071d5aa652bb90c7f111f86b427f798a1c9"
"844CLKE837","clark_r8",837,8,"01","01","SN","01","4","R8_CEQN","validation","TREEVOLUME_FIXTURES/clark_identifiers.csv","38548071d5aa652bb90c7f111f86b427f798a1c9"
"844CLKE901","clark_r8",901,8,"01","01","SN","01","4","R8_CEQN","validation","TREEVOLUME_FIXTURES/clark_identifiers.csv","38548071d5aa652bb90c7f111f86b427f798a1c9"
"844CLKE920","clark_r8",920,8,"01","01","SN","01","4","R8_CEQN","validation","TREEVOLUME_FIXTURES/clark_identifiers.csv","38548071d5aa652bb90c7f111f86b427f798a1c9"
"844CLKE930","clark_r8",930,8,"01","01","SN","01","4","R8_CEQN","validation","TREEVOLUME_FIXTURES/clark_identifiers.csv","38548071d5aa652bb90c7f111f86b427f798a1c9"
"844CLKE950","clark_r8",950,8,"01","01","SN","01","4","R8_CEQN","validation","TREEVOLUME_FIXTURES/clark_identifiers.csv","38548071d5aa652bb90c7f111f86b427f798a1c9"
"844CLKE970","clark_r8",970,8,"01","01","SN","01","4","R8_CEQN","validation","TREEVOLUME_FIXTURES/clark_identifiers.csv","38548071d5aa652bb90c7f111f86b427f798a1c9"
"847CLKE100","clark_r8",100,8,"01","01","SN","01","7","R8_CEQN","validation","TREEVOLUME_FIXTURES/clark_identifiers.csv","38548071d5aa652bb90c7f111f86b427f798a1c9"
"847CLKE107","clark_r8",107,8,"01","01","SN","01","7","R8_CEQN","validation","TREEVOLUME_FIXTURES/clark_identifiers.csv","38548071d5aa652bb90c7f111f86b427f798a1c9"
"847CLKE110","clark_r8",110,8,"01","01","SN","01","7","R8_CEQN","validation","TREEVOLUME_FIXTURES/clark_identifiers.csv","38548071d5aa652bb90c7f111f86b427f798a1c9"
"847CLKE111","clark_r8",111,8,"01","01","SN","01","7","R8_CEQN","validation","TREEVOLUME_FIXTURES/clark_identifiers.csv","38548071d5aa652bb90c7f111f86b427f798a1c9"
"847CLKE115","clark_r8",115,8,"01","01","SN","01","7","R8_CEQN","validation","TREEVOLUME_FIXTURES/clark_identifiers.csv","38548071d5aa652bb90c7f111f86b427f798a1c9"
"847CLKE121","clark_r8",121,8,"01","01","SN","01","7","R8_CEQN","validation","TREEVOLUME_FIXTURES/clark_identifiers.csv","38548071d5aa652bb90c7f111f86b427f798a1c9"
"847CLKE123","clark_r8",123,8,"01","01","SN","01","7","R8_CEQN","validation","TREEVOLUME_FIXTURES/clark_identifiers.csv","38548071d5aa652bb90c7f111f86b427f798a1c9"
"847CLKE126","clark_r8",126,8,"01","01","SN","01","7","R8_CEQN","validation","TREEVOLUME_FIXTURES/clark_identifiers.csv","38548071d5aa652bb90c7f111f86b427f798a1c9"
"847CLKE128","clark_r8",128,8,"01","01","SN","01","7","R8_CEQN","validation","TREEVOLUME_FIXTURES/clark_identifiers.csv","38548071d5aa652bb90c7f111f86b427f798a1c9"
"847CLKE129","clark_r8",129,8,"01","01","SN","01","7","R8_CEQN","validation","TREEVOLUME_FIXTURES/clark_identifiers.csv","38548071d5aa652bb90c7f111f86b427f798a1c9"
"847CLKE131","clark_r8",131,8,"01","01","SN","01","7","R8_CEQN","validation","TREEVOLUME_FIXTURES/clark_identifiers.csv","38548071d5aa652bb90c7f111f86b427f798a1c9"
"847CLKE132","clark_r8",132,8,"01","01","SN","01","7","R8_CEQN","validation","TREEVOLUME_FIXTURES/clark_identifiers.csv","38548071d5aa652bb90c7f111f86b427f798a1c9"
"847CLKE197","clark_r8",197,8,"01","01","SN","01","7","R8_CEQN","validation","TREEVOLUME_FIXTURES/clark_identifiers.csv","38548071d5aa652bb90c7f111f86b427f798a1c9"
"847CLKE221","clark_r8",221,8,"01","01","SN","01","7","R8_CEQN","validation","TREEVOLUME_FIXTURES/clark_identifiers.csv","38548071d5aa652bb90c7f111f86b427f798a1c9"
"847CLKE222","clark_r8",222,8,"01","01","SN","01","7","R8_CEQN","validation","TREEVOLUME_FIXTURES/clark_identifiers.csv","38548071d5aa652bb90c7f111f86b427f798a1c9"
"847CLKE261","clark_r8",261,8,"01","01","SN","01","7","R8_CEQN","validation","TREEVOLUME_FIXTURES/clark_identifiers.csv","38548071d5aa652bb90c7f111f86b427f798a1c9"
"847CLKE300","clark_r8",300,8,"01","01","SN","01","7","R8_CEQN","validation","TREEVOLUME_FIXTURES/clark_identifiers.csv","38548071d5aa652bb90c7f111f86b427f798a1c9"
"847CLKE313","clark_r8",313,8,"01","01","SN","01","7","R8_CEQN","validation","TREEVOLUME_FIXTURES/clark_identifiers.csv","38548071d5aa652bb90c7f111f86b427f798a1c9"
"847CLKE314","clark_r8",314,8,"01","01","SN","01","7","R8_CEQN","validation","TREEVOLUME_FIXTURES/clark_identifiers.csv","38548071d5aa652bb90c7f111f86b427f798a1c9"
"847CLKE316","clark_r8",316,8,"01","01","SN","01","7","R8_CEQN","validation","TREEVOLUME_FIXTURES/clark_identifiers.csv","38548071d5aa652bb90c7f111f86b427f798a1c9"
"847CLKE317","clark_r8",317,8,"01","01","SN","01","7","R8_CEQN","validation","TREEVOLUME_FIXTURES/clark_identifiers.csv","38548071d5aa652bb90c7f111f86b427f798a1c9"
"847CLKE318","clark_r8",318,8,"01","01","SN","01","7","R8_CEQN","validation","TREEVOLUME_FIXTURES/clark_identifiers.csv","38548071d5aa652bb90c7f111f86b427f798a1c9"
"847CLKE330","clark_r8",330,8,"01","01","SN","01","7","R8_CEQN","validation","TREEVOLUME_FIXTURES/clark_identifiers.csv","38548071d5aa652bb90c7f111f86b427f798a1c9"
"847CLKE370","clark_r8",370,8,"01","01","SN","01","7","R8_CEQN","validation","TREEVOLUME_FIXTURES/clark_identifiers.csv","38548071d5aa652bb90c7f111f86b427f798a1c9"
"847CLKE400","clark_r8",400,8,"01","01","SN","01","7","R8_CEQN","validation","TREEVOLUME_FIXTURES/clark_identifiers.csv","38548071d5aa652bb90c7f111f86b427f798a1c9"
"847CLKE404","clark_r8",404,8,"01","01","SN","01","7","R8_CEQN","validation","TREEVOLUME_FIXTURES/clark_identifiers.csv","38548071d5aa652bb90c7f111f86b427f798a1c9"
"847CLKE460","clark_r8",460,8,"01","01","SN","01","7","R8_CEQN","validation","TREEVOLUME_FIXTURES/clark_identifiers.csv","38548071d5aa652bb90c7f111f86b427f798a1c9"
"847CLKE500","clark_r8",500,8,"01","01","SN","01","7","R8_CEQN","validation","TREEVOLUME_FIXTURES/clark_identifiers.csv","38548071d5aa652bb90c7f111f86b427f798a1c9"
"847CLKE521","clark_r8",521,8,"01","01","SN","01","7","R8_CEQN","validation","TREEVOLUME_FIXTURES/clark_identifiers.csv","38548071d5aa652bb90c7f111f86b427f798a1c9"
"847CLKE531","clark_r8",531,8,"01","01","SN","01","7","R8_CEQN","validation","TREEVOLUME_FIXTURES/clark_identifiers.csv","38548071d5aa652bb90c7f111f86b427f798a1c9"
"847CLKE541","clark_r8",541,8,"01","01","SN","01","7","R8_CEQN","validation","TREEVOLUME_FIXTURES/clark_identifiers.csv","38548071d5aa652bb90c7f111f86b427f798a1c9"
"847CLKE544","clark_r8",544,8,"01","01","SN","01","7","R8_CEQN","validation","TREEVOLUME_FIXTURES/clark_identifiers.csv","38548071d5aa652bb90c7f111f86b427f798a1c9"
"847CLKE545","clark_r8",545,8,"01","01","SN","01","7","R8_CEQN","validation","TREEVOLUME_FIXTURES/clark_identifiers.csv","38548071d5aa652bb90c7f111f86b427f798a1c9"
"847CLKE546","clark_r8",546,8,"01","01","SN","01","7","R8_CEQN","validation","TREEVOLUME_FIXTURES/clark_identifiers.csv","38548071d5aa652bb90c7f111f86b427f798a1c9"
"847CLKE550","clark_r8",550,8,"01","01","SN","01","7","R8_CEQN","validation","TREEVOLUME_FIXTURES/clark_identifiers.csv","38548071d5aa652bb90c7f111f86b427f798a1c9"
"847CLKE580","clark_r8",580,8,"01","01","SN","01","7","R8_CEQN","validation","TREEVOLUME_FIXTURES/clark_identifiers.csv","38548071d5aa652bb90c7f111f86b427f798a1c9"
"847CLKE601","clark_r8",601,8,"01","01","SN","01","7","R8_CEQN","validation","TREEVOLUME_FIXTURES/clark_identifiers.csv","38548071d5aa652bb90c7f111f86b427f798a1c9"
"847CLKE602","clark_r8",602,8,"01","01","SN","01","7","R8_CEQN","validation","TREEVOLUME_FIXTURES/clark_identifiers.csv","38548071d5aa652bb90c7f111f86b427f798a1c9"
"847CLKE611","clark_r8",611,8,"01","01","SN","01","7","R8_CEQN","validation","TREEVOLUME_FIXTURES/clark_identifiers.csv","38548071d5aa652bb90c7f111f86b427f798a1c9"
"847CLKE621","clark_r8",621,8,"01","01","SN","01","7","R8_CEQN","validation","TREEVOLUME_FIXTURES/clark_identifiers.csv","38548071d5aa652bb90c7f111f86b427f798a1c9"
"847CLKE650","clark_r8",650,8,"01","01","SN","01","7","R8_CEQN","validation","TREEVOLUME_FIXTURES/clark_identifiers.csv","38548071d5aa652bb90c7f111f86b427f798a1c9"
"847CLKE651","clark_r8",651,8,"01","01","SN","01","7","R8_CEQN","validation","TREEVOLUME_FIXTURES/clark_identifiers.csv","38548071d5aa652bb90c7f111f86b427f798a1c9"
"847CLKE652","clark_r8",652,8,"01","01","SN","01","7","R8_CEQN","validation","TREEVOLUME_FIXTURES/clark_identifiers.csv","38548071d5aa652bb90c7f111f86b427f798a1c9"
"847CLKE653","clark_r8",653,8,"01","01","SN","01","7","R8_CEQN","validation","TREEVOLUME_FIXTURES/clark_identifiers.csv","38548071d5aa652bb90c7f111f86b427f798a1c9"
"847CLKE691","clark_r8",691,8,"01","01","SN","01","7","R8_CEQN","validation","TREEVOLUME_FIXTURES/clark_identifiers.csv","38548071d5aa652bb90c7f111f86b427f798a1c9"
"847CLKE693","clark_r8",693,8,"01","01","SN","01","7","R8_CEQN","validation","TREEVOLUME_FIXTURES/clark_identifiers.csv","38548071d5aa652bb90c7f111f86b427f798a1c9"
"847CLKE694","clark_r8",694,8,"01","01","SN","01","7","R8_CEQN","validation","TREEVOLUME_FIXTURES/clark_identifiers.csv","38548071d5aa652bb90c7f111f86b427f798a1c9"
"847CLKE711","clark_r8",711,8,"01","01","SN","01","7","R8_CEQN","validation","TREEVOLUME_FIXTURES/clark_identifiers.csv","38548071d5aa652bb90c7f111f86b427f798a1c9"
"847CLKE731","clark_r8",731,8,"01","01","SN","01","7","R8_CEQN","validation","TREEVOLUME_FIXTURES/clark_identifiers.csv","38548071d5aa652bb90c7f111f86b427f798a1c9"
"847CLKE742","clark_r8",742,8,"01","01","SN","01","7","R8_CEQN","validation","TREEVOLUME_FIXTURES/clark_identifiers.csv","38548071d5aa652bb90c7f111f86b427f798a1c9"
"847CLKE762","clark_r8",762,8,"01","01","SN","01","7","R8_CEQN","validation","TREEVOLUME_FIXTURES/clark_identifiers.csv","38548071d5aa652bb90c7f111f86b427f798a1c9"
"847CLKE800","clark_r8",800,8,"01","01","SN","01","7","R8_CEQN","validation","TREEVOLUME_FIXTURES/clark_identifiers.csv","38548071d5aa652bb90c7f111f86b427f798a1c9"
"847CLKE802","clark_r8",802,8,"01","01","SN","01","7","R8_CEQN","validation","TREEVOLUME_FIXTURES/clark_identifiers.csv","38548071d5aa652bb90c7f111f86b427f798a1c9"
"847CLKE804","clark_r8",804,8,"01","01","SN","01","7","R8_CEQN","validation","TREEVOLUME_FIXTURES/clark_identifiers.csv","38548071d5aa652bb90c7f111f86b427f798a1c9"
"847CLKE806","clark_r8",806,8,"01","01","SN","01","7","R8_CEQN","validation","TREEVOLUME_FIXTURES/clark_identifiers.csv","38548071d5aa652bb90c7f111f86b427f798a1c9"
"847CLKE812","clark_r8",812,8,"01","01","SN","01","7","R8_CEQN","validation","TREEVOLUME_FIXTURES/clark_identifiers.csv","38548071d5aa652bb90c7f111f86b427f798a1c9"
"847CLKE813","clark_r8",813,8,"01","01","SN","01","7","R8_CEQN","validation","TREEVOLUME_FIXTURES/clark_identifiers.csv","38548071d5aa652bb90c7f111f86b427f798a1c9"
"847CLKE817","clark_r8",817,8,"01","01","SN","01","7","R8_CEQN","validation","TREEVOLUME_FIXTURES/clark_identifiers.csv","38548071d5aa652bb90c7f111f86b427f798a1c9"
"847CLKE820","clark_r8",820,8,"01","01","SN","01","7","R8_CEQN","validation","TREEVOLUME_FIXTURES/clark_identifiers.csv","38548071d5aa652bb90c7f111f86b427f798a1c9"
"847CLKE822","clark_r8",822,8,"01","01","SN","01","7","R8_CEQN","validation","TREEVOLUME_FIXTURES/clark_identifiers.csv","38548071d5aa652bb90c7f111f86b427f798a1c9"
"847CLKE823","clark_r8",823,8,"01","01","SN","01","7","R8_CEQN","validation","TREEVOLUME_FIXTURES/clark_identifiers.csv","38548071d5aa652bb90c7f111f86b427f798a1c9"
"847CLKE825","clark_r8",825,8,"01","01","SN","01","7","R8_CEQN","validation","TREEVOLUME_FIXTURES/clark_identifiers.csv","38548071d5aa652bb90c7f111f86b427f798a1c9"
"847CLKE826","clark_r8",826,8,"01","01","SN","01","7","R8_CEQN","validation","TREEVOLUME_FIXTURES/clark_identifiers.csv","38548071d5aa652bb90c7f111f86b427f798a1c9"
"847CLKE827","clark_r8",827,8,"01","01","SN","01","7","R8_CEQN","validation","TREEVOLUME_FIXTURES/clark_identifiers.csv","38548071d5aa652bb90c7f111f86b427f798a1c9"
"847CLKE828","clark_r8",828,8,"01","01","SN","01","7","R8_CEQN","validation","TREEVOLUME_FIXTURES/clark_identifiers.csv","38548071d5aa652bb90c7f111f86b427f798a1c9"
"847CLKE830","clark_r8",830,8,"01","01","SN","01","7","R8_CEQN","validation","TREEVOLUME_FIXTURES/clark_identifiers.csv","38548071d5aa652bb90c7f111f86b427f798a1c9"
"847CLKE831","clark_r8",831,8,"01","01","SN","01","7","R8_CEQN","validation","TREEVOLUME_FIXTURES/clark_identifiers.csv","38548071d5aa652bb90c7f111f86b427f798a1c9"
"847CLKE832","clark_r8",832,8,"01","01","SN","01","7","R8_CEQN","validation","TREEVOLUME_FIXTURES/clark_identifiers.csv","38548071d5aa652bb90c7f111f86b427f798a1c9"
"847CLKE833","clark_r8",833,8,"01","01","SN","01","7","R8_CEQN","validation","TREEVOLUME_FIXTURES/clark_identifiers.csv","38548071d5aa652bb90c7f111f86b427f798a1c9"
"847CLKE834","clark_r8",834,8,"01","01","SN","01","7","R8_CEQN","validation","TREEVOLUME_FIXTURES/clark_identifiers.csv","38548071d5aa652bb90c7f111f86b427f798a1c9"
"847CLKE835","clark_r8",835,8,"01","01","SN","01","7","R8_CEQN","validation","TREEVOLUME_FIXTURES/clark_identifiers.csv","38548071d5aa652bb90c7f111f86b427f798a1c9"
"847CLKE837","clark_r8",837,8,"01","01","SN","01","7","R8_CEQN","validation","TREEVOLUME_FIXTURES/clark_identifiers.csv","38548071d5aa652bb90c7f111f86b427f798a1c9"
"847CLKE901","clark_r8",901,8,"01","01","SN","01","7","R8_CEQN","validation","TREEVOLUME_FIXTURES/clark_identifiers.csv","38548071d5aa652bb90c7f111f86b427f798a1c9"
"847CLKE920","clark_r8",920,8,"01","01","SN","01","7","R8_CEQN","validation","TREEVOLUME_FIXTURES/clark_identifiers.csv","38548071d5aa652bb90c7f111f86b427f798a1c9"
"847CLKE930","clark_r8",930,8,"01","01","SN","01","7","R8_CEQN","validation","TREEVOLUME_FIXTURES/clark_identifiers.csv","38548071d5aa652bb90c7f111f86b427f798a1c9"
"847CLKE950","clark_r8",950,8,"01","01","SN","01","7","R8_CEQN","validation","TREEVOLUME_FIXTURES/clark_identifiers.csv","38548071d5aa652bb90c7f111f86b427f798a1c9"
"847CLKE970","clark_r8",970,8,"01","01","SN","01","7","R8_CEQN","validation","TREEVOLUME_FIXTURES/clark_identifiers.csv","38548071d5aa652bb90c7f111f86b427f798a1c9"
"848CLKE100","clark_r8",100,8,"01","01","SN","01","8","R8_CEQN","validation","TREEVOLUME_FIXTURES/clark_identifiers.csv","38548071d5aa652bb90c7f111f86b427f798a1c9"
"848CLKE107","clark_r8",107,8,"01","01","SN","01","8","R8_CEQN","validation","TREEVOLUME_FIXTURES/clark_identifiers.csv","38548071d5aa652bb90c7f111f86b427f798a1c9"
"848CLKE110","clark_r8",110,8,"01","01","SN","01","8","R8_CEQN","validation","TREEVOLUME_FIXTURES/clark_identifiers.csv","38548071d5aa652bb90c7f111f86b427f798a1c9"
"848CLKE111","clark_r8",111,8,"01","01","SN","01","8","R8_CEQN","validation","TREEVOLUME_FIXTURES/clark_identifiers.csv","38548071d5aa652bb90c7f111f86b427f798a1c9"
"848CLKE115","clark_r8",115,8,"01","01","SN","01","8","R8_CEQN","validation","TREEVOLUME_FIXTURES/clark_identifiers.csv","38548071d5aa652bb90c7f111f86b427f798a1c9"
"848CLKE121","clark_r8",121,8,"01","01","SN","01","8","R8_CEQN","validation","TREEVOLUME_FIXTURES/clark_identifiers.csv","38548071d5aa652bb90c7f111f86b427f798a1c9"
"848CLKE123","clark_r8",123,8,"01","01","SN","01","8","R8_CEQN","validation","TREEVOLUME_FIXTURES/clark_identifiers.csv","38548071d5aa652bb90c7f111f86b427f798a1c9"
"848CLKE126","clark_r8",126,8,"01","01","SN","01","8","R8_CEQN","validation","TREEVOLUME_FIXTURES/clark_identifiers.csv","38548071d5aa652bb90c7f111f86b427f798a1c9"
"848CLKE128","clark_r8",128,8,"01","01","SN","01","8","R8_CEQN","validation","TREEVOLUME_FIXTURES/clark_identifiers.csv","38548071d5aa652bb90c7f111f86b427f798a1c9"
"848CLKE129","clark_r8",129,8,"01","01","SN","01","8","R8_CEQN","validation","TREEVOLUME_FIXTURES/clark_identifiers.csv","38548071d5aa652bb90c7f111f86b427f798a1c9"
"848CLKE131","clark_r8",131,8,"01","01","SN","01","8","R8_CEQN","validation","TREEVOLUME_FIXTURES/clark_identifiers.csv","38548071d5aa652bb90c7f111f86b427f798a1c9"
"848CLKE132","clark_r8",132,8,"01","01","SN","01","8","R8_CEQN","validation","TREEVOLUME_FIXTURES/clark_identifiers.csv","38548071d5aa652bb90c7f111f86b427f798a1c9"
"848CLKE197","clark_r8",197,8,"01","01","SN","01","8","R8_CEQN","validation","TREEVOLUME_FIXTURES/clark_identifiers.csv","38548071d5aa652bb90c7f111f86b427f798a1c9"
"848CLKE221","clark_r8",221,8,"01","01","SN","01","8","R8_CEQN","validation","TREEVOLUME_FIXTURES/clark_identifiers.csv","38548071d5aa652bb90c7f111f86b427f798a1c9"
"848CLKE222","clark_r8",222,8,"01","01","SN","01","8","R8_CEQN","validation","TREEVOLUME_FIXTURES/clark_identifiers.csv","38548071d5aa652bb90c7f111f86b427f798a1c9"
"848CLKE261","clark_r8",261,8,"01","01","SN","01","8","R8_CEQN","validation","TREEVOLUME_FIXTURES/clark_identifiers.csv","38548071d5aa652bb90c7f111f86b427f798a1c9"
"848CLKE300","clark_r8",300,8,"01","01","SN","01","8","R8_CEQN","validation","TREEVOLUME_FIXTURES/clark_identifiers.csv","38548071d5aa652bb90c7f111f86b427f798a1c9"
"848CLKE313","clark_r8",313,8,"01","01","SN","01","8","R8_CEQN","validation","TREEVOLUME_FIXTURES/clark_identifiers.csv","38548071d5aa652bb90c7f111f86b427f798a1c9"
"848CLKE314","clark_r8",314,8,"01","01","SN","01","8","R8_CEQN","validation","TREEVOLUME_FIXTURES/clark_identifiers.csv","38548071d5aa652bb90c7f111f86b427f798a1c9"
"848CLKE316","clark_r8",316,8,"01","01","SN","01","8","R8_CEQN","validation","TREEVOLUME_FIXTURES/clark_identifiers.csv","38548071d5aa652bb90c7f111f86b427f798a1c9"
"848CLKE317","clark_r8",317,8,"01","01","SN","01","8","R8_CEQN","validation","TREEVOLUME_FIXTURES/clark_identifiers.csv","38548071d5aa652bb90c7f111f86b427f798a1c9"
"848CLKE318","clark_r8",318,8,"01","01","SN","01","8","R8_CEQN","validation","TREEVOLUME_FIXTURES/clark_identifiers.csv","38548071d5aa652bb90c7f111f86b427f798a1c9"
"848CLKE330","clark_r8",330,8,"01","01","SN","01","8","R8_CEQN","validation","TREEVOLUME_FIXTURES/clark_identifiers.csv","38548071d5aa652bb90c7f111f86b427f798a1c9"
"848CLKE370","clark_r8",370,8,"01","01","SN","01","8","R8_CEQN","validation","TREEVOLUME_FIXTURES/clark_identifiers.csv","38548071d5aa652bb90c7f111f86b427f798a1c9"
"848CLKE400","clark_r8",400,8,"01","01","SN","01","8","R8_CEQN","validation","TREEVOLUME_FIXTURES/clark_identifiers.csv","38548071d5aa652bb90c7f111f86b427f798a1c9"
"848CLKE404","clark_r8",404,8,"01","01","SN","01","8","R8_CEQN","validation","TREEVOLUME_FIXTURES/clark_identifiers.csv","38548071d5aa652bb90c7f111f86b427f798a1c9"
"848CLKE460","clark_r8",460,8,"01","01","SN","01","8","R8_CEQN","validation","TREEVOLUME_FIXTURES/clark_identifiers.csv","38548071d5aa652bb90c7f111f86b427f798a1c9"
"848CLKE500","clark_r8",500,8,"01","01","SN","01","8","R8_CEQN","validation","TREEVOLUME_FIXTURES/clark_identifiers.csv","38548071d5aa652bb90c7f111f86b427f798a1c9"
"848CLKE521","clark_r8",521,8,"01","01","SN","01","8","R8_CEQN","validation","TREEVOLUME_FIXTURES/clark_identifiers.csv","38548071d5aa652bb90c7f111f86b427f798a1c9"
"848CLKE531","clark_r8",531,8,"01","01","SN","01","8","R8_CEQN","validation","TREEVOLUME_FIXTURES/clark_identifiers.csv","38548071d5aa652bb90c7f111f86b427f798a1c9"
"848CLKE541","clark_r8",541,8,"01","01","SN","01","8","R8_CEQN","validation","TREEVOLUME_FIXTURES/clark_identifiers.csv","38548071d5aa652bb90c7f111f86b427f798a1c9"
"848CLKE544","clark_r8",544,8,"01","01","SN","01","8","R8_CEQN","validation","TREEVOLUME_FIXTURES/clark_identifiers.csv","38548071d5aa652bb90c7f111f86b427f798a1c9"
"848CLKE545","clark_r8",545,8,"01","01","SN","01","8","R8_CEQN","validation","TREEVOLUME_FIXTURES/clark_identifiers.csv","38548071d5aa652bb90c7f111f86b427f798a1c9"
"848CLKE546","clark_r8",546,8,"01","01","SN","01","8","R8_CEQN","validation","TREEVOLUME_FIXTURES/clark_identifiers.csv","38548071d5aa652bb90c7f111f86b427f798a1c9"
"848CLKE550","clark_r8",550,8,"01","01","SN","01","8","R8_CEQN","validation","TREEVOLUME_FIXTURES/clark_identifiers.csv","38548071d5aa652bb90c7f111f86b427f798a1c9"
"848CLKE580","clark_r8",580,8,"01","01","SN","01","8","R8_CEQN","validation","TREEVOLUME_FIXTURES/clark_identifiers.csv","38548071d5aa652bb90c7f111f86b427f798a1c9"
"848CLKE601","clark_r8",601,8,"01","01","SN","01","8","R8_CEQN","validation","TREEVOLUME_FIXTURES/clark_identifiers.csv","38548071d5aa652bb90c7f111f86b427f798a1c9"
"848CLKE602","clark_r8",602,8,"01","01","SN","01","8","R8_CEQN","validation","TREEVOLUME_FIXTURES/clark_identifiers.csv","38548071d5aa652bb90c7f111f86b427f798a1c9"
"848CLKE611","clark_r8",611,8,"01","01","SN","01","8","R8_CEQN","validation","TREEVOLUME_FIXTURES/clark_identifiers.csv","38548071d5aa652bb90c7f111f86b427f798a1c9"
"848CLKE621","clark_r8",621,8,"01","01","SN","01","8","R8_CEQN","validation","TREEVOLUME_FIXTURES/clark_identifiers.csv","38548071d5aa652bb90c7f111f86b427f798a1c9"
"848CLKE650","clark_r8",650,8,"01","01","SN","01","8","R8_CEQN","validation","TREEVOLUME_FIXTURES/clark_identifiers.csv","38548071d5aa652bb90c7f111f86b427f798a1c9"
"848CLKE651","clark_r8",651,8,"01","01","SN","01","8","R8_CEQN","validation","TREEVOLUME_FIXTURES/clark_identifiers.csv","38548071d5aa652bb90c7f111f86b427f798a1c9"
"848CLKE652","clark_r8",652,8,"01","01","SN","01","8","R8_CEQN","validation","TREEVOLUME_FIXTURES/clark_identifiers.csv","38548071d5aa652bb90c7f111f86b427f798a1c9"
"848CLKE653","clark_r8",653,8,"01","01","SN","01","8","R8_CEQN","validation","TREEVOLUME_FIXTURES/clark_identifiers.csv","38548071d5aa652bb90c7f111f86b427f798a1c9"
"848CLKE691","clark_r8",691,8,"01","01","SN","01","8","R8_CEQN","validation","TREEVOLUME_FIXTURES/clark_identifiers.csv","38548071d5aa652bb90c7f111f86b427f798a1c9"
"848CLKE693","clark_r8",693,8,"01","01","SN","01","8","R8_CEQN","validation","TREEVOLUME_FIXTURES/clark_identifiers.csv","38548071d5aa652bb90c7f111f86b427f798a1c9"
"848CLKE694","clark_r8",694,8,"01","01","SN","01","8","R8_CEQN","validation","TREEVOLUME_FIXTURES/clark_identifiers.csv","38548071d5aa652bb90c7f111f86b427f798a1c9"
"848CLKE711","clark_r8",711,8,"01","01","SN","01","8","R8_CEQN","validation","TREEVOLUME_FIXTURES/clark_identifiers.csv","38548071d5aa652bb90c7f111f86b427f798a1c9"
"848CLKE731","clark_r8",731,8,"01","01","SN","01","8","R8_CEQN","validation","TREEVOLUME_FIXTURES/clark_identifiers.csv","38548071d5aa652bb90c7f111f86b427f798a1c9"
"848CLKE742","clark_r8",742,8,"01","01","SN","01","8","R8_CEQN","validation","TREEVOLUME_FIXTURES/clark_identifiers.csv","38548071d5aa652bb90c7f111f86b427f798a1c9"
"848CLKE762","clark_r8",762,8,"01","01","SN","01","8","R8_CEQN","validation","TREEVOLUME_FIXTURES/clark_identifiers.csv","38548071d5aa652bb90c7f111f86b427f798a1c9"
"848CLKE800","clark_r8",800,8,"01","01","SN","01","8","R8_CEQN","validation","TREEVOLUME_FIXTURES/clark_identifiers.csv","38548071d5aa652bb90c7f111f86b427f798a1c9"
"848CLKE802","clark_r8",802,8,"01","01","SN","01","8","R8_CEQN","validation","TREEVOLUME_FIXTURES/clark_identifiers.csv","38548071d5aa652bb90c7f111f86b427f798a1c9"
"848CLKE804","clark_r8",804,8,"01","01","SN","01","8","R8_CEQN","validation","TREEVOLUME_FIXTURES/clark_identifiers.csv","38548071d5aa652bb90c7f111f86b427f798a1c9"
"848CLKE806","clark_r8",806,8,"01","01","SN","01","8","R8_CEQN","validation","TREEVOLUME_FIXTURES/clark_identifiers.csv","38548071d5aa652bb90c7f111f86b427f798a1c9"
"848CLKE812","clark_r8",812,8,"01","01","SN","01","8","R8_CEQN","validation","TREEVOLUME_FIXTURES/clark_identifiers.csv","38548071d5aa652bb90c7f111f86b427f798a1c9"
"848CLKE813","clark_r8",813,8,"01","01","SN","01","8","R8_CEQN","validation","TREEVOLUME_FIXTURES/clark_identifiers.csv","38548071d5aa652bb90c7f111f86b427f798a1c9"
"848CLKE817","clark_r8",817,8,"01","01","SN","01","8","R8_CEQN","validation","TREEVOLUME_FIXTURES/clark_identifiers.csv","38548071d5aa652bb90c7f111f86b427f798a1c9"
"848CLKE820","clark_r8",820,8,"01","01","SN","01","8","R8_CEQN","validation","TREEVOLUME_FIXTURES/clark_identifiers.csv","38548071d5aa652bb90c7f111f86b427f798a1c9"
"848CLKE822","clark_r8",822,8,"01","01","SN","01","8","R8_CEQN","validation","TREEVOLUME_FIXTURES/clark_identifiers.csv","38548071d5aa652bb90c7f111f86b427f798a1c9"
"848CLKE823","clark_r8",823,8,"01","01","SN","01","8","R8_CEQN","validation","TREEVOLUME_FIXTURES/clark_identifiers.csv","38548071d5aa652bb90c7f111f86b427f798a1c9"
"848CLKE825","clark_r8",825,8,"01","01","SN","01","8","R8_CEQN","validation","TREEVOLUME_FIXTURES/clark_identifiers.csv","38548071d5aa652bb90c7f111f86b427f798a1c9"
"848CLKE826","clark_r8",826,8,"01","01","SN","01","8","R8_CEQN","validation","TREEVOLUME_FIXTURES/clark_identifiers.csv","38548071d5aa652bb90c7f111f86b427f798a1c9"
"848CLKE827","clark_r8",827,8,"01","01","SN","01","8","R8_CEQN","validation","TREEVOLUME_FIXTURES/clark_identifiers.csv","38548071d5aa652bb90c7f111f86b427f798a1c9"
"848CLKE828","clark_r8",828,8,"01","01","SN","01","8","R8_CEQN","validation","TREEVOLUME_FIXTURES/clark_identifiers.csv","38548071d5aa652bb90c7f111f86b427f798a1c9"
"848CLKE830","clark_r8",830,8,"01","01","SN","01","8","R8_CEQN","validation","TREEVOLUME_FIXTURES/clark_identifiers.csv","38548071d5aa652bb90c7f111f86b427f798a1c9"
"848CLKE831","clark_r8",831,8,"01","01","SN","01","8","R8_CEQN","validation","TREEVOLUME_FIXTURES/clark_identifiers.csv","38548071d5aa652bb90c7f111f86b427f798a1c9"
"848CLKE832","clark_r8",832,8,"01","01","SN","01","8","R8_CEQN","validation","TREEVOLUME_FIXTURES/clark_identifiers.csv","38548071d5aa652bb90c7f111f86b427f798a1c9"
"848CLKE833","clark_r8",833,8,"01","01","SN","01","8","R8_CEQN","validation","TREEVOLUME_FIXTURES/clark_identifiers.csv","38548071d5aa652bb90c7f111f86b427f798a1c9"
"848CLKE834","clark_r8",834,8,"01","01","SN","01","8","R8_CEQN","validation","TREEVOLUME_FIXTURES/clark_identifiers.csv","38548071d5aa652bb90c7f111f86b427f798a1c9"
"848CLKE835","clark_r8",835,8,"01","01","SN","01","8","R8_CEQN","validation","TREEVOLUME_FIXTURES/clark_identifiers.csv","38548071d5aa652bb90c7f111f86b427f798a1c9"
"848CLKE837","clark_r8",837,8,"01","01","SN","01","8","R8_CEQN","validation","TREEVOLUME_FIXTURES/clark_identifiers.csv","38548071d5aa652bb90c7f111f86b427f798a1c9"
"848CLKE901","clark_r8",901,8,"01","01","SN","01","8","R8_CEQN","validation","TREEVOLUME_FIXTURES/clark_identifiers.csv","38548071d5aa652bb90c7f111f86b427f798a1c9"
"848CLKE920","clark_r8",920,8,"01","01","SN","01","8","R8_CEQN","validation","TREEVOLUME_FIXTURES/clark_identifiers.csv","38548071d5aa652bb90c7f111f86b427f798a1c9"
"848CLKE930","clark_r8",930,8,"01","01","SN","01","8","R8_CEQN","validation","TREEVOLUME_FIXTURES/clark_identifiers.csv","38548071d5aa652bb90c7f111f86b427f798a1c9"
"848CLKE950","clark_r8",950,8,"01","01","SN","01","8","R8_CEQN","validation","TREEVOLUME_FIXTURES/clark_identifiers.csv","38548071d5aa652bb90c7f111f86b427f798a1c9"
"848CLKE970","clark_r8",970,8,"01","01","SN","01","8","R8_CEQN","validation","TREEVOLUME_FIXTURES/clark_identifiers.csv","38548071d5aa652bb90c7f111f86b427f798a1c9"
"849CLKE100","clark_r8",100,8,"01","01","SN","01","9","R8_CEQN","validation","TREEVOLUME_FIXTURES/clark_identifiers.csv","38548071d5aa652bb90c7f111f86b427f798a1c9"
"849CLKE107","clark_r8",107,8,"01","01","SN","01","9","R8_CEQN","validation","TREEVOLUME_FIXTURES/clark_identifiers.csv","38548071d5aa652bb90c7f111f86b427f798a1c9"
"849CLKE110","clark_r8",110,8,"01","01","SN","01","9","R8_CEQN","validation","TREEVOLUME_FIXTURES/clark_identifiers.csv","38548071d5aa652bb90c7f111f86b427f798a1c9"
"849CLKE111","clark_r8",111,8,"01","01","SN","01","9","R8_CEQN","validation","TREEVOLUME_FIXTURES/clark_identifiers.csv","38548071d5aa652bb90c7f111f86b427f798a1c9"
"849CLKE115","clark_r8",115,8,"01","01","SN","01","9","R8_CEQN","validation","TREEVOLUME_FIXTURES/clark_identifiers.csv","38548071d5aa652bb90c7f111f86b427f798a1c9"
"849CLKE121","clark_r8",121,8,"01","01","SN","01","9","R8_CEQN","validation","TREEVOLUME_FIXTURES/clark_identifiers.csv","38548071d5aa652bb90c7f111f86b427f798a1c9"
"849CLKE123","clark_r8",123,8,"01","01","SN","01","9","R8_CEQN","validation","TREEVOLUME_FIXTURES/clark_identifiers.csv","38548071d5aa652bb90c7f111f86b427f798a1c9"
"849CLKE126","clark_r8",126,8,"01","01","SN","01","9","R8_CEQN","validation","TREEVOLUME_FIXTURES/clark_identifiers.csv","38548071d5aa652bb90c7f111f86b427f798a1c9"
"849CLKE128","clark_r8",128,8,"01","01","SN","01","9","R8_CEQN","validation","TREEVOLUME_FIXTURES/clark_identifiers.csv","38548071d5aa652bb90c7f111f86b427f798a1c9"
"849CLKE129","clark_r8",129,8,"01","01","SN","01","9","R8_CEQN","validation","TREEVOLUME_FIXTURES/clark_identifiers.csv","38548071d5aa652bb90c7f111f86b427f798a1c9"
"849CLKE131","clark_r8",131,8,"01","01","SN","01","9","R8_CEQN","validation","TREEVOLUME_FIXTURES/clark_identifiers.csv","38548071d5aa652bb90c7f111f86b427f798a1c9"
"849CLKE132","clark_r8",132,8,"01","01","SN","01","9","R8_CEQN","validation","TREEVOLUME_FIXTURES/clark_identifiers.csv","38548071d5aa652bb90c7f111f86b427f798a1c9"
"849CLKE197","clark_r8",197,8,"01","01","SN","01","9","R8_CEQN","validation","TREEVOLUME_FIXTURES/clark_identifiers.csv","38548071d5aa652bb90c7f111f86b427f798a1c9"
"849CLKE221","clark_r8",221,8,"01","01","SN","01","9","R8_CEQN","validation","TREEVOLUME_FIXTURES/clark_identifiers.csv","38548071d5aa652bb90c7f111f86b427f798a1c9"
"849CLKE222","clark_r8",222,8,"01","01","SN","01","9","R8_CEQN","validation","TREEVOLUME_FIXTURES/clark_identifiers.csv","38548071d5aa652bb90c7f111f86b427f798a1c9"
"849CLKE261","clark_r8",261,8,"01","01","SN","01","9","R8_CEQN","validation","TREEVOLUME_FIXTURES/clark_identifiers.csv","38548071d5aa652bb90c7f111f86b427f798a1c9"
"849CLKE300","clark_r8",300,8,"01","01","SN","01","9","R8_CEQN","validation","TREEVOLUME_FIXTURES/clark_identifiers.csv","38548071d5aa652bb90c7f111f86b427f798a1c9"
"849CLKE313","clark_r8",313,8,"01","01","SN","01","9","R8_CEQN","validation","TREEVOLUME_FIXTURES/clark_identifiers.csv","38548071d5aa652bb90c7f111f86b427f798a1c9"
"849CLKE314","clark_r8",314,8,"01","01","SN","01","9","R8_CEQN","validation","TREEVOLUME_FIXTURES/clark_identifiers.csv","38548071d5aa652bb90c7f111f86b427f798a1c9"
"849CLKE316","clark_r8",316,8,"01","01","SN","01","9","R8_CEQN","validation","TREEVOLUME_FIXTURES/clark_identifiers.csv","38548071d5aa652bb90c7f111f86b427f798a1c9"
"849CLKE317","clark_r8",317,8,"01","01","SN","01","9","R8_CEQN","validation","TREEVOLUME_FIXTURES/clark_identifiers.csv","38548071d5aa652bb90c7f111f86b427f798a1c9"
"849CLKE318","clark_r8",318,8,"01","01","SN","01","9","R8_CEQN","validation","TREEVOLUME_FIXTURES/clark_identifiers.csv","38548071d5aa652bb90c7f111f86b427f798a1c9"
"849CLKE330","clark_r8",330,8,"01","01","SN","01","9","R8_CEQN","validation","TREEVOLUME_FIXTURES/clark_identifiers.csv","38548071d5aa652bb90c7f111f86b427f798a1c9"
"849CLKE370","clark_r8",370,8,"01","01","SN","01","9","R8_CEQN","validation","TREEVOLUME_FIXTURES/clark_identifiers.csv","38548071d5aa652bb90c7f111f86b427f798a1c9"
"849CLKE400","clark_r8",400,8,"01","01","SN","01","9","R8_CEQN","validation","TREEVOLUME_FIXTURES/clark_identifiers.csv","38548071d5aa652bb90c7f111f86b427f798a1c9"
"849CLKE404","clark_r8",404,8,"01","01","SN","01","9","R8_CEQN","validation","TREEVOLUME_FIXTURES/clark_identifiers.csv","38548071d5aa652bb90c7f111f86b427f798a1c9"
"849CLKE460","clark_r8",460,8,"01","01","SN","01","9","R8_CEQN","validation","TREEVOLUME_FIXTURES/clark_identifiers.csv","38548071d5aa652bb90c7f111f86b427f798a1c9"
"849CLKE500","clark_r8",500,8,"01","01","SN","01","9","R8_CEQN","validation","TREEVOLUME_FIXTURES/clark_identifiers.csv","38548071d5aa652bb90c7f111f86b427f798a1c9"
"849CLKE521","clark_r8",521,8,"01","01","SN","01","9","R8_CEQN","validation","TREEVOLUME_FIXTURES/clark_identifiers.csv","38548071d5aa652bb90c7f111f86b427f798a1c9"
"849CLKE531","clark_r8",531,8,"01","01","SN","01","9","R8_CEQN","validation","TREEVOLUME_FIXTURES/clark_identifiers.csv","38548071d5aa652bb90c7f111f86b427f798a1c9"
"849CLKE541","clark_r8",541,8,"01","01","SN","01","9","R8_CEQN","validation","TREEVOLUME_FIXTURES/clark_identifiers.csv","38548071d5aa652bb90c7f111f86b427f798a1c9"
"849CLKE544","clark_r8",544,8,"01","01","SN","01","9","R8_CEQN","validation","TREEVOLUME_FIXTURES/clark_identifiers.csv","38548071d5aa652bb90c7f111f86b427f798a1c9"
"849CLKE545","clark_r8",545,8,"01","01","SN","01","9","R8_CEQN","validation","TREEVOLUME_FIXTURES/clark_identifiers.csv","38548071d5aa652bb90c7f111f86b427f798a1c9"
"849CLKE546","clark_r8",546,8,"01","01","SN","01","9","R8_CEQN","validation","TREEVOLUME_FIXTURES/clark_identifiers.csv","38548071d5aa652bb90c7f111f86b427f798a1c9"
"849CLKE550","clark_r8",550,8,"01","01","SN","01","9","R8_CEQN","validation","TREEVOLUME_FIXTURES/clark_identifiers.csv","38548071d5aa652bb90c7f111f86b427f798a1c9"
"849CLKE580","clark_r8",580,8,"01","01","SN","01","9","R8_CEQN","validation","TREEVOLUME_FIXTURES/clark_identifiers.csv","38548071d5aa652bb90c7f111f86b427f798a1c9"
"849CLKE601","clark_r8",601,8,"01","01","SN","01","9","R8_CEQN","validation","TREEVOLUME_FIXTURES/clark_identifiers.csv","38548071d5aa652bb90c7f111f86b427f798a1c9"
"849CLKE602","clark_r8",602,8,"01","01","SN","01","9","R8_CEQN","validation","TREEVOLUME_FIXTURES/clark_identifiers.csv","38548071d5aa652bb90c7f111f86b427f798a1c9"
"849CLKE611","clark_r8",611,8,"01","01","SN","01","9","R8_CEQN","validation","TREEVOLUME_FIXTURES/clark_identifiers.csv","38548071d5aa652bb90c7f111f86b427f798a1c9"
"849CLKE621","clark_r8",621,8,"01","01","SN","01","9","R8_CEQN","validation","TREEVOLUME_FIXTURES/clark_identifiers.csv","38548071d5aa652bb90c7f111f86b427f798a1c9"
"849CLKE650","clark_r8",650,8,"01","01","SN","01","9","R8_CEQN","validation","TREEVOLUME_FIXTURES/clark_identifiers.csv","38548071d5aa652bb90c7f111f86b427f798a1c9"
"849CLKE651","clark_r8",651,8,"01","01","SN","01","9","R8_CEQN","validation","TREEVOLUME_FIXTURES/clark_identifiers.csv","38548071d5aa652bb90c7f111f86b427f798a1c9"
"849CLKE652","clark_r8",652,8,"01","01","SN","01","9","R8_CEQN","validation","TREEVOLUME_FIXTURES/clark_identifiers.csv","38548071d5aa652bb90c7f111f86b427f798a1c9"
"849CLKE653","clark_r8",653,8,"01","01","SN","01","9","R8_CEQN","validation","TREEVOLUME_FIXTURES/clark_identifiers.csv","38548071d5aa652bb90c7f111f86b427f798a1c9"
"849CLKE691","clark_r8",691,8,"01","01","SN","01","9","R8_CEQN","validation","TREEVOLUME_FIXTURES/clark_identifiers.csv","38548071d5aa652bb90c7f111f86b427f798a1c9"
"849CLKE693","clark_r8",693,8,"01","01","SN","01","9","R8_CEQN","validation","TREEVOLUME_FIXTURES/clark_identifiers.csv","38548071d5aa652bb90c7f111f86b427f798a1c9"
"849CLKE694","clark_r8",694,8,"01","01","SN","01","9","R8_CEQN","validation","TREEVOLUME_FIXTURES/clark_identifiers.csv","38548071d5aa652bb90c7f111f86b427f798a1c9"
"849CLKE711","clark_r8",711,8,"01","01","SN","01","9","R8_CEQN","validation","TREEVOLUME_FIXTURES/clark_identifiers.csv","38548071d5aa652bb90c7f111f86b427f798a1c9"
"849CLKE731","clark_r8",731,8,"01","01","SN","01","9","R8_CEQN","validation","TREEVOLUME_FIXTURES/clark_identifiers.csv","38548071d5aa652bb90c7f111f86b427f798a1c9"
"849CLKE742","clark_r8",742,8,"01","01","SN","01","9","R8_CEQN","validation","TREEVOLUME_FIXTURES/clark_identifiers.csv","38548071d5aa652bb90c7f111f86b427f798a1c9"
"849CLKE762","clark_r8",762,8,"01","01","SN","01","9","R8_CEQN","validation","TREEVOLUME_FIXTURES/clark_identifiers.csv","38548071d5aa652bb90c7f111f86b427f798a1c9"
"849CLKE800","clark_r8",800,8,"01","01","SN","01","9","R8_CEQN","validation","TREEVOLUME_FIXTURES/clark_identifiers.csv","38548071d5aa652bb90c7f111f86b427f798a1c9"
"849CLKE802","clark_r8",802,8,"01","01","SN","01","9","R8_CEQN","validation","TREEVOLUME_FIXTURES/clark_identifiers.csv","38548071d5aa652bb90c7f111f86b427f798a1c9"
"849CLKE804","clark_r8",804,8,"01","01","SN","01","9","R8_CEQN","validation","TREEVOLUME_FIXTURES/clark_identifiers.csv","38548071d5aa652bb90c7f111f86b427f798a1c9"
"849CLKE806","clark_r8",806,8,"01","01","SN","01","9","R8_CEQN","validation","TREEVOLUME_FIXTURES/clark_identifiers.csv","38548071d5aa652bb90c7f111f86b427f798a1c9"
"849CLKE812","clark_r8",812,8,"01","01","SN","01","9","R8_CEQN","validation","TREEVOLUME_FIXTURES/clark_identifiers.csv","38548071d5aa652bb90c7f111f86b427f798a1c9"
"849CLKE813","clark_r8",813,8,"01","01","SN","01","9","R8_CEQN","validation","TREEVOLUME_FIXTURES/clark_identifiers.csv","38548071d5aa652bb90c7f111f86b427f798a1c9"
"849CLKE817","clark_r8",817,8,"01","01","SN","01","9","R8_CEQN","validation","TREEVOLUME_FIXTURES/clark_identifiers.csv","38548071d5aa652bb90c7f111f86b427f798a1c9"
"849CLKE820","clark_r8",820,8,"01","01","SN","01","9","R8_CEQN","validation","TREEVOLUME_FIXTURES/clark_identifiers.csv","38548071d5aa652bb90c7f111f86b427f798a1c9"
"849CLKE822","clark_r8",822,8,"01","01","SN","01","9","R8_CEQN","validation","TREEVOLUME_FIXTURES/clark_identifiers.csv","38548071d5aa652bb90c7f111f86b427f798a1c9"
"849CLKE823","clark_r8",823,8,"01","01","SN","01","9","R8_CEQN","validation","TREEVOLUME_FIXTURES/clark_identifiers.csv","38548071d5aa652bb90c7f111f86b427f798a1c9"
"849CLKE825","clark_r8",825,8,"01","01","SN","01","9","R8_CEQN","validation","TREEVOLUME_FIXTURES/clark_identifiers.csv","38548071d5aa652bb90c7f111f86b427f798a1c9"
"849CLKE826","clark_r8",826,8,"01","01","SN","01","9","R8_CEQN","validation","TREEVOLUME_FIXTURES/clark_identifiers.csv","38548071d5aa652bb90c7f111f86b427f798a1c9"
"849CLKE827","clark_r8",827,8,"01","01","SN","01","9","R8_CEQN","validation","TREEVOLUME_FIXTURES/clark_identifiers.csv","38548071d5aa652bb90c7f111f86b427f798a1c9"
"849CLKE828","clark_r8",828,8,"01","01","SN","01","9","R8_CEQN","validation","TREEVOLUME_FIXTURES/clark_identifiers.csv","38548071d5aa652bb90c7f111f86b427f798a1c9"
"849CLKE830","clark_r8",830,8,"01","01","SN","01","9","R8_CEQN","validation","TREEVOLUME_FIXTURES/clark_identifiers.csv","38548071d5aa652bb90c7f111f86b427f798a1c9"
"849CLKE831","clark_r8",831,8,"01","01","SN","01","9","R8_CEQN","validation","TREEVOLUME_FIXTURES/clark_identifiers.csv","38548071d5aa652bb90c7f111f86b427f798a1c9"
"849CLKE832","clark_r8",832,8,"01","01","SN","01","9","R8_CEQN","validation","TREEVOLUME_FIXTURES/clark_identifiers.csv","38548071d5aa652bb90c7f111f86b427f798a1c9"
"849CLKE833","clark_r8",833,8,"01","01","SN","01","9","R8_CEQN","validation","TREEVOLUME_FIXTURES/clark_identifiers.csv","38548071d5aa652bb90c7f111f86b427f798a1c9"
"849CLKE834","clark_r8",834,8,"01","01","SN","01","9","R8_CEQN","validation","TREEVOLUME_FIXTURES/clark_identifiers.csv","38548071d5aa652bb90c7f111f86b427f798a1c9"
"849CLKE835","clark_r8",835,8,"01","01","SN","01","9","R8_CEQN","validation","TREEVOLUME_FIXTURES/clark_identifiers.csv","38548071d5aa652bb90c7f111f86b427f798a1c9"
"849CLKE837","clark_r8",837,8,"01","01","SN","01","9","R8_CEQN","validation","TREEVOLUME_FIXTURES/clark_identifiers.csv","38548071d5aa652bb90c7f111f86b427f798a1c9"
"849CLKE901","clark_r8",901,8,"01","01","SN","01","9","R8_CEQN","validation","TREEVOLUME_FIXTURES/clark_identifiers.csv","38548071d5aa652bb90c7f111f86b427f798a1c9"
"849CLKE920","clark_r8",920,8,"01","01","SN","01","9","R8_CEQN","validation","TREEVOLUME_FIXTURES/clark_identifiers.csv","38548071d5aa652bb90c7f111f86b427f798a1c9"
"849CLKE930","clark_r8",930,8,"01","01","SN","01","9","R8_CEQN","validation","TREEVOLUME_FIXTURES/clark_identifiers.csv","38548071d5aa652bb90c7f111f86b427f798a1c9"
"849CLKE950","clark_r8",950,8,"01","01","SN","01","9","R8_CEQN","validation","TREEVOLUME_FIXTURES/clark_identifiers.csv","38548071d5aa652bb90c7f111f86b427f798a1c9"
"849CLKE970","clark_r8",970,8,"01","01","SN","01","9","R8_CEQN","validation","TREEVOLUME_FIXTURES/clark_identifiers.csv","38548071d5aa652bb90c7f111f86b427f798a1c9"
"854CLKE100","clark_r8",100,8,"06","01","SN","01","4","R8_CEQN","validation","TREEVOLUME_FIXTURES/clark_identifiers.csv","38548071d5aa652bb90c7f111f86b427f798a1c9"
"854CLKE107","clark_r8",107,8,"06","01","SN","01","4","R8_CEQN","validation","TREEVOLUME_FIXTURES/clark_identifiers.csv","38548071d5aa652bb90c7f111f86b427f798a1c9"
"854CLKE110","clark_r8",110,8,"06","01","SN","01","4","R8_CEQN","validation","TREEVOLUME_FIXTURES/clark_identifiers.csv","38548071d5aa652bb90c7f111f86b427f798a1c9"
"854CLKE111","clark_r8",111,8,"06","01","SN","01","4","R8_CEQN","validation","TREEVOLUME_FIXTURES/clark_identifiers.csv","38548071d5aa652bb90c7f111f86b427f798a1c9"
"854CLKE115","clark_r8",115,8,"06","01","SN","01","4","R8_CEQN","validation","TREEVOLUME_FIXTURES/clark_identifiers.csv","38548071d5aa652bb90c7f111f86b427f798a1c9"
"854CLKE121","clark_r8",121,8,"06","01","SN","01","4","R8_CEQN","validation","TREEVOLUME_FIXTURES/clark_identifiers.csv","38548071d5aa652bb90c7f111f86b427f798a1c9"
"854CLKE123","clark_r8",123,8,"06","01","SN","01","4","R8_CEQN","validation","TREEVOLUME_FIXTURES/clark_identifiers.csv","38548071d5aa652bb90c7f111f86b427f798a1c9"
"854CLKE126","clark_r8",126,8,"06","01","SN","01","4","R8_CEQN","validation","TREEVOLUME_FIXTURES/clark_identifiers.csv","38548071d5aa652bb90c7f111f86b427f798a1c9"
"854CLKE128","clark_r8",128,8,"06","01","SN","01","4","R8_CEQN","validation","TREEVOLUME_FIXTURES/clark_identifiers.csv","38548071d5aa652bb90c7f111f86b427f798a1c9"
"854CLKE129","clark_r8",129,8,"06","01","SN","01","4","R8_CEQN","validation","TREEVOLUME_FIXTURES/clark_identifiers.csv","38548071d5aa652bb90c7f111f86b427f798a1c9"
"854CLKE131","clark_r8",131,8,"06","01","SN","01","4","R8_CEQN","validation","TREEVOLUME_FIXTURES/clark_identifiers.csv","38548071d5aa652bb90c7f111f86b427f798a1c9"
"854CLKE132","clark_r8",132,8,"06","01","SN","01","4","R8_CEQN","validation","TREEVOLUME_FIXTURES/clark_identifiers.csv","38548071d5aa652bb90c7f111f86b427f798a1c9"
"854CLKE197","clark_r8",197,8,"06","01","SN","01","4","R8_CEQN","validation","TREEVOLUME_FIXTURES/clark_identifiers.csv","38548071d5aa652bb90c7f111f86b427f798a1c9"
"854CLKE221","clark_r8",221,8,"06","01","SN","01","4","R8_CEQN","validation","TREEVOLUME_FIXTURES/clark_identifiers.csv","38548071d5aa652bb90c7f111f86b427f798a1c9"
"854CLKE222","clark_r8",222,8,"06","01","SN","01","4","R8_CEQN","validation","TREEVOLUME_FIXTURES/clark_identifiers.csv","38548071d5aa652bb90c7f111f86b427f798a1c9"
"854CLKE261","clark_r8",261,8,"06","01","SN","01","4","R8_CEQN","validation","TREEVOLUME_FIXTURES/clark_identifiers.csv","38548071d5aa652bb90c7f111f86b427f798a1c9"
"854CLKE300","clark_r8",300,8,"06","01","SN","01","4","R8_CEQN","validation","TREEVOLUME_FIXTURES/clark_identifiers.csv","38548071d5aa652bb90c7f111f86b427f798a1c9"
"854CLKE313","clark_r8",313,8,"06","01","SN","01","4","R8_CEQN","validation","TREEVOLUME_FIXTURES/clark_identifiers.csv","38548071d5aa652bb90c7f111f86b427f798a1c9"
"854CLKE314","clark_r8",314,8,"06","01","SN","01","4","R8_CEQN","validation","TREEVOLUME_FIXTURES/clark_identifiers.csv","38548071d5aa652bb90c7f111f86b427f798a1c9"
"854CLKE316","clark_r8",316,8,"06","01","SN","01","4","R8_CEQN","validation","TREEVOLUME_FIXTURES/clark_identifiers.csv","38548071d5aa652bb90c7f111f86b427f798a1c9"
"854CLKE317","clark_r8",317,8,"06","01","SN","01","4","R8_CEQN","validation","TREEVOLUME_FIXTURES/clark_identifiers.csv","38548071d5aa652bb90c7f111f86b427f798a1c9"
"854CLKE318","clark_r8",318,8,"06","01","SN","01","4","R8_CEQN","validation","TREEVOLUME_FIXTURES/clark_identifiers.csv","38548071d5aa652bb90c7f111f86b427f798a1c9"
"854CLKE330","clark_r8",330,8,"06","01","SN","01","4","R8_CEQN","validation","TREEVOLUME_FIXTURES/clark_identifiers.csv","38548071d5aa652bb90c7f111f86b427f798a1c9"
"854CLKE370","clark_r8",370,8,"06","01","SN","01","4","R8_CEQN","validation","TREEVOLUME_FIXTURES/clark_identifiers.csv","38548071d5aa652bb90c7f111f86b427f798a1c9"
"854CLKE400","clark_r8",400,8,"06","01","SN","01","4","R8_CEQN","validation","TREEVOLUME_FIXTURES/clark_identifiers.csv","38548071d5aa652bb90c7f111f86b427f798a1c9"
"854CLKE404","clark_r8",404,8,"06","01","SN","01","4","R8_CEQN","validation","TREEVOLUME_FIXTURES/clark_identifiers.csv","38548071d5aa652bb90c7f111f86b427f798a1c9"
"854CLKE460","clark_r8",460,8,"06","01","SN","01","4","R8_CEQN","validation","TREEVOLUME_FIXTURES/clark_identifiers.csv","38548071d5aa652bb90c7f111f86b427f798a1c9"
"854CLKE500","clark_r8",500,8,"06","01","SN","01","4","R8_CEQN","validation","TREEVOLUME_FIXTURES/clark_identifiers.csv","38548071d5aa652bb90c7f111f86b427f798a1c9"
"854CLKE521","clark_r8",521,8,"06","01","SN","01","4","R8_CEQN","validation","TREEVOLUME_FIXTURES/clark_identifiers.csv","38548071d5aa652bb90c7f111f86b427f798a1c9"
"854CLKE531","clark_r8",531,8,"06","01","SN","01","4","R8_CEQN","validation","TREEVOLUME_FIXTURES/clark_identifiers.csv","38548071d5aa652bb90c7f111f86b427f798a1c9"
"854CLKE541","clark_r8",541,8,"06","01","SN","01","4","R8_CEQN","validation","TREEVOLUME_FIXTURES/clark_identifiers.csv","38548071d5aa652bb90c7f111f86b427f798a1c9"
"854CLKE544","clark_r8",544,8,"06","01","SN","01","4","R8_CEQN","validation","TREEVOLUME_FIXTURES/clark_identifiers.csv","38548071d5aa652bb90c7f111f86b427f798a1c9"
"854CLKE545","clark_r8",545,8,"06","01","SN","01","4","R8_CEQN","validation","TREEVOLUME_FIXTURES/clark_identifiers.csv","38548071d5aa652bb90c7f111f86b427f798a1c9"
"854CLKE546","clark_r8",546,8,"06","01","SN","01","4","R8_CEQN","validation","TREEVOLUME_FIXTURES/clark_identifiers.csv","38548071d5aa652bb90c7f111f86b427f798a1c9"
"854CLKE550","clark_r8",550,8,"06","01","SN","01","4","R8_CEQN","validation","TREEVOLUME_FIXTURES/clark_identifiers.csv","38548071d5aa652bb90c7f111f86b427f798a1c9"
"854CLKE580","clark_r8",580,8,"06","01","SN","01","4","R8_CEQN","validation","TREEVOLUME_FIXTURES/clark_identifiers.csv","38548071d5aa652bb90c7f111f86b427f798a1c9"
"854CLKE601","clark_r8",601,8,"06","01","SN","01","4","R8_CEQN","validation","TREEVOLUME_FIXTURES/clark_identifiers.csv","38548071d5aa652bb90c7f111f86b427f798a1c9"
"854CLKE602","clark_r8",602,8,"06","01","SN","01","4","R8_CEQN","validation","TREEVOLUME_FIXTURES/clark_identifiers.csv","38548071d5aa652bb90c7f111f86b427f798a1c9"
"854CLKE611","clark_r8",611,8,"06","01","SN","01","4","R8_CEQN","validation","TREEVOLUME_FIXTURES/clark_identifiers.csv","38548071d5aa652bb90c7f111f86b427f798a1c9"
"854CLKE621","clark_r8",621,8,"06","01","SN","01","4","R8_CEQN","validation","TREEVOLUME_FIXTURES/clark_identifiers.csv","38548071d5aa652bb90c7f111f86b427f798a1c9"
"854CLKE650","clark_r8",650,8,"06","01","SN","01","4","R8_CEQN","validation","TREEVOLUME_FIXTURES/clark_identifiers.csv","38548071d5aa652bb90c7f111f86b427f798a1c9"
"854CLKE651","clark_r8",651,8,"06","01","SN","01","4","R8_CEQN","validation","TREEVOLUME_FIXTURES/clark_identifiers.csv","38548071d5aa652bb90c7f111f86b427f798a1c9"
"854CLKE652","clark_r8",652,8,"06","01","SN","01","4","R8_CEQN","validation","TREEVOLUME_FIXTURES/clark_identifiers.csv","38548071d5aa652bb90c7f111f86b427f798a1c9"
"854CLKE653","clark_r8",653,8,"06","01","SN","01","4","R8_CEQN","validation","TREEVOLUME_FIXTURES/clark_identifiers.csv","38548071d5aa652bb90c7f111f86b427f798a1c9"
"854CLKE691","clark_r8",691,8,"06","01","SN","01","4","R8_CEQN","validation","TREEVOLUME_FIXTURES/clark_identifiers.csv","38548071d5aa652bb90c7f111f86b427f798a1c9"
"854CLKE693","clark_r8",693,8,"06","01","SN","01","4","R8_CEQN","validation","TREEVOLUME_FIXTURES/clark_identifiers.csv","38548071d5aa652bb90c7f111f86b427f798a1c9"
"854CLKE694","clark_r8",694,8,"06","01","SN","01","4","R8_CEQN","validation","TREEVOLUME_FIXTURES/clark_identifiers.csv","38548071d5aa652bb90c7f111f86b427f798a1c9"
"854CLKE711","clark_r8",711,8,"06","01","SN","01","4","R8_CEQN","validation","TREEVOLUME_FIXTURES/clark_identifiers.csv","38548071d5aa652bb90c7f111f86b427f798a1c9"
"854CLKE731","clark_r8",731,8,"06","01","SN","01","4","R8_CEQN","validation","TREEVOLUME_FIXTURES/clark_identifiers.csv","38548071d5aa652bb90c7f111f86b427f798a1c9"
"854CLKE742","clark_r8",742,8,"06","01","SN","01","4","R8_CEQN","validation","TREEVOLUME_FIXTURES/clark_identifiers.csv","38548071d5aa652bb90c7f111f86b427f798a1c9"
"854CLKE762","clark_r8",762,8,"06","01","SN","01","4","R8_CEQN","validation","TREEVOLUME_FIXTURES/clark_identifiers.csv","38548071d5aa652bb90c7f111f86b427f798a1c9"
"854CLKE800","clark_r8",800,8,"06","01","SN","01","4","R8_CEQN","validation","TREEVOLUME_FIXTURES/clark_identifiers.csv","38548071d5aa652bb90c7f111f86b427f798a1c9"
"854CLKE802","clark_r8",802,8,"06","01","SN","01","4","R8_CEQN","validation","TREEVOLUME_FIXTURES/clark_identifiers.csv","38548071d5aa652bb90c7f111f86b427f798a1c9"
"854CLKE804","clark_r8",804,8,"06","01","SN","01","4","R8_CEQN","validation","TREEVOLUME_FIXTURES/clark_identifiers.csv","38548071d5aa652bb90c7f111f86b427f798a1c9"
"854CLKE806","clark_r8",806,8,"06","01","SN","01","4","R8_CEQN","validation","TREEVOLUME_FIXTURES/clark_identifiers.csv","38548071d5aa652bb90c7f111f86b427f798a1c9"
"854CLKE812","clark_r8",812,8,"06","01","SN","01","4","R8_CEQN","validation","TREEVOLUME_FIXTURES/clark_identifiers.csv","38548071d5aa652bb90c7f111f86b427f798a1c9"
"854CLKE813","clark_r8",813,8,"06","01","SN","01","4","R8_CEQN","validation","TREEVOLUME_FIXTURES/clark_identifiers.csv","38548071d5aa652bb90c7f111f86b427f798a1c9"
"854CLKE817","clark_r8",817,8,"06","01","SN","01","4","R8_CEQN","validation","TREEVOLUME_FIXTURES/clark_identifiers.csv","38548071d5aa652bb90c7f111f86b427f798a1c9"
"854CLKE820","clark_r8",820,8,"06","01","SN","01","4","R8_CEQN","validation","TREEVOLUME_FIXTURES/clark_identifiers.csv","38548071d5aa652bb90c7f111f86b427f798a1c9"
"854CLKE822","clark_r8",822,8,"06","01","SN","01","4","R8_CEQN","validation","TREEVOLUME_FIXTURES/clark_identifiers.csv","38548071d5aa652bb90c7f111f86b427f798a1c9"
"854CLKE823","clark_r8",823,8,"06","01","SN","01","4","R8_CEQN","validation","TREEVOLUME_FIXTURES/clark_identifiers.csv","38548071d5aa652bb90c7f111f86b427f798a1c9"
"854CLKE825","clark_r8",825,8,"06","01","SN","01","4","R8_CEQN","validation","TREEVOLUME_FIXTURES/clark_identifiers.csv","38548071d5aa652bb90c7f111f86b427f798a1c9"
"854CLKE826","clark_r8",826,8,"06","01","SN","01","4","R8_CEQN","validation","TREEVOLUME_FIXTURES/clark_identifiers.csv","38548071d5aa652bb90c7f111f86b427f798a1c9"
"854CLKE827","clark_r8",827,8,"06","01","SN","01","4","R8_CEQN","validation","TREEVOLUME_FIXTURES/clark_identifiers.csv","38548071d5aa652bb90c7f111f86b427f798a1c9"
"854CLKE828","clark_r8",828,8,"06","01","SN","01","4","R8_CEQN","validation","TREEVOLUME_FIXTURES/clark_identifiers.csv","38548071d5aa652bb90c7f111f86b427f798a1c9"
"854CLKE830","clark_r8",830,8,"06","01","SN","01","4","R8_CEQN","validation","TREEVOLUME_FIXTURES/clark_identifiers.csv","38548071d5aa652bb90c7f111f86b427f798a1c9"
"854CLKE831","clark_r8",831,8,"06","01","SN","01","4","R8_CEQN","validation","TREEVOLUME_FIXTURES/clark_identifiers.csv","38548071d5aa652bb90c7f111f86b427f798a1c9"
"854CLKE832","clark_r8",832,8,"06","01","SN","01","4","R8_CEQN","validation","TREEVOLUME_FIXTURES/clark_identifiers.csv","38548071d5aa652bb90c7f111f86b427f798a1c9"
"854CLKE833","clark_r8",833,8,"06","01","SN","01","4","R8_CEQN","validation","TREEVOLUME_FIXTURES/clark_identifiers.csv","38548071d5aa652bb90c7f111f86b427f798a1c9"
"854CLKE834","clark_r8",834,8,"06","01","SN","01","4","R8_CEQN","validation","TREEVOLUME_FIXTURES/clark_identifiers.csv","38548071d5aa652bb90c7f111f86b427f798a1c9"
"854CLKE835","clark_r8",835,8,"06","01","SN","01","4","R8_CEQN","validation","TREEVOLUME_FIXTURES/clark_identifiers.csv","38548071d5aa652bb90c7f111f86b427f798a1c9"
"854CLKE837","clark_r8",837,8,"06","01","SN","01","4","R8_CEQN","validation","TREEVOLUME_FIXTURES/clark_identifiers.csv","38548071d5aa652bb90c7f111f86b427f798a1c9"
"854CLKE901","clark_r8",901,8,"06","01","SN","01","4","R8_CEQN","validation","TREEVOLUME_FIXTURES/clark_identifiers.csv","38548071d5aa652bb90c7f111f86b427f798a1c9"
"854CLKE920","clark_r8",920,8,"06","01","SN","01","4","R8_CEQN","validation","TREEVOLUME_FIXTURES/clark_identifiers.csv","38548071d5aa652bb90c7f111f86b427f798a1c9"
"854CLKE930","clark_r8",930,8,"06","01","SN","01","4","R8_CEQN","validation","TREEVOLUME_FIXTURES/clark_identifiers.csv","38548071d5aa652bb90c7f111f86b427f798a1c9"
"854CLKE950","clark_r8",950,8,"06","01","SN","01","4","R8_CEQN","validation","TREEVOLUME_FIXTURES/clark_identifiers.csv","38548071d5aa652bb90c7f111f86b427f798a1c9"
"854CLKE970","clark_r8",970,8,"06","01","SN","01","4","R8_CEQN","validation","TREEVOLUME_FIXTURES/clark_identifiers.csv","38548071d5aa652bb90c7f111f86b427f798a1c9"
"857CLKE100","clark_r8",100,8,"06","01","SN","01","7","R8_CEQN","validation","TREEVOLUME_FIXTURES/clark_identifiers.csv","38548071d5aa652bb90c7f111f86b427f798a1c9"
"857CLKE107","clark_r8",107,8,"06","01","SN","01","7","R8_CEQN","validation","TREEVOLUME_FIXTURES/clark_identifiers.csv","38548071d5aa652bb90c7f111f86b427f798a1c9"
"857CLKE110","clark_r8",110,8,"06","01","SN","01","7","R8_CEQN","validation","TREEVOLUME_FIXTURES/clark_identifiers.csv","38548071d5aa652bb90c7f111f86b427f798a1c9"
"857CLKE111","clark_r8",111,8,"06","01","SN","01","7","R8_CEQN","validation","TREEVOLUME_FIXTURES/clark_identifiers.csv","38548071d5aa652bb90c7f111f86b427f798a1c9"
"857CLKE115","clark_r8",115,8,"06","01","SN","01","7","R8_CEQN","validation","TREEVOLUME_FIXTURES/clark_identifiers.csv","38548071d5aa652bb90c7f111f86b427f798a1c9"
"857CLKE121","clark_r8",121,8,"06","01","SN","01","7","R8_CEQN","validation","TREEVOLUME_FIXTURES/clark_identifiers.csv","38548071d5aa652bb90c7f111f86b427f798a1c9"
"857CLKE123","clark_r8",123,8,"06","01","SN","01","7","R8_CEQN","validation","TREEVOLUME_FIXTURES/clark_identifiers.csv","38548071d5aa652bb90c7f111f86b427f798a1c9"
"857CLKE126","clark_r8",126,8,"06","01","SN","01","7","R8_CEQN","validation","TREEVOLUME_FIXTURES/clark_identifiers.csv","38548071d5aa652bb90c7f111f86b427f798a1c9"
"857CLKE128","clark_r8",128,8,"06","01","SN","01","7","R8_CEQN","validation","TREEVOLUME_FIXTURES/clark_identifiers.csv","38548071d5aa652bb90c7f111f86b427f798a1c9"
"857CLKE129","clark_r8",129,8,"06","01","SN","01","7","R8_CEQN","validation","TREEVOLUME_FIXTURES/clark_identifiers.csv","38548071d5aa652bb90c7f111f86b427f798a1c9"
"857CLKE131","clark_r8",131,8,"06","01","SN","01","7","R8_CEQN","validation","TREEVOLUME_FIXTURES/clark_identifiers.csv","38548071d5aa652bb90c7f111f86b427f798a1c9"
"857CLKE132","clark_r8",132,8,"06","01","SN","01","7","R8_CEQN","validation","TREEVOLUME_FIXTURES/clark_identifiers.csv","38548071d5aa652bb90c7f111f86b427f798a1c9"
"857CLKE197","clark_r8",197,8,"06","01","SN","01","7","R8_CEQN","validation","TREEVOLUME_FIXTURES/clark_identifiers.csv","38548071d5aa652bb90c7f111f86b427f798a1c9"
"857CLKE221","clark_r8",221,8,"06","01","SN","01","7","R8_CEQN","validation","TREEVOLUME_FIXTURES/clark_identifiers.csv","38548071d5aa652bb90c7f111f86b427f798a1c9"
"857CLKE222","clark_r8",222,8,"06","01","SN","01","7","R8_CEQN","validation","TREEVOLUME_FIXTURES/clark_identifiers.csv","38548071d5aa652bb90c7f111f86b427f798a1c9"
"857CLKE261","clark_r8",261,8,"06","01","SN","01","7","R8_CEQN","validation","TREEVOLUME_FIXTURES/clark_identifiers.csv","38548071d5aa652bb90c7f111f86b427f798a1c9"
"857CLKE300","clark_r8",300,8,"06","01","SN","01","7","R8_CEQN","validation","TREEVOLUME_FIXTURES/clark_identifiers.csv","38548071d5aa652bb90c7f111f86b427f798a1c9"
"857CLKE313","clark_r8",313,8,"06","01","SN","01","7","R8_CEQN","validation","TREEVOLUME_FIXTURES/clark_identifiers.csv","38548071d5aa652bb90c7f111f86b427f798a1c9"
"857CLKE314","clark_r8",314,8,"06","01","SN","01","7","R8_CEQN","validation","TREEVOLUME_FIXTURES/clark_identifiers.csv","38548071d5aa652bb90c7f111f86b427f798a1c9"
"857CLKE316","clark_r8",316,8,"06","01","SN","01","7","R8_CEQN","validation","TREEVOLUME_FIXTURES/clark_identifiers.csv","38548071d5aa652bb90c7f111f86b427f798a1c9"
"857CLKE317","clark_r8",317,8,"06","01","SN","01","7","R8_CEQN","validation","TREEVOLUME_FIXTURES/clark_identifiers.csv","38548071d5aa652bb90c7f111f86b427f798a1c9"
"857CLKE318","clark_r8",318,8,"06","01","SN","01","7","R8_CEQN","validation","TREEVOLUME_FIXTURES/clark_identifiers.csv","38548071d5aa652bb90c7f111f86b427f798a1c9"
"857CLKE330","clark_r8",330,8,"06","01","SN","01","7","R8_CEQN","validation","TREEVOLUME_FIXTURES/clark_identifiers.csv","38548071d5aa652bb90c7f111f86b427f798a1c9"
"857CLKE370","clark_r8",370,8,"06","01","SN","01","7","R8_CEQN","validation","TREEVOLUME_FIXTURES/clark_identifiers.csv","38548071d5aa652bb90c7f111f86b427f798a1c9"
"857CLKE400","clark_r8",400,8,"06","01","SN","01","7","R8_CEQN","validation","TREEVOLUME_FIXTURES/clark_identifiers.csv","38548071d5aa652bb90c7f111f86b427f798a1c9"
"857CLKE404","clark_r8",404,8,"06","01","SN","01","7","R8_CEQN","validation","TREEVOLUME_FIXTURES/clark_identifiers.csv","38548071d5aa652bb90c7f111f86b427f798a1c9"
"857CLKE460","clark_r8",460,8,"06","01","SN","01","7","R8_CEQN","validation","TREEVOLUME_FIXTURES/clark_identifiers.csv","38548071d5aa652bb90c7f111f86b427f798a1c9"
"857CLKE500","clark_r8",500,8,"06","01","SN","01","7","R8_CEQN","validation","TREEVOLUME_FIXTURES/clark_identifiers.csv","38548071d5aa652bb90c7f111f86b427f798a1c9"
"857CLKE521","clark_r8",521,8,"06","01","SN","01","7","R8_CEQN","validation","TREEVOLUME_FIXTURES/clark_identifiers.csv","38548071d5aa652bb90c7f111f86b427f798a1c9"
"857CLKE531","clark_r8",531,8,"06","01","SN","01","7","R8_CEQN","validation","TREEVOLUME_FIXTURES/clark_identifiers.csv","38548071d5aa652bb90c7f111f86b427f798a1c9"
"857CLKE541","clark_r8",541,8,"06","01","SN","01","7","R8_CEQN","validation","TREEVOLUME_FIXTURES/clark_identifiers.csv","38548071d5aa652bb90c7f111f86b427f798a1c9"
"857CLKE544","clark_r8",544,8,"06","01","SN","01","7","R8_CEQN","validation","TREEVOLUME_FIXTURES/clark_identifiers.csv","38548071d5aa652bb90c7f111f86b427f798a1c9"
"857CLKE545","clark_r8",545,8,"06","01","SN","01","7","R8_CEQN","validation","TREEVOLUME_FIXTURES/clark_identifiers.csv","38548071d5aa652bb90c7f111f86b427f798a1c9"
"857CLKE546","clark_r8",546,8,"06","01","SN","01","7","R8_CEQN","validation","TREEVOLUME_FIXTURES/clark_identifiers.csv","38548071d5aa652bb90c7f111f86b427f798a1c9"
"857CLKE550","clark_r8",550,8,"06","01","SN","01","7","R8_CEQN","validation","TREEVOLUME_FIXTURES/clark_identifiers.csv","38548071d5aa652bb90c7f111f86b427f798a1c9"
"857CLKE580","clark_r8",580,8,"06","01","SN","01","7","R8_CEQN","validation","TREEVOLUME_FIXTURES/clark_identifiers.csv","38548071d5aa652bb90c7f111f86b427f798a1c9"
"857CLKE601","clark_r8",601,8,"06","01","SN","01","7","R8_CEQN","validation","TREEVOLUME_FIXTURES/clark_identifiers.csv","38548071d5aa652bb90c7f111f86b427f798a1c9"
"857CLKE602","clark_r8",602,8,"06","01","SN","01","7","R8_CEQN","validation","TREEVOLUME_FIXTURES/clark_identifiers.csv","38548071d5aa652bb90c7f111f86b427f798a1c9"
"857CLKE611","clark_r8",611,8,"06","01","SN","01","7","R8_CEQN","validation","TREEVOLUME_FIXTURES/clark_identifiers.csv","38548071d5aa652bb90c7f111f86b427f798a1c9"
"857CLKE621","clark_r8",621,8,"06","01","SN","01","7","R8_CEQN","validation","TREEVOLUME_FIXTURES/clark_identifiers.csv","38548071d5aa652bb90c7f111f86b427f798a1c9"
"857CLKE650","clark_r8",650,8,"06","01","SN","01","7","R8_CEQN","validation","TREEVOLUME_FIXTURES/clark_identifiers.csv","38548071d5aa652bb90c7f111f86b427f798a1c9"
"857CLKE651","clark_r8",651,8,"06","01","SN","01","7","R8_CEQN","validation","TREEVOLUME_FIXTURES/clark_identifiers.csv","38548071d5aa652bb90c7f111f86b427f798a1c9"
"857CLKE652","clark_r8",652,8,"06","01","SN","01","7","R8_CEQN","validation","TREEVOLUME_FIXTURES/clark_identifiers.csv","38548071d5aa652bb90c7f111f86b427f798a1c9"
"857CLKE653","clark_r8",653,8,"06","01","SN","01","7","R8_CEQN","validation","TREEVOLUME_FIXTURES/clark_identifiers.csv","38548071d5aa652bb90c7f111f86b427f798a1c9"
"857CLKE691","clark_r8",691,8,"06","01","SN","01","7","R8_CEQN","validation","TREEVOLUME_FIXTURES/clark_identifiers.csv","38548071d5aa652bb90c7f111f86b427f798a1c9"
"857CLKE693","clark_r8",693,8,"06","01","SN","01","7","R8_CEQN","validation","TREEVOLUME_FIXTURES/clark_identifiers.csv","38548071d5aa652bb90c7f111f86b427f798a1c9"
"857CLKE694","clark_r8",694,8,"06","01","SN","01","7","R8_CEQN","validation","TREEVOLUME_FIXTURES/clark_identifiers.csv","38548071d5aa652bb90c7f111f86b427f798a1c9"
"857CLKE711","clark_r8",711,8,"06","01","SN","01","7","R8_CEQN","validation","TREEVOLUME_FIXTURES/clark_identifiers.csv","38548071d5aa652bb90c7f111f86b427f798a1c9"
"857CLKE731","clark_r8",731,8,"06","01","SN","01","7","R8_CEQN","validation","TREEVOLUME_FIXTURES/clark_identifiers.csv","38548071d5aa652bb90c7f111f86b427f798a1c9"
"857CLKE742","clark_r8",742,8,"06","01","SN","01","7","R8_CEQN","validation","TREEVOLUME_FIXTURES/clark_identifiers.csv","38548071d5aa652bb90c7f111f86b427f798a1c9"
"857CLKE762","clark_r8",762,8,"06","01","SN","01","7","R8_CEQN","validation","TREEVOLUME_FIXTURES/clark_identifiers.csv","38548071d5aa652bb90c7f111f86b427f798a1c9"
"857CLKE800","clark_r8",800,8,"06","01","SN","01","7","R8_CEQN","validation","TREEVOLUME_FIXTURES/clark_identifiers.csv","38548071d5aa652bb90c7f111f86b427f798a1c9"
"857CLKE802","clark_r8",802,8,"06","01","SN","01","7","R8_CEQN","validation","TREEVOLUME_FIXTURES/clark_identifiers.csv","38548071d5aa652bb90c7f111f86b427f798a1c9"
"857CLKE804","clark_r8",804,8,"06","01","SN","01","7","R8_CEQN","validation","TREEVOLUME_FIXTURES/clark_identifiers.csv","38548071d5aa652bb90c7f111f86b427f798a1c9"
"857CLKE806","clark_r8",806,8,"06","01","SN","01","7","R8_CEQN","validation","TREEVOLUME_FIXTURES/clark_identifiers.csv","38548071d5aa652bb90c7f111f86b427f798a1c9"
"857CLKE812","clark_r8",812,8,"06","01","SN","01","7","R8_CEQN","validation","TREEVOLUME_FIXTURES/clark_identifiers.csv","38548071d5aa652bb90c7f111f86b427f798a1c9"
"857CLKE813","clark_r8",813,8,"06","01","SN","01","7","R8_CEQN","validation","TREEVOLUME_FIXTURES/clark_identifiers.csv","38548071d5aa652bb90c7f111f86b427f798a1c9"
"857CLKE817","clark_r8",817,8,"06","01","SN","01","7","R8_CEQN","validation","TREEVOLUME_FIXTURES/clark_identifiers.csv","38548071d5aa652bb90c7f111f86b427f798a1c9"
"857CLKE820","clark_r8",820,8,"06","01","SN","01","7","R8_CEQN","validation","TREEVOLUME_FIXTURES/clark_identifiers.csv","38548071d5aa652bb90c7f111f86b427f798a1c9"
"857CLKE822","clark_r8",822,8,"06","01","SN","01","7","R8_CEQN","validation","TREEVOLUME_FIXTURES/clark_identifiers.csv","38548071d5aa652bb90c7f111f86b427f798a1c9"
"857CLKE823","clark_r8",823,8,"06","01","SN","01","7","R8_CEQN","validation","TREEVOLUME_FIXTURES/clark_identifiers.csv","38548071d5aa652bb90c7f111f86b427f798a1c9"
"857CLKE825","clark_r8",825,8,"06","01","SN","01","7","R8_CEQN","validation","TREEVOLUME_FIXTURES/clark_identifiers.csv","38548071d5aa652bb90c7f111f86b427f798a1c9"
"857CLKE826","clark_r8",826,8,"06","01","SN","01","7","R8_CEQN","validation","TREEVOLUME_FIXTURES/clark_identifiers.csv","38548071d5aa652bb90c7f111f86b427f798a1c9"
"857CLKE827","clark_r8",827,8,"06","01","SN","01","7","R8_CEQN","validation","TREEVOLUME_FIXTURES/clark_identifiers.csv","38548071d5aa652bb90c7f111f86b427f798a1c9"
"857CLKE828","clark_r8",828,8,"06","01","SN","01","7","R8_CEQN","validation","TREEVOLUME_FIXTURES/clark_identifiers.csv","38548071d5aa652bb90c7f111f86b427f798a1c9"
"857CLKE830","clark_r8",830,8,"06","01","SN","01","7","R8_CEQN","validation","TREEVOLUME_FIXTURES/clark_identifiers.csv","38548071d5aa652bb90c7f111f86b427f798a1c9"
"857CLKE831","clark_r8",831,8,"06","01","SN","01","7","R8_CEQN","validation","TREEVOLUME_FIXTURES/clark_identifiers.csv","38548071d5aa652bb90c7f111f86b427f798a1c9"
"857CLKE832","clark_r8",832,8,"06","01","SN","01","7","R8_CEQN","validation","TREEVOLUME_FIXTURES/clark_identifiers.csv","38548071d5aa652bb90c7f111f86b427f798a1c9"
"857CLKE833","clark_r8",833,8,"06","01","SN","01","7","R8_CEQN","validation","TREEVOLUME_FIXTURES/clark_identifiers.csv","38548071d5aa652bb90c7f111f86b427f798a1c9"
"857CLKE834","clark_r8",834,8,"06","01","SN","01","7","R8_CEQN","validation","TREEVOLUME_FIXTURES/clark_identifiers.csv","38548071d5aa652bb90c7f111f86b427f798a1c9"
"857CLKE835","clark_r8",835,8,"06","01","SN","01","7","R8_CEQN","validation","TREEVOLUME_FIXTURES/clark_identifiers.csv","38548071d5aa652bb90c7f111f86b427f798a1c9"
"857CLKE837","clark_r8",837,8,"06","01","SN","01","7","R8_CEQN","validation","TREEVOLUME_FIXTURES/clark_identifiers.csv","38548071d5aa652bb90c7f111f86b427f798a1c9"
"857CLKE901","clark_r8",901,8,"06","01","SN","01","7","R8_CEQN","validation","TREEVOLUME_FIXTURES/clark_identifiers.csv","38548071d5aa652bb90c7f111f86b427f798a1c9"
"857CLKE920","clark_r8",920,8,"06","01","SN","01","7","R8_CEQN","validation","TREEVOLUME_FIXTURES/clark_identifiers.csv","38548071d5aa652bb90c7f111f86b427f798a1c9"
"857CLKE930","clark_r8",930,8,"06","01","SN","01","7","R8_CEQN","validation","TREEVOLUME_FIXTURES/clark_identifiers.csv","38548071d5aa652bb90c7f111f86b427f798a1c9"
"857CLKE950","clark_r8",950,8,"06","01","SN","01","7","R8_CEQN","validation","TREEVOLUME_FIXTURES/clark_identifiers.csv","38548071d5aa652bb90c7f111f86b427f798a1c9"
"857CLKE970","clark_r8",970,8,"06","01","SN","01","7","R8_CEQN","validation","TREEVOLUME_FIXTURES/clark_identifiers.csv","38548071d5aa652bb90c7f111f86b427f798a1c9"
"858CLKE100","clark_r8",100,8,"06","01","SN","01","8","R8_CEQN","validation","TREEVOLUME_FIXTURES/clark_identifiers.csv","38548071d5aa652bb90c7f111f86b427f798a1c9"
"858CLKE107","clark_r8",107,8,"06","01","SN","01","8","R8_CEQN","validation","TREEVOLUME_FIXTURES/clark_identifiers.csv","38548071d5aa652bb90c7f111f86b427f798a1c9"
"858CLKE110","clark_r8",110,8,"06","01","SN","01","8","R8_CEQN","validation","TREEVOLUME_FIXTURES/clark_identifiers.csv","38548071d5aa652bb90c7f111f86b427f798a1c9"
"858CLKE111","clark_r8",111,8,"06","01","SN","01","8","R8_CEQN","validation","TREEVOLUME_FIXTURES/clark_identifiers.csv","38548071d5aa652bb90c7f111f86b427f798a1c9"
"858CLKE115","clark_r8",115,8,"06","01","SN","01","8","R8_CEQN","validation","TREEVOLUME_FIXTURES/clark_identifiers.csv","38548071d5aa652bb90c7f111f86b427f798a1c9"
"858CLKE121","clark_r8",121,8,"06","01","SN","01","8","R8_CEQN","validation","TREEVOLUME_FIXTURES/clark_identifiers.csv","38548071d5aa652bb90c7f111f86b427f798a1c9"
"858CLKE123","clark_r8",123,8,"06","01","SN","01","8","R8_CEQN","validation","TREEVOLUME_FIXTURES/clark_identifiers.csv","38548071d5aa652bb90c7f111f86b427f798a1c9"
"858CLKE126","clark_r8",126,8,"06","01","SN","01","8","R8_CEQN","validation","TREEVOLUME_FIXTURES/clark_identifiers.csv","38548071d5aa652bb90c7f111f86b427f798a1c9"
"858CLKE128","clark_r8",128,8,"06","01","SN","01","8","R8_CEQN","validation","TREEVOLUME_FIXTURES/clark_identifiers.csv","38548071d5aa652bb90c7f111f86b427f798a1c9"
"858CLKE129","clark_r8",129,8,"06","01","SN","01","8","R8_CEQN","validation","TREEVOLUME_FIXTURES/clark_identifiers.csv","38548071d5aa652bb90c7f111f86b427f798a1c9"
"858CLKE131","clark_r8",131,8,"06","01","SN","01","8","R8_CEQN","validation","TREEVOLUME_FIXTURES/clark_identifiers.csv","38548071d5aa652bb90c7f111f86b427f798a1c9"
"858CLKE132","clark_r8",132,8,"06","01","SN","01","8","R8_CEQN","validation","TREEVOLUME_FIXTURES/clark_identifiers.csv","38548071d5aa652bb90c7f111f86b427f798a1c9"
"858CLKE197","clark_r8",197,8,"06","01","SN","01","8","R8_CEQN","validation","TREEVOLUME_FIXTURES/clark_identifiers.csv","38548071d5aa652bb90c7f111f86b427f798a1c9"
"858CLKE221","clark_r8",221,8,"06","01","SN","01","8","R8_CEQN","validation","TREEVOLUME_FIXTURES/clark_identifiers.csv","38548071d5aa652bb90c7f111f86b427f798a1c9"
"858CLKE222","clark_r8",222,8,"06","01","SN","01","8","R8_CEQN","validation","TREEVOLUME_FIXTURES/clark_identifiers.csv","38548071d5aa652bb90c7f111f86b427f798a1c9"
"858CLKE261","clark_r8",261,8,"06","01","SN","01","8","R8_CEQN","validation","TREEVOLUME_FIXTURES/clark_identifiers.csv","38548071d5aa652bb90c7f111f86b427f798a1c9"
"858CLKE300","clark_r8",300,8,"06","01","SN","01","8","R8_CEQN","validation","TREEVOLUME_FIXTURES/clark_identifiers.csv","38548071d5aa652bb90c7f111f86b427f798a1c9"
"858CLKE313","clark_r8",313,8,"06","01","SN","01","8","R8_CEQN","validation","TREEVOLUME_FIXTURES/clark_identifiers.csv","38548071d5aa652bb90c7f111f86b427f798a1c9"
"858CLKE314","clark_r8",314,8,"06","01","SN","01","8","R8_CEQN","validation","TREEVOLUME_FIXTURES/clark_identifiers.csv","38548071d5aa652bb90c7f111f86b427f798a1c9"
"858CLKE316","clark_r8",316,8,"06","01","SN","01","8","R8_CEQN","validation","TREEVOLUME_FIXTURES/clark_identifiers.csv","38548071d5aa652bb90c7f111f86b427f798a1c9"
"858CLKE317","clark_r8",317,8,"06","01","SN","01","8","R8_CEQN","validation","TREEVOLUME_FIXTURES/clark_identifiers.csv","38548071d5aa652bb90c7f111f86b427f798a1c9"
"858CLKE318","clark_r8",318,8,"06","01","SN","01","8","R8_CEQN","validation","TREEVOLUME_FIXTURES/clark_identifiers.csv","38548071d5aa652bb90c7f111f86b427f798a1c9"
"858CLKE330","clark_r8",330,8,"06","01","SN","01","8","R8_CEQN","validation","TREEVOLUME_FIXTURES/clark_identifiers.csv","38548071d5aa652bb90c7f111f86b427f798a1c9"
"858CLKE370","clark_r8",370,8,"06","01","SN","01","8","R8_CEQN","validation","TREEVOLUME_FIXTURES/clark_identifiers.csv","38548071d5aa652bb90c7f111f86b427f798a1c9"
"858CLKE400","clark_r8",400,8,"06","01","SN","01","8","R8_CEQN","validation","TREEVOLUME_FIXTURES/clark_identifiers.csv","38548071d5aa652bb90c7f111f86b427f798a1c9"
"858CLKE404","clark_r8",404,8,"06","01","SN","01","8","R8_CEQN","validation","TREEVOLUME_FIXTURES/clark_identifiers.csv","38548071d5aa652bb90c7f111f86b427f798a1c9"
"858CLKE460","clark_r8",460,8,"06","01","SN","01","8","R8_CEQN","validation","TREEVOLUME_FIXTURES/clark_identifiers.csv","38548071d5aa652bb90c7f111f86b427f798a1c9"
"858CLKE500","clark_r8",500,8,"06","01","SN","01","8","R8_CEQN","validation","TREEVOLUME_FIXTURES/clark_identifiers.csv","38548071d5aa652bb90c7f111f86b427f798a1c9"
"858CLKE521","clark_r8",521,8,"06","01","SN","01","8","R8_CEQN","validation","TREEVOLUME_FIXTURES/clark_identifiers.csv","38548071d5aa652bb90c7f111f86b427f798a1c9"
"858CLKE531","clark_r8",531,8,"06","01","SN","01","8","R8_CEQN","validation","TREEVOLUME_FIXTURES/clark_identifiers.csv","38548071d5aa652bb90c7f111f86b427f798a1c9"
"858CLKE541","clark_r8",541,8,"06","01","SN","01","8","R8_CEQN","validation","TREEVOLUME_FIXTURES/clark_identifiers.csv","38548071d5aa652bb90c7f111f86b427f798a1c9"
"858CLKE544","clark_r8",544,8,"06","01","SN","01","8","R8_CEQN","validation","TREEVOLUME_FIXTURES/clark_identifiers.csv","38548071d5aa652bb90c7f111f86b427f798a1c9"
"858CLKE545","clark_r8",545,8,"06","01","SN","01","8","R8_CEQN","validation","TREEVOLUME_FIXTURES/clark_identifiers.csv","38548071d5aa652bb90c7f111f86b427f798a1c9"
"858CLKE546","clark_r8",546,8,"06","01","SN","01","8","R8_CEQN","validation","TREEVOLUME_FIXTURES/clark_identifiers.csv","38548071d5aa652bb90c7f111f86b427f798a1c9"
"858CLKE550","clark_r8",550,8,"06","01","SN","01","8","R8_CEQN","validation","TREEVOLUME_FIXTURES/clark_identifiers.csv","38548071d5aa652bb90c7f111f86b427f798a1c9"
"858CLKE580","clark_r8",580,8,"06","01","SN","01","8","R8_CEQN","validation","TREEVOLUME_FIXTURES/clark_identifiers.csv","38548071d5aa652bb90c7f111f86b427f798a1c9"
"858CLKE601","clark_r8",601,8,"06","01","SN","01","8","R8_CEQN","validation","TREEVOLUME_FIXTURES/clark_identifiers.csv","38548071d5aa652bb90c7f111f86b427f798a1c9"
"858CLKE602","clark_r8",602,8,"06","01","SN","01","8","R8_CEQN","validation","TREEVOLUME_FIXTURES/clark_identifiers.csv","38548071d5aa652bb90c7f111f86b427f798a1c9"
"858CLKE611","clark_r8",611,8,"06","01","SN","01","8","R8_CEQN","validation","TREEVOLUME_FIXTURES/clark_identifiers.csv","38548071d5aa652bb90c7f111f86b427f798a1c9"
"858CLKE621","clark_r8",621,8,"06","01","SN","01","8","R8_CEQN","validation","TREEVOLUME_FIXTURES/clark_identifiers.csv","38548071d5aa652bb90c7f111f86b427f798a1c9"
"858CLKE650","clark_r8",650,8,"06","01","SN","01","8","R8_CEQN","validation","TREEVOLUME_FIXTURES/clark_identifiers.csv","38548071d5aa652bb90c7f111f86b427f798a1c9"
"858CLKE651","clark_r8",651,8,"06","01","SN","01","8","R8_CEQN","validation","TREEVOLUME_FIXTURES/clark_identifiers.csv","38548071d5aa652bb90c7f111f86b427f798a1c9"
"858CLKE652","clark_r8",652,8,"06","01","SN","01","8","R8_CEQN","validation","TREEVOLUME_FIXTURES/clark_identifiers.csv","38548071d5aa652bb90c7f111f86b427f798a1c9"
"858CLKE653","clark_r8",653,8,"06","01","SN","01","8","R8_CEQN","validation","TREEVOLUME_FIXTURES/clark_identifiers.csv","38548071d5aa652bb90c7f111f86b427f798a1c9"
"858CLKE691","clark_r8",691,8,"06","01","SN","01","8","R8_CEQN","validation","TREEVOLUME_FIXTURES/clark_identifiers.csv","38548071d5aa652bb90c7f111f86b427f798a1c9"
"858CLKE693","clark_r8",693,8,"06","01","SN","01","8","R8_CEQN","validation","TREEVOLUME_FIXTURES/clark_identifiers.csv","38548071d5aa652bb90c7f111f86b427f798a1c9"
"858CLKE694","clark_r8",694,8,"06","01","SN","01","8","R8_CEQN","validation","TREEVOLUME_FIXTURES/clark_identifiers.csv","38548071d5aa652bb90c7f111f86b427f798a1c9"
"858CLKE711","clark_r8",711,8,"06","01","SN","01","8","R8_CEQN","validation","TREEVOLUME_FIXTURES/clark_identifiers.csv","38548071d5aa652bb90c7f111f86b427f798a1c9"
"858CLKE731","clark_r8",731,8,"06","01","SN","01","8","R8_CEQN","validation","TREEVOLUME_FIXTURES/clark_identifiers.csv","38548071d5aa652bb90c7f111f86b427f798a1c9"
"858CLKE742","clark_r8",742,8,"06","01","SN","01","8","R8_CEQN","validation","TREEVOLUME_FIXTURES/clark_identifiers.csv","38548071d5aa652bb90c7f111f86b427f798a1c9"
"858CLKE762","clark_r8",762,8,"06","01","SN","01","8","R8_CEQN","validation","TREEVOLUME_FIXTURES/clark_identifiers.csv","38548071d5aa652bb90c7f111f86b427f798a1c9"
"858CLKE800","clark_r8",800,8,"06","01","SN","01","8","R8_CEQN","validation","TREEVOLUME_FIXTURES/clark_identifiers.csv","38548071d5aa652bb90c7f111f86b427f798a1c9"
"858CLKE802","clark_r8",802,8,"06","01","SN","01","8","R8_CEQN","validation","TREEVOLUME_FIXTURES/clark_identifiers.csv","38548071d5aa652bb90c7f111f86b427f798a1c9"
"858CLKE804","clark_r8",804,8,"06","01","SN","01","8","R8_CEQN","validation","TREEVOLUME_FIXTURES/clark_identifiers.csv","38548071d5aa652bb90c7f111f86b427f798a1c9"
"858CLKE806","clark_r8",806,8,"06","01","SN","01","8","R8_CEQN","validation","TREEVOLUME_FIXTURES/clark_identifiers.csv","38548071d5aa652bb90c7f111f86b427f798a1c9"
"858CLKE812","clark_r8",812,8,"06","01","SN","01","8","R8_CEQN","validation","TREEVOLUME_FIXTURES/clark_identifiers.csv","38548071d5aa652bb90c7f111f86b427f798a1c9"
"858CLKE813","clark_r8",813,8,"06","01","SN","01","8","R8_CEQN","validation","TREEVOLUME_FIXTURES/clark_identifiers.csv","38548071d5aa652bb90c7f111f86b427f798a1c9"
"858CLKE817","clark_r8",817,8,"06","01","SN","01","8","R8_CEQN","validation","TREEVOLUME_FIXTURES/clark_identifiers.csv","38548071d5aa652bb90c7f111f86b427f798a1c9"
"858CLKE820","clark_r8",820,8,"06","01","SN","01","8","R8_CEQN","validation","TREEVOLUME_FIXTURES/clark_identifiers.csv","38548071d5aa652bb90c7f111f86b427f798a1c9"
"858CLKE822","clark_r8",822,8,"06","01","SN","01","8","R8_CEQN","validation","TREEVOLUME_FIXTURES/clark_identifiers.csv","38548071d5aa652bb90c7f111f86b427f798a1c9"
"858CLKE823","clark_r8",823,8,"06","01","SN","01","8","R8_CEQN","validation","TREEVOLUME_FIXTURES/clark_identifiers.csv","38548071d5aa652bb90c7f111f86b427f798a1c9"
"858CLKE825","clark_r8",825,8,"06","01","SN","01","8","R8_CEQN","validation","TREEVOLUME_FIXTURES/clark_identifiers.csv","38548071d5aa652bb90c7f111f86b427f798a1c9"
"858CLKE826","clark_r8",826,8,"06","01","SN","01","8","R8_CEQN","validation","TREEVOLUME_FIXTURES/clark_identifiers.csv","38548071d5aa652bb90c7f111f86b427f798a1c9"
"858CLKE827","clark_r8",827,8,"06","01","SN","01","8","R8_CEQN","validation","TREEVOLUME_FIXTURES/clark_identifiers.csv","38548071d5aa652bb90c7f111f86b427f798a1c9"
"858CLKE828","clark_r8",828,8,"06","01","SN","01","8","R8_CEQN","validation","TREEVOLUME_FIXTURES/clark_identifiers.csv","38548071d5aa652bb90c7f111f86b427f798a1c9"
"858CLKE830","clark_r8",830,8,"06","01","SN","01","8","R8_CEQN","validation","TREEVOLUME_FIXTURES/clark_identifiers.csv","38548071d5aa652bb90c7f111f86b427f798a1c9"
"858CLKE831","clark_r8",831,8,"06","01","SN","01","8","R8_CEQN","validation","TREEVOLUME_FIXTURES/clark_identifiers.csv","38548071d5aa652bb90c7f111f86b427f798a1c9"
"858CLKE832","clark_r8",832,8,"06","01","SN","01","8","R8_CEQN","validation","TREEVOLUME_FIXTURES/clark_identifiers.csv","38548071d5aa652bb90c7f111f86b427f798a1c9"
"858CLKE833","clark_r8",833,8,"06","01","SN","01","8","R8_CEQN","validation","TREEVOLUME_FIXTURES/clark_identifiers.csv","38548071d5aa652bb90c7f111f86b427f798a1c9"
"858CLKE834","clark_r8",834,8,"06","01","SN","01","8","R8_CEQN","validation","TREEVOLUME_FIXTURES/clark_identifiers.csv","38548071d5aa652bb90c7f111f86b427f798a1c9"
"858CLKE835","clark_r8",835,8,"06","01","SN","01","8","R8_CEQN","validation","TREEVOLUME_FIXTURES/clark_identifiers.csv","38548071d5aa652bb90c7f111f86b427f798a1c9"
"858CLKE837","clark_r8",837,8,"06","01","SN","01","8","R8_CEQN","validation","TREEVOLUME_FIXTURES/clark_identifiers.csv","38548071d5aa652bb90c7f111f86b427f798a1c9"
"858CLKE901","clark_r8",901,8,"06","01","SN","01","8","R8_CEQN","validation","TREEVOLUME_FIXTURES/clark_identifiers.csv","38548071d5aa652bb90c7f111f86b427f798a1c9"
"858CLKE920","clark_r8",920,8,"06","01","SN","01","8","R8_CEQN","validation","TREEVOLUME_FIXTURES/clark_identifiers.csv","38548071d5aa652bb90c7f111f86b427f798a1c9"
"858CLKE930","clark_r8",930,8,"06","01","SN","01","8","R8_CEQN","validation","TREEVOLUME_FIXTURES/clark_identifiers.csv","38548071d5aa652bb90c7f111f86b427f798a1c9"
"858CLKE950","clark_r8",950,8,"06","01","SN","01","8","R8_CEQN","validation","TREEVOLUME_FIXTURES/clark_identifiers.csv","38548071d5aa652bb90c7f111f86b427f798a1c9"
"858CLKE970","clark_r8",970,8,"06","01","SN","01","8","R8_CEQN","validation","TREEVOLUME_FIXTURES/clark_identifiers.csv","38548071d5aa652bb90c7f111f86b427f798a1c9"
"859CLKE100","clark_r8",100,8,"06","01","SN","01","9","R8_CEQN","validation","TREEVOLUME_FIXTURES/clark_identifiers.csv","38548071d5aa652bb90c7f111f86b427f798a1c9"
"859CLKE107","clark_r8",107,8,"06","01","SN","01","9","R8_CEQN","validation","TREEVOLUME_FIXTURES/clark_identifiers.csv","38548071d5aa652bb90c7f111f86b427f798a1c9"
"859CLKE110","clark_r8",110,8,"06","01","SN","01","9","R8_CEQN","validation","TREEVOLUME_FIXTURES/clark_identifiers.csv","38548071d5aa652bb90c7f111f86b427f798a1c9"
"859CLKE111","clark_r8",111,8,"06","01","SN","01","9","R8_CEQN","validation","TREEVOLUME_FIXTURES/clark_identifiers.csv","38548071d5aa652bb90c7f111f86b427f798a1c9"
"859CLKE115","clark_r8",115,8,"06","01","SN","01","9","R8_CEQN","validation","TREEVOLUME_FIXTURES/clark_identifiers.csv","38548071d5aa652bb90c7f111f86b427f798a1c9"
"859CLKE121","clark_r8",121,8,"06","01","SN","01","9","R8_CEQN","validation","TREEVOLUME_FIXTURES/clark_identifiers.csv","38548071d5aa652bb90c7f111f86b427f798a1c9"
"859CLKE123","clark_r8",123,8,"06","01","SN","01","9","R8_CEQN","validation","TREEVOLUME_FIXTURES/clark_identifiers.csv","38548071d5aa652bb90c7f111f86b427f798a1c9"
"859CLKE126","clark_r8",126,8,"06","01","SN","01","9","R8_CEQN","validation","TREEVOLUME_FIXTURES/clark_identifiers.csv","38548071d5aa652bb90c7f111f86b427f798a1c9"
"859CLKE128","clark_r8",128,8,"06","01","SN","01","9","R8_CEQN","validation","TREEVOLUME_FIXTURES/clark_identifiers.csv","38548071d5aa652bb90c7f111f86b427f798a1c9"
"859CLKE129","clark_r8",129,8,"06","01","SN","01","9","R8_CEQN","validation","TREEVOLUME_FIXTURES/clark_identifiers.csv","38548071d5aa652bb90c7f111f86b427f798a1c9"
"859CLKE131","clark_r8",131,8,"06","01","SN","01","9","R8_CEQN","validation","TREEVOLUME_FIXTURES/clark_identifiers.csv","38548071d5aa652bb90c7f111f86b427f798a1c9"
"859CLKE132","clark_r8",132,8,"06","01","SN","01","9","R8_CEQN","validation","TREEVOLUME_FIXTURES/clark_identifiers.csv","38548071d5aa652bb90c7f111f86b427f798a1c9"
"859CLKE197","clark_r8",197,8,"06","01","SN","01","9","R8_CEQN","validation","TREEVOLUME_FIXTURES/clark_identifiers.csv","38548071d5aa652bb90c7f111f86b427f798a1c9"
"859CLKE221","clark_r8",221,8,"06","01","SN","01","9","R8_CEQN","validation","TREEVOLUME_FIXTURES/clark_identifiers.csv","38548071d5aa652bb90c7f111f86b427f798a1c9"
"859CLKE222","clark_r8",222,8,"06","01","SN","01","9","R8_CEQN","validation","TREEVOLUME_FIXTURES/clark_identifiers.csv","38548071d5aa652bb90c7f111f86b427f798a1c9"
"859CLKE261","clark_r8",261,8,"06","01","SN","01","9","R8_CEQN","validation","TREEVOLUME_FIXTURES/clark_identifiers.csv","38548071d5aa652bb90c7f111f86b427f798a1c9"
"859CLKE300","clark_r8",300,8,"06","01","SN","01","9","R8_CEQN","validation","TREEVOLUME_FIXTURES/clark_identifiers.csv","38548071d5aa652bb90c7f111f86b427f798a1c9"
"859CLKE313","clark_r8",313,8,"06","01","SN","01","9","R8_CEQN","validation","TREEVOLUME_FIXTURES/clark_identifiers.csv","38548071d5aa652bb90c7f111f86b427f798a1c9"
"859CLKE314","clark_r8",314,8,"06","01","SN","01","9","R8_CEQN","validation","TREEVOLUME_FIXTURES/clark_identifiers.csv","38548071d5aa652bb90c7f111f86b427f798a1c9"
"859CLKE316","clark_r8",316,8,"06","01","SN","01","9","R8_CEQN","validation","TREEVOLUME_FIXTURES/clark_identifiers.csv","38548071d5aa652bb90c7f111f86b427f798a1c9"
"859CLKE317","clark_r8",317,8,"06","01","SN","01","9","R8_CEQN","validation","TREEVOLUME_FIXTURES/clark_identifiers.csv","38548071d5aa652bb90c7f111f86b427f798a1c9"
"859CLKE318","clark_r8",318,8,"06","01","SN","01","9","R8_CEQN","validation","TREEVOLUME_FIXTURES/clark_identifiers.csv","38548071d5aa652bb90c7f111f86b427f798a1c9"
"859CLKE330","clark_r8",330,8,"06","01","SN","01","9","R8_CEQN","validation","TREEVOLUME_FIXTURES/clark_identifiers.csv","38548071d5aa652bb90c7f111f86b427f798a1c9"
"859CLKE370","clark_r8",370,8,"06","01","SN","01","9","R8_CEQN","validation","TREEVOLUME_FIXTURES/clark_identifiers.csv","38548071d5aa652bb90c7f111f86b427f798a1c9"
"859CLKE400","clark_r8",400,8,"06","01","SN","01","9","R8_CEQN","validation","TREEVOLUME_FIXTURES/clark_identifiers.csv","38548071d5aa652bb90c7f111f86b427f798a1c9"
"859CLKE404","clark_r8",404,8,"06","01","SN","01","9","R8_CEQN","validation","TREEVOLUME_FIXTURES/clark_identifiers.csv","38548071d5aa652bb90c7f111f86b427f798a1c9"
"859CLKE460","clark_r8",460,8,"06","01","SN","01","9","R8_CEQN","validation","TREEVOLUME_FIXTURES/clark_identifiers.csv","38548071d5aa652bb90c7f111f86b427f798a1c9"
"859CLKE500","clark_r8",500,8,"06","01","SN","01","9","R8_CEQN","validation","TREEVOLUME_FIXTURES/clark_identifiers.csv","38548071d5aa652bb90c7f111f86b427f798a1c9"
"859CLKE521","clark_r8",521,8,"06","01","SN","01","9","R8_CEQN","validation","TREEVOLUME_FIXTURES/clark_identifiers.csv","38548071d5aa652bb90c7f111f86b427f798a1c9"
"859CLKE531","clark_r8",531,8,"06","01","SN","01","9","R8_CEQN","validation","TREEVOLUME_FIXTURES/clark_identifiers.csv","38548071d5aa652bb90c7f111f86b427f798a1c9"
"859CLKE541","clark_r8",541,8,"06","01","SN","01","9","R8_CEQN","validation","TREEVOLUME_FIXTURES/clark_identifiers.csv","38548071d5aa652bb90c7f111f86b427f798a1c9"
"859CLKE544","clark_r8",544,8,"06","01","SN","01","9","R8_CEQN","validation","TREEVOLUME_FIXTURES/clark_identifiers.csv","38548071d5aa652bb90c7f111f86b427f798a1c9"
"859CLKE545","clark_r8",545,8,"06","01","SN","01","9","R8_CEQN","validation","TREEVOLUME_FIXTURES/clark_identifiers.csv","38548071d5aa652bb90c7f111f86b427f798a1c9"
"859CLKE546","clark_r8",546,8,"06","01","SN","01","9","R8_CEQN","validation","TREEVOLUME_FIXTURES/clark_identifiers.csv","38548071d5aa652bb90c7f111f86b427f798a1c9"
"859CLKE550","clark_r8",550,8,"06","01","SN","01","9","R8_CEQN","validation","TREEVOLUME_FIXTURES/clark_identifiers.csv","38548071d5aa652bb90c7f111f86b427f798a1c9"
"859CLKE580","clark_r8",580,8,"06","01","SN","01","9","R8_CEQN","validation","TREEVOLUME_FIXTURES/clark_identifiers.csv","38548071d5aa652bb90c7f111f86b427f798a1c9"
"859CLKE601","clark_r8",601,8,"06","01","SN","01","9","R8_CEQN","validation","TREEVOLUME_FIXTURES/clark_identifiers.csv","38548071d5aa652bb90c7f111f86b427f798a1c9"
"859CLKE602","clark_r8",602,8,"06","01","SN","01","9","R8_CEQN","validation","TREEVOLUME_FIXTURES/clark_identifiers.csv","38548071d5aa652bb90c7f111f86b427f798a1c9"
"859CLKE611","clark_r8",611,8,"06","01","SN","01","9","R8_CEQN","validation","TREEVOLUME_FIXTURES/clark_identifiers.csv","38548071d5aa652bb90c7f111f86b427f798a1c9"
"859CLKE621","clark_r8",621,8,"06","01","SN","01","9","R8_CEQN","validation","TREEVOLUME_FIXTURES/clark_identifiers.csv","38548071d5aa652bb90c7f111f86b427f798a1c9"
"859CLKE650","clark_r8",650,8,"06","01","SN","01","9","R8_CEQN","validation","TREEVOLUME_FIXTURES/clark_identifiers.csv","38548071d5aa652bb90c7f111f86b427f798a1c9"
"859CLKE651","clark_r8",651,8,"06","01","SN","01","9","R8_CEQN","validation","TREEVOLUME_FIXTURES/clark_identifiers.csv","38548071d5aa652bb90c7f111f86b427f798a1c9"
"859CLKE652","clark_r8",652,8,"06","01","SN","01","9","R8_CEQN","validation","TREEVOLUME_FIXTURES/clark_identifiers.csv","38548071d5aa652bb90c7f111f86b427f798a1c9"
"859CLKE653","clark_r8",653,8,"06","01","SN","01","9","R8_CEQN","validation","TREEVOLUME_FIXTURES/clark_identifiers.csv","38548071d5aa652bb90c7f111f86b427f798a1c9"
"859CLKE691","clark_r8",691,8,"06","01","SN","01","9","R8_CEQN","validation","TREEVOLUME_FIXTURES/clark_identifiers.csv","38548071d5aa652bb90c7f111f86b427f798a1c9"
"859CLKE693","clark_r8",693,8,"06","01","SN","01","9","R8_CEQN","validation","TREEVOLUME_FIXTURES/clark_identifiers.csv","38548071d5aa652bb90c7f111f86b427f798a1c9"
"859CLKE694","clark_r8",694,8,"06","01","SN","01","9","R8_CEQN","validation","TREEVOLUME_FIXTURES/clark_identifiers.csv","38548071d5aa652bb90c7f111f86b427f798a1c9"
"859CLKE711","clark_r8",711,8,"06","01","SN","01","9","R8_CEQN","validation","TREEVOLUME_FIXTURES/clark_identifiers.csv","38548071d5aa652bb90c7f111f86b427f798a1c9"
"859CLKE731","clark_r8",731,8,"06","01","SN","01","9","R8_CEQN","validation","TREEVOLUME_FIXTURES/clark_identifiers.csv","38548071d5aa652bb90c7f111f86b427f798a1c9"
"859CLKE742","clark_r8",742,8,"06","01","SN","01","9","R8_CEQN","validation","TREEVOLUME_FIXTURES/clark_identifiers.csv","38548071d5aa652bb90c7f111f86b427f798a1c9"
"859CLKE762","clark_r8",762,8,"06","01","SN","01","9","R8_CEQN","validation","TREEVOLUME_FIXTURES/clark_identifiers.csv","38548071d5aa652bb90c7f111f86b427f798a1c9"
"859CLKE800","clark_r8",800,8,"06","01","SN","01","9","R8_CEQN","validation","TREEVOLUME_FIXTURES/clark_identifiers.csv","38548071d5aa652bb90c7f111f86b427f798a1c9"
"859CLKE802","clark_r8",802,8,"06","01","SN","01","9","R8_CEQN","validation","TREEVOLUME_FIXTURES/clark_identifiers.csv","38548071d5aa652bb90c7f111f86b427f798a1c9"
"859CLKE804","clark_r8",804,8,"06","01","SN","01","9","R8_CEQN","validation","TREEVOLUME_FIXTURES/clark_identifiers.csv","38548071d5aa652bb90c7f111f86b427f798a1c9"
"859CLKE806","clark_r8",806,8,"06","01","SN","01","9","R8_CEQN","validation","TREEVOLUME_FIXTURES/clark_identifiers.csv","38548071d5aa652bb90c7f111f86b427f798a1c9"
"859CLKE812","clark_r8",812,8,"06","01","SN","01","9","R8_CEQN","validation","TREEVOLUME_FIXTURES/clark_identifiers.csv","38548071d5aa652bb90c7f111f86b427f798a1c9"
"859CLKE813","clark_r8",813,8,"06","01","SN","01","9","R8_CEQN","validation","TREEVOLUME_FIXTURES/clark_identifiers.csv","38548071d5aa652bb90c7f111f86b427f798a1c9"
"859CLKE817","clark_r8",817,8,"06","01","SN","01","9","R8_CEQN","validation","TREEVOLUME_FIXTURES/clark_identifiers.csv","38548071d5aa652bb90c7f111f86b427f798a1c9"
"859CLKE820","clark_r8",820,8,"06","01","SN","01","9","R8_CEQN","validation","TREEVOLUME_FIXTURES/clark_identifiers.csv","38548071d5aa652bb90c7f111f86b427f798a1c9"
"859CLKE822","clark_r8",822,8,"06","01","SN","01","9","R8_CEQN","validation","TREEVOLUME_FIXTURES/clark_identifiers.csv","38548071d5aa652bb90c7f111f86b427f798a1c9"
"859CLKE823","clark_r8",823,8,"06","01","SN","01","9","R8_CEQN","validation","TREEVOLUME_FIXTURES/clark_identifiers.csv","38548071d5aa652bb90c7f111f86b427f798a1c9"
"859CLKE825","clark_r8",825,8,"06","01","SN","01","9","R8_CEQN","validation","TREEVOLUME_FIXTURES/clark_identifiers.csv","38548071d5aa652bb90c7f111f86b427f798a1c9"
"859CLKE826","clark_r8",826,8,"06","01","SN","01","9","R8_CEQN","validation","TREEVOLUME_FIXTURES/clark_identifiers.csv","38548071d5aa652bb90c7f111f86b427f798a1c9"
"859CLKE827","clark_r8",827,8,"06","01","SN","01","9","R8_CEQN","validation","TREEVOLUME_FIXTURES/clark_identifiers.csv","38548071d5aa652bb90c7f111f86b427f798a1c9"
"859CLKE828","clark_r8",828,8,"06","01","SN","01","9","R8_CEQN","validation","TREEVOLUME_FIXTURES/clark_identifiers.csv","38548071d5aa652bb90c7f111f86b427f798a1c9"
"859CLKE830","clark_r8",830,8,"06","01","SN","01","9","R8_CEQN","validation","TREEVOLUME_FIXTURES/clark_identifiers.csv","38548071d5aa652bb90c7f111f86b427f798a1c9"
"859CLKE831","clark_r8",831,8,"06","01","SN","01","9","R8_CEQN","validation","TREEVOLUME_FIXTURES/clark_identifiers.csv","38548071d5aa652bb90c7f111f86b427f798a1c9"
"859CLKE832","clark_r8",832,8,"06","01","SN","01","9","R8_CEQN","validation","TREEVOLUME_FIXTURES/clark_identifiers.csv","38548071d5aa652bb90c7f111f86b427f798a1c9"
"859CLKE833","clark_r8",833,8,"06","01","SN","01","9","R8_CEQN","validation","TREEVOLUME_FIXTURES/clark_identifiers.csv","38548071d5aa652bb90c7f111f86b427f798a1c9"
"859CLKE834","clark_r8",834,8,"06","01","SN","01","9","R8_CEQN","validation","TREEVOLUME_FIXTURES/clark_identifiers.csv","38548071d5aa652bb90c7f111f86b427f798a1c9"
"859CLKE835","clark_r8",835,8,"06","01","SN","01","9","R8_CEQN","validation","TREEVOLUME_FIXTURES/clark_identifiers.csv","38548071d5aa652bb90c7f111f86b427f798a1c9"
"859CLKE837","clark_r8",837,8,"06","01","SN","01","9","R8_CEQN","validation","TREEVOLUME_FIXTURES/clark_identifiers.csv","38548071d5aa652bb90c7f111f86b427f798a1c9"
"859CLKE901","clark_r8",901,8,"06","01","SN","01","9","R8_CEQN","validation","TREEVOLUME_FIXTURES/clark_identifiers.csv","38548071d5aa652bb90c7f111f86b427f798a1c9"
"859CLKE920","clark_r8",920,8,"06","01","SN","01","9","R8_CEQN","validation","TREEVOLUME_FIXTURES/clark_identifiers.csv","38548071d5aa652bb90c7f111f86b427f798a1c9"
"859CLKE930","clark_r8",930,8,"06","01","SN","01","9","R8_CEQN","validation","TREEVOLUME_FIXTURES/clark_identifiers.csv","38548071d5aa652bb90c7f111f86b427f798a1c9"
"859CLKE950","clark_r8",950,8,"06","01","SN","01","9","R8_CEQN","validation","TREEVOLUME_FIXTURES/clark_identifiers.csv","38548071d5aa652bb90c7f111f86b427f798a1c9"
"859CLKE970","clark_r8",970,8,"06","01","SN","01","9","R8_CEQN","validation","TREEVOLUME_FIXTURES/clark_identifiers.csv","38548071d5aa652bb90c7f111f86b427f798a1c9"
"864CLKE100","clark_r8",100,8,"09","01","SN","01","4","R8_CEQN","validation","TREEVOLUME_FIXTURES/clark_identifiers.csv","38548071d5aa652bb90c7f111f86b427f798a1c9"
"864CLKE107","clark_r8",107,8,"09","01","SN","01","4","R8_CEQN","validation","TREEVOLUME_FIXTURES/clark_identifiers.csv","38548071d5aa652bb90c7f111f86b427f798a1c9"
"864CLKE110","clark_r8",110,8,"09","01","SN","01","4","R8_CEQN","validation","TREEVOLUME_FIXTURES/clark_identifiers.csv","38548071d5aa652bb90c7f111f86b427f798a1c9"
"864CLKE111","clark_r8",111,8,"09","01","SN","01","4","R8_CEQN","validation","TREEVOLUME_FIXTURES/clark_identifiers.csv","38548071d5aa652bb90c7f111f86b427f798a1c9"
"864CLKE115","clark_r8",115,8,"09","01","SN","01","4","R8_CEQN","validation","TREEVOLUME_FIXTURES/clark_identifiers.csv","38548071d5aa652bb90c7f111f86b427f798a1c9"
"864CLKE121","clark_r8",121,8,"09","01","SN","01","4","R8_CEQN","validation","TREEVOLUME_FIXTURES/clark_identifiers.csv","38548071d5aa652bb90c7f111f86b427f798a1c9"
"864CLKE123","clark_r8",123,8,"09","01","SN","01","4","R8_CEQN","validation","TREEVOLUME_FIXTURES/clark_identifiers.csv","38548071d5aa652bb90c7f111f86b427f798a1c9"
"864CLKE126","clark_r8",126,8,"09","01","SN","01","4","R8_CEQN","validation","TREEVOLUME_FIXTURES/clark_identifiers.csv","38548071d5aa652bb90c7f111f86b427f798a1c9"
"864CLKE128","clark_r8",128,8,"09","01","SN","01","4","R8_CEQN","validation","TREEVOLUME_FIXTURES/clark_identifiers.csv","38548071d5aa652bb90c7f111f86b427f798a1c9"
"864CLKE129","clark_r8",129,8,"09","01","SN","01","4","R8_CEQN","validation","TREEVOLUME_FIXTURES/clark_identifiers.csv","38548071d5aa652bb90c7f111f86b427f798a1c9"
"864CLKE131","clark_r8",131,8,"09","01","SN","01","4","R8_CEQN","validation","TREEVOLUME_FIXTURES/clark_identifiers.csv","38548071d5aa652bb90c7f111f86b427f798a1c9"
"864CLKE132","clark_r8",132,8,"09","01","SN","01","4","R8_CEQN","validation","TREEVOLUME_FIXTURES/clark_identifiers.csv","38548071d5aa652bb90c7f111f86b427f798a1c9"
"864CLKE197","clark_r8",197,8,"09","01","SN","01","4","R8_CEQN","validation","TREEVOLUME_FIXTURES/clark_identifiers.csv","38548071d5aa652bb90c7f111f86b427f798a1c9"
"864CLKE221","clark_r8",221,8,"09","01","SN","01","4","R8_CEQN","validation","TREEVOLUME_FIXTURES/clark_identifiers.csv","38548071d5aa652bb90c7f111f86b427f798a1c9"
"864CLKE222","clark_r8",222,8,"09","01","SN","01","4","R8_CEQN","validation","TREEVOLUME_FIXTURES/clark_identifiers.csv","38548071d5aa652bb90c7f111f86b427f798a1c9"
"864CLKE261","clark_r8",261,8,"09","01","SN","01","4","R8_CEQN","validation","TREEVOLUME_FIXTURES/clark_identifiers.csv","38548071d5aa652bb90c7f111f86b427f798a1c9"
"864CLKE300","clark_r8",300,8,"09","01","SN","01","4","R8_CEQN","validation","TREEVOLUME_FIXTURES/clark_identifiers.csv","38548071d5aa652bb90c7f111f86b427f798a1c9"
"864CLKE313","clark_r8",313,8,"09","01","SN","01","4","R8_CEQN","validation","TREEVOLUME_FIXTURES/clark_identifiers.csv","38548071d5aa652bb90c7f111f86b427f798a1c9"
"864CLKE314","clark_r8",314,8,"09","01","SN","01","4","R8_CEQN","validation","TREEVOLUME_FIXTURES/clark_identifiers.csv","38548071d5aa652bb90c7f111f86b427f798a1c9"
"864CLKE316","clark_r8",316,8,"09","01","SN","01","4","R8_CEQN","validation","TREEVOLUME_FIXTURES/clark_identifiers.csv","38548071d5aa652bb90c7f111f86b427f798a1c9"
"864CLKE317","clark_r8",317,8,"09","01","SN","01","4","R8_CEQN","validation","TREEVOLUME_FIXTURES/clark_identifiers.csv","38548071d5aa652bb90c7f111f86b427f798a1c9"
"864CLKE318","clark_r8",318,8,"09","01","SN","01","4","R8_CEQN","validation","TREEVOLUME_FIXTURES/clark_identifiers.csv","38548071d5aa652bb90c7f111f86b427f798a1c9"
"864CLKE330","clark_r8",330,8,"09","01","SN","01","4","R8_CEQN","validation","TREEVOLUME_FIXTURES/clark_identifiers.csv","38548071d5aa652bb90c7f111f86b427f798a1c9"
"864CLKE370","clark_r8",370,8,"09","01","SN","01","4","R8_CEQN","validation","TREEVOLUME_FIXTURES/clark_identifiers.csv","38548071d5aa652bb90c7f111f86b427f798a1c9"
"864CLKE400","clark_r8",400,8,"09","01","SN","01","4","R8_CEQN","validation","TREEVOLUME_FIXTURES/clark_identifiers.csv","38548071d5aa652bb90c7f111f86b427f798a1c9"
"864CLKE404","clark_r8",404,8,"09","01","SN","01","4","R8_CEQN","validation","TREEVOLUME_FIXTURES/clark_identifiers.csv","38548071d5aa652bb90c7f111f86b427f798a1c9"
"864CLKE460","clark_r8",460,8,"09","01","SN","01","4","R8_CEQN","validation","TREEVOLUME_FIXTURES/clark_identifiers.csv","38548071d5aa652bb90c7f111f86b427f798a1c9"
"864CLKE500","clark_r8",500,8,"09","01","SN","01","4","R8_CEQN","validation","TREEVOLUME_FIXTURES/clark_identifiers.csv","38548071d5aa652bb90c7f111f86b427f798a1c9"
"864CLKE521","clark_r8",521,8,"09","01","SN","01","4","R8_CEQN","validation","TREEVOLUME_FIXTURES/clark_identifiers.csv","38548071d5aa652bb90c7f111f86b427f798a1c9"
"864CLKE531","clark_r8",531,8,"09","01","SN","01","4","R8_CEQN","validation","TREEVOLUME_FIXTURES/clark_identifiers.csv","38548071d5aa652bb90c7f111f86b427f798a1c9"
"864CLKE541","clark_r8",541,8,"09","01","SN","01","4","R8_CEQN","validation","TREEVOLUME_FIXTURES/clark_identifiers.csv","38548071d5aa652bb90c7f111f86b427f798a1c9"
"864CLKE544","clark_r8",544,8,"09","01","SN","01","4","R8_CEQN","validation","TREEVOLUME_FIXTURES/clark_identifiers.csv","38548071d5aa652bb90c7f111f86b427f798a1c9"
"864CLKE545","clark_r8",545,8,"09","01","SN","01","4","R8_CEQN","validation","TREEVOLUME_FIXTURES/clark_identifiers.csv","38548071d5aa652bb90c7f111f86b427f798a1c9"
"864CLKE546","clark_r8",546,8,"09","01","SN","01","4","R8_CEQN","validation","TREEVOLUME_FIXTURES/clark_identifiers.csv","38548071d5aa652bb90c7f111f86b427f798a1c9"
"864CLKE550","clark_r8",550,8,"09","01","SN","01","4","R8_CEQN","validation","TREEVOLUME_FIXTURES/clark_identifiers.csv","38548071d5aa652bb90c7f111f86b427f798a1c9"
"864CLKE580","clark_r8",580,8,"09","01","SN","01","4","R8_CEQN","validation","TREEVOLUME_FIXTURES/clark_identifiers.csv","38548071d5aa652bb90c7f111f86b427f798a1c9"
"864CLKE601","clark_r8",601,8,"09","01","SN","01","4","R8_CEQN","validation","TREEVOLUME_FIXTURES/clark_identifiers.csv","38548071d5aa652bb90c7f111f86b427f798a1c9"
"864CLKE602","clark_r8",602,8,"09","01","SN","01","4","R8_CEQN","validation","TREEVOLUME_FIXTURES/clark_identifiers.csv","38548071d5aa652bb90c7f111f86b427f798a1c9"
"864CLKE611","clark_r8",611,8,"09","01","SN","01","4","R8_CEQN","validation","TREEVOLUME_FIXTURES/clark_identifiers.csv","38548071d5aa652bb90c7f111f86b427f798a1c9"
"864CLKE621","clark_r8",621,8,"09","01","SN","01","4","R8_CEQN","validation","TREEVOLUME_FIXTURES/clark_identifiers.csv","38548071d5aa652bb90c7f111f86b427f798a1c9"
"864CLKE650","clark_r8",650,8,"09","01","SN","01","4","R8_CEQN","validation","TREEVOLUME_FIXTURES/clark_identifiers.csv","38548071d5aa652bb90c7f111f86b427f798a1c9"
"864CLKE651","clark_r8",651,8,"09","01","SN","01","4","R8_CEQN","validation","TREEVOLUME_FIXTURES/clark_identifiers.csv","38548071d5aa652bb90c7f111f86b427f798a1c9"
"864CLKE652","clark_r8",652,8,"09","01","SN","01","4","R8_CEQN","validation","TREEVOLUME_FIXTURES/clark_identifiers.csv","38548071d5aa652bb90c7f111f86b427f798a1c9"
"864CLKE653","clark_r8",653,8,"09","01","SN","01","4","R8_CEQN","validation","TREEVOLUME_FIXTURES/clark_identifiers.csv","38548071d5aa652bb90c7f111f86b427f798a1c9"
"864CLKE691","clark_r8",691,8,"09","01","SN","01","4","R8_CEQN","validation","TREEVOLUME_FIXTURES/clark_identifiers.csv","38548071d5aa652bb90c7f111f86b427f798a1c9"
"864CLKE693","clark_r8",693,8,"09","01","SN","01","4","R8_CEQN","validation","TREEVOLUME_FIXTURES/clark_identifiers.csv","38548071d5aa652bb90c7f111f86b427f798a1c9"
"864CLKE694","clark_r8",694,8,"09","01","SN","01","4","R8_CEQN","validation","TREEVOLUME_FIXTURES/clark_identifiers.csv","38548071d5aa652bb90c7f111f86b427f798a1c9"
"864CLKE711","clark_r8",711,8,"09","01","SN","01","4","R8_CEQN","validation","TREEVOLUME_FIXTURES/clark_identifiers.csv","38548071d5aa652bb90c7f111f86b427f798a1c9"
"864CLKE731","clark_r8",731,8,"09","01","SN","01","4","R8_CEQN","validation","TREEVOLUME_FIXTURES/clark_identifiers.csv","38548071d5aa652bb90c7f111f86b427f798a1c9"
"864CLKE742","clark_r8",742,8,"09","01","SN","01","4","R8_CEQN","validation","TREEVOLUME_FIXTURES/clark_identifiers.csv","38548071d5aa652bb90c7f111f86b427f798a1c9"
"864CLKE762","clark_r8",762,8,"09","01","SN","01","4","R8_CEQN","validation","TREEVOLUME_FIXTURES/clark_identifiers.csv","38548071d5aa652bb90c7f111f86b427f798a1c9"
"864CLKE800","clark_r8",800,8,"09","01","SN","01","4","R8_CEQN","validation","TREEVOLUME_FIXTURES/clark_identifiers.csv","38548071d5aa652bb90c7f111f86b427f798a1c9"
"864CLKE802","clark_r8",802,8,"09","01","SN","01","4","R8_CEQN","validation","TREEVOLUME_FIXTURES/clark_identifiers.csv","38548071d5aa652bb90c7f111f86b427f798a1c9"
"864CLKE804","clark_r8",804,8,"09","01","SN","01","4","R8_CEQN","validation","TREEVOLUME_FIXTURES/clark_identifiers.csv","38548071d5aa652bb90c7f111f86b427f798a1c9"
"864CLKE806","clark_r8",806,8,"09","01","SN","01","4","R8_CEQN","validation","TREEVOLUME_FIXTURES/clark_identifiers.csv","38548071d5aa652bb90c7f111f86b427f798a1c9"
"864CLKE812","clark_r8",812,8,"09","01","SN","01","4","R8_CEQN","validation","TREEVOLUME_FIXTURES/clark_identifiers.csv","38548071d5aa652bb90c7f111f86b427f798a1c9"
"864CLKE813","clark_r8",813,8,"09","01","SN","01","4","R8_CEQN","validation","TREEVOLUME_FIXTURES/clark_identifiers.csv","38548071d5aa652bb90c7f111f86b427f798a1c9"
"864CLKE817","clark_r8",817,8,"09","01","SN","01","4","R8_CEQN","validation","TREEVOLUME_FIXTURES/clark_identifiers.csv","38548071d5aa652bb90c7f111f86b427f798a1c9"
"864CLKE820","clark_r8",820,8,"09","01","SN","01","4","R8_CEQN","validation","TREEVOLUME_FIXTURES/clark_identifiers.csv","38548071d5aa652bb90c7f111f86b427f798a1c9"
"864CLKE822","clark_r8",822,8,"09","01","SN","01","4","R8_CEQN","validation","TREEVOLUME_FIXTURES/clark_identifiers.csv","38548071d5aa652bb90c7f111f86b427f798a1c9"
"864CLKE823","clark_r8",823,8,"09","01","SN","01","4","R8_CEQN","validation","TREEVOLUME_FIXTURES/clark_identifiers.csv","38548071d5aa652bb90c7f111f86b427f798a1c9"
"864CLKE825","clark_r8",825,8,"09","01","SN","01","4","R8_CEQN","validation","TREEVOLUME_FIXTURES/clark_identifiers.csv","38548071d5aa652bb90c7f111f86b427f798a1c9"
"864CLKE826","clark_r8",826,8,"09","01","SN","01","4","R8_CEQN","validation","TREEVOLUME_FIXTURES/clark_identifiers.csv","38548071d5aa652bb90c7f111f86b427f798a1c9"
"864CLKE827","clark_r8",827,8,"09","01","SN","01","4","R8_CEQN","validation","TREEVOLUME_FIXTURES/clark_identifiers.csv","38548071d5aa652bb90c7f111f86b427f798a1c9"
"864CLKE828","clark_r8",828,8,"09","01","SN","01","4","R8_CEQN","validation","TREEVOLUME_FIXTURES/clark_identifiers.csv","38548071d5aa652bb90c7f111f86b427f798a1c9"
"864CLKE830","clark_r8",830,8,"09","01","SN","01","4","R8_CEQN","validation","TREEVOLUME_FIXTURES/clark_identifiers.csv","38548071d5aa652bb90c7f111f86b427f798a1c9"
"864CLKE831","clark_r8",831,8,"09","01","SN","01","4","R8_CEQN","validation","TREEVOLUME_FIXTURES/clark_identifiers.csv","38548071d5aa652bb90c7f111f86b427f798a1c9"
"864CLKE832","clark_r8",832,8,"09","01","SN","01","4","R8_CEQN","validation","TREEVOLUME_FIXTURES/clark_identifiers.csv","38548071d5aa652bb90c7f111f86b427f798a1c9"
"864CLKE833","clark_r8",833,8,"09","01","SN","01","4","R8_CEQN","validation","TREEVOLUME_FIXTURES/clark_identifiers.csv","38548071d5aa652bb90c7f111f86b427f798a1c9"
"864CLKE834","clark_r8",834,8,"09","01","SN","01","4","R8_CEQN","validation","TREEVOLUME_FIXTURES/clark_identifiers.csv","38548071d5aa652bb90c7f111f86b427f798a1c9"
"864CLKE835","clark_r8",835,8,"09","01","SN","01","4","R8_CEQN","validation","TREEVOLUME_FIXTURES/clark_identifiers.csv","38548071d5aa652bb90c7f111f86b427f798a1c9"
"864CLKE837","clark_r8",837,8,"09","01","SN","01","4","R8_CEQN","validation","TREEVOLUME_FIXTURES/clark_identifiers.csv","38548071d5aa652bb90c7f111f86b427f798a1c9"
"864CLKE901","clark_r8",901,8,"09","01","SN","01","4","R8_CEQN","validation","TREEVOLUME_FIXTURES/clark_identifiers.csv","38548071d5aa652bb90c7f111f86b427f798a1c9"
"864CLKE920","clark_r8",920,8,"09","01","SN","01","4","R8_CEQN","validation","TREEVOLUME_FIXTURES/clark_identifiers.csv","38548071d5aa652bb90c7f111f86b427f798a1c9"
"864CLKE930","clark_r8",930,8,"09","01","SN","01","4","R8_CEQN","validation","TREEVOLUME_FIXTURES/clark_identifiers.csv","38548071d5aa652bb90c7f111f86b427f798a1c9"
"864CLKE950","clark_r8",950,8,"09","01","SN","01","4","R8_CEQN","validation","TREEVOLUME_FIXTURES/clark_identifiers.csv","38548071d5aa652bb90c7f111f86b427f798a1c9"
"864CLKE970","clark_r8",970,8,"09","01","SN","01","4","R8_CEQN","validation","TREEVOLUME_FIXTURES/clark_identifiers.csv","38548071d5aa652bb90c7f111f86b427f798a1c9"
"867CLKE100","clark_r8",100,8,"09","01","SN","01","7","R8_CEQN","validation","TREEVOLUME_FIXTURES/clark_identifiers.csv","38548071d5aa652bb90c7f111f86b427f798a1c9"
"867CLKE107","clark_r8",107,8,"09","01","SN","01","7","R8_CEQN","validation","TREEVOLUME_FIXTURES/clark_identifiers.csv","38548071d5aa652bb90c7f111f86b427f798a1c9"
"867CLKE110","clark_r8",110,8,"09","01","SN","01","7","R8_CEQN","validation","TREEVOLUME_FIXTURES/clark_identifiers.csv","38548071d5aa652bb90c7f111f86b427f798a1c9"
"867CLKE111","clark_r8",111,8,"09","01","SN","01","7","R8_CEQN","validation","TREEVOLUME_FIXTURES/clark_identifiers.csv","38548071d5aa652bb90c7f111f86b427f798a1c9"
"867CLKE115","clark_r8",115,8,"09","01","SN","01","7","R8_CEQN","validation","TREEVOLUME_FIXTURES/clark_identifiers.csv","38548071d5aa652bb90c7f111f86b427f798a1c9"
"867CLKE121","clark_r8",121,8,"09","01","SN","01","7","R8_CEQN","validation","TREEVOLUME_FIXTURES/clark_identifiers.csv","38548071d5aa652bb90c7f111f86b427f798a1c9"
"867CLKE123","clark_r8",123,8,"09","01","SN","01","7","R8_CEQN","validation","TREEVOLUME_FIXTURES/clark_identifiers.csv","38548071d5aa652bb90c7f111f86b427f798a1c9"
"867CLKE126","clark_r8",126,8,"09","01","SN","01","7","R8_CEQN","validation","TREEVOLUME_FIXTURES/clark_identifiers.csv","38548071d5aa652bb90c7f111f86b427f798a1c9"
"867CLKE128","clark_r8",128,8,"09","01","SN","01","7","R8_CEQN","validation","TREEVOLUME_FIXTURES/clark_identifiers.csv","38548071d5aa652bb90c7f111f86b427f798a1c9"
"867CLKE129","clark_r8",129,8,"09","01","SN","01","7","R8_CEQN","validation","TREEVOLUME_FIXTURES/clark_identifiers.csv","38548071d5aa652bb90c7f111f86b427f798a1c9"
"867CLKE131","clark_r8",131,8,"09","01","SN","01","7","R8_CEQN","validation","TREEVOLUME_FIXTURES/clark_identifiers.csv","38548071d5aa652bb90c7f111f86b427f798a1c9"
"867CLKE132","clark_r8",132,8,"09","01","SN","01","7","R8_CEQN","validation","TREEVOLUME_FIXTURES/clark_identifiers.csv","38548071d5aa652bb90c7f111f86b427f798a1c9"
"867CLKE197","clark_r8",197,8,"09","01","SN","01","7","R8_CEQN","validation","TREEVOLUME_FIXTURES/clark_identifiers.csv","38548071d5aa652bb90c7f111f86b427f798a1c9"
"867CLKE221","clark_r8",221,8,"09","01","SN","01","7","R8_CEQN","validation","TREEVOLUME_FIXTURES/clark_identifiers.csv","38548071d5aa652bb90c7f111f86b427f798a1c9"
"867CLKE222","clark_r8",222,8,"09","01","SN","01","7","R8_CEQN","validation","TREEVOLUME_FIXTURES/clark_identifiers.csv","38548071d5aa652bb90c7f111f86b427f798a1c9"
"867CLKE261","clark_r8",261,8,"09","01","SN","01","7","R8_CEQN","validation","TREEVOLUME_FIXTURES/clark_identifiers.csv","38548071d5aa652bb90c7f111f86b427f798a1c9"
"867CLKE300","clark_r8",300,8,"09","01","SN","01","7","R8_CEQN","validation","TREEVOLUME_FIXTURES/clark_identifiers.csv","38548071d5aa652bb90c7f111f86b427f798a1c9"
"867CLKE313","clark_r8",313,8,"09","01","SN","01","7","R8_CEQN","validation","TREEVOLUME_FIXTURES/clark_identifiers.csv","38548071d5aa652bb90c7f111f86b427f798a1c9"
"867CLKE314","clark_r8",314,8,"09","01","SN","01","7","R8_CEQN","validation","TREEVOLUME_FIXTURES/clark_identifiers.csv","38548071d5aa652bb90c7f111f86b427f798a1c9"
"867CLKE316","clark_r8",316,8,"09","01","SN","01","7","R8_CEQN","validation","TREEVOLUME_FIXTURES/clark_identifiers.csv","38548071d5aa652bb90c7f111f86b427f798a1c9"
"867CLKE317","clark_r8",317,8,"09","01","SN","01","7","R8_CEQN","validation","TREEVOLUME_FIXTURES/clark_identifiers.csv","38548071d5aa652bb90c7f111f86b427f798a1c9"
"867CLKE318","clark_r8",318,8,"09","01","SN","01","7","R8_CEQN","validation","TREEVOLUME_FIXTURES/clark_identifiers.csv","38548071d5aa652bb90c7f111f86b427f798a1c9"
"867CLKE330","clark_r8",330,8,"09","01","SN","01","7","R8_CEQN","validation","TREEVOLUME_FIXTURES/clark_identifiers.csv","38548071d5aa652bb90c7f111f86b427f798a1c9"
"867CLKE370","clark_r8",370,8,"09","01","SN","01","7","R8_CEQN","validation","TREEVOLUME_FIXTURES/clark_identifiers.csv","38548071d5aa652bb90c7f111f86b427f798a1c9"
"867CLKE400","clark_r8",400,8,"09","01","SN","01","7","R8_CEQN","validation","TREEVOLUME_FIXTURES/clark_identifiers.csv","38548071d5aa652bb90c7f111f86b427f798a1c9"
"867CLKE404","clark_r8",404,8,"09","01","SN","01","7","R8_CEQN","validation","TREEVOLUME_FIXTURES/clark_identifiers.csv","38548071d5aa652bb90c7f111f86b427f798a1c9"
"867CLKE460","clark_r8",460,8,"09","01","SN","01","7","R8_CEQN","validation","TREEVOLUME_FIXTURES/clark_identifiers.csv","38548071d5aa652bb90c7f111f86b427f798a1c9"
"867CLKE500","clark_r8",500,8,"09","01","SN","01","7","R8_CEQN","validation","TREEVOLUME_FIXTURES/clark_identifiers.csv","38548071d5aa652bb90c7f111f86b427f798a1c9"
"867CLKE521","clark_r8",521,8,"09","01","SN","01","7","R8_CEQN","validation","TREEVOLUME_FIXTURES/clark_identifiers.csv","38548071d5aa652bb90c7f111f86b427f798a1c9"
"867CLKE531","clark_r8",531,8,"09","01","SN","01","7","R8_CEQN","validation","TREEVOLUME_FIXTURES/clark_identifiers.csv","38548071d5aa652bb90c7f111f86b427f798a1c9"
"867CLKE541","clark_r8",541,8,"09","01","SN","01","7","R8_CEQN","validation","TREEVOLUME_FIXTURES/clark_identifiers.csv","38548071d5aa652bb90c7f111f86b427f798a1c9"
"867CLKE544","clark_r8",544,8,"09","01","SN","01","7","R8_CEQN","validation","TREEVOLUME_FIXTURES/clark_identifiers.csv","38548071d5aa652bb90c7f111f86b427f798a1c9"
"867CLKE545","clark_r8",545,8,"09","01","SN","01","7","R8_CEQN","validation","TREEVOLUME_FIXTURES/clark_identifiers.csv","38548071d5aa652bb90c7f111f86b427f798a1c9"
"867CLKE546","clark_r8",546,8,"09","01","SN","01","7","R8_CEQN","validation","TREEVOLUME_FIXTURES/clark_identifiers.csv","38548071d5aa652bb90c7f111f86b427f798a1c9"
"867CLKE550","clark_r8",550,8,"09","01","SN","01","7","R8_CEQN","validation","TREEVOLUME_FIXTURES/clark_identifiers.csv","38548071d5aa652bb90c7f111f86b427f798a1c9"
"867CLKE580","clark_r8",580,8,"09","01","SN","01","7","R8_CEQN","validation","TREEVOLUME_FIXTURES/clark_identifiers.csv","38548071d5aa652bb90c7f111f86b427f798a1c9"
"867CLKE601","clark_r8",601,8,"09","01","SN","01","7","R8_CEQN","validation","TREEVOLUME_FIXTURES/clark_identifiers.csv","38548071d5aa652bb90c7f111f86b427f798a1c9"
"867CLKE602","clark_r8",602,8,"09","01","SN","01","7","R8_CEQN","validation","TREEVOLUME_FIXTURES/clark_identifiers.csv","38548071d5aa652bb90c7f111f86b427f798a1c9"
"867CLKE611","clark_r8",611,8,"09","01","SN","01","7","R8_CEQN","validation","TREEVOLUME_FIXTURES/clark_identifiers.csv","38548071d5aa652bb90c7f111f86b427f798a1c9"
"867CLKE621","clark_r8",621,8,"09","01","SN","01","7","R8_CEQN","validation","TREEVOLUME_FIXTURES/clark_identifiers.csv","38548071d5aa652bb90c7f111f86b427f798a1c9"
"867CLKE650","clark_r8",650,8,"09","01","SN","01","7","R8_CEQN","validation","TREEVOLUME_FIXTURES/clark_identifiers.csv","38548071d5aa652bb90c7f111f86b427f798a1c9"
"867CLKE651","clark_r8",651,8,"09","01","SN","01","7","R8_CEQN","validation","TREEVOLUME_FIXTURES/clark_identifiers.csv","38548071d5aa652bb90c7f111f86b427f798a1c9"
"867CLKE652","clark_r8",652,8,"09","01","SN","01","7","R8_CEQN","validation","TREEVOLUME_FIXTURES/clark_identifiers.csv","38548071d5aa652bb90c7f111f86b427f798a1c9"
"867CLKE653","clark_r8",653,8,"09","01","SN","01","7","R8_CEQN","validation","TREEVOLUME_FIXTURES/clark_identifiers.csv","38548071d5aa652bb90c7f111f86b427f798a1c9"
"867CLKE691","clark_r8",691,8,"09","01","SN","01","7","R8_CEQN","validation","TREEVOLUME_FIXTURES/clark_identifiers.csv","38548071d5aa652bb90c7f111f86b427f798a1c9"
"867CLKE693","clark_r8",693,8,"09","01","SN","01","7","R8_CEQN","validation","TREEVOLUME_FIXTURES/clark_identifiers.csv","38548071d5aa652bb90c7f111f86b427f798a1c9"
"867CLKE694","clark_r8",694,8,"09","01","SN","01","7","R8_CEQN","validation","TREEVOLUME_FIXTURES/clark_identifiers.csv","38548071d5aa652bb90c7f111f86b427f798a1c9"
"867CLKE711","clark_r8",711,8,"09","01","SN","01","7","R8_CEQN","validation","TREEVOLUME_FIXTURES/clark_identifiers.csv","38548071d5aa652bb90c7f111f86b427f798a1c9"
"867CLKE731","clark_r8",731,8,"09","01","SN","01","7","R8_CEQN","validation","TREEVOLUME_FIXTURES/clark_identifiers.csv","38548071d5aa652bb90c7f111f86b427f798a1c9"
"867CLKE742","clark_r8",742,8,"09","01","SN","01","7","R8_CEQN","validation","TREEVOLUME_FIXTURES/clark_identifiers.csv","38548071d5aa652bb90c7f111f86b427f798a1c9"
"867CLKE762","clark_r8",762,8,"09","01","SN","01","7","R8_CEQN","validation","TREEVOLUME_FIXTURES/clark_identifiers.csv","38548071d5aa652bb90c7f111f86b427f798a1c9"
"867CLKE800","clark_r8",800,8,"09","01","SN","01","7","R8_CEQN","validation","TREEVOLUME_FIXTURES/clark_identifiers.csv","38548071d5aa652bb90c7f111f86b427f798a1c9"
"867CLKE802","clark_r8",802,8,"09","01","SN","01","7","R8_CEQN","validation","TREEVOLUME_FIXTURES/clark_identifiers.csv","38548071d5aa652bb90c7f111f86b427f798a1c9"
"867CLKE804","clark_r8",804,8,"09","01","SN","01","7","R8_CEQN","validation","TREEVOLUME_FIXTURES/clark_identifiers.csv","38548071d5aa652bb90c7f111f86b427f798a1c9"
"867CLKE806","clark_r8",806,8,"09","01","SN","01","7","R8_CEQN","validation","TREEVOLUME_FIXTURES/clark_identifiers.csv","38548071d5aa652bb90c7f111f86b427f798a1c9"
"867CLKE812","clark_r8",812,8,"09","01","SN","01","7","R8_CEQN","validation","TREEVOLUME_FIXTURES/clark_identifiers.csv","38548071d5aa652bb90c7f111f86b427f798a1c9"
"867CLKE813","clark_r8",813,8,"09","01","SN","01","7","R8_CEQN","validation","TREEVOLUME_FIXTURES/clark_identifiers.csv","38548071d5aa652bb90c7f111f86b427f798a1c9"
"867CLKE817","clark_r8",817,8,"09","01","SN","01","7","R8_CEQN","validation","TREEVOLUME_FIXTURES/clark_identifiers.csv","38548071d5aa652bb90c7f111f86b427f798a1c9"
"867CLKE820","clark_r8",820,8,"09","01","SN","01","7","R8_CEQN","validation","TREEVOLUME_FIXTURES/clark_identifiers.csv","38548071d5aa652bb90c7f111f86b427f798a1c9"
"867CLKE822","clark_r8",822,8,"09","01","SN","01","7","R8_CEQN","validation","TREEVOLUME_FIXTURES/clark_identifiers.csv","38548071d5aa652bb90c7f111f86b427f798a1c9"
"867CLKE823","clark_r8",823,8,"09","01","SN","01","7","R8_CEQN","validation","TREEVOLUME_FIXTURES/clark_identifiers.csv","38548071d5aa652bb90c7f111f86b427f798a1c9"
"867CLKE825","clark_r8",825,8,"09","01","SN","01","7","R8_CEQN","validation","TREEVOLUME_FIXTURES/clark_identifiers.csv","38548071d5aa652bb90c7f111f86b427f798a1c9"
"867CLKE826","clark_r8",826,8,"09","01","SN","01","7","R8_CEQN","validation","TREEVOLUME_FIXTURES/clark_identifiers.csv","38548071d5aa652bb90c7f111f86b427f798a1c9"
"867CLKE827","clark_r8",827,8,"09","01","SN","01","7","R8_CEQN","validation","TREEVOLUME_FIXTURES/clark_identifiers.csv","38548071d5aa652bb90c7f111f86b427f798a1c9"
"867CLKE828","clark_r8",828,8,"09","01","SN","01","7","R8_CEQN","validation","TREEVOLUME_FIXTURES/clark_identifiers.csv","38548071d5aa652bb90c7f111f86b427f798a1c9"
"867CLKE830","clark_r8",830,8,"09","01","SN","01","7","R8_CEQN","validation","TREEVOLUME_FIXTURES/clark_identifiers.csv","38548071d5aa652bb90c7f111f86b427f798a1c9"
"867CLKE831","clark_r8",831,8,"09","01","SN","01","7","R8_CEQN","validation","TREEVOLUME_FIXTURES/clark_identifiers.csv","38548071d5aa652bb90c7f111f86b427f798a1c9"
"867CLKE832","clark_r8",832,8,"09","01","SN","01","7","R8_CEQN","validation","TREEVOLUME_FIXTURES/clark_identifiers.csv","38548071d5aa652bb90c7f111f86b427f798a1c9"
"867CLKE833","clark_r8",833,8,"09","01","SN","01","7","R8_CEQN","validation","TREEVOLUME_FIXTURES/clark_identifiers.csv","38548071d5aa652bb90c7f111f86b427f798a1c9"
"867CLKE834","clark_r8",834,8,"09","01","SN","01","7","R8_CEQN","validation","TREEVOLUME_FIXTURES/clark_identifiers.csv","38548071d5aa652bb90c7f111f86b427f798a1c9"
"867CLKE835","clark_r8",835,8,"09","01","SN","01","7","R8_CEQN","validation","TREEVOLUME_FIXTURES/clark_identifiers.csv","38548071d5aa652bb90c7f111f86b427f798a1c9"
"867CLKE837","clark_r8",837,8,"09","01","SN","01","7","R8_CEQN","validation","TREEVOLUME_FIXTURES/clark_identifiers.csv","38548071d5aa652bb90c7f111f86b427f798a1c9"
"867CLKE901","clark_r8",901,8,"09","01","SN","01","7","R8_CEQN","validation","TREEVOLUME_FIXTURES/clark_identifiers.csv","38548071d5aa652bb90c7f111f86b427f798a1c9"
"867CLKE920","clark_r8",920,8,"09","01","SN","01","7","R8_CEQN","validation","TREEVOLUME_FIXTURES/clark_identifiers.csv","38548071d5aa652bb90c7f111f86b427f798a1c9"
"867CLKE930","clark_r8",930,8,"09","01","SN","01","7","R8_CEQN","validation","TREEVOLUME_FIXTURES/clark_identifiers.csv","38548071d5aa652bb90c7f111f86b427f798a1c9"
"867CLKE950","clark_r8",950,8,"09","01","SN","01","7","R8_CEQN","validation","TREEVOLUME_FIXTURES/clark_identifiers.csv","38548071d5aa652bb90c7f111f86b427f798a1c9"
"867CLKE970","clark_r8",970,8,"09","01","SN","01","7","R8_CEQN","validation","TREEVOLUME_FIXTURES/clark_identifiers.csv","38548071d5aa652bb90c7f111f86b427f798a1c9"
"868CLKE100","clark_r8",100,8,"09","01","SN","01","8","R8_CEQN","validation","TREEVOLUME_FIXTURES/clark_identifiers.csv","38548071d5aa652bb90c7f111f86b427f798a1c9"
"868CLKE107","clark_r8",107,8,"09","01","SN","01","8","R8_CEQN","validation","TREEVOLUME_FIXTURES/clark_identifiers.csv","38548071d5aa652bb90c7f111f86b427f798a1c9"
"868CLKE110","clark_r8",110,8,"09","01","SN","01","8","R8_CEQN","validation","TREEVOLUME_FIXTURES/clark_identifiers.csv","38548071d5aa652bb90c7f111f86b427f798a1c9"
"868CLKE111","clark_r8",111,8,"09","01","SN","01","8","R8_CEQN","validation","TREEVOLUME_FIXTURES/clark_identifiers.csv","38548071d5aa652bb90c7f111f86b427f798a1c9"
"868CLKE115","clark_r8",115,8,"09","01","SN","01","8","R8_CEQN","validation","TREEVOLUME_FIXTURES/clark_identifiers.csv","38548071d5aa652bb90c7f111f86b427f798a1c9"
"868CLKE121","clark_r8",121,8,"09","01","SN","01","8","R8_CEQN","validation","TREEVOLUME_FIXTURES/clark_identifiers.csv","38548071d5aa652bb90c7f111f86b427f798a1c9"
"868CLKE123","clark_r8",123,8,"09","01","SN","01","8","R8_CEQN","validation","TREEVOLUME_FIXTURES/clark_identifiers.csv","38548071d5aa652bb90c7f111f86b427f798a1c9"
"868CLKE126","clark_r8",126,8,"09","01","SN","01","8","R8_CEQN","validation","TREEVOLUME_FIXTURES/clark_identifiers.csv","38548071d5aa652bb90c7f111f86b427f798a1c9"
"868CLKE128","clark_r8",128,8,"09","01","SN","01","8","R8_CEQN","validation","TREEVOLUME_FIXTURES/clark_identifiers.csv","38548071d5aa652bb90c7f111f86b427f798a1c9"
"868CLKE129","clark_r8",129,8,"09","01","SN","01","8","R8_CEQN","validation","TREEVOLUME_FIXTURES/clark_identifiers.csv","38548071d5aa652bb90c7f111f86b427f798a1c9"
"868CLKE131","clark_r8",131,8,"09","01","SN","01","8","R8_CEQN","validation","TREEVOLUME_FIXTURES/clark_identifiers.csv","38548071d5aa652bb90c7f111f86b427f798a1c9"
"868CLKE132","clark_r8",132,8,"09","01","SN","01","8","R8_CEQN","validation","TREEVOLUME_FIXTURES/clark_identifiers.csv","38548071d5aa652bb90c7f111f86b427f798a1c9"
"868CLKE197","clark_r8",197,8,"09","01","SN","01","8","R8_CEQN","validation","TREEVOLUME_FIXTURES/clark_identifiers.csv","38548071d5aa652bb90c7f111f86b427f798a1c9"
"868CLKE221","clark_r8",221,8,"09","01","SN","01","8","R8_CEQN","validation","TREEVOLUME_FIXTURES/clark_identifiers.csv","38548071d5aa652bb90c7f111f86b427f798a1c9"
"868CLKE222","clark_r8",222,8,"09","01","SN","01","8","R8_CEQN","validation","TREEVOLUME_FIXTURES/clark_identifiers.csv","38548071d5aa652bb90c7f111f86b427f798a1c9"
"868CLKE261","clark_r8",261,8,"09","01","SN","01","8","R8_CEQN","validation","TREEVOLUME_FIXTURES/clark_identifiers.csv","38548071d5aa652bb90c7f111f86b427f798a1c9"
"868CLKE300","clark_r8",300,8,"09","01","SN","01","8","R8_CEQN","validation","TREEVOLUME_FIXTURES/clark_identifiers.csv","38548071d5aa652bb90c7f111f86b427f798a1c9"
"868CLKE313","clark_r8",313,8,"09","01","SN","01","8","R8_CEQN","validation","TREEVOLUME_FIXTURES/clark_identifiers.csv","38548071d5aa652bb90c7f111f86b427f798a1c9"
"868CLKE314","clark_r8",314,8,"09","01","SN","01","8","R8_CEQN","validation","TREEVOLUME_FIXTURES/clark_identifiers.csv","38548071d5aa652bb90c7f111f86b427f798a1c9"
"868CLKE316","clark_r8",316,8,"09","01","SN","01","8","R8_CEQN","validation","TREEVOLUME_FIXTURES/clark_identifiers.csv","38548071d5aa652bb90c7f111f86b427f798a1c9"
"868CLKE317","clark_r8",317,8,"09","01","SN","01","8","R8_CEQN","validation","TREEVOLUME_FIXTURES/clark_identifiers.csv","38548071d5aa652bb90c7f111f86b427f798a1c9"
"868CLKE318","clark_r8",318,8,"09","01","SN","01","8","R8_CEQN","validation","TREEVOLUME_FIXTURES/clark_identifiers.csv","38548071d5aa652bb90c7f111f86b427f798a1c9"
"868CLKE330","clark_r8",330,8,"09","01","SN","01","8","R8_CEQN","validation","TREEVOLUME_FIXTURES/clark_identifiers.csv","38548071d5aa652bb90c7f111f86b427f798a1c9"
"868CLKE370","clark_r8",370,8,"09","01","SN","01","8","R8_CEQN","validation","TREEVOLUME_FIXTURES/clark_identifiers.csv","38548071d5aa652bb90c7f111f86b427f798a1c9"
"868CLKE400","clark_r8",400,8,"09","01","SN","01","8","R8_CEQN","validation","TREEVOLUME_FIXTURES/clark_identifiers.csv","38548071d5aa652bb90c7f111f86b427f798a1c9"
"868CLKE404","clark_r8",404,8,"09","01","SN","01","8","R8_CEQN","validation","TREEVOLUME_FIXTURES/clark_identifiers.csv","38548071d5aa652bb90c7f111f86b427f798a1c9"
"868CLKE460","clark_r8",460,8,"09","01","SN","01","8","R8_CEQN","validation","TREEVOLUME_FIXTURES/clark_identifiers.csv","38548071d5aa652bb90c7f111f86b427f798a1c9"
"868CLKE500","clark_r8",500,8,"09","01","SN","01","8","R8_CEQN","validation","TREEVOLUME_FIXTURES/clark_identifiers.csv","38548071d5aa652bb90c7f111f86b427f798a1c9"
"868CLKE521","clark_r8",521,8,"09","01","SN","01","8","R8_CEQN","validation","TREEVOLUME_FIXTURES/clark_identifiers.csv","38548071d5aa652bb90c7f111f86b427f798a1c9"
"868CLKE531","clark_r8",531,8,"09","01","SN","01","8","R8_CEQN","validation","TREEVOLUME_FIXTURES/clark_identifiers.csv","38548071d5aa652bb90c7f111f86b427f798a1c9"
"868CLKE541","clark_r8",541,8,"09","01","SN","01","8","R8_CEQN","validation","TREEVOLUME_FIXTURES/clark_identifiers.csv","38548071d5aa652bb90c7f111f86b427f798a1c9"
"868CLKE544","clark_r8",544,8,"09","01","SN","01","8","R8_CEQN","validation","TREEVOLUME_FIXTURES/clark_identifiers.csv","38548071d5aa652bb90c7f111f86b427f798a1c9"
"868CLKE545","clark_r8",545,8,"09","01","SN","01","8","R8_CEQN","validation","TREEVOLUME_FIXTURES/clark_identifiers.csv","38548071d5aa652bb90c7f111f86b427f798a1c9"
"868CLKE546","clark_r8",546,8,"09","01","SN","01","8","R8_CEQN","validation","TREEVOLUME_FIXTURES/clark_identifiers.csv","38548071d5aa652bb90c7f111f86b427f798a1c9"
"868CLKE550","clark_r8",550,8,"09","01","SN","01","8","R8_CEQN","validation","TREEVOLUME_FIXTURES/clark_identifiers.csv","38548071d5aa652bb90c7f111f86b427f798a1c9"
"868CLKE580","clark_r8",580,8,"09","01","SN","01","8","R8_CEQN","validation","TREEVOLUME_FIXTURES/clark_identifiers.csv","38548071d5aa652bb90c7f111f86b427f798a1c9"
"868CLKE601","clark_r8",601,8,"09","01","SN","01","8","R8_CEQN","validation","TREEVOLUME_FIXTURES/clark_identifiers.csv","38548071d5aa652bb90c7f111f86b427f798a1c9"
"868CLKE602","clark_r8",602,8,"09","01","SN","01","8","R8_CEQN","validation","TREEVOLUME_FIXTURES/clark_identifiers.csv","38548071d5aa652bb90c7f111f86b427f798a1c9"
"868CLKE611","clark_r8",611,8,"09","01","SN","01","8","R8_CEQN","validation","TREEVOLUME_FIXTURES/clark_identifiers.csv","38548071d5aa652bb90c7f111f86b427f798a1c9"
"868CLKE621","clark_r8",621,8,"09","01","SN","01","8","R8_CEQN","validation","TREEVOLUME_FIXTURES/clark_identifiers.csv","38548071d5aa652bb90c7f111f86b427f798a1c9"
"868CLKE650","clark_r8",650,8,"09","01","SN","01","8","R8_CEQN","validation","TREEVOLUME_FIXTURES/clark_identifiers.csv","38548071d5aa652bb90c7f111f86b427f798a1c9"
"868CLKE651","clark_r8",651,8,"09","01","SN","01","8","R8_CEQN","validation","TREEVOLUME_FIXTURES/clark_identifiers.csv","38548071d5aa652bb90c7f111f86b427f798a1c9"
"868CLKE652","clark_r8",652,8,"09","01","SN","01","8","R8_CEQN","validation","TREEVOLUME_FIXTURES/clark_identifiers.csv","38548071d5aa652bb90c7f111f86b427f798a1c9"
"868CLKE653","clark_r8",653,8,"09","01","SN","01","8","R8_CEQN","validation","TREEVOLUME_FIXTURES/clark_identifiers.csv","38548071d5aa652bb90c7f111f86b427f798a1c9"
"868CLKE691","clark_r8",691,8,"09","01","SN","01","8","R8_CEQN","validation","TREEVOLUME_FIXTURES/clark_identifiers.csv","38548071d5aa652bb90c7f111f86b427f798a1c9"
"868CLKE693","clark_r8",693,8,"09","01","SN","01","8","R8_CEQN","validation","TREEVOLUME_FIXTURES/clark_identifiers.csv","38548071d5aa652bb90c7f111f86b427f798a1c9"
"868CLKE694","clark_r8",694,8,"09","01","SN","01","8","R8_CEQN","validation","TREEVOLUME_FIXTURES/clark_identifiers.csv","38548071d5aa652bb90c7f111f86b427f798a1c9"
"868CLKE711","clark_r8",711,8,"09","01","SN","01","8","R8_CEQN","validation","TREEVOLUME_FIXTURES/clark_identifiers.csv","38548071d5aa652bb90c7f111f86b427f798a1c9"
"868CLKE731","clark_r8",731,8,"09","01","SN","01","8","R8_CEQN","validation","TREEVOLUME_FIXTURES/clark_identifiers.csv","38548071d5aa652bb90c7f111f86b427f798a1c9"
"868CLKE742","clark_r8",742,8,"09","01","SN","01","8","R8_CEQN","validation","TREEVOLUME_FIXTURES/clark_identifiers.csv","38548071d5aa652bb90c7f111f86b427f798a1c9"
"868CLKE762","clark_r8",762,8,"09","01","SN","01","8","R8_CEQN","validation","TREEVOLUME_FIXTURES/clark_identifiers.csv","38548071d5aa652bb90c7f111f86b427f798a1c9"
"868CLKE800","clark_r8",800,8,"09","01","SN","01","8","R8_CEQN","validation","TREEVOLUME_FIXTURES/clark_identifiers.csv","38548071d5aa652bb90c7f111f86b427f798a1c9"
"868CLKE802","clark_r8",802,8,"09","01","SN","01","8","R8_CEQN","validation","TREEVOLUME_FIXTURES/clark_identifiers.csv","38548071d5aa652bb90c7f111f86b427f798a1c9"
"868CLKE804","clark_r8",804,8,"09","01","SN","01","8","R8_CEQN","validation","TREEVOLUME_FIXTURES/clark_identifiers.csv","38548071d5aa652bb90c7f111f86b427f798a1c9"
"868CLKE806","clark_r8",806,8,"09","01","SN","01","8","R8_CEQN","validation","TREEVOLUME_FIXTURES/clark_identifiers.csv","38548071d5aa652bb90c7f111f86b427f798a1c9"
"868CLKE812","clark_r8",812,8,"09","01","SN","01","8","R8_CEQN","validation","TREEVOLUME_FIXTURES/clark_identifiers.csv","38548071d5aa652bb90c7f111f86b427f798a1c9"
"868CLKE813","clark_r8",813,8,"09","01","SN","01","8","R8_CEQN","validation","TREEVOLUME_FIXTURES/clark_identifiers.csv","38548071d5aa652bb90c7f111f86b427f798a1c9"
"868CLKE817","clark_r8",817,8,"09","01","SN","01","8","R8_CEQN","validation","TREEVOLUME_FIXTURES/clark_identifiers.csv","38548071d5aa652bb90c7f111f86b427f798a1c9"
"868CLKE820","clark_r8",820,8,"09","01","SN","01","8","R8_CEQN","validation","TREEVOLUME_FIXTURES/clark_identifiers.csv","38548071d5aa652bb90c7f111f86b427f798a1c9"
"868CLKE822","clark_r8",822,8,"09","01","SN","01","8","R8_CEQN","validation","TREEVOLUME_FIXTURES/clark_identifiers.csv","38548071d5aa652bb90c7f111f86b427f798a1c9"
"868CLKE823","clark_r8",823,8,"09","01","SN","01","8","R8_CEQN","validation","TREEVOLUME_FIXTURES/clark_identifiers.csv","38548071d5aa652bb90c7f111f86b427f798a1c9"
"868CLKE825","clark_r8",825,8,"09","01","SN","01","8","R8_CEQN","validation","TREEVOLUME_FIXTURES/clark_identifiers.csv","38548071d5aa652bb90c7f111f86b427f798a1c9"
"868CLKE826","clark_r8",826,8,"09","01","SN","01","8","R8_CEQN","validation","TREEVOLUME_FIXTURES/clark_identifiers.csv","38548071d5aa652bb90c7f111f86b427f798a1c9"
"868CLKE827","clark_r8",827,8,"09","01","SN","01","8","R8_CEQN","validation","TREEVOLUME_FIXTURES/clark_identifiers.csv","38548071d5aa652bb90c7f111f86b427f798a1c9"
"868CLKE828","clark_r8",828,8,"09","01","SN","01","8","R8_CEQN","validation","TREEVOLUME_FIXTURES/clark_identifiers.csv","38548071d5aa652bb90c7f111f86b427f798a1c9"
"868CLKE830","clark_r8",830,8,"09","01","SN","01","8","R8_CEQN","validation","TREEVOLUME_FIXTURES/clark_identifiers.csv","38548071d5aa652bb90c7f111f86b427f798a1c9"
"868CLKE831","clark_r8",831,8,"09","01","SN","01","8","R8_CEQN","validation","TREEVOLUME_FIXTURES/clark_identifiers.csv","38548071d5aa652bb90c7f111f86b427f798a1c9"
"868CLKE832","clark_r8",832,8,"09","01","SN","01","8","R8_CEQN","validation","TREEVOLUME_FIXTURES/clark_identifiers.csv","38548071d5aa652bb90c7f111f86b427f798a1c9"
"868CLKE833","clark_r8",833,8,"09","01","SN","01","8","R8_CEQN","validation","TREEVOLUME_FIXTURES/clark_identifiers.csv","38548071d5aa652bb90c7f111f86b427f798a1c9"
"868CLKE834","clark_r8",834,8,"09","01","SN","01","8","R8_CEQN","validation","TREEVOLUME_FIXTURES/clark_identifiers.csv","38548071d5aa652bb90c7f111f86b427f798a1c9"
"868CLKE835","clark_r8",835,8,"09","01","SN","01","8","R8_CEQN","validation","TREEVOLUME_FIXTURES/clark_identifiers.csv","38548071d5aa652bb90c7f111f86b427f798a1c9"
"868CLKE837","clark_r8",837,8,"09","01","SN","01","8","R8_CEQN","validation","TREEVOLUME_FIXTURES/clark_identifiers.csv","38548071d5aa652bb90c7f111f86b427f798a1c9"
"868CLKE901","clark_r8",901,8,"09","01","SN","01","8","R8_CEQN","validation","TREEVOLUME_FIXTURES/clark_identifiers.csv","38548071d5aa652bb90c7f111f86b427f798a1c9"
"868CLKE920","clark_r8",920,8,"09","01","SN","01","8","R8_CEQN","validation","TREEVOLUME_FIXTURES/clark_identifiers.csv","38548071d5aa652bb90c7f111f86b427f798a1c9"
"868CLKE930","clark_r8",930,8,"09","01","SN","01","8","R8_CEQN","validation","TREEVOLUME_FIXTURES/clark_identifiers.csv","38548071d5aa652bb90c7f111f86b427f798a1c9"
"868CLKE950","clark_r8",950,8,"09","01","SN","01","8","R8_CEQN","validation","TREEVOLUME_FIXTURES/clark_identifiers.csv","38548071d5aa652bb90c7f111f86b427f798a1c9"
"868CLKE970","clark_r8",970,8,"09","01","SN","01","8","R8_CEQN","validation","TREEVOLUME_FIXTURES/clark_identifiers.csv","38548071d5aa652bb90c7f111f86b427f798a1c9"
"869CLKE100","clark_r8",100,8,"09","01","SN","01","9","R8_CEQN","validation","TREEVOLUME_FIXTURES/clark_identifiers.csv","38548071d5aa652bb90c7f111f86b427f798a1c9"
"869CLKE107","clark_r8",107,8,"09","01","SN","01","9","R8_CEQN","validation","TREEVOLUME_FIXTURES/clark_identifiers.csv","38548071d5aa652bb90c7f111f86b427f798a1c9"
"869CLKE110","clark_r8",110,8,"09","01","SN","01","9","R8_CEQN","validation","TREEVOLUME_FIXTURES/clark_identifiers.csv","38548071d5aa652bb90c7f111f86b427f798a1c9"
"869CLKE111","clark_r8",111,8,"09","01","SN","01","9","R8_CEQN","validation","TREEVOLUME_FIXTURES/clark_identifiers.csv","38548071d5aa652bb90c7f111f86b427f798a1c9"
"869CLKE115","clark_r8",115,8,"09","01","SN","01","9","R8_CEQN","validation","TREEVOLUME_FIXTURES/clark_identifiers.csv","38548071d5aa652bb90c7f111f86b427f798a1c9"
"869CLKE121","clark_r8",121,8,"09","01","SN","01","9","R8_CEQN","validation","TREEVOLUME_FIXTURES/clark_identifiers.csv","38548071d5aa652bb90c7f111f86b427f798a1c9"
"869CLKE123","clark_r8",123,8,"09","01","SN","01","9","R8_CEQN","validation","TREEVOLUME_FIXTURES/clark_identifiers.csv","38548071d5aa652bb90c7f111f86b427f798a1c9"
"869CLKE126","clark_r8",126,8,"09","01","SN","01","9","R8_CEQN","validation","TREEVOLUME_FIXTURES/clark_identifiers.csv","38548071d5aa652bb90c7f111f86b427f798a1c9"
"869CLKE128","clark_r8",128,8,"09","01","SN","01","9","R8_CEQN","validation","TREEVOLUME_FIXTURES/clark_identifiers.csv","38548071d5aa652bb90c7f111f86b427f798a1c9"
"869CLKE129","clark_r8",129,8,"09","01","SN","01","9","R8_CEQN","validation","TREEVOLUME_FIXTURES/clark_identifiers.csv","38548071d5aa652bb90c7f111f86b427f798a1c9"
"869CLKE131","clark_r8",131,8,"09","01","SN","01","9","R8_CEQN","validation","TREEVOLUME_FIXTURES/clark_identifiers.csv","38548071d5aa652bb90c7f111f86b427f798a1c9"
"869CLKE132","clark_r8",132,8,"09","01","SN","01","9","R8_CEQN","validation","TREEVOLUME_FIXTURES/clark_identifiers.csv","38548071d5aa652bb90c7f111f86b427f798a1c9"
"869CLKE197","clark_r8",197,8,"09","01","SN","01","9","R8_CEQN","validation","TREEVOLUME_FIXTURES/clark_identifiers.csv","38548071d5aa652bb90c7f111f86b427f798a1c9"
"869CLKE221","clark_r8",221,8,"09","01","SN","01","9","R8_CEQN","validation","TREEVOLUME_FIXTURES/clark_identifiers.csv","38548071d5aa652bb90c7f111f86b427f798a1c9"
"869CLKE222","clark_r8",222,8,"09","01","SN","01","9","R8_CEQN","validation","TREEVOLUME_FIXTURES/clark_identifiers.csv","38548071d5aa652bb90c7f111f86b427f798a1c9"
"869CLKE261","clark_r8",261,8,"09","01","SN","01","9","R8_CEQN","validation","TREEVOLUME_FIXTURES/clark_identifiers.csv","38548071d5aa652bb90c7f111f86b427f798a1c9"
"869CLKE300","clark_r8",300,8,"09","01","SN","01","9","R8_CEQN","validation","TREEVOLUME_FIXTURES/clark_identifiers.csv","38548071d5aa652bb90c7f111f86b427f798a1c9"
"869CLKE313","clark_r8",313,8,"09","01","SN","01","9","R8_CEQN","validation","TREEVOLUME_FIXTURES/clark_identifiers.csv","38548071d5aa652bb90c7f111f86b427f798a1c9"
"869CLKE314","clark_r8",314,8,"09","01","SN","01","9","R8_CEQN","validation","TREEVOLUME_FIXTURES/clark_identifiers.csv","38548071d5aa652bb90c7f111f86b427f798a1c9"
"869CLKE316","clark_r8",316,8,"09","01","SN","01","9","R8_CEQN","validation","TREEVOLUME_FIXTURES/clark_identifiers.csv","38548071d5aa652bb90c7f111f86b427f798a1c9"
"869CLKE317","clark_r8",317,8,"09","01","SN","01","9","R8_CEQN","validation","TREEVOLUME_FIXTURES/clark_identifiers.csv","38548071d5aa652bb90c7f111f86b427f798a1c9"
"869CLKE318","clark_r8",318,8,"09","01","SN","01","9","R8_CEQN","validation","TREEVOLUME_FIXTURES/clark_identifiers.csv","38548071d5aa652bb90c7f111f86b427f798a1c9"
"869CLKE330","clark_r8",330,8,"09","01","SN","01","9","R8_CEQN","validation","TREEVOLUME_FIXTURES/clark_identifiers.csv","38548071d5aa652bb90c7f111f86b427f798a1c9"
"869CLKE370","clark_r8",370,8,"09","01","SN","01","9","R8_CEQN","validation","TREEVOLUME_FIXTURES/clark_identifiers.csv","38548071d5aa652bb90c7f111f86b427f798a1c9"
"869CLKE400","clark_r8",400,8,"09","01","SN","01","9","R8_CEQN","validation","TREEVOLUME_FIXTURES/clark_identifiers.csv","38548071d5aa652bb90c7f111f86b427f798a1c9"
"869CLKE404","clark_r8",404,8,"09","01","SN","01","9","R8_CEQN","validation","TREEVOLUME_FIXTURES/clark_identifiers.csv","38548071d5aa652bb90c7f111f86b427f798a1c9"
"869CLKE460","clark_r8",460,8,"09","01","SN","01","9","R8_CEQN","validation","TREEVOLUME_FIXTURES/clark_identifiers.csv","38548071d5aa652bb90c7f111f86b427f798a1c9"
"869CLKE500","clark_r8",500,8,"09","01","SN","01","9","R8_CEQN","validation","TREEVOLUME_FIXTURES/clark_identifiers.csv","38548071d5aa652bb90c7f111f86b427f798a1c9"
"869CLKE521","clark_r8",521,8,"09","01","SN","01","9","R8_CEQN","validation","TREEVOLUME_FIXTURES/clark_identifiers.csv","38548071d5aa652bb90c7f111f86b427f798a1c9"
"869CLKE531","clark_r8",531,8,"09","01","SN","01","9","R8_CEQN","validation","TREEVOLUME_FIXTURES/clark_identifiers.csv","38548071d5aa652bb90c7f111f86b427f798a1c9"
"869CLKE541","clark_r8",541,8,"09","01","SN","01","9","R8_CEQN","validation","TREEVOLUME_FIXTURES/clark_identifiers.csv","38548071d5aa652bb90c7f111f86b427f798a1c9"
"869CLKE544","clark_r8",544,8,"09","01","SN","01","9","R8_CEQN","validation","TREEVOLUME_FIXTURES/clark_identifiers.csv","38548071d5aa652bb90c7f111f86b427f798a1c9"
"869CLKE545","clark_r8",545,8,"09","01","SN","01","9","R8_CEQN","validation","TREEVOLUME_FIXTURES/clark_identifiers.csv","38548071d5aa652bb90c7f111f86b427f798a1c9"
"869CLKE546","clark_r8",546,8,"09","01","SN","01","9","R8_CEQN","validation","TREEVOLUME_FIXTURES/clark_identifiers.csv","38548071d5aa652bb90c7f111f86b427f798a1c9"
"869CLKE550","clark_r8",550,8,"09","01","SN","01","9","R8_CEQN","validation","TREEVOLUME_FIXTURES/clark_identifiers.csv","38548071d5aa652bb90c7f111f86b427f798a1c9"
"869CLKE580","clark_r8",580,8,"09","01","SN","01","9","R8_CEQN","validation","TREEVOLUME_FIXTURES/clark_identifiers.csv","38548071d5aa652bb90c7f111f86b427f798a1c9"
"869CLKE601","clark_r8",601,8,"09","01","SN","01","9","R8_CEQN","validation","TREEVOLUME_FIXTURES/clark_identifiers.csv","38548071d5aa652bb90c7f111f86b427f798a1c9"
"869CLKE602","clark_r8",602,8,"09","01","SN","01","9","R8_CEQN","validation","TREEVOLUME_FIXTURES/clark_identifiers.csv","38548071d5aa652bb90c7f111f86b427f798a1c9"
"869CLKE611","clark_r8",611,8,"09","01","SN","01","9","R8_CEQN","validation","TREEVOLUME_FIXTURES/clark_identifiers.csv","38548071d5aa652bb90c7f111f86b427f798a1c9"
"869CLKE621","clark_r8",621,8,"09","01","SN","01","9","R8_CEQN","validation","TREEVOLUME_FIXTURES/clark_identifiers.csv","38548071d5aa652bb90c7f111f86b427f798a1c9"
"869CLKE650","clark_r8",650,8,"09","01","SN","01","9","R8_CEQN","validation","TREEVOLUME_FIXTURES/clark_identifiers.csv","38548071d5aa652bb90c7f111f86b427f798a1c9"
"869CLKE651","clark_r8",651,8,"09","01","SN","01","9","R8_CEQN","validation","TREEVOLUME_FIXTURES/clark_identifiers.csv","38548071d5aa652bb90c7f111f86b427f798a1c9"
"869CLKE652","clark_r8",652,8,"09","01","SN","01","9","R8_CEQN","validation","TREEVOLUME_FIXTURES/clark_identifiers.csv","38548071d5aa652bb90c7f111f86b427f798a1c9"
"869CLKE653","clark_r8",653,8,"09","01","SN","01","9","R8_CEQN","validation","TREEVOLUME_FIXTURES/clark_identifiers.csv","38548071d5aa652bb90c7f111f86b427f798a1c9"
"869CLKE691","clark_r8",691,8,"09","01","SN","01","9","R8_CEQN","validation","TREEVOLUME_FIXTURES/clark_identifiers.csv","38548071d5aa652bb90c7f111f86b427f798a1c9"
"869CLKE693","clark_r8",693,8,"09","01","SN","01","9","R8_CEQN","validation","TREEVOLUME_FIXTURES/clark_identifiers.csv","38548071d5aa652bb90c7f111f86b427f798a1c9"
"869CLKE694","clark_r8",694,8,"09","01","SN","01","9","R8_CEQN","validation","TREEVOLUME_FIXTURES/clark_identifiers.csv","38548071d5aa652bb90c7f111f86b427f798a1c9"
"869CLKE711","clark_r8",711,8,"09","01","SN","01","9","R8_CEQN","validation","TREEVOLUME_FIXTURES/clark_identifiers.csv","38548071d5aa652bb90c7f111f86b427f798a1c9"
"869CLKE731","clark_r8",731,8,"09","01","SN","01","9","R8_CEQN","validation","TREEVOLUME_FIXTURES/clark_identifiers.csv","38548071d5aa652bb90c7f111f86b427f798a1c9"
"869CLKE742","clark_r8",742,8,"09","01","SN","01","9","R8_CEQN","validation","TREEVOLUME_FIXTURES/clark_identifiers.csv","38548071d5aa652bb90c7f111f86b427f798a1c9"
"869CLKE762","clark_r8",762,8,"09","01","SN","01","9","R8_CEQN","validation","TREEVOLUME_FIXTURES/clark_identifiers.csv","38548071d5aa652bb90c7f111f86b427f798a1c9"
"869CLKE800","clark_r8",800,8,"09","01","SN","01","9","R8_CEQN","validation","TREEVOLUME_FIXTURES/clark_identifiers.csv","38548071d5aa652bb90c7f111f86b427f798a1c9"
"869CLKE802","clark_r8",802,8,"09","01","SN","01","9","R8_CEQN","validation","TREEVOLUME_FIXTURES/clark_identifiers.csv","38548071d5aa652bb90c7f111f86b427f798a1c9"
"869CLKE804","clark_r8",804,8,"09","01","SN","01","9","R8_CEQN","validation","TREEVOLUME_FIXTURES/clark_identifiers.csv","38548071d5aa652bb90c7f111f86b427f798a1c9"
"869CLKE806","clark_r8",806,8,"09","01","SN","01","9","R8_CEQN","validation","TREEVOLUME_FIXTURES/clark_identifiers.csv","38548071d5aa652bb90c7f111f86b427f798a1c9"
"869CLKE812","clark_r8",812,8,"09","01","SN","01","9","R8_CEQN","validation","TREEVOLUME_FIXTURES/clark_identifiers.csv","38548071d5aa652bb90c7f111f86b427f798a1c9"
"869CLKE813","clark_r8",813,8,"09","01","SN","01","9","R8_CEQN","validation","TREEVOLUME_FIXTURES/clark_identifiers.csv","38548071d5aa652bb90c7f111f86b427f798a1c9"
"869CLKE817","clark_r8",817,8,"09","01","SN","01","9","R8_CEQN","validation","TREEVOLUME_FIXTURES/clark_identifiers.csv","38548071d5aa652bb90c7f111f86b427f798a1c9"
"869CLKE820","clark_r8",820,8,"09","01","SN","01","9","R8_CEQN","validation","TREEVOLUME_FIXTURES/clark_identifiers.csv","38548071d5aa652bb90c7f111f86b427f798a1c9"
"869CLKE822","clark_r8",822,8,"09","01","SN","01","9","R8_CEQN","validation","TREEVOLUME_FIXTURES/clark_identifiers.csv","38548071d5aa652bb90c7f111f86b427f798a1c9"
"869CLKE823","clark_r8",823,8,"09","01","SN","01","9","R8_CEQN","validation","TREEVOLUME_FIXTURES/clark_identifiers.csv","38548071d5aa652bb90c7f111f86b427f798a1c9"
"869CLKE825","clark_r8",825,8,"09","01","SN","01","9","R8_CEQN","validation","TREEVOLUME_FIXTURES/clark_identifiers.csv","38548071d5aa652bb90c7f111f86b427f798a1c9"
"869CLKE826","clark_r8",826,8,"09","01","SN","01","9","R8_CEQN","validation","TREEVOLUME_FIXTURES/clark_identifiers.csv","38548071d5aa652bb90c7f111f86b427f798a1c9"
"869CLKE827","clark_r8",827,8,"09","01","SN","01","9","R8_CEQN","validation","TREEVOLUME_FIXTURES/clark_identifiers.csv","38548071d5aa652bb90c7f111f86b427f798a1c9"
"869CLKE828","clark_r8",828,8,"09","01","SN","01","9","R8_CEQN","validation","TREEVOLUME_FIXTURES/clark_identifiers.csv","38548071d5aa652bb90c7f111f86b427f798a1c9"
"869CLKE830","clark_r8",830,8,"09","01","SN","01","9","R8_CEQN","validation","TREEVOLUME_FIXTURES/clark_identifiers.csv","38548071d5aa652bb90c7f111f86b427f798a1c9"
"869CLKE831","clark_r8",831,8,"09","01","SN","01","9","R8_CEQN","validation","TREEVOLUME_FIXTURES/clark_identifiers.csv","38548071d5aa652bb90c7f111f86b427f798a1c9"
"869CLKE832","clark_r8",832,8,"09","01","SN","01","9","R8_CEQN","validation","TREEVOLUME_FIXTURES/clark_identifiers.csv","38548071d5aa652bb90c7f111f86b427f798a1c9"
"869CLKE833","clark_r8",833,8,"09","01","SN","01","9","R8_CEQN","validation","TREEVOLUME_FIXTURES/clark_identifiers.csv","38548071d5aa652bb90c7f111f86b427f798a1c9"
"869CLKE834","clark_r8",834,8,"09","01","SN","01","9","R8_CEQN","validation","TREEVOLUME_FIXTURES/clark_identifiers.csv","38548071d5aa652bb90c7f111f86b427f798a1c9"
"869CLKE835","clark_r8",835,8,"09","01","SN","01","9","R8_CEQN","validation","TREEVOLUME_FIXTURES/clark_identifiers.csv","38548071d5aa652bb90c7f111f86b427f798a1c9"
"869CLKE837","clark_r8",837,8,"09","01","SN","01","9","R8_CEQN","validation","TREEVOLUME_FIXTURES/clark_identifiers.csv","38548071d5aa652bb90c7f111f86b427f798a1c9"
"869CLKE901","clark_r8",901,8,"09","01","SN","01","9","R8_CEQN","validation","TREEVOLUME_FIXTURES/clark_identifiers.csv","38548071d5aa652bb90c7f111f86b427f798a1c9"
"869CLKE920","clark_r8",920,8,"09","01","SN","01","9","R8_CEQN","validation","TREEVOLUME_FIXTURES/clark_identifiers.csv","38548071d5aa652bb90c7f111f86b427f798a1c9"
"869CLKE930","clark_r8",930,8,"09","01","SN","01","9","R8_CEQN","validation","TREEVOLUME_FIXTURES/clark_identifiers.csv","38548071d5aa652bb90c7f111f86b427f798a1c9"
"869CLKE950","clark_r8",950,8,"09","01","SN","01","9","R8_CEQN","validation","TREEVOLUME_FIXTURES/clark_identifiers.csv","38548071d5aa652bb90c7f111f86b427f798a1c9"
"869CLKE970","clark_r8",970,8,"09","01","SN","01","9","R8_CEQN","validation","TREEVOLUME_FIXTURES/clark_identifiers.csv","38548071d5aa652bb90c7f111f86b427f798a1c9"
"874CLKE100","clark_r8",100,8,"07","06","SN","01","4","R8_CEQN","validation","TREEVOLUME_FIXTURES/clark_identifiers.csv","38548071d5aa652bb90c7f111f86b427f798a1c9"
"874CLKE107","clark_r8",107,8,"07","06","SN","01","4","R8_CEQN","validation","TREEVOLUME_FIXTURES/clark_identifiers.csv","38548071d5aa652bb90c7f111f86b427f798a1c9"
"874CLKE110","clark_r8",110,8,"07","06","SN","01","4","R8_CEQN","validation","TREEVOLUME_FIXTURES/clark_identifiers.csv","38548071d5aa652bb90c7f111f86b427f798a1c9"
"874CLKE111","clark_r8",111,8,"07","06","SN","01","4","R8_CEQN","validation","TREEVOLUME_FIXTURES/clark_identifiers.csv","38548071d5aa652bb90c7f111f86b427f798a1c9"
"874CLKE115","clark_r8",115,8,"07","06","SN","01","4","R8_CEQN","validation","TREEVOLUME_FIXTURES/clark_identifiers.csv","38548071d5aa652bb90c7f111f86b427f798a1c9"
"874CLKE121","clark_r8",121,8,"07","06","SN","01","4","R8_CEQN","validation","TREEVOLUME_FIXTURES/clark_identifiers.csv","38548071d5aa652bb90c7f111f86b427f798a1c9"
"874CLKE123","clark_r8",123,8,"07","06","SN","01","4","R8_CEQN","validation","TREEVOLUME_FIXTURES/clark_identifiers.csv","38548071d5aa652bb90c7f111f86b427f798a1c9"
"874CLKE126","clark_r8",126,8,"07","06","SN","01","4","R8_CEQN","validation","TREEVOLUME_FIXTURES/clark_identifiers.csv","38548071d5aa652bb90c7f111f86b427f798a1c9"
"874CLKE128","clark_r8",128,8,"07","06","SN","01","4","R8_CEQN","validation","TREEVOLUME_FIXTURES/clark_identifiers.csv","38548071d5aa652bb90c7f111f86b427f798a1c9"
"874CLKE129","clark_r8",129,8,"07","06","SN","01","4","R8_CEQN","validation","TREEVOLUME_FIXTURES/clark_identifiers.csv","38548071d5aa652bb90c7f111f86b427f798a1c9"
"874CLKE131","clark_r8",131,8,"07","06","SN","01","4","R8_CEQN","validation","TREEVOLUME_FIXTURES/clark_identifiers.csv","38548071d5aa652bb90c7f111f86b427f798a1c9"
"874CLKE132","clark_r8",132,8,"07","06","SN","01","4","R8_CEQN","validation","TREEVOLUME_FIXTURES/clark_identifiers.csv","38548071d5aa652bb90c7f111f86b427f798a1c9"
"874CLKE197","clark_r8",197,8,"07","06","SN","01","4","R8_CEQN","validation","TREEVOLUME_FIXTURES/clark_identifiers.csv","38548071d5aa652bb90c7f111f86b427f798a1c9"
"874CLKE221","clark_r8",221,8,"07","06","SN","01","4","R8_CEQN","validation","TREEVOLUME_FIXTURES/clark_identifiers.csv","38548071d5aa652bb90c7f111f86b427f798a1c9"
"874CLKE222","clark_r8",222,8,"07","06","SN","01","4","R8_CEQN","validation","TREEVOLUME_FIXTURES/clark_identifiers.csv","38548071d5aa652bb90c7f111f86b427f798a1c9"
"874CLKE261","clark_r8",261,8,"07","06","SN","01","4","R8_CEQN","validation","TREEVOLUME_FIXTURES/clark_identifiers.csv","38548071d5aa652bb90c7f111f86b427f798a1c9"
"874CLKE300","clark_r8",300,8,"07","06","SN","01","4","R8_CEQN","validation","TREEVOLUME_FIXTURES/clark_identifiers.csv","38548071d5aa652bb90c7f111f86b427f798a1c9"
"874CLKE313","clark_r8",313,8,"07","06","SN","01","4","R8_CEQN","validation","TREEVOLUME_FIXTURES/clark_identifiers.csv","38548071d5aa652bb90c7f111f86b427f798a1c9"
"874CLKE314","clark_r8",314,8,"07","06","SN","01","4","R8_CEQN","validation","TREEVOLUME_FIXTURES/clark_identifiers.csv","38548071d5aa652bb90c7f111f86b427f798a1c9"
"874CLKE316","clark_r8",316,8,"07","06","SN","01","4","R8_CEQN","validation","TREEVOLUME_FIXTURES/clark_identifiers.csv","38548071d5aa652bb90c7f111f86b427f798a1c9"
"874CLKE317","clark_r8",317,8,"07","06","SN","01","4","R8_CEQN","validation","TREEVOLUME_FIXTURES/clark_identifiers.csv","38548071d5aa652bb90c7f111f86b427f798a1c9"
"874CLKE318","clark_r8",318,8,"07","06","SN","01","4","R8_CEQN","validation","TREEVOLUME_FIXTURES/clark_identifiers.csv","38548071d5aa652bb90c7f111f86b427f798a1c9"
"874CLKE330","clark_r8",330,8,"07","06","SN","01","4","R8_CEQN","validation","TREEVOLUME_FIXTURES/clark_identifiers.csv","38548071d5aa652bb90c7f111f86b427f798a1c9"
"874CLKE370","clark_r8",370,8,"07","06","SN","01","4","R8_CEQN","validation","TREEVOLUME_FIXTURES/clark_identifiers.csv","38548071d5aa652bb90c7f111f86b427f798a1c9"
"874CLKE400","clark_r8",400,8,"07","06","SN","01","4","R8_CEQN","validation","TREEVOLUME_FIXTURES/clark_identifiers.csv","38548071d5aa652bb90c7f111f86b427f798a1c9"
"874CLKE404","clark_r8",404,8,"07","06","SN","01","4","R8_CEQN","validation","TREEVOLUME_FIXTURES/clark_identifiers.csv","38548071d5aa652bb90c7f111f86b427f798a1c9"
"874CLKE460","clark_r8",460,8,"07","06","SN","01","4","R8_CEQN","validation","TREEVOLUME_FIXTURES/clark_identifiers.csv","38548071d5aa652bb90c7f111f86b427f798a1c9"
"874CLKE500","clark_r8",500,8,"07","06","SN","01","4","R8_CEQN","validation","TREEVOLUME_FIXTURES/clark_identifiers.csv","38548071d5aa652bb90c7f111f86b427f798a1c9"
"874CLKE521","clark_r8",521,8,"07","06","SN","01","4","R8_CEQN","validation","TREEVOLUME_FIXTURES/clark_identifiers.csv","38548071d5aa652bb90c7f111f86b427f798a1c9"
"874CLKE531","clark_r8",531,8,"07","06","SN","01","4","R8_CEQN","validation","TREEVOLUME_FIXTURES/clark_identifiers.csv","38548071d5aa652bb90c7f111f86b427f798a1c9"
"874CLKE541","clark_r8",541,8,"07","06","SN","01","4","R8_CEQN","validation","TREEVOLUME_FIXTURES/clark_identifiers.csv","38548071d5aa652bb90c7f111f86b427f798a1c9"
"874CLKE544","clark_r8",544,8,"07","06","SN","01","4","R8_CEQN","validation","TREEVOLUME_FIXTURES/clark_identifiers.csv","38548071d5aa652bb90c7f111f86b427f798a1c9"
"874CLKE545","clark_r8",545,8,"07","06","SN","01","4","R8_CEQN","validation","TREEVOLUME_FIXTURES/clark_identifiers.csv","38548071d5aa652bb90c7f111f86b427f798a1c9"
"874CLKE546","clark_r8",546,8,"07","06","SN","01","4","R8_CEQN","validation","TREEVOLUME_FIXTURES/clark_identifiers.csv","38548071d5aa652bb90c7f111f86b427f798a1c9"
"874CLKE550","clark_r8",550,8,"07","06","SN","01","4","R8_CEQN","validation","TREEVOLUME_FIXTURES/clark_identifiers.csv","38548071d5aa652bb90c7f111f86b427f798a1c9"
"874CLKE580","clark_r8",580,8,"07","06","SN","01","4","R8_CEQN","validation","TREEVOLUME_FIXTURES/clark_identifiers.csv","38548071d5aa652bb90c7f111f86b427f798a1c9"
"874CLKE601","clark_r8",601,8,"07","06","SN","01","4","R8_CEQN","validation","TREEVOLUME_FIXTURES/clark_identifiers.csv","38548071d5aa652bb90c7f111f86b427f798a1c9"
"874CLKE602","clark_r8",602,8,"07","06","SN","01","4","R8_CEQN","validation","TREEVOLUME_FIXTURES/clark_identifiers.csv","38548071d5aa652bb90c7f111f86b427f798a1c9"
"874CLKE611","clark_r8",611,8,"07","06","SN","01","4","R8_CEQN","validation","TREEVOLUME_FIXTURES/clark_identifiers.csv","38548071d5aa652bb90c7f111f86b427f798a1c9"
"874CLKE621","clark_r8",621,8,"07","06","SN","01","4","R8_CEQN","validation","TREEVOLUME_FIXTURES/clark_identifiers.csv","38548071d5aa652bb90c7f111f86b427f798a1c9"
"874CLKE650","clark_r8",650,8,"07","06","SN","01","4","R8_CEQN","validation","TREEVOLUME_FIXTURES/clark_identifiers.csv","38548071d5aa652bb90c7f111f86b427f798a1c9"
"874CLKE651","clark_r8",651,8,"07","06","SN","01","4","R8_CEQN","validation","TREEVOLUME_FIXTURES/clark_identifiers.csv","38548071d5aa652bb90c7f111f86b427f798a1c9"
"874CLKE652","clark_r8",652,8,"07","06","SN","01","4","R8_CEQN","validation","TREEVOLUME_FIXTURES/clark_identifiers.csv","38548071d5aa652bb90c7f111f86b427f798a1c9"
"874CLKE653","clark_r8",653,8,"07","06","SN","01","4","R8_CEQN","validation","TREEVOLUME_FIXTURES/clark_identifiers.csv","38548071d5aa652bb90c7f111f86b427f798a1c9"
"874CLKE691","clark_r8",691,8,"07","06","SN","01","4","R8_CEQN","validation","TREEVOLUME_FIXTURES/clark_identifiers.csv","38548071d5aa652bb90c7f111f86b427f798a1c9"
"874CLKE693","clark_r8",693,8,"07","06","SN","01","4","R8_CEQN","validation","TREEVOLUME_FIXTURES/clark_identifiers.csv","38548071d5aa652bb90c7f111f86b427f798a1c9"
"874CLKE694","clark_r8",694,8,"07","06","SN","01","4","R8_CEQN","validation","TREEVOLUME_FIXTURES/clark_identifiers.csv","38548071d5aa652bb90c7f111f86b427f798a1c9"
"874CLKE711","clark_r8",711,8,"07","06","SN","01","4","R8_CEQN","validation","TREEVOLUME_FIXTURES/clark_identifiers.csv","38548071d5aa652bb90c7f111f86b427f798a1c9"
"874CLKE731","clark_r8",731,8,"07","06","SN","01","4","R8_CEQN","validation","TREEVOLUME_FIXTURES/clark_identifiers.csv","38548071d5aa652bb90c7f111f86b427f798a1c9"
"874CLKE742","clark_r8",742,8,"07","06","SN","01","4","R8_CEQN","validation","TREEVOLUME_FIXTURES/clark_identifiers.csv","38548071d5aa652bb90c7f111f86b427f798a1c9"
"874CLKE762","clark_r8",762,8,"07","06","SN","01","4","R8_CEQN","validation","TREEVOLUME_FIXTURES/clark_identifiers.csv","38548071d5aa652bb90c7f111f86b427f798a1c9"
"874CLKE800","clark_r8",800,8,"07","06","SN","01","4","R8_CEQN","validation","TREEVOLUME_FIXTURES/clark_identifiers.csv","38548071d5aa652bb90c7f111f86b427f798a1c9"
"874CLKE802","clark_r8",802,8,"07","06","SN","01","4","R8_CEQN","validation","TREEVOLUME_FIXTURES/clark_identifiers.csv","38548071d5aa652bb90c7f111f86b427f798a1c9"
"874CLKE804","clark_r8",804,8,"07","06","SN","01","4","R8_CEQN","validation","TREEVOLUME_FIXTURES/clark_identifiers.csv","38548071d5aa652bb90c7f111f86b427f798a1c9"
"874CLKE806","clark_r8",806,8,"07","06","SN","01","4","R8_CEQN","validation","TREEVOLUME_FIXTURES/clark_identifiers.csv","38548071d5aa652bb90c7f111f86b427f798a1c9"
"874CLKE812","clark_r8",812,8,"07","06","SN","01","4","R8_CEQN","validation","TREEVOLUME_FIXTURES/clark_identifiers.csv","38548071d5aa652bb90c7f111f86b427f798a1c9"
"874CLKE813","clark_r8",813,8,"07","06","SN","01","4","R8_CEQN","validation","TREEVOLUME_FIXTURES/clark_identifiers.csv","38548071d5aa652bb90c7f111f86b427f798a1c9"
"874CLKE817","clark_r8",817,8,"07","06","SN","01","4","R8_CEQN","validation","TREEVOLUME_FIXTURES/clark_identifiers.csv","38548071d5aa652bb90c7f111f86b427f798a1c9"
"874CLKE820","clark_r8",820,8,"07","06","SN","01","4","R8_CEQN","validation","TREEVOLUME_FIXTURES/clark_identifiers.csv","38548071d5aa652bb90c7f111f86b427f798a1c9"
"874CLKE822","clark_r8",822,8,"07","06","SN","01","4","R8_CEQN","validation","TREEVOLUME_FIXTURES/clark_identifiers.csv","38548071d5aa652bb90c7f111f86b427f798a1c9"
"874CLKE823","clark_r8",823,8,"07","06","SN","01","4","R8_CEQN","validation","TREEVOLUME_FIXTURES/clark_identifiers.csv","38548071d5aa652bb90c7f111f86b427f798a1c9"
"874CLKE825","clark_r8",825,8,"07","06","SN","01","4","R8_CEQN","validation","TREEVOLUME_FIXTURES/clark_identifiers.csv","38548071d5aa652bb90c7f111f86b427f798a1c9"
"874CLKE826","clark_r8",826,8,"07","06","SN","01","4","R8_CEQN","validation","TREEVOLUME_FIXTURES/clark_identifiers.csv","38548071d5aa652bb90c7f111f86b427f798a1c9"
"874CLKE827","clark_r8",827,8,"07","06","SN","01","4","R8_CEQN","validation","TREEVOLUME_FIXTURES/clark_identifiers.csv","38548071d5aa652bb90c7f111f86b427f798a1c9"
"874CLKE828","clark_r8",828,8,"07","06","SN","01","4","R8_CEQN","validation","TREEVOLUME_FIXTURES/clark_identifiers.csv","38548071d5aa652bb90c7f111f86b427f798a1c9"
"874CLKE830","clark_r8",830,8,"07","06","SN","01","4","R8_CEQN","validation","TREEVOLUME_FIXTURES/clark_identifiers.csv","38548071d5aa652bb90c7f111f86b427f798a1c9"
"874CLKE831","clark_r8",831,8,"07","06","SN","01","4","R8_CEQN","validation","TREEVOLUME_FIXTURES/clark_identifiers.csv","38548071d5aa652bb90c7f111f86b427f798a1c9"
"874CLKE832","clark_r8",832,8,"07","06","SN","01","4","R8_CEQN","validation","TREEVOLUME_FIXTURES/clark_identifiers.csv","38548071d5aa652bb90c7f111f86b427f798a1c9"
"874CLKE833","clark_r8",833,8,"07","06","SN","01","4","R8_CEQN","validation","TREEVOLUME_FIXTURES/clark_identifiers.csv","38548071d5aa652bb90c7f111f86b427f798a1c9"
"874CLKE834","clark_r8",834,8,"07","06","SN","01","4","R8_CEQN","validation","TREEVOLUME_FIXTURES/clark_identifiers.csv","38548071d5aa652bb90c7f111f86b427f798a1c9"
"874CLKE835","clark_r8",835,8,"07","06","SN","01","4","R8_CEQN","validation","TREEVOLUME_FIXTURES/clark_identifiers.csv","38548071d5aa652bb90c7f111f86b427f798a1c9"
"874CLKE837","clark_r8",837,8,"07","06","SN","01","4","R8_CEQN","validation","TREEVOLUME_FIXTURES/clark_identifiers.csv","38548071d5aa652bb90c7f111f86b427f798a1c9"
"874CLKE901","clark_r8",901,8,"07","06","SN","01","4","R8_CEQN","validation","TREEVOLUME_FIXTURES/clark_identifiers.csv","38548071d5aa652bb90c7f111f86b427f798a1c9"
"874CLKE920","clark_r8",920,8,"07","06","SN","01","4","R8_CEQN","validation","TREEVOLUME_FIXTURES/clark_identifiers.csv","38548071d5aa652bb90c7f111f86b427f798a1c9"
"874CLKE930","clark_r8",930,8,"07","06","SN","01","4","R8_CEQN","validation","TREEVOLUME_FIXTURES/clark_identifiers.csv","38548071d5aa652bb90c7f111f86b427f798a1c9"
"874CLKE950","clark_r8",950,8,"07","06","SN","01","4","R8_CEQN","validation","TREEVOLUME_FIXTURES/clark_identifiers.csv","38548071d5aa652bb90c7f111f86b427f798a1c9"
"874CLKE970","clark_r8",970,8,"07","06","SN","01","4","R8_CEQN","validation","TREEVOLUME_FIXTURES/clark_identifiers.csv","38548071d5aa652bb90c7f111f86b427f798a1c9"
"877CLKE100","clark_r8",100,8,"07","06","SN","01","7","R8_CEQN","validation","TREEVOLUME_FIXTURES/clark_identifiers.csv","38548071d5aa652bb90c7f111f86b427f798a1c9"
"877CLKE107","clark_r8",107,8,"07","06","SN","01","7","R8_CEQN","validation","TREEVOLUME_FIXTURES/clark_identifiers.csv","38548071d5aa652bb90c7f111f86b427f798a1c9"
"877CLKE110","clark_r8",110,8,"07","06","SN","01","7","R8_CEQN","validation","TREEVOLUME_FIXTURES/clark_identifiers.csv","38548071d5aa652bb90c7f111f86b427f798a1c9"
"877CLKE111","clark_r8",111,8,"07","06","SN","01","7","R8_CEQN","validation","TREEVOLUME_FIXTURES/clark_identifiers.csv","38548071d5aa652bb90c7f111f86b427f798a1c9"
"877CLKE115","clark_r8",115,8,"07","06","SN","01","7","R8_CEQN","validation","TREEVOLUME_FIXTURES/clark_identifiers.csv","38548071d5aa652bb90c7f111f86b427f798a1c9"
"877CLKE121","clark_r8",121,8,"07","06","SN","01","7","R8_CEQN","validation","TREEVOLUME_FIXTURES/clark_identifiers.csv","38548071d5aa652bb90c7f111f86b427f798a1c9"
"877CLKE123","clark_r8",123,8,"07","06","SN","01","7","R8_CEQN","validation","TREEVOLUME_FIXTURES/clark_identifiers.csv","38548071d5aa652bb90c7f111f86b427f798a1c9"
"877CLKE126","clark_r8",126,8,"07","06","SN","01","7","R8_CEQN","validation","TREEVOLUME_FIXTURES/clark_identifiers.csv","38548071d5aa652bb90c7f111f86b427f798a1c9"
"877CLKE128","clark_r8",128,8,"07","06","SN","01","7","R8_CEQN","validation","TREEVOLUME_FIXTURES/clark_identifiers.csv","38548071d5aa652bb90c7f111f86b427f798a1c9"
"877CLKE129","clark_r8",129,8,"07","06","SN","01","7","R8_CEQN","validation","TREEVOLUME_FIXTURES/clark_identifiers.csv","38548071d5aa652bb90c7f111f86b427f798a1c9"
"877CLKE131","clark_r8",131,8,"07","06","SN","01","7","R8_CEQN","validation","TREEVOLUME_FIXTURES/clark_identifiers.csv","38548071d5aa652bb90c7f111f86b427f798a1c9"
"877CLKE132","clark_r8",132,8,"07","06","SN","01","7","R8_CEQN","validation","TREEVOLUME_FIXTURES/clark_identifiers.csv","38548071d5aa652bb90c7f111f86b427f798a1c9"
"877CLKE197","clark_r8",197,8,"07","06","SN","01","7","R8_CEQN","validation","TREEVOLUME_FIXTURES/clark_identifiers.csv","38548071d5aa652bb90c7f111f86b427f798a1c9"
"877CLKE221","clark_r8",221,8,"07","06","SN","01","7","R8_CEQN","validation","TREEVOLUME_FIXTURES/clark_identifiers.csv","38548071d5aa652bb90c7f111f86b427f798a1c9"
"877CLKE222","clark_r8",222,8,"07","06","SN","01","7","R8_CEQN","validation","TREEVOLUME_FIXTURES/clark_identifiers.csv","38548071d5aa652bb90c7f111f86b427f798a1c9"
"877CLKE261","clark_r8",261,8,"07","06","SN","01","7","R8_CEQN","validation","TREEVOLUME_FIXTURES/clark_identifiers.csv","38548071d5aa652bb90c7f111f86b427f798a1c9"
"877CLKE300","clark_r8",300,8,"07","06","SN","01","7","R8_CEQN","validation","TREEVOLUME_FIXTURES/clark_identifiers.csv","38548071d5aa652bb90c7f111f86b427f798a1c9"
"877CLKE313","clark_r8",313,8,"07","06","SN","01","7","R8_CEQN","validation","TREEVOLUME_FIXTURES/clark_identifiers.csv","38548071d5aa652bb90c7f111f86b427f798a1c9"
"877CLKE314","clark_r8",314,8,"07","06","SN","01","7","R8_CEQN","validation","TREEVOLUME_FIXTURES/clark_identifiers.csv","38548071d5aa652bb90c7f111f86b427f798a1c9"
"877CLKE316","clark_r8",316,8,"07","06","SN","01","7","R8_CEQN","validation","TREEVOLUME_FIXTURES/clark_identifiers.csv","38548071d5aa652bb90c7f111f86b427f798a1c9"
"877CLKE317","clark_r8",317,8,"07","06","SN","01","7","R8_CEQN","validation","TREEVOLUME_FIXTURES/clark_identifiers.csv","38548071d5aa652bb90c7f111f86b427f798a1c9"
"877CLKE318","clark_r8",318,8,"07","06","SN","01","7","R8_CEQN","validation","TREEVOLUME_FIXTURES/clark_identifiers.csv","38548071d5aa652bb90c7f111f86b427f798a1c9"
"877CLKE330","clark_r8",330,8,"07","06","SN","01","7","R8_CEQN","validation","TREEVOLUME_FIXTURES/clark_identifiers.csv","38548071d5aa652bb90c7f111f86b427f798a1c9"
"877CLKE370","clark_r8",370,8,"07","06","SN","01","7","R8_CEQN","validation","TREEVOLUME_FIXTURES/clark_identifiers.csv","38548071d5aa652bb90c7f111f86b427f798a1c9"
"877CLKE400","clark_r8",400,8,"07","06","SN","01","7","R8_CEQN","validation","TREEVOLUME_FIXTURES/clark_identifiers.csv","38548071d5aa652bb90c7f111f86b427f798a1c9"
"877CLKE404","clark_r8",404,8,"07","06","SN","01","7","R8_CEQN","validation","TREEVOLUME_FIXTURES/clark_identifiers.csv","38548071d5aa652bb90c7f111f86b427f798a1c9"
"877CLKE460","clark_r8",460,8,"07","06","SN","01","7","R8_CEQN","validation","TREEVOLUME_FIXTURES/clark_identifiers.csv","38548071d5aa652bb90c7f111f86b427f798a1c9"
"877CLKE500","clark_r8",500,8,"07","06","SN","01","7","R8_CEQN","validation","TREEVOLUME_FIXTURES/clark_identifiers.csv","38548071d5aa652bb90c7f111f86b427f798a1c9"
"877CLKE521","clark_r8",521,8,"07","06","SN","01","7","R8_CEQN","validation","TREEVOLUME_FIXTURES/clark_identifiers.csv","38548071d5aa652bb90c7f111f86b427f798a1c9"
"877CLKE531","clark_r8",531,8,"07","06","SN","01","7","R8_CEQN","validation","TREEVOLUME_FIXTURES/clark_identifiers.csv","38548071d5aa652bb90c7f111f86b427f798a1c9"
"877CLKE541","clark_r8",541,8,"07","06","SN","01","7","R8_CEQN","validation","TREEVOLUME_FIXTURES/clark_identifiers.csv","38548071d5aa652bb90c7f111f86b427f798a1c9"
"877CLKE544","clark_r8",544,8,"07","06","SN","01","7","R8_CEQN","validation","TREEVOLUME_FIXTURES/clark_identifiers.csv","38548071d5aa652bb90c7f111f86b427f798a1c9"
"877CLKE545","clark_r8",545,8,"07","06","SN","01","7","R8_CEQN","validation","TREEVOLUME_FIXTURES/clark_identifiers.csv","38548071d5aa652bb90c7f111f86b427f798a1c9"
"877CLKE546","clark_r8",546,8,"07","06","SN","01","7","R8_CEQN","validation","TREEVOLUME_FIXTURES/clark_identifiers.csv","38548071d5aa652bb90c7f111f86b427f798a1c9"
"877CLKE550","clark_r8",550,8,"07","06","SN","01","7","R8_CEQN","validation","TREEVOLUME_FIXTURES/clark_identifiers.csv","38548071d5aa652bb90c7f111f86b427f798a1c9"
"877CLKE580","clark_r8",580,8,"07","06","SN","01","7","R8_CEQN","validation","TREEVOLUME_FIXTURES/clark_identifiers.csv","38548071d5aa652bb90c7f111f86b427f798a1c9"
"877CLKE601","clark_r8",601,8,"07","06","SN","01","7","R8_CEQN","validation","TREEVOLUME_FIXTURES/clark_identifiers.csv","38548071d5aa652bb90c7f111f86b427f798a1c9"
"877CLKE602","clark_r8",602,8,"07","06","SN","01","7","R8_CEQN","validation","TREEVOLUME_FIXTURES/clark_identifiers.csv","38548071d5aa652bb90c7f111f86b427f798a1c9"
"877CLKE611","clark_r8",611,8,"07","06","SN","01","7","R8_CEQN","validation","TREEVOLUME_FIXTURES/clark_identifiers.csv","38548071d5aa652bb90c7f111f86b427f798a1c9"
"877CLKE621","clark_r8",621,8,"07","06","SN","01","7","R8_CEQN","validation","TREEVOLUME_FIXTURES/clark_identifiers.csv","38548071d5aa652bb90c7f111f86b427f798a1c9"
"877CLKE650","clark_r8",650,8,"07","06","SN","01","7","R8_CEQN","validation","TREEVOLUME_FIXTURES/clark_identifiers.csv","38548071d5aa652bb90c7f111f86b427f798a1c9"
"877CLKE651","clark_r8",651,8,"07","06","SN","01","7","R8_CEQN","validation","TREEVOLUME_FIXTURES/clark_identifiers.csv","38548071d5aa652bb90c7f111f86b427f798a1c9"
"877CLKE652","clark_r8",652,8,"07","06","SN","01","7","R8_CEQN","validation","TREEVOLUME_FIXTURES/clark_identifiers.csv","38548071d5aa652bb90c7f111f86b427f798a1c9"
"877CLKE653","clark_r8",653,8,"07","06","SN","01","7","R8_CEQN","validation","TREEVOLUME_FIXTURES/clark_identifiers.csv","38548071d5aa652bb90c7f111f86b427f798a1c9"
"877CLKE691","clark_r8",691,8,"07","06","SN","01","7","R8_CEQN","validation","TREEVOLUME_FIXTURES/clark_identifiers.csv","38548071d5aa652bb90c7f111f86b427f798a1c9"
"877CLKE693","clark_r8",693,8,"07","06","SN","01","7","R8_CEQN","validation","TREEVOLUME_FIXTURES/clark_identifiers.csv","38548071d5aa652bb90c7f111f86b427f798a1c9"
"877CLKE694","clark_r8",694,8,"07","06","SN","01","7","R8_CEQN","validation","TREEVOLUME_FIXTURES/clark_identifiers.csv","38548071d5aa652bb90c7f111f86b427f798a1c9"
"877CLKE711","clark_r8",711,8,"07","06","SN","01","7","R8_CEQN","validation","TREEVOLUME_FIXTURES/clark_identifiers.csv","38548071d5aa652bb90c7f111f86b427f798a1c9"
"877CLKE731","clark_r8",731,8,"07","06","SN","01","7","R8_CEQN","validation","TREEVOLUME_FIXTURES/clark_identifiers.csv","38548071d5aa652bb90c7f111f86b427f798a1c9"
"877CLKE742","clark_r8",742,8,"07","06","SN","01","7","R8_CEQN","validation","TREEVOLUME_FIXTURES/clark_identifiers.csv","38548071d5aa652bb90c7f111f86b427f798a1c9"
"877CLKE762","clark_r8",762,8,"07","06","SN","01","7","R8_CEQN","validation","TREEVOLUME_FIXTURES/clark_identifiers.csv","38548071d5aa652bb90c7f111f86b427f798a1c9"
"877CLKE800","clark_r8",800,8,"07","06","SN","01","7","R8_CEQN","validation","TREEVOLUME_FIXTURES/clark_identifiers.csv","38548071d5aa652bb90c7f111f86b427f798a1c9"
"877CLKE802","clark_r8",802,8,"07","06","SN","01","7","R8_CEQN","validation","TREEVOLUME_FIXTURES/clark_identifiers.csv","38548071d5aa652bb90c7f111f86b427f798a1c9"
"877CLKE804","clark_r8",804,8,"07","06","SN","01","7","R8_CEQN","validation","TREEVOLUME_FIXTURES/clark_identifiers.csv","38548071d5aa652bb90c7f111f86b427f798a1c9"
"877CLKE806","clark_r8",806,8,"07","06","SN","01","7","R8_CEQN","validation","TREEVOLUME_FIXTURES/clark_identifiers.csv","38548071d5aa652bb90c7f111f86b427f798a1c9"
"877CLKE812","clark_r8",812,8,"07","06","SN","01","7","R8_CEQN","validation","TREEVOLUME_FIXTURES/clark_identifiers.csv","38548071d5aa652bb90c7f111f86b427f798a1c9"
"877CLKE813","clark_r8",813,8,"07","06","SN","01","7","R8_CEQN","validation","TREEVOLUME_FIXTURES/clark_identifiers.csv","38548071d5aa652bb90c7f111f86b427f798a1c9"
"877CLKE817","clark_r8",817,8,"07","06","SN","01","7","R8_CEQN","validation","TREEVOLUME_FIXTURES/clark_identifiers.csv","38548071d5aa652bb90c7f111f86b427f798a1c9"
"877CLKE820","clark_r8",820,8,"07","06","SN","01","7","R8_CEQN","validation","TREEVOLUME_FIXTURES/clark_identifiers.csv","38548071d5aa652bb90c7f111f86b427f798a1c9"
"877CLKE822","clark_r8",822,8,"07","06","SN","01","7","R8_CEQN","validation","TREEVOLUME_FIXTURES/clark_identifiers.csv","38548071d5aa652bb90c7f111f86b427f798a1c9"
"877CLKE823","clark_r8",823,8,"07","06","SN","01","7","R8_CEQN","validation","TREEVOLUME_FIXTURES/clark_identifiers.csv","38548071d5aa652bb90c7f111f86b427f798a1c9"
"877CLKE825","clark_r8",825,8,"07","06","SN","01","7","R8_CEQN","validation","TREEVOLUME_FIXTURES/clark_identifiers.csv","38548071d5aa652bb90c7f111f86b427f798a1c9"
"877CLKE826","clark_r8",826,8,"07","06","SN","01","7","R8_CEQN","validation","TREEVOLUME_FIXTURES/clark_identifiers.csv","38548071d5aa652bb90c7f111f86b427f798a1c9"
"877CLKE827","clark_r8",827,8,"07","06","SN","01","7","R8_CEQN","validation","TREEVOLUME_FIXTURES/clark_identifiers.csv","38548071d5aa652bb90c7f111f86b427f798a1c9"
"877CLKE828","clark_r8",828,8,"07","06","SN","01","7","R8_CEQN","validation","TREEVOLUME_FIXTURES/clark_identifiers.csv","38548071d5aa652bb90c7f111f86b427f798a1c9"
"877CLKE830","clark_r8",830,8,"07","06","SN","01","7","R8_CEQN","validation","TREEVOLUME_FIXTURES/clark_identifiers.csv","38548071d5aa652bb90c7f111f86b427f798a1c9"
"877CLKE831","clark_r8",831,8,"07","06","SN","01","7","R8_CEQN","validation","TREEVOLUME_FIXTURES/clark_identifiers.csv","38548071d5aa652bb90c7f111f86b427f798a1c9"
"877CLKE832","clark_r8",832,8,"07","06","SN","01","7","R8_CEQN","validation","TREEVOLUME_FIXTURES/clark_identifiers.csv","38548071d5aa652bb90c7f111f86b427f798a1c9"
"877CLKE833","clark_r8",833,8,"07","06","SN","01","7","R8_CEQN","validation","TREEVOLUME_FIXTURES/clark_identifiers.csv","38548071d5aa652bb90c7f111f86b427f798a1c9"
"877CLKE834","clark_r8",834,8,"07","06","SN","01","7","R8_CEQN","validation","TREEVOLUME_FIXTURES/clark_identifiers.csv","38548071d5aa652bb90c7f111f86b427f798a1c9"
"877CLKE835","clark_r8",835,8,"07","06","SN","01","7","R8_CEQN","validation","TREEVOLUME_FIXTURES/clark_identifiers.csv","38548071d5aa652bb90c7f111f86b427f798a1c9"
"877CLKE837","clark_r8",837,8,"07","06","SN","01","7","R8_CEQN","validation","TREEVOLUME_FIXTURES/clark_identifiers.csv","38548071d5aa652bb90c7f111f86b427f798a1c9"
"877CLKE901","clark_r8",901,8,"07","06","SN","01","7","R8_CEQN","validation","TREEVOLUME_FIXTURES/clark_identifiers.csv","38548071d5aa652bb90c7f111f86b427f798a1c9"
"877CLKE920","clark_r8",920,8,"07","06","SN","01","7","R8_CEQN","validation","TREEVOLUME_FIXTURES/clark_identifiers.csv","38548071d5aa652bb90c7f111f86b427f798a1c9"
"877CLKE930","clark_r8",930,8,"07","06","SN","01","7","R8_CEQN","validation","TREEVOLUME_FIXTURES/clark_identifiers.csv","38548071d5aa652bb90c7f111f86b427f798a1c9"
"877CLKE950","clark_r8",950,8,"07","06","SN","01","7","R8_CEQN","validation","TREEVOLUME_FIXTURES/clark_identifiers.csv","38548071d5aa652bb90c7f111f86b427f798a1c9"
"877CLKE970","clark_r8",970,8,"07","06","SN","01","7","R8_CEQN","validation","TREEVOLUME_FIXTURES/clark_identifiers.csv","38548071d5aa652bb90c7f111f86b427f798a1c9"
"878CLKE100","clark_r8",100,8,"07","06","SN","01","8","R8_CEQN","validation","TREEVOLUME_FIXTURES/clark_identifiers.csv","38548071d5aa652bb90c7f111f86b427f798a1c9"
"878CLKE107","clark_r8",107,8,"07","06","SN","01","8","R8_CEQN","validation","TREEVOLUME_FIXTURES/clark_identifiers.csv","38548071d5aa652bb90c7f111f86b427f798a1c9"
"878CLKE110","clark_r8",110,8,"07","06","SN","01","8","R8_CEQN","validation","TREEVOLUME_FIXTURES/clark_identifiers.csv","38548071d5aa652bb90c7f111f86b427f798a1c9"
"878CLKE111","clark_r8",111,8,"07","06","SN","01","8","R8_CEQN","validation","TREEVOLUME_FIXTURES/clark_identifiers.csv","38548071d5aa652bb90c7f111f86b427f798a1c9"
"878CLKE115","clark_r8",115,8,"07","06","SN","01","8","R8_CEQN","validation","TREEVOLUME_FIXTURES/clark_identifiers.csv","38548071d5aa652bb90c7f111f86b427f798a1c9"
"878CLKE121","clark_r8",121,8,"07","06","SN","01","8","R8_CEQN","validation","TREEVOLUME_FIXTURES/clark_identifiers.csv","38548071d5aa652bb90c7f111f86b427f798a1c9"
"878CLKE123","clark_r8",123,8,"07","06","SN","01","8","R8_CEQN","validation","TREEVOLUME_FIXTURES/clark_identifiers.csv","38548071d5aa652bb90c7f111f86b427f798a1c9"
"878CLKE126","clark_r8",126,8,"07","06","SN","01","8","R8_CEQN","validation","TREEVOLUME_FIXTURES/clark_identifiers.csv","38548071d5aa652bb90c7f111f86b427f798a1c9"
"878CLKE128","clark_r8",128,8,"07","06","SN","01","8","R8_CEQN","validation","TREEVOLUME_FIXTURES/clark_identifiers.csv","38548071d5aa652bb90c7f111f86b427f798a1c9"
"878CLKE129","clark_r8",129,8,"07","06","SN","01","8","R8_CEQN","validation","TREEVOLUME_FIXTURES/clark_identifiers.csv","38548071d5aa652bb90c7f111f86b427f798a1c9"
"878CLKE131","clark_r8",131,8,"07","06","SN","01","8","R8_CEQN","validation","TREEVOLUME_FIXTURES/clark_identifiers.csv","38548071d5aa652bb90c7f111f86b427f798a1c9"
"878CLKE132","clark_r8",132,8,"07","06","SN","01","8","R8_CEQN","validation","TREEVOLUME_FIXTURES/clark_identifiers.csv","38548071d5aa652bb90c7f111f86b427f798a1c9"
"878CLKE197","clark_r8",197,8,"07","06","SN","01","8","R8_CEQN","validation","TREEVOLUME_FIXTURES/clark_identifiers.csv","38548071d5aa652bb90c7f111f86b427f798a1c9"
"878CLKE221","clark_r8",221,8,"07","06","SN","01","8","R8_CEQN","validation","TREEVOLUME_FIXTURES/clark_identifiers.csv","38548071d5aa652bb90c7f111f86b427f798a1c9"
"878CLKE222","clark_r8",222,8,"07","06","SN","01","8","R8_CEQN","validation","TREEVOLUME_FIXTURES/clark_identifiers.csv","38548071d5aa652bb90c7f111f86b427f798a1c9"
"878CLKE261","clark_r8",261,8,"07","06","SN","01","8","R8_CEQN","validation","TREEVOLUME_FIXTURES/clark_identifiers.csv","38548071d5aa652bb90c7f111f86b427f798a1c9"
"878CLKE300","clark_r8",300,8,"07","06","SN","01","8","R8_CEQN","validation","TREEVOLUME_FIXTURES/clark_identifiers.csv","38548071d5aa652bb90c7f111f86b427f798a1c9"
"878CLKE313","clark_r8",313,8,"07","06","SN","01","8","R8_CEQN","validation","TREEVOLUME_FIXTURES/clark_identifiers.csv","38548071d5aa652bb90c7f111f86b427f798a1c9"
"878CLKE314","clark_r8",314,8,"07","06","SN","01","8","R8_CEQN","validation","TREEVOLUME_FIXTURES/clark_identifiers.csv","38548071d5aa652bb90c7f111f86b427f798a1c9"
"878CLKE316","clark_r8",316,8,"07","06","SN","01","8","R8_CEQN","validation","TREEVOLUME_FIXTURES/clark_identifiers.csv","38548071d5aa652bb90c7f111f86b427f798a1c9"
"878CLKE317","clark_r8",317,8,"07","06","SN","01","8","R8_CEQN","validation","TREEVOLUME_FIXTURES/clark_identifiers.csv","38548071d5aa652bb90c7f111f86b427f798a1c9"
"878CLKE318","clark_r8",318,8,"07","06","SN","01","8","R8_CEQN","validation","TREEVOLUME_FIXTURES/clark_identifiers.csv","38548071d5aa652bb90c7f111f86b427f798a1c9"
"878CLKE330","clark_r8",330,8,"07","06","SN","01","8","R8_CEQN","validation","TREEVOLUME_FIXTURES/clark_identifiers.csv","38548071d5aa652bb90c7f111f86b427f798a1c9"
"878CLKE370","clark_r8",370,8,"07","06","SN","01","8","R8_CEQN","validation","TREEVOLUME_FIXTURES/clark_identifiers.csv","38548071d5aa652bb90c7f111f86b427f798a1c9"
"878CLKE400","clark_r8",400,8,"07","06","SN","01","8","R8_CEQN","validation","TREEVOLUME_FIXTURES/clark_identifiers.csv","38548071d5aa652bb90c7f111f86b427f798a1c9"
"878CLKE404","clark_r8",404,8,"07","06","SN","01","8","R8_CEQN","validation","TREEVOLUME_FIXTURES/clark_identifiers.csv","38548071d5aa652bb90c7f111f86b427f798a1c9"
"878CLKE460","clark_r8",460,8,"07","06","SN","01","8","R8_CEQN","validation","TREEVOLUME_FIXTURES/clark_identifiers.csv","38548071d5aa652bb90c7f111f86b427f798a1c9"
"878CLKE500","clark_r8",500,8,"07","06","SN","01","8","R8_CEQN","validation","TREEVOLUME_FIXTURES/clark_identifiers.csv","38548071d5aa652bb90c7f111f86b427f798a1c9"
"878CLKE521","clark_r8",521,8,"07","06","SN","01","8","R8_CEQN","validation","TREEVOLUME_FIXTURES/clark_identifiers.csv","38548071d5aa652bb90c7f111f86b427f798a1c9"
"878CLKE531","clark_r8",531,8,"07","06","SN","01","8","R8_CEQN","validation","TREEVOLUME_FIXTURES/clark_identifiers.csv","38548071d5aa652bb90c7f111f86b427f798a1c9"
"878CLKE541","clark_r8",541,8,"07","06","SN","01","8","R8_CEQN","validation","TREEVOLUME_FIXTURES/clark_identifiers.csv","38548071d5aa652bb90c7f111f86b427f798a1c9"
"878CLKE544","clark_r8",544,8,"07","06","SN","01","8","R8_CEQN","validation","TREEVOLUME_FIXTURES/clark_identifiers.csv","38548071d5aa652bb90c7f111f86b427f798a1c9"
"878CLKE545","clark_r8",545,8,"07","06","SN","01","8","R8_CEQN","validation","TREEVOLUME_FIXTURES/clark_identifiers.csv","38548071d5aa652bb90c7f111f86b427f798a1c9"
"878CLKE546","clark_r8",546,8,"07","06","SN","01","8","R8_CEQN","validation","TREEVOLUME_FIXTURES/clark_identifiers.csv","38548071d5aa652bb90c7f111f86b427f798a1c9"
"878CLKE550","clark_r8",550,8,"07","06","SN","01","8","R8_CEQN","validation","TREEVOLUME_FIXTURES/clark_identifiers.csv","38548071d5aa652bb90c7f111f86b427f798a1c9"
"878CLKE580","clark_r8",580,8,"07","06","SN","01","8","R8_CEQN","validation","TREEVOLUME_FIXTURES/clark_identifiers.csv","38548071d5aa652bb90c7f111f86b427f798a1c9"
"878CLKE601","clark_r8",601,8,"07","06","SN","01","8","R8_CEQN","validation","TREEVOLUME_FIXTURES/clark_identifiers.csv","38548071d5aa652bb90c7f111f86b427f798a1c9"
"878CLKE602","clark_r8",602,8,"07","06","SN","01","8","R8_CEQN","validation","TREEVOLUME_FIXTURES/clark_identifiers.csv","38548071d5aa652bb90c7f111f86b427f798a1c9"
"878CLKE611","clark_r8",611,8,"07","06","SN","01","8","R8_CEQN","validation","TREEVOLUME_FIXTURES/clark_identifiers.csv","38548071d5aa652bb90c7f111f86b427f798a1c9"
"878CLKE621","clark_r8",621,8,"07","06","SN","01","8","R8_CEQN","validation","TREEVOLUME_FIXTURES/clark_identifiers.csv","38548071d5aa652bb90c7f111f86b427f798a1c9"
"878CLKE650","clark_r8",650,8,"07","06","SN","01","8","R8_CEQN","validation","TREEVOLUME_FIXTURES/clark_identifiers.csv","38548071d5aa652bb90c7f111f86b427f798a1c9"
"878CLKE651","clark_r8",651,8,"07","06","SN","01","8","R8_CEQN","validation","TREEVOLUME_FIXTURES/clark_identifiers.csv","38548071d5aa652bb90c7f111f86b427f798a1c9"
"878CLKE652","clark_r8",652,8,"07","06","SN","01","8","R8_CEQN","validation","TREEVOLUME_FIXTURES/clark_identifiers.csv","38548071d5aa652bb90c7f111f86b427f798a1c9"
"878CLKE653","clark_r8",653,8,"07","06","SN","01","8","R8_CEQN","validation","TREEVOLUME_FIXTURES/clark_identifiers.csv","38548071d5aa652bb90c7f111f86b427f798a1c9"
"878CLKE691","clark_r8",691,8,"07","06","SN","01","8","R8_CEQN","validation","TREEVOLUME_FIXTURES/clark_identifiers.csv","38548071d5aa652bb90c7f111f86b427f798a1c9"
"878CLKE693","clark_r8",693,8,"07","06","SN","01","8","R8_CEQN","validation","TREEVOLUME_FIXTURES/clark_identifiers.csv","38548071d5aa652bb90c7f111f86b427f798a1c9"
"878CLKE694","clark_r8",694,8,"07","06","SN","01","8","R8_CEQN","validation","TREEVOLUME_FIXTURES/clark_identifiers.csv","38548071d5aa652bb90c7f111f86b427f798a1c9"
"878CLKE711","clark_r8",711,8,"07","06","SN","01","8","R8_CEQN","validation","TREEVOLUME_FIXTURES/clark_identifiers.csv","38548071d5aa652bb90c7f111f86b427f798a1c9"
"878CLKE731","clark_r8",731,8,"07","06","SN","01","8","R8_CEQN","validation","TREEVOLUME_FIXTURES/clark_identifiers.csv","38548071d5aa652bb90c7f111f86b427f798a1c9"
"878CLKE742","clark_r8",742,8,"07","06","SN","01","8","R8_CEQN","validation","TREEVOLUME_FIXTURES/clark_identifiers.csv","38548071d5aa652bb90c7f111f86b427f798a1c9"
"878CLKE762","clark_r8",762,8,"07","06","SN","01","8","R8_CEQN","validation","TREEVOLUME_FIXTURES/clark_identifiers.csv","38548071d5aa652bb90c7f111f86b427f798a1c9"
"878CLKE800","clark_r8",800,8,"07","06","SN","01","8","R8_CEQN","validation","TREEVOLUME_FIXTURES/clark_identifiers.csv","38548071d5aa652bb90c7f111f86b427f798a1c9"
"878CLKE802","clark_r8",802,8,"07","06","SN","01","8","R8_CEQN","validation","TREEVOLUME_FIXTURES/clark_identifiers.csv","38548071d5aa652bb90c7f111f86b427f798a1c9"
"878CLKE804","clark_r8",804,8,"07","06","SN","01","8","R8_CEQN","validation","TREEVOLUME_FIXTURES/clark_identifiers.csv","38548071d5aa652bb90c7f111f86b427f798a1c9"
"878CLKE806","clark_r8",806,8,"07","06","SN","01","8","R8_CEQN","validation","TREEVOLUME_FIXTURES/clark_identifiers.csv","38548071d5aa652bb90c7f111f86b427f798a1c9"
"878CLKE812","clark_r8",812,8,"07","06","SN","01","8","R8_CEQN","validation","TREEVOLUME_FIXTURES/clark_identifiers.csv","38548071d5aa652bb90c7f111f86b427f798a1c9"
"878CLKE813","clark_r8",813,8,"07","06","SN","01","8","R8_CEQN","validation","TREEVOLUME_FIXTURES/clark_identifiers.csv","38548071d5aa652bb90c7f111f86b427f798a1c9"
"878CLKE817","clark_r8",817,8,"07","06","SN","01","8","R8_CEQN","validation","TREEVOLUME_FIXTURES/clark_identifiers.csv","38548071d5aa652bb90c7f111f86b427f798a1c9"
"878CLKE820","clark_r8",820,8,"07","06","SN","01","8","R8_CEQN","validation","TREEVOLUME_FIXTURES/clark_identifiers.csv","38548071d5aa652bb90c7f111f86b427f798a1c9"
"878CLKE822","clark_r8",822,8,"07","06","SN","01","8","R8_CEQN","validation","TREEVOLUME_FIXTURES/clark_identifiers.csv","38548071d5aa652bb90c7f111f86b427f798a1c9"
"878CLKE823","clark_r8",823,8,"07","06","SN","01","8","R8_CEQN","validation","TREEVOLUME_FIXTURES/clark_identifiers.csv","38548071d5aa652bb90c7f111f86b427f798a1c9"
"878CLKE825","clark_r8",825,8,"07","06","SN","01","8","R8_CEQN","validation","TREEVOLUME_FIXTURES/clark_identifiers.csv","38548071d5aa652bb90c7f111f86b427f798a1c9"
"878CLKE826","clark_r8",826,8,"07","06","SN","01","8","R8_CEQN","validation","TREEVOLUME_FIXTURES/clark_identifiers.csv","38548071d5aa652bb90c7f111f86b427f798a1c9"
"878CLKE827","clark_r8",827,8,"07","06","SN","01","8","R8_CEQN","validation","TREEVOLUME_FIXTURES/clark_identifiers.csv","38548071d5aa652bb90c7f111f86b427f798a1c9"
"878CLKE828","clark_r8",828,8,"07","06","SN","01","8","R8_CEQN","validation","TREEVOLUME_FIXTURES/clark_identifiers.csv","38548071d5aa652bb90c7f111f86b427f798a1c9"
"878CLKE830","clark_r8",830,8,"07","06","SN","01","8","R8_CEQN","validation","TREEVOLUME_FIXTURES/clark_identifiers.csv","38548071d5aa652bb90c7f111f86b427f798a1c9"
"878CLKE831","clark_r8",831,8,"07","06","SN","01","8","R8_CEQN","validation","TREEVOLUME_FIXTURES/clark_identifiers.csv","38548071d5aa652bb90c7f111f86b427f798a1c9"
"878CLKE832","clark_r8",832,8,"07","06","SN","01","8","R8_CEQN","validation","TREEVOLUME_FIXTURES/clark_identifiers.csv","38548071d5aa652bb90c7f111f86b427f798a1c9"
"878CLKE833","clark_r8",833,8,"07","06","SN","01","8","R8_CEQN","validation","TREEVOLUME_FIXTURES/clark_identifiers.csv","38548071d5aa652bb90c7f111f86b427f798a1c9"
"878CLKE834","clark_r8",834,8,"07","06","SN","01","8","R8_CEQN","validation","TREEVOLUME_FIXTURES/clark_identifiers.csv","38548071d5aa652bb90c7f111f86b427f798a1c9"
"878CLKE835","clark_r8",835,8,"07","06","SN","01","8","R8_CEQN","validation","TREEVOLUME_FIXTURES/clark_identifiers.csv","38548071d5aa652bb90c7f111f86b427f798a1c9"
"878CLKE837","clark_r8",837,8,"07","06","SN","01","8","R8_CEQN","validation","TREEVOLUME_FIXTURES/clark_identifiers.csv","38548071d5aa652bb90c7f111f86b427f798a1c9"
"878CLKE901","clark_r8",901,8,"07","06","SN","01","8","R8_CEQN","validation","TREEVOLUME_FIXTURES/clark_identifiers.csv","38548071d5aa652bb90c7f111f86b427f798a1c9"
"878CLKE920","clark_r8",920,8,"07","06","SN","01","8","R8_CEQN","validation","TREEVOLUME_FIXTURES/clark_identifiers.csv","38548071d5aa652bb90c7f111f86b427f798a1c9"
"878CLKE930","clark_r8",930,8,"07","06","SN","01","8","R8_CEQN","validation","TREEVOLUME_FIXTURES/clark_identifiers.csv","38548071d5aa652bb90c7f111f86b427f798a1c9"
"878CLKE950","clark_r8",950,8,"07","06","SN","01","8","R8_CEQN","validation","TREEVOLUME_FIXTURES/clark_identifiers.csv","38548071d5aa652bb90c7f111f86b427f798a1c9"
"878CLKE970","clark_r8",970,8,"07","06","SN","01","8","R8_CEQN","validation","TREEVOLUME_FIXTURES/clark_identifiers.csv","38548071d5aa652bb90c7f111f86b427f798a1c9"
"879CLKE100","clark_r8",100,8,"07","06","SN","01","9","R8_CEQN","validation","TREEVOLUME_FIXTURES/clark_identifiers.csv","38548071d5aa652bb90c7f111f86b427f798a1c9"
"879CLKE107","clark_r8",107,8,"07","06","SN","01","9","R8_CEQN","validation","TREEVOLUME_FIXTURES/clark_identifiers.csv","38548071d5aa652bb90c7f111f86b427f798a1c9"
"879CLKE110","clark_r8",110,8,"07","06","SN","01","9","R8_CEQN","validation","TREEVOLUME_FIXTURES/clark_identifiers.csv","38548071d5aa652bb90c7f111f86b427f798a1c9"
"879CLKE111","clark_r8",111,8,"07","06","SN","01","9","R8_CEQN","validation","TREEVOLUME_FIXTURES/clark_identifiers.csv","38548071d5aa652bb90c7f111f86b427f798a1c9"
"879CLKE115","clark_r8",115,8,"07","06","SN","01","9","R8_CEQN","validation","TREEVOLUME_FIXTURES/clark_identifiers.csv","38548071d5aa652bb90c7f111f86b427f798a1c9"
"879CLKE121","clark_r8",121,8,"07","06","SN","01","9","R8_CEQN","validation","TREEVOLUME_FIXTURES/clark_identifiers.csv","38548071d5aa652bb90c7f111f86b427f798a1c9"
"879CLKE123","clark_r8",123,8,"07","06","SN","01","9","R8_CEQN","validation","TREEVOLUME_FIXTURES/clark_identifiers.csv","38548071d5aa652bb90c7f111f86b427f798a1c9"
"879CLKE126","clark_r8",126,8,"07","06","SN","01","9","R8_CEQN","validation","TREEVOLUME_FIXTURES/clark_identifiers.csv","38548071d5aa652bb90c7f111f86b427f798a1c9"
"879CLKE128","clark_r8",128,8,"07","06","SN","01","9","R8_CEQN","validation","TREEVOLUME_FIXTURES/clark_identifiers.csv","38548071d5aa652bb90c7f111f86b427f798a1c9"
"879CLKE129","clark_r8",129,8,"07","06","SN","01","9","R8_CEQN","validation","TREEVOLUME_FIXTURES/clark_identifiers.csv","38548071d5aa652bb90c7f111f86b427f798a1c9"
"879CLKE131","clark_r8",131,8,"07","06","SN","01","9","R8_CEQN","validation","TREEVOLUME_FIXTURES/clark_identifiers.csv","38548071d5aa652bb90c7f111f86b427f798a1c9"
"879CLKE132","clark_r8",132,8,"07","06","SN","01","9","R8_CEQN","validation","TREEVOLUME_FIXTURES/clark_identifiers.csv","38548071d5aa652bb90c7f111f86b427f798a1c9"
"879CLKE197","clark_r8",197,8,"07","06","SN","01","9","R8_CEQN","validation","TREEVOLUME_FIXTURES/clark_identifiers.csv","38548071d5aa652bb90c7f111f86b427f798a1c9"
"879CLKE221","clark_r8",221,8,"07","06","SN","01","9","R8_CEQN","validation","TREEVOLUME_FIXTURES/clark_identifiers.csv","38548071d5aa652bb90c7f111f86b427f798a1c9"
"879CLKE222","clark_r8",222,8,"07","06","SN","01","9","R8_CEQN","validation","TREEVOLUME_FIXTURES/clark_identifiers.csv","38548071d5aa652bb90c7f111f86b427f798a1c9"
"879CLKE261","clark_r8",261,8,"07","06","SN","01","9","R8_CEQN","validation","TREEVOLUME_FIXTURES/clark_identifiers.csv","38548071d5aa652bb90c7f111f86b427f798a1c9"
"879CLKE300","clark_r8",300,8,"07","06","SN","01","9","R8_CEQN","validation","TREEVOLUME_FIXTURES/clark_identifiers.csv","38548071d5aa652bb90c7f111f86b427f798a1c9"
"879CLKE313","clark_r8",313,8,"07","06","SN","01","9","R8_CEQN","validation","TREEVOLUME_FIXTURES/clark_identifiers.csv","38548071d5aa652bb90c7f111f86b427f798a1c9"
"879CLKE314","clark_r8",314,8,"07","06","SN","01","9","R8_CEQN","validation","TREEVOLUME_FIXTURES/clark_identifiers.csv","38548071d5aa652bb90c7f111f86b427f798a1c9"
"879CLKE316","clark_r8",316,8,"07","06","SN","01","9","R8_CEQN","validation","TREEVOLUME_FIXTURES/clark_identifiers.csv","38548071d5aa652bb90c7f111f86b427f798a1c9"
"879CLKE317","clark_r8",317,8,"07","06","SN","01","9","R8_CEQN","validation","TREEVOLUME_FIXTURES/clark_identifiers.csv","38548071d5aa652bb90c7f111f86b427f798a1c9"
"879CLKE318","clark_r8",318,8,"07","06","SN","01","9","R8_CEQN","validation","TREEVOLUME_FIXTURES/clark_identifiers.csv","38548071d5aa652bb90c7f111f86b427f798a1c9"
"879CLKE330","clark_r8",330,8,"07","06","SN","01","9","R8_CEQN","validation","TREEVOLUME_FIXTURES/clark_identifiers.csv","38548071d5aa652bb90c7f111f86b427f798a1c9"
"879CLKE370","clark_r8",370,8,"07","06","SN","01","9","R8_CEQN","validation","TREEVOLUME_FIXTURES/clark_identifiers.csv","38548071d5aa652bb90c7f111f86b427f798a1c9"
"879CLKE400","clark_r8",400,8,"07","06","SN","01","9","R8_CEQN","validation","TREEVOLUME_FIXTURES/clark_identifiers.csv","38548071d5aa652bb90c7f111f86b427f798a1c9"
"879CLKE404","clark_r8",404,8,"07","06","SN","01","9","R8_CEQN","validation","TREEVOLUME_FIXTURES/clark_identifiers.csv","38548071d5aa652bb90c7f111f86b427f798a1c9"
"879CLKE460","clark_r8",460,8,"07","06","SN","01","9","R8_CEQN","validation","TREEVOLUME_FIXTURES/clark_identifiers.csv","38548071d5aa652bb90c7f111f86b427f798a1c9"
"879CLKE500","clark_r8",500,8,"07","06","SN","01","9","R8_CEQN","validation","TREEVOLUME_FIXTURES/clark_identifiers.csv","38548071d5aa652bb90c7f111f86b427f798a1c9"
"879CLKE521","clark_r8",521,8,"07","06","SN","01","9","R8_CEQN","validation","TREEVOLUME_FIXTURES/clark_identifiers.csv","38548071d5aa652bb90c7f111f86b427f798a1c9"
"879CLKE531","clark_r8",531,8,"07","06","SN","01","9","R8_CEQN","validation","TREEVOLUME_FIXTURES/clark_identifiers.csv","38548071d5aa652bb90c7f111f86b427f798a1c9"
"879CLKE541","clark_r8",541,8,"07","06","SN","01","9","R8_CEQN","validation","TREEVOLUME_FIXTURES/clark_identifiers.csv","38548071d5aa652bb90c7f111f86b427f798a1c9"
"879CLKE544","clark_r8",544,8,"07","06","SN","01","9","R8_CEQN","validation","TREEVOLUME_FIXTURES/clark_identifiers.csv","38548071d5aa652bb90c7f111f86b427f798a1c9"
"879CLKE545","clark_r8",545,8,"07","06","SN","01","9","R8_CEQN","validation","TREEVOLUME_FIXTURES/clark_identifiers.csv","38548071d5aa652bb90c7f111f86b427f798a1c9"
"879CLKE546","clark_r8",546,8,"07","06","SN","01","9","R8_CEQN","validation","TREEVOLUME_FIXTURES/clark_identifiers.csv","38548071d5aa652bb90c7f111f86b427f798a1c9"
"879CLKE550","clark_r8",550,8,"07","06","SN","01","9","R8_CEQN","validation","TREEVOLUME_FIXTURES/clark_identifiers.csv","38548071d5aa652bb90c7f111f86b427f798a1c9"
"879CLKE580","clark_r8",580,8,"07","06","SN","01","9","R8_CEQN","validation","TREEVOLUME_FIXTURES/clark_identifiers.csv","38548071d5aa652bb90c7f111f86b427f798a1c9"
"879CLKE601","clark_r8",601,8,"07","06","SN","01","9","R8_CEQN","validation","TREEVOLUME_FIXTURES/clark_identifiers.csv","38548071d5aa652bb90c7f111f86b427f798a1c9"
"879CLKE602","clark_r8",602,8,"07","06","SN","01","9","R8_CEQN","validation","TREEVOLUME_FIXTURES/clark_identifiers.csv","38548071d5aa652bb90c7f111f86b427f798a1c9"
"879CLKE611","clark_r8",611,8,"07","06","SN","01","9","R8_CEQN","validation","TREEVOLUME_FIXTURES/clark_identifiers.csv","38548071d5aa652bb90c7f111f86b427f798a1c9"
"879CLKE621","clark_r8",621,8,"07","06","SN","01","9","R8_CEQN","validation","TREEVOLUME_FIXTURES/clark_identifiers.csv","38548071d5aa652bb90c7f111f86b427f798a1c9"
"879CLKE650","clark_r8",650,8,"07","06","SN","01","9","R8_CEQN","validation","TREEVOLUME_FIXTURES/clark_identifiers.csv","38548071d5aa652bb90c7f111f86b427f798a1c9"
"879CLKE651","clark_r8",651,8,"07","06","SN","01","9","R8_CEQN","validation","TREEVOLUME_FIXTURES/clark_identifiers.csv","38548071d5aa652bb90c7f111f86b427f798a1c9"
"879CLKE652","clark_r8",652,8,"07","06","SN","01","9","R8_CEQN","validation","TREEVOLUME_FIXTURES/clark_identifiers.csv","38548071d5aa652bb90c7f111f86b427f798a1c9"
"879CLKE653","clark_r8",653,8,"07","06","SN","01","9","R8_CEQN","validation","TREEVOLUME_FIXTURES/clark_identifiers.csv","38548071d5aa652bb90c7f111f86b427f798a1c9"
"879CLKE691","clark_r8",691,8,"07","06","SN","01","9","R8_CEQN","validation","TREEVOLUME_FIXTURES/clark_identifiers.csv","38548071d5aa652bb90c7f111f86b427f798a1c9"
"879CLKE693","clark_r8",693,8,"07","06","SN","01","9","R8_CEQN","validation","TREEVOLUME_FIXTURES/clark_identifiers.csv","38548071d5aa652bb90c7f111f86b427f798a1c9"
"879CLKE694","clark_r8",694,8,"07","06","SN","01","9","R8_CEQN","validation","TREEVOLUME_FIXTURES/clark_identifiers.csv","38548071d5aa652bb90c7f111f86b427f798a1c9"
"879CLKE711","clark_r8",711,8,"07","06","SN","01","9","R8_CEQN","validation","TREEVOLUME_FIXTURES/clark_identifiers.csv","38548071d5aa652bb90c7f111f86b427f798a1c9"
"879CLKE731","clark_r8",731,8,"07","06","SN","01","9","R8_CEQN","validation","TREEVOLUME_FIXTURES/clark_identifiers.csv","38548071d5aa652bb90c7f111f86b427f798a1c9"
"879CLKE742","clark_r8",742,8,"07","06","SN","01","9","R8_CEQN","validation","TREEVOLUME_FIXTURES/clark_identifiers.csv","38548071d5aa652bb90c7f111f86b427f798a1c9"
"879CLKE762","clark_r8",762,8,"07","06","SN","01","9","R8_CEQN","validation","TREEVOLUME_FIXTURES/clark_identifiers.csv","38548071d5aa652bb90c7f111f86b427f798a1c9"
"879CLKE800","clark_r8",800,8,"07","06","SN","01","9","R8_CEQN","validation","TREEVOLUME_FIXTURES/clark_identifiers.csv","38548071d5aa652bb90c7f111f86b427f798a1c9"
"879CLKE802","clark_r8",802,8,"07","06","SN","01","9","R8_CEQN","validation","TREEVOLUME_FIXTURES/clark_identifiers.csv","38548071d5aa652bb90c7f111f86b427f798a1c9"
"879CLKE804","clark_r8",804,8,"07","06","SN","01","9","R8_CEQN","validation","TREEVOLUME_FIXTURES/clark_identifiers.csv","38548071d5aa652bb90c7f111f86b427f798a1c9"
"879CLKE806","clark_r8",806,8,"07","06","SN","01","9","R8_CEQN","validation","TREEVOLUME_FIXTURES/clark_identifiers.csv","38548071d5aa652bb90c7f111f86b427f798a1c9"
"879CLKE812","clark_r8",812,8,"07","06","SN","01","9","R8_CEQN","validation","TREEVOLUME_FIXTURES/clark_identifiers.csv","38548071d5aa652bb90c7f111f86b427f798a1c9"
"879CLKE813","clark_r8",813,8,"07","06","SN","01","9","R8_CEQN","validation","TREEVOLUME_FIXTURES/clark_identifiers.csv","38548071d5aa652bb90c7f111f86b427f798a1c9"
"879CLKE817","clark_r8",817,8,"07","06","SN","01","9","R8_CEQN","validation","TREEVOLUME_FIXTURES/clark_identifiers.csv","38548071d5aa652bb90c7f111f86b427f798a1c9"
"879CLKE820","clark_r8",820,8,"07","06","SN","01","9","R8_CEQN","validation","TREEVOLUME_FIXTURES/clark_identifiers.csv","38548071d5aa652bb90c7f111f86b427f798a1c9"
"879CLKE822","clark_r8",822,8,"07","06","SN","01","9","R8_CEQN","validation","TREEVOLUME_FIXTURES/clark_identifiers.csv","38548071d5aa652bb90c7f111f86b427f798a1c9"
"879CLKE823","clark_r8",823,8,"07","06","SN","01","9","R8_CEQN","validation","TREEVOLUME_FIXTURES/clark_identifiers.csv","38548071d5aa652bb90c7f111f86b427f798a1c9"
"879CLKE825","clark_r8",825,8,"07","06","SN","01","9","R8_CEQN","validation","TREEVOLUME_FIXTURES/clark_identifiers.csv","38548071d5aa652bb90c7f111f86b427f798a1c9"
"879CLKE826","clark_r8",826,8,"07","06","SN","01","9","R8_CEQN","validation","TREEVOLUME_FIXTURES/clark_identifiers.csv","38548071d5aa652bb90c7f111f86b427f798a1c9"
"879CLKE827","clark_r8",827,8,"07","06","SN","01","9","R8_CEQN","validation","TREEVOLUME_FIXTURES/clark_identifiers.csv","38548071d5aa652bb90c7f111f86b427f798a1c9"
"879CLKE828","clark_r8",828,8,"07","06","SN","01","9","R8_CEQN","validation","TREEVOLUME_FIXTURES/clark_identifiers.csv","38548071d5aa652bb90c7f111f86b427f798a1c9"
"879CLKE830","clark_r8",830,8,"07","06","SN","01","9","R8_CEQN","validation","TREEVOLUME_FIXTURES/clark_identifiers.csv","38548071d5aa652bb90c7f111f86b427f798a1c9"
"879CLKE831","clark_r8",831,8,"07","06","SN","01","9","R8_CEQN","validation","TREEVOLUME_FIXTURES/clark_identifiers.csv","38548071d5aa652bb90c7f111f86b427f798a1c9"
"879CLKE832","clark_r8",832,8,"07","06","SN","01","9","R8_CEQN","validation","TREEVOLUME_FIXTURES/clark_identifiers.csv","38548071d5aa652bb90c7f111f86b427f798a1c9"
"879CLKE833","clark_r8",833,8,"07","06","SN","01","9","R8_CEQN","validation","TREEVOLUME_FIXTURES/clark_identifiers.csv","38548071d5aa652bb90c7f111f86b427f798a1c9"
"879CLKE834","clark_r8",834,8,"07","06","SN","01","9","R8_CEQN","validation","TREEVOLUME_FIXTURES/clark_identifiers.csv","38548071d5aa652bb90c7f111f86b427f798a1c9"
"879CLKE835","clark_r8",835,8,"07","06","SN","01","9","R8_CEQN","validation","TREEVOLUME_FIXTURES/clark_identifiers.csv","38548071d5aa652bb90c7f111f86b427f798a1c9"
"879CLKE837","clark_r8",837,8,"07","06","SN","01","9","R8_CEQN","validation","TREEVOLUME_FIXTURES/clark_identifiers.csv","38548071d5aa652bb90c7f111f86b427f798a1c9"
"879CLKE901","clark_r8",901,8,"07","06","SN","01","9","R8_CEQN","validation","TREEVOLUME_FIXTURES/clark_identifiers.csv","38548071d5aa652bb90c7f111f86b427f798a1c9"
"879CLKE920","clark_r8",920,8,"07","06","SN","01","9","R8_CEQN","validation","TREEVOLUME_FIXTURES/clark_identifiers.csv","38548071d5aa652bb90c7f111f86b427f798a1c9"
"879CLKE930","clark_r8",930,8,"07","06","SN","01","9","R8_CEQN","validation","TREEVOLUME_FIXTURES/clark_identifiers.csv","38548071d5aa652bb90c7f111f86b427f798a1c9"
"879CLKE950","clark_r8",950,8,"07","06","SN","01","9","R8_CEQN","validation","TREEVOLUME_FIXTURES/clark_identifiers.csv","38548071d5aa652bb90c7f111f86b427f798a1c9"
"879CLKE970","clark_r8",970,8,"07","06","SN","01","9","R8_CEQN","validation","TREEVOLUME_FIXTURES/clark_identifiers.csv","38548071d5aa652bb90c7f111f86b427f798a1c9"
"811CLKE100","clark_r9",100,8,"01","03","SN","01","1","R8_CEQN","default","TREEVOLUME_FIXTURES/clark_identifiers.csv","38548071d5aa652bb90c7f111f86b427f798a1c9"
"811CLKE107","clark_r9",107,8,"01","03","SN","01","1","R8_CEQN","default","TREEVOLUME_FIXTURES/clark_identifiers.csv","38548071d5aa652bb90c7f111f86b427f798a1c9"
"811CLKE110","clark_r9",110,8,"01","03","SN","01","1","R8_CEQN","default","TREEVOLUME_FIXTURES/clark_identifiers.csv","38548071d5aa652bb90c7f111f86b427f798a1c9"
"811CLKE111","clark_r9",111,8,"01","03","SN","01","1","R8_CEQN","default","TREEVOLUME_FIXTURES/clark_identifiers.csv","38548071d5aa652bb90c7f111f86b427f798a1c9"
"811CLKE115","clark_r9",115,8,"01","03","SN","01","1","R8_CEQN","default","TREEVOLUME_FIXTURES/clark_identifiers.csv","38548071d5aa652bb90c7f111f86b427f798a1c9"
"811CLKE121","clark_r9",121,8,"01","03","SN","01","1","R8_CEQN","default","TREEVOLUME_FIXTURES/clark_identifiers.csv","38548071d5aa652bb90c7f111f86b427f798a1c9"
"811CLKE123","clark_r9",123,8,"01","03","SN","01","1","R8_CEQN","default","TREEVOLUME_FIXTURES/clark_identifiers.csv","38548071d5aa652bb90c7f111f86b427f798a1c9"
"811CLKE126","clark_r9",126,8,"01","03","SN","01","1","R8_CEQN","default","TREEVOLUME_FIXTURES/clark_identifiers.csv","38548071d5aa652bb90c7f111f86b427f798a1c9"
"811CLKE128","clark_r9",128,8,"01","03","SN","01","1","R8_CEQN","default","TREEVOLUME_FIXTURES/clark_identifiers.csv","38548071d5aa652bb90c7f111f86b427f798a1c9"
"811CLKE129","clark_r9",129,8,"01","03","SN","01","1","R8_CEQN","default","TREEVOLUME_FIXTURES/clark_identifiers.csv","38548071d5aa652bb90c7f111f86b427f798a1c9"
"811CLKE131","clark_r9",131,8,"01","03","SN","01","1","R8_CEQN","default","TREEVOLUME_FIXTURES/clark_identifiers.csv","38548071d5aa652bb90c7f111f86b427f798a1c9"
"811CLKE132","clark_r9",132,8,"01","03","SN","01","1","R8_CEQN","default","TREEVOLUME_FIXTURES/clark_identifiers.csv","38548071d5aa652bb90c7f111f86b427f798a1c9"
"811CLKE197","clark_r9",197,8,"01","03","SN","01","1","R8_CEQN","default","TREEVOLUME_FIXTURES/clark_identifiers.csv","38548071d5aa652bb90c7f111f86b427f798a1c9"
"811CLKE221","clark_r9",221,8,"01","03","SN","01","1","R8_CEQN","default","TREEVOLUME_FIXTURES/clark_identifiers.csv","38548071d5aa652bb90c7f111f86b427f798a1c9"
"811CLKE222","clark_r9",222,8,"01","03","SN","01","1","R8_CEQN","default","TREEVOLUME_FIXTURES/clark_identifiers.csv","38548071d5aa652bb90c7f111f86b427f798a1c9"
"811CLKE261","clark_r9",261,8,"01","03","SN","01","1","R8_CEQN","default","TREEVOLUME_FIXTURES/clark_identifiers.csv","38548071d5aa652bb90c7f111f86b427f798a1c9"
"811CLKE300","clark_r9",300,8,"01","03","SN","01","1","R8_CEQN","default","TREEVOLUME_FIXTURES/clark_identifiers.csv","38548071d5aa652bb90c7f111f86b427f798a1c9"
"811CLKE313","clark_r9",313,8,"01","03","SN","01","1","R8_CEQN","default","TREEVOLUME_FIXTURES/clark_identifiers.csv","38548071d5aa652bb90c7f111f86b427f798a1c9"
"811CLKE314","clark_r9",314,8,"01","03","SN","01","1","R8_CEQN","default","TREEVOLUME_FIXTURES/clark_identifiers.csv","38548071d5aa652bb90c7f111f86b427f798a1c9"
"811CLKE316","clark_r9",316,8,"01","03","SN","01","1","R8_CEQN","default","TREEVOLUME_FIXTURES/clark_identifiers.csv","38548071d5aa652bb90c7f111f86b427f798a1c9"
"811CLKE317","clark_r9",317,8,"01","03","SN","01","1","R8_CEQN","default","TREEVOLUME_FIXTURES/clark_identifiers.csv","38548071d5aa652bb90c7f111f86b427f798a1c9"
"811CLKE318","clark_r9",318,8,"01","03","SN","01","1","R8_CEQN","default","TREEVOLUME_FIXTURES/clark_identifiers.csv","38548071d5aa652bb90c7f111f86b427f798a1c9"
"811CLKE330","clark_r9",330,8,"01","03","SN","01","1","R8_CEQN","default","TREEVOLUME_FIXTURES/clark_identifiers.csv","38548071d5aa652bb90c7f111f86b427f798a1c9"
"811CLKE370","clark_r9",370,8,"01","03","SN","01","1","R8_CEQN","default","TREEVOLUME_FIXTURES/clark_identifiers.csv","38548071d5aa652bb90c7f111f86b427f798a1c9"
"811CLKE400","clark_r9",400,8,"01","03","SN","01","1","R8_CEQN","default","TREEVOLUME_FIXTURES/clark_identifiers.csv","38548071d5aa652bb90c7f111f86b427f798a1c9"
"811CLKE404","clark_r9",404,8,"01","03","SN","01","1","R8_CEQN","default","TREEVOLUME_FIXTURES/clark_identifiers.csv","38548071d5aa652bb90c7f111f86b427f798a1c9"
"811CLKE460","clark_r9",460,8,"01","03","SN","01","1","R8_CEQN","default","TREEVOLUME_FIXTURES/clark_identifiers.csv","38548071d5aa652bb90c7f111f86b427f798a1c9"
"811CLKE500","clark_r9",500,8,"01","03","SN","01","1","R8_CEQN","default","TREEVOLUME_FIXTURES/clark_identifiers.csv","38548071d5aa652bb90c7f111f86b427f798a1c9"
"811CLKE521","clark_r9",521,8,"01","03","SN","01","1","R8_CEQN","default","TREEVOLUME_FIXTURES/clark_identifiers.csv","38548071d5aa652bb90c7f111f86b427f798a1c9"
"811CLKE531","clark_r9",531,8,"01","03","SN","01","1","R8_CEQN","default","TREEVOLUME_FIXTURES/clark_identifiers.csv","38548071d5aa652bb90c7f111f86b427f798a1c9"
"811CLKE541","clark_r9",541,8,"01","03","SN","01","1","R8_CEQN","default","TREEVOLUME_FIXTURES/clark_identifiers.csv","38548071d5aa652bb90c7f111f86b427f798a1c9"
"811CLKE544","clark_r9",544,8,"01","03","SN","01","1","R8_CEQN","default","TREEVOLUME_FIXTURES/clark_identifiers.csv","38548071d5aa652bb90c7f111f86b427f798a1c9"
"811CLKE545","clark_r9",545,8,"01","03","SN","01","1","R8_CEQN","default","TREEVOLUME_FIXTURES/clark_identifiers.csv","38548071d5aa652bb90c7f111f86b427f798a1c9"
"811CLKE546","clark_r9",546,8,"01","03","SN","01","1","R8_CEQN","default","TREEVOLUME_FIXTURES/clark_identifiers.csv","38548071d5aa652bb90c7f111f86b427f798a1c9"
"811CLKE550","clark_r9",550,8,"01","03","SN","01","1","R8_CEQN","default","TREEVOLUME_FIXTURES/clark_identifiers.csv","38548071d5aa652bb90c7f111f86b427f798a1c9"
"811CLKE580","clark_r9",580,8,"01","03","SN","01","1","R8_CEQN","default","TREEVOLUME_FIXTURES/clark_identifiers.csv","38548071d5aa652bb90c7f111f86b427f798a1c9"
"811CLKE601","clark_r9",601,8,"01","03","SN","01","1","R8_CEQN","default","TREEVOLUME_FIXTURES/clark_identifiers.csv","38548071d5aa652bb90c7f111f86b427f798a1c9"
"811CLKE602","clark_r9",602,8,"01","03","SN","01","1","R8_CEQN","default","TREEVOLUME_FIXTURES/clark_identifiers.csv","38548071d5aa652bb90c7f111f86b427f798a1c9"
"811CLKE611","clark_r9",611,8,"01","03","SN","01","1","R8_CEQN","default","TREEVOLUME_FIXTURES/clark_identifiers.csv","38548071d5aa652bb90c7f111f86b427f798a1c9"
"811CLKE621","clark_r9",621,8,"01","03","SN","01","1","R8_CEQN","default","TREEVOLUME_FIXTURES/clark_identifiers.csv","38548071d5aa652bb90c7f111f86b427f798a1c9"
"811CLKE650","clark_r9",650,8,"01","03","SN","01","1","R8_CEQN","default","TREEVOLUME_FIXTURES/clark_identifiers.csv","38548071d5aa652bb90c7f111f86b427f798a1c9"
"811CLKE651","clark_r9",651,8,"01","03","SN","01","1","R8_CEQN","default","TREEVOLUME_FIXTURES/clark_identifiers.csv","38548071d5aa652bb90c7f111f86b427f798a1c9"
"811CLKE652","clark_r9",652,8,"01","03","SN","01","1","R8_CEQN","default","TREEVOLUME_FIXTURES/clark_identifiers.csv","38548071d5aa652bb90c7f111f86b427f798a1c9"
"811CLKE653","clark_r9",653,8,"01","03","SN","01","1","R8_CEQN","default","TREEVOLUME_FIXTURES/clark_identifiers.csv","38548071d5aa652bb90c7f111f86b427f798a1c9"
"811CLKE691","clark_r9",691,8,"01","03","SN","01","1","R8_CEQN","default","TREEVOLUME_FIXTURES/clark_identifiers.csv","38548071d5aa652bb90c7f111f86b427f798a1c9"
"811CLKE693","clark_r9",693,8,"01","03","SN","01","1","R8_CEQN","default","TREEVOLUME_FIXTURES/clark_identifiers.csv","38548071d5aa652bb90c7f111f86b427f798a1c9"
"811CLKE694","clark_r9",694,8,"01","03","SN","01","1","R8_CEQN","default","TREEVOLUME_FIXTURES/clark_identifiers.csv","38548071d5aa652bb90c7f111f86b427f798a1c9"
"811CLKE711","clark_r9",711,8,"01","03","SN","01","1","R8_CEQN","default","TREEVOLUME_FIXTURES/clark_identifiers.csv","38548071d5aa652bb90c7f111f86b427f798a1c9"
"811CLKE731","clark_r9",731,8,"01","03","SN","01","1","R8_CEQN","default","TREEVOLUME_FIXTURES/clark_identifiers.csv","38548071d5aa652bb90c7f111f86b427f798a1c9"
"811CLKE742","clark_r9",742,8,"01","03","SN","01","1","R8_CEQN","default","TREEVOLUME_FIXTURES/clark_identifiers.csv","38548071d5aa652bb90c7f111f86b427f798a1c9"
"811CLKE762","clark_r9",762,8,"01","03","SN","01","1","R8_CEQN","default","TREEVOLUME_FIXTURES/clark_identifiers.csv","38548071d5aa652bb90c7f111f86b427f798a1c9"
"811CLKE800","clark_r9",800,8,"01","03","SN","01","1","R8_CEQN","default","TREEVOLUME_FIXTURES/clark_identifiers.csv","38548071d5aa652bb90c7f111f86b427f798a1c9"
"811CLKE802","clark_r9",802,8,"01","03","SN","01","1","R8_CEQN","default","TREEVOLUME_FIXTURES/clark_identifiers.csv","38548071d5aa652bb90c7f111f86b427f798a1c9"
"811CLKE804","clark_r9",804,8,"01","03","SN","01","1","R8_CEQN","default","TREEVOLUME_FIXTURES/clark_identifiers.csv","38548071d5aa652bb90c7f111f86b427f798a1c9"
"811CLKE806","clark_r9",806,8,"01","03","SN","01","1","R8_CEQN","default","TREEVOLUME_FIXTURES/clark_identifiers.csv","38548071d5aa652bb90c7f111f86b427f798a1c9"
"811CLKE812","clark_r9",812,8,"01","03","SN","01","1","R8_CEQN","default","TREEVOLUME_FIXTURES/clark_identifiers.csv","38548071d5aa652bb90c7f111f86b427f798a1c9"
"811CLKE813","clark_r9",813,8,"01","03","SN","01","1","R8_CEQN","default","TREEVOLUME_FIXTURES/clark_identifiers.csv","38548071d5aa652bb90c7f111f86b427f798a1c9"
"811CLKE817","clark_r9",817,8,"01","03","SN","01","1","R8_CEQN","default","TREEVOLUME_FIXTURES/clark_identifiers.csv","38548071d5aa652bb90c7f111f86b427f798a1c9"
"811CLKE820","clark_r9",820,8,"01","03","SN","01","1","R8_CEQN","default","TREEVOLUME_FIXTURES/clark_identifiers.csv","38548071d5aa652bb90c7f111f86b427f798a1c9"
"811CLKE822","clark_r9",822,8,"01","03","SN","01","1","R8_CEQN","default","TREEVOLUME_FIXTURES/clark_identifiers.csv","38548071d5aa652bb90c7f111f86b427f798a1c9"
"811CLKE823","clark_r9",823,8,"01","03","SN","01","1","R8_CEQN","default","TREEVOLUME_FIXTURES/clark_identifiers.csv","38548071d5aa652bb90c7f111f86b427f798a1c9"
"811CLKE825","clark_r9",825,8,"01","03","SN","01","1","R8_CEQN","default","TREEVOLUME_FIXTURES/clark_identifiers.csv","38548071d5aa652bb90c7f111f86b427f798a1c9"
"811CLKE826","clark_r9",826,8,"01","03","SN","01","1","R8_CEQN","default","TREEVOLUME_FIXTURES/clark_identifiers.csv","38548071d5aa652bb90c7f111f86b427f798a1c9"
"811CLKE827","clark_r9",827,8,"01","03","SN","01","1","R8_CEQN","default","TREEVOLUME_FIXTURES/clark_identifiers.csv","38548071d5aa652bb90c7f111f86b427f798a1c9"
"811CLKE828","clark_r9",828,8,"01","03","SN","01","1","R8_CEQN","default","TREEVOLUME_FIXTURES/clark_identifiers.csv","38548071d5aa652bb90c7f111f86b427f798a1c9"
"811CLKE830","clark_r9",830,8,"01","03","SN","01","1","R8_CEQN","default","TREEVOLUME_FIXTURES/clark_identifiers.csv","38548071d5aa652bb90c7f111f86b427f798a1c9"
"811CLKE831","clark_r9",831,8,"01","03","SN","01","1","R8_CEQN","default","TREEVOLUME_FIXTURES/clark_identifiers.csv","38548071d5aa652bb90c7f111f86b427f798a1c9"
"811CLKE832","clark_r9",832,8,"01","03","SN","01","1","R8_CEQN","default","TREEVOLUME_FIXTURES/clark_identifiers.csv","38548071d5aa652bb90c7f111f86b427f798a1c9"
"811CLKE833","clark_r9",833,8,"01","03","SN","01","1","R8_CEQN","default","TREEVOLUME_FIXTURES/clark_identifiers.csv","38548071d5aa652bb90c7f111f86b427f798a1c9"
"811CLKE834","clark_r9",834,8,"01","03","SN","01","1","R8_CEQN","default","TREEVOLUME_FIXTURES/clark_identifiers.csv","38548071d5aa652bb90c7f111f86b427f798a1c9"
"811CLKE835","clark_r9",835,8,"01","03","SN","01","1","R8_CEQN","default","TREEVOLUME_FIXTURES/clark_identifiers.csv","38548071d5aa652bb90c7f111f86b427f798a1c9"
"811CLKE837","clark_r9",837,8,"01","03","SN","01","1","R8_CEQN","default","TREEVOLUME_FIXTURES/clark_identifiers.csv","38548071d5aa652bb90c7f111f86b427f798a1c9"
"811CLKE901","clark_r9",901,8,"01","03","SN","01","1","R8_CEQN","default","TREEVOLUME_FIXTURES/clark_identifiers.csv","38548071d5aa652bb90c7f111f86b427f798a1c9"
"811CLKE920","clark_r9",920,8,"01","03","SN","01","1","R8_CEQN","default","TREEVOLUME_FIXTURES/clark_identifiers.csv","38548071d5aa652bb90c7f111f86b427f798a1c9"
"811CLKE930","clark_r9",930,8,"01","03","SN","01","1","R8_CEQN","default","TREEVOLUME_FIXTURES/clark_identifiers.csv","38548071d5aa652bb90c7f111f86b427f798a1c9"
"811CLKE950","clark_r9",950,8,"01","03","SN","01","1","R8_CEQN","default","TREEVOLUME_FIXTURES/clark_identifiers.csv","38548071d5aa652bb90c7f111f86b427f798a1c9"
"811CLKE970","clark_r9",970,8,"01","03","SN","01","1","R8_CEQN","default","TREEVOLUME_FIXTURES/clark_identifiers.csv","38548071d5aa652bb90c7f111f86b427f798a1c9"
"821CLKE100","clark_r9",100,8,"03","08","SN","01","1","R8_CEQN","default","TREEVOLUME_FIXTURES/clark_identifiers.csv","38548071d5aa652bb90c7f111f86b427f798a1c9"
"821CLKE107","clark_r9",107,8,"03","08","SN","01","1","R8_CEQN","default","TREEVOLUME_FIXTURES/clark_identifiers.csv","38548071d5aa652bb90c7f111f86b427f798a1c9"
"821CLKE110","clark_r9",110,8,"03","08","SN","01","1","R8_CEQN","default","TREEVOLUME_FIXTURES/clark_identifiers.csv","38548071d5aa652bb90c7f111f86b427f798a1c9"
"821CLKE111","clark_r9",111,8,"03","08","SN","01","1","R8_CEQN","default","TREEVOLUME_FIXTURES/clark_identifiers.csv","38548071d5aa652bb90c7f111f86b427f798a1c9"
"821CLKE115","clark_r9",115,8,"03","08","SN","01","1","R8_CEQN","default","TREEVOLUME_FIXTURES/clark_identifiers.csv","38548071d5aa652bb90c7f111f86b427f798a1c9"
"821CLKE121","clark_r9",121,8,"03","08","SN","01","1","R8_CEQN","default","TREEVOLUME_FIXTURES/clark_identifiers.csv","38548071d5aa652bb90c7f111f86b427f798a1c9"
"821CLKE123","clark_r9",123,8,"03","08","SN","01","1","R8_CEQN","default","TREEVOLUME_FIXTURES/clark_identifiers.csv","38548071d5aa652bb90c7f111f86b427f798a1c9"
"821CLKE126","clark_r9",126,8,"03","08","SN","01","1","R8_CEQN","default","TREEVOLUME_FIXTURES/clark_identifiers.csv","38548071d5aa652bb90c7f111f86b427f798a1c9"
"821CLKE128","clark_r9",128,8,"03","08","SN","01","1","R8_CEQN","default","TREEVOLUME_FIXTURES/clark_identifiers.csv","38548071d5aa652bb90c7f111f86b427f798a1c9"
"821CLKE129","clark_r9",129,8,"03","08","SN","01","1","R8_CEQN","default","TREEVOLUME_FIXTURES/clark_identifiers.csv","38548071d5aa652bb90c7f111f86b427f798a1c9"
"821CLKE131","clark_r9",131,8,"03","08","SN","01","1","R8_CEQN","default","TREEVOLUME_FIXTURES/clark_identifiers.csv","38548071d5aa652bb90c7f111f86b427f798a1c9"
"821CLKE132","clark_r9",132,8,"03","08","SN","01","1","R8_CEQN","default","TREEVOLUME_FIXTURES/clark_identifiers.csv","38548071d5aa652bb90c7f111f86b427f798a1c9"
"821CLKE197","clark_r9",197,8,"03","08","SN","01","1","R8_CEQN","default","TREEVOLUME_FIXTURES/clark_identifiers.csv","38548071d5aa652bb90c7f111f86b427f798a1c9"
"821CLKE221","clark_r9",221,8,"03","08","SN","01","1","R8_CEQN","default","TREEVOLUME_FIXTURES/clark_identifiers.csv","38548071d5aa652bb90c7f111f86b427f798a1c9"
"821CLKE222","clark_r9",222,8,"03","08","SN","01","1","R8_CEQN","default","TREEVOLUME_FIXTURES/clark_identifiers.csv","38548071d5aa652bb90c7f111f86b427f798a1c9"
"821CLKE261","clark_r9",261,8,"03","08","SN","01","1","R8_CEQN","default","TREEVOLUME_FIXTURES/clark_identifiers.csv","38548071d5aa652bb90c7f111f86b427f798a1c9"
"821CLKE300","clark_r9",300,8,"03","08","SN","01","1","R8_CEQN","default","TREEVOLUME_FIXTURES/clark_identifiers.csv","38548071d5aa652bb90c7f111f86b427f798a1c9"
"821CLKE313","clark_r9",313,8,"03","08","SN","01","1","R8_CEQN","default","TREEVOLUME_FIXTURES/clark_identifiers.csv","38548071d5aa652bb90c7f111f86b427f798a1c9"
"821CLKE314","clark_r9",314,8,"03","08","SN","01","1","R8_CEQN","default","TREEVOLUME_FIXTURES/clark_identifiers.csv","38548071d5aa652bb90c7f111f86b427f798a1c9"
"821CLKE316","clark_r9",316,8,"03","08","SN","01","1","R8_CEQN","default","TREEVOLUME_FIXTURES/clark_identifiers.csv","38548071d5aa652bb90c7f111f86b427f798a1c9"
"821CLKE317","clark_r9",317,8,"03","08","SN","01","1","R8_CEQN","default","TREEVOLUME_FIXTURES/clark_identifiers.csv","38548071d5aa652bb90c7f111f86b427f798a1c9"
"821CLKE318","clark_r9",318,8,"03","08","SN","01","1","R8_CEQN","default","TREEVOLUME_FIXTURES/clark_identifiers.csv","38548071d5aa652bb90c7f111f86b427f798a1c9"
"821CLKE330","clark_r9",330,8,"03","08","SN","01","1","R8_CEQN","default","TREEVOLUME_FIXTURES/clark_identifiers.csv","38548071d5aa652bb90c7f111f86b427f798a1c9"
"821CLKE370","clark_r9",370,8,"03","08","SN","01","1","R8_CEQN","default","TREEVOLUME_FIXTURES/clark_identifiers.csv","38548071d5aa652bb90c7f111f86b427f798a1c9"
"821CLKE400","clark_r9",400,8,"03","08","SN","01","1","R8_CEQN","default","TREEVOLUME_FIXTURES/clark_identifiers.csv","38548071d5aa652bb90c7f111f86b427f798a1c9"
"821CLKE404","clark_r9",404,8,"03","08","SN","01","1","R8_CEQN","default","TREEVOLUME_FIXTURES/clark_identifiers.csv","38548071d5aa652bb90c7f111f86b427f798a1c9"
"821CLKE460","clark_r9",460,8,"03","08","SN","01","1","R8_CEQN","default","TREEVOLUME_FIXTURES/clark_identifiers.csv","38548071d5aa652bb90c7f111f86b427f798a1c9"
"821CLKE500","clark_r9",500,8,"03","08","SN","01","1","R8_CEQN","default","TREEVOLUME_FIXTURES/clark_identifiers.csv","38548071d5aa652bb90c7f111f86b427f798a1c9"
"821CLKE521","clark_r9",521,8,"03","08","SN","01","1","R8_CEQN","default","TREEVOLUME_FIXTURES/clark_identifiers.csv","38548071d5aa652bb90c7f111f86b427f798a1c9"
"821CLKE531","clark_r9",531,8,"03","08","SN","01","1","R8_CEQN","default","TREEVOLUME_FIXTURES/clark_identifiers.csv","38548071d5aa652bb90c7f111f86b427f798a1c9"
"821CLKE541","clark_r9",541,8,"03","08","SN","01","1","R8_CEQN","default","TREEVOLUME_FIXTURES/clark_identifiers.csv","38548071d5aa652bb90c7f111f86b427f798a1c9"
"821CLKE544","clark_r9",544,8,"03","08","SN","01","1","R8_CEQN","default","TREEVOLUME_FIXTURES/clark_identifiers.csv","38548071d5aa652bb90c7f111f86b427f798a1c9"
"821CLKE545","clark_r9",545,8,"03","08","SN","01","1","R8_CEQN","default","TREEVOLUME_FIXTURES/clark_identifiers.csv","38548071d5aa652bb90c7f111f86b427f798a1c9"
"821CLKE546","clark_r9",546,8,"03","08","SN","01","1","R8_CEQN","default","TREEVOLUME_FIXTURES/clark_identifiers.csv","38548071d5aa652bb90c7f111f86b427f798a1c9"
"821CLKE550","clark_r9",550,8,"03","08","SN","01","1","R8_CEQN","default","TREEVOLUME_FIXTURES/clark_identifiers.csv","38548071d5aa652bb90c7f111f86b427f798a1c9"
"821CLKE580","clark_r9",580,8,"03","08","SN","01","1","R8_CEQN","default","TREEVOLUME_FIXTURES/clark_identifiers.csv","38548071d5aa652bb90c7f111f86b427f798a1c9"
"821CLKE601","clark_r9",601,8,"03","08","SN","01","1","R8_CEQN","default","TREEVOLUME_FIXTURES/clark_identifiers.csv","38548071d5aa652bb90c7f111f86b427f798a1c9"
"821CLKE602","clark_r9",602,8,"03","08","SN","01","1","R8_CEQN","default","TREEVOLUME_FIXTURES/clark_identifiers.csv","38548071d5aa652bb90c7f111f86b427f798a1c9"
"821CLKE611","clark_r9",611,8,"03","08","SN","01","1","R8_CEQN","default","TREEVOLUME_FIXTURES/clark_identifiers.csv","38548071d5aa652bb90c7f111f86b427f798a1c9"
"821CLKE621","clark_r9",621,8,"03","08","SN","01","1","R8_CEQN","default","TREEVOLUME_FIXTURES/clark_identifiers.csv","38548071d5aa652bb90c7f111f86b427f798a1c9"
"821CLKE650","clark_r9",650,8,"03","08","SN","01","1","R8_CEQN","default","TREEVOLUME_FIXTURES/clark_identifiers.csv","38548071d5aa652bb90c7f111f86b427f798a1c9"
"821CLKE651","clark_r9",651,8,"03","08","SN","01","1","R8_CEQN","default","TREEVOLUME_FIXTURES/clark_identifiers.csv","38548071d5aa652bb90c7f111f86b427f798a1c9"
"821CLKE652","clark_r9",652,8,"03","08","SN","01","1","R8_CEQN","default","TREEVOLUME_FIXTURES/clark_identifiers.csv","38548071d5aa652bb90c7f111f86b427f798a1c9"
"821CLKE653","clark_r9",653,8,"03","08","SN","01","1","R8_CEQN","default","TREEVOLUME_FIXTURES/clark_identifiers.csv","38548071d5aa652bb90c7f111f86b427f798a1c9"
"821CLKE691","clark_r9",691,8,"03","08","SN","01","1","R8_CEQN","default","TREEVOLUME_FIXTURES/clark_identifiers.csv","38548071d5aa652bb90c7f111f86b427f798a1c9"
"821CLKE693","clark_r9",693,8,"03","08","SN","01","1","R8_CEQN","default","TREEVOLUME_FIXTURES/clark_identifiers.csv","38548071d5aa652bb90c7f111f86b427f798a1c9"
"821CLKE694","clark_r9",694,8,"03","08","SN","01","1","R8_CEQN","default","TREEVOLUME_FIXTURES/clark_identifiers.csv","38548071d5aa652bb90c7f111f86b427f798a1c9"
"821CLKE711","clark_r9",711,8,"03","08","SN","01","1","R8_CEQN","default","TREEVOLUME_FIXTURES/clark_identifiers.csv","38548071d5aa652bb90c7f111f86b427f798a1c9"
"821CLKE731","clark_r9",731,8,"03","08","SN","01","1","R8_CEQN","default","TREEVOLUME_FIXTURES/clark_identifiers.csv","38548071d5aa652bb90c7f111f86b427f798a1c9"
"821CLKE742","clark_r9",742,8,"03","08","SN","01","1","R8_CEQN","default","TREEVOLUME_FIXTURES/clark_identifiers.csv","38548071d5aa652bb90c7f111f86b427f798a1c9"
"821CLKE762","clark_r9",762,8,"03","08","SN","01","1","R8_CEQN","default","TREEVOLUME_FIXTURES/clark_identifiers.csv","38548071d5aa652bb90c7f111f86b427f798a1c9"
"821CLKE800","clark_r9",800,8,"03","08","SN","01","1","R8_CEQN","default","TREEVOLUME_FIXTURES/clark_identifiers.csv","38548071d5aa652bb90c7f111f86b427f798a1c9"
"821CLKE802","clark_r9",802,8,"03","08","SN","01","1","R8_CEQN","default","TREEVOLUME_FIXTURES/clark_identifiers.csv","38548071d5aa652bb90c7f111f86b427f798a1c9"
"821CLKE804","clark_r9",804,8,"03","08","SN","01","1","R8_CEQN","default","TREEVOLUME_FIXTURES/clark_identifiers.csv","38548071d5aa652bb90c7f111f86b427f798a1c9"
"821CLKE806","clark_r9",806,8,"03","08","SN","01","1","R8_CEQN","default","TREEVOLUME_FIXTURES/clark_identifiers.csv","38548071d5aa652bb90c7f111f86b427f798a1c9"
"821CLKE812","clark_r9",812,8,"03","08","SN","01","1","R8_CEQN","default","TREEVOLUME_FIXTURES/clark_identifiers.csv","38548071d5aa652bb90c7f111f86b427f798a1c9"
"821CLKE813","clark_r9",813,8,"03","08","SN","01","1","R8_CEQN","default","TREEVOLUME_FIXTURES/clark_identifiers.csv","38548071d5aa652bb90c7f111f86b427f798a1c9"
"821CLKE817","clark_r9",817,8,"03","08","SN","01","1","R8_CEQN","default","TREEVOLUME_FIXTURES/clark_identifiers.csv","38548071d5aa652bb90c7f111f86b427f798a1c9"
"821CLKE820","clark_r9",820,8,"03","08","SN","01","1","R8_CEQN","default","TREEVOLUME_FIXTURES/clark_identifiers.csv","38548071d5aa652bb90c7f111f86b427f798a1c9"
"821CLKE822","clark_r9",822,8,"03","08","SN","01","1","R8_CEQN","default","TREEVOLUME_FIXTURES/clark_identifiers.csv","38548071d5aa652bb90c7f111f86b427f798a1c9"
"821CLKE823","clark_r9",823,8,"03","08","SN","01","1","R8_CEQN","default","TREEVOLUME_FIXTURES/clark_identifiers.csv","38548071d5aa652bb90c7f111f86b427f798a1c9"
"821CLKE825","clark_r9",825,8,"03","08","SN","01","1","R8_CEQN","default","TREEVOLUME_FIXTURES/clark_identifiers.csv","38548071d5aa652bb90c7f111f86b427f798a1c9"
"821CLKE826","clark_r9",826,8,"03","08","SN","01","1","R8_CEQN","default","TREEVOLUME_FIXTURES/clark_identifiers.csv","38548071d5aa652bb90c7f111f86b427f798a1c9"
"821CLKE827","clark_r9",827,8,"03","08","SN","01","1","R8_CEQN","default","TREEVOLUME_FIXTURES/clark_identifiers.csv","38548071d5aa652bb90c7f111f86b427f798a1c9"
"821CLKE828","clark_r9",828,8,"03","08","SN","01","1","R8_CEQN","default","TREEVOLUME_FIXTURES/clark_identifiers.csv","38548071d5aa652bb90c7f111f86b427f798a1c9"
"821CLKE830","clark_r9",830,8,"03","08","SN","01","1","R8_CEQN","default","TREEVOLUME_FIXTURES/clark_identifiers.csv","38548071d5aa652bb90c7f111f86b427f798a1c9"
"821CLKE831","clark_r9",831,8,"03","08","SN","01","1","R8_CEQN","default","TREEVOLUME_FIXTURES/clark_identifiers.csv","38548071d5aa652bb90c7f111f86b427f798a1c9"
"821CLKE832","clark_r9",832,8,"03","08","SN","01","1","R8_CEQN","default","TREEVOLUME_FIXTURES/clark_identifiers.csv","38548071d5aa652bb90c7f111f86b427f798a1c9"
"821CLKE833","clark_r9",833,8,"03","08","SN","01","1","R8_CEQN","default","TREEVOLUME_FIXTURES/clark_identifiers.csv","38548071d5aa652bb90c7f111f86b427f798a1c9"
"821CLKE834","clark_r9",834,8,"03","08","SN","01","1","R8_CEQN","default","TREEVOLUME_FIXTURES/clark_identifiers.csv","38548071d5aa652bb90c7f111f86b427f798a1c9"
"821CLKE835","clark_r9",835,8,"03","08","SN","01","1","R8_CEQN","default","TREEVOLUME_FIXTURES/clark_identifiers.csv","38548071d5aa652bb90c7f111f86b427f798a1c9"
"821CLKE837","clark_r9",837,8,"03","08","SN","01","1","R8_CEQN","default","TREEVOLUME_FIXTURES/clark_identifiers.csv","38548071d5aa652bb90c7f111f86b427f798a1c9"
"821CLKE901","clark_r9",901,8,"03","08","SN","01","1","R8_CEQN","default","TREEVOLUME_FIXTURES/clark_identifiers.csv","38548071d5aa652bb90c7f111f86b427f798a1c9"
"821CLKE920","clark_r9",920,8,"03","08","SN","01","1","R8_CEQN","default","TREEVOLUME_FIXTURES/clark_identifiers.csv","38548071d5aa652bb90c7f111f86b427f798a1c9"
"821CLKE930","clark_r9",930,8,"03","08","SN","01","1","R8_CEQN","default","TREEVOLUME_FIXTURES/clark_identifiers.csv","38548071d5aa652bb90c7f111f86b427f798a1c9"
"821CLKE950","clark_r9",950,8,"03","08","SN","01","1","R8_CEQN","default","TREEVOLUME_FIXTURES/clark_identifiers.csv","38548071d5aa652bb90c7f111f86b427f798a1c9"
"821CLKE970","clark_r9",970,8,"03","08","SN","01","1","R8_CEQN","default","TREEVOLUME_FIXTURES/clark_identifiers.csv","38548071d5aa652bb90c7f111f86b427f798a1c9"
"831CLKE100","clark_r9",100,8,"02","01","SN","01","1","R8_CEQN","default","TREEVOLUME_FIXTURES/clark_identifiers.csv","38548071d5aa652bb90c7f111f86b427f798a1c9"
"831CLKE107","clark_r9",107,8,"02","01","SN","01","1","R8_CEQN","default","TREEVOLUME_FIXTURES/clark_identifiers.csv","38548071d5aa652bb90c7f111f86b427f798a1c9"
"831CLKE110","clark_r9",110,8,"02","01","SN","01","1","R8_CEQN","default","TREEVOLUME_FIXTURES/clark_identifiers.csv","38548071d5aa652bb90c7f111f86b427f798a1c9"
"831CLKE111","clark_r9",111,8,"02","01","SN","01","1","R8_CEQN","default","TREEVOLUME_FIXTURES/clark_identifiers.csv","38548071d5aa652bb90c7f111f86b427f798a1c9"
"831CLKE115","clark_r9",115,8,"02","01","SN","01","1","R8_CEQN","default","TREEVOLUME_FIXTURES/clark_identifiers.csv","38548071d5aa652bb90c7f111f86b427f798a1c9"
"831CLKE121","clark_r9",121,8,"02","01","SN","01","1","R8_CEQN","default","TREEVOLUME_FIXTURES/clark_identifiers.csv","38548071d5aa652bb90c7f111f86b427f798a1c9"
"831CLKE123","clark_r9",123,8,"02","01","SN","01","1","R8_CEQN","default","TREEVOLUME_FIXTURES/clark_identifiers.csv","38548071d5aa652bb90c7f111f86b427f798a1c9"
"831CLKE126","clark_r9",126,8,"02","01","SN","01","1","R8_CEQN","default","TREEVOLUME_FIXTURES/clark_identifiers.csv","38548071d5aa652bb90c7f111f86b427f798a1c9"
"831CLKE128","clark_r9",128,8,"02","01","SN","01","1","R8_CEQN","default","TREEVOLUME_FIXTURES/clark_identifiers.csv","38548071d5aa652bb90c7f111f86b427f798a1c9"
"831CLKE129","clark_r9",129,8,"02","01","SN","01","1","R8_CEQN","default","TREEVOLUME_FIXTURES/clark_identifiers.csv","38548071d5aa652bb90c7f111f86b427f798a1c9"
"831CLKE131","clark_r9",131,8,"02","01","SN","01","1","R8_CEQN","default","TREEVOLUME_FIXTURES/clark_identifiers.csv","38548071d5aa652bb90c7f111f86b427f798a1c9"
"831CLKE132","clark_r9",132,8,"02","01","SN","01","1","R8_CEQN","default","TREEVOLUME_FIXTURES/clark_identifiers.csv","38548071d5aa652bb90c7f111f86b427f798a1c9"
"831CLKE197","clark_r9",197,8,"02","01","SN","01","1","R8_CEQN","default","TREEVOLUME_FIXTURES/clark_identifiers.csv","38548071d5aa652bb90c7f111f86b427f798a1c9"
"831CLKE221","clark_r9",221,8,"02","01","SN","01","1","R8_CEQN","default","TREEVOLUME_FIXTURES/clark_identifiers.csv","38548071d5aa652bb90c7f111f86b427f798a1c9"
"831CLKE222","clark_r9",222,8,"02","01","SN","01","1","R8_CEQN","default","TREEVOLUME_FIXTURES/clark_identifiers.csv","38548071d5aa652bb90c7f111f86b427f798a1c9"
"831CLKE261","clark_r9",261,8,"02","01","SN","01","1","R8_CEQN","default","TREEVOLUME_FIXTURES/clark_identifiers.csv","38548071d5aa652bb90c7f111f86b427f798a1c9"
"831CLKE300","clark_r9",300,8,"02","01","SN","01","1","R8_CEQN","default","TREEVOLUME_FIXTURES/clark_identifiers.csv","38548071d5aa652bb90c7f111f86b427f798a1c9"
"831CLKE313","clark_r9",313,8,"02","01","SN","01","1","R8_CEQN","default","TREEVOLUME_FIXTURES/clark_identifiers.csv","38548071d5aa652bb90c7f111f86b427f798a1c9"
"831CLKE314","clark_r9",314,8,"02","01","SN","01","1","R8_CEQN","default","TREEVOLUME_FIXTURES/clark_identifiers.csv","38548071d5aa652bb90c7f111f86b427f798a1c9"
"831CLKE316","clark_r9",316,8,"02","01","SN","01","1","R8_CEQN","default","TREEVOLUME_FIXTURES/clark_identifiers.csv","38548071d5aa652bb90c7f111f86b427f798a1c9"
"831CLKE317","clark_r9",317,8,"02","01","SN","01","1","R8_CEQN","default","TREEVOLUME_FIXTURES/clark_identifiers.csv","38548071d5aa652bb90c7f111f86b427f798a1c9"
"831CLKE318","clark_r9",318,8,"02","01","SN","01","1","R8_CEQN","default","TREEVOLUME_FIXTURES/clark_identifiers.csv","38548071d5aa652bb90c7f111f86b427f798a1c9"
"831CLKE330","clark_r9",330,8,"02","01","SN","01","1","R8_CEQN","default","TREEVOLUME_FIXTURES/clark_identifiers.csv","38548071d5aa652bb90c7f111f86b427f798a1c9"
"831CLKE370","clark_r9",370,8,"02","01","SN","01","1","R8_CEQN","default","TREEVOLUME_FIXTURES/clark_identifiers.csv","38548071d5aa652bb90c7f111f86b427f798a1c9"
"831CLKE400","clark_r9",400,8,"02","01","SN","01","1","R8_CEQN","default","TREEVOLUME_FIXTURES/clark_identifiers.csv","38548071d5aa652bb90c7f111f86b427f798a1c9"
"831CLKE404","clark_r9",404,8,"02","01","SN","01","1","R8_CEQN","default","TREEVOLUME_FIXTURES/clark_identifiers.csv","38548071d5aa652bb90c7f111f86b427f798a1c9"
"831CLKE460","clark_r9",460,8,"02","01","SN","01","1","R8_CEQN","default","TREEVOLUME_FIXTURES/clark_identifiers.csv","38548071d5aa652bb90c7f111f86b427f798a1c9"
"831CLKE500","clark_r9",500,8,"02","01","SN","01","1","R8_CEQN","default","TREEVOLUME_FIXTURES/clark_identifiers.csv","38548071d5aa652bb90c7f111f86b427f798a1c9"
"831CLKE521","clark_r9",521,8,"02","01","SN","01","1","R8_CEQN","default","TREEVOLUME_FIXTURES/clark_identifiers.csv","38548071d5aa652bb90c7f111f86b427f798a1c9"
"831CLKE531","clark_r9",531,8,"02","01","SN","01","1","R8_CEQN","default","TREEVOLUME_FIXTURES/clark_identifiers.csv","38548071d5aa652bb90c7f111f86b427f798a1c9"
"831CLKE541","clark_r9",541,8,"02","01","SN","01","1","R8_CEQN","default","TREEVOLUME_FIXTURES/clark_identifiers.csv","38548071d5aa652bb90c7f111f86b427f798a1c9"
"831CLKE544","clark_r9",544,8,"02","01","SN","01","1","R8_CEQN","default","TREEVOLUME_FIXTURES/clark_identifiers.csv","38548071d5aa652bb90c7f111f86b427f798a1c9"
"831CLKE545","clark_r9",545,8,"02","01","SN","01","1","R8_CEQN","default","TREEVOLUME_FIXTURES/clark_identifiers.csv","38548071d5aa652bb90c7f111f86b427f798a1c9"
"831CLKE546","clark_r9",546,8,"02","01","SN","01","1","R8_CEQN","default","TREEVOLUME_FIXTURES/clark_identifiers.csv","38548071d5aa652bb90c7f111f86b427f798a1c9"
"831CLKE550","clark_r9",550,8,"02","01","SN","01","1","R8_CEQN","default","TREEVOLUME_FIXTURES/clark_identifiers.csv","38548071d5aa652bb90c7f111f86b427f798a1c9"
"831CLKE580","clark_r9",580,8,"02","01","SN","01","1","R8_CEQN","default","TREEVOLUME_FIXTURES/clark_identifiers.csv","38548071d5aa652bb90c7f111f86b427f798a1c9"
"831CLKE601","clark_r9",601,8,"02","01","SN","01","1","R8_CEQN","default","TREEVOLUME_FIXTURES/clark_identifiers.csv","38548071d5aa652bb90c7f111f86b427f798a1c9"
"831CLKE602","clark_r9",602,8,"02","01","SN","01","1","R8_CEQN","default","TREEVOLUME_FIXTURES/clark_identifiers.csv","38548071d5aa652bb90c7f111f86b427f798a1c9"
"831CLKE611","clark_r9",611,8,"02","01","SN","01","1","R8_CEQN","default","TREEVOLUME_FIXTURES/clark_identifiers.csv","38548071d5aa652bb90c7f111f86b427f798a1c9"
"831CLKE621","clark_r9",621,8,"02","01","SN","01","1","R8_CEQN","default","TREEVOLUME_FIXTURES/clark_identifiers.csv","38548071d5aa652bb90c7f111f86b427f798a1c9"
"831CLKE650","clark_r9",650,8,"02","01","SN","01","1","R8_CEQN","default","TREEVOLUME_FIXTURES/clark_identifiers.csv","38548071d5aa652bb90c7f111f86b427f798a1c9"
"831CLKE651","clark_r9",651,8,"02","01","SN","01","1","R8_CEQN","default","TREEVOLUME_FIXTURES/clark_identifiers.csv","38548071d5aa652bb90c7f111f86b427f798a1c9"
"831CLKE652","clark_r9",652,8,"02","01","SN","01","1","R8_CEQN","default","TREEVOLUME_FIXTURES/clark_identifiers.csv","38548071d5aa652bb90c7f111f86b427f798a1c9"
"831CLKE653","clark_r9",653,8,"02","01","SN","01","1","R8_CEQN","default","TREEVOLUME_FIXTURES/clark_identifiers.csv","38548071d5aa652bb90c7f111f86b427f798a1c9"
"831CLKE691","clark_r9",691,8,"02","01","SN","01","1","R8_CEQN","default","TREEVOLUME_FIXTURES/clark_identifiers.csv","38548071d5aa652bb90c7f111f86b427f798a1c9"
"831CLKE693","clark_r9",693,8,"02","01","SN","01","1","R8_CEQN","default","TREEVOLUME_FIXTURES/clark_identifiers.csv","38548071d5aa652bb90c7f111f86b427f798a1c9"
"831CLKE694","clark_r9",694,8,"02","01","SN","01","1","R8_CEQN","default","TREEVOLUME_FIXTURES/clark_identifiers.csv","38548071d5aa652bb90c7f111f86b427f798a1c9"
"831CLKE711","clark_r9",711,8,"02","01","SN","01","1","R8_CEQN","default","TREEVOLUME_FIXTURES/clark_identifiers.csv","38548071d5aa652bb90c7f111f86b427f798a1c9"
"831CLKE731","clark_r9",731,8,"02","01","SN","01","1","R8_CEQN","default","TREEVOLUME_FIXTURES/clark_identifiers.csv","38548071d5aa652bb90c7f111f86b427f798a1c9"
"831CLKE742","clark_r9",742,8,"02","01","SN","01","1","R8_CEQN","default","TREEVOLUME_FIXTURES/clark_identifiers.csv","38548071d5aa652bb90c7f111f86b427f798a1c9"
"831CLKE762","clark_r9",762,8,"02","01","SN","01","1","R8_CEQN","default","TREEVOLUME_FIXTURES/clark_identifiers.csv","38548071d5aa652bb90c7f111f86b427f798a1c9"
"831CLKE800","clark_r9",800,8,"02","01","SN","01","1","R8_CEQN","default","TREEVOLUME_FIXTURES/clark_identifiers.csv","38548071d5aa652bb90c7f111f86b427f798a1c9"
"831CLKE802","clark_r9",802,8,"02","01","SN","01","1","R8_CEQN","default","TREEVOLUME_FIXTURES/clark_identifiers.csv","38548071d5aa652bb90c7f111f86b427f798a1c9"
"831CLKE804","clark_r9",804,8,"02","01","SN","01","1","R8_CEQN","default","TREEVOLUME_FIXTURES/clark_identifiers.csv","38548071d5aa652bb90c7f111f86b427f798a1c9"
"831CLKE806","clark_r9",806,8,"02","01","SN","01","1","R8_CEQN","default","TREEVOLUME_FIXTURES/clark_identifiers.csv","38548071d5aa652bb90c7f111f86b427f798a1c9"
"831CLKE812","clark_r9",812,8,"02","01","SN","01","1","R8_CEQN","default","TREEVOLUME_FIXTURES/clark_identifiers.csv","38548071d5aa652bb90c7f111f86b427f798a1c9"
"831CLKE813","clark_r9",813,8,"02","01","SN","01","1","R8_CEQN","default","TREEVOLUME_FIXTURES/clark_identifiers.csv","38548071d5aa652bb90c7f111f86b427f798a1c9"
"831CLKE817","clark_r9",817,8,"02","01","SN","01","1","R8_CEQN","default","TREEVOLUME_FIXTURES/clark_identifiers.csv","38548071d5aa652bb90c7f111f86b427f798a1c9"
"831CLKE820","clark_r9",820,8,"02","01","SN","01","1","R8_CEQN","default","TREEVOLUME_FIXTURES/clark_identifiers.csv","38548071d5aa652bb90c7f111f86b427f798a1c9"
"831CLKE822","clark_r9",822,8,"02","01","SN","01","1","R8_CEQN","default","TREEVOLUME_FIXTURES/clark_identifiers.csv","38548071d5aa652bb90c7f111f86b427f798a1c9"
"831CLKE823","clark_r9",823,8,"02","01","SN","01","1","R8_CEQN","default","TREEVOLUME_FIXTURES/clark_identifiers.csv","38548071d5aa652bb90c7f111f86b427f798a1c9"
"831CLKE825","clark_r9",825,8,"02","01","SN","01","1","R8_CEQN","default","TREEVOLUME_FIXTURES/clark_identifiers.csv","38548071d5aa652bb90c7f111f86b427f798a1c9"
"831CLKE826","clark_r9",826,8,"02","01","SN","01","1","R8_CEQN","default","TREEVOLUME_FIXTURES/clark_identifiers.csv","38548071d5aa652bb90c7f111f86b427f798a1c9"
"831CLKE827","clark_r9",827,8,"02","01","SN","01","1","R8_CEQN","default","TREEVOLUME_FIXTURES/clark_identifiers.csv","38548071d5aa652bb90c7f111f86b427f798a1c9"
"831CLKE828","clark_r9",828,8,"02","01","SN","01","1","R8_CEQN","default","TREEVOLUME_FIXTURES/clark_identifiers.csv","38548071d5aa652bb90c7f111f86b427f798a1c9"
"831CLKE830","clark_r9",830,8,"02","01","SN","01","1","R8_CEQN","default","TREEVOLUME_FIXTURES/clark_identifiers.csv","38548071d5aa652bb90c7f111f86b427f798a1c9"
"831CLKE831","clark_r9",831,8,"02","01","SN","01","1","R8_CEQN","default","TREEVOLUME_FIXTURES/clark_identifiers.csv","38548071d5aa652bb90c7f111f86b427f798a1c9"
"831CLKE832","clark_r9",832,8,"02","01","SN","01","1","R8_CEQN","default","TREEVOLUME_FIXTURES/clark_identifiers.csv","38548071d5aa652bb90c7f111f86b427f798a1c9"
"831CLKE833","clark_r9",833,8,"02","01","SN","01","1","R8_CEQN","default","TREEVOLUME_FIXTURES/clark_identifiers.csv","38548071d5aa652bb90c7f111f86b427f798a1c9"
"831CLKE834","clark_r9",834,8,"02","01","SN","01","1","R8_CEQN","default","TREEVOLUME_FIXTURES/clark_identifiers.csv","38548071d5aa652bb90c7f111f86b427f798a1c9"
"831CLKE835","clark_r9",835,8,"02","01","SN","01","1","R8_CEQN","default","TREEVOLUME_FIXTURES/clark_identifiers.csv","38548071d5aa652bb90c7f111f86b427f798a1c9"
"831CLKE837","clark_r9",837,8,"02","01","SN","01","1","R8_CEQN","default","TREEVOLUME_FIXTURES/clark_identifiers.csv","38548071d5aa652bb90c7f111f86b427f798a1c9"
"831CLKE901","clark_r9",901,8,"02","01","SN","01","1","R8_CEQN","default","TREEVOLUME_FIXTURES/clark_identifiers.csv","38548071d5aa652bb90c7f111f86b427f798a1c9"
"831CLKE920","clark_r9",920,8,"02","01","SN","01","1","R8_CEQN","default","TREEVOLUME_FIXTURES/clark_identifiers.csv","38548071d5aa652bb90c7f111f86b427f798a1c9"
"831CLKE930","clark_r9",930,8,"02","01","SN","01","1","R8_CEQN","default","TREEVOLUME_FIXTURES/clark_identifiers.csv","38548071d5aa652bb90c7f111f86b427f798a1c9"
"831CLKE950","clark_r9",950,8,"02","01","SN","01","1","R8_CEQN","default","TREEVOLUME_FIXTURES/clark_identifiers.csv","38548071d5aa652bb90c7f111f86b427f798a1c9"
"831CLKE970","clark_r9",970,8,"02","01","SN","01","1","R8_CEQN","default","TREEVOLUME_FIXTURES/clark_identifiers.csv","38548071d5aa652bb90c7f111f86b427f798a1c9"
"841CLKE100","clark_r9",100,8,"01","01","SN","01","1","R8_CEQN","default","TREEVOLUME_FIXTURES/clark_identifiers.csv","38548071d5aa652bb90c7f111f86b427f798a1c9"
"841CLKE107","clark_r9",107,8,"01","01","SN","01","1","R8_CEQN","default","TREEVOLUME_FIXTURES/clark_identifiers.csv","38548071d5aa652bb90c7f111f86b427f798a1c9"
"841CLKE110","clark_r9",110,8,"01","01","SN","01","1","R8_CEQN","default","TREEVOLUME_FIXTURES/clark_identifiers.csv","38548071d5aa652bb90c7f111f86b427f798a1c9"
"841CLKE111","clark_r9",111,8,"01","01","SN","01","1","R8_CEQN","default","TREEVOLUME_FIXTURES/clark_identifiers.csv","38548071d5aa652bb90c7f111f86b427f798a1c9"
"841CLKE115","clark_r9",115,8,"01","01","SN","01","1","R8_CEQN","default","TREEVOLUME_FIXTURES/clark_identifiers.csv","38548071d5aa652bb90c7f111f86b427f798a1c9"
"841CLKE121","clark_r9",121,8,"01","01","SN","01","1","R8_CEQN","default","TREEVOLUME_FIXTURES/clark_identifiers.csv","38548071d5aa652bb90c7f111f86b427f798a1c9"
"841CLKE123","clark_r9",123,8,"01","01","SN","01","1","R8_CEQN","default","TREEVOLUME_FIXTURES/clark_identifiers.csv","38548071d5aa652bb90c7f111f86b427f798a1c9"
"841CLKE126","clark_r9",126,8,"01","01","SN","01","1","R8_CEQN","default","TREEVOLUME_FIXTURES/clark_identifiers.csv","38548071d5aa652bb90c7f111f86b427f798a1c9"
"841CLKE128","clark_r9",128,8,"01","01","SN","01","1","R8_CEQN","default","TREEVOLUME_FIXTURES/clark_identifiers.csv","38548071d5aa652bb90c7f111f86b427f798a1c9"
"841CLKE129","clark_r9",129,8,"01","01","SN","01","1","R8_CEQN","default","TREEVOLUME_FIXTURES/clark_identifiers.csv","38548071d5aa652bb90c7f111f86b427f798a1c9"
"841CLKE131","clark_r9",131,8,"01","01","SN","01","1","R8_CEQN","default","TREEVOLUME_FIXTURES/clark_identifiers.csv","38548071d5aa652bb90c7f111f86b427f798a1c9"
"841CLKE132","clark_r9",132,8,"01","01","SN","01","1","R8_CEQN","default","TREEVOLUME_FIXTURES/clark_identifiers.csv","38548071d5aa652bb90c7f111f86b427f798a1c9"
"841CLKE197","clark_r9",197,8,"01","01","SN","01","1","R8_CEQN","default","TREEVOLUME_FIXTURES/clark_identifiers.csv","38548071d5aa652bb90c7f111f86b427f798a1c9"
"841CLKE221","clark_r9",221,8,"01","01","SN","01","1","R8_CEQN","default","TREEVOLUME_FIXTURES/clark_identifiers.csv","38548071d5aa652bb90c7f111f86b427f798a1c9"
"841CLKE222","clark_r9",222,8,"01","01","SN","01","1","R8_CEQN","default","TREEVOLUME_FIXTURES/clark_identifiers.csv","38548071d5aa652bb90c7f111f86b427f798a1c9"
"841CLKE261","clark_r9",261,8,"01","01","SN","01","1","R8_CEQN","default","TREEVOLUME_FIXTURES/clark_identifiers.csv","38548071d5aa652bb90c7f111f86b427f798a1c9"
"841CLKE300","clark_r9",300,8,"01","01","SN","01","1","R8_CEQN","default","TREEVOLUME_FIXTURES/clark_identifiers.csv","38548071d5aa652bb90c7f111f86b427f798a1c9"
"841CLKE313","clark_r9",313,8,"01","01","SN","01","1","R8_CEQN","default","TREEVOLUME_FIXTURES/clark_identifiers.csv","38548071d5aa652bb90c7f111f86b427f798a1c9"
"841CLKE314","clark_r9",314,8,"01","01","SN","01","1","R8_CEQN","default","TREEVOLUME_FIXTURES/clark_identifiers.csv","38548071d5aa652bb90c7f111f86b427f798a1c9"
"841CLKE316","clark_r9",316,8,"01","01","SN","01","1","R8_CEQN","default","TREEVOLUME_FIXTURES/clark_identifiers.csv","38548071d5aa652bb90c7f111f86b427f798a1c9"
"841CLKE317","clark_r9",317,8,"01","01","SN","01","1","R8_CEQN","default","TREEVOLUME_FIXTURES/clark_identifiers.csv","38548071d5aa652bb90c7f111f86b427f798a1c9"
"841CLKE318","clark_r9",318,8,"01","01","SN","01","1","R8_CEQN","default","TREEVOLUME_FIXTURES/clark_identifiers.csv","38548071d5aa652bb90c7f111f86b427f798a1c9"
"841CLKE330","clark_r9",330,8,"01","01","SN","01","1","R8_CEQN","default","TREEVOLUME_FIXTURES/clark_identifiers.csv","38548071d5aa652bb90c7f111f86b427f798a1c9"
"841CLKE370","clark_r9",370,8,"01","01","SN","01","1","R8_CEQN","default","TREEVOLUME_FIXTURES/clark_identifiers.csv","38548071d5aa652bb90c7f111f86b427f798a1c9"
"841CLKE400","clark_r9",400,8,"01","01","SN","01","1","R8_CEQN","default","TREEVOLUME_FIXTURES/clark_identifiers.csv","38548071d5aa652bb90c7f111f86b427f798a1c9"
"841CLKE404","clark_r9",404,8,"01","01","SN","01","1","R8_CEQN","default","TREEVOLUME_FIXTURES/clark_identifiers.csv","38548071d5aa652bb90c7f111f86b427f798a1c9"
"841CLKE460","clark_r9",460,8,"01","01","SN","01","1","R8_CEQN","default","TREEVOLUME_FIXTURES/clark_identifiers.csv","38548071d5aa652bb90c7f111f86b427f798a1c9"
"841CLKE500","clark_r9",500,8,"01","01","SN","01","1","R8_CEQN","default","TREEVOLUME_FIXTURES/clark_identifiers.csv","38548071d5aa652bb90c7f111f86b427f798a1c9"
"841CLKE521","clark_r9",521,8,"01","01","SN","01","1","R8_CEQN","default","TREEVOLUME_FIXTURES/clark_identifiers.csv","38548071d5aa652bb90c7f111f86b427f798a1c9"
"841CLKE531","clark_r9",531,8,"01","01","SN","01","1","R8_CEQN","default","TREEVOLUME_FIXTURES/clark_identifiers.csv","38548071d5aa652bb90c7f111f86b427f798a1c9"
"841CLKE541","clark_r9",541,8,"01","01","SN","01","1","R8_CEQN","default","TREEVOLUME_FIXTURES/clark_identifiers.csv","38548071d5aa652bb90c7f111f86b427f798a1c9"
"841CLKE544","clark_r9",544,8,"01","01","SN","01","1","R8_CEQN","default","TREEVOLUME_FIXTURES/clark_identifiers.csv","38548071d5aa652bb90c7f111f86b427f798a1c9"
"841CLKE545","clark_r9",545,8,"01","01","SN","01","1","R8_CEQN","default","TREEVOLUME_FIXTURES/clark_identifiers.csv","38548071d5aa652bb90c7f111f86b427f798a1c9"
"841CLKE546","clark_r9",546,8,"01","01","SN","01","1","R8_CEQN","default","TREEVOLUME_FIXTURES/clark_identifiers.csv","38548071d5aa652bb90c7f111f86b427f798a1c9"
"841CLKE550","clark_r9",550,8,"01","01","SN","01","1","R8_CEQN","default","TREEVOLUME_FIXTURES/clark_identifiers.csv","38548071d5aa652bb90c7f111f86b427f798a1c9"
"841CLKE580","clark_r9",580,8,"01","01","SN","01","1","R8_CEQN","default","TREEVOLUME_FIXTURES/clark_identifiers.csv","38548071d5aa652bb90c7f111f86b427f798a1c9"
"841CLKE601","clark_r9",601,8,"01","01","SN","01","1","R8_CEQN","default","TREEVOLUME_FIXTURES/clark_identifiers.csv","38548071d5aa652bb90c7f111f86b427f798a1c9"
"841CLKE602","clark_r9",602,8,"01","01","SN","01","1","R8_CEQN","default","TREEVOLUME_FIXTURES/clark_identifiers.csv","38548071d5aa652bb90c7f111f86b427f798a1c9"
"841CLKE611","clark_r9",611,8,"01","01","SN","01","1","R8_CEQN","default","TREEVOLUME_FIXTURES/clark_identifiers.csv","38548071d5aa652bb90c7f111f86b427f798a1c9"
"841CLKE621","clark_r9",621,8,"01","01","SN","01","1","R8_CEQN","default","TREEVOLUME_FIXTURES/clark_identifiers.csv","38548071d5aa652bb90c7f111f86b427f798a1c9"
"841CLKE650","clark_r9",650,8,"01","01","SN","01","1","R8_CEQN","default","TREEVOLUME_FIXTURES/clark_identifiers.csv","38548071d5aa652bb90c7f111f86b427f798a1c9"
"841CLKE651","clark_r9",651,8,"01","01","SN","01","1","R8_CEQN","default","TREEVOLUME_FIXTURES/clark_identifiers.csv","38548071d5aa652bb90c7f111f86b427f798a1c9"
"841CLKE652","clark_r9",652,8,"01","01","SN","01","1","R8_CEQN","default","TREEVOLUME_FIXTURES/clark_identifiers.csv","38548071d5aa652bb90c7f111f86b427f798a1c9"
"841CLKE653","clark_r9",653,8,"01","01","SN","01","1","R8_CEQN","default","TREEVOLUME_FIXTURES/clark_identifiers.csv","38548071d5aa652bb90c7f111f86b427f798a1c9"
"841CLKE691","clark_r9",691,8,"01","01","SN","01","1","R8_CEQN","default","TREEVOLUME_FIXTURES/clark_identifiers.csv","38548071d5aa652bb90c7f111f86b427f798a1c9"
"841CLKE693","clark_r9",693,8,"01","01","SN","01","1","R8_CEQN","default","TREEVOLUME_FIXTURES/clark_identifiers.csv","38548071d5aa652bb90c7f111f86b427f798a1c9"
"841CLKE694","clark_r9",694,8,"01","01","SN","01","1","R8_CEQN","default","TREEVOLUME_FIXTURES/clark_identifiers.csv","38548071d5aa652bb90c7f111f86b427f798a1c9"
"841CLKE711","clark_r9",711,8,"01","01","SN","01","1","R8_CEQN","default","TREEVOLUME_FIXTURES/clark_identifiers.csv","38548071d5aa652bb90c7f111f86b427f798a1c9"
"841CLKE731","clark_r9",731,8,"01","01","SN","01","1","R8_CEQN","default","TREEVOLUME_FIXTURES/clark_identifiers.csv","38548071d5aa652bb90c7f111f86b427f798a1c9"
"841CLKE742","clark_r9",742,8,"01","01","SN","01","1","R8_CEQN","default","TREEVOLUME_FIXTURES/clark_identifiers.csv","38548071d5aa652bb90c7f111f86b427f798a1c9"
"841CLKE762","clark_r9",762,8,"01","01","SN","01","1","R8_CEQN","default","TREEVOLUME_FIXTURES/clark_identifiers.csv","38548071d5aa652bb90c7f111f86b427f798a1c9"
"841CLKE800","clark_r9",800,8,"01","01","SN","01","1","R8_CEQN","default","TREEVOLUME_FIXTURES/clark_identifiers.csv","38548071d5aa652bb90c7f111f86b427f798a1c9"
"841CLKE802","clark_r9",802,8,"01","01","SN","01","1","R8_CEQN","default","TREEVOLUME_FIXTURES/clark_identifiers.csv","38548071d5aa652bb90c7f111f86b427f798a1c9"
"841CLKE804","clark_r9",804,8,"01","01","SN","01","1","R8_CEQN","default","TREEVOLUME_FIXTURES/clark_identifiers.csv","38548071d5aa652bb90c7f111f86b427f798a1c9"
"841CLKE806","clark_r9",806,8,"01","01","SN","01","1","R8_CEQN","default","TREEVOLUME_FIXTURES/clark_identifiers.csv","38548071d5aa652bb90c7f111f86b427f798a1c9"
"841CLKE812","clark_r9",812,8,"01","01","SN","01","1","R8_CEQN","default","TREEVOLUME_FIXTURES/clark_identifiers.csv","38548071d5aa652bb90c7f111f86b427f798a1c9"
"841CLKE813","clark_r9",813,8,"01","01","SN","01","1","R8_CEQN","default","TREEVOLUME_FIXTURES/clark_identifiers.csv","38548071d5aa652bb90c7f111f86b427f798a1c9"
"841CLKE817","clark_r9",817,8,"01","01","SN","01","1","R8_CEQN","default","TREEVOLUME_FIXTURES/clark_identifiers.csv","38548071d5aa652bb90c7f111f86b427f798a1c9"
"841CLKE820","clark_r9",820,8,"01","01","SN","01","1","R8_CEQN","default","TREEVOLUME_FIXTURES/clark_identifiers.csv","38548071d5aa652bb90c7f111f86b427f798a1c9"
"841CLKE822","clark_r9",822,8,"01","01","SN","01","1","R8_CEQN","default","TREEVOLUME_FIXTURES/clark_identifiers.csv","38548071d5aa652bb90c7f111f86b427f798a1c9"
"841CLKE823","clark_r9",823,8,"01","01","SN","01","1","R8_CEQN","default","TREEVOLUME_FIXTURES/clark_identifiers.csv","38548071d5aa652bb90c7f111f86b427f798a1c9"
"841CLKE825","clark_r9",825,8,"01","01","SN","01","1","R8_CEQN","default","TREEVOLUME_FIXTURES/clark_identifiers.csv","38548071d5aa652bb90c7f111f86b427f798a1c9"
"841CLKE826","clark_r9",826,8,"01","01","SN","01","1","R8_CEQN","default","TREEVOLUME_FIXTURES/clark_identifiers.csv","38548071d5aa652bb90c7f111f86b427f798a1c9"
"841CLKE827","clark_r9",827,8,"01","01","SN","01","1","R8_CEQN","default","TREEVOLUME_FIXTURES/clark_identifiers.csv","38548071d5aa652bb90c7f111f86b427f798a1c9"
"841CLKE828","clark_r9",828,8,"01","01","SN","01","1","R8_CEQN","default","TREEVOLUME_FIXTURES/clark_identifiers.csv","38548071d5aa652bb90c7f111f86b427f798a1c9"
"841CLKE830","clark_r9",830,8,"01","01","SN","01","1","R8_CEQN","default","TREEVOLUME_FIXTURES/clark_identifiers.csv","38548071d5aa652bb90c7f111f86b427f798a1c9"
"841CLKE831","clark_r9",831,8,"01","01","SN","01","1","R8_CEQN","default","TREEVOLUME_FIXTURES/clark_identifiers.csv","38548071d5aa652bb90c7f111f86b427f798a1c9"
"841CLKE832","clark_r9",832,8,"01","01","SN","01","1","R8_CEQN","default","TREEVOLUME_FIXTURES/clark_identifiers.csv","38548071d5aa652bb90c7f111f86b427f798a1c9"
"841CLKE833","clark_r9",833,8,"01","01","SN","01","1","R8_CEQN","default","TREEVOLUME_FIXTURES/clark_identifiers.csv","38548071d5aa652bb90c7f111f86b427f798a1c9"
"841CLKE834","clark_r9",834,8,"01","01","SN","01","1","R8_CEQN","default","TREEVOLUME_FIXTURES/clark_identifiers.csv","38548071d5aa652bb90c7f111f86b427f798a1c9"
"841CLKE835","clark_r9",835,8,"01","01","SN","01","1","R8_CEQN","default","TREEVOLUME_FIXTURES/clark_identifiers.csv","38548071d5aa652bb90c7f111f86b427f798a1c9"
"841CLKE837","clark_r9",837,8,"01","01","SN","01","1","R8_CEQN","default","TREEVOLUME_FIXTURES/clark_identifiers.csv","38548071d5aa652bb90c7f111f86b427f798a1c9"
"841CLKE901","clark_r9",901,8,"01","01","SN","01","1","R8_CEQN","default","TREEVOLUME_FIXTURES/clark_identifiers.csv","38548071d5aa652bb90c7f111f86b427f798a1c9"
"841CLKE920","clark_r9",920,8,"01","01","SN","01","1","R8_CEQN","default","TREEVOLUME_FIXTURES/clark_identifiers.csv","38548071d5aa652bb90c7f111f86b427f798a1c9"
"841CLKE930","clark_r9",930,8,"01","01","SN","01","1","R8_CEQN","default","TREEVOLUME_FIXTURES/clark_identifiers.csv","38548071d5aa652bb90c7f111f86b427f798a1c9"
"841CLKE950","clark_r9",950,8,"01","01","SN","01","1","R8_CEQN","default","TREEVOLUME_FIXTURES/clark_identifiers.csv","38548071d5aa652bb90c7f111f86b427f798a1c9"
"841CLKE970","clark_r9",970,8,"01","01","SN","01","1","R8_CEQN","default","TREEVOLUME_FIXTURES/clark_identifiers.csv","38548071d5aa652bb90c7f111f86b427f798a1c9"
"851CLKE100","clark_r9",100,8,"06","01","SN","01","1","R8_CEQN","default","TREEVOLUME_FIXTURES/clark_identifiers.csv","38548071d5aa652bb90c7f111f86b427f798a1c9"
"851CLKE107","clark_r9",107,8,"06","01","SN","01","1","R8_CEQN","default","TREEVOLUME_FIXTURES/clark_identifiers.csv","38548071d5aa652bb90c7f111f86b427f798a1c9"
"851CLKE110","clark_r9",110,8,"06","01","SN","01","1","R8_CEQN","default","TREEVOLUME_FIXTURES/clark_identifiers.csv","38548071d5aa652bb90c7f111f86b427f798a1c9"
"851CLKE111","clark_r9",111,8,"06","01","SN","01","1","R8_CEQN","default","TREEVOLUME_FIXTURES/clark_identifiers.csv","38548071d5aa652bb90c7f111f86b427f798a1c9"
"851CLKE115","clark_r9",115,8,"06","01","SN","01","1","R8_CEQN","default","TREEVOLUME_FIXTURES/clark_identifiers.csv","38548071d5aa652bb90c7f111f86b427f798a1c9"
"851CLKE121","clark_r9",121,8,"06","01","SN","01","1","R8_CEQN","default","TREEVOLUME_FIXTURES/clark_identifiers.csv","38548071d5aa652bb90c7f111f86b427f798a1c9"
"851CLKE123","clark_r9",123,8,"06","01","SN","01","1","R8_CEQN","default","TREEVOLUME_FIXTURES/clark_identifiers.csv","38548071d5aa652bb90c7f111f86b427f798a1c9"
"851CLKE126","clark_r9",126,8,"06","01","SN","01","1","R8_CEQN","default","TREEVOLUME_FIXTURES/clark_identifiers.csv","38548071d5aa652bb90c7f111f86b427f798a1c9"
"851CLKE128","clark_r9",128,8,"06","01","SN","01","1","R8_CEQN","default","TREEVOLUME_FIXTURES/clark_identifiers.csv","38548071d5aa652bb90c7f111f86b427f798a1c9"
"851CLKE129","clark_r9",129,8,"06","01","SN","01","1","R8_CEQN","default","TREEVOLUME_FIXTURES/clark_identifiers.csv","38548071d5aa652bb90c7f111f86b427f798a1c9"
"851CLKE131","clark_r9",131,8,"06","01","SN","01","1","R8_CEQN","default","TREEVOLUME_FIXTURES/clark_identifiers.csv","38548071d5aa652bb90c7f111f86b427f798a1c9"
"851CLKE132","clark_r9",132,8,"06","01","SN","01","1","R8_CEQN","default","TREEVOLUME_FIXTURES/clark_identifiers.csv","38548071d5aa652bb90c7f111f86b427f798a1c9"
"851CLKE197","clark_r9",197,8,"06","01","SN","01","1","R8_CEQN","default","TREEVOLUME_FIXTURES/clark_identifiers.csv","38548071d5aa652bb90c7f111f86b427f798a1c9"
"851CLKE221","clark_r9",221,8,"06","01","SN","01","1","R8_CEQN","default","TREEVOLUME_FIXTURES/clark_identifiers.csv","38548071d5aa652bb90c7f111f86b427f798a1c9"
"851CLKE222","clark_r9",222,8,"06","01","SN","01","1","R8_CEQN","default","TREEVOLUME_FIXTURES/clark_identifiers.csv","38548071d5aa652bb90c7f111f86b427f798a1c9"
"851CLKE261","clark_r9",261,8,"06","01","SN","01","1","R8_CEQN","default","TREEVOLUME_FIXTURES/clark_identifiers.csv","38548071d5aa652bb90c7f111f86b427f798a1c9"
"851CLKE300","clark_r9",300,8,"06","01","SN","01","1","R8_CEQN","default","TREEVOLUME_FIXTURES/clark_identifiers.csv","38548071d5aa652bb90c7f111f86b427f798a1c9"
"851CLKE313","clark_r9",313,8,"06","01","SN","01","1","R8_CEQN","default","TREEVOLUME_FIXTURES/clark_identifiers.csv","38548071d5aa652bb90c7f111f86b427f798a1c9"
"851CLKE314","clark_r9",314,8,"06","01","SN","01","1","R8_CEQN","default","TREEVOLUME_FIXTURES/clark_identifiers.csv","38548071d5aa652bb90c7f111f86b427f798a1c9"
"851CLKE316","clark_r9",316,8,"06","01","SN","01","1","R8_CEQN","default","TREEVOLUME_FIXTURES/clark_identifiers.csv","38548071d5aa652bb90c7f111f86b427f798a1c9"
"851CLKE317","clark_r9",317,8,"06","01","SN","01","1","R8_CEQN","default","TREEVOLUME_FIXTURES/clark_identifiers.csv","38548071d5aa652bb90c7f111f86b427f798a1c9"
"851CLKE318","clark_r9",318,8,"06","01","SN","01","1","R8_CEQN","default","TREEVOLUME_FIXTURES/clark_identifiers.csv","38548071d5aa652bb90c7f111f86b427f798a1c9"
"851CLKE330","clark_r9",330,8,"06","01","SN","01","1","R8_CEQN","default","TREEVOLUME_FIXTURES/clark_identifiers.csv","38548071d5aa652bb90c7f111f86b427f798a1c9"
"851CLKE370","clark_r9",370,8,"06","01","SN","01","1","R8_CEQN","default","TREEVOLUME_FIXTURES/clark_identifiers.csv","38548071d5aa652bb90c7f111f86b427f798a1c9"
"851CLKE400","clark_r9",400,8,"06","01","SN","01","1","R8_CEQN","default","TREEVOLUME_FIXTURES/clark_identifiers.csv","38548071d5aa652bb90c7f111f86b427f798a1c9"
"851CLKE404","clark_r9",404,8,"06","01","SN","01","1","R8_CEQN","default","TREEVOLUME_FIXTURES/clark_identifiers.csv","38548071d5aa652bb90c7f111f86b427f798a1c9"
"851CLKE460","clark_r9",460,8,"06","01","SN","01","1","R8_CEQN","default","TREEVOLUME_FIXTURES/clark_identifiers.csv","38548071d5aa652bb90c7f111f86b427f798a1c9"
"851CLKE500","clark_r9",500,8,"06","01","SN","01","1","R8_CEQN","default","TREEVOLUME_FIXTURES/clark_identifiers.csv","38548071d5aa652bb90c7f111f86b427f798a1c9"
"851CLKE521","clark_r9",521,8,"06","01","SN","01","1","R8_CEQN","default","TREEVOLUME_FIXTURES/clark_identifiers.csv","38548071d5aa652bb90c7f111f86b427f798a1c9"
"851CLKE531","clark_r9",531,8,"06","01","SN","01","1","R8_CEQN","default","TREEVOLUME_FIXTURES/clark_identifiers.csv","38548071d5aa652bb90c7f111f86b427f798a1c9"
"851CLKE541","clark_r9",541,8,"06","01","SN","01","1","R8_CEQN","default","TREEVOLUME_FIXTURES/clark_identifiers.csv","38548071d5aa652bb90c7f111f86b427f798a1c9"
"851CLKE544","clark_r9",544,8,"06","01","SN","01","1","R8_CEQN","default","TREEVOLUME_FIXTURES/clark_identifiers.csv","38548071d5aa652bb90c7f111f86b427f798a1c9"
"851CLKE545","clark_r9",545,8,"06","01","SN","01","1","R8_CEQN","default","TREEVOLUME_FIXTURES/clark_identifiers.csv","38548071d5aa652bb90c7f111f86b427f798a1c9"
"851CLKE546","clark_r9",546,8,"06","01","SN","01","1","R8_CEQN","default","TREEVOLUME_FIXTURES/clark_identifiers.csv","38548071d5aa652bb90c7f111f86b427f798a1c9"
"851CLKE550","clark_r9",550,8,"06","01","SN","01","1","R8_CEQN","default","TREEVOLUME_FIXTURES/clark_identifiers.csv","38548071d5aa652bb90c7f111f86b427f798a1c9"
"851CLKE580","clark_r9",580,8,"06","01","SN","01","1","R8_CEQN","default","TREEVOLUME_FIXTURES/clark_identifiers.csv","38548071d5aa652bb90c7f111f86b427f798a1c9"
"851CLKE601","clark_r9",601,8,"06","01","SN","01","1","R8_CEQN","default","TREEVOLUME_FIXTURES/clark_identifiers.csv","38548071d5aa652bb90c7f111f86b427f798a1c9"
"851CLKE602","clark_r9",602,8,"06","01","SN","01","1","R8_CEQN","default","TREEVOLUME_FIXTURES/clark_identifiers.csv","38548071d5aa652bb90c7f111f86b427f798a1c9"
"851CLKE611","clark_r9",611,8,"06","01","SN","01","1","R8_CEQN","default","TREEVOLUME_FIXTURES/clark_identifiers.csv","38548071d5aa652bb90c7f111f86b427f798a1c9"
"851CLKE621","clark_r9",621,8,"06","01","SN","01","1","R8_CEQN","default","TREEVOLUME_FIXTURES/clark_identifiers.csv","38548071d5aa652bb90c7f111f86b427f798a1c9"
"851CLKE650","clark_r9",650,8,"06","01","SN","01","1","R8_CEQN","default","TREEVOLUME_FIXTURES/clark_identifiers.csv","38548071d5aa652bb90c7f111f86b427f798a1c9"
"851CLKE651","clark_r9",651,8,"06","01","SN","01","1","R8_CEQN","default","TREEVOLUME_FIXTURES/clark_identifiers.csv","38548071d5aa652bb90c7f111f86b427f798a1c9"
"851CLKE652","clark_r9",652,8,"06","01","SN","01","1","R8_CEQN","default","TREEVOLUME_FIXTURES/clark_identifiers.csv","38548071d5aa652bb90c7f111f86b427f798a1c9"
"851CLKE653","clark_r9",653,8,"06","01","SN","01","1","R8_CEQN","default","TREEVOLUME_FIXTURES/clark_identifiers.csv","38548071d5aa652bb90c7f111f86b427f798a1c9"
"851CLKE691","clark_r9",691,8,"06","01","SN","01","1","R8_CEQN","default","TREEVOLUME_FIXTURES/clark_identifiers.csv","38548071d5aa652bb90c7f111f86b427f798a1c9"
"851CLKE693","clark_r9",693,8,"06","01","SN","01","1","R8_CEQN","default","TREEVOLUME_FIXTURES/clark_identifiers.csv","38548071d5aa652bb90c7f111f86b427f798a1c9"
"851CLKE694","clark_r9",694,8,"06","01","SN","01","1","R8_CEQN","default","TREEVOLUME_FIXTURES/clark_identifiers.csv","38548071d5aa652bb90c7f111f86b427f798a1c9"
"851CLKE711","clark_r9",711,8,"06","01","SN","01","1","R8_CEQN","default","TREEVOLUME_FIXTURES/clark_identifiers.csv","38548071d5aa652bb90c7f111f86b427f798a1c9"
"851CLKE731","clark_r9",731,8,"06","01","SN","01","1","R8_CEQN","default","TREEVOLUME_FIXTURES/clark_identifiers.csv","38548071d5aa652bb90c7f111f86b427f798a1c9"
"851CLKE742","clark_r9",742,8,"06","01","SN","01","1","R8_CEQN","default","TREEVOLUME_FIXTURES/clark_identifiers.csv","38548071d5aa652bb90c7f111f86b427f798a1c9"
"851CLKE762","clark_r9",762,8,"06","01","SN","01","1","R8_CEQN","default","TREEVOLUME_FIXTURES/clark_identifiers.csv","38548071d5aa652bb90c7f111f86b427f798a1c9"
"851CLKE800","clark_r9",800,8,"06","01","SN","01","1","R8_CEQN","default","TREEVOLUME_FIXTURES/clark_identifiers.csv","38548071d5aa652bb90c7f111f86b427f798a1c9"
"851CLKE802","clark_r9",802,8,"06","01","SN","01","1","R8_CEQN","default","TREEVOLUME_FIXTURES/clark_identifiers.csv","38548071d5aa652bb90c7f111f86b427f798a1c9"
"851CLKE804","clark_r9",804,8,"06","01","SN","01","1","R8_CEQN","default","TREEVOLUME_FIXTURES/clark_identifiers.csv","38548071d5aa652bb90c7f111f86b427f798a1c9"
"851CLKE806","clark_r9",806,8,"06","01","SN","01","1","R8_CEQN","default","TREEVOLUME_FIXTURES/clark_identifiers.csv","38548071d5aa652bb90c7f111f86b427f798a1c9"
"851CLKE812","clark_r9",812,8,"06","01","SN","01","1","R8_CEQN","default","TREEVOLUME_FIXTURES/clark_identifiers.csv","38548071d5aa652bb90c7f111f86b427f798a1c9"
"851CLKE813","clark_r9",813,8,"06","01","SN","01","1","R8_CEQN","default","TREEVOLUME_FIXTURES/clark_identifiers.csv","38548071d5aa652bb90c7f111f86b427f798a1c9"
"851CLKE817","clark_r9",817,8,"06","01","SN","01","1","R8_CEQN","default","TREEVOLUME_FIXTURES/clark_identifiers.csv","38548071d5aa652bb90c7f111f86b427f798a1c9"
"851CLKE820","clark_r9",820,8,"06","01","SN","01","1","R8_CEQN","default","TREEVOLUME_FIXTURES/clark_identifiers.csv","38548071d5aa652bb90c7f111f86b427f798a1c9"
"851CLKE822","clark_r9",822,8,"06","01","SN","01","1","R8_CEQN","default","TREEVOLUME_FIXTURES/clark_identifiers.csv","38548071d5aa652bb90c7f111f86b427f798a1c9"
"851CLKE823","clark_r9",823,8,"06","01","SN","01","1","R8_CEQN","default","TREEVOLUME_FIXTURES/clark_identifiers.csv","38548071d5aa652bb90c7f111f86b427f798a1c9"
"851CLKE825","clark_r9",825,8,"06","01","SN","01","1","R8_CEQN","default","TREEVOLUME_FIXTURES/clark_identifiers.csv","38548071d5aa652bb90c7f111f86b427f798a1c9"
"851CLKE826","clark_r9",826,8,"06","01","SN","01","1","R8_CEQN","default","TREEVOLUME_FIXTURES/clark_identifiers.csv","38548071d5aa652bb90c7f111f86b427f798a1c9"
"851CLKE827","clark_r9",827,8,"06","01","SN","01","1","R8_CEQN","default","TREEVOLUME_FIXTURES/clark_identifiers.csv","38548071d5aa652bb90c7f111f86b427f798a1c9"
"851CLKE828","clark_r9",828,8,"06","01","SN","01","1","R8_CEQN","default","TREEVOLUME_FIXTURES/clark_identifiers.csv","38548071d5aa652bb90c7f111f86b427f798a1c9"
"851CLKE830","clark_r9",830,8,"06","01","SN","01","1","R8_CEQN","default","TREEVOLUME_FIXTURES/clark_identifiers.csv","38548071d5aa652bb90c7f111f86b427f798a1c9"
"851CLKE831","clark_r9",831,8,"06","01","SN","01","1","R8_CEQN","default","TREEVOLUME_FIXTURES/clark_identifiers.csv","38548071d5aa652bb90c7f111f86b427f798a1c9"
"851CLKE832","clark_r9",832,8,"06","01","SN","01","1","R8_CEQN","default","TREEVOLUME_FIXTURES/clark_identifiers.csv","38548071d5aa652bb90c7f111f86b427f798a1c9"
"851CLKE833","clark_r9",833,8,"06","01","SN","01","1","R8_CEQN","default","TREEVOLUME_FIXTURES/clark_identifiers.csv","38548071d5aa652bb90c7f111f86b427f798a1c9"
"851CLKE834","clark_r9",834,8,"06","01","SN","01","1","R8_CEQN","default","TREEVOLUME_FIXTURES/clark_identifiers.csv","38548071d5aa652bb90c7f111f86b427f798a1c9"
"851CLKE835","clark_r9",835,8,"06","01","SN","01","1","R8_CEQN","default","TREEVOLUME_FIXTURES/clark_identifiers.csv","38548071d5aa652bb90c7f111f86b427f798a1c9"
"851CLKE837","clark_r9",837,8,"06","01","SN","01","1","R8_CEQN","default","TREEVOLUME_FIXTURES/clark_identifiers.csv","38548071d5aa652bb90c7f111f86b427f798a1c9"
"851CLKE901","clark_r9",901,8,"06","01","SN","01","1","R8_CEQN","default","TREEVOLUME_FIXTURES/clark_identifiers.csv","38548071d5aa652bb90c7f111f86b427f798a1c9"
"851CLKE920","clark_r9",920,8,"06","01","SN","01","1","R8_CEQN","default","TREEVOLUME_FIXTURES/clark_identifiers.csv","38548071d5aa652bb90c7f111f86b427f798a1c9"
"851CLKE930","clark_r9",930,8,"06","01","SN","01","1","R8_CEQN","default","TREEVOLUME_FIXTURES/clark_identifiers.csv","38548071d5aa652bb90c7f111f86b427f798a1c9"
"851CLKE950","clark_r9",950,8,"06","01","SN","01","1","R8_CEQN","default","TREEVOLUME_FIXTURES/clark_identifiers.csv","38548071d5aa652bb90c7f111f86b427f798a1c9"
"851CLKE970","clark_r9",970,8,"06","01","SN","01","1","R8_CEQN","default","TREEVOLUME_FIXTURES/clark_identifiers.csv","38548071d5aa652bb90c7f111f86b427f798a1c9"
"861CLKE100","clark_r9",100,8,"09","01","SN","01","1","R8_CEQN","default","TREEVOLUME_FIXTURES/clark_identifiers.csv","38548071d5aa652bb90c7f111f86b427f798a1c9"
"861CLKE107","clark_r9",107,8,"09","01","SN","01","1","R8_CEQN","default","TREEVOLUME_FIXTURES/clark_identifiers.csv","38548071d5aa652bb90c7f111f86b427f798a1c9"
"861CLKE110","clark_r9",110,8,"09","01","SN","01","1","R8_CEQN","default","TREEVOLUME_FIXTURES/clark_identifiers.csv","38548071d5aa652bb90c7f111f86b427f798a1c9"
"861CLKE111","clark_r9",111,8,"09","01","SN","01","1","R8_CEQN","default","TREEVOLUME_FIXTURES/clark_identifiers.csv","38548071d5aa652bb90c7f111f86b427f798a1c9"
"861CLKE115","clark_r9",115,8,"09","01","SN","01","1","R8_CEQN","default","TREEVOLUME_FIXTURES/clark_identifiers.csv","38548071d5aa652bb90c7f111f86b427f798a1c9"
"861CLKE121","clark_r9",121,8,"09","01","SN","01","1","R8_CEQN","default","TREEVOLUME_FIXTURES/clark_identifiers.csv","38548071d5aa652bb90c7f111f86b427f798a1c9"
"861CLKE123","clark_r9",123,8,"09","01","SN","01","1","R8_CEQN","default","TREEVOLUME_FIXTURES/clark_identifiers.csv","38548071d5aa652bb90c7f111f86b427f798a1c9"
"861CLKE126","clark_r9",126,8,"09","01","SN","01","1","R8_CEQN","default","TREEVOLUME_FIXTURES/clark_identifiers.csv","38548071d5aa652bb90c7f111f86b427f798a1c9"
"861CLKE128","clark_r9",128,8,"09","01","SN","01","1","R8_CEQN","default","TREEVOLUME_FIXTURES/clark_identifiers.csv","38548071d5aa652bb90c7f111f86b427f798a1c9"
"861CLKE129","clark_r9",129,8,"09","01","SN","01","1","R8_CEQN","default","TREEVOLUME_FIXTURES/clark_identifiers.csv","38548071d5aa652bb90c7f111f86b427f798a1c9"
"861CLKE131","clark_r9",131,8,"09","01","SN","01","1","R8_CEQN","default","TREEVOLUME_FIXTURES/clark_identifiers.csv","38548071d5aa652bb90c7f111f86b427f798a1c9"
"861CLKE132","clark_r9",132,8,"09","01","SN","01","1","R8_CEQN","default","TREEVOLUME_FIXTURES/clark_identifiers.csv","38548071d5aa652bb90c7f111f86b427f798a1c9"
"861CLKE197","clark_r9",197,8,"09","01","SN","01","1","R8_CEQN","default","TREEVOLUME_FIXTURES/clark_identifiers.csv","38548071d5aa652bb90c7f111f86b427f798a1c9"
"861CLKE221","clark_r9",221,8,"09","01","SN","01","1","R8_CEQN","default","TREEVOLUME_FIXTURES/clark_identifiers.csv","38548071d5aa652bb90c7f111f86b427f798a1c9"
"861CLKE222","clark_r9",222,8,"09","01","SN","01","1","R8_CEQN","default","TREEVOLUME_FIXTURES/clark_identifiers.csv","38548071d5aa652bb90c7f111f86b427f798a1c9"
"861CLKE261","clark_r9",261,8,"09","01","SN","01","1","R8_CEQN","default","TREEVOLUME_FIXTURES/clark_identifiers.csv","38548071d5aa652bb90c7f111f86b427f798a1c9"
"861CLKE300","clark_r9",300,8,"09","01","SN","01","1","R8_CEQN","default","TREEVOLUME_FIXTURES/clark_identifiers.csv","38548071d5aa652bb90c7f111f86b427f798a1c9"
"861CLKE313","clark_r9",313,8,"09","01","SN","01","1","R8_CEQN","default","TREEVOLUME_FIXTURES/clark_identifiers.csv","38548071d5aa652bb90c7f111f86b427f798a1c9"
"861CLKE314","clark_r9",314,8,"09","01","SN","01","1","R8_CEQN","default","TREEVOLUME_FIXTURES/clark_identifiers.csv","38548071d5aa652bb90c7f111f86b427f798a1c9"
"861CLKE316","clark_r9",316,8,"09","01","SN","01","1","R8_CEQN","default","TREEVOLUME_FIXTURES/clark_identifiers.csv","38548071d5aa652bb90c7f111f86b427f798a1c9"
"861CLKE317","clark_r9",317,8,"09","01","SN","01","1","R8_CEQN","default","TREEVOLUME_FIXTURES/clark_identifiers.csv","38548071d5aa652bb90c7f111f86b427f798a1c9"
"861CLKE318","clark_r9",318,8,"09","01","SN","01","1","R8_CEQN","default","TREEVOLUME_FIXTURES/clark_identifiers.csv","38548071d5aa652bb90c7f111f86b427f798a1c9"
"861CLKE330","clark_r9",330,8,"09","01","SN","01","1","R8_CEQN","default","TREEVOLUME_FIXTURES/clark_identifiers.csv","38548071d5aa652bb90c7f111f86b427f798a1c9"
"861CLKE370","clark_r9",370,8,"09","01","SN","01","1","R8_CEQN","default","TREEVOLUME_FIXTURES/clark_identifiers.csv","38548071d5aa652bb90c7f111f86b427f798a1c9"
"861CLKE400","clark_r9",400,8,"09","01","SN","01","1","R8_CEQN","default","TREEVOLUME_FIXTURES/clark_identifiers.csv","38548071d5aa652bb90c7f111f86b427f798a1c9"
"861CLKE404","clark_r9",404,8,"09","01","SN","01","1","R8_CEQN","default","TREEVOLUME_FIXTURES/clark_identifiers.csv","38548071d5aa652bb90c7f111f86b427f798a1c9"
"861CLKE460","clark_r9",460,8,"09","01","SN","01","1","R8_CEQN","default","TREEVOLUME_FIXTURES/clark_identifiers.csv","38548071d5aa652bb90c7f111f86b427f798a1c9"
"861CLKE500","clark_r9",500,8,"09","01","SN","01","1","R8_CEQN","default","TREEVOLUME_FIXTURES/clark_identifiers.csv","38548071d5aa652bb90c7f111f86b427f798a1c9"
"861CLKE521","clark_r9",521,8,"09","01","SN","01","1","R8_CEQN","default","TREEVOLUME_FIXTURES/clark_identifiers.csv","38548071d5aa652bb90c7f111f86b427f798a1c9"
"861CLKE531","clark_r9",531,8,"09","01","SN","01","1","R8_CEQN","default","TREEVOLUME_FIXTURES/clark_identifiers.csv","38548071d5aa652bb90c7f111f86b427f798a1c9"
"861CLKE541","clark_r9",541,8,"09","01","SN","01","1","R8_CEQN","default","TREEVOLUME_FIXTURES/clark_identifiers.csv","38548071d5aa652bb90c7f111f86b427f798a1c9"
"861CLKE544","clark_r9",544,8,"09","01","SN","01","1","R8_CEQN","default","TREEVOLUME_FIXTURES/clark_identifiers.csv","38548071d5aa652bb90c7f111f86b427f798a1c9"
"861CLKE545","clark_r9",545,8,"09","01","SN","01","1","R8_CEQN","default","TREEVOLUME_FIXTURES/clark_identifiers.csv","38548071d5aa652bb90c7f111f86b427f798a1c9"
"861CLKE546","clark_r9",546,8,"09","01","SN","01","1","R8_CEQN","default","TREEVOLUME_FIXTURES/clark_identifiers.csv","38548071d5aa652bb90c7f111f86b427f798a1c9"
"861CLKE550","clark_r9",550,8,"09","01","SN","01","1","R8_CEQN","default","TREEVOLUME_FIXTURES/clark_identifiers.csv","38548071d5aa652bb90c7f111f86b427f798a1c9"
"861CLKE580","clark_r9",580,8,"09","01","SN","01","1","R8_CEQN","default","TREEVOLUME_FIXTURES/clark_identifiers.csv","38548071d5aa652bb90c7f111f86b427f798a1c9"
"861CLKE601","clark_r9",601,8,"09","01","SN","01","1","R8_CEQN","default","TREEVOLUME_FIXTURES/clark_identifiers.csv","38548071d5aa652bb90c7f111f86b427f798a1c9"
"861CLKE602","clark_r9",602,8,"09","01","SN","01","1","R8_CEQN","default","TREEVOLUME_FIXTURES/clark_identifiers.csv","38548071d5aa652bb90c7f111f86b427f798a1c9"
"861CLKE611","clark_r9",611,8,"09","01","SN","01","1","R8_CEQN","default","TREEVOLUME_FIXTURES/clark_identifiers.csv","38548071d5aa652bb90c7f111f86b427f798a1c9"
"861CLKE621","clark_r9",621,8,"09","01","SN","01","1","R8_CEQN","default","TREEVOLUME_FIXTURES/clark_identifiers.csv","38548071d5aa652bb90c7f111f86b427f798a1c9"
"861CLKE650","clark_r9",650,8,"09","01","SN","01","1","R8_CEQN","default","TREEVOLUME_FIXTURES/clark_identifiers.csv","38548071d5aa652bb90c7f111f86b427f798a1c9"
"861CLKE651","clark_r9",651,8,"09","01","SN","01","1","R8_CEQN","default","TREEVOLUME_FIXTURES/clark_identifiers.csv","38548071d5aa652bb90c7f111f86b427f798a1c9"
"861CLKE652","clark_r9",652,8,"09","01","SN","01","1","R8_CEQN","default","TREEVOLUME_FIXTURES/clark_identifiers.csv","38548071d5aa652bb90c7f111f86b427f798a1c9"
"861CLKE653","clark_r9",653,8,"09","01","SN","01","1","R8_CEQN","default","TREEVOLUME_FIXTURES/clark_identifiers.csv","38548071d5aa652bb90c7f111f86b427f798a1c9"
"861CLKE691","clark_r9",691,8,"09","01","SN","01","1","R8_CEQN","default","TREEVOLUME_FIXTURES/clark_identifiers.csv","38548071d5aa652bb90c7f111f86b427f798a1c9"
"861CLKE693","clark_r9",693,8,"09","01","SN","01","1","R8_CEQN","default","TREEVOLUME_FIXTURES/clark_identifiers.csv","38548071d5aa652bb90c7f111f86b427f798a1c9"
"861CLKE694","clark_r9",694,8,"09","01","SN","01","1","R8_CEQN","default","TREEVOLUME_FIXTURES/clark_identifiers.csv","38548071d5aa652bb90c7f111f86b427f798a1c9"
"861CLKE711","clark_r9",711,8,"09","01","SN","01","1","R8_CEQN","default","TREEVOLUME_FIXTURES/clark_identifiers.csv","38548071d5aa652bb90c7f111f86b427f798a1c9"
"861CLKE731","clark_r9",731,8,"09","01","SN","01","1","R8_CEQN","default","TREEVOLUME_FIXTURES/clark_identifiers.csv","38548071d5aa652bb90c7f111f86b427f798a1c9"
"861CLKE742","clark_r9",742,8,"09","01","SN","01","1","R8_CEQN","default","TREEVOLUME_FIXTURES/clark_identifiers.csv","38548071d5aa652bb90c7f111f86b427f798a1c9"
"861CLKE762","clark_r9",762,8,"09","01","SN","01","1","R8_CEQN","default","TREEVOLUME_FIXTURES/clark_identifiers.csv","38548071d5aa652bb90c7f111f86b427f798a1c9"
"861CLKE800","clark_r9",800,8,"09","01","SN","01","1","R8_CEQN","default","TREEVOLUME_FIXTURES/clark_identifiers.csv","38548071d5aa652bb90c7f111f86b427f798a1c9"
"861CLKE802","clark_r9",802,8,"09","01","SN","01","1","R8_CEQN","default","TREEVOLUME_FIXTURES/clark_identifiers.csv","38548071d5aa652bb90c7f111f86b427f798a1c9"
"861CLKE804","clark_r9",804,8,"09","01","SN","01","1","R8_CEQN","default","TREEVOLUME_FIXTURES/clark_identifiers.csv","38548071d5aa652bb90c7f111f86b427f798a1c9"
"861CLKE806","clark_r9",806,8,"09","01","SN","01","1","R8_CEQN","default","TREEVOLUME_FIXTURES/clark_identifiers.csv","38548071d5aa652bb90c7f111f86b427f798a1c9"
"861CLKE812","clark_r9",812,8,"09","01","SN","01","1","R8_CEQN","default","TREEVOLUME_FIXTURES/clark_identifiers.csv","38548071d5aa652bb90c7f111f86b427f798a1c9"
"861CLKE813","clark_r9",813,8,"09","01","SN","01","1","R8_CEQN","default","TREEVOLUME_FIXTURES/clark_identifiers.csv","38548071d5aa652bb90c7f111f86b427f798a1c9"
"861CLKE817","clark_r9",817,8,"09","01","SN","01","1","R8_CEQN","default","TREEVOLUME_FIXTURES/clark_identifiers.csv","38548071d5aa652bb90c7f111f86b427f798a1c9"
"861CLKE820","clark_r9",820,8,"09","01","SN","01","1","R8_CEQN","default","TREEVOLUME_FIXTURES/clark_identifiers.csv","38548071d5aa652bb90c7f111f86b427f798a1c9"
"861CLKE822","clark_r9",822,8,"09","01","SN","01","1","R8_CEQN","default","TREEVOLUME_FIXTURES/clark_identifiers.csv","38548071d5aa652bb90c7f111f86b427f798a1c9"
"861CLKE823","clark_r9",823,8,"09","01","SN","01","1","R8_CEQN","default","TREEVOLUME_FIXTURES/clark_identifiers.csv","38548071d5aa652bb90c7f111f86b427f798a1c9"
"861CLKE825","clark_r9",825,8,"09","01","SN","01","1","R8_CEQN","default","TREEVOLUME_FIXTURES/clark_identifiers.csv","38548071d5aa652bb90c7f111f86b427f798a1c9"
"861CLKE826","clark_r9",826,8,"09","01","SN","01","1","R8_CEQN","default","TREEVOLUME_FIXTURES/clark_identifiers.csv","38548071d5aa652bb90c7f111f86b427f798a1c9"
"861CLKE827","clark_r9",827,8,"09","01","SN","01","1","R8_CEQN","default","TREEVOLUME_FIXTURES/clark_identifiers.csv","38548071d5aa652bb90c7f111f86b427f798a1c9"
"861CLKE828","clark_r9",828,8,"09","01","SN","01","1","R8_CEQN","default","TREEVOLUME_FIXTURES/clark_identifiers.csv","38548071d5aa652bb90c7f111f86b427f798a1c9"
"861CLKE830","clark_r9",830,8,"09","01","SN","01","1","R8_CEQN","default","TREEVOLUME_FIXTURES/clark_identifiers.csv","38548071d5aa652bb90c7f111f86b427f798a1c9"
"861CLKE831","clark_r9",831,8,"09","01","SN","01","1","R8_CEQN","default","TREEVOLUME_FIXTURES/clark_identifiers.csv","38548071d5aa652bb90c7f111f86b427f798a1c9"
"861CLKE832","clark_r9",832,8,"09","01","SN","01","1","R8_CEQN","default","TREEVOLUME_FIXTURES/clark_identifiers.csv","38548071d5aa652bb90c7f111f86b427f798a1c9"
"861CLKE833","clark_r9",833,8,"09","01","SN","01","1","R8_CEQN","default","TREEVOLUME_FIXTURES/clark_identifiers.csv","38548071d5aa652bb90c7f111f86b427f798a1c9"
"861CLKE834","clark_r9",834,8,"09","01","SN","01","1","R8_CEQN","default","TREEVOLUME_FIXTURES/clark_identifiers.csv","38548071d5aa652bb90c7f111f86b427f798a1c9"
"861CLKE835","clark_r9",835,8,"09","01","SN","01","1","R8_CEQN","default","TREEVOLUME_FIXTURES/clark_identifiers.csv","38548071d5aa652bb90c7f111f86b427f798a1c9"
"861CLKE837","clark_r9",837,8,"09","01","SN","01","1","R8_CEQN","default","TREEVOLUME_FIXTURES/clark_identifiers.csv","38548071d5aa652bb90c7f111f86b427f798a1c9"
"861CLKE901","clark_r9",901,8,"09","01","SN","01","1","R8_CEQN","default","TREEVOLUME_FIXTURES/clark_identifiers.csv","38548071d5aa652bb90c7f111f86b427f798a1c9"
"861CLKE920","clark_r9",920,8,"09","01","SN","01","1","R8_CEQN","default","TREEVOLUME_FIXTURES/clark_identifiers.csv","38548071d5aa652bb90c7f111f86b427f798a1c9"
"861CLKE930","clark_r9",930,8,"09","01","SN","01","1","R8_CEQN","default","TREEVOLUME_FIXTURES/clark_identifiers.csv","38548071d5aa652bb90c7f111f86b427f798a1c9"
"861CLKE950","clark_r9",950,8,"09","01","SN","01","1","R8_CEQN","default","TREEVOLUME_FIXTURES/clark_identifiers.csv","38548071d5aa652bb90c7f111f86b427f798a1c9"
"861CLKE970","clark_r9",970,8,"09","01","SN","01","1","R8_CEQN","default","TREEVOLUME_FIXTURES/clark_identifiers.csv","38548071d5aa652bb90c7f111f86b427f798a1c9"
"871CLKE100","clark_r9",100,8,"07","06","SN","01","1","R8_CEQN","default","TREEVOLUME_FIXTURES/clark_identifiers.csv","38548071d5aa652bb90c7f111f86b427f798a1c9"
"871CLKE107","clark_r9",107,8,"07","06","SN","01","1","R8_CEQN","default","TREEVOLUME_FIXTURES/clark_identifiers.csv","38548071d5aa652bb90c7f111f86b427f798a1c9"
"871CLKE110","clark_r9",110,8,"07","06","SN","01","1","R8_CEQN","default","TREEVOLUME_FIXTURES/clark_identifiers.csv","38548071d5aa652bb90c7f111f86b427f798a1c9"
"871CLKE111","clark_r9",111,8,"07","06","SN","01","1","R8_CEQN","default","TREEVOLUME_FIXTURES/clark_identifiers.csv","38548071d5aa652bb90c7f111f86b427f798a1c9"
"871CLKE115","clark_r9",115,8,"07","06","SN","01","1","R8_CEQN","default","TREEVOLUME_FIXTURES/clark_identifiers.csv","38548071d5aa652bb90c7f111f86b427f798a1c9"
"871CLKE121","clark_r9",121,8,"07","06","SN","01","1","R8_CEQN","default","TREEVOLUME_FIXTURES/clark_identifiers.csv","38548071d5aa652bb90c7f111f86b427f798a1c9"
"871CLKE123","clark_r9",123,8,"07","06","SN","01","1","R8_CEQN","default","TREEVOLUME_FIXTURES/clark_identifiers.csv","38548071d5aa652bb90c7f111f86b427f798a1c9"
"871CLKE126","clark_r9",126,8,"07","06","SN","01","1","R8_CEQN","default","TREEVOLUME_FIXTURES/clark_identifiers.csv","38548071d5aa652bb90c7f111f86b427f798a1c9"
"871CLKE128","clark_r9",128,8,"07","06","SN","01","1","R8_CEQN","default","TREEVOLUME_FIXTURES/clark_identifiers.csv","38548071d5aa652bb90c7f111f86b427f798a1c9"
"871CLKE129","clark_r9",129,8,"07","06","SN","01","1","R8_CEQN","default","TREEVOLUME_FIXTURES/clark_identifiers.csv","38548071d5aa652bb90c7f111f86b427f798a1c9"
"871CLKE131","clark_r9",131,8,"07","06","SN","01","1","R8_CEQN","default","TREEVOLUME_FIXTURES/clark_identifiers.csv","38548071d5aa652bb90c7f111f86b427f798a1c9"
"871CLKE132","clark_r9",132,8,"07","06","SN","01","1","R8_CEQN","default","TREEVOLUME_FIXTURES/clark_identifiers.csv","38548071d5aa652bb90c7f111f86b427f798a1c9"
"871CLKE197","clark_r9",197,8,"07","06","SN","01","1","R8_CEQN","default","TREEVOLUME_FIXTURES/clark_identifiers.csv","38548071d5aa652bb90c7f111f86b427f798a1c9"
"871CLKE221","clark_r9",221,8,"07","06","SN","01","1","R8_CEQN","default","TREEVOLUME_FIXTURES/clark_identifiers.csv","38548071d5aa652bb90c7f111f86b427f798a1c9"
"871CLKE222","clark_r9",222,8,"07","06","SN","01","1","R8_CEQN","default","TREEVOLUME_FIXTURES/clark_identifiers.csv","38548071d5aa652bb90c7f111f86b427f798a1c9"
"871CLKE261","clark_r9",261,8,"07","06","SN","01","1","R8_CEQN","default","TREEVOLUME_FIXTURES/clark_identifiers.csv","38548071d5aa652bb90c7f111f86b427f798a1c9"
"871CLKE300","clark_r9",300,8,"07","06","SN","01","1","R8_CEQN","default","TREEVOLUME_FIXTURES/clark_identifiers.csv","38548071d5aa652bb90c7f111f86b427f798a1c9"
"871CLKE313","clark_r9",313,8,"07","06","SN","01","1","R8_CEQN","default","TREEVOLUME_FIXTURES/clark_identifiers.csv","38548071d5aa652bb90c7f111f86b427f798a1c9"
"871CLKE314","clark_r9",314,8,"07","06","SN","01","1","R8_CEQN","default","TREEVOLUME_FIXTURES/clark_identifiers.csv","38548071d5aa652bb90c7f111f86b427f798a1c9"
"871CLKE316","clark_r9",316,8,"07","06","SN","01","1","R8_CEQN","default","TREEVOLUME_FIXTURES/clark_identifiers.csv","38548071d5aa652bb90c7f111f86b427f798a1c9"
"871CLKE317","clark_r9",317,8,"07","06","SN","01","1","R8_CEQN","default","TREEVOLUME_FIXTURES/clark_identifiers.csv","38548071d5aa652bb90c7f111f86b427f798a1c9"
"871CLKE318","clark_r9",318,8,"07","06","SN","01","1","R8_CEQN","default","TREEVOLUME_FIXTURES/clark_identifiers.csv","38548071d5aa652bb90c7f111f86b427f798a1c9"
"871CLKE330","clark_r9",330,8,"07","06","SN","01","1","R8_CEQN","default","TREEVOLUME_FIXTURES/clark_identifiers.csv","38548071d5aa652bb90c7f111f86b427f798a1c9"
"871CLKE370","clark_r9",370,8,"07","06","SN","01","1","R8_CEQN","default","TREEVOLUME_FIXTURES/clark_identifiers.csv","38548071d5aa652bb90c7f111f86b427f798a1c9"
"871CLKE400","clark_r9",400,8,"07","06","SN","01","1","R8_CEQN","default","TREEVOLUME_FIXTURES/clark_identifiers.csv","38548071d5aa652bb90c7f111f86b427f798a1c9"
"871CLKE404","clark_r9",404,8,"07","06","SN","01","1","R8_CEQN","default","TREEVOLUME_FIXTURES/clark_identifiers.csv","38548071d5aa652bb90c7f111f86b427f798a1c9"
"871CLKE460","clark_r9",460,8,"07","06","SN","01","1","R8_CEQN","default","TREEVOLUME_FIXTURES/clark_identifiers.csv","38548071d5aa652bb90c7f111f86b427f798a1c9"
"871CLKE500","clark_r9",500,8,"07","06","SN","01","1","R8_CEQN","default","TREEVOLUME_FIXTURES/clark_identifiers.csv","38548071d5aa652bb90c7f111f86b427f798a1c9"
"871CLKE521","clark_r9",521,8,"07","06","SN","01","1","R8_CEQN","default","TREEVOLUME_FIXTURES/clark_identifiers.csv","38548071d5aa652bb90c7f111f86b427f798a1c9"
"871CLKE531","clark_r9",531,8,"07","06","SN","01","1","R8_CEQN","default","TREEVOLUME_FIXTURES/clark_identifiers.csv","38548071d5aa652bb90c7f111f86b427f798a1c9"
"871CLKE541","clark_r9",541,8,"07","06","SN","01","1","R8_CEQN","default","TREEVOLUME_FIXTURES/clark_identifiers.csv","38548071d5aa652bb90c7f111f86b427f798a1c9"
"871CLKE544","clark_r9",544,8,"07","06","SN","01","1","R8_CEQN","default","TREEVOLUME_FIXTURES/clark_identifiers.csv","38548071d5aa652bb90c7f111f86b427f798a1c9"
"871CLKE545","clark_r9",545,8,"07","06","SN","01","1","R8_CEQN","default","TREEVOLUME_FIXTURES/clark_identifiers.csv","38548071d5aa652bb90c7f111f86b427f798a1c9"
"871CLKE546","clark_r9",546,8,"07","06","SN","01","1","R8_CEQN","default","TREEVOLUME_FIXTURES/clark_identifiers.csv","38548071d5aa652bb90c7f111f86b427f798a1c9"
"871CLKE550","clark_r9",550,8,"07","06","SN","01","1","R8_CEQN","default","TREEVOLUME_FIXTURES/clark_identifiers.csv","38548071d5aa652bb90c7f111f86b427f798a1c9"
"871CLKE580","clark_r9",580,8,"07","06","SN","01","1","R8_CEQN","default","TREEVOLUME_FIXTURES/clark_identifiers.csv","38548071d5aa652bb90c7f111f86b427f798a1c9"
"871CLKE601","clark_r9",601,8,"07","06","SN","01","1","R8_CEQN","default","TREEVOLUME_FIXTURES/clark_identifiers.csv","38548071d5aa652bb90c7f111f86b427f798a1c9"
"871CLKE602","clark_r9",602,8,"07","06","SN","01","1","R8_CEQN","default","TREEVOLUME_FIXTURES/clark_identifiers.csv","38548071d5aa652bb90c7f111f86b427f798a1c9"
"871CLKE611","clark_r9",611,8,"07","06","SN","01","1","R8_CEQN","default","TREEVOLUME_FIXTURES/clark_identifiers.csv","38548071d5aa652bb90c7f111f86b427f798a1c9"
"871CLKE621","clark_r9",621,8,"07","06","SN","01","1","R8_CEQN","default","TREEVOLUME_FIXTURES/clark_identifiers.csv","38548071d5aa652bb90c7f111f86b427f798a1c9"
"871CLKE650","clark_r9",650,8,"07","06","SN","01","1","R8_CEQN","default","TREEVOLUME_FIXTURES/clark_identifiers.csv","38548071d5aa652bb90c7f111f86b427f798a1c9"
"871CLKE651","clark_r9",651,8,"07","06","SN","01","1","R8_CEQN","default","TREEVOLUME_FIXTURES/clark_identifiers.csv","38548071d5aa652bb90c7f111f86b427f798a1c9"
"871CLKE652","clark_r9",652,8,"07","06","SN","01","1","R8_CEQN","default","TREEVOLUME_FIXTURES/clark_identifiers.csv","38548071d5aa652bb90c7f111f86b427f798a1c9"
"871CLKE653","clark_r9",653,8,"07","06","SN","01","1","R8_CEQN","default","TREEVOLUME_FIXTURES/clark_identifiers.csv","38548071d5aa652bb90c7f111f86b427f798a1c9"
"871CLKE691","clark_r9",691,8,"07","06","SN","01","1","R8_CEQN","default","TREEVOLUME_FIXTURES/clark_identifiers.csv","38548071d5aa652bb90c7f111f86b427f798a1c9"
"871CLKE693","clark_r9",693,8,"07","06","SN","01","1","R8_CEQN","default","TREEVOLUME_FIXTURES/clark_identifiers.csv","38548071d5aa652bb90c7f111f86b427f798a1c9"
"871CLKE694","clark_r9",694,8,"07","06","SN","01","1","R8_CEQN","default","TREEVOLUME_FIXTURES/clark_identifiers.csv","38548071d5aa652bb90c7f111f86b427f798a1c9"
"871CLKE711","clark_r9",711,8,"07","06","SN","01","1","R8_CEQN","default","TREEVOLUME_FIXTURES/clark_identifiers.csv","38548071d5aa652bb90c7f111f86b427f798a1c9"
"871CLKE731","clark_r9",731,8,"07","06","SN","01","1","R8_CEQN","default","TREEVOLUME_FIXTURES/clark_identifiers.csv","38548071d5aa652bb90c7f111f86b427f798a1c9"
"871CLKE742","clark_r9",742,8,"07","06","SN","01","1","R8_CEQN","default","TREEVOLUME_FIXTURES/clark_identifiers.csv","38548071d5aa652bb90c7f111f86b427f798a1c9"
"871CLKE762","clark_r9",762,8,"07","06","SN","01","1","R8_CEQN","default","TREEVOLUME_FIXTURES/clark_identifiers.csv","38548071d5aa652bb90c7f111f86b427f798a1c9"
"871CLKE800","clark_r9",800,8,"07","06","SN","01","1","R8_CEQN","default","TREEVOLUME_FIXTURES/clark_identifiers.csv","38548071d5aa652bb90c7f111f86b427f798a1c9"
"871CLKE802","clark_r9",802,8,"07","06","SN","01","1","R8_CEQN","default","TREEVOLUME_FIXTURES/clark_identifiers.csv","38548071d5aa652bb90c7f111f86b427f798a1c9"
"871CLKE804","clark_r9",804,8,"07","06","SN","01","1","R8_CEQN","default","TREEVOLUME_FIXTURES/clark_identifiers.csv","38548071d5aa652bb90c7f111f86b427f798a1c9"
"871CLKE806","clark_r9",806,8,"07","06","SN","01","1","R8_CEQN","default","TREEVOLUME_FIXTURES/clark_identifiers.csv","38548071d5aa652bb90c7f111f86b427f798a1c9"
"871CLKE812","clark_r9",812,8,"07","06","SN","01","1","R8_CEQN","default","TREEVOLUME_FIXTURES/clark_identifiers.csv","38548071d5aa652bb90c7f111f86b427f798a1c9"
"871CLKE813","clark_r9",813,8,"07","06","SN","01","1","R8_CEQN","default","TREEVOLUME_FIXTURES/clark_identifiers.csv","38548071d5aa652bb90c7f111f86b427f798a1c9"
"871CLKE817","clark_r9",817,8,"07","06","SN","01","1","R8_CEQN","default","TREEVOLUME_FIXTURES/clark_identifiers.csv","38548071d5aa652bb90c7f111f86b427f798a1c9"
"871CLKE820","clark_r9",820,8,"07","06","SN","01","1","R8_CEQN","default","TREEVOLUME_FIXTURES/clark_identifiers.csv","38548071d5aa652bb90c7f111f86b427f798a1c9"
"871CLKE822","clark_r9",822,8,"07","06","SN","01","1","R8_CEQN","default","TREEVOLUME_FIXTURES/clark_identifiers.csv","38548071d5aa652bb90c7f111f86b427f798a1c9"
"871CLKE823","clark_r9",823,8,"07","06","SN","01","1","R8_CEQN","default","TREEVOLUME_FIXTURES/clark_identifiers.csv","38548071d5aa652bb90c7f111f86b427f798a1c9"
"871CLKE825","clark_r9",825,8,"07","06","SN","01","1","R8_CEQN","default","TREEVOLUME_FIXTURES/clark_identifiers.csv","38548071d5aa652bb90c7f111f86b427f798a1c9"
"871CLKE826","clark_r9",826,8,"07","06","SN","01","1","R8_CEQN","default","TREEVOLUME_FIXTURES/clark_identifiers.csv","38548071d5aa652bb90c7f111f86b427f798a1c9"
"871CLKE827","clark_r9",827,8,"07","06","SN","01","1","R8_CEQN","default","TREEVOLUME_FIXTURES/clark_identifiers.csv","38548071d5aa652bb90c7f111f86b427f798a1c9"
"871CLKE828","clark_r9",828,8,"07","06","SN","01","1","R8_CEQN","default","TREEVOLUME_FIXTURES/clark_identifiers.csv","38548071d5aa652bb90c7f111f86b427f798a1c9"
"871CLKE830","clark_r9",830,8,"07","06","SN","01","1","R8_CEQN","default","TREEVOLUME_FIXTURES/clark_identifiers.csv","38548071d5aa652bb90c7f111f86b427f798a1c9"
"871CLKE831","clark_r9",831,8,"07","06","SN","01","1","R8_CEQN","default","TREEVOLUME_FIXTURES/clark_identifiers.csv","38548071d5aa652bb90c7f111f86b427f798a1c9"
"871CLKE832","clark_r9",832,8,"07","06","SN","01","1","R8_CEQN","default","TREEVOLUME_FIXTURES/clark_identifiers.csv","38548071d5aa652bb90c7f111f86b427f798a1c9"
"871CLKE833","clark_r9",833,8,"07","06","SN","01","1","R8_CEQN","default","TREEVOLUME_FIXTURES/clark_identifiers.csv","38548071d5aa652bb90c7f111f86b427f798a1c9"
"871CLKE834","clark_r9",834,8,"07","06","SN","01","1","R8_CEQN","default","TREEVOLUME_FIXTURES/clark_identifiers.csv","38548071d5aa652bb90c7f111f86b427f798a1c9"
"871CLKE835","clark_r9",835,8,"07","06","SN","01","1","R8_CEQN","default","TREEVOLUME_FIXTURES/clark_identifiers.csv","38548071d5aa652bb90c7f111f86b427f798a1c9"
"871CLKE837","clark_r9",837,8,"07","06","SN","01","1","R8_CEQN","default","TREEVOLUME_FIXTURES/clark_identifiers.csv","38548071d5aa652bb90c7f111f86b427f798a1c9"
"871CLKE901","clark_r9",901,8,"07","06","SN","01","1","R8_CEQN","default","TREEVOLUME_FIXTURES/clark_identifiers.csv","38548071d5aa652bb90c7f111f86b427f798a1c9"
"871CLKE920","clark_r9",920,8,"07","06","SN","01","1","R8_CEQN","default","TREEVOLUME_FIXTURES/clark_identifiers.csv","38548071d5aa652bb90c7f111f86b427f798a1c9"
"871CLKE930","clark_r9",930,8,"07","06","SN","01","1","R8_CEQN","default","TREEVOLUME_FIXTURES/clark_identifiers.csv","38548071d5aa652bb90c7f111f86b427f798a1c9"
"871CLKE950","clark_r9",950,8,"07","06","SN","01","1","R8_CEQN","default","TREEVOLUME_FIXTURES/clark_identifiers.csv","38548071d5aa652bb90c7f111f86b427f798a1c9"
"871CLKE970","clark_r9",970,8,"07","06","SN","01","1","R8_CEQN","default","TREEVOLUME_FIXTURES/clark_identifiers.csv","38548071d5aa652bb90c7f111f86b427f798a1c9"
"900CLKE001","clark_r9",1,9,"02","01","LS","01","","LS","default","TREEVOLUME_FIXTURES/clark_identifiers.csv","38548071d5aa652bb90c7f111f86b427f798a1c9"
"900CLKE004","clark_r9",4,9,"14","01","NE","01","","NE","default","TREEVOLUME_FIXTURES/clark_identifiers.csv","38548071d5aa652bb90c7f111f86b427f798a1c9"
"900CLKE012","clark_r9",12,9,"02","01","LS","01","","LS","default","TREEVOLUME_FIXTURES/clark_identifiers.csv","38548071d5aa652bb90c7f111f86b427f798a1c9"
"900CLKE068","clark_r9",68,9,"02","01","LS","01","","LS","default","TREEVOLUME_FIXTURES/clark_identifiers.csv","38548071d5aa652bb90c7f111f86b427f798a1c9"
"900CLKE071","clark_r9",71,9,"02","01","LS","01","","LS","default","TREEVOLUME_FIXTURES/clark_identifiers.csv","38548071d5aa652bb90c7f111f86b427f798a1c9"
"900CLKE091","clark_r9",91,9,"02","01","LS","01","","LS","default","TREEVOLUME_FIXTURES/clark_identifiers.csv","38548071d5aa652bb90c7f111f86b427f798a1c9"
"900CLKE094","clark_r9",94,9,"02","01","LS","01","","LS","default","TREEVOLUME_FIXTURES/clark_identifiers.csv","38548071d5aa652bb90c7f111f86b427f798a1c9"
"900CLKE095","clark_r9",95,9,"02","01","LS","01","","LS","default","TREEVOLUME_FIXTURES/clark_identifiers.csv","38548071d5aa652bb90c7f111f86b427f798a1c9"
"900CLKE097","clark_r9",97,9,"14","01","NE","01","","NE","default","TREEVOLUME_FIXTURES/clark_identifiers.csv","38548071d5aa652bb90c7f111f86b427f798a1c9"
"900CLKE100","clark_r9",100,9,"01","01","SN","01","","SN","default","TREEVOLUME_FIXTURES/clark_identifiers.csv","38548071d5aa652bb90c7f111f86b427f798a1c9"
"900CLKE105","clark_r9",105,9,"02","01","LS","01","","LS","default","TREEVOLUME_FIXTURES/clark_identifiers.csv","38548071d5aa652bb90c7f111f86b427f798a1c9"
"900CLKE110","clark_r9",110,9,"05","01","CS","01","","CS","default","TREEVOLUME_FIXTURES/clark_identifiers.csv","38548071d5aa652bb90c7f111f86b427f798a1c9"
"900CLKE111","clark_r9",111,9,"01","01","SN","01","","SN","default","TREEVOLUME_FIXTURES/clark_identifiers.csv","38548071d5aa652bb90c7f111f86b427f798a1c9"
"900CLKE115","clark_r9",115,9,"01","01","SN","01","","SN","default","TREEVOLUME_FIXTURES/clark_identifiers.csv","38548071d5aa652bb90c7f111f86b427f798a1c9"
"900CLKE121","clark_r9",121,9,"01","01","SN","01","","SN","default","TREEVOLUME_FIXTURES/clark_identifiers.csv","38548071d5aa652bb90c7f111f86b427f798a1c9"
"900CLKE125","clark_r9",125,9,"02","01","LS","01","","LS","default","TREEVOLUME_FIXTURES/clark_identifiers.csv","38548071d5aa652bb90c7f111f86b427f798a1c9"
"900CLKE126","clark_r9",126,9,"01","01","SN","01","","SN","default","TREEVOLUME_FIXTURES/clark_identifiers.csv","38548071d5aa652bb90c7f111f86b427f798a1c9"
"900CLKE128","clark_r9",128,9,"01","01","SN","01","","SN","default","TREEVOLUME_FIXTURES/clark_identifiers.csv","38548071d5aa652bb90c7f111f86b427f798a1c9"
"900CLKE129","clark_r9",129,9,"02","01","LS","01","","LS","default","TREEVOLUME_FIXTURES/clark_identifiers.csv","38548071d5aa652bb90c7f111f86b427f798a1c9"
"900CLKE130","clark_r9",130,9,"02","01","LS","01","","LS","default","TREEVOLUME_FIXTURES/clark_identifiers.csv","38548071d5aa652bb90c7f111f86b427f798a1c9"
"900CLKE131","clark_r9",131,9,"05","01","CS","01","","CS","default","TREEVOLUME_FIXTURES/clark_identifiers.csv","38548071d5aa652bb90c7f111f86b427f798a1c9"
"900CLKE132","clark_r9",132,9,"05","01","CS","01","","CS","default","TREEVOLUME_FIXTURES/clark_identifiers.csv","38548071d5aa652bb90c7f111f86b427f798a1c9"
"900CLKE221","clark_r9",221,9,"05","01","CS","01","","CS","default","TREEVOLUME_FIXTURES/clark_identifiers.csv","38548071d5aa652bb90c7f111f86b427f798a1c9"
"900CLKE222","clark_r9",222,9,"01","01","SN","01","","SN","default","TREEVOLUME_FIXTURES/clark_identifiers.csv","38548071d5aa652bb90c7f111f86b427f798a1c9"
"900CLKE241","clark_r9",241,9,"02","01","LS","01","","LS","default","TREEVOLUME_FIXTURES/clark_identifiers.csv","38548071d5aa652bb90c7f111f86b427f798a1c9"
"900CLKE261","clark_r9",261,9,"02","01","LS","01","","LS","default","TREEVOLUME_FIXTURES/clark_identifiers.csv","38548071d5aa652bb90c7f111f86b427f798a1c9"
"900CLKE300","clark_r9",300,9,"02","01","LS","01","","LS","default","TREEVOLUME_FIXTURES/clark_identifiers.csv","38548071d5aa652bb90c7f111f86b427f798a1c9"
"900CLKE313","clark_r9",313,9,"02","01","LS","01","","LS","default","TREEVOLUME_FIXTURES/clark_identifiers.csv","38548071d5aa652bb90c7f111f86b427f798a1c9"
"900CLKE314","clark_r9",314,9,"02","01","LS","01","","LS","default","TREEVOLUME_FIXTURES/clark_identifiers.csv","38548071d5aa652bb90c7f111f86b427f798a1c9"
"900CLKE315","clark_r9",315,9,"02","01","LS","01","","LS","default","TREEVOLUME_FIXTURES/clark_identifiers.csv","38548071d5aa652bb90c7f111f86b427f798a1c9"
"900CLKE316","clark_r9",316,9,"02","01","LS","01","","LS","default","TREEVOLUME_FIXTURES/clark_identifiers.csv","38548071d5aa652bb90c7f111f86b427f798a1c9"
"900CLKE317","clark_r9",317,9,"02","01","LS","01","","LS","default","TREEVOLUME_FIXTURES/clark_identifiers.csv","38548071d5aa652bb90c7f111f86b427f798a1c9"
"900CLKE318","clark_r9",318,9,"02","01","LS","01","","LS","default","TREEVOLUME_FIXTURES/clark_identifiers.csv","38548071d5aa652bb90c7f111f86b427f798a1c9"
"900CLKE319","clark_r9",319,9,"02","01","LS","01","","LS","default","TREEVOLUME_FIXTURES/clark_identifiers.csv","38548071d5aa652bb90c7f111f86b427f798a1c9"
"900CLKE330","clark_r9",330,9,"14","01","NE","01","","NE","default","TREEVOLUME_FIXTURES/clark_identifiers.csv","38548071d5aa652bb90c7f111f86b427f798a1c9"
"900CLKE331","clark_r9",331,9,"05","01","CS","01","","CS","default","TREEVOLUME_FIXTURES/clark_identifiers.csv","38548071d5aa652bb90c7f111f86b427f798a1c9"
"900CLKE332","clark_r9",332,9,"14","01","NE","01","","NE","default","TREEVOLUME_FIXTURES/clark_identifiers.csv","38548071d5aa652bb90c7f111f86b427f798a1c9"
"900CLKE341","clark_r9",341,9,"14","01","NE","01","","NE","default","TREEVOLUME_FIXTURES/clark_identifiers.csv","38548071d5aa652bb90c7f111f86b427f798a1c9"
"900CLKE355","clark_r9",355,9,"14","01","NE","01","","NE","default","TREEVOLUME_FIXTURES/clark_identifiers.csv","38548071d5aa652bb90c7f111f86b427f798a1c9"
"900CLKE370","clark_r9",370,9,"01","01","SN","01","","SN","default","TREEVOLUME_FIXTURES/clark_identifiers.csv","38548071d5aa652bb90c7f111f86b427f798a1c9"
"900CLKE371","clark_r9",371,9,"02","01","LS","01","","LS","default","TREEVOLUME_FIXTURES/clark_identifiers.csv","38548071d5aa652bb90c7f111f86b427f798a1c9"
"900CLKE373","clark_r9",373,9,"05","01","CS","01","","CS","default","TREEVOLUME_FIXTURES/clark_identifiers.csv","38548071d5aa652bb90c7f111f86b427f798a1c9"
"900CLKE374","clark_r9",374,9,"14","01","NE","01","","NE","default","TREEVOLUME_FIXTURES/clark_identifiers.csv","38548071d5aa652bb90c7f111f86b427f798a1c9"
"900CLKE375","clark_r9",375,9,"02","01","LS","01","","LS","default","TREEVOLUME_FIXTURES/clark_identifiers.csv","38548071d5aa652bb90c7f111f86b427f798a1c9"
"900CLKE391","clark_r9",391,9,"02","01","LS","01","","LS","default","TREEVOLUME_FIXTURES/clark_identifiers.csv","38548071d5aa652bb90c7f111f86b427f798a1c9"
"900CLKE400","clark_r9",400,9,"05","01","CS","01","","CS","default","TREEVOLUME_FIXTURES/clark_identifiers.csv","38548071d5aa652bb90c7f111f86b427f798a1c9"
"900CLKE401","clark_r9",401,9,"05","01","CS","01","","CS","default","TREEVOLUME_FIXTURES/clark_identifiers.csv","38548071d5aa652bb90c7f111f86b427f798a1c9"
"900CLKE402","clark_r9",402,9,"02","01","LS","01","","LS","default","TREEVOLUME_FIXTURES/clark_identifiers.csv","38548071d5aa652bb90c7f111f86b427f798a1c9"
"900CLKE403","clark_r9",403,9,"02","01","LS","01","","LS","default","TREEVOLUME_FIXTURES/clark_identifiers.csv","38548071d5aa652bb90c7f111f86b427f798a1c9"
"900CLKE404","clark_r9",404,9,"05","01","CS","01","","CS","default","TREEVOLUME_FIXTURES/clark_identifiers.csv","38548071d5aa652bb90c7f111f86b427f798a1c9"
"900CLKE405","clark_r9",405,9,"05","01","CS","01","","CS","default","TREEVOLUME_FIXTURES/clark_identifiers.csv","38548071d5aa652bb90c7f111f86b427f798a1c9"
"900CLKE407","clark_r9",407,9,"02","01","LS","01","","LS","default","TREEVOLUME_FIXTURES/clark_identifiers.csv","38548071d5aa652bb90c7f111f86b427f798a1c9"
"900CLKE408","clark_r9",408,9,"05","01","CS","01","","CS","default","TREEVOLUME_FIXTURES/clark_identifiers.csv","38548071d5aa652bb90c7f111f86b427f798a1c9"
"900CLKE409","clark_r9",409,9,"05","01","CS","01","","CS","default","TREEVOLUME_FIXTURES/clark_identifiers.csv","38548071d5aa652bb90c7f111f86b427f798a1c9"
"900CLKE421","clark_r9",421,9,"02","01","LS","01","","LS","default","TREEVOLUME_FIXTURES/clark_identifiers.csv","38548071d5aa652bb90c7f111f86b427f798a1c9"
"900CLKE450","clark_r9",450,9,"05","01","CS","01","","CS","default","TREEVOLUME_FIXTURES/clark_identifiers.csv","38548071d5aa652bb90c7f111f86b427f798a1c9"
"900CLKE460","clark_r9",460,9,"05","01","CS","01","","CS","default","TREEVOLUME_FIXTURES/clark_identifiers.csv","38548071d5aa652bb90c7f111f86b427f798a1c9"
"900CLKE462","clark_r9",462,9,"02","01","LS","01","","LS","default","TREEVOLUME_FIXTURES/clark_identifiers.csv","38548071d5aa652bb90c7f111f86b427f798a1c9"
"900CLKE471","clark_r9",471,9,"05","01","CS","01","","CS","default","TREEVOLUME_FIXTURES/clark_identifiers.csv","38548071d5aa652bb90c7f111f86b427f798a1c9"
"900CLKE490","clark_r9",490,9,"05","01","CS","01","","CS","default","TREEVOLUME_FIXTURES/clark_identifiers.csv","38548071d5aa652bb90c7f111f86b427f798a1c9"
"900CLKE491","clark_r9",491,9,"02","01","LS","01","","LS","default","TREEVOLUME_FIXTURES/clark_identifiers.csv","38548071d5aa652bb90c7f111f86b427f798a1c9"
"900CLKE500","clark_r9",500,9,"02","01","LS","01","","LS","default","TREEVOLUME_FIXTURES/clark_identifiers.csv","38548071d5aa652bb90c7f111f86b427f798a1c9"
"900CLKE521","clark_r9",521,9,"05","01","CS","01","","CS","default","TREEVOLUME_FIXTURES/clark_identifiers.csv","38548071d5aa652bb90c7f111f86b427f798a1c9"
"900CLKE531","clark_r9",531,9,"02","01","LS","01","","LS","default","TREEVOLUME_FIXTURES/clark_identifiers.csv","38548071d5aa652bb90c7f111f86b427f798a1c9"
"900CLKE541","clark_r9",541,9,"02","01","LS","01","","LS","default","TREEVOLUME_FIXTURES/clark_identifiers.csv","38548071d5aa652bb90c7f111f86b427f798a1c9"
"900CLKE543","clark_r9",543,9,"02","01","LS","01","","LS","default","TREEVOLUME_FIXTURES/clark_identifiers.csv","38548071d5aa652bb90c7f111f86b427f798a1c9"
"900CLKE544","clark_r9",544,9,"02","01","LS","01","","LS","default","TREEVOLUME_FIXTURES/clark_identifiers.csv","38548071d5aa652bb90c7f111f86b427f798a1c9"
"900CLKE552","clark_r9",552,9,"05","01","CS","01","","CS","default","TREEVOLUME_FIXTURES/clark_identifiers.csv","38548071d5aa652bb90c7f111f86b427f798a1c9"
"900CLKE571","clark_r9",571,9,"05","01","CS","01","","CS","default","TREEVOLUME_FIXTURES/clark_identifiers.csv","38548071d5aa652bb90c7f111f86b427f798a1c9"
"900CLKE591","clark_r9",591,9,"14","01","NE","01","","NE","default","TREEVOLUME_FIXTURES/clark_identifiers.csv","38548071d5aa652bb90c7f111f86b427f798a1c9"
"900CLKE601","clark_r9",601,9,"02","01","LS","01","","LS","default","TREEVOLUME_FIXTURES/clark_identifiers.csv","38548071d5aa652bb90c7f111f86b427f798a1c9"
"900CLKE602","clark_r9",602,9,"02","01","LS","01","","LS","default","TREEVOLUME_FIXTURES/clark_identifiers.csv","38548071d5aa652bb90c7f111f86b427f798a1c9"
"900CLKE611","clark_r9",611,9,"05","01","CS","01","","CS","default","TREEVOLUME_FIXTURES/clark_identifiers.csv","38548071d5aa652bb90c7f111f86b427f798a1c9"
"900CLKE621","clark_r9",621,9,"05","01","CS","01","","CS","default","TREEVOLUME_FIXTURES/clark_identifiers.csv","38548071d5aa652bb90c7f111f86b427f798a1c9"
"900CLKE641","clark_r9",641,9,"05","01","CS","01","","CS","default","TREEVOLUME_FIXTURES/clark_identifiers.csv","38548071d5aa652bb90c7f111f86b427f798a1c9"
"900CLKE650","clark_r9",650,9,"14","01","NE","01","","NE","default","TREEVOLUME_FIXTURES/clark_identifiers.csv","38548071d5aa652bb90c7f111f86b427f798a1c9"
"900CLKE651","clark_r9",651,9,"05","01","CS","01","","CS","default","TREEVOLUME_FIXTURES/clark_identifiers.csv","38548071d5aa652bb90c7f111f86b427f798a1c9"
"900CLKE652","clark_r9",652,9,"01","01","SN","01","","SN","default","TREEVOLUME_FIXTURES/clark_identifiers.csv","38548071d5aa652bb90c7f111f86b427f798a1c9"
"900CLKE653","clark_r9",653,9,"05","01","CS","01","","CS","default","TREEVOLUME_FIXTURES/clark_identifiers.csv","38548071d5aa652bb90c7f111f86b427f798a1c9"
"900CLKE660","clark_r9",660,9,"02","01","LS","01","","LS","default","TREEVOLUME_FIXTURES/clark_identifiers.csv","38548071d5aa652bb90c7f111f86b427f798a1c9"
"900CLKE680","clark_r9",680,9,"05","01","CS","01","","CS","default","TREEVOLUME_FIXTURES/clark_identifiers.csv","38548071d5aa652bb90c7f111f86b427f798a1c9"
"900CLKE690","clark_r9",690,9,"05","01","CS","01","","CS","default","TREEVOLUME_FIXTURES/clark_identifiers.csv","38548071d5aa652bb90c7f111f86b427f798a1c9"
"900CLKE691","clark_r9",691,9,"05","01","CS","01","","CS","default","TREEVOLUME_FIXTURES/clark_identifiers.csv","38548071d5aa652bb90c7f111f86b427f798a1c9"
"900CLKE693","clark_r9",693,9,"02","01","LS","01","","LS","default","TREEVOLUME_FIXTURES/clark_identifiers.csv","38548071d5aa652bb90c7f111f86b427f798a1c9"
"900CLKE694","clark_r9",694,9,"05","01","CS","01","","CS","default","TREEVOLUME_FIXTURES/clark_identifiers.csv","38548071d5aa652bb90c7f111f86b427f798a1c9"
"900CLKE701","clark_r9",701,9,"02","01","LS","01","","LS","default","TREEVOLUME_FIXTURES/clark_identifiers.csv","38548071d5aa652bb90c7f111f86b427f798a1c9"
"900CLKE711","clark_r9",711,9,"05","01","CS","01","","CS","default","TREEVOLUME_FIXTURES/clark_identifiers.csv","38548071d5aa652bb90c7f111f86b427f798a1c9"
"900CLKE712","clark_r9",712,9,"14","01","NE","01","","NE","default","TREEVOLUME_FIXTURES/clark_identifiers.csv","38548071d5aa652bb90c7f111f86b427f798a1c9"
"900CLKE731","clark_r9",731,9,"02","01","LS","01","","LS","default","TREEVOLUME_FIXTURES/clark_identifiers.csv","38548071d5aa652bb90c7f111f86b427f798a1c9"
"900CLKE741","clark_r9",741,9,"02","01","LS","01","","LS","default","TREEVOLUME_FIXTURES/clark_identifiers.csv","38548071d5aa652bb90c7f111f86b427f798a1c9"
"900CLKE742","clark_r9",742,9,"02","01","LS","01","","LS","default","TREEVOLUME_FIXTURES/clark_identifiers.csv","38548071d5aa652bb90c7f111f86b427f798a1c9"
"900CLKE743","clark_r9",743,9,"02","01","LS","01","","LS","default","TREEVOLUME_FIXTURES/clark_identifiers.csv","38548071d5aa652bb90c7f111f86b427f798a1c9"
"900CLKE746","clark_r9",746,9,"02","01","LS","01","","LS","default","TREEVOLUME_FIXTURES/clark_identifiers.csv","38548071d5aa652bb90c7f111f86b427f798a1c9"
"900CLKE760","clark_r9",760,9,"14","01","NE","01","","NE","default","TREEVOLUME_FIXTURES/clark_identifiers.csv","38548071d5aa652bb90c7f111f86b427f798a1c9"
"900CLKE761","clark_r9",761,9,"02","01","LS","01","","LS","default","TREEVOLUME_FIXTURES/clark_identifiers.csv","38548071d5aa652bb90c7f111f86b427f798a1c9"
"900CLKE762","clark_r9",762,9,"02","01","LS","01","","LS","default","TREEVOLUME_FIXTURES/clark_identifiers.csv","38548071d5aa652bb90c7f111f86b427f798a1c9"
"900CLKE763","clark_r9",763,9,"02","01","LS","01","","LS","default","TREEVOLUME_FIXTURES/clark_identifiers.csv","38548071d5aa652bb90c7f111f86b427f798a1c9"
"900CLKE766","clark_r9",766,9,"02","01","LS","01","","LS","default","TREEVOLUME_FIXTURES/clark_identifiers.csv","38548071d5aa652bb90c7f111f86b427f798a1c9"
"900CLKE800","clark_r9",800,9,"01","01","SN","01","","SN","default","TREEVOLUME_FIXTURES/clark_identifiers.csv","38548071d5aa652bb90c7f111f86b427f798a1c9"
"900CLKE802","clark_r9",802,9,"02","01","LS","01","","LS","default","TREEVOLUME_FIXTURES/clark_identifiers.csv","38548071d5aa652bb90c7f111f86b427f798a1c9"
"900CLKE804","clark_r9",804,9,"02","01","LS","01","","LS","default","TREEVOLUME_FIXTURES/clark_identifiers.csv","38548071d5aa652bb90c7f111f86b427f798a1c9"
"900CLKE806","clark_r9",806,9,"05","01","CS","01","","CS","default","TREEVOLUME_FIXTURES/clark_identifiers.csv","38548071d5aa652bb90c7f111f86b427f798a1c9"
"900CLKE809","clark_r9",809,9,"02","01","LS","01","","LS","default","TREEVOLUME_FIXTURES/clark_identifiers.csv","38548071d5aa652bb90c7f111f86b427f798a1c9"
"900CLKE812","clark_r9",812,9,"05","01","CS","01","","CS","default","TREEVOLUME_FIXTURES/clark_identifiers.csv","38548071d5aa652bb90c7f111f86b427f798a1c9"
"900CLKE813","clark_r9",813,9,"05","01","CS","01","","CS","default","TREEVOLUME_FIXTURES/clark_identifiers.csv","38548071d5aa652bb90c7f111f86b427f798a1c9"
"900CLKE816","clark_r9",816,9,"05","01","CS","01","","CS","default","TREEVOLUME_FIXTURES/clark_identifiers.csv","38548071d5aa652bb90c7f111f86b427f798a1c9"
"900CLKE822","clark_r9",822,9,"01","01","SN","01","","SN","default","TREEVOLUME_FIXTURES/clark_identifiers.csv","38548071d5aa652bb90c7f111f86b427f798a1c9"
"900CLKE823","clark_r9",823,9,"02","01","LS","01","","LS","default","TREEVOLUME_FIXTURES/clark_identifiers.csv","38548071d5aa652bb90c7f111f86b427f798a1c9"
"900CLKE824","clark_r9",824,9,"05","01","CS","01","","CS","default","TREEVOLUME_FIXTURES/clark_identifiers.csv","38548071d5aa652bb90c7f111f86b427f798a1c9"
"900CLKE826","clark_r9",826,9,"02","01","LS","01","","LS","default","TREEVOLUME_FIXTURES/clark_identifiers.csv","38548071d5aa652bb90c7f111f86b427f798a1c9"
"900CLKE827","clark_r9",827,9,"01","01","SN","01","","SN","default","TREEVOLUME_FIXTURES/clark_identifiers.csv","38548071d5aa652bb90c7f111f86b427f798a1c9"
"900CLKE830","clark_r9",830,9,"05","01","CS","01","","CS","default","TREEVOLUME_FIXTURES/clark_identifiers.csv","38548071d5aa652bb90c7f111f86b427f798a1c9"
"900CLKE831","clark_r9",831,9,"14","01","NE","01","","NE","default","TREEVOLUME_FIXTURES/clark_identifiers.csv","38548071d5aa652bb90c7f111f86b427f798a1c9"
"900CLKE832","clark_r9",832,9,"05","01","CS","01","","CS","default","TREEVOLUME_FIXTURES/clark_identifiers.csv","38548071d5aa652bb90c7f111f86b427f798a1c9"
"900CLKE833","clark_r9",833,9,"02","01","LS","01","","LS","default","TREEVOLUME_FIXTURES/clark_identifiers.csv","38548071d5aa652bb90c7f111f86b427f798a1c9"
"900CLKE835","clark_r9",835,9,"05","01","CS","01","","CS","default","TREEVOLUME_FIXTURES/clark_identifiers.csv","38548071d5aa652bb90c7f111f86b427f798a1c9"
"900CLKE837","clark_r9",837,9,"02","01","LS","01","","LS","default","TREEVOLUME_FIXTURES/clark_identifiers.csv","38548071d5aa652bb90c7f111f86b427f798a1c9"
"900CLKE901","clark_r9",901,9,"02","01","LS","01","","LS","default","TREEVOLUME_FIXTURES/clark_identifiers.csv","38548071d5aa652bb90c7f111f86b427f798a1c9"
"900CLKE920","clark_r9",920,9,"02","01","LS","01","","LS","default","TREEVOLUME_FIXTURES/clark_identifiers.csv","38548071d5aa652bb90c7f111f86b427f798a1c9"
"900CLKE922","clark_r9",922,9,"02","01","LS","01","","LS","default","TREEVOLUME_FIXTURES/clark_identifiers.csv","38548071d5aa652bb90c7f111f86b427f798a1c9"
"900CLKE923","clark_r9",923,9,"02","01","LS","01","","LS","default","TREEVOLUME_FIXTURES/clark_identifiers.csv","38548071d5aa652bb90c7f111f86b427f798a1c9"
"900CLKE931","clark_r9",931,9,"02","01","LS","01","","LS","default","TREEVOLUME_FIXTURES/clark_identifiers.csv","38548071d5aa652bb90c7f111f86b427f798a1c9"
"900CLKE935","clark_r9",935,9,"02","01","LS","01","","LS","default","TREEVOLUME_FIXTURES/clark_identifiers.csv","38548071d5aa652bb90c7f111f86b427f798a1c9"
"900CLKE951","clark_r9",951,9,"02","01","LS","01","","LS","default","TREEVOLUME_FIXTURES/clark_identifiers.csv","38548071d5aa652bb90c7f111f86b427f798a1c9"
"900CLKE970","clark_r9",970,9,"05","01","CS","01","","CS","default","TREEVOLUME_FIXTURES/clark_identifiers.csv","38548071d5aa652bb90c7f111f86b427f798a1c9"
"900CLKE972","clark_r9",972,9,"02","01","LS","01","","LS","default","TREEVOLUME_FIXTURES/clark_identifiers.csv","38548071d5aa652bb90c7f111f86b427f798a1c9"
"900CLKE975","clark_r9",975,9,"02","01","LS","01","","LS","default","TREEVOLUME_FIXTURES/clark_identifiers.csv","38548071d5aa652bb90c7f111f86b427f798a1c9"
"900CLKE977","clark_r9",977,9,"02","01","LS","01","","LS","default","TREEVOLUME_FIXTURES/clark_identifiers.csv","38548071d5aa652bb90c7f111f86b427f798a1c9"
"900CLKE999","clark_r9",999,9,"02","01","LS","01","","LS","default","TREEVOLUME_FIXTURES/clark_identifiers.csv","38548071d5aa652bb90c7f111f86b427f798a1c9"
