"spcd","symbol","common","scientific"
896,"SYCU","Java plum","Syzygium cumini"
897,"TAIN2","tamarind","Tamarindus indica"
901,"ROPS","black locust","Robinia pseudoacacia"
902,"RONE","New Mexico locust","Robinia neomexicana"
906,"ACWR4","Everglades palm, paurotis-palm","Acoelorraphe wrightii"
907,"COAR","Florida silver palm","Coccothrinax argentata"
908,"CONU","coconut palm","Cocos nucifera"
909,"ROYST","royal palm spp.","Roystonea spp."
911,"SAME8","Mexican palmetto","Sabal mexicana"
912,"SAPA","cabbage palmetto","Sabal palmetto"
913,"THMO4","key thatch palm","Thrinax morrisii"
914,"THRA2","Florida thatch palm","Thrinax radiata"
915,"ARECA","other palms","Family Arecaceae not listed above"
919,"SASAD","western soapberry","Sapindus saponaria"
920,"SALIX","willow spp.","Salix spp."
921,"SAAM2","peachleaf willow","Salix amygdaloides"
922,"SANI","black willow","Salix nigra"
923,"SABE2","Bebb willow","Salix bebbiana"
924,"SABO","Bonpland willow","Salix bonplandiana"
925,"SACA5","coastal plain willow","Salix caroliniana"
926,"SAPY","balsam willow","Salix pyrifolia"
927,"SAAL2","white willow","Salix alba"
928,"SASC","Scouler's willow","Salix scouleriana"
929,"SASE10","weeping willow","Salix x sepulcralis"
931,"SAAL5","sassafras","Sassafras albidum"
934,"SORBU","mountain-ash spp.","Sorbus spp."
935,"SOAM3","American mountain-ash","Sorbus americana"
936,"SOAU","European mountain-ash","Sorbus aucuparia"
937,"SODE3","northern mountain-ash","Sorbus decora"
940,"SWMA2","West Indian mahogany","Swietenia mahagoni"
950,"TILIA","basswood spp.","Tilia spp."
951,"TIAM","American basswood","Tilia americana"
952,"TIAMH","white basswood","Tilia americana"
953,"TIAMC","Carolina basswood","Tilia americana"
970,"ULMUS","elm spp.","Ulmus spp."
971,"ULAL","winged elm","Ulmus alata"
972,"ULAM","American elm","Ulmus americana"
973,"ULCR","cedar elm","Ulmus crassifolia"
974,"ULPU","Siberian elm","Ulmus pumila"
975,"ULRU","slippery elm","Ulmus rubra"
976,"ULSE","September elm","Ulmus serotina"
977,"ULTH","rock elm","Ulmus thomasii"
981,"UMCA","California laurel","Umbellularia californica"
982,"YUBR","Joshua tree","Yucca brevifolia"
986,"AVGE","black mangrove","Avicennia germinans"
6651,"CLRO","Scotch attorney","Clusia rosea"
6652,"CLUSI","attorney","Clusia spp."
6653,"CNHO","deepwoods fern","Cnemidaria horrida"
6655,"CNAC","treadsoftly","Cnidoscolus aconitifolius"
6658,"COCO8","uvilla","Coccoloba costata"
6660,"COKR","whitewood","Coccoloba krugii"
6661,"COMI","puckhout","Coccoloba microstachya"
6662,"COPA24","pale seagrape","Coccoloba pallida"
6663,"COPU","grandleaf seagrape","Coccoloba pubescens"
6664,"COPY","uvera","Coccoloba pyrifolia"
6665,"CORU4","ortegon","Coccoloba rugosa"
6666,"COSI2","uvero de monte","Coccoloba sintenisii"
6668,"COSW","Swartz's pigeonplum","Coccoloba swartzii"
6669,"COTE9","Bahama pigeonplum","Coccoloba tenuifolia"
6670,"COUV","seagrape","Coccoloba uvifera"
6671,"COVE","false chiggergrape","Coccoloba venosa"
6673,"COBA3","Coccothrinax barbadensis","Coccothrinax barbadensis"
6679,"COVI","silk cottontree","Cochlospermum vitifolium"
6681,"COCOS","coconut palm","Cocos spp."
6683,"COVA3","garden croton","Codiaeum variegatum"
6684,"COAR2","Arabian coffee","Coffea arabica"
6685,"CORO8","robusta coffee","Coffea robusta"
6686,"COLI8","Coffea liberica","Coffea liberica"
6687,"COFFE","coffee","Coffea spp."
6688,"COAR9","Cojoba arborea","Cojoba arborea"
6689,"COAC4","abata cola","Cola acuminata"
6691,"COSC13","uab, chuchab","Colona scabra"
6693,"COAR3","greenheart, common snakebark","Colubrina arborescens"
6694,"COAS3","Asian nakedwood","Colubrina asiatica"
6696,"PRLA5","cherry laurel","Prunus laurocerasus"
6697,"COOP","kauila","Colubrina oppositifolia"
6699,"COLUB","nakedwood","Colubrina spp."
6700,"COVE6","Urban's nakedwood","Colubrina verrucosa"
6702,"COTE15","ochaol","Combretum tetralophum"
6703,"COBA17","Mao","Commersonia bartramia"
6705,"CODO","poison ash","Comocladia dodonaea"
6706,"COGL4","carrasco","Comocladia glabra"
6707,"PRSE3","Japanese flowering cherry","Prunus serrulata"
6709,"CONOC","mangrove","Conocarpus spp."
6710,"CORU17","Luquillo Mountain snailwood","Conostegia rufescens"
6711,"COMO8","Consolea moniliformis","Consolea moniliformis"
6712,"CORU8","Consolea rubescens","Consolea rubescens"
6714,"COOF2","copaiba","Copaifera officinalis"
6716,"COFO2","forest mirrorplant","Coprosma foliosa"
6717,"COKA","koi","Coprosma kauensis"
6718,"COLO4","Oahu mirrorplant","Coprosma longifolia"
6719,"COMO3","alpine mirrorplant","Coprosma montana"
6720,"COOC3","Maui mirrorplant","Coprosma ochracea"
6721,"COPU8","pubescent mirrorplant","Coprosma pubens"
6722,"CORH","woodland mirrorplant","Coprosma rhynchocarpa"
6724,"COPRO","mirrorplant","Coprosma spp."
6726,"COWA4","olena","Coprosma waimeae"
7355,"HEME5","thinleaf camasey","Henriettea membranifolia"
7357,"HESQ","jusillo","Henriettea squamulosum"
7359,"HELI9","ufa","Heritiera littoralis"
7360,"HELO12","ufa halemtano","Heritiera longipetiolata"
7362,"HERIT2","Heritiera","Heritiera spp."
7363,"HEMO13","pipi","Hernandia moerenhoutiana"
7364,"HENY","pua, Chinese lantern tree","Hernandia nymphaeifolia"
7365,"HEOV4","Hernandia ovigera","Hernandia ovigera"
7366,"HESO","mago","Hernandia sonora"
7367,"HERNA","Hernandia","Hernandia spp."
7368,"HELA27","Hernandia labyrinthica","Hernandia labyrinthica"
7370,"HEAR9","Lanai island-aster","Hesperomannia arborescens"
7371,"HEAR10","Maui island-aster","Hesperomannia arbuscula"
7372,"HELY","Kauai island-aster","Hesperomannia lydgatei"
7373,"HESPE8","island-aster","Hesperomannia spp."
7374,"HEAR5","toyon","Heteromeles arbutifolia"
7376,"HETER5","toyon","Heteromeles spp."
7377,"HEEL9","palma brava","Heterospathe elata"
7381,"HEBR8","para rubber tree","Hevea brasiliensis"
7384,"HIBO2","hau kuahiwi","Hibiscadelphus bombycinus"
7385,"HICR","lava hau kuahiwi","Hibiscadelphus crucibracteatus"
7386,"HIDI","Kauai hau kuahiwi","Hibiscadelphus distans"
7387,"HIGI","Kilauea hau kuahiwi","Hibiscadelphus giffardianus"
7388,"HIHU","Hualalai hau kuahiwi","Hibiscadelphus hualalaiensis"
7389,"HIPU2","hau kuahiwi","Hibiscadelphus x puakuahiwi"
7390,"HIBIS","hibiscadelphus","Hibiscadelphus spp."
7391,"HIWI","Maui hau kuahiwi","Hibiscadelphus wilderianus"
7392,"HIWO","Woods hau kuahiwi","Hibiscadelphus woodii"
7393,"HIAR","white rosemallow","Hibiscus arnottianus"
7397,"HIBR","Brackenridges rosemallow","Hibiscus brackenridgei"
7401,"HICA6","lemonyellow rosemallow","Hibiscus calyphyllus"
7402,"HICL","red Kauai rosemallow","Hibiscus clayi"
7403,"HIEL","mahoe","Hibiscus elatus"
7404,"HIKO","red rosemallow","Hibiscus kokio"
7407,"HIMA5","largeleaf rosemallow","Hibiscus macrophyllus"
7408,"HIMU3","Dixie rosemallow","Hibiscus mutabilis"
7409,"HIPE3","seaside mahoe","Hibiscus pernambucensis"
7410,"HIRO3","shoeblackplant","Hibiscus rosa-sinensis"
7411,"HIBIS2","rosemallow","Hibiscus spp."
7412,"HITI","sea hibiscus","Hibiscus tiliaceus"
7413,"HIWA","white Kauai rosemallow","Hibiscus waimeae"
7418,"HIRU2","teta de burra cinarron","Hirtella rugosa"
7420,"HITR3","pigeonberry","Hirtella triandra"
7422,"HORA","white cogwood","Homalium racemosum"
7424,"HOWH","Homalium whitmeeanum","Homalium whitmeeanum"
7427,"HOAM2","chemeklachel, eumail","Horsfieldia amklaal"
7428,"HONO2","ersachel","Horsfieldia novoguineensis"
7429,"HONU2","Horsfieldia nunu","Horsfieldia nunu"
7430,"HOPA10","chersachel","Horsfieldia palauensis"
7431,"HORSF2","Horsfieldia","Horsfieldia spp."
7432,"HODU2","Japanese raisintree","Hovenia dulcis"
7433,"HOFO","sentrypalm","Howeia forsteriana"
7434,"HUCR","sandbox tree","Hura crepitans"
7438,"HYCL","cedro macho","Hyeronima clusioides"
7440,"HYLOC","nightblooming cactus","Hylocereus spp."
7441,"HYUN3","nightblooming cactus","Hylocereus undatus"
7442,"HYCO","stinkingtoe","Hymenaea courbaril"
7445,"HYTR","inkwood","Hypelate trifoliata"
7446,"HYLA8","limestone snakevine","Hyperbaena laurifolia"
7448,"HYCA11","Canary Island St. Johnswort","Hypericum canariense"
7453,"ILAN","Hawaii holly","Ilex anomala"
7454,"ILAQ80","English holly","Ilex aquifolium"
8143,"PHGR11","aquilon prieto","Phialanthus grandifolius"
8144,"PHMY","candlewood","Phialanthus myrtilloides"
8146,"PHNI11","Phaleria nisidai","Phaleria nisidai"
8151,"PHCA13","Canary Island date palm","Phoenix canariensis"
8152,"PHDA4","date palm","Phoenix dactylifera"
8153,"PHOEN2","date palm","Phoenix spp."
8154,"PHSY3","date palm","Phoenix sylvestris"
8155,"PHDA5","Chinese photinia","Photinia davidiana"
8156,"PHFR9","Fraser's photinia","Photinia x fraseri"
8157,"PHAC3","Tahitian gooseberry tree","Phyllanthus acidus"
8159,"PHDI10","pamakani mahu","Phyllanthus distichus"
8160,"PHJU2","gamo de costa","Phyllanthus juglandifolius"
8162,"PHOR10","Phyllanthus orbicularis","Phyllanthus orbicularis"
8164,"PIPE","Florida bitterbush","Picramnia pentandra"
8167,"PIEX","bitterwood","Picrasma excelsa"
8169,"PIAC","fustic","Pictetia aculeata"
8171,"PIRA3","aceitillo","Pilocarpus racemosus"
8173,"PIRO6","Royen's tree cactus","Pilosocereus royenii"
8175,"PIDI2","allspice","Pimenta dioica"
8177,"PIRA","bayrumtree","Pimenta racemosa"
8178,"PIRAG","bayrumtree","Pimenta racemosa"
8180,"PIMEN","Pimenta","Pimenta spp."
8181,"PIIN5","chebouch, demailei","Pinanga insignis"
8182,"PIRO2","Indian longleaf pine","Pinus roxburghii"
8183,"PICA18","Caribbean pine","Pinus caribaea"
8184,"PIMA11","Chinese red pine","Pinus massoniana"
8185,"PIME2","Merkus pine","Pinus merkusii"
8186,"PIOO2","ocote chino","Pinus oocarpa"
8187,"PIPA13","Mexican weeping pine","Pinus patula"
8188,"PIPI6","maritime pine","Pinus pinaster"
8189,"PIDE5","Japanese red pine","Pinus densiflora"
8190,"PIAD","higuillo de hoja menuda","Piper aduncum"
8191,"PIAM2","higuillo de limon","Piper amalago"
8192,"PIBL","moth pepper","Piper blattarum"
8193,"PIGL3","Guyanese pepper","Piper glabrescens"
8194,"PIHI2","Jamaican pepper","Piper hispidum"
8195,"PIJA","Caracas pepper","Piper jacquemontianum"
8196,"PIMA4","marigold pepper","Piper marginatum"
8197,"PIPA12","five-needle pine","Pinus parviflora"
8199,"PISW","spanish elder","Piper swartzianum"
8200,"PIBU2","Bunge's pine","Pinus bungeana"
8203,"PIPI7","Italian stone pine","Pinus pinea"
8205,"PIAL2","Waimea pipturus","Pipturus albidus"
8206,"PIAR8","soga","Pipturus argenteus"
8207,"PIPTU","pipturus","Pipturus spp."
8208,"PICA5","stinkwood","Piscidia carthagenensis"
8210,"PISCI","piscidia","Piscidia spp."
8211,"PIAL3","corcho bobo","Pisonia albida"
8212,"PIBR3","Australasian catchbirdtree","Pisonia brunoniana"
8213,"PIGR6","grand devils-claws","Pisonia grandis"
8214,"PISA5","aulu","Pisonia sandwicensis"
987,"COER2","buttonwood-mangrove","Conocarpus erectus"
8216,"PISU","water mampoo","Pisonia subcordata"
8217,"PIUM2","umbrella catchbirdtree","Pisonia umbellifera"
8218,"PIWA2","Kauai catchbirdtree","Pisonia wagneriana"
8219,"PICH4","Chinese pistache","Pistacia chinensis"
8220,"PIDU","monkeypod","Pithecellobium dulce"
8223,"PIUN","catclaw blackbead","Pithecellobium unguis-cati"
8224,"PIMO4","Mona cheesewood, Pittosporum","Pittosporum monae"
8225,"PIFE3","kamal","Pittosporum ferrugineum"
8226,"PIAR4","Hawaii poisonberry tree","Pittosporum argentifolium"
8227,"PICO4","hoawa","Pittosporum confertiflorum"
8228,"PIFL4","Waianae Range cheesewood","Pittosporum flocculosum"
8229,"PIGA2","Waialeale cheesewood","Pittosporum gayanum"
8230,"PIGL4","Koolau Range cheesewood","Pittosporum glabrum"
8231,"PIHA3","hoawa","Pittosporum halophilum"
8232,"PIHA4","Hawaii cheesewood","Pittosporum hawaiiense"
8233,"PIHO","Kona cheesewood","Pittosporum hosmeri"
8234,"PIKA3","Kauai cheesewood","Pittosporum kauaiense"
8235,"PINA","royal cheesewood","Pittosporum napaliense"
8236,"PIPE8","Taiwanese cheesewood","Pittosporum pentandrum"
8238,"PITTO","cheesewood","Pittosporum spp."
8239,"PITE5","cream cheesewood","Pittosporum terminalioides"
8240,"PIUN2","Australian cheesewood","Pittosporum undulatum"
8241,"PIVI5","cape cheesewood","Pittosporum viridiflorum"
8242,"PLGA2","alaa","Planchonella garberi"
8243,"PLGR11","alaa","Planchonella grayana"
8244,"PLLI6","alaa","Planchonella linggensis"
8246,"PLSA9","mamalava","Planchonella samoensis"
8247,"PLANC","Planchonella","Planchonella spp."
8248,"PLTO2","mamalava","Planchonella torricellensis"
8249,"PLOR80","Oriental arborvitae","Platycladus orientalis"
8250,"PLRE4","Hawaii pilo kea","Platydesma remyi"
8251,"PLSP3","Maui pilo kea","Platydesma spathulata"
8252,"PLATY","platydesma","Platydesma spp."
8253,"PLHY3","London planetree","Platanus hybrida"
8254,"PLOR6","Oriental planetree","Platanus orientalis"
8255,"PLMA6","chupa gallo","Pleodendron macranthum"
8256,"PLME9","Mexican sycamore","Platanus mexicana"
8257,"PLAU2","golden hala pepe","Pleomele aurea"
8258,"PLAU5","Maui hala pepe","Pleomele auwahiensis"
8259,"PLFE","Lanai hala pepe","Pleomele fernaldii"
8260,"PLFO2","Waianae Range hala pepe","Pleomele forbesii"
8261,"PLHA3","royal hala pepe","Pleomele halapepe"
8262,"PLHA4","Hawaii hala pepe","Pleomele hawaiiensis"
8263,"PLEOM","hala pepe","Pleomele spp."
8266,"PLAL","nosegaytree","Plumeria alba"
8268,"PLOB2","Singapore graveyard flower","Plumeria obtusa"
8269,"PLOBO","Plumeria obtusa","Plumeria obtusa"
8271,"PLRU2","templetree","Plumeria rubra"
8272,"PLUME","Plumeria","Plumeria spp."
8273,"POCO3","yucca plum pine","Podocarpus coriaceus"
8274,"POMA32","yew plum pine","Podocarpus macrophyllus"
8275,"POFL20","Poitea florida","Poitea florida"
8276,"POPU19","Poitea punicea","Poitea punicea"
8279,"POCO5","violet tree","Polygala cowellii"
8280,"POPE13","crevajosa","Polygala penaea"
8283,"POGR28","bungaruau","Polyscias grandifolia"
8284,"POGU","geranium aralia","Polyscias guilfoylei"
8285,"POMA","Polyscias macgillivrayi","Polyscias macgillivrayi"
8286,"PONO10","bngei","Polyscias nodosa"
6728,"COAL","Spanish elm","Cordia alliodora"
8288,"POSC10","shield aralia","Polyscias scutellaria"
8289,"POLYS4","Polyscias","Polyscias spp."
8290,"POPI12","tava","Pometia pinnata"
8292,"POHO","kattai","Ponapea hosinoi"
8293,"POLE21","Ponapea ledermanniana","Ponapea ledermanniana"
8294,"PONAP","Ponapea","Ponapea spp."
8295,"POPI4","kisaks","Pongamia pinnata"
8296,"POTR4","hardy orange","Poncirus trifoliata"
8297,"POCA43","Abiu","Pouteria caimito"
8298,"POCA6","elangel, chelangel","Pouteria calcarea"
8299,"POCA23","eggfruit","Pouteria campechiana"
8300,"PODI5","cocuyo","Pouteria dictyoneura"
8301,"POHO4","redmammee","Pouteria hotteana"
8302,"POMU6","bullytree","Pouteria multiflora"
8303,"POOB8","lalahag","Pouteria obovata"
8304,"POSA11","alaa","Pouteria sandwicensis"
8305,"POSA13","mammee sapote","Pouteria sapota"
8306,"POUTE","pouteria","Pouteria spp."
8307,"PROB","ahgao","Premna obtusifolia"
8308,"PRPU5","Premna pubescens","Premna pubescens"
8309,"PRSE6","aloalo","Premna serratifolia"
8310,"PREMN","Premna","Premna spp."
8311,"PRACM","Prestoea acuminata","Prestoea acuminata"
8313,"POCA19","Carolina poplar","Populus x canadensis"
8314,"POCA14","gray poplar","Populus x canescens"
8315,"PRAF","Hawaii pritchardia","Pritchardia affinis"
8316,"PRAR2","Maui pritchardia","Pritchardia arecina"
8317,"PRBE","Kilauea pritchardia","Pritchardia beccariana"
8318,"PRFO","Mt. Eke pritchardia","Pritchardia forbesiana"
8319,"PRHA2","Makaleha pritchardia","Pritchardia hardyi"
8320,"PRHI","loulu lelo","Pritchardia hillebrandii"
8321,"PRKA","Waianae Range pritchardia","Pritchardia kaalae"
8322,"PRLA3","Lanai pritchardia","Pritchardia lanaiensis"
8323,"PRLA4","loulu","Pritchardia lanigera"
8324,"PRLI2","Limahuli Valley pritchardia","Pritchardia limahuliensis"
8325,"PRLO2","Molokai pritchardia","Pritchardia lowreyana"
8326,"PRMA5","Koolau Range pritchardia","Pritchardia martii"
8327,"PRMI3","Alakai Swamp pritchardia","Pritchardia minor"
8328,"PRMU3","Kamalo pritchardia","Pritchardia munroi"
8329,"PRPA11","fan palm","Pritchardia pacifica"
8330,"PRPE7","Waioli Valley pritchardia","Pritchardia perlmanii"
8331,"PRRE","Nihoa pritchardia","Pritchardia remota"
8336,"PRSC","lands of papa pritchardia","Pritchardia schattaueri"
8337,"PRITC","pritchardia","Pritchardia spp."
8338,"PRVI2","stickybud pritchardia","Pritchardia viscosa"
8339,"PRWA","poleline pritchardia","Pritchardia waialealeana"
8340,"PRCR2","guasimilla","Prockia crucis"
8341,"PRPE6","fua lole","Procris pedunculata"
8342,"PRCI4","jand","Prosopis cineraria"
8343,"PRJU","mesquite","Prosopis juliflora"
8344,"PRPA4","kiawe","Prosopis pallida"
8345,"PRCA","Carolina laurelcherry","Prunus caroliniana"
8346,"PRMY","West Indian cherry","Prunus myrtifolia"
8347,"PROC","western cherry laurel","Prunus occidentalis"
8348,"PRCE2","cherry plum","Prunus cerasifera"
8349,"PRSEC","Prunus serotina","Prunus serotina"
8351,"PRDU","sweet almond","Prunus dulcis"
8352,"PSSP2","false breadnut","Pseudolmedia spuria"
8353,"PSSA","Florida cherry palm","Pseudophoenix sargentii"
8354,"PSAM","mountain guava","Psidium amplexicaule"
8355,"PSCA","strawberry guava","Psidium cattleianum"
7455,"ILCA","dahoon","Ilex cassine"
8357,"PRYE","Yoshino flowering cherry","Prunus x yedoensis"
8358,"PSLOO","Psidium longipes","Psidium longipes"
8359,"PSSI2","Sintenis' guava","Psidium sintenisii"
8360,"PRSA3","Japanese plum","Prunus salicina"
8361,"PSBE","cachimbo-cumun","Psychotria berteriana"
8362,"PSBR2","palo de cachimbo","Psychotria brachiata"
8363,"PSBR3","Browne's wild coffee","Psychotria brownei"
8364,"PSDO2","Psychotria domingensis","Psychotria domingensis"
8365,"PSFA","Koolau Range wild coffee","Psychotria fauriei"
8366,"PSGR","largeflower wild coffee","Psychotria grandiflora"
8367,"PSGR2","cachimbo grande","Psychotria grandis"
8368,"PSCA18","chimei","Psychotria carolinensis"
8369,"PSGR3","Kauai wild coffee","Psychotria greenwelliae"
8370,"PSHA2","Waianae Range wild coffee","Psychotria hathewayi"
8373,"PSHA3","kopikoula","Psychotria hawaiiensis"
8377,"PSHE2","woodland wild coffee","Psychotria hexandra"
8382,"PSHEO","Oahu wild coffee","Psychotria hexandra"
8386,"PSHO","milolii kopiwai","Psychotria hobdyi"
8387,"PSIN10","matalafi","Psychotria insularum"
8388,"PSKA","kopiko kea","Psychotria kaduana"
8389,"PSMA4","cachimbo de gato","Psychotria maleolens"
8390,"PSYMAR","aplohkateng","Psychotria mariana"
8391,"PSMA5","cachimbo de maricao","Psychotria maricaensis"
8392,"PSMA6","forest wild coffee","Psychotria mariniana"
8393,"PSMA7","opiko","Psychotria mauiensis"
8394,"PSMI","thicket wild coffee","Psychotria microdon"
8395,"PSNU2","floating balsamo","Psychotria nutans"
8397,"PSPU","hairy wild coffee","Psychotria pubescens"
8398,"PSRH2","Psychotria rhombocarpa","Psychotria rhombocarpa"
8399,"PSRO2","Psychotria rotensis","Psychotria rotensis"
8400,"PSYCH","wild coffee","Psychotria spp."
8401,"PSWA2","leatherleaf wild coffee","Psychotria wawrae"
8402,"PSOD","alahee","Psydrax odorata"
8403,"PTTR","common hoptree","Ptelea trifoliata"
8404,"PTKA","Kauai pteralyxia","Pteralyxia kauaiensis"
8405,"PTMA","ridged pteralyxia","Pteralyxia macrocarpa"
8406,"PTERA","pteralyxia","Pteralyxia spp."
8407,"PTIN2","pterocarpus","Pterocarpus indicus"
8408,"PTMA7","Burma padauk","Pterocarpus macrocarpus"
8409,"PTMA3","Malabar kino","Pterocarpus marsupium"
8410,"PTOF","dragonsblood tree","Pterocarpus officinalis"
8411,"PTST80","Chinese wingnut","Pterocarya stenoptera"
8412,"PTLE3","Ptychococcus ledermannianus","Ptychococcus ledermannianus"
8413,"PSCH4","Psychotria cheathamiana","Psychotria cheathamiana"
8415,"PTMA8","Macarthur feather palm","Ptychosperma macarthuri"
8416,"PTPA","chesdbuuch","Ptychosperma palauense"
8418,"PTYCH4","Ptychosperma","Ptychosperma spp."
8419,"PUGR2","pomegranate","Punica granatum"
8420,"PYRUS","pear spp.","Pyrus spp."
8421,"PYCA80","Callery pear","Pyrus calleryana"
8422,"QUTU","swizzlestick tree","Quararibea turbinata"
8423,"PYCO","common pear","Pyrus communis"
8424,"QUSU5","cork oak","Quercus suber"
8425,"RAAC","white indigoberry","Randia aculeata"
8426,"PYPY2","Chinese pear","Pyrus pyrifolia"
8427,"QUAC80","sawtooth oak","Quercus acutissima"
8429,"QUAU","bastard white oak","Quercus austrina"
8215,"PISON","catchbirdtree","Pisonia spp."
8431,"RAVO","poison devils-pepper","Rauvolfia vomitoria"
8432,"RAIN8","omechidel","Rauvolfia insularis"
8433,"RANI2","palo amargo","Rauvolfia nitida"
8434,"RASA3","devils-pepper","Rauvolfia sandwicensis"
8435,"RAUVO","devils-pepper","Rauvolfia spp."
8436,"RAMA7","traveler's tree","Ravenala madagascariensis"
8437,"QUCE","European turkey oak","Quercus cerris"
8438,"QUFU","Texas live oak","Quercus fusiformis"
8439,"RAUR","tortugo prieto","Ravenia urbanii"
8440,"RELA","vi vao","Reynoldsia lanutoensis"
8441,"QUGE2","sand live oak","Quercus geminata"
8442,"RESA","ohe makai","Reynoldsia sandwicensis"
8443,"REYNO","reynoldsia","Reynoldsia spp."
8444,"REGU","guama","Reynosia guama"
8445,"REKR","Krug's darlingplum","Reynosia krugii"
8447,"REUN","sloe","Reynosia uncinata"
8449,"QUHE2","Darlington oak","Quercus hemisphaerica"
8450,"QUIL2","holly oak","Quercus ilex"
8453,"QUPU","pungent oak","Quercus pungens"
8455,"QUTA","lateleaf oak","Quercus tardifolia"
8456,"RHED4","Rheeda","Rheedia edulis"
8457,"QUTO2","Toumey oak","Quercus toumeyi"
8458,"RHAP2","mangle","Rhizophora apiculata"
8459,"QUTU2","Sonoran scrub oak","Quercus turbinella"
8460,"RHLA12","Rhizophora lamarckii","Rhizophora lamarckii"
8461,"QUVA5","sandpaper oak","Quercus vaseyana"
8462,"RHMU","mangle hembra","Rhizophora mucronata"
8463,"RHIZO","mangrove","Rhizophora spp."
8464,"RHST8","Rhizophora stylosa","Rhizophora stylosa"
8465,"RHODO2","rose myrtle","Rhodomyrtus spp."
8466,"RHTO10","Rhodomyrtus tomentosus","Rhodomyrtus tomentosa"
8467,"RHSA2","neneleau","Rhus sandwicensis"
8468,"RHUS","sumac","Rhus spp."
8469,"RHTA","tavai","Rhus taitensis"
8470,"RHLA11","African sumac","Rhus lancea"
8471,"RHCA8","Catawba rosebay","Rhododendron catawbiense"
8472,"RICO3","castorbean","Ricinus communis"
8473,"RICIN","ricinus","Ricinus spp."
8474,"RICA16","Rinorea carolinensis","Rinorea carolinensis"
8475,"RHCO","winged sumac","Rhus copallinum"
8476,"ROAC2","greenheart ebony","Rochefortia acanthophora"
8477,"RHGL","smooth sumac","Rhus glabra"
8478,"ROSP8","Rochefortia spinosa","Rochefortia spinosa"
8479,"RHLA3","prairie sumac","Rhus lanceolata"
8480,"RODE5","Rollinia","Rollinia deliciosa"
8481,"ROMU3","wild sugar apple","Rollinia mucosa"
8483,"ROIN4","cordobancillo","Rondeletia inermis"
8484,"ROPI3","cordobancillo peludo","Rondeletia pilosa"
8485,"ROPO","Juan Tomas","Rondeletia portoricensis"
8486,"ROHI","bristly locust","Robinia hispida"
8487,"QUSIB","bastard oak","Quercus sinuata"
8489,"ROBO","Puerto Rico royal palm","Roystonea borinquena"
8490,"ROEL","Roystonea elata","Roystonea elata"
8491,"ROOL","royal palm","Roystonea oleracea"
8492,"QURO3","robust oak","Quercus robusta"
8494,"SACA","Puerto Rico palmetto","Sabal causiarum"
8495,"SAMI8","dwarf palmetto","Sabal minor"
8499,"SAUM3","white hogwood","Sagraea umbrosa"
8501,"SAHU","Salix humboldtiana","Salix humboldtiana"
8502,"SADI","pussy willow","Salix discolor"
8503,"SAIN13","etkeam, cheskeam","Samadera indica"
8287,"POSA27","tagitagi","Polyscias samoensis"
8505,"SASA10","raintree","Samanea saman"
8506,"SAMAN","raintree","Samanea spp."
8507,"SASI2","Sitka willow","Salix sitchensis"
8508,"SAGO","Goodding's willow","Salix gooddingii"
8509,"SANIC4","common elderberry","Sambucus nigra"
8510,"SAMBU","raintree","Sambucus spp."
8511,"QUGR2","Graves oak","Quercus gravesii"
8512,"QUPO2","Mexican white oak","Quercus polymorpha"
8513,"QUBU2","Buckley oak","Quercus buckleyi"
8514,"QULA","Lacey oak","Quercus laceyi"
8515,"SAKO4","santol, kechapi","Sandoricum koetjape"
8516,"SAEL2","coastal sandalwood","Santalum ellipticum"
8517,"SAFR4","forest sandalwood","Santalum freycinetianum"
8518,"SAAL16","sandalwood","Santalum album"
8519,"SALU2","yellow willow","Salix lutea"
8521,"SAHA3","Haleakala sandalwood","Santalum haleakalae"
8522,"SAPA7","mountain sandalwood","Santalum paniculatum"
8523,"SAPL2","diamondleaf willow","Salix planifolia"
8524,"SASE","silky willow","Salix sericea"
8525,"SASA8","willowleaf sandalwood","Santalum salicifolium"
8526,"SANTA","sandalwood","Santalum spp."
8527,"SANIN2","European black elderberry","Sambucus nigra"
8528,"SAOA3","lonomea","Sapindus oahuense"
8529,"SASA4","wingleaf soapberry","Sapindus saponaria"
8531,"SAPIN","soapberry","Sapindus spp."
8532,"SAVI17","vitiensis","Sapindus vitiensis"
8533,"SAGL5","gumtree","Sapium glandulosum"
8534,"SAIN2","maskerekur","Sapium indicum"
8535,"SALA25","hinchahuevos","Sapium laurifolium"
8536,"SALA8","milktree","Sapium laurocerasus"
8544,"SAPA35","uunu","Sarcopygme pacifica"
8546,"SASE6","amansa guapo","Savia sessiliflora"
8548,"SCCE3","Scaevola, naupaka","Scaevola cerasifolia"
8549,"SCCH3","naupaka kuahiwi","Scaevola chamissoniana"
8550,"SCGA2","mountain naupaka","Scaevola gaudichaudiana"
8551,"SCPR","forest naupaka","Scaevola procera"
8552,"SCAEV","naupaka","Scaevola spp."
8553,"SCKR2","Schefflera kraemeri","Schefflera kraemeri"
8554,"SCFR","Florida boxwood","Schaefferia frutescens"
8555,"SCHAE","schaefferia","Schaefferia spp."
8556,"SADO7","guayabilla","Samyda dodecandra"
8557,"SCGL6","yuquilla","Schefflera gleasonii"
8558,"SCMO10","matchwood","Schefflera morototonii"
8559,"SCSA10","samoensis","Schefflera samoensis"
8560,"SCTA","Toitoi","Scaevola taccada"
8563,"SCTE","Brazilian peppertree","Schinus terebinthifolius"
8565,"SCPA23","Brazilian firetree","Schizolobium parahybum"
8567,"SCOL3","lac tree","Schleichera oleosa"
8571,"SCAR2","arana","Schoepfia arenaria"
8572,"SCOB","white beefwood","Schoepfia obovata"
8573,"SCSC3","gulf graytwig","Schoepfia schreberi"
8577,"SCHY5","kuat","Scyphiphora hydrophyllacea"
8583,"SEFL9","poumuli","Securinega flexuosa"
8585,"SEKR3","poison tree","Semecarpus kraemeri"
8586,"SEVE4","tonget","Semecarpus venenosa"
8588,"SEAL4","emperor's candlesticks","Senna alata"
8356,"PSGU","guava","Psidium guajava"
8590,"SEGA2","Gaudichauds senna","Senna gaudichaudii"
8591,"SEMU5","false sicklepod","Senna multijuga"
8592,"SEPE4","valamuerto","Senna pendula"
8594,"SEPO5","retama prieta","Senna polyphylla"
8595,"SESE13","senna","Senna septemtrionalis"
8596,"SESI3","Siamese cassia","Senna siamea"
8597,"SESP9","casia amarilla","Senna spectabilis"
8598,"SENNA","senna","Senna spp."
8599,"SESU10","Senna sulfurea","Senna sulfurea"
8600,"SESU4","glossy shower","Senna surattensis"
8601,"SEKA2","ukall","Serianthes kanehirae"
8603,"SENE9","hayun lago, trongkon guafi","Serianthes nelsonii"
8605,"SEGR5","vegetable hummingbird","Sesbania grandiflora"
8606,"SESE8","Egyptian riverhemp","Sesbania sesban"
8607,"SESBA","riverhemp","Sesbania spp."
8608,"SHIN","Shirakiopsis indica","Shirakiopsis indica"
8609,"SIFA","yellow llima","Sida fallax"
8610,"SIDA","fanpetals","Sida spp."
8611,"SICU7","espejuelo","Sideroxylon cubense"
8612,"SICE2","saffron plum","Sideroxylon celastrinum"
8613,"SIOB","breakbill","Sideroxylon obovatum"
8614,"SIPO3","Puerto Rico bully","Sideroxylon portoricense"
8615,"SILY","buckthorn bully","Sideroxylon lycioides"
8616,"SITE2","tough bully","Sideroxylon tenax"
8617,"SIMAR","simarouba","Simarouba spp."
8618,"SILA4","Tamaulipan Coma","Sideroxylon laetevirens"
8619,"SITU","aceitillo falso","Simarouba tulae"
8620,"SIDE6","hoja menuda","Siphoneugena densiflora"
8622,"SLOAN","bullwood","Sloanea spp."
8623,"SLAM","motillo","Sloanea amygdalina"
8624,"SLBE","bullwood","Sloanea berteriana"
8626,"SOBAB","Solanum bahamense","Solanum bahamense"
8627,"SODO3","mullein nightshade","Solanum donianum"
8628,"SOAM","American black nightshade","Solanum americanum"
8629,"SOER2","potatotree","Solanum erianthum"
8631,"SOMA3","earleaf nightshade","Solanum mauritianum"
8632,"SONU4","forest nightshade","Solanum nudum"
8633,"SOPO","cakalaka berry","Solanum polygamum"
8634,"SORU","tabacon aspero","Solanum rugosum"
8635,"SOLAN","nightshade","Solanum spp."
8636,"SOTO4","turkey berry","Solanum torvum"
8639,"SOAL10","mangrove","Sonneratia alba"
8641,"SOCH","mamani","Sophora chrysophylla"
8642,"SOPHO","necklacepod","Sophora spp."
8643,"SOTO3","silver bush","Sophora tomentosa"
8644,"SPCA2","African tuliptree","Spathodea campanulata"
8645,"SPATH","spathodea","Spathodea spp."
8646,"SPSA7","Spiraeanthemum samoense","Spiraeanthemum samoense"
8647,"STJA9","Japanese pagoda tree","Styphnolobium japonicum"
8648,"SOSE3","mescal bean","Sophora secundiflora"
8649,"SPDU3","Spondias dulcis","Spondias dulcis"
8650,"SPMO","yellow mombin","Spondias mombin"
8651,"COBO2","Anacahuita Texas Olive","Cordia boissieri"
8430,"RAMY","togo vao","Rapanea myricifolia"
8653,"SPOND","Spondias","Spondias spp."
8654,"STMO","cobana negra","Stahlia monosperma"
8655,"STAM10","ngmui","Stemonurus ammui"
8656,"SPPI4","titmel","Spondias pinnata"
8657,"SORBA","false spiraea","Sorbaria spp."
8658,"SOSC2","Greene's mountain ash","Sorbus scopulina"
8659,"SOSI2","western mountain ash","Sorbus sitchensis"
8660,"SOAM2","maras","Soulamea amara"
8664,"STAP","Panama tree","Sterculia apetala"
8665,"STFA5","fanaio","Sterculia fanaiho"
8666,"STFO2","hazel sterculia","Sterculia foetida"
8667,"STPA20","Sterculia palauensis","Sterculia palauensis"
8668,"STMA","silky camellia","Stewartia malacodendron"
8669,"STAN9","anthropophagorum","Streblus anthropophagorum"
8670,"STPE3","Hawaii roughbush","Streblus pendulinus"
8671,"STREB","streblus","Streblus spp."
8672,"STOV","mountain camellia","Stewartia ovata"
8673,"STAM4","American snowbell","Styrax americanus"
8674,"STPO3","palo de jazmin","Styrax portoricensis"
8675,"STKO2","Stewartia","Stewartia koreana"
8676,"SUMA2","bay cedar","Suriana maritima"
8678,"SWIET","mahogany","Swietenia spp."
8679,"SWMA","Honduras mahogany","Swietenia macrophylla"
8683,"SYLA2","nispero cimarron","Symplocos lanata"
8684,"SYMA","Martinique sweetleaf","Symplocos martinicensis"
8685,"SYMI3","aceitunilla","Symplocos micrantha"
8687,"SYRA6","chebtui, ebtui","Symplocos racemosa"
8689,"SYGL","turpentine tree","Syncarpia glomulifera"
8690,"SYNCA","turpentine tree","Syncarpia spp."
8691,"SYDU","miraculous berry","Synsepalum dulcificum"
8693,"SYVU","common lilac","Syringa vulgaris"
8694,"SYAQ","watery roseapple","Syzygium aqueum"
8695,"SYBR3","asi","Syzygium brevifolium"
8696,"SYCA4","popona","Syzygium carolinense"
8697,"SYCL","asi vai","Syzygium clusiifolium"
8698,"SYGR2","sea apple","Syzygium grande"
8699,"SYDE3","asi vai","Syzygium dealatum"
8700,"SYIN2","asi","Syzygium inophylloides"
8701,"SYJA","Syzygium jambos","Syzygium jambos"
8702,"SYMA2","Malaysian apple","Syzygium malaccense"
8703,"SYRI3","popona","Syzygium richii"
8704,"SYSA3","nonu vao","Syzygium samarangense"
8705,"SYSA6","fena vao","Syzygium samoense"
8706,"SYSA","ohia ha","Syzygium sandwicense"
8708,"SYZYG","syzygium","Syzygium spp."
8709,"TACH3","roble amarillo","Tabebuia chrysantha"
8710,"TADO2","primavera","Tabebuia donnell-smithii"
8712,"TAHA","roble cimarron","Tabebuia haemantha"
8713,"TAHE","white cedar","Tabebuia heterophylla"
8714,"TAPA10","pink tabebuia","Tabebuia pallida"
8715,"TARI","roble de sierra","Tabebuia rigida"
8716,"TARO","pink trumpet-tree","Tabebuia rosea"
8717,"TASC2","roble colorado","Tabebuia schumanniana"
8718,"TABEB","trumpet-tree","Tabebuia spp."
8719,"TAAU3","Tabernaemontana aurantiaca","Tabernaemontana aurantiaca"
8720,"TACI","milkwood","Tabernaemontana citrifolia"
8722,"TAPA13","Pulu","Tabernaemontana pandacaqui"
8727,"TAAP","Athel tamarisk","Tamarix aphylla"
8728,"TACH2","five-stamen tamarisk","Tamarix chinensis"
8737,"TASA2","manunu","Tarenna sambucina"
8738,"TABA80","English yew","Taxus baccata"
8739,"TACU","Japanese yew","Taxus cuspidata"
8741,"TECA9","chestnutleaf trumpetbush","Tecoma castanifolia"
8743,"TEST","yellow trumpetbush","Tecoma stans"
8744,"TEGR","teak","Tectona grandis"
8745,"TECTO","tectona","Tectona spp."
8748,"TERMI","tropical almond","Terminalia spp."
8749,"TECA16","kehma","Terminalia carolinensis"
8750,"TECA","tropical almond","Terminalia catappa"
8751,"TECR3","esemiich, chesemiich","Terminalia crassipes"
8752,"TEED","esemiich, chesemiich","Terminalia edulis"
8753,"TELI7","strand tree","Terminalia litoralis"
8754,"TEIV2","Ivory Coast almond","Terminalia ivorensis"
8755,"TEKA4","tropical almond","Terminalia kaernbachii"
8756,"TEMY","East Indian almond","Terminalia myriocarpa"
8757,"TEOB","Peruvian almond","Terminalia oblonga"
8758,"TERI3","malili","Terminalia richii"
8759,"TESA2","talie","Terminalia samoensis"
8761,"TESU2","superb terminalia","Terminalia superba"
8762,"TEHE3","saintedwood","Ternstroemia heptasepala"
8763,"TELU2","palo colorado","Ternstroemia luquillensis"
8764,"TEPE","copey vera","Ternstroemia peduncularis"
8766,"TEST3","mamey de cura","Ternstroemia stahlii"
8767,"TESU","el yunque colorado","Ternstroemia subsessilis"
8768,"TEBA","masa","Tetragastris balsamifera"
8770,"TEFL5","Flynnsohe","Tetraplasandra flynnii"
8771,"TEGY","Koolau Rangeohe","Tetraplasandra gymnocarpa"
8772,"TEHA2","Hawaii ohe","Tetraplasandra hawaiensis"
8773,"TEKA3","ohe ohe","Tetraplasandra kavaiensis"
8774,"TEOA","ohe mauka","Tetraplasandra oahuensis"
8775,"TETRA11","tetraplasandra","Tetraplasandra spp."
8776,"TEWA","Mt. Waialeale ohe","Tetraplasandra waialealae"
8777,"TEWA3","ohe kiko ola","Tetraplasandra waimeae"
8778,"TEAN2","stinkingfish","Tetrazygia angustifolia"
8779,"TEBI","Florida clover ash","Tetrazygia bicolor"
8780,"TEBI2","Puerto Rico clover ash","Tetrazygia biflora"
8781,"TEEL","krekre","Tetrazygia elaeagnoides"
8783,"TEUR","cenizo","Tetrazygia urbanii"
8784,"THCA","cacao","Theobroma cacao"
8786,"THGR2","maga","Thespesia grandiflora"
8787,"THPO3","Portia tree","Thespesia populnea"
8788,"THESP","thespesia","Thespesia spp."
8789,"THPE3","luckynut","Thevetia peruviana"
8793,"THST2","ceboruquillo","Thouinia striata"
8794,"THSTP","Puerto Rico ceboruquillo","Thouinia striata"
8799,"TIAL2","Timonius albus","Timonius albus"
8800,"TILE4","kehn","Timonius ledermannii"
8801,"TIPO5","tuhke duwehte kamal","Timonius ponapensis"
8803,"TIGR3","Brazilian glorytree","Tibouchina granulosa"
8804,"TIBOU","glorytree","Tibouchina spp."
8589,"SEAT3","flor de San Jose","Senna atomaria"
8806,"TICO7","Timonius corymbosus","Timonius corymbosus"
8807,"TIMO4","Timonius mollis","Timonius mollis"
8808,"TIMON","Timonius","Timonius spp."
8809,"TISU3","Timonius subauritus","Timonius subauritus"
8810,"TITI","Timonius timon","Timonius timon"
8811,"TOONA","redcedar","Toona spp."
8812,"TOCI","Australian redcedar","Toona ciliata"
8813,"TICO2","littleleaf linden","Tilia cordata"
8814,"TITO","Silver linden","Tilia tomentosa"
8815,"TITI2","tipa","Tipuana tipu"
8816,"TOCU","boje","Torralbasia cuneifolia"
8821,"TRFO3","Chinese windmill palm","Trachycarpus fortunei"
8822,"TOLA","olona","Touchardia latifolia"
8823,"TOUCH","touchardia","Touchardia spp."
8824,"TOAR2","velvetleaf soldierbush","Tournefortia argentea"
8825,"TOFI","cold withe","Tournefortia filiflora"
8826,"TOURN","soldierbush","Tournefortia spp."
8827,"TRCA33","magele","Trema cannabina"
8828,"TRLA2","Lamarck's trema","Trema lamarckiana"
8829,"TRMI2","Jamaican nettletree","Trema micrantha"
8830,"TOVE","poison sumac","Toxicodendron vernix"
8831,"TROR","oriental trema","Trema orientalis"
8832,"TREMA","trema","Trema spp."
8833,"TRHI3","broomstick","Trichilia hirta"
8834,"TRPA2","gaita","Trichilia pallida"
8836,"TRTR8","bariaco","Trichilia triacantha"
8837,"TRIK","Trichospermum ikutai","Trichospermum ikutai"
8838,"TRLE8","elsau, oleiulakersus","Trichospermum ledermannii"
8839,"TRRI9","maouli","Trichospermum richii"
8842,"TRTR7","limeberry","Triphasia trifolia"
8843,"TRIPL5","Triplaris spp.","Triplaris spp."
8844,"TRCU6","ant tree","Triplaris cumingiana"
8846,"TROB7","faia","Tristiropsis obtusangula"
8848,"TRRA4","white ramoon","Trophis racemosa"
8849,"TRCA7","Trukia carolinensis","Trukia carolinensis"
8850,"TUOC","muttonwood","Turpinia occidentalis"
8851,"ULPA","Chinese elm","Ulmus parvifolia"
8852,"ULPR","English elm","Ulmus procera"
8853,"URBA","scratchbush","Urera baccifera"
8854,"URCA2","flameberry","Urera caracasana"
8855,"URCH2","ortiga","Urera chlorocarpa"
8856,"URGL","hopue","Urera glabra"
8857,"URKA","opuhe","Urera kaalae"
8858,"URERA","urera","Urera spp."
8859,"UNSP","Mexican buckeye","Ungnadia speciosa"
8860,"VAAR","farkleberry","Vaccinium arboreum"
8861,"VAMA5","voa vanga","Vangueria madagascariensis"
8862,"ULDA","Japanese elm","Ulmus davidiana"
8863,"VAOA5","Vavaea pauciflora","Vavaea pauciflora"
8866,"VEME3","Manila palm","Veitchia merrillii"
8868,"STPO10","Sterculia ponapensis","Sterculia ponapensis"
8869,"VEMO3","mu oil tree","Vernicia montana"
8870,"VERNI","vernicia","Vernicia spp."
8871,"VIAG","lilac chastetree","Vitex agnus-castus"
8872,"VICO17","bars, beokel","Vitex cofassus"
8873,"VIDI2","higuerillo","Vitex divaricata"
8874,"VIPA6","smallflower chastetree","Vitex parviflora"
8875,"VITEX","chastetree","Vitex spp."
8652,"SPPU","purple mombin","Spondias purpurea"
8723,"TARO3","Tabernaemontana rotensis","Tabernaemontana rotensis"
8877,"VILE","nannyberry","Viburnum lentago"
8878,"VIPR","blackhaw","Viburnum prunifolium"
8879,"VIRU","rusty blackhaw","Viburnum rufidulum"
8880,"VISI","Siebold's arrowwood","Viburnum sieboldii"
8881,"WALA","Wallenia lamarckiana","Wallenia lamarckiana"
8883,"WAFI","California fan palm","Washingtonia filifera"
8884,"WEBI","ateate","Wedelia biflora"
8886,"WEAF","Weinmannia affinis","Weinmannia affinis"
8887,"WEPI","bastard briziletto","Weinmannia pinnata"
8889,"WIBI","alpine false ohelo","Wikstroemia bicornuta"
8890,"WIFU","forest false ohelo","Wikstroemia furcata"
8891,"WIMO","montane false ohelo","Wikstroemia monticola"
8892,"WIOA","Oahu false ohelo","Wikstroemia oahuensis"
8895,"WIPH2","Hawaii false ohelo","Wikstroemia phillyreifolia"
8896,"WIPU","Kohala false ohelo","Wikstroemia pulcherrima"
8897,"WISA","variableleaf false ohelo","Wikstroemia sandwicensis"
8898,"WISK","Skottsbergs false ohelo","Wikstroemia skottsbergiana"
8899,"WIKST","false ohelo","Wikstroemia spp."
8900,"WIVI","hairy false ohelo","Wikstroemia villosa"
8901,"XIAM","tallow wood","Ximenia americana"
8902,"XYCO7","dense logwood","Xylosma congestum"
8903,"XYGR","lalanyog","Xylocarpus granatum"
8904,"XYMO2","leilei","Xylocarpus moluccensis"
8905,"XYLOC2","Xylocarpus","Xylocarpus spp."
8906,"XYBU","mucha-gente","Xylosma buxifolia"
8907,"XYCR","sawtooth logwood","Xylosma crenata"
8908,"XYHA","Hawaii brushholly","Xylosma hawaiiensis"
8909,"XYNE2","Xylosma nelsonii","Xylosma nelsonii"
8910,"XYPA2","spiny logwood","Xylosma pachyphylla"
8911,"XYSA","Xylosma samoensis","Xylosma samoensis"
8912,"XYSC2","white logwood","Xylosma schaefferioides"
8913,"XYSC3","Schwaneck's logwood","Xylosma schwaneckeana"
8914,"XYBI","mission manzanita","Xylococcus bicolor"
8915,"XYLOS","xylosma","Xylosma spp."
8916,"YUAL","aloe yucca","Yucca aloifolia"
8917,"YUFA","Eve's needle","Yucca faxoniana"
8918,"YUGL2","moundlily yucca","Yucca gloriosa"
8919,"YUGU","bluestem yucca","Yucca guatemalensis"
8923,"ZABI","Maricao pricklyash","Zanthoxylum bifoliolatum"
8924,"ZACA3","prickly yellow","Zanthoxylum caribaeum"
8925,"ZADI","kawau","Zanthoxylum dipetalum"
8928,"ZAFL","West Indian satinwood","Zanthoxylum flavum"
8929,"ZAHA","Hawaii pricklyash","Zanthoxylum hawaiiense"
8930,"ZAKA","Kauai pricklyash","Zanthoxylum kauaense"
8931,"ZAMA","white pricklyash","Zanthoxylum martinicense"
8932,"ZAMO","yellow prickle","Zanthoxylum monophyllum"
8933,"ZAOA","Oahu pricklyash","Zanthoxylum oahuense"
8934,"ZAPU2","dotted pricklyash","Zanthoxylum punctatum"
8935,"ZASP","niaragato","Zanthoxylum spinifex"
8936,"ZANTH","pricklyash","Zanthoxylum spp."
8937,"ZATH","St. Thomas pricklyash","Zanthoxylum thomasianum"
8938,"ZAPO2","Zapoteca portoricensis","Zapoteca portoricensis"
8939,"ZIMA","Indian jujube","Ziziphus mauritiana"
8940,"ZIRE","cacao rojo","Ziziphus reticulata"
8941,"ZIRI","soana","Ziziphus rignonii"
8942,"ZAAM","common pricklyash","Zanthoxylum americanum"
8805,"TIUR","princess-flower","Tibouchina urvilleana"
7532,"LAIN","crapemyrtle","Lagerstroemia indica"
8876,"VITR7","simpleleaf chastetree","Vitex trifolia"
6019,"ACLO","Sydney golden wattle","Acacia longifolia"
6156,"AREX4","Norfolk Island Pine","Araucaria excelsa"
6480,"CHHU7","European fan palm","Chamaerops humilis"
6999,"ERIOB","loquat","Eriobotrya spp."
7030,"EUCL","sugargum","Eucalyptus cladocalyx"
7036,"EULE13","white ironbark","Eucalyptus leucoxylon"
7040,"EUPO","redbox","Eucalyptus polyanthemos"
7051,"EURU2","Western Australian floodedgum","Eucalyptus rudis"
7054,"EUSI2","red ironbark","Eucalyptus sideroxylon"
7147,"FESE2","feijoa","Feijoa sellowiana"
7489,"JUCH4","Chinese juniper","Juniperus chinensis"
7595,"LOCO9","vinegartree","Lophostemon confertus"
7861,"MYLA5","ngaio tree","Myoporum laetum"
8004,"OLEU","olive","Olea europaea"
8150,"PHRO6","pygmy date palm","Phoenix roebelenii"
8198,"PITH2","Japanese black pine","Pinus thunbergii"
8201,"PICA15","Canary Island pine","Pinus canariensis"
8202,"PIHA7","Aleppo pine","Pinus halepensis"
8222,"PITO2","Japanese cheesewood","Pittosporum tobira"
8350,"PRAR3","apricot","Prunus armeniaca"
8504,"SALA6","arroyo willow","Salix lasiolepis"
8561,"SCMO","Peruvian peppertree","Schinus molle"
8686,"SYRO4","queen palm","Syagrus romanzoffiana"
8707,"SYPA7","brush cherry","Syzygium paniculatum"
8729,"TARA","saltcedar","Tamarix ramosissima"
8885,"WARO","Washington fan palm","Washingtonia robusta"
8943,"ZITA","Taylor's jujube","Ziziphus taylorii"
8944,"ZACL","Hercules' club","Zanthoxylum clava-herculis"
8947,"ZIZI","common jujube","Ziziphus zizyphus"
10,"ABIES","fir spp.","Abies spp."
11,"ABAM","Pacific silver fir","Abies amabilis"
12,"ABBA","balsam fir","Abies balsamea"
14,"ABBR","Santa Lucia or bristlecone fir","Abies bracteata"
15,"ABCO","white fir","Abies concolor"
16,"ABFR","Fraser fir","Abies fraseri"
17,"ABGR","grand fir","Abies grandis"
18,"ABLAA","corkbark fir","Abies lasiocarpa"
19,"ABLA","subalpine fir","Abies lasiocarpa"
20,"ABMA","California red fir","Abies magnifica"
21,"ABSH","Shasta red fir","Abies shastensis"
22,"ABPR","noble fir","Abies procera"
40,"CHAMA4","white-cedar spp.","Chamaecyparis spp."
41,"CHLA","Port-Orford-cedar","Chamaecyparis lawsoniana"
42,"CHNO","Alaska yellow-cedar","Chamaecyparis nootkatensis"
43,"CHTH2","Atlantic white-cedar","Chamaecyparis thyoides"
50,"CUPRE","cypress","Cupressus spp."
51,"CUAR","Arizona cypress","Cupressus arizonica"
52,"CUBA","Baker or Modoc cypress","Cupressus bakeri"
53,"CUFO2","Tecate cypress","Cupressus forbesii"
54,"CUMA2","Monterey cypress","Cupressus macrocarpa"
55,"CUSA3","Sargent's cypress","Cupressus sargentii"
56,"CUMA","MacNab's cypress","Cupressus macnabiana"
57,"JUNIP","redcedar/juniper spp.","Juniperus spp."
58,"JUPI","Pinchot juniper","Juniperus pinchotii"
59,"JUCO11","redberry juniper","Juniperus coahuilensis"
60,"JUFL","Drooping juniper","Juniperus flaccida"
61,"JUAS","Ashe juniper","Juniperus ashei"
62,"JUCA7","California juniper","Juniperus californica"
63,"JUDE2","alligator juniper","Juniperus deppeana"
64,"JUOC","western juniper","Juniperus occidentalis"
65,"JUOS","Utah juniper","Juniperus osteosperma"
66,"JUSC2","Rocky Mountain juniper","Juniperus scopulorum"
67,"JUVIS","southern redcedar","Juniperus virginiana"
68,"JUVI","eastern redcedar","Juniperus virginiana"
69,"JUMO","oneseed juniper","Juniperus monosperma"
70,"LARIX","larch spp.","Larix spp."
71,"LALA","tamarack","Larix laricina"
72,"LALY","subalpine larch","Larix lyallii"
73,"LAOC","western larch","Larix occidentalis"
81,"CADE27","incense-cedar","Calocedrus decurrens"
90,"PICEA","spruce spp.","Picea spp."
91,"PIAB","Norway spruce","Picea abies"
92,"PIBR","Brewer spruce","Picea breweriana"
988,"LARA2","white mangrove","Laguncularia racemosa"
989,"RHMA2","American mangrove","Rhizophora mangle"
990,"OLTE","desert ironwood","Olneya tesota"
991,"TAMAR2","saltcedar","Tamarix spp."
992,"MEQU","melaleuca","Melaleuca quinquenervia"
993,"MEAZ","chinaberry","Melia azedarach"
994,"TRSE6","Chinese tallowtree","Triadica sebifera"
995,"VEFO","tungoil tree","Vernicia fordii"
996,"COOB2","smoketree","Cotinus obovatus"
997,"ELAN","Russian-olive","Elaeagnus angustifolia"
998,"2TB","unknown dead hardwood","Tree broadleaf"
999,"2TREE","other or unknown live tree","Tree unknown"
5091,"CRPH","Washington hawthorn","Crataegus phaenopyrum"
5092,"CRSU5","fleshy hawthorn","Crataegus succulenta"
5093,"CRUN","dwarf hawthorn","Crataegus uniflora"
5145,"ACCA5","hedge maple","Acer campestre"
5146,"ACCI","vine maple","Acer circinatum"
5147,"ACGI","Amur maple","Acer ginnala"
5148,"ACGR14","paperbark maple","Acer griseum"
5149,"ACMO10","Painted maple","Acer mono"
5150,"ACPA2","Japanese maple","Acer palmatum"
5151,"ACPS","sycamore maple","Acer pseudoplatanus"
5152,"ACTA80","tatarian maple","Acer tataricum"
5154,"ACFR","Freeman maple","Acer x freemanii"
5155,"ACMI7","State Street Maple","Acer miyabei"
5156,"ACTR7","Three Flower Maple","Acer triflorum"
5157,"ACPL2","Norwegian Sunset Maple","Acer platanoides x truncatum"
5163,"AEHI","horse chestnut","Aesculus hippocastanum"
5164,"AEPA2","bottlebrush buckeye","Aesculus parviflora"
5188,"ALIN2","gray alder","Alnus incana"
5189,"ALCO13","Italian alder","Alnus cordata"
5190,"ALSE2","hazel alder","Alnus serrulata"
5192,"ALVI5","green alder","Alnus viridis"
5203,"AMLA","Allegheny serviceberry","Amelanchier laevis"
5232,"AREL8","Japanese angelica tree","Aralia elata"
5233,"ARSP2","devil's walkingstick","Aralia spinosa"
5256,"ASPA18","smallflower pawpaw","Asimina parviflora"
5259,"BAGL","silverling","Baccharis glomeruliflora"
5260,"BAHA","eastern baccharis","Baccharis halimifolia"
5261,"BAGA2","peach palm","Bactris gasipaes"
5279,"BEPE3","European white birch","Betula pendula"
5280,"BEPL2","Asian white birch","Betula platyphylla"
5281,"BEPU5","downy birch","Betula pubescens"
5322,"BUAL","fountain butterflybush","Buddleja alternifolia"
5329,"BUSE2","common box","Buxus sempervirens"
5363,"CAJA9","camellia","Camellia japonica"
5364,"CASI16","tea","Camellia sinensis"
5375,"CAAR18","Siberian peashrub","Caragana arborescens"
5378,"CABE8","European hornbeam","Carpinus betulus"
5401,"CACR27","Japanese chestnut","Castanea crenata"
5402,"CASA27","European chestnut","Castanea sativa"
5411,"CAOV5","Chinese catalpa","Catalpa ovata"
5415,"CEVE","snowbrush ceanothus","Ceanothus velutinus"
5420,"CEAT4","Atlas cedar","Cedrus atlantica"
5421,"CELI6","cedar of Lebanon","Cedrus libani"
5423,"CEDE2","Deodar cedar","Cedrus deodara"
5432,"CEOC2","common buttonbush","Cephalanthus occidentalis"
5435,"CEJA2","katsura tree","Cercidiphyllum japonicum"
5436,"CEOR9","California redbud","Cercis orbiculata"
5443,"CHOB8","hinoki false cypress","Chamaecyparis obtusa"
5462,"CHLI2","desert willow","Chilopsis linearis"
5491,"FRBE","Berlandier ash","Fraxinus berlandieriana"
5492,"FREX80","European ash","Fraxinus excelsior"
5493,"FROX","Caucasian ash","Fraxinus oxycarpa"
5523,"CLBU","rose glorybower","Clerodendrum bungei"
6729,"COAS6","Tou","Cordia aspera"
6730,"COBO3","muneco","Cordia borinquensis"
6731,"COCO5","red manjack","Cordia collococca"
6733,"CODI18","fragrant manjack","Cordia dichotoma"
6735,"COLA12","smooth manjack","Cordia laevigata"
6736,"COMI6","Cordia micronesica","Cordia micronesica"
6737,"COOB3","clammy cherry","Cordia obliqua"
6738,"CORI","San Bartolome","Cordia rickseckeri"
6739,"CORU5","Puerto Rico manjack","Cordia rupicola"
6741,"CORDI","cordia","Cordia spp."
6742,"COSU2","kou","Cordia subcordata"
6743,"COSU3","mucilage manjack","Cordia sulcata"
6744,"COFR2","tiplant","Cordyline fruticosa"
6745,"CORDY2","cordyline","Cordyline spp."
6746,"COOB4","nigua","Cornutia obovata"
6747,"COPY2","azulejo","Cornutia pyramidata"
6748,"CODR","roughleaf dogwood","Cornus drummondii"
6749,"COCA48","redgum","Corymbia calophylla"
6750,"COCI4","Corymbia citriodora","Corymbia citriodora"
6751,"COFI7","redflower gum","Corymbia ficifolia"
6752,"COGU4","red bloodwood","Corymbia gummifera"
6754,"COLA6","karaka nut","Corynocarpus laevigatus"
6755,"CORYN2","corynocarpus","Corynocarpus spp."
6756,"COGU3","cannonball tree","Couroupita guianensis"
6758,"CRRE12","sacred garlic pear","Crateva religiosa"
6759,"PUST","Stansbury cliffrose","Purshia stansburiana"
6760,"CRAL11","houka, calabash","Crescentia alata"
6761,"CRCU","common calabash tree","Crescentia cujete"
6762,"CRLI5","higuerito","Crescentia linearifolia"
6763,"CRPO6","higuero de sierra","Crescentia portoricensis"
6765,"CRPO7","Critonia portoricensis","Critonia portoricensis"
6767,"CRRH","maidenberry","Crossopetalum rhacoma"
6768,"QUAR2","Arkansas oak","Quercus arkansana"
6769,"CRBI9","Saitamu","Crossostylis biflora"
6771,"CRLO3","longbeak rattlebox","Crotalaria longirostrata"
6772,"CROTO","croton spp.","Croton spp."
6773,"CRAS3","wild marrow","Croton astroites"
6774,"CRFL23","Croton flavens","Croton flavens"
6775,"CRPO4","sabinon","Croton poecilanthus"
6778,"CROR5","Cryptocarya oreophila","Cryptocarya oreophila"
6779,"CREL8","laulilii","Cryptocarya elegans"
6781,"CRMA8","holio","Cryptocarya mannii"
6782,"QUGE","Georgia oak","Quercus georgiana"
6783,"CRYPT2","cryptocarya","Cryptocarya spp."
6784,"CRTU4","laulilii","Cryptocarya turbinata"
6785,"QUHA3","Havard oak","Quercus havardii"
6786,"CRJA3","Japanese cedar","Cryptomeria japonica"
6787,"CRYPT4","Japanese cedar","Cryptomeria spp."
6788,"CULA","Chinese fir","Cunninghamia lanceolata"
6790,"CUAM","wild ackee","Cupania americana"
6791,"QUMY","myrtle oak","Quercus myrtifolia"
6792,"CUTR","guara blanca","Cupania triquetra"
6794,"QUPE2","durmast oak","Quercus petraea"
6795,"CULU2","cedar-of-Goa","Cupressus lusitanica"
6796,"CUSE2","Italian cypress","Cupressus sempervirens"
6797,"QURO2","English oak","Quercus robur"
7456,"ILCO3","te","Ilex cookii"
7457,"ILGU","maconcona","Ilex guianensis"
7458,"ILMA","Caribbean holly","Ilex macfadyenii"
7459,"ILNI","Puerto Rico holly","Ilex nitida"
7460,"ILPA3","mate","Ilex paraguariensis"
7462,"ILSI","gongolin","Ilex sideroxyloides"
7463,"ILSI2","Sintenis' holly","Ilex sintenisii"
7464,"ILEX","holly","Ilex spp."
7465,"ILUR","Urban's holly","Ilex urbaniana"
7466,"ILURR","Ilex urbaniana","Ilex urbaniana"
7467,"INGA","inga","Inga spp."
7469,"ILVO","yaupon","Ilex vomitoria"
7470,"INLA","sacky sac bean","Inga laurina"
7471,"INNOQ","Inga nobilis","Inga nobilis"
7472,"INED","ice cream bean","Inga edulis"
7474,"INVE","river koko","Inga vera"
7475,"INFA3","ifi","Inocarpus fagifer"
7477,"INBI","ifilele","Intsia bijuga"
7479,"IXFE","palo de hierro","Ixora ferrea"
7481,"IXTH","white jungleflame","Ixora thwaitesii"
7482,"JAMI","black poui","Jacaranda mimosifolia"
7483,"JACAR","jacaranda","Jacaranda spp."
7485,"JAAR2","braceletwood","Jacquinia armillaris"
7487,"JABE","bois bande","Jacquinia berteroi"
7490,"JAUM","chirriador","Jacquinia umbellata"
7491,"JACU2","Barbados nut","Jatropha curcas"
7492,"JAHE","wild oilnut","Jatropha hernandiifolia"
7493,"JAMU","coralbush","Jatropha multifida"
7494,"JATRO","nettlespurge","Jatropha spp."
7495,"JUJA","West Indian walnut","Juglans jamaicensis"
7496,"JURE80","English walnut","Juglans regia"
7497,"KAPA4","ketenguit","Kayea pacifica"
7499,"KHAN","Khaya anthotheca","Khaya anthotheca"
7501,"KHSE2","Senegal mahogany","Khaya senegalensis"
7503,"KIAF","Kigelia africana","Kigelia africana"
7506,"KLHO","guest tree","Kleinhovia hospita"
7507,"KOBI3","goldenrain tree","Koelreuteria bipinnata"
7508,"KOPO","Koanophyllon polyodon","Koanophyllon polyodon"
7509,"KOCO2","Molokai treecotton","Kokia cookei"
7510,"KODR","Hawaii treecotton","Kokia drynarioides"
7511,"KOKA","Kauai treecotton","Kokia kauaiensis"
7512,"KOLA2","Wailupe Valley treecotton","Kokia lanceolata"
7513,"KOKIA","treecotton","Kokia spp."
7514,"KRFE","leadwood","Krugiodendron ferreum"
7515,"KOPA","goldenrain tree","Koelreuteria paniculata"
7516,"KUER","burgan","Kunzea ericoides"
7517,"KUNZE","Kunzea","Kunzea spp."
7518,"LAFA2","summit labordia","Labordia fagraeoidea"
7519,"LAHE2","bog labordia","Labordia hedyosmifolia"
7520,"LAHI5","mountain labordia","Labordia hirtella"
7521,"LAKA","Waianae Range labordia","Labordia kaalae"
7522,"LALY2","Wahiawa Mountain labordia","Labordia lydgatei"
7523,"LABOR","labordia","Labordia spp."
93,"PIEN","Engelmann spruce","Picea engelmannii"
94,"PIGL","white spruce","Picea glauca"
95,"PIMA","black spruce","Picea mariana"
96,"PIPU","blue spruce","Picea pungens"
97,"PIRU","red spruce","Picea rubens"
98,"PISI","Sitka spruce","Picea sitchensis"
100,"PINUS","pine spp.","Pinus spp."
101,"PIAL","whitebark pine","Pinus albicaulis"
102,"PIAR","Rocky Mountain bristlecone pine","Pinus aristata"
103,"PIAT","knobcone pine","Pinus attenuata"
104,"PIBA","foxtail pine","Pinus balfouriana"
105,"PIBA2","jack pine","Pinus banksiana"
106,"PIED","common or two-needle pinyon","Pinus edulis"
107,"PICL","sand pine","Pinus clausa"
108,"PICO","lodgepole pine","Pinus contorta"
109,"PICO3","Coulter pine","Pinus coulteri"
110,"PIEC2","shortleaf pine","Pinus echinata"
111,"PIEL","slash pine","Pinus elliottii"
112,"PIEN2","Apache pine","Pinus engelmannii"
113,"PIFL2","limber pine","Pinus flexilis"
114,"PIST3","southwestern white pine","Pinus strobiformis"
115,"PIGL2","spruce pine","Pinus glabra"
116,"PIJE","Jeffrey pine","Pinus jeffreyi"
117,"PILA","sugar pine","Pinus lambertiana"
118,"PILE","Chihuahuan pine","Pinus leiophylla"
119,"PIMO3","western white pine","Pinus monticola"
120,"PIMU","bishop pine","Pinus muricata"
121,"PIPA2","longleaf pine","Pinus palustris"
122,"PIPO","ponderosa pine","Pinus ponderosa"
123,"PIPU5","Table Mountain pine","Pinus pungens"
124,"PIRA2","Monterey pine","Pinus radiata"
125,"PIRE","red pine","Pinus resinosa"
126,"PIRI","pitch pine","Pinus rigida"
127,"PISA2","gray or California foothill pine","Pinus sabiniana"
128,"PISE","pond pine","Pinus serotina"
129,"PIST","eastern white pine","Pinus strobus"
130,"PISY","Scotch pine","Pinus sylvestris"
131,"PITA","loblolly pine","Pinus taeda"
132,"PIVI2","Virginia pine","Pinus virginiana"
133,"PIMO","singleleaf pinyon","Pinus monophylla"
134,"PIDI3","border pinyon","Pinus discolor"
135,"PIAR5","Arizona pine","Pinus arizonica"
136,"PINI","Austrian pine","Pinus nigra"
137,"PIWA","Washoe pine","Pinus washoensis"
5529,"CLAC3","mountain sweetpepperbush","Clethra acuminata"
5559,"COAR6","bladder senna","Colutea arborescens"
5591,"COKO2","kousa dogwood","Cornus kousa"
5599,"COAM3","American hazelnut","Corylus americana"
5600,"COCO30","Turkish hazelnut","Corylus colurna"
5603,"COCO10","European smoketree","Cotinus coggygria"
5776,"CUTR2","storehousebush","Cudrania tricuspidata"
5800,"CULE2","Leyland cypress","Cupressocyparis leylandii"
5818,"CYOB2","quince","Cydonia oblonga"
5965,"EUAL13","burningbush","Euonymus alatus"
5983,"FASY","European beech","Fagus sylvatica"
6001,"ACAN4","blackbrush wattle","Acacia anegadensis"
6002,"ACAN10","mulga","Acacia aneura"
6003,"ACAU","auri","Acacia auriculiformis"
6004,"ACCO","small Philippine acacia","Acacia confusa"
6006,"ACKO","koa","Acacia koa"
6007,"ACKO2","koaoha","Acacia koaia"
6008,"ACMA","porknut","Acacia macracantha"
6009,"ACMA12","black wattle","Acacia mangium"
6010,"ACME80","black wattle","Acacia mearnsii"
6011,"ACME","blackwood","Acacia melanoxylon"
6012,"ACMU","spineless wattle","Acacia muricata"
6013,"ACNI2","gum arabic tree","Acacia nilotica"
6014,"ACPA81","South Wales wattle","Acacia parramattensis"
6015,"ACPO3","Acacia polyacantha","Acacia polyacantha"
6016,"ACDE3","silver wattle","Acacia dealbata"
6017,"ACDE","green wattle","Acacia decurrens"
6018,"ACTO","poponax","Acacia tortuosa"
6020,"ACVE2","prickly Moses","Acacia verticillata"
6021,"ACAR","hollowheart","Acnistus arborescens"
6023,"ACME2","grugru palm","Acrocomia media"
6025,"ADDI3","baobab","Adansonia digitata"
6026,"ADRI","wild lime","Adelia ricinella"
6028,"ADPA","red beadtree","Adenanthera pavonina"
6029,"ADENA","beadtree","Adenanthera spp."
6032,"AEMA","Caribbean spiritweed","Aegiphila martinicensis"
6034,"AFFA","yellowwood","Afrocarpus falcatus"
6035,"AFGR","East African yellowwood","Afrocarpus gracilior"
6036,"AGAU4","kauri","Agathis australis"
6037,"AGRO6","Queensland kauri","Agathis robusta"
6042,"AGMA14","Titimel","Aglaia mariannensis"
6043,"AGPA19","mesecheues","Aglaia palauensis"
6044,"AGPO4","karasyu, marasau","Aglaia ponapensis"
6046,"AGSA9","laga ali","Aglaia samoensis"
6047,"AGLAI","Aglaia","Aglaia spp."
6048,"AICO2","Olomea","Aidia cochinchinensis"
6049,"AIRA2","Aidia racemosa","Aidia racemosa"
6051,"AILAN","ailanthus","Ailanthus spp."
6053,"AIMI","Aiphanes minima","Aiphanes minima"
6055,"ALAD","cream albizia","Albizia adinocephala"
6056,"ALCA8","naked albizia","Albizia carbonaria"
6057,"ALCH2","Chinese albizia","Albizia chinensis"
6058,"ALFA5","ukall ra ngebard","Albizia falcataria"
6059,"ALLE","woman's tongue","Albizia lebbeck"
6060,"ALPR","tall albizia","Albizia procera"
6061,"ALRE","ukall ra ngebard","Albizia retusa"
6062,"ALSA10","whiteflower albizia","Albizia saponaria"
6063,"ALBIZ","albizia","Albizia spp."
6064,"ALLA","achiotillo","Alchornea latifolia"
6799,"QUSI","bastard oak","Quercus sinuata"
6800,"CYAC4","Haleakala cyanea","Cyanea aculeatiflora"
6801,"CYAR10","palmtree cyanea","Cyanea arborea"
6802,"CYFI6","Kauai cyanea","Cyanea fissa"
6805,"CYFL4","Degeners cyanea","Cyanea floribunda"
6806,"CYGI5","Kilauea Mauna cyanea","Cyanea giffardii"
6807,"CYHA6","wetforest cyanea","Cyanea hamatiflora"
6810,"CYHA7","Oahu cyanea","Cyanea hardyi"
6811,"CYHO6","prickly cyanea","Cyanea horrida"
6812,"CYKU3","Limahuli Valley cyanea","Cyanea kuhihewa"
6813,"CYKU","Kunths cyanea","Cyanea kunthiana"
6814,"CYLE5","giant kokee cyanea","Cyanea leptostegia"
6815,"CYMA10","purple cyanea","Cyanea macrostegia"
6818,"CYMA14","Marks cyanea","Cyanea marksii"
6819,"CYPI4","hairy cyanea","Cyanea pilosa"
6822,"CYPO5","pohaku cyanea","Cyanea pohaku"
6823,"CYPR8","Molokai cyanea","Cyanea procera"
6824,"CYPY","manyfruit cyanea","Cyanea pycnocarpa"
6825,"CYQU","oakleaf cyanea","Cyanea quercifolia"
6826,"CYRI4","plateau delissea","Cyanea rivularis"
6827,"CYSO2","pua kala","Cyanea solenocalyx"
6828,"CYANE","cyanea","Cyanea spp."
6829,"CYST5","Kaiholena cyanea","Cyanea stictophylla"
6830,"CYSU8","Mt. Kaala cyanea","Cyanea superba"
6833,"CYTR6","aku aku","Cyanea tritomantha"
6834,"CYAN","parrotfeather treefern","Cyathea andina"
6835,"CYAR","West Indian treefern","Cyathea arborea"
6837,"CYCO18","Coopers cyathea","Cyathea cooperi"
6838,"CYDE16","olioli","Cyathea decurrens"
6839,"CYFU","Jamaican treefern","Cyathea furfuracea"
6840,"CYLU5","olioli","Cyathea lunulata"
6841,"CYME12","olioli","Cyathea medullaris"
6842,"CYNI7","kattar","Cyathea nigricans"
6843,"CYPA7","small treefern","Cyathea parvula"
6844,"CYPO11","kattar","Cyathea ponapeana"
6847,"CYATH","treefern","Cyathea spp."
6848,"CYTE10","helecho gigante","Cyathea tenera"
6849,"CYTR11","olioli","Cyathea truncata"
6850,"CYSI","Cybianthus sintenisii","Cybianthus sintenisii"
6852,"CYCI3","queen sago","Cycas circinalis"
6853,"CYRE11","remiang","Cycas revoluta"
6854,"CYCAS","Cycas","Cycas spp."
6855,"CYBA7","ola","Cyclophyllum barbatum"
6857,"CYPO2","oreganillo falso","Cynometra portoricensis"
6858,"CYRA8","gulos","Cynometra ramiflora"
6859,"CYYO","eeme, aapwo","Cynometra yokotae"
6860,"CYBE3","tree-tomato","Cyphomandra betacea"
6862,"CYRA","swamp titi","Cyrilla racemiflora"
6863,"CYPU13","cyrtandra","Cyrtandra pulchella"
6864,"CYRA3","Cyrtandra","Cyrtandra ramosissima"
6865,"CYGI3","forest cyrtandra","Cyrtandra giffardii"
6866,"CYRTA","cyrtandra","Cyrtandra spp."
6867,"DAEX","candletree","Dacryodes excelsa"
6868,"DARE6","cocobolo","Dalbergia retusa"
6869,"DASI","Indian rosewood","Dalbergia sissoo"
6870,"DATU","cocobolo","Dalbergia tucurensis"
6871,"DAAM2","burn nose","Daphnopsis americana"
6872,"DAHE2","Heller's cieneguillo","Daphnopsis helleriana"
6873,"DAPH","emajagua de sierra","Daphnopsis philippiana"
6875,"DEFA","Hawaii delissea","Delissea fallax"
6876,"DELA4","cutleaf delissea","Delissea laciniata"
6877,"DENI","Niihau delissea","Delissea niihauensis"
6880,"DEPA9","smallflower delissea","Delissea parviflora"
7524,"LATI2","paleflower labordia","Labordia tinifolia"
7528,"LATR4","Lanai labordia","Labordia triflora"
7529,"LAWA3","Nevada peavine","Labordia waiolani"
7530,"LAPR2","cuero de rana","Laetia procera"
7531,"LAAN2","golden chain tree","Laburnum anagyroides"
7533,"LASP","pride of India","Lagerstroemia speciosa"
7539,"LADO2","Langsat","Lansium domesticum"
7541,"LAPO","nino de cota","Laplacea portoricensis"
7543,"LALO","bluelatan","Latania loddigesii"
7550,"LAIN5","henna","Lawsonia inermis"
7552,"LEKR","Krug's roughleaf","Leandra krugiana"
7556,"LEQU","pitahaya","Leptocereus quadricostatus"
7558,"LEMO20","large-leaf yellow teatree","Leptospermum morrisonii"
7559,"LEPE23","common teatree","Leptospermum petersonii"
7560,"LEPO22","common teatree","Leptospermum polygalifolim"
7561,"LESC2","broom teatree","Leptospermum scoparium"
7562,"LEPTO4","teatree","Leptospermum spp."
7564,"LEIN31","Leucaena insularum","Leucaena insularum"
7565,"LELE10","white leadtree","Leucaena leucocephala"
7566,"LEUCA","leadtree","Leucaena spp."
7567,"LERE5","littleleaf leadtree","Leucaena retusa"
7569,"LIBR5","Maria laurel","Licaria brittoniana"
7570,"LIPA9","Puerto Rico cinnamon","Licaria parvifolia"
7571,"LIOR2","Oriental sweetgum","Liquidambar orientalis"
7573,"LITR","pepperleaf sweetwood","Licaria triandra"
7574,"LIAM","Amur privet","Ligustrum amurense"
7575,"LISI","Chinese privet","Ligustrum sinense"
7576,"LIGUS2","privet","Ligustrum spp."
7577,"LIJA","Japanese privet","Ligustrum japonicum"
7578,"LILU2","glossy privet","Ligustrum lucidum"
7579,"LIOV","California privet","Ligustrum ovalifolium"
7580,"LIME7","southern spicebush","Lindera melissifolia"
7583,"LICH4","Lychee","Litchi chinensis"
7586,"LISA8","papaono","Litsea samoensis"
7587,"LITSE","Litsea","Litsea spp."
7588,"LICH3","fountain palm","Livistona chinensis"
7590,"LODO5","geno geno","Lonchocarpus domingensis"
7591,"LOGL2","geno","Lonchocarpus glaucifolius"
7592,"LOHE7","broadleaf lancepod","Lonchocarpus heptaphyllus"
7593,"LOMA6","Amur honeysuckle","Lonicera maackii"
7598,"LUNE4","Egg Fruit / Canistel","Lucuma nervosa"
7600,"LUSP11","luehea","Luehea speciosa"
7602,"LULI8","bakauaine, nana","Lumnitzera littorea"
7604,"LUNAN","lunania","Lunania spp."
7606,"LUEK","Lunania ekmanii","Lunania ekmanii"
7608,"LYRU2","St. Thomas staggerbush","Lyonia rubiginosa"
7614,"MAIN8","macadamia nut tree, pengua","Macadamia integrifolia"
7616,"MACAD","Macadamia","Macadamia spp."
7617,"MATE16","Macadamia Nut","Macadamia tetraphylla"
7618,"MACA25","bedel","Macaranga carolinensis"
7619,"MAGR","Macaranga grayana","Macaranga grayana"
7620,"MAHA9","lau pata","Macaranga harveyana"
7621,"MAMA28","pengua","Macaranga mappa"
7623,"MACAR","macaranga","Macaranga spp."
7625,"MAST7","lau fatu","Macaranga stipulosa"
7626,"MATA3","parasol leaf tree","Macaranga tanarius"
7627,"MATH3","Macaranga thompsonii","Macaranga thompsonii"
138,"PIQU","four-leaf or Parry pinyon pine","Pinus quadrifolia"
139,"PITO","Torrey pine","Pinus torreyana"
140,"PICE","Mexican pinyon pine","Pinus cembroides"
141,"PIRE5","papershell pinyon pine","Pinus remota"
142,"PILO","Great Basin bristlecone pine","Pinus longaeva"
143,"PIMOF","Arizona pinyon pine","Pinus monophylla"
144,"PIELE2","Honduras pine","Pinus elliottii"
200,"PSEUD7","Douglas-fir spp.","Pseudotsuga spp."
201,"PSMA","bigcone Douglas-fir","Pseudotsuga macrocarpa"
202,"PSME","Douglas-fir","Pseudotsuga menziesii"
211,"SESE3","redwood","Sequoia sempervirens"
212,"SEGI2","giant sequoia","Sequoiadendron giganteum"
220,"TAXOD","baldcypress spp.","Taxodium spp."
221,"TADI2","baldcypress","Taxodium distichum"
222,"TAAS","pondcypress","Taxodium ascendens"
223,"TAMU","Montezuma baldcypress","Taxodium mucronatum"
230,"TAXUS","yew spp.","Taxus spp."
231,"TABR2","Pacific yew","Taxus brevifolia"
232,"TAFL","Florida yew","Taxus floridana"
240,"THUJA","thuja spp.","Thuja spp."
241,"THOC2","northern white-cedar","Thuja occidentalis"
242,"THPL","western redcedar","Thuja plicata"
250,"TORRE","torreya (nutmeg) spp.","Torreya spp."
251,"TOCA","California torreya (nutmeg)","Torreya californica"
252,"TOTA","Florida torreya (nutmeg)","Torreya taxifolia"
260,"TSUGA","hemlock spp.","Tsuga spp."
261,"TSCA","eastern hemlock","Tsuga canadensis"
262,"TSCA2","Carolina hemlock","Tsuga caroliniana"
263,"TSHE","western hemlock","Tsuga heterophylla"
264,"TSME","mountain hemlock","Tsuga mertensiana"
299,"2TE","unknown dead conifer","Tree evergreen"
300,"ACACI","acacia spp.","Acacia spp."
303,"ACFA","sweet acacia","Acacia farnesiana"
304,"ACGR","catclaw acacia","Acacia greggii"
310,"ACER","maple spp.","Acer spp."
311,"ACBA3","Florida maple","Acer barbatum"
312,"ACMA3","bigleaf maple","Acer macrophyllum"
313,"ACNE2","boxelder","Acer negundo"
314,"ACNI5","black maple","Acer nigrum"
315,"ACPE","striped maple","Acer pensylvanicum"
316,"ACRU","red maple","Acer rubrum"
317,"ACSA2","silver maple","Acer saccharinum"
318,"ACSA3","sugar maple","Acer saccharum"
319,"ACSP2","mountain maple","Acer spicatum"
320,"ACPL","Norway maple","Acer platanoides"
6066,"ALFL3","palo de gallina","Alchorneopsis floribunda"
6069,"ALMA","Hawaii alectryon","Alectryon macrococcus"
6072,"ALSA12","Elattostachys falcata","Elattostachys falcata"
6073,"ALECT","alectryon","Alectryon spp."
6075,"ALMO2","Indian walnut","Aleurites moluccana"
6077,"ALEUR","aleurites","Aleurites spp."
6078,"ALTR11","lumbang","Aleurites trisperma"
6080,"ALCR9","palo blanco","Allophylus crassinervis"
6082,"ALRA","palo de caja","Allophylus racemosus"
6083,"ALLOP","Allophylus","Allophylus spp."
6084,"ALTE13","chebeludes","Allophylus ternatus"
6085,"ALTI2","ebeludes, chebeludes","Allophylus timorensis"
6086,"ALNE2","Nepal alder","Alnus nepalensis"
6088,"ALCA21","chelebiob, elebiong","Alphitonia carolinensis"
6089,"ALPO3","Hawaii kauilatree","Alphitonia ponderosa"
6090,"ALPHI","Alphitonia","Alphitonia spp."
6091,"ALZI","toi","Alphitonia zizyphoides"
6092,"ALBR4","helecho gigante de la sierra","Alsophila bryophila"
6093,"ALPO7","Alsophila portoricensis","Alsophila portoricensis"
6095,"ALMA16","deviltree","Alstonia macrophylla"
6096,"ALPA22","Alstonia pacifica","Alstonia pacifica"
6097,"ALSTO","alstonia","Alstonia spp."
6101,"AMLA4","black calabash","Amphitecna latifolia"
6103,"AMBA2","balsam torchwood","Amyris balsamifera"
6106,"ANACA","anacardium","Anacardium spp."
6107,"ANOC","cashew","Anacardium occidentale"
6108,"ANGL5","Anacolosa glochidiiformis","Anacolosa glochidiiformis"
6109,"ANIN13","Anacolosa insularis","Anacolosa insularis"
6111,"ANPE13","Anadenanthera peregrina","Anadenanthera peregrina"
6114,"ANIN","cabbagebark tree","Andira inermis"
6118,"ANEV","dermarm","Angiopteris evecta"
6120,"ANBR7","canelillo","Aniba bracteata"
6124,"ANCH9","Annona cherimola","Annona cherimola"
6125,"ANDI11","ilama","Annona diversifolia"
6127,"ANMO","mountain soursop","Annona montana"
6128,"ANMU2","soursop","Annona muricata"
6129,"ANRE","custard apple","Annona reticulata"
6130,"ANNON","Annona","Annona spp."
6131,"ANSQ","sugar apple","Annona squamosa"
6135,"ANKA","Kapua china laurel","Antidesma kapuae"
6137,"ANBU3","Antidesma bunius","Antidesma bunius"
6138,"ANKU3","Antidesma kusaiense","Antidesma kusaiense"
6139,"ANPL2","ha a","Antidesma platyphyllum"
6142,"ANPO8","Antidesma ponapense","Antidesma ponapense"
6143,"ANPU2","hame","Antidesma pulvinatum"
6144,"ANSP14","Antidesma sphaerocarpum","Antidesma sphaerocarpum"
6145,"ANTID","chinalaurel","Antidesma spp."
6146,"ANAC4","placa chiquitu","Antirhea acutata"
6147,"ANCO3","pegwood","Antirhea coriacea"
6148,"ANIN2","Antirhea inconspicua","Antirhea inconspicua"
6149,"ANLU3","palo iloron","Antirhea lucida"
6150,"ANOB2","quina roja","Antirhea obtusifolia"
6151,"ANPO3","Puerto Rico quina","Antirhea portoricensis"
6152,"ANSI","Sintenis' quina","Antirhea sintenisii"
6154,"ARAN15","parana pine","Araucaria angustifolia"
6881,"DELIS","delissea","Delissea spp."
6882,"DEUN2","leechleaf delissea","Delissea undulata"
6883,"DERE","royal poinciana","Delonix regia"
6884,"DELON","delonix","Delonix spp."
6885,"DEHA5","salato","Dendrocnide harveyi"
6886,"DELA13","kahtat","Dendrocnide latifolia"
6887,"DENDR16","Dendrocnide","Dendrocnide spp."
6888,"DEAR","angelica tree","Dendropanax arboreus"
6889,"DELA3","palo de vaca","Dendropanax laurifolius"
6891,"DIAL13","redpalm","Dictyosperma album"
6896,"DIIN6","chulta","Dillenia indica"
6898,"DISU11","shrubby dillenia","Dillenia suffruticosa"
6899,"DILO7","Dimocarpus longan","Dimocarpus longan"
6900,"DIBL3","mabolo","Diospyros blancoi"
6902,"DIDI9","Mabolo","Diospyros discolor"
6903,"DIEB","Black sapote","Diospyros ebenaster"
6904,"DIEL3","anume","Diospyros elliptica"
6905,"DIFE5","Diospyros ferrea","Diospyros ferrea"
6906,"DIHI4","elama","Diospyros hillebrandii"
6907,"DIKA2","persimmon","Diospyros kaki"
6909,"DIRE6","black apple","Diospyros revoluta"
6910,"DISA16","auauli","Diospyros samoensis"
6911,"DISA10","lama","Diospyros sandwicensis"
6912,"DISI3","Chinese persimmon","Diospyros sintenisii"
6918,"RHCA3","common buckthorn","Rhamnus cathartica"
6921,"DIPO","otot","Discocalyx ponapensis"
6923,"DIMY","jaboncillo","Ditta myricoides"
6924,"RHTY","staghorn sumac","Rhus typhina"
6927,"DOVI","Florida hopbush","Dodonaea viscosa"
6928,"DOSP3","rru","Dolichandrone spathacea"
6930,"DOHE2","Ceylon gooseberry","Dovyalis hebecarpa"
6932,"DRFR2","fragrant dracaena","Dracaena fragrans"
6933,"DRMU2","Dracaena multiflora","Dracaena multiflora"
6934,"DRRE6","song of India","Dracaena reflexa"
6935,"DRCA18","Drypetes carolinensis","Drypetes carolinensis"
6936,"DRDO3","Drypetes dolichocarpa","Drypetes dolichocarpa"
6937,"DRAL5","cafeillo","Drypetes alba"
6938,"DRGL2","varital","Drypetes glauca"
6939,"DRIL","rosewood","Drypetes ilicifolia"
6940,"DRLA3","guiana plum","Drypetes lateriflora"
6941,"DRNI3","kevert","Drypetes nitida"
6942,"DRYPE","Drypetes","Drypetes spp."
6943,"DRVI5","none","Drypetes vitiensis"
6944,"DUDE","Dubautia","Dubautia demissifolia"
6945,"DUFA2","Dubautia","Dubautia x fallax"
6946,"DUMO2","Dubautia","Dubautia montana"
6947,"DUAR","Mauna Kea dubautia","Dubautia arborea"
6948,"DUKN","forest dubautia","Dubautia knudsenii"
6949,"DRYA","Drypetes yapensis","Drypetes yapensis"
6952,"DUMI","Kauai dubautia","Dubautia microcephala"
6953,"DUPL","plantainleaf dubautia","Dubautia plantaginea"
6954,"SAEL","Elaeagnus willow","Salix elaeagnos"
6957,"DURE2","netvein dubautia","Dubautia reticulata"
6958,"DUBAU","dubautia","Dubautia spp."
6959,"SAGE2","Geyer willow","Salix geyeriana"
6961,"DUER","golden dewdrops","Duranta erecta"
6963,"SALA3","red willow","Salix laevigata"
6965,"DUZI","Durian","Durio zibethinus"
6966,"DYLU","yellow butterfly palm","Dypsis lutescens"
6967,"SAMA13","corkscrew willow","Salix matsudana"
6968,"DYHU2","maota mea","Dysoxylum huntii"
6969,"DYMA","maota","Dysoxylum maota"
7628,"MALU2","palo de hoz","Machaerium lunatum"
7630,"MAPO6","Puerto Rico alfilerillo","Machaonia portoricensis"
7632,"MATI3","Maclura tinctoria","Maclura tinctoria"
7633,"MAEM2","umbrella-tree","Maesopsis eminii"
7635,"MAPO2","Puerto Rico magnolia","Magnolia portoricensis"
7636,"MASP","laurel magnolia","Magnolia splendens"
7637,"MASI14","Oyama magnolia","Magnolia sieboldii"
7638,"MAPA6","Mallotus palauensis","Mallotus palauensis"
7639,"MAPH4","kamala tree","Mallotus philippensis"
7641,"MALLO","mallotus","Mallotus spp."
7642,"MATI4","Mallotus tiliifolius","Mallotus tiliifolius"
7643,"MACO11","Singapore holly","Malpighia coccigera"
7644,"MAEM","Barbados cherry","Malpighia emarginata"
7645,"MAFU2","palo bronco","Malpighia fucata"
7646,"MAGL6","wild crapemyrtle","Malpighia glabra"
7647,"MAIN5","cowhage cherry","Malpighia infestissima"
7648,"MALI2","bastard cherry","Malpighia linearis"
7649,"MABA","Siberian crab apple","Malus baccata"
7650,"MAFL80","Japanese flowering crab apple","Malus floribunda"
7651,"MAPU","paradise apple","Malus pumila"
7652,"MAAM2","mammee apple","Mammea americana"
7653,"MAGL12","manapau","Mammea glauca"
7654,"MAOD2","chopak","Mammea odorata"
7655,"MAMME","Mammea","Mammea spp."
7657,"MAMI3","kanit","Mangifera minor"
7658,"MAOD","saipan mango","Mangifera odorata"
7659,"MANGI","mango","Mangifera spp."
7660,"MAGL5","ceara rubbertree","Manihot glaziovii"
7661,"MANIH","manihot","Manihot spp."
7662,"MABI5","bulletwood","Manilkara bidentata"
7663,"MABIS","Surinam bulletwood","Manilkara bidentata"
7664,"MADI14","pani","Manilkara dissecta"
7666,"MAHO5","kohle","Manilkara hoshinoi"
7667,"MAJA2","wild dilly","Manilkara jaimiqui"
7669,"MAPL2","zapote de costa","Manilkara pleeana"
7671,"MANIL","Manilkara","Manilkara spp."
7672,"MAUD","udeuid","Manilkara udoido"
7673,"MAVA3","nisperillo","Manilkara valenzuela"
7674,"MAZA","sapodilla","Manilkara zapota"
7677,"MARA3","palo de cana","Mappia racemosa"
7679,"MACO","bkau, apgau","Maranthes corymbosa"
7680,"MAFR11","dermarm","Marattia fraxinea"
7682,"MANO","bastard hogberry","Margaritaria nobilis"
7684,"MASI3","beruquillo","Marlierea sintenisii"
7688,"MAAP5","Matayba apetala","Matayba apetala"
7689,"MADO2","negra lora","Matayba domingensis"
7694,"MABO8","mayten","Maytenus boaria"
7695,"MACY2","Caribbean mayten","Maytenus cymosa"
7697,"MAEL3","Puerto Rico mayten","Maytenus elongata"
7698,"MALA8","white cinnamon","Maytenus laevigata"
7699,"MAPO5","ponce mayten","Maytenus ponceana"
7700,"MATH4","luluhut","Maytenus thompsonii"
7702,"MELA7","Mecranium latifolium","Mecranium latifolium"
7704,"MECA21","Medusanthera carolinensis","Medusanthera carolinensis"
7705,"MESA11","matamo","Medusanthera samoensis"
321,"ACGL","Rocky Mountain maple","Acer glabrum"
322,"ACGR3","bigtooth maple","Acer grandidentatum"
323,"ACLE","chalk maple","Acer leucoderme"
330,"AESCU","buckeye, horsechestnut spp.","Aesculus spp."
331,"AEGL","Ohio buckeye","Aesculus glabra"
332,"AEFL","yellow buckeye","Aesculus flava"
333,"AECA","California buckeye","Aesculus californica"
334,"AEGLA","Texas buckeye","Aesculus glabra"
336,"AEPA","red buckeye","Aesculus pavia"
337,"AESY","painted buckeye","Aesculus sylvatica"
341,"AIAL","ailanthus","Ailanthus altissima"
345,"ALJU","mimosa, silktree","Albizia julibrissin"
350,"ALNUS","alder spp.","Alnus spp."
351,"ALRU2","red alder","Alnus rubra"
352,"ALRH2","white alder","Alnus rhombifolia"
353,"ALOB2","Arizona alder","Alnus oblongifolia"
355,"ALGL2","European alder","Alnus glutinosa"
356,"AMELA","serviceberry spp.","Amelanchier spp."
357,"AMAR3","common serviceberry","Amelanchier arborea"
358,"AMSA","roundleaf serviceberry","Amelanchier sanguinea"
360,"ARBUT","madrone spp.","Arbutus spp."
361,"ARME","Pacific madrone","Arbutus menziesii"
362,"ARAR2","Arizona madrone","Arbutus arizonica"
363,"ARXA80","Texas madrone","Arbutus xalapensis"
367,"ASTR","pawpaw","Asimina triloba"
370,"BETUL","birch spp.","Betula spp."
371,"BEAL2","yellow birch","Betula alleghaniensis"
372,"BELE","sweet birch","Betula lenta"
373,"BENI","river birch","Betula nigra"
374,"BEOC2","water birch","Betula occidentalis"
375,"BEPA","paper birch","Betula papyrifera"
376,"BENE4","resin birch","Betula neoalaskana"
377,"BEUB","Virginia roundleaf birch","Betula uber"
378,"BEUT","northwestern paper birch","Betula x utahensis"
379,"BEPO","gray birch","Betula populifolia"
381,"SILAL3","chittamwood, gum bumelia","Sideroxylon lanuginosum"
391,"CACA18","American hornbeam, musclewood","Carpinus caroliniana"
400,"CARYA","hickory spp.","Carya spp."
401,"CAAQ2","water hickory","Carya aquatica"
402,"CACO15","bitternut hickory","Carya cordiformis"
403,"CAGL8","pignut hickory","Carya glabra"
404,"CAIL2","pecan","Carya illinoinensis"
405,"CALA21","shellbark hickory","Carya laciniosa"
406,"CAMY","nutmeg hickory","Carya myristiciformis"
407,"CAOV2","shagbark hickory","Carya ovata"
6155,"ARCO32","New Caledonia pine","Araucaria columnaris"
6157,"ARHE12","Norfolk Island pine","Araucaria heterophylla"
6158,"ARAUC2","Araucaria","Araucaria spp."
6159,"ARAL","Alexandra palm","Archontophoenix alexandrae"
6160,"ARCU2","Bangalow palm","Archontophoenix cunninghamiana"
6161,"AREL4","shoebutton","Ardisia elliptica"
6162,"ARGL11","ausubon","Ardisia glauciflora"
6163,"ARLU3","mountain marlberry","Ardisia luquillensis"
6164,"AROB2","Guadeloupe marlberry","Ardisia obovata"
6165,"ARSO","China-shrub","Ardisia solanacea"
6166,"ARDIS","marlberry","Ardisia spp."
6167,"ARCA41","betelnut","Areca catechu"
6169,"ARPI6","cabo-negro","Arenga pinnata"
6171,"ARAL7","breadfruit","Artocarpus altilis"
6173,"ARHE2","Artocarpus heterophyllus","Artocarpus heterophyllus"
6175,"ARMA28","dugdug, Marianas breadfruit","Artocarpus mariannensis"
6176,"ARNO","Artocarpus nobilis","Artocarpus nobilis"
6177,"AROD2","Marang","Artocarpus odoratissimus"
6178,"ARTOC","meduu","Artocarpus spp."
6179,"ARBR11","taputoi","Arytera brackenridgei"
6180,"ARUN4","strawberry tree","Arbutus unedo"
6181,"ASDI14","afia","Ascarina diffusa"
6184,"ASKU2","Astronidium kusaianum","Astronidium kusaianum"
6185,"ASNA10","Astronidium navigatorum","Astronidium navigatorum"
6186,"ASPA37","mesekui","Astronidium palauense"
6187,"ASPI11","Astronidium pickeringii","Astronidium pickeringii"
6188,"ASSA23","Astronidium samoense","Astronidium samoense"
6189,"ASTRO4","Astronidium","Astronidium spp."
6190,"ASSU31","Astronidium subcordata","Astronidium subcordata"
6193,"ATRA2","ifi ifi","Atuna racemosa"
6197,"AVBI","Bilimbi","Averrhoa bilimbi"
6198,"AVCA","carambola","Averrhoa carambola"
6199,"AVERR","Averrhoa","Averrhoa spp."
6200,"AVAL","biut","Avicennia alba"
6203,"AVMA3","Avicennia marina","Avicennia marina"
6205,"AVICE","Avicennia","Avicennia spp."
6206,"AZIN2","neem","Azadirachta indica"
6208,"BATA","Saitamu","Baccaurea taitensis"
6212,"LADE2","European larch","Larix decidua"
6213,"BAPA8","ralm","Badusa palauensis"
6215,"BAMBU","bamboo","Bambusa spp."
6216,"BAVU2","common bamboo","Bambusa vulgaris"
6217,"BAPO","Puerto Rico palo de ramon","Banara portoricensis"
6218,"BERE4","bottle-palm","Beaucarnea recurvata"
6219,"BAVA2","Vanderbilt's palo de ramon","Banara vanderbiltii"
6220,"BAAS3","sea putat","Barringtonia asiatica"
6221,"BARA5","langaasag","Barringtonia racemosa"
6222,"BASA9","falaga","Barringtonia samoensis"
6223,"BARRI","Barringtonia","Barringtonia spp."
6224,"BAEG6","Bastardiopsis eggersii","Bastardiopsis eggersii"
6225,"BABI6","Bauhinia binata","Bauhinia binata"
6226,"BAMO2","Napoleon's plume","Bauhinia monandra"
6227,"BAMU3","petite flamboyant bauhinia","Bauhinia multinervia"
6228,"BAPA3","railroadfence","Bauhinia pauletia"
6229,"BAPU","butterfly tree","Bauhinia purpurea"
6230,"BAUHI","bauhinia","Bauhinia spp."
6231,"BATO","St. Thomas tree","Bauhinia tomentosa"
6232,"BAVA","mountain ebony","Bauhinia variegata"
6970,"DYSA","mamala","Dysoxylum samoense"
6971,"DYSOX","Dysoxylum","Dysoxylum spp."
6972,"DYMOM","Dysoxylum mollissimum ssp. Molle","Dysoxylum mollissimum"
6973,"ELGU","oil nut palm","Elaeis guineensis"
6974,"ELKU2","Kosrae elaeocarpus","Elaeocarpus kusaiensis"
6975,"ELBI","kalia","Elaeocarpus bifidus"
6976,"ELCA20","syatak","Elaeocarpus carolinensis"
6977,"ELFL6","`a`mati`e","Elaeocarpus floridanus"
6978,"ELGR","Elaeocarpus graeffei","Elaeocarpus graeffei"
6979,"ELGR6","sapatua","Elaeocarpus grandis"
6980,"ELJO","joga","Elaeocarpus joga"
6981,"ELKE","Elaeocarpus kerstingianus","Elaeocarpus kerstingianus"
6982,"ELKU","maratte, opop","Elaeocarpus kusanoi"
6983,"ELAEO","Elaeocarpus","Elaeocarpus spp."
6984,"ELTO4","aamatie","Elaeocarpus tonganus"
6985,"ELUL","Elaeocarpus","Elaeocarpus ulianus"
6990,"ELFA3","taputoi","Elattostachys falcata"
6991,"SARA2","red elderberry","Sambucus racemosa"
6992,"ELDU3","utuutu","Eleocharis dulcis"
6994,"ENEL","elaeocarpa","Endiandra elaeocarpa"
6996,"ENCY","monkeysoap","Enterolobium cyclocarpum"
6997,"ERDE16","bronze loquat","Eriobotrya deflexa"
6998,"ERJA3","loquat","Eriobotrya japonica"
7000,"ERFR4","blacktorch","Erithalis fruticosa"
7003,"ERCO","naked coral tree","Erythrina coralloides"
7004,"ERBE3","machete","Erythrina berteriana"
7005,"ERCO22","coral erythrina","Erythrina corallodendron"
7006,"ERCR6","crybabytree","Erythrina crista-galli"
7007,"EREG","cock's spur","Erythrina eggersii"
7008,"ERFU2","bucayo","Erythrina fusca"
7011,"ERPO5","mountain immortelle","Erythrina poeppigiana"
7012,"ERSA11","wili wili","Erythrina sandwicensis"
7013,"ERYTH","erythrina","Erythrina spp."
7014,"ERSU15","gatae palagi","Erythrina subumbrans"
7015,"ERVA7","tiger's claw","Erythrina variegata"
7016,"ERVAO","tiger's claw","Erythrina variegata"
7017,"ERAC10","acuminatissimum","Erythrospermum acuminatissimum"
7019,"ERAR17","swamp-redwood","Erythroxylum areolatum"
7021,"ERRO3","ratwood","Erythroxylum rotundifolium"
7022,"ERRU4","rufous false cocaine","Erythroxylum rufum"
7023,"SECO9","Argentine senna","Senna corymbosa"
7024,"ERUR4","Urban's false cocaine","Erythroxylum urbanii"
7025,"EUBO2","southern mahogany","Eucalyptus botryoides"
7026,"EUBR2","applebox","Eucalyptus bridgesiana"
7028,"EUCI80","argyle apple","Eucalyptus cinerea"
7031,"EUCO3","yate","Eucalyptus cornuta"
7032,"EUCR","narrowleaf red ironbark","Eucalyptus crebra"
7033,"EUDE","roundleaf gum","Eucalyptus deanei"
7034,"EUDE2","Indonesian gum","Eucalyptus deglupta"
7035,"EUCO31","silver-dollar eucalyptus","Eucalyptus cordata"
7038,"EUGO","tuart","Eucalyptus gomphocephala"
7039,"EUGO2","mountain graygum","Eucalyptus goniocalyx"
7041,"EUHE12","white box","Eucalyptus hemiphloia"
7043,"EUMA23","spotted gum","Eucalyptus maculata"
7044,"EUMA4","jarrah","Eucalyptus marginata"
7045,"EUMI","Australian tallowwood","Eucalyptus microcorys"
7046,"EUPA","gray ironbark","Eucalyptus paniculata"
7706,"MEDUS2","Medusanthera","Medusanthera spp."
7709,"MELAL","melaleuca","Melaleuca spp."
7710,"MEMU10","alom","Melanolepis multiglandulosa"
7712,"MECA9","Melastoma candidum","Melastoma candidum"
7713,"MESA3","Melastoma sanguineum","Melastoma sanguineum"
7715,"MELI7","cajeput tree","Melaleuca linariifolia"
7716,"MELIA","melia","Melia spp."
7717,"MEBI","Spanish lime","Melicoccus bijugatus"
7719,"MEAN3","mokihana","Melicope anisata"
7720,"MEBA2","Ballous melicope","Melicope balloui"
7721,"MEBA3","uahiapele","Melicope barbigera"
7722,"MECH2","Waianae Range melicope","Melicope christophersenii"
7723,"MECI6","manena","Melicope cinerea"
7724,"MECL","kukaemoa","Melicope clusiifolia"
7725,"MECR5","piloula","Melicope cruciata"
7726,"MEEL2","leiohiiaka","Melicope elliptica"
7727,"MEHA7","Haleakala melicope","Melicope haleakalae"
7728,"MEHA3","Haupa Mountain melicope","Melicope haupuensis"
7729,"MEHA4","mokihana kukae moa","Melicope hawaiensis"
7730,"MEHI6","Monoa melicope","Melicope hiiakae"
7731,"MEHO2","Honolulu melicope","Melicope hosakae"
7732,"MEKA2","Kaala melicope","Melicope kaalaensis"
7733,"MEKN","Olokele Valley melicope","Melicope knudsenii"
7734,"MEMA6","Kaholuamanu melicope","Melicope macropus"
7735,"MEMA7","Makaha Valley melicope","Melicope makahae"
7736,"MEMO6","Molokai melicope","Melicope molokaiensis"
7737,"MEMU4","alani","Melicope mucronulata"
7738,"MEOA","Oahu melicope","Melicope oahuensis"
7739,"MEOB4","Makawao melicope","Melicope obovata"
7740,"MEOR4","Honokahua melicope","Melicope orbicularis"
7741,"MEOV","Hana melicope","Melicope ovalis"
7742,"MEOV2","eggshape melicope","Melicope ovata"
7743,"MEPA6","pale melicope","Melicope pallida"
7744,"MEPA7","Lihue melicope","Melicope paniculata"
7745,"MEPE9","boxfruit alani","Melicope peduncularis"
7746,"MEPS","Kohala Summit melicope","Melicope pseudoanisata"
7747,"MEPU4","hairy melicope","Melicope puberula"
7748,"MEQU3","fourangle melicope","Melicope quadrangularis"
7749,"MERA2","kapu melicope","Melicope radiata"
7750,"MERE8","soopini","Melicope latifolia"
7751,"MERO3","roundleaf melicope","Melicope rotundifolia"
7752,"MESA4","St. Johns melicope","Melicope saint-johnii"
7753,"MESA5","Mt. Kaala melicope","Melicope sandwicensis"
7754,"MELIC3","melicope","Melicope spp."
7755,"MEVO","volcanic melicope","Melicope volcanica"
7756,"MEWA2","alani wai","Melicope waialealae"
7757,"MEWA4","Monoa melicope","Melicope wawraeana"
7758,"MEZA","kipuka piaula","Melicope zahlbruckneri"
7759,"MESA9","samoensis","Melicytus samoensis"
7763,"MEHE","aguacatillo","Meliosma herbertii"
7764,"MEOB2","cacaillo","Meliosma obtusifolia"
7766,"MEAR16","mao","Melochia aristata"
7767,"MELOC","melochia","Melochia spp."
7768,"METO4","teabush","Melochia tomentosa"
7769,"MEUM3","hierba del soldado","Melochia umbellata"
7770,"MEVIC4","sayafe spp.","Melochia villosissima"
7771,"MEVIV","sayafe","Melochia villosissima"
7774,"MEME12","faniok","Merrilliodendron megacarpum"
7776,"MEMA16","fagufagu","Meryta macrophylla"
7777,"MESE11","omechidel","Meryta senfftiana"
7778,"MERYT","Meryta","Meryta spp."
7779,"MEGL8","dawn redwood","Metasequoia glyptostroboides"
7781,"MEPOP2","collina","Metrosideros collina"
7782,"MEMA4","ohia","Metrosideros macropus"
7783,"MEPO5","ohia lehua","Metrosideros polymorpha"
7792,"MERU2","lehua papa","Metrosideros rugosa"
7793,"METRO","lehua","Metrosideros spp."
7794,"METR5","lehua ahihi","Metrosideros tremuloides"
7795,"MEWA","Kauai bottlebrush","Metrosideros waialealae"
7798,"MEAM4","ivory-nut palm","Metroxylon amicarum"
408,"CATE9","black hickory","Carya texana"
409,"CAAL27","mockernut hickory","Carya alba"
410,"CAPA24","sand hickory","Carya pallida"
411,"CAFL6","scrub hickory","Carya floridana"
412,"CAOV3","red hickory","Carya ovalis"
413,"CACA38","southern shagbark hickory","Carya carolinae-septentrionalis"
420,"CASTA","chestnut spp.","Castanea spp."
421,"CADE12","American chestnut","Castanea dentata"
422,"CAPU9","Allegheny chinkapin","Castanea pumila"
423,"CAPUO","Ozark chinkapin","Castanea pumila"
424,"CAMO83","Chinese chestnut","Castanea mollissima"
431,"CHCHC4","giant chinkapin, golden chinkapin","Chrysolepis chrysophylla"
450,"CATAL","catalpa spp.","Catalpa spp."
451,"CABI8","southern catalpa","Catalpa bignonioides"
452,"CASP8","northern catalpa","Catalpa speciosa"
460,"CELTI","hackberry spp.","Celtis spp."
461,"CELA","sugarberry","Celtis laevigata"
462,"CEOC","hackberry","Celtis occidentalis"
463,"CELAR","netleaf hackberry","Celtis laevigata"
471,"CECA4","eastern redbud","Cercis canadensis"
475,"CELE3","curlleaf mountain-mahogany","Cercocarpus ledifolius"
481,"CLKE","yellowwood","Cladrastis kentukea"
490,"CORNU","dogwood spp.","Cornus spp."
491,"COFL2","flowering dogwood","Cornus florida"
492,"CONU4","Pacific dogwood","Cornus nuttallii"
500,"CRATA","hawthorn spp.","Crataegus spp."
501,"CRCR2","cockspur hawthorn","Crataegus crus-galli"
502,"CRMO2","downy hawthorn","Crataegus mollis"
503,"CRBR3","Brainerd's hawthorn","Crataegus brainerdii"
504,"CRCA","pear hawthorn","Crataegus calpodendron"
505,"CRCH","fireberry hawthorn","Crataegus chrysocarpa"
506,"CRDI","broadleaf hawthorn","Crataegus dilatata"
507,"CRFL","fanleaf hawthorn","Crataegus flabellata"
508,"CRMO3","oneseed hawthorn","Crataegus monogyna"
509,"CRPE","scarlet hawthorn","Crataegus pedicellata"
510,"EUCAL","eucalyptus spp.","Eucalyptus spp."
511,"EUGL","Tasmanian bluegum","Eucalyptus globulus"
512,"EUCA2","river redgum","Eucalyptus camaldulensis"
513,"EUGR12","grand eucalyptus","Eucalyptus grandis"
514,"EURO2","swampmahogany","Eucalyptus robusta"
520,"DIOSP","persimmon spp.","Diospyros spp."
521,"DIVI5","common persimmon","Diospyros virginiana"
522,"DITE3","Texas persimmon","Diospyros texana"
523,"EHAN","Anacua knockaway","Ehretia anacua"
6233,"BEPE","slugwood","Beilschmiedia pendula"
6234,"LISU8","bog spicebush","Lindera subcoriacea"
6235,"BEDI2","Caribbean myrtlecroton","Bernardia dichotoma"
6236,"BIJA","Javanese bishopwood","Bischofia javanica"
6237,"BISCH","bishopwood","Bischofia spp."
6238,"BIOR","lipsticktree","Bixa orellana"
6239,"BIXA","bixa","Bixa spp."
6240,"BLSA2","akee","Blighia sapida"
6241,"BALU","Texasplume","Bauhinia lunarioides"
6242,"BOBR3","akupa","Bobea brevipes"
6243,"BOEL3","ahakea lau nui","Bobea elatior"
6244,"BOSA2","Hawaii dogweed","Bobea sandwicensis"
6245,"BOBEA","ahakea","Bobea spp."
6246,"BOTI","ahakea","Bobea timonioides"
6247,"BOFR2","parrotweed","Bocconia frutescens"
6248,"BOCCO","bocconia","Bocconia spp."
6250,"BOVI7","virgata","Boehmeria virgata"
6251,"BODA","white alling","Bontia daphnoides"
6252,"BABL","bauhinia","Bauhinia x blakeana"
6253,"BORA2","Bourreria radula","Bourreria radula"
6255,"BOSU2","bodywood","Bourreria succulenta"
6257,"BOVI2","roble de guayo","Bourreria virgata"
6258,"BRDI6","pink flame tree","Brachychiton discolor"
6259,"BRPO6","whiteflower kurrajong","Brachychiton populneum"
6260,"BRAR6","kanawao","Broussaisia arguta"
6262,"BRPA4","paper mulberry","Broussonetia papyrifera"
6264,"BRCA12","angels-trumpet","Brugmansia candida"
6266,"BRGY3","Oriental mangrove","Bruguiera gymnorhiza"
6267,"BRPA15","smallflower bruguiera","Bruguiera parviflora"
6268,"BRSE11","Oriental mangrove","Bruguiera sexangula"
6269,"BRUGU","bruguiera","Bruguiera spp."
6270,"BRCO6","West Indian sumac","Brunellia comocladiifolia"
6272,"BRAM4","American brunfelsia","Brunfelsia americana"
6273,"BRDE4","Serpentine Hill raintree","Brunfelsia densifolia"
6274,"BRLA5","vega blanca","Brunfelsia lactea"
6275,"BRPO3","Puerto Rico raintree","Brunfelsia portoricensis"
6277,"BUEN","omail","Buchanania engleriana"
6278,"BUME4","gasu","Buchanania merrillii"
6279,"BUPA16","omail, deuachel","Buchanania palawensis"
6280,"BUCHA","Buchanania","Buchanania spp."
6283,"BUTE4","fourleaf buchenavia","Buchenavia tetraphylla"
6284,"BUBU","gregorywood","Bucida buceras"
6286,"BUAS","dogtail","Buddleja asiatica"
6294,"BUGL2","cafe falso","Bunchosia glandulifera"
6295,"BUGL","cafe forastero","Bunchosia glandulosa"
6297,"BUPO5","Bunchosia polystachia","Bunchosia polystachia"
6299,"BURI3","Burckella richii","Burckella richii"
6303,"BULA10","Buxus laevigata","Buxus laevigata"
6304,"BUPO","Puerto Rico box","Buxus portoricensis"
6306,"BUVA","Vahl's box","Buxus vahlii"
6308,"BYCR","maricao cimun","Byrsonima crassifolia"
6311,"BYLU","Long Key locustberry","Byrsonima lucida"
6313,"BYSP","doncella","Byrsonima spicata"
6315,"BYWA","almendrillo","Byrsonima wadsworthii"
7047,"EUPI","blackbutt","Eucalyptus pilularis"
7048,"EURA4","black ironbox","Eucalyptus raveretiana"
7049,"EURE2","redmahogany","Eucalyptus resinifera"
7052,"EUSA17","black peppermint","Eucalyptus salicifolia"
7053,"EUSA","Sydney bluegum","Eucalyptus saligna"
7056,"EUTE","forest redgum","Eucalyptus tereticornis"
7057,"EUVI","manna gum","Eucalyptus viminalis"
7059,"EUAQ","edebsachel, chedebsachel","Eugenia aquea"
7060,"EUAX","white stopper","Eugenia axillaris"
7061,"EUBI","blackrodwood","Eugenia biflora"
7062,"EUBO3","Sierra de Cayey stopper","Eugenia boqueronensis"
7063,"EUBO4","guayabota de sierra","Eugenia borinquensis"
7065,"EUCA16","cloves","Eugenia caryophyllus"
7066,"EUCO4","redberry stopper","Eugenia confusa"
7067,"EUCO5","lathberry","Eugenia cordata"
7068,"EUCOS","lathberry","Eugenia cordata"
7069,"EUCO13","sperry guava","Eugenia corozalensis"
7071,"EUDO","serrette guave","Eugenia domingensis"
7072,"EUEG","guasabara","Eugenia eggersii"
7075,"EUGL6","smooth rodwood","Eugenia glabrata"
7076,"EUHA4","Luquillo Mountain stopper","Eugenia haematocarpa"
7078,"EUJA4","macupa, wax apple","Eugenia javanica"
7079,"EUKO","nioi","Eugenia koolauensis"
7081,"EULI","privet stopper","Eugenia ligustrina"
7082,"EUMA5","makupa, malay apple","Eugenia malaccensis"
7083,"STGR4","bigleaf snowbell","Styrax grandifolius"
7084,"EUMO","birdcherry","Eugenia monticola"
7086,"EUNI2","Eugenia nitida","Eugenia nitida"
7087,"EUPA3","orenged","Eugenia palauensis"
7088,"EUPA28","agatelang","Eugenia palumbis"
7089,"EUPR4","rockmyrtle","Eugenia procera"
7090,"EUPS","Christmas cherry","Eugenia pseudopsidium"
7091,"EURE7","mountain stopper","Eugenia reinwardtiana"
7092,"SYRE2","Japanese tree lilac","Syringa reticulata"
7093,"EUSE9","serrasuela","Eugenia serrasuela"
7094,"EUSE10","sessileleaf stopper","Eugenia sessiliflora"
7096,"EUGEN","stopper","Eugenia spp."
7098,"EUST3","Stahl's stopper","Eugenia stahlii"
7099,"EUST24","luluhut","Eugenia stelechantha"
7100,"EUST6","Stewardson's stopper","Eugenia stewardsonii"
7101,"EUSU9","rebotel","Eugenia suzukii"
7102,"EUTH4","atoto","Eugenia thompsonii"
7103,"EUUN","Underwood's stopper","Eugenia underwoodii"
7104,"EUUN2","Surinam cherry","Eugenia uniflora"
7105,"EUXE","aridland stopper","Eugenia xerophytica"
7109,"EUCO24","Mexican shrubby spurge","Euphorbia cotinifolia"
7110,"EUHA2","Kauai spurge","Euphorbia haeleeleana"
7111,"EULA8","mottled spurge","Euphorbia lactea"
7112,"EUNE4","Indian spurgetree","Euphorbia neriifolia"
7113,"EUPE8","manchineel berry","Euphorbia petiolaris"
7114,"EUPU9","poinsettia","Euphorbia pulcherrima"
7115,"EUPHO","spurge","Euphorbia spp."
7799,"MESA7","sago palm","Metroxylon sagu"
7800,"METRO2","Metroxylon","Metroxylon spp."
7801,"MICH4","Orange Champak","Michelia champaca"
7803,"MILA10","hairy johnnyberry","Miconia lanata"
7804,"MIAF","saquiyac","Miconia affinis"
7805,"MICA20","velvet tree","Miconia calvescens"
7806,"MIFO","Puerto Rico johnnyberry","Miconia foveolata"
7807,"MIIM","camasey de costilla","Miconia impetiolaris"
7808,"MILA8","smooth johnnyberry","Miconia laevigata"
7810,"MIMI3","camasey cuatrocanales","Miconia mirabilis"
7812,"MIPA7","camasey racimoso","Miconia pachyphylla"
7813,"MIPR3","granadillo bobo","Miconia prasina"
7814,"MIPU9","auquey","Miconia punctata"
7815,"MIPY2","ridge johnnyberry","Miconia pycnoneura"
7816,"MIRA2","camasey felpa","Miconia racemosa"
7817,"MIRU4","peralejo","Miconia rubiginosa"
7818,"MISE2","jau jau","Miconia serrulata"
7819,"MISI2","mountain johnnyberry","Miconia sintenisii"
7821,"MISU3","forest johnnyberry","Miconia subcorymbosa"
7822,"MITE4","rajador","Miconia tetrandra"
7823,"MITH","camasey tomaso","Miconia thomasiana"
7824,"MIMI23","talafulu","Micromelum minutum"
7828,"MIGA","caimitillo verde","Micropholis garciniifolia"
7829,"MIGU2","Micropholis guyanensis","Micropholis guyanensis"
7831,"MIPI9","pinnata","Millettia pinnata"
7833,"MIAR4","elegant mimosa","Mimosa arenosa"
7835,"MIEL4","bulletwood, elengi","Mimusops elengi"
7839,"MONOD","monodora","Monodora spp."
7841,"MOHI","treedaisy","Montanoa hibiscifolia"
7842,"MONTA","montanoa","Montanoa spp."
7845,"MOCE2","Morella cerifera","Morella cerifera"
7846,"MOFA","firetree","Morella faya"
7847,"MOHO3","Morella holdridgeana","Morella holdridgeana"
7848,"MOREL2","bayberry","Morella spp."
7849,"MOCI3","Indian mulberry","Morinda citrifolia"
7850,"MOLA12","kesengelngel","Morinda latibractea"
7851,"MOPE2","Morinda pedunculata","Morinda pedunculata"
7852,"MORIN","morinda","Morinda spp."
7853,"MOTR","noni kuahiwi","Morinda trimera"
7855,"MOOL","horseradishtree","Moringa oleifera"
7857,"MOAM","ratapple","Morisonia americana"
7862,"MODO2","murta","Mouriri domingensis"
7863,"MOHE","mameyuelo","Mouriri helleri"
7865,"MURA3","falseohe","Munroidendron racemosum"
7867,"MUCA4","strawberrytree","Muntingia calabura"
7868,"MUNTI","muntingia","Muntingia spp."
7869,"MUEX2","Murraya exotica","Murraya exotica"
7870,"MUKO","Murraya koenigii","Murraya koenigii"
7872,"MUPA3","French plantain","Musa x paradisiaca"
7873,"MUCO8","bungeltuu","Musa coccinea"
7874,"MUNA","tama","Musa nana"
7875,"MUSA","tuu banana","Musa sapientum"
7876,"MUSA2","meia","Musa spp."
531,"FAGR","American beech","Fagus grandifolia"
540,"FRAXI","ash spp.","Fraxinus spp."
541,"FRAM2","white ash","Fraxinus americana"
542,"FRLA","Oregon ash","Fraxinus latifolia"
543,"FRNI","black ash","Fraxinus nigra"
544,"FRPE","green ash","Fraxinus pennsylvanica"
545,"FRPR","pumpkin ash","Fraxinus profunda"
546,"FRQU","blue ash","Fraxinus quadrangulata"
547,"FRVE2","velvet ash","Fraxinus velutina"
548,"FRCA3","Carolina ash","Fraxinus caroliniana"
549,"FRTE","Texas ash","Fraxinus texensis"
550,"GLEDI","honeylocust spp.","Gleditsia spp."
551,"GLAQ","waterlocust","Gleditsia aquatica"
552,"GLTR","honeylocust","Gleditsia triacanthos"
555,"GOLA","loblolly-bay","Gordonia lasianthus"
561,"GIBI2","ginkgo, maidenhair tree","Ginkgo biloba"
571,"GYDI","Kentucky coffeetree","Gymnocladus dioicus"
580,"HALES","silverbell spp.","Halesia spp."
581,"HACA3","Carolina silverbell","Halesia carolina"
582,"HADI3","two-wing silverbell","Halesia diptera"
583,"HAPA2","little silverbell","Halesia parviflora"
591,"ILOP","American holly","Ilex opaca"
600,"JUGLA","walnut spp.","Juglans spp."
601,"JUCI","butternut","Juglans cinerea"
602,"JUNI","black walnut","Juglans nigra"
603,"JUHI","northern California black walnut","Juglans hindsii"
604,"JUCA","southern California black walnut","Juglans californica"
605,"JUMI","Texas walnut","Juglans microcarpa"
606,"JUMA","Arizona walnut","Juglans major"
611,"LIST2","sweetgum","Liquidambar styraciflua"
621,"LITU","yellow-poplar","Liriodendron tulipifera"
631,"LIDE3","tanoak","Lithocarpus densiflorus"
641,"MAPO","Osage-orange","Maclura pomifera"
650,"MAGNO","magnolia spp.","Magnolia spp."
651,"MAAC","cucumbertree","Magnolia acuminata"
652,"MAGR4","southern magnolia","Magnolia grandiflora"
653,"MAVI2","sweetbay","Magnolia virginiana"
654,"MAMA2","bigleaf magnolia","Magnolia macrophylla"
655,"MAFR","mountain or Fraser magnolia","Magnolia fraseri"
657,"MAPY","pyramid magnolia","Magnolia pyramidata"
658,"MATR","umbrella magnolia","Magnolia tripetala"
660,"MALUS","apple spp.","Malus spp."
661,"MAFU","Oregon crab apple","Malus fusca"
662,"MAAN3","southern crab apple","Malus angustifolia"
663,"MACO5","sweet crab apple","Malus coronaria"
6316,"CAESA","nicker","Caesalpinia spp."
6317,"CACO28","divi divi","Caesalpinia coriaria"
6318,"CAKA5","uhiuhi","Caesalpinia kavaiensis"
6319,"CAPU13","pride-of-Barbados","Caesalpinia pulcherrima"
6320,"CASA28","sappanwood","Caesalpinia sappan"
6325,"CASU33","Surinamese stickpea","Calliandra surinamensis"
6326,"CAAM14","caparosa","Callicarpa ampla"
6328,"CACI15","crimson bottlebrush","Callistemon citrinus"
6329,"CAVI23","weeping bottlebrush","Callistemon viminalis"
6331,"CACO2","Callitris columellaris","Callitris columellaris"
6337,"CAEC2","Caloncoba echinata","Caloncoba echinata"
6338,"CAAN22","Antilles calophyllum","Calophyllum antillanum"
6341,"CAIN4","Alexandrian laurel","Calophyllum inophyllum"
6342,"CANE31","tamanu","Calophyllum neo-ebudicum"
6343,"CAPE15","chesemolech","Calophyllum pelewense"
6344,"CASO12","olebtaches, chesemolech","Calophyllum soulattri"
6345,"CALOP","calophyllum","Calophyllum spp."
6346,"CAPR","roostertree","Calotropis procera"
6347,"CALOT","calotropis","Calotropis spp."
6350,"CACA73","degame","Calycophyllum candidissimum"
6351,"CAKI","Kiaerskov's lidflower","Calyptranthes kiaerskovii"
6352,"CAKR","limoncillo","Calyptranthes krugii"
6353,"CALU12","Luquillo forest lidflower","Calyptranthes luquillensis"
6354,"CAPA8","pale lidflower","Calyptranthes pallens"
6355,"CAPO9","Puerto Rico lidflower","Calyptranthes portoricensis"
6356,"CASI8","limoncillo de monte","Calyptranthes sintenisii"
6358,"CATH3","Thomas' lidflower","Calyptranthes thomasiana"
6359,"CAZU","myrtle of the river","Calyptranthes zuzygium"
6360,"CARI3","Puerto Rico manac","Calyptronoma rivalis"
6366,"CABR18","kelela charm, kiu","Campnosperma brevipetiolatum"
6367,"CABR42","Campnosperma brevipetiolata","Campnosperma brevipetiolata"
6370,"CAOD","ilang-ilang","Cananga odorata"
6372,"CAHA39","mafoa","Canarium mafoa"
6373,"CAHI14","mesecheues","Canarium hirsutum"
6374,"CAIN42","lukerr","Canarium indicum"
6375,"CAOV7","Pili Nut","Canarium ovatum"
6377,"CANAR2","Canarium","Canarium spp."
6378,"CAVI26","maali","Canarium vitiense"
6379,"CAVU9","Canarium vulgare","Canarium vulgare"
6380,"CAWI","wild cinnamon","Canella winterana"
6381,"CAME35","Olasina","Psydrax merrillii"
6383,"CAAM13","burro blanco","Capparis amplissima"
6384,"CABA2","caper","Capparis baducca"
6386,"CACY","Jamaican caper","Capparis cynophallophora"
6387,"CAFL2","falseteeth","Capparis flexuosa"
6389,"CAHA9","broadleaf caper","Capparis hastata"
6390,"CAIN5","linguam","Capparis indica"
6393,"CAGU6","crabwood","Carapa guianensis"
6395,"CAPA23","papaya","Carica papaya"
6396,"CARIC","papaya","Carica spp."
6397,"CARE22","scorpionbush","Carmona retusa"
7116,"EUTI","Indiantree spurge","Euphorbia tirucalli"
7117,"EULO7","Longan","Euphoria longana"
7119,"EUSA6","anini","Eurya sandwicensis"
7120,"EURYA","eurya","Eurya spp."
7123,"EUHO5","Euodia hortensis","Euodia hortensis"
7124,"EUNI8","kertub","Euodia nitida"
7125,"EUPA29","beror","Euodia palawensis"
7126,"EUPO15","Euodia ponapensis","Euodia ponapensis"
7127,"EUODI","Euodia","Euodia spp."
7128,"EUTR13","Euodia trichantha","Euodia trichantha"
7129,"EXAG","blinding tree","Excoecaria agallocha"
7131,"EXGA","hulumoa","Exocarpos gaudichaudii"
7132,"EXOCA","exocarpos","Exocarpos spp."
7133,"EXPO2","kotop","Exorrhiza ponapensis"
7135,"EXCA","Caribbean princewood","Exostema caribaeum"
7136,"EXEL","plateado","Exostema ellipticum"
7137,"EXSA2","Exostema sanctae-luciae","Exostema sanctae-luciae"
7141,"FABE","pualulu","Fagraea berteroana"
7142,"FAKS","ksid","Fagraea ksid"
7143,"FAGRA","Fagraea","Fagraea spp."
7144,"FAMO","peacocksplume","Falcataria moluccana"
7145,"FALCA2","peacocksplume","Falcataria spp."
7146,"FAOC","false coffee","Faramea occidentalis"
7148,"FIAM","Jamaican cherry fig","Ficus americana"
7149,"FIBE2","Indian banyan","Ficus benghalensis"
7150,"FIBE","weeping fig","Ficus benjamina"
7151,"FICA","edible fig","Ficus carica"
7152,"FICO2","Ficus copiosa","Ficus copiosa"
7153,"FIAU3","Roxburgh fig","Ficus auriculata"
7154,"FIDR3","brown-woolly fig","Ficus drupacea"
7155,"FIEL","Indian rubberplant","Ficus elastica"
7156,"FIGO","mati","Ficus godeffroyi"
7158,"FILU","Ficus lutea","Ficus lutea"
7159,"FILY","fiddleleaf fig","Ficus lyrata"
7160,"FIMI2","Chinese banyan","Ficus microcarpa"
7162,"FINO3","tibig","Ficus nota"
7163,"FIOB3","aoa","Ficus obliqua"
7164,"FIOB","amate","Ficus obtusifolia"
7165,"FIPR2","aoa","Ficus prolixa"
7166,"FIRE3","peepul tree","Ficus religiosa"
7167,"FIRU4","Port Jackson fig","Ficus rubiginosa"
7168,"FISA","lulk, banyan","Ficus saffordii"
7169,"FISC3","mati vao","Ficus scabra"
7171,"FICUS","fig","Ficus spp."
7173,"FIST","jaguey","Ficus stahlii"
7174,"FISY2","sycamore fig","Ficus sycomorus"
7175,"FITH2","Chinese banyan","Ficus thonningii"
7176,"FITI2","mati","Ficus tinctoria"
7177,"FITR","jaguey blanco","Ficus trigonata"
7178,"FIUN","mati","Ficus uniauriculata"
7179,"FIVI3","higo","Ficus virens"
7180,"FICH","Finschia chloroxantha","Finschia chloroxantha"
7181,"FISI2","Chinese parasoltree","Firmiana simplex"
7182,"FISP3","burr daisytree","Fitchia speciosa"
7184,"FLIN","governor's plum","Flacourtia indica"
7185,"FLIN3","batoko plum","Flacourtia inermis"
7186,"FLRU2","filimoto","Flacourtia rukam"
7188,"FLBR","Queensland maple","Flindersia brayleyana"
7877,"MUTE6","blantalos","Musa textilis"
7878,"MUTI","tikap","Musa tikap"
7879,"MUTR2","fei banana","Musa troglodytarum"
7880,"MUFR3","Mussaenda frondosa","Mussaenda frondosa"
7881,"MURA5","aloalo vao","Mussaenda raiateensis"
7882,"MUSSA","Mussaenda","Mussaenda spp."
7883,"MYSA","naio","Myoporum sandwicense"
7884,"MYOPO","myoporum","Myoporum spp."
7886,"MYCI","red rodwood","Myrcia citrifolia"
7887,"MYDE","cieneguillo","Myrcia deflexa"
7888,"MYFA3","curame","Myrcia fallax"
7889,"MYLE","guayabacon","Myrcia leptoclada"
7890,"MYPA","ausu","Myrcia paganii"
7891,"MYSP","punchberry","Myrcia splendens"
7892,"MYRCI","rodwood","Myrcia spp."
7893,"MYFR","twinberry","Myrcianthes fragrans"
7894,"MYCA9","jaboticaba","Myrciaria cauliflora"
7895,"MYFL","guavaberry","Myrciaria floribunda"
7899,"MYRU3","yamamomo, strawberry tree","Myrica rubra"
7900,"MYRIC","sweetgale","Myrica spp."
7902,"MYHY2","atoneulu","Myristica hypargyraea"
7903,"MYIN3","adepurot","Myristica insularis"
7904,"MYRIS","Myristica","Myristica spp."
7905,"MYFR2","cercipo","Myrospermum frutescens"
7906,"MYIN4","Myristica inutilis","Myristica inutilis"
7907,"MYBA3","balsam of Tolu","Myroxylon balsamum"
7910,"MYAL4","forest colicwood","Myrsine alyxifolia"
7911,"MYCO2","leathery colicwood","Myrsine coriacea"
7912,"MYCU2","Myrsine cubana","Myrsine cubana"
7913,"MYDE2","summit colicwood","Myrsine degeneri"
7914,"MYEM","mountain colicwood","Myrsine emarginata"
7915,"MYFE","streambank colicwood","Myrsine fernseei"
7916,"MYFO","Koolau Range colicwood","Myrsine fosbergii"
7918,"MYHE3","Wahiawa Bog colicwood","Myrsine helleri"
7919,"MYKA","Kauai colicwood","Myrsine kauaiensis"
7920,"MYKN","Kokee colicwood","Myrsine knudsenii"
7921,"MYLA3","Lanai colicwood","Myrsine lanaiensis"
7922,"MYLE2","kolea lau nui","Myrsine lessertiana"
7923,"MYME2","Hanapepe River colicwood","Myrsine mezii"
7924,"MYPE3","swamp colicwood","Myrsine petiolata"
7925,"MYPU2","Molokai colicwood","Myrsine pukooensis"
7926,"MYSA2","kokea lau lii","Myrsine sandwicensis"
7927,"MYRSI","colicwood","Myrsine spp."
7928,"MYWA","Mt. Kahili colicwood","Myrsine wawraea"
7929,"MYPA7","Myrsine palauensis","Myrsine palauensis"
7932,"NECO","Nectandra coriacea","Nectandra coriacea"
7933,"NEHI2","shinglewood","Nectandra hihua"
7934,"NEKR","Nectandra krugii","Nectandra krugii"
7935,"NEME3","Nectandra membranacea","Nectandra membranacea"
7936,"NEPA4","Nectandra patens","Nectandra patens"
7939,"NETU","Nectandra turbacensis","Nectandra turbacensis"
7940,"NEBU","saltwood","Neea buxifolia"
7942,"NEOP","fao","Neisosperma oppositifolia"
7944,"NECA7","kadam","Neolamarckia cadamba"
7946,"NERE2","aquilon","Neolaugeria resinosa"
7948,"NEFO2","afa","Neonauclea forsteri"
7952,"NELA7","Rambutan","Nephelium lappaceum"
7953,"NERA3","pulasan","Nephelium ramboutan-ake"
7954,"NEME5","maaloa","Neraudia melastomifolia"
664,"MAIO","prairie crab apple","Malus ioensis"
680,"MORUS","mulberry spp.","Morus spp."
681,"MOAL","white mulberry","Morus alba"
682,"MORU2","red mulberry","Morus rubra"
683,"MOMI","Texas mulberry","Morus microphylla"
684,"MONI","black mulberry","Morus nigra"
690,"NYSSA","tupelo spp.","Nyssa spp."
691,"NYAQ2","water tupelo","Nyssa aquatica"
692,"NYOG","Ogeechee tupelo","Nyssa ogeche"
693,"NYSY","blackgum","Nyssa sylvatica"
694,"NYBI","swamp tupelo","Nyssa biflora"
701,"OSVI","eastern hophornbeam","Ostrya virginiana"
711,"OXAR","sourwood","Oxydendrum arboreum"
712,"PATO2","paulownia, empress-tree","Paulownia tomentosa"
715,"MAPA28","Maytenus palauica","Maytenus palauica"
718,"OSTR","kesiamel","Osmoxylon truncatum"
720,"PERSE","bay spp.","Persea spp."
721,"PEBO","redbay","Persea borbonia"
722,"PLAQ","water-elm, planertree","Planera aquatica"
729,"PLATA","sycamore spp.","Platanus spp."
730,"PLRA","California sycamore","Platanus racemosa"
731,"PLOC","American sycamore","Platanus occidentalis"
732,"PLWR2","Arizona sycamore","Platanus wrightii"
740,"POPUL","cottonwood and poplar spp.","Populus spp."
741,"POBA2","balsam poplar","Populus balsamifera"
742,"PODE3","eastern cottonwood","Populus deltoides"
743,"POGR4","bigtooth aspen","Populus grandidentata"
744,"POHE4","swamp cottonwood","Populus heterophylla"
745,"PODEM","plains cottonwood","Populus deltoides"
746,"POTR5","quaking aspen","Populus tremuloides"
747,"POBAT","black cottonwood","Populus balsamifera"
748,"POFR2","Fremont cottonwood","Populus fremontii"
749,"POAN3","narrowleaf cottonwood","Populus angustifolia"
752,"POAL7","silver poplar","Populus alba"
753,"PONI","Lombardy poplar","Populus nigra"
755,"PROSO","mesquite spp.","Prosopis spp."
756,"PRGL2","honey mesquite","Prosopis glandulosa"
757,"PRVE","velvet mesquite","Prosopis velutina"
758,"PRPU","screwbean mesquite","Prosopis pubescens"
760,"PRUNU","cherry and plum spp.","Prunus spp."
761,"PRPE2","pin cherry","Prunus pensylvanica"
762,"PRSE2","black cherry","Prunus serotina"
763,"PRVI","chokecherry","Prunus virginiana"
764,"PRPE3","peach","Prunus persica"
765,"PRNI","Canada plum","Prunus nigra"
6398,"CARMO","scorpionbush","Carmona spp."
6399,"CAMI36","fish tail palm","Caryota mitis"
6400,"CARYO","Caryota","Caryota spp."
6401,"CAUR3","fishtail palm","Caryota urens"
6402,"CAAC3","rabo de ranton","Casearia aculeata"
6403,"CAAR8","gia verde","Casearia arborea"
6405,"CACA28","keuert","Casearia cauliflora"
6406,"CADE11","wild honeytree","Casearia decandra"
6407,"CAGU2","Guyanese wild coffee","Casearia guianensis"
6408,"CASEA","Casearia","Casearia spp."
6410,"CASY2","crackopen","Casearia sylvestris"
6415,"CAFI3","golden shower","Cassia fistula"
6417,"CAGR11","pink shower","Cassia grandis"
6418,"CAJA3","apple blossom","Cassia javanica"
6419,"CALE49","gold medallion tree","Cassia leptophylla"
6420,"CASI4","kassod tree","Cassia siamea"
6422,"CASSI","Cassia","Cassia spp."
6425,"CAXY","marbletree","Cassine xylocarpa"
6427,"CAGU3","goatwood","Cassipourea guianensis"
6429,"CAER3","goatbush","Castela erecta"
6430,"CAEL5","Panama rubbertree","Castilla elastica"
6433,"CACU8","river sheoak","Casuarina cunninghamiana"
6434,"CAEQ","beach sheoak","Casuarina equisetifolia"
6437,"CALI8","gagu,australian pine","Casuarina litorea"
6438,"ILMU","catberry","Ilex mucronata"
6439,"CALO8","Haitian catalpa","Catalpa longissima"
6441,"CEOB","trumpet tree","Cecropia obtusifolia"
6443,"CESC9","pumpwood","Cecropia schreberiana"
6444,"CECRO","pumpwood","Cecropia spp."
6445,"CEOD","Spanish cedar","Cedrela odorata"
6447,"CEAC4","pochote","Ceiba acuminata"
6448,"CEAE2","pochote","Ceiba aesculifolia"
6449,"CEPE2","kapoktree","Ceiba pentandra"
6452,"CEPA6","Celtis paniculata","Celtis paniculata"
6454,"CETR3","almex","Celtis trinervia"
6457,"CESI3","St. John's bread","Ceratonia siliqua"
6458,"CESI8","Chinese hackberry","Celtis sinensis"
6459,"CEDI12","chuti","Cerbera dilatata"
6460,"CEFL2","emeridech","Cerbera floribunda"
6461,"CEMA20","leva","Cerbera manghas"
6462,"CEOD2","chiute","Cerbera odollam"
6463,"CERBE","Cerbera spp.","Cerbera spp."
6468,"CEHE3","lady of the night cactus","Cereus hexagonus"
6469,"CEHI3","Cereus hildmannianus","Cereus hildmannianus"
6470,"CEREU","sweetpotato cactus","Cereus spp."
6472,"CETA2","biut","Ceriops tagal"
6473,"CEAU2","orange jessamine","Cestrum aurantiacum"
6474,"CEDI6","day jessamine","Cestrum diurnum"
6475,"CELA2","galen del monte","Cestrum laurifolium"
6477,"CENO","night jessamine","Cestrum nocturnum"
6478,"CESTR","jessamine","Cestrum spp."
6479,"OSKN","Knowlton's hophornbeam","Ostrya knowltonii"
6481,"CHAR8","jointed sandmat","Chamaesyce articulata"
6482,"CHAT2","koko","Chamaesyce atrococca"
7190,"FLAC","Flueggea acidoton","Flueggea acidoton"
7191,"FLFL4","poumuli","Flueggea flexuosa"
7192,"FLNE","mehamehame","Flueggea neowawraea"
7193,"FLUEG","bushweed","Flueggea spp."
7194,"FOEG","inkbush","Forestiera eggersiana"
7195,"FORH","caca ravet","Forestiera rhamnifolia"
7196,"FOSE","Florida swampprivet","Forestiera segregata"
7198,"FOMA2","oval kumquat","Fortunella margarita"
7199,"VINE2","Chinese chastetree","Vitex negundo"
7200,"FRCA12","California buckthorn","Frangula californica"
7202,"FRSPL","West Indian buckthorn","Frangula sphaerosperma"
7203,"FRAL","Franklin tree","Franklinia alatamaha"
7205,"FRGO","Goodding's ash","Fraxinus gooddingii"
7206,"FRUH","shamel ash","Fraxinus uhdei"
7207,"FUBO","Bolivian fuchsia","Fuchsia boliviana"
7208,"FUPA2","shrubby fuchsia","Fuchsia paniculata"
7209,"FUCHS","fuchsia","Fuchsia spp."
7210,"FUEL","silkrubber","Funtumia elastica"
7211,"PEAM3","avocado","Persea americana"
7212,"GADU3","Gourka","Garcinia dulcis"
7213,"GAHE5","lemon saptree","Garcinia hessii"
7214,"GAMA10","mangosteen","Garcinia mangostana"
7215,"GAMA8","tilol","Garcinia matsudai"
7216,"GAMY","garcinia","Garcinia myrtifolia"
7217,"GAPO4","konpuil","Garcinia ponapensis"
7218,"GAPO2","palo de cruz","Garcinia portoricensis"
7219,"GARU3","tilol","Garcinia rumiyo"
7220,"GAQU2","Garcinia quadrilocularis","Garcinia quadrilocularis"
7221,"GARCI","Garcinia","Garcinia spp."
7223,"GAXA","Garcinia xanthochymus","Garcinia xanthochymus"
7224,"GABR","forest gardenia","Gardenia brighamii"
7225,"GAMA6","Oahu gardenia","Gardenia mannii"
7226,"GARE","Remys gardenia","Gardenia remyi"
7227,"GARDE","gardenia","Gardenia spp."
7228,"GATA","Tahitian gardenia","Gardenia taitensis"
7229,"GAFL8","manuai vivao","Garuga floribunda"
7231,"GAAT","llume","Gaussia attenuata"
7233,"GERU3","taipoipo","Geniostoma rupestre"
7235,"GEAM","jagua","Genipa americana"
7237,"GEPE4","arbol de Navidad","Gesneria pedunculosa"
7239,"GIRO","bastard gregre","Ginoria rohrii"
7241,"GICE2","Gironniera celtidifolia","Gironniera celtidifolia"
7243,"ZESE80","Japanese zelkova","Zelkova serrata"
7245,"GLSE2","quickstick","Gliricidia sepium"
7246,"ZIOB","lotebush","Ziziphus obtusifolia"
7247,"GLCU","masame","Glochidion cuspidatum"
7248,"GLMA9","Glochidion marianum","Glochidion marianum"
7249,"GLRA4","masame","Glochidion ramiflorum"
7250,"GLOCH","Glochidion","Glochidion spp."
7251,"GMEL","belau","Gmelina elliptica"
7252,"GMPA","blacheos","Gmelina palawensis"
7253,"GMELI","Gmelina","Gmelina spp."
7254,"GNGN","Gnetum gnemon","Gnetum gnemon"
7255,"GLPA4","flower axistree","Glycosmis parviflora"
7256,"GOEL","mata buey","Goetzea elegans"
7257,"GLKA","Glochidion kanehirae","Glochidion kanehirae"
7258,"GOLI","grand merisier","Gomidesia lindeniana"
7260,"GOCA2","Goniothalamus carolinensis","Goniothalamus carolinensis"
7262,"GOBA","Creole cotton","Gossypium barbadense"
7956,"NEOL","oleander","Nerium oleander"
7958,"NEPO","keahi","Nesoluma polynesicum"
7960,"NESA2","Hawaii olive","Nestegis sandwicensis"
7961,"NESTE","nestegis","Nestegis spp."
7962,"NECE","kalm, aralm","Neuburgia celebica"
7964,"NIGL","tree tobacco","Nicotiana glauca"
7965,"NICOT","tobacco","Nicotiana spp."
7966,"NOBR2","smallflower aiea","Nothocestrum breviflorum"
7967,"NOLA","broadleaf aiea","Nothocestrum latifolium"
7968,"NOLO","longleaf aiea","Nothocestrum longifolium"
7969,"NOPE","Oahu aiea","Nothocestrum peltatum"
7970,"NOTHO3","aiea","Nothocestrum spp."
7971,"NOHU","kaala rockwort","Nototrichium humile"
7972,"NOSA","Hawaii rockwort","Nototrichium sandwicense"
7974,"NYFR2","toechel, teuechel","Nypa fruticans"
7976,"OCMO4","African bird's-eye bush","Ochna mossambicensis"
7977,"OCHNA","ochna","Ochna spp."
7978,"OCTH","Thomas birds-eye bush","Ochna thomasiana"
7980,"OCPY","Ochroma pyramidale","Ochroma pyramidale"
7982,"OCCO","holei","Ochrosia compta"
7983,"OCHA","island yellowwood","Ochrosia haleakalae"
7984,"OCKA","Kauai yellowwood","Ochrosia kauaiensis"
7985,"OCKI","Hawaii yellowwood","Ochrosia kilaueaensis"
7986,"OCHRO2","yellowwood","Ochrosia spp."
7987,"OCMA2","langiti","Ochrosia mariannensis"
7990,"OCFL","laurel espada","Ocotea floribunda"
7991,"OCFO","black sweetwood","Ocotea foeniculacea"
7994,"OCLE","loblolly sweetwood","Ocotea leucoxylon"
7996,"OCMO","nemoca","Ocotea moschata"
7997,"OCNE","laurel sassafras","Ocotea nemodaphne"
7999,"OCPO","laurel de paloma","Ocotea portoricensis"
8000,"OLNE","oleandra fern","Oleandra neriiformis"
8001,"OCSP","nemoca cimarrona","Ocotea spathulata"
8003,"OCWR","Wright's laurel canelon","Ocotea wrightii"
8007,"OLEA","olive","Olea spp."
8008,"HOAC4","fanuamamala","Homalanthus acuminatus"
8009,"HONU3","fanuamamala","Homalanthus nutans"
8010,"HOMAL6","Homalanthus","Homalanthus spp."
8011,"OPPA4","Ophiorrhiza palauensis","Ophiorrhiza palauensis"
8013,"OPCO4","cochineal nopal cactus","Opuntia cochenillifera"
8014,"OPFI","tuna cactus","Opuntia ficus-indica"
8015,"OPMO5","common pricklypear","Opuntia monacantha"
8018,"OPUNT","pricklypear","Opuntia spp."
8019,"ORCA12","amansis, edebsungelked, necklace bead tree","Ormosia calavensis"
8020,"ORKR","peronia","Ormosia krugii"
8022,"OSOL","kesiamel","Osmoxylon oliveri"
8023,"OSPA","kesiamel","Osmoxylon pachyphyllum"
8024,"OSMOX","Osmoxylon","Osmoxylon spp."
8027,"OTRH","pincho palo de rosa","Ottoschulzia rhodoxylon"
8029,"OUIL","chicharron amarillo","Ouratea ilicifolia"
8030,"OULI","abey amarillo","Ouratea littoralis"
8032,"OUST","guanabanilla","Ouratea striata"
8033,"OXLA4","blacklancewood","Oxandra lanceolata"
8034,"OXLA5","haya","Oxandra laurifolia"
8036,"PAAQ2","miich era ngebard, guiana chestnut","Pachira aquatica"
8037,"PAIN7","wild chestnut","Pachira insignis"
8044,"PAST24","gasu","Palaquium stehlinii"
8045,"PAAL9","tafetan","Palicourea alpina"
8047,"PACR3","red cappel","Palicourea crocea"
766,"PRAM","American plum","Prunus americana"
768,"PREM","bitter cherry","Prunus emarginata"
769,"PRAL5","Allegheny plum","Prunus alleghaniensis"
770,"PRAN3","Chickasaw plum","Prunus angustifolia"
771,"PRAV","sweet cherry","Prunus avium"
772,"PRCE","sour cherry","Prunus cerasus"
773,"PRDO","European plum","Prunus domestica"
774,"PRMA","Mahaleb cherry","Prunus mahaleb"
800,"QUERC","oak spp.","Quercus spp."
801,"QUAG","California live oak","Quercus agrifolia"
802,"QUAL","white oak","Quercus alba"
803,"QUAR","Arizona white oak","Quercus arizonica"
804,"QUBI","swamp white oak","Quercus bicolor"
805,"QUCH2","canyon live oak","Quercus chrysolepis"
806,"QUCO2","scarlet oak","Quercus coccinea"
807,"QUDO","blue oak","Quercus douglasii"
808,"QUSIS","Durand oak","Quercus sinuata"
809,"QUEL","northern pin oak","Quercus ellipsoidalis"
810,"QUEM","Emory oak","Quercus emoryi"
811,"QUEN","Engelmann oak","Quercus engelmannii"
812,"QUFA","southern red oak","Quercus falcata"
813,"QUPA5","cherrybark oak","Quercus pagoda"
814,"QUGA","Gambel oak","Quercus gambelii"
815,"QUGA4","Oregon white oak","Quercus garryana"
816,"QUIL","scrub oak","Quercus ilicifolia"
817,"QUIM","shingle oak","Quercus imbricaria"
818,"QUKE","California black oak","Quercus kelloggii"
819,"QULA2","turkey oak","Quercus laevis"
820,"QULA3","laurel oak","Quercus laurifolia"
821,"QULO","California white oak","Quercus lobata"
822,"QULY","overcup oak","Quercus lyrata"
823,"QUMA2","bur oak","Quercus macrocarpa"
824,"QUMA3","blackjack oak","Quercus marilandica"
825,"QUMI","swamp chestnut oak","Quercus michauxii"
826,"QUMU","chinkapin oak","Quercus muehlenbergii"
827,"QUNI","water oak","Quercus nigra"
828,"QUTE","Texas red oak","Quercus texana"
829,"QUOB","Mexican blue oak","Quercus oblongifolia"
830,"QUPA2","pin oak","Quercus palustris"
831,"QUPH","willow oak","Quercus phellos"
832,"QUPR2","chestnut oak","Quercus prinus"
833,"QURU","northern red oak","Quercus rubra"
834,"QUSH","Shumard oak","Quercus shumardii"
835,"QUST","post oak","Quercus stellata"
6483,"CHCE","ekoko","Chamaesyce celastroides"
6492,"CHHE3","Herbsts sandmat","Chamaesyce herbstii"
6493,"CHKU","kokomalei","Chamaesyce kuwaleana"
6494,"CHOL3","alpine sandmat","Chamaesyce olowaluana"
6495,"CHRO2","Koolau Range sandmat","Chamaesyce rockii"
6496,"CHAMA15","sandmat","Chamaesyce spp."
6497,"CHDE3","Napali coast papala","Charpentiera densiflora"
6498,"CHEL","ellipticleaf papala","Charpentiera elliptica"
6499,"CHOB2","broadleaf papala","Charpentiera obovata"
6500,"CHOV2","Koolau Range papala","Charpentiera ovata"
6503,"CHARP","papala","Charpentiera spp."
6504,"CHTO3","Waianae Range papala","Charpentiera tomentosa"
6507,"CHDO3","Domins club","Cheirodendron dominii"
6508,"CHFA","Fauries club","Cheirodendron fauriei"
6509,"CHFO4","olapa","Cheirodendron forbesii"
6510,"CHPL","lapalapa","Cheirodendron platyphyllum"
6511,"PEPA37","swamp bay","Persea palustris"
6513,"CHEIR","cheirodendron","Cheirodendron spp."
6514,"CHTR2","olapalapa","Cheirodendron trigynum"
6516,"PHAM2","Amur corktree","Phellodendron amurense"
6517,"CHOA","alaweo","Chenopodium oahuense"
6518,"CHENO","goosefoot","Chenopodium spp."
6519,"CHAX2","hueso","Chionanthus axilliflorus"
6520,"CHCO12","bridgotree","Chionanthus compactus"
6521,"CHDO4","white rosewood","Chionanthus domingensis"
6522,"CHHO4","hueso prieto","Chionanthus holdridgei"
6523,"CHLI6","cabra blanca","Chionanthus ligustrinus"
6524,"CHRE9","Chinese fringetree","Chionanthus retusus"
6525,"CHVI22","vitiensis","Chionanthus vitiensis"
6526,"CHSE5","puntaj jayuya","Chione seminervis"
6528,"CHVE4","fatpork","Chione venosa"
6529,"CHEX5","african teak","Chlorophora excelsa"
6532,"CHSP13","silk-floss tree","Chorisia speciosa"
6533,"PIGL7","Sakhalin spruce","Picea glehnii"
6535,"CHIC","icaco coco plum","Chrysobalanus icaco"
6538,"PIOM2","Serbian spruce","Picea omorika"
6539,"CHAR6","bastard redwood","Chrysophyllum argenteum"
6541,"CHCA10","star apple","Chrysophyllum cainito"
6542,"CHOL","satinleaf","Chrysophyllum oliviforme"
6543,"CHPA31","camito de perro","Chrysophyllum pauciflorum"
6545,"CIHE7","Hawaiian tree fern","Cibotium x heleniae"
6546,"CICH","Chamissos manfern","Cibotium chamissoi"
6547,"CIGL","hapuu","Cibotium glaucum"
6548,"CIME8","hapuu li","Cibotium menziesii"
6549,"CIBOT","manfern","Cibotium spp."
6552,"CIPU","quinine","Cinchona pubescens"
6553,"CINCH","cinchona","Cinchona spp."
6554,"CIAR8","cassia","Cinnamomum aromaticum"
6555,"CIBU2","Padang cassia","Cinnamomum burmannii"
6557,"CICA2","ochod","Cinnamomum carolinense"
6559,"CIEL2","laurel avispillo","Cinnamomum elongatum"
6560,"CIMO3","avispillo","Cinnamomum montanum"
6561,"CIPE6","ochod","Cinnamomum pedatinervium"
6562,"CISE2","matieu","Cinnamomum sessilifolium"
6563,"CINNA2","cinnamon","Cinnamomum spp."
6564,"CIVE2","cinnamon","Cinnamomum verum"
6565,"CICA8","juniper berry","Citharexylum caudatum"
6567,"CISP3","spiny fiddlewood","Citharexylum spinosum"
6568,"CITHA","fiddlewood","Citharexylum spp."
6569,"CITR7","threespike fiddlewood","Citharexylum tristachyum"
7264,"GOHIH2","Gossypium hirsutum","Gossypium hirsutum"
7268,"GROT","Graffenrieda ottoschulzii","Graffenrieda ottoschulzii"
7272,"GRBA","kahiliflower","Grevillea banksii"
7273,"GRRO","silkoak","Grevillea robusta"
7274,"GREVI","grevillea","Grevillea spp."
7275,"GRCR4","fau ui","Grewia crenata"
7279,"GUOF","lignum-vitae","Guaiacum officinale"
7280,"GUSA","holywood","Guaiacum sanctum"
7282,"GUMA4","paipai","Guamia mariannae"
7285,"GUFR","black mampoo","Guapira fragrans"
7286,"GUOB","corcho prieto","Guapira obtusata"
7288,"GUGL3","alligatorwood","Guarea glabra"
7290,"GUGU","American muskwood","Guarea guidonia"
7294,"GUBL","haya minga","Guatteria blainii"
7295,"GUCA2","haya blanca","Guatteria caribaea"
7298,"GUUL","bastardcedar","Guazuma ulmifolia"
7299,"GUEL","hammock velvetseed","Guettarda elliptica"
7300,"GUKR","frogwood","Guettarda krugii"
7302,"GUOD","cucubano de vieques","Guettarda odorata"
7303,"GUOV","cucubano","Guettarda ovalifolia"
7305,"GUPU","roseta","Guettarda pungens"
7306,"GUSC","wild guave","Guettarda scabra"
7307,"GUSP3","puapua","Guettarda speciosa"
7309,"GUVA","cucubano de monte","Guettarda valenzuelana"
7311,"GURH","rhoifolia","Guioa rhoifolia"
7312,"GUIOA","Guioa","Guioa spp."
7313,"GUPA","bochela uchererak, uch","Gulubia palauensis"
7315,"GYLA","West Indian false box","Gyminda latifolia"
7317,"GYLU","oysterwood","Gymnanthes lucida"
7319,"GYAM2","vilivili","Gyrocarpus americanus"
7321,"HACA2","bloodwoodtree","Haematoxylum campechianum"
7327,"HASAO","palo de hueso","Haenianthus salicifolius"
7328,"HATE3","mountain silverbell","Halesia tetraptera"
7329,"HAVE2","Ozark witchhazel","Hamamelis vernalis"
7330,"HAPA3","scarletbush","Hamelia patens"
7331,"HAVI4","American witchhazel","Hamamelis virginiana"
7332,"HAFL","Haplolobus floribundus","Haplolobus floribundus"
7333,"HACA10","South African wild plum","Harpephyllum caffrum"
7334,"HAAR4","fa`aili","Harpullia arborea"
7335,"HAPA10","haujillo","Havardia pallens"
7336,"HECU10","false locust","Hebestigma cubense"
7338,"HEDE14","denticulata","Hedycarya denticulata"
7340,"HEDYC2","Hedycarya","Hedycarya spp."
7341,"HEAR","cigarbush","Hedyosmum arborescens"
7343,"HEFO5","Fosbergs starviolet","Hedyotis fosbergii"
7344,"HEHI8","manono","Hedyotis hillebrandii"
7345,"HEDYO2","starviolet","Hedyotis spp."
7346,"HETE21","variable starviolet","Hedyotis terminalis"
7347,"HEJA","screwtree","Helicteres jamaicensis"
7349,"HEPO4","white moho","Heliocarpus popayanensis"
7350,"HELIO","heliocarpus","Heliocarpus spp."
7353,"HEFA5","camasey peludo","Henriettea fascicularis"
7354,"HEMA11","MacFadyen's camasey","Henriettea macfadyenii"
8049,"PACR18","Palicourea croceoides","Palicourea croceoides"
8051,"PAGU","showy cappel","Palicourea guianensis"
8053,"PAJA2","Pandanus japensis","Pandanus japensis"
8054,"PAAI","chertochet","Pandanus aimiriikensis"
8055,"PACO51","matal","Pandanus cominsii"
8056,"PACO3","ongor","Pandanus compressus"
8057,"PACY10","silaue","Pandanus cylindricus"
8058,"PADI2","kienpel","Pandanus dilatatus"
8059,"PADI29","ongor","Pandanus divergens"
8060,"PADU3","pahong","Pandanus dubius"
8061,"PADU4","ongor","Pandanus duriocarpus"
8062,"PAEN","moak","Pandanus enchabiensis"
8063,"PAFI","hara","Pandanus fischerianus"
8064,"PAFR7","aggag","Pandanus fragrans"
8065,"PAHO6","nenketak","Pandanus hosinoi"
8066,"PAJA3","pacheren","Pandanus jaluitensis"
8067,"PAKA2","buuk","Pandanus kanehirae"
8068,"PAKO2","siu","Pandanus korrensis"
8069,"PALA3","lakatwa","Pandanus lakatwa"
8070,"PALA4","erwan, jonmouia","Pandanus laticanaliculatus"
8071,"PAMA3","intekul, pasyure","Pandanus macrocephalus"
8072,"PAMA32","ongor, ertochet","Pandanus macrojeanneretia"
8073,"PAME18","menne","Pandanus menne"
8074,"PAKA","Palaquium karrak","Palaquium karrak"
8075,"PAOD2","Pandanus odontoides","Pandanus odontoides"
8076,"PAPA38","ongor, ertochet","Pandanus palawensis"
8077,"PAPA39","peet","Pandanus patina"
8078,"PAPE","ongor","Pandanus peliliuensis"
8079,"PAPO2","alwan, kipal, taip","Pandanus ponapensis"
8080,"PAPU18","deipw, jomineia","Pandanus pulposus"
8081,"PARE2","pathaplip","Pandanus rectangulatus"
8082,"PARE19","fasa","Pandanus reineckei"
8083,"PARO2","magojokojok","Pandanus rotundatus"
8084,"PANDA","screwpine","Pandanus spp."
8085,"PATE2","Tahitian screwpine","Pandanus tectorius"
8086,"PATO6","kiparenwel","Pandanus tolotomensis"
8087,"PATR","mojel","Pandanus trukensis"
8088,"PAUT","common screwpine","Pandanus utilis"
8090,"PAVA4","berrakelongor","Pandanus variegatus"
8091,"PAED4","rauel","Pangium edule"
8092,"PAOB7","lonlin, lajokorer","Pandanus obliquus"
8099,"PACR2","scratchthroat","Parathesis crenulata"
8103,"PAIN20","sea","Parinari insularum"
8104,"PALA5","ais","Parinari laurina"
8105,"PARIN","Parinari","Parinari spp."
8106,"PARKI3","parkia","Parkia spp."
8107,"PAKO5","Parkia korom","Parkia korom"
8108,"PAPA2","kmekumer","Parkia parvifoliola"
8110,"PATI5","Parkia timoriana","Parkia timoriana"
8111,"PAAC3","Jerusalem thorn","Parkinsonia aculeata"
8112,"PARKI2","paloverde","Parkinsonia spp."
8113,"PAAC13","cuachilote","Parmentiera aculeata"
8114,"PACE8","candle tree","Parmentiera cereifera"
8115,"PATE10","Texas paloverde","Parkinsonia texana"
8121,"PEPT3","Peltophorum pterocarpum","Peltophorum pterocarpum"
8123,"PEAC6","ngis","Pemphis acidula"
8125,"PEBU4","butter tree","Pentadesma butyracea"
8127,"PEBU2","jiqi","Pera bumeliifolia"
8129,"PEMO13","Pericopsis mooniana","Pericopsis mooniana"
8131,"PESA3","olomea","Perrottetia sandwicensis"
8134,"PEKR","canela","Persea krugii"
8138,"PEUR2","aquacatillo","Persea urbaniana"
8141,"PEDO","bastard stopper","Petitia domingensis"
836,"QUSI2","Delta post oak","Quercus similis"
837,"QUVE","black oak","Quercus velutina"
838,"QUVI","live oak","Quercus virginiana"
839,"QUWI2","interior live oak","Quercus wislizeni"
840,"QUMA6","dwarf post oak","Quercus margarettiae"
841,"QUMI2","dwarf live oak","Quercus minima"
842,"QUIN","bluejack oak","Quercus incana"
843,"QUHY","silverleaf oak","Quercus hypoleucoides"
844,"QUOG","Oglethorpe oak","Quercus oglethorpensis"
845,"QUPR","dwarf chinkapin oak","Quercus prinoides"
846,"QUGR3","gray oak","Quercus grisea"
847,"QURU4","netleaf oak","Quercus rugosa"
851,"QUGR","Chisos oak","Quercus graciliformis"
852,"AMEL","sea torchwood","Amyris elemifera"
853,"ANGL4","pond-apple","Annona glabra"
854,"BUSI","gumbo limbo","Bursera simaruba"
855,"CASUA","sheoak spp.","Casuarina spp."
856,"CAGL11","gray sheoak","Casuarina glauca"
857,"CALE28","belah","Casuarina lepidophloia"
858,"CICA","camphortree","Cinnamomum camphora"
859,"CIFR","Florida fiddlewood","Citharexylum fruticosum"
860,"CITRU2","citrus spp.","Citrus spp."
863,"CODI8","tietongue, pigeon-plum","Coccoloba diversifolia"
864,"COEL2","soldierwood","Colubrina elliptica"
865,"COSE2","largeleaf geigertree","Cordia sebestena"
866,"CUAN4","carrotwood","Cupaniopsis anacardioides"
867,"COHO","Bluewood","Condalia hookeri"
868,"EBEB","Blackbead ebony","Ebenopsis ebano"
869,"LEPU3","Great leucaene","Leucaena pulverulenta"
870,"SOAF","Texas sophora","Sophora affinis"
873,"EURH","red stopper","Eugenia rhombea"
874,"EXPA","butterbough, inkwood","Exothea paniculata"
876,"FIAU","Florida strangler fig","Ficus aurea"
877,"FICI","wild banyantree, shortleaf fig","Ficus citrifolia"
882,"GUDI","beeftree, longleaf blolly","Guapira discolor"
883,"HIMA2","manchineel","Hippomane mancinella"
884,"LYLA3","false tamarind","Lysiloma latisiliquum"
885,"MAIN3","mango","Mangifera indica"
886,"METO3","Florida poisontree","Metopium toxiferum"
887,"PIPI3","fishpoison tree","Piscidia piscipula"
888,"SCAC2","octopus tree, schefflera","Schefflera actinophylla"
890,"SIFO","false mastic","Sideroxylon foetidissimum"
891,"SISA6","white bully, willow bustic","Sideroxylon salicifolium"
895,"SIGL3","paradisetree","Simarouba glauca"
6570,"CISA2","samoensis","Citronella samoensis"
6572,"CIAU","Lime (Tipolo)","Citrus aurantifolia"
6573,"CIAU7","key lime","Citrus x aurantiifolia"
6574,"CIAU8","sour orange","Citrus x aurantium"
6575,"CILI5","lemon","Citrus x limon"
6576,"CIPA3","grapefruit","Citrus x paradisi"
6577,"CISI3","sweet orange","Citrus x sinensis"
6578,"CIGR","grapefruit, kahet magas","Citrus grandis"
6579,"CIHY2","limon china","Citrus hystrix"
6580,"CIMA10","kahet, wild orange","Citrus macroptera"
6581,"CIMA5","Citrus maxima","Citrus maxima"
6582,"CIME3","Citrus medica","Citrus medica"
6583,"CIMI3","calamondin, kingkang","Citrus mitis"
6584,"CIRE3","Citrus reticulata","Citrus reticulata"
6586,"CLCA15","koee","Claoxylon carolinianum"
6588,"CLFA6","Claoxylon fallax","Claoxylon fallax"
6589,"CLLO5","Claoxylon longiracemosum","Claoxylon longiracemosum"
6590,"CLMA25","katteknau, katot","Claoxylon marianum"
6591,"CLSA","poola","Claoxylon sandwicense"
6592,"CLAOX","claoxylon","Claoxylon spp."
6593,"CLCA18","Cleistanthus carolinianus","Cleistanthus carolinianus"
6594,"CLIN8","Cleistanthus insularis","Cleistanthus insularis"
6595,"CLEIS5","Cleistanthus","Cleistanthus spp."
6596,"CLLE3","oha wai nui Clermontia","Clermontia x leptoclada"
6597,"CLAR4","oha wai nui","Clermontia arborescens"
6601,"CLCL","Kauai clermontia","Clermontia clermontioides"
6604,"CLDR2","Kohala Mountain clermontia","Clermontia drepanomorpha"
6605,"CLFA","haha aiakamanu","Clermontia fauriei"
6606,"CLGR3","bog clermontia","Clermontia grandiflora"
6610,"CLHA4","oha kepau","Clermontia hawaiiensis"
6611,"CLKA","forest clermontia","Clermontia kakeana"
6612,"CLKO","Waipio Valley clermontia","Clermontia kohalae"
6613,"CLLI3","hillside clermontia","Clermontia lindseyana"
6614,"CLMI3","Maui clermontia","Clermontia micrantha"
6615,"CLMO5","Mauna Loa clermontia","Clermontia montis-loa"
6616,"CLOB2","Oahu clermontia","Clermontia oblongifolia"
6620,"CLPA6","Wailai Pali clermontia","Clermontia pallida"
6621,"CLPA8","smallflower clermontia","Clermontia parviflora"
6622,"CLPE2","pele clermontia","Clermontia peleana"
6625,"CLPE3","Waioiani clermontia","Clermontia persicifolia"
6626,"CLPY2","Hamakua clermontia","Clermontia pyrularia"
6627,"CLSI3","Clermontia singuliflora","Clermontia singuliflora"
6628,"CLERM","clermontia","Clermontia spp."
6629,"CLTU2","Haleakala clermontia","Clermontia tuberculata"
6630,"CLWA2","swampforest clermontia","Clermontia waimeae"
6631,"CLAC2","haggarbush","Clerodendrum aculeatum"
6632,"CLCH4","stickbush","Clerodendrum chinense"
6633,"CLGL2","Natal glorybower","Clerodendrum glabrum"
6634,"CLIN","turks turbin","Clerodendrum indicum"
6635,"CLMA24","velvetleaf glorybower","Clerodendrum macrostegium"
6636,"CLERO2","glorybower","Clerodendrum spp."
6637,"CLAL4","teta prieta","Cleyera albopunctata"
6639,"CLER","jackass breadnut","Clibadium erosum"
6641,"CLCY5","Clidemia cymosa","Clidemia cymosa"
6642,"CLHI3","soapbush","Clidemia hirta"
6644,"CLFA5","Philippine pigeonwings","Clitoria fairchildiana"
6645,"CLCA21","kiniyaw, ochop","Clinostigma carolinense"
6646,"CLCL2","cupeillo","Clusia clusioides"
6648,"CLGU","Grundlach's attorney","Clusia gundlachii"
6650,"CLMI2","cupey de monte","Clusia minor"
5328,"BUCA15","South American jelly palm","Butia capitata"
5444,"CHPI12","sawara-cypress","Chamaecyparis pisifera"
7631,"MAST6","star magnolia","Magnolia stellata"
7634,"MASO9","Chinese magnolia","Magnolia x soulangiana"
6708,"PRME","Mexican plum","Prunus mexicana"
6955,"SAFR","crack willow","Salix fragilis"
8621,"SIPE11","Bully tree","Sideroxylon persimile"
74,"LAKA2","Japanese larch","Larix kaempferi"
75,"LASI3","Siberian larch","Larix sibirica"
