"source_file","source_line_start","source_line_end","routine","target","ordinal","literal","value_type","value_numeric","value_character","upstream_commit"
"f_west.f",37,37,"SHP_W3","m1, m2 ,m3",1,".566","numeric",0.566,,"38548071d5aa652bb90c7f111f86b427f798a1c9"
"f_west.f",37,37,"SHP_W3","m1, m2 ,m3",2,".634","numeric",0.634,,"38548071d5aa652bb90c7f111f86b427f798a1c9"
"f_west.f",37,37,"SHP_W3","m1, m2 ,m3",3,".00074","numeric",0.00074,,"38548071d5aa652bb90c7f111f86b427f798a1c9"
"f_west.f",38,38,"SHP_W3","(F(I),I=13,15)",1,"-.07799267d0","numeric",-0.07799267,,"38548071d5aa652bb90c7f111f86b427f798a1c9"
"f_west.f",38,38,"SHP_W3","(F(I),I=13,15)",2,".8096211D0","numeric",0.8096211,,"38548071d5aa652bb90c7f111f86b427f798a1c9"
"f_west.f",38,38,"SHP_W3","(F(I),I=13,15)",3,"-.9247244D0","numeric",-0.9247244,,"38548071d5aa652bb90c7f111f86b427f798a1c9"
"f_west.f",39,39,"SHP_W3","(F(I),I=17,19)",1,"0.166749D0","numeric",0.166749,,"38548071d5aa652bb90c7f111f86b427f798a1c9"
"f_west.f",39,39,"SHP_W3","(F(I),I=17,19)",2,"-9.20884D0","numeric",-9.20884,,"38548071d5aa652bb90c7f111f86b427f798a1c9"
"f_west.f",39,39,"SHP_W3","(F(I),I=17,19)",3,".1212094D0","numeric",0.1212094,,"38548071d5aa652bb90c7f111f86b427f798a1c9"
"f_west.f",40,41,"SHP_W3","(F(I),I=21,24)",1,"5.0719922d0","numeric",5.0719922,,"38548071d5aa652bb90c7f111f86b427f798a1c9"
"f_west.f",40,41,"SHP_W3","(F(I),I=21,24)",2,"-.12555733d0","numeric",-0.12555733,,"38548071d5aa652bb90c7f111f86b427f798a1c9"
"f_west.f",40,41,"SHP_W3","(F(I),I=21,24)",3,"-1.6408313d0","numeric",-1.6408313,,"38548071d5aa652bb90c7f111f86b427f798a1c9"
"f_west.f",40,41,"SHP_W3","(F(I),I=21,24)",4,"-.3005388D0","numeric",-0.3005388,,"38548071d5aa652bb90c7f111f86b427f798a1c9"
"f_west.f",42,42,"SHP_W3","(F(I),I=25,26)",1,"-2.000088D0","numeric",-2.000088,,"38548071d5aa652bb90c7f111f86b427f798a1c9"
"f_west.f",42,42,"SHP_W3","(F(I),I=25,26)",2,"-.410677D0","numeric",-0.410677,,"38548071d5aa652bb90c7f111f86b427f798a1c9"
"f_west.f",43,43,"SHP_W3","(F(I),I=29,31)",1,"-1.428671d0","numeric",-1.428671,,"38548071d5aa652bb90c7f111f86b427f798a1c9"
"f_west.f",43,43,"SHP_W3","(F(I),I=29,31)",2,"-0.8660924d0","numeric",-0.8660924,,"38548071d5aa652bb90c7f111f86b427f798a1c9"
"f_west.f",43,43,"SHP_W3","(F(I),I=29,31)",3,".0543758d0","numeric",0.0543758,,"38548071d5aa652bb90c7f111f86b427f798a1c9"
"f_west.f",44,45,"SHP_W3","(F(I),I=33,37)",1,"0.80981083D0","numeric",0.80981083,,"38548071d5aa652bb90c7f111f86b427f798a1c9"
"f_west.f",44,45,"SHP_W3","(F(I),I=33,37)",2,"5.1785820d0","numeric",5.178582,,"38548071d5aa652bb90c7f111f86b427f798a1c9"
"f_west.f",44,45,"SHP_W3","(F(I),I=33,37)",3,"1.8935219d0","numeric",1.8935219,,"38548071d5aa652bb90c7f111f86b427f798a1c9"
"f_west.f",44,45,"SHP_W3","(F(I),I=33,37)",4,"-2.420031d0","numeric",-2.420031,,"38548071d5aa652bb90c7f111f86b427f798a1c9"
"f_west.f",44,45,"SHP_W3","(F(I),I=33,37)",5,"-.009232401D0","numeric",-0.009232401,,"38548071d5aa652bb90c7f111f86b427f798a1c9"
"f_west.f",46,46,"SHP_W3","(F(I),I=38,40)",1,"-11.49305d0","numeric",-11.49305,,"38548071d5aa652bb90c7f111f86b427f798a1c9"
"f_west.f",46,46,"SHP_W3","(F(I),I=38,40)",2,"2.037438d0","numeric",2.037438,,"38548071d5aa652bb90c7f111f86b427f798a1c9"
"f_west.f",46,46,"SHP_W3","(F(I),I=38,40)",3,"-.0114178d0","numeric",-0.0114178,,"38548071d5aa652bb90c7f111f86b427f798a1c9"
"f_west.f",47,47,"SHP_W3","(F(I),I=42,44)",1,"2.246288d0","numeric",2.246288,,"38548071d5aa652bb90c7f111f86b427f798a1c9"
"f_west.f",47,47,"SHP_W3","(F(I),I=42,44)",2,"-1.1410822d0","numeric",-1.1410822,,"38548071d5aa652bb90c7f111f86b427f798a1c9"
"f_west.f",47,47,"SHP_W3","(F(I),I=42,44)",3,"1.7293166d0","numeric",1.7293166,,"38548071d5aa652bb90c7f111f86b427f798a1c9"
"f_west.f",48,48,"SHP_W3","(F(I),I=45,47)",1,"-3.18221d0","numeric",-3.18221,,"38548071d5aa652bb90c7f111f86b427f798a1c9"
"f_west.f",48,48,"SHP_W3","(F(I),I=45,47)",2,"-2.119838d0","numeric",-2.119838,,"38548071d5aa652bb90c7f111f86b427f798a1c9"
"f_west.f",48,48,"SHP_W3","(F(I),I=45,47)",3,"1.3756086d0","numeric",1.3756086,,"38548071d5aa652bb90c7f111f86b427f798a1c9"
"f_west.f",55,55,"SHP_W3","(DFSUB(I),I=1,8)",1,"'01'","character",,"01","38548071d5aa652bb90c7f111f86b427f798a1c9"
"f_west.f",55,55,"SHP_W3","(DFSUB(I),I=1,8)",2,"'02'","character",,"02","38548071d5aa652bb90c7f111f86b427f798a1c9"
"f_west.f",55,55,"SHP_W3","(DFSUB(I),I=1,8)",3,"'03'","character",,"03","38548071d5aa652bb90c7f111f86b427f798a1c9"
"f_west.f",55,55,"SHP_W3","(DFSUB(I),I=1,8)",4,"'04'","character",,"04","38548071d5aa652bb90c7f111f86b427f798a1c9"
"f_west.f",55,55,"SHP_W3","(DFSUB(I),I=1,8)",5,"'05'","character",,"05","38548071d5aa652bb90c7f111f86b427f798a1c9"
"f_west.f",55,55,"SHP_W3","(DFSUB(I),I=1,8)",6,"'06'","character",,"06","38548071d5aa652bb90c7f111f86b427f798a1c9"
"f_west.f",55,55,"SHP_W3","(DFSUB(I),I=1,8)",7,"'07'","character",,"07","38548071d5aa652bb90c7f111f86b427f798a1c9"
"f_west.f",55,55,"SHP_W3","(DFSUB(I),I=1,8)",8,"'08'","character",,"08","38548071d5aa652bb90c7f111f86b427f798a1c9"
"f_west.f",57,58,"SHP_W3","(r25(i),i=1,8)",1,"-2.0262D0","numeric",-2.0262,,"38548071d5aa652bb90c7f111f86b427f798a1c9"
"f_west.f",57,58,"SHP_W3","(r25(i),i=1,8)",2,"-1.7945d0","numeric",-1.7945,,"38548071d5aa652bb90c7f111f86b427f798a1c9"
"f_west.f",57,58,"SHP_W3","(r25(i),i=1,8)",3,"-2.0366d0","numeric",-2.0366,,"38548071d5aa652bb90c7f111f86b427f798a1c9"
"f_west.f",57,58,"SHP_W3","(r25(i),i=1,8)",4,"-2.0811d0","numeric",-2.0811,,"38548071d5aa652bb90c7f111f86b427f798a1c9"
"f_west.f",57,58,"SHP_W3","(r25(i),i=1,8)",5,"-1.9868d0","numeric",-1.9868,,"38548071d5aa652bb90c7f111f86b427f798a1c9"
"f_west.f",57,58,"SHP_W3","(r25(i),i=1,8)",6,"-2.0151d0","numeric",-2.0151,,"38548071d5aa652bb90c7f111f86b427f798a1c9"
"f_west.f",57,58,"SHP_W3","(r25(i),i=1,8)",7,"-1.9475d0","numeric",-1.9475,,"38548071d5aa652bb90c7f111f86b427f798a1c9"
"f_west.f",57,58,"SHP_W3","(r25(i),i=1,8)",8,"-2.0151d0","numeric",-2.0151,,"38548071d5aa652bb90c7f111f86b427f798a1c9"
"f_west.f",59,60,"SHP_W3","(r34(i),i=1,8)",1,"5.2132d0","numeric",5.2132,,"38548071d5aa652bb90c7f111f86b427f798a1c9"
"f_west.f",59,60,"SHP_W3","(r34(i),i=1,8)",2,"5.1417d0","numeric",5.1417,,"38548071d5aa652bb90c7f111f86b427f798a1c9"
"f_west.f",59,60,"SHP_W3","(r34(i),i=1,8)",3,"5.1768d0","numeric",5.1768,,"38548071d5aa652bb90c7f111f86b427f798a1c9"
"f_west.f",59,60,"SHP_W3","(r34(i),i=1,8)",4,"5.1156d0","numeric",5.1156,,"38548071d5aa652bb90c7f111f86b427f798a1c9"
"f_west.f",59,60,"SHP_W3","(r34(i),i=1,8)",5,"5.1654d0","numeric",5.1654,,"38548071d5aa652bb90c7f111f86b427f798a1c9"
"f_west.f",59,60,"SHP_W3","(r34(i),i=1,8)",6,"5.2413d0","numeric",5.2413,,"38548071d5aa652bb90c7f111f86b427f798a1c9"
"f_west.f",59,60,"SHP_W3","(r34(i),i=1,8)",7,"5.1427d0","numeric",5.1427,,"38548071d5aa652bb90c7f111f86b427f798a1c9"
"f_west.f",59,60,"SHP_W3","(r34(i),i=1,8)",8,"5.2413d0","numeric",5.2413,,"38548071d5aa652bb90c7f111f86b427f798a1c9"
"f_west.f",180,180,"SHP_W4","(F(I),I=13,15)",1,"-.31137977D+01","numeric",-3.1137977,,"38548071d5aa652bb90c7f111f86b427f798a1c9"
"f_west.f",180,180,"SHP_W4","(F(I),I=13,15)",2,".11996084D+01","numeric",1.1996084,,"38548071d5aa652bb90c7f111f86b427f798a1c9"
"f_west.f",180,180,"SHP_W4","(F(I),I=13,15)",3,"-.1195901D-01","numeric",-0.01195901,,"38548071d5aa652bb90c7f111f86b427f798a1c9"
"f_west.f",181,181,"SHP_W4","(F(I),I=17,19)",1,"-.66829984D-01","numeric",-0.066829984,,"38548071d5aa652bb90c7f111f86b427f798a1c9"
"f_west.f",181,181,"SHP_W4","(F(I),I=17,19)",2,".26990398D-01","numeric",0.026990398,,"38548071d5aa652bb90c7f111f86b427f798a1c9"
"f_west.f",181,181,"SHP_W4","(F(I),I=17,19)",3,".24661021D+00","numeric",0.24661021,,"38548071d5aa652bb90c7f111f86b427f798a1c9"
"f_west.f",182,183,"SHP_W4","(F(I),I=21,24)",1,"-.83415555D+01","numeric",-8.3415555,,"38548071d5aa652bb90c7f111f86b427f798a1c9"
"f_west.f",182,183,"SHP_W4","(F(I),I=21,24)",2,".24274384D+01","numeric",2.4274384,,"38548071d5aa652bb90c7f111f86b427f798a1c9"
"f_west.f",182,183,"SHP_W4","(F(I),I=21,24)",3,"-.56918023D+01","numeric",-5.6918023,,"38548071d5aa652bb90c7f111f86b427f798a1c9"
"f_west.f",182,183,"SHP_W4","(F(I),I=21,24)",4,".56487213D+00","numeric",0.56487213,,"38548071d5aa652bb90c7f111f86b427f798a1c9"
"f_west.f",184,185,"SHP_W4","(F(I),I=25,28)",1,"-.76464554D+01","numeric",-7.6464554,,"38548071d5aa652bb90c7f111f86b427f798a1c9"
"f_west.f",184,185,"SHP_W4","(F(I),I=25,28)",2,".51709049D+01","numeric",5.1709049,,"38548071d5aa652bb90c7f111f86b427f798a1c9"
"f_west.f",184,185,"SHP_W4","(F(I),I=25,28)",3,"-.27133381D+01","numeric",-2.7133381,,"38548071d5aa652bb90c7f111f86b427f798a1c9"
"f_west.f",184,185,"SHP_W4","(F(I),I=25,28)",4,".38918349D+00","numeric",0.38918349,,"38548071d5aa652bb90c7f111f86b427f798a1c9"
"f_west.f",186,186,"SHP_W4","f(29)",1,"-7.0d0","numeric",-7,,"38548071d5aa652bb90c7f111f86b427f798a1c9"
"f_west.f",187,188,"SHP_W4","(F(I),I=34,37)",1,"-.12882571D+01","numeric",-1.2882571,,"38548071d5aa652bb90c7f111f86b427f798a1c9"
"f_west.f",187,188,"SHP_W4","(F(I),I=34,37)",2,".35688410D+02","numeric",35.68841,,"38548071d5aa652bb90c7f111f86b427f798a1c9"
"f_west.f",187,188,"SHP_W4","(F(I),I=34,37)",3,".17995769D+00","numeric",0.17995769,,"38548071d5aa652bb90c7f111f86b427f798a1c9"
"f_west.f",187,188,"SHP_W4","(F(I),I=34,37)",4,".15565605D+01","numeric",1.5565605,,"38548071d5aa652bb90c7f111f86b427f798a1c9"
"f_west.f",189,189,"SHP_W4","(F(I),I=38,40)",1,".64397446D+01","numeric",6.4397446,,"38548071d5aa652bb90c7f111f86b427f798a1c9"
"f_west.f",189,189,"SHP_W4","(F(I),I=38,40)",2,"-.13439736D+01","numeric",-1.3439736,,"38548071d5aa652bb90c7f111f86b427f798a1c9"
"f_west.f",189,189,"SHP_W4","(F(I),I=38,40)",3,".63442558D+01","numeric",6.3442558,,"38548071d5aa652bb90c7f111f86b427f798a1c9"
"f_west.f",190,190,"SHP_W4","(F(I),I=42,44)",1,".11898092D+02","numeric",11.898092,,"38548071d5aa652bb90c7f111f86b427f798a1c9"
"f_west.f",190,190,"SHP_W4","(F(I),I=42,44)",2,"-.36789851D+01","numeric",-3.6789851,,"38548071d5aa652bb90c7f111f86b427f798a1c9"
"f_west.f",190,190,"SHP_W4","(F(I),I=42,44)",3,".15168209D+00","numeric",0.15168209,,"38548071d5aa652bb90c7f111f86b427f798a1c9"
"f_west.f",191,192,"SHP_W4","(F(I),I=45,47)",1,"-.13248733D+01","numeric",-1.3248733,,"38548071d5aa652bb90c7f111f86b427f798a1c9"
"f_west.f",191,192,"SHP_W4","(F(I),I=45,47)",2,"-.11788962D+00","numeric",-0.11788962,,"38548071d5aa652bb90c7f111f86b427f798a1c9"
"f_west.f",191,192,"SHP_W4","(F(I),I=45,47)",3,"-.15909154D-01","numeric",-0.015909154,,"38548071d5aa652bb90c7f111f86b427f798a1c9"
"f_west.f",199,199,"SHP_W4","(WHSUB(I),I=1,8)",1,"'01'","character",,"01","38548071d5aa652bb90c7f111f86b427f798a1c9"
"f_west.f",199,199,"SHP_W4","(WHSUB(I),I=1,8)",2,"'02'","character",,"02","38548071d5aa652bb90c7f111f86b427f798a1c9"
"f_west.f",199,199,"SHP_W4","(WHSUB(I),I=1,8)",3,"'03'","character",,"03","38548071d5aa652bb90c7f111f86b427f798a1c9"
"f_west.f",199,199,"SHP_W4","(WHSUB(I),I=1,8)",4,"'04'","character",,"04","38548071d5aa652bb90c7f111f86b427f798a1c9"
"f_west.f",199,199,"SHP_W4","(WHSUB(I),I=1,8)",5,"'05'","character",,"05","38548071d5aa652bb90c7f111f86b427f798a1c9"
"f_west.f",199,199,"SHP_W4","(WHSUB(I),I=1,8)",6,"'06'","character",,"06","38548071d5aa652bb90c7f111f86b427f798a1c9"
"f_west.f",199,199,"SHP_W4","(WHSUB(I),I=1,8)",7,"'07'","character",,"07","38548071d5aa652bb90c7f111f86b427f798a1c9"
"f_west.f",199,199,"SHP_W4","(WHSUB(I),I=1,8)",8,"'08'","character",,"08","38548071d5aa652bb90c7f111f86b427f798a1c9"
"f_west.f",201,202,"SHP_W4","(r25(i),i=1,8)",1,"-7.511d0","numeric",-7.511,,"38548071d5aa652bb90c7f111f86b427f798a1c9"
"f_west.f",201,202,"SHP_W4","(r25(i),i=1,8)",2,"-7.687d0","numeric",-7.687,,"38548071d5aa652bb90c7f111f86b427f798a1c9"
"f_west.f",201,202,"SHP_W4","(r25(i),i=1,8)",3,"-7.224d0","numeric",-7.224,,"38548071d5aa652bb90c7f111f86b427f798a1c9"
"f_west.f",201,202,"SHP_W4","(r25(i),i=1,8)",4,"-7.355d0","numeric",-7.355,,"38548071d5aa652bb90c7f111f86b427f798a1c9"
"f_west.f",201,202,"SHP_W4","(r25(i),i=1,8)",5,"-7.632d0","numeric",-7.632,,"38548071d5aa652bb90c7f111f86b427f798a1c9"
"f_west.f",201,202,"SHP_W4","(r25(i),i=1,8)",6,"-7.646d0","numeric",-7.646,,"38548071d5aa652bb90c7f111f86b427f798a1c9"
"f_west.f",201,202,"SHP_W4","(r25(i),i=1,8)",7,"-7.687d0","numeric",-7.687,,"38548071d5aa652bb90c7f111f86b427f798a1c9"
"f_west.f",201,202,"SHP_W4","(r25(i),i=1,8)",8,"-7.911d0","numeric",-7.911,,"38548071d5aa652bb90c7f111f86b427f798a1c9"
"f_west.f",203,204,"SHP_W4","(r34(i),i=1,8)",1,"-1.215d0","numeric",-1.215,,"38548071d5aa652bb90c7f111f86b427f798a1c9"
"f_west.f",203,204,"SHP_W4","(r34(i),i=1,8)",2,"-1.355d0","numeric",-1.355,,"38548071d5aa652bb90c7f111f86b427f798a1c9"
"f_west.f",203,204,"SHP_W4","(r34(i),i=1,8)",3,"-1.177d0","numeric",-1.177,,"38548071d5aa652bb90c7f111f86b427f798a1c9"
"f_west.f",203,204,"SHP_W4","(r34(i),i=1,8)",4,"-1.373d0","numeric",-1.373,,"38548071d5aa652bb90c7f111f86b427f798a1c9"
"f_west.f",203,204,"SHP_W4","(r34(i),i=1,8)",5,"-1.398d0","numeric",-1.398,,"38548071d5aa652bb90c7f111f86b427f798a1c9"
"f_west.f",203,204,"SHP_W4","(r34(i),i=1,8)",6,"-1.188d0","numeric",-1.188,,"38548071d5aa652bb90c7f111f86b427f798a1c9"
"f_west.f",203,204,"SHP_W4","(r34(i),i=1,8)",7,"-1.355d0","numeric",-1.355,,"38548071d5aa652bb90c7f111f86b427f798a1c9"
"f_west.f",203,204,"SHP_W4","(r34(i),i=1,8)",8,"-1.449d0","numeric",-1.449,,"38548071d5aa652bb90c7f111f86b427f798a1c9"
"f_west.f",326,326,"SHP_W5","F(13),F(15)",1,"-.11917515D+01","numeric",-1.1917515,,"38548071d5aa652bb90c7f111f86b427f798a1c9"
"f_west.f",326,326,"SHP_W5","F(13),F(15)",2,".15632952D+00","numeric",0.15632952,,"38548071d5aa652bb90c7f111f86b427f798a1c9"
"f_west.f",327,327,"SHP_W5","(F(I),I=17,18)",1,".44805624D+00","numeric",0.44805624,,"38548071d5aa652bb90c7f111f86b427f798a1c9"
"f_west.f",327,327,"SHP_W5","(F(I),I=17,18)",2,"-.10269221D+00","numeric",-0.10269221,,"38548071d5aa652bb90c7f111f86b427f798a1c9"
"f_west.f",328,328,"SHP_W5","(F(I),I=21,22)",1,".82814200D+00","numeric",0.828142,,"38548071d5aa652bb90c7f111f86b427f798a1c9"
"f_west.f",328,328,"SHP_W5","(F(I),I=21,22)",2,".17750205D+02","numeric",17.750205,,"38548071d5aa652bb90c7f111f86b427f798a1c9"
"f_west.f",329,329,"SHP_W5","(F(I),I=25,27)",1,"-.17959260D+2","numeric",-17.95926,,"38548071d5aa652bb90c7f111f86b427f798a1c9"
"f_west.f",329,329,"SHP_W5","(F(I),I=25,27)",2,".38308966D+01","numeric",3.8308966,,"38548071d5aa652bb90c7f111f86b427f798a1c9"
"f_west.f",329,329,"SHP_W5","(F(I),I=25,27)",3,".45163788D+02","numeric",45.163788,,"38548071d5aa652bb90c7f111f86b427f798a1c9"
"f_west.f",331,331,"SHP_W5","(f(I),I=29,31)",1,"-.17546090D+01","numeric",-1.754609,,"38548071d5aa652bb90c7f111f86b427f798a1c9"
"f_west.f",331,331,"SHP_W5","(f(I),I=29,31)",2,"-.79230813D+01","numeric",-7.9230813,,"38548071d5aa652bb90c7f111f86b427f798a1c9"
"f_west.f",331,331,"SHP_W5","(f(I),I=29,31)",3,"-.11253761D+03","numeric",-112.53761,,"38548071d5aa652bb90c7f111f86b427f798a1c9"
"f_west.f",332,332,"SHP_W5","(F(I),I=34,36)",1,"-.17943249D+00","numeric",-0.17943249,,"38548071d5aa652bb90c7f111f86b427f798a1c9"
"f_west.f",332,332,"SHP_W5","(F(I),I=34,36)",2,".15534485D+00","numeric",0.15534485,,"38548071d5aa652bb90c7f111f86b427f798a1c9"
"f_west.f",332,332,"SHP_W5","(F(I),I=34,36)",3,"-.32777026D-01","numeric",-0.032777026,,"38548071d5aa652bb90c7f111f86b427f798a1c9"
"f_west.f",333,333,"SHP_W5","(F(I),I=38,40)",1,".85305448D+01","numeric",8.5305448,,"38548071d5aa652bb90c7f111f86b427f798a1c9"
"f_west.f",333,333,"SHP_W5","(F(I),I=38,40)",2,"-.83350599D+00","numeric",-0.83350599,,"38548071d5aa652bb90c7f111f86b427f798a1c9"
"f_west.f",333,333,"SHP_W5","(F(I),I=38,40)",3,".12100013D+02","numeric",12.100013,,"38548071d5aa652bb90c7f111f86b427f798a1c9"
"f_west.f",334,334,"SHP_W5","(F(I),I=42,43)",1,".83021283D+01","numeric",8.3021283,,"38548071d5aa652bb90c7f111f86b427f798a1c9"
"f_west.f",334,334,"SHP_W5","(F(I),I=42,43)",2,"-150.0D0","numeric",-150,,"38548071d5aa652bb90c7f111f86b427f798a1c9"
"f_west.f",335,335,"SHP_W5","(F(I),I=45,47)",1,"-.71594841D+01","numeric",-7.1594841,,"38548071d5aa652bb90c7f111f86b427f798a1c9"
"f_west.f",335,335,"SHP_W5","(F(I),I=45,47)",2,".11263465D+00","numeric",0.11263465,,"38548071d5aa652bb90c7f111f86b427f798a1c9"
"f_west.f",335,335,"SHP_W5","(F(I),I=45,47)",3,".22396603D+02","numeric",22.396603,,"38548071d5aa652bb90c7f111f86b427f798a1c9"
"f_west.f",436,436,"COR_WS","(QH(1,I),I=1,5)",1,"-4.9012","numeric",-4.9012,,"38548071d5aa652bb90c7f111f86b427f798a1c9"
"f_west.f",436,436,"COR_WS","(QH(1,I),I=1,5)",2,"14.0602","numeric",14.0602,,"38548071d5aa652bb90c7f111f86b427f798a1c9"
"f_west.f",436,436,"COR_WS","(QH(1,I),I=1,5)",3,"-14.98","numeric",-14.98,,"38548071d5aa652bb90c7f111f86b427f798a1c9"
"f_west.f",436,436,"COR_WS","(QH(1,I),I=1,5)",4,"-1.813","numeric",-1.813,,"38548071d5aa652bb90c7f111f86b427f798a1c9"
"f_west.f",436,436,"COR_WS","(QH(1,I),I=1,5)",5,"0.249","numeric",0.249,,"38548071d5aa652bb90c7f111f86b427f798a1c9"
"f_west.f",438,438,"COR_WS","(QH(2,I),I=1,5)",1,"-4.1915","numeric",-4.1915,,"38548071d5aa652bb90c7f111f86b427f798a1c9"
"f_west.f",438,438,"COR_WS","(QH(2,I),I=1,5)",2,"10.026","numeric",10.026,,"38548071d5aa652bb90c7f111f86b427f798a1c9"
"f_west.f",438,438,"COR_WS","(QH(2,I),I=1,5)",3,"-11.536","numeric",-11.536,,"38548071d5aa652bb90c7f111f86b427f798a1c9"
"f_west.f",438,438,"COR_WS","(QH(2,I),I=1,5)",4,"-1.3865","numeric",-1.3865,,"38548071d5aa652bb90c7f111f86b427f798a1c9"
"f_west.f",438,438,"COR_WS","(QH(2,I),I=1,5)",5,"-.338","numeric",-0.338,,"38548071d5aa652bb90c7f111f86b427f798a1c9"
"f_west.f",440,440,"COR_WS","(QH(3,I),I=1,5)",1,"-5.6689","numeric",-5.6689,,"38548071d5aa652bb90c7f111f86b427f798a1c9"
"f_west.f",440,440,"COR_WS","(QH(3,I),I=1,5)",2,"22.896","numeric",22.896,,"38548071d5aa652bb90c7f111f86b427f798a1c9"
"f_west.f",440,440,"COR_WS","(QH(3,I),I=1,5)",3,"-28.335","numeric",-28.335,,"38548071d5aa652bb90c7f111f86b427f798a1c9"
"f_west.f",440,440,"COR_WS","(QH(3,I),I=1,5)",4,"-1.9173","numeric",-1.9173,,"38548071d5aa652bb90c7f111f86b427f798a1c9"
"f_west.f",440,440,"COR_WS","(QH(3,I),I=1,5)",5,".242","numeric",0.242,,"38548071d5aa652bb90c7f111f86b427f798a1c9"
"f_west.f",557,557,"SF_ZFD3","BL1, BL4",1,"9.2484016d0","numeric",9.2484016,,"38548071d5aa652bb90c7f111f86b427f798a1c9"
"f_west.f",557,557,"SF_ZFD3","BL1, BL4",2,"19.051579d0","numeric",19.051579,,"38548071d5aa652bb90c7f111f86b427f798a1c9"
"f_west.f",558,558,"SF_ZFD3","MU",1,"0.01D0","numeric",0.01,,"38548071d5aa652bb90c7f111f86b427f798a1c9"
"f_west.f",559,559,"SF_ZFD3","S11,S12,S13",1,"1.18456d0","numeric",1.18456,,"38548071d5aa652bb90c7f111f86b427f798a1c9"
"f_west.f",559,559,"SF_ZFD3","S11,S12,S13",2,"-.02638802d0","numeric",-0.02638802,,"38548071d5aa652bb90c7f111f86b427f798a1c9"
"f_west.f",559,559,"SF_ZFD3","S11,S12,S13",3,".4293105d0","numeric",0.4293105,,"38548071d5aa652bb90c7f111f86b427f798a1c9"
"f_west.f",560,560,"SF_ZFD3","S21,S22",1,"-3.638135d0","numeric",-3.638135,,"38548071d5aa652bb90c7f111f86b427f798a1c9"
"f_west.f",560,560,"SF_ZFD3","S21,S22",2,".44202834d0","numeric",0.44202834,,"38548071d5aa652bb90c7f111f86b427f798a1c9"
"f_west.f",561,561,"SF_ZFD3","S3, S4",1,"-1.7685049d0","numeric",-1.7685049,,"38548071d5aa652bb90c7f111f86b427f798a1c9"
"f_west.f",561,561,"SF_ZFD3","S3, S4",2,"-.066272536d0","numeric",-0.066272536,,"38548071d5aa652bb90c7f111f86b427f798a1c9"
"f_west.f",562,562,"SF_ZFD3","S5, S6",1,"-11.061295d0","numeric",-11.061295,,"38548071d5aa652bb90c7f111f86b427f798a1c9"
"f_west.f",562,562,"SF_ZFD3","S5, S6",2,"-.010578261d0","numeric",-0.010578261,,"38548071d5aa652bb90c7f111f86b427f798a1c9"
"f_west.f",563,563,"SF_ZFD3","S7, S8, S9",1,"-.29628457d0","numeric",-0.29628457,,"38548071d5aa652bb90c7f111f86b427f798a1c9"
"f_west.f",563,563,"SF_ZFD3","S7, S8, S9",2,"-.43808609d0","numeric",-0.43808609,,"38548071d5aa652bb90c7f111f86b427f798a1c9"
"f_west.f",563,563,"SF_ZFD3","S7, S8, S9",3,"0.74422178d0","numeric",0.74422178,,"38548071d5aa652bb90c7f111f86b427f798a1c9"
"f_west.f",564,564,"SF_ZFD3","SU5,SU6",1,"-.25196078d0","numeric",-0.25196078,,"38548071d5aa652bb90c7f111f86b427f798a1c9"
"f_west.f",564,564,"SF_ZFD3","SU5,SU6",2,"1.7192804d0","numeric",1.7192804,,"38548071d5aa652bb90c7f111f86b427f798a1c9"
"f_west.f",683,683,"SF_ZFD4","A11,A12,A13",1,"3.7244760d0","numeric",3.724476,,"38548071d5aa652bb90c7f111f86b427f798a1c9"
"f_west.f",683,683,"SF_ZFD4","A11,A12,A13",2,"-.64373853d0","numeric",-0.64373853,,"38548071d5aa652bb90c7f111f86b427f798a1c9"
"f_west.f",683,683,"SF_ZFD4","A11,A12,A13",3,"-2.5045615d0","numeric",-2.5045615,,"38548071d5aa652bb90c7f111f86b427f798a1c9"
"f_west.f",684,684,"SF_ZFD4","A21,A22",1,"-7.6871598d0","numeric",-7.6871598,,"38548071d5aa652bb90c7f111f86b427f798a1c9"
"f_west.f",684,684,"SF_ZFD4","A21,A22",2,"0.030248851d0","numeric",0.030248851,,"38548071d5aa652bb90c7f111f86b427f798a1c9"
"f_west.f",685,685,"SF_ZFD4","A31,A32,A33",1,"1.2762845d0","numeric",1.2762845,,"38548071d5aa652bb90c7f111f86b427f798a1c9"
"f_west.f",685,685,"SF_ZFD4","A31,A32,A33",2,".44828840d0","numeric",0.4482884,,"38548071d5aa652bb90c7f111f86b427f798a1c9"
"f_west.f",685,685,"SF_ZFD4","A31,A32,A33",3,"-.50630122d-2","numeric",-0.0050630122,,"38548071d5aa652bb90c7f111f86b427f798a1c9"
"f_west.f",686,686,"SF_ZFD4","A40,A41,A42",1,".032150116d0","numeric",0.032150116,,"38548071d5aa652bb90c7f111f86b427f798a1c9"
"f_west.f",686,686,"SF_ZFD4","A40,A41,A42",2,"4.0216438d0","numeric",4.0216438,,"38548071d5aa652bb90c7f111f86b427f798a1c9"
"f_west.f",686,686,"SF_ZFD4","A40,A41,A42",3,"-4.8014107d0","numeric",-4.8014107,,"38548071d5aa652bb90c7f111f86b427f798a1c9"
"f_west.f",687,687,"SF_ZFD4","S1, S3",1,"0.01d0","numeric",0.01,,"38548071d5aa652bb90c7f111f86b427f798a1c9"
"f_west.f",687,687,"SF_ZFD4","S1, S3",2,".69481696d0","numeric",0.69481696,,"38548071d5aa652bb90c7f111f86b427f798a1c9"
"f_west.f",688,688,"SF_ZFD4","S5, S6",1,".70394499d0","numeric",0.70394499,,"38548071d5aa652bb90c7f111f86b427f798a1c9"
"f_west.f",688,688,"SF_ZFD4","S5, S6",2,"5.4510380d0","numeric",5.451038,,"38548071d5aa652bb90c7f111f86b427f798a1c9"
"f_west.f",689,689,"SF_ZFD4","S7",1,"2.8470272d0","numeric",2.8470272,,"38548071d5aa652bb90c7f111f86b427f798a1c9"
"f_west.f",690,690,"SF_ZFD4","U11, U12, U2",1,"3.4018968d0","numeric",3.4018968,,"38548071d5aa652bb90c7f111f86b427f798a1c9"
"f_west.f",690,690,"SF_ZFD4","U11, U12, U2",2,"-.88734933d0","numeric",-0.88734933,,"38548071d5aa652bb90c7f111f86b427f798a1c9"
"f_west.f",690,690,"SF_ZFD4","U11, U12, U2",3,"-2.334093d0","numeric",-2.334093,,"38548071d5aa652bb90c7f111f86b427f798a1c9"
"f_west.f",802,802,"SF_ZFD5","A11,A12,A13",1,"4.3050830d0","numeric",4.305083,,"38548071d5aa652bb90c7f111f86b427f798a1c9"
"f_west.f",802,802,"SF_ZFD5","A11,A12,A13",2,"-.85232440d0","numeric",-0.8523244,,"38548071d5aa652bb90c7f111f86b427f798a1c9"
"f_west.f",802,802,"SF_ZFD5","A11,A12,A13",3,"-2.3355492d0","numeric",-2.3355492,,"38548071d5aa652bb90c7f111f86b427f798a1c9"
"f_west.f",803,803,"SF_ZFD5","A21,A22",1,"-7.5573025d0","numeric",-7.5573025,,"38548071d5aa652bb90c7f111f86b427f798a1c9"
"f_west.f",803,803,"SF_ZFD5","A21,A22",2,"0.011360349d0","numeric",0.011360349,,"38548071d5aa652bb90c7f111f86b427f798a1c9"
"f_west.f",804,804,"SF_ZFD5","A31,A32,A33",1,"-1.9172059d0","numeric",-1.9172059,,"38548071d5aa652bb90c7f111f86b427f798a1c9"
"f_west.f",804,804,"SF_ZFD5","A31,A32,A33",2,"3.1382338d0","numeric",3.1382338,,"38548071d5aa652bb90c7f111f86b427f798a1c9"
"f_west.f",804,804,"SF_ZFD5","A31,A32,A33",3,"-.53258164d0","numeric",-0.53258164,,"38548071d5aa652bb90c7f111f86b427f798a1c9"
"f_west.f",805,805,"SF_ZFD5","A40,A41,A42",1,".019259274d0","numeric",0.019259274,,"38548071d5aa652bb90c7f111f86b427f798a1c9"
"f_west.f",805,805,"SF_ZFD5","A40,A41,A42",2,"4.0216439d0","numeric",4.0216439,,"38548071d5aa652bb90c7f111f86b427f798a1c9"
"f_west.f",805,805,"SF_ZFD5","A40,A41,A42",3,"-4.7142447d0","numeric",-4.7142447,,"38548071d5aa652bb90c7f111f86b427f798a1c9"
"f_west.f",806,806,"SF_ZFD5","S1, S3",1,"0.01d0","numeric",0.01,,"38548071d5aa652bb90c7f111f86b427f798a1c9"
"f_west.f",806,806,"SF_ZFD5","S1, S3",2,".78308913d0","numeric",0.78308913,,"38548071d5aa652bb90c7f111f86b427f798a1c9"
"f_west.f",807,807,"SF_ZFD5","S5, S6",1,".21140396d0","numeric",0.21140396,,"38548071d5aa652bb90c7f111f86b427f798a1c9"
"f_west.f",807,807,"SF_ZFD5","S5, S6",2,"6.4129714d0","numeric",6.4129714,,"38548071d5aa652bb90c7f111f86b427f798a1c9"
"f_west.f",808,808,"SF_ZFD5","S7",1,"2.03990921d0","numeric",2.03990921,,"38548071d5aa652bb90c7f111f86b427f798a1c9"
"f_west.f",809,809,"SF_ZFD5","U11, U12, U2",1,"3.3372438d0","numeric",3.3372438,,"38548071d5aa652bb90c7f111f86b427f798a1c9"
"f_west.f",809,809,"SF_ZFD5","U11, U12, U2",2,"-4.0010883d0","numeric",-4.0010883,,"38548071d5aa652bb90c7f111f86b427f798a1c9"
"f_west.f",809,809,"SF_ZFD5","U11, U12, U2",3,"-2.2145198d0","numeric",-2.2145198,,"38548071d5aa652bb90c7f111f86b427f798a1c9"
"f_west.f",915,915,"FDBT_C1","(GCODE(I),I=1,8)",1,"'01'","character",,"01","38548071d5aa652bb90c7f111f86b427f798a1c9"
"f_west.f",915,915,"FDBT_C1","(GCODE(I),I=1,8)",2,"'02'","character",,"02","38548071d5aa652bb90c7f111f86b427f798a1c9"
"f_west.f",915,915,"FDBT_C1","(GCODE(I),I=1,8)",3,"'03'","character",,"03","38548071d5aa652bb90c7f111f86b427f798a1c9"
"f_west.f",915,915,"FDBT_C1","(GCODE(I),I=1,8)",4,"'04'","character",,"04","38548071d5aa652bb90c7f111f86b427f798a1c9"
"f_west.f",915,915,"FDBT_C1","(GCODE(I),I=1,8)",5,"'05'","character",,"05","38548071d5aa652bb90c7f111f86b427f798a1c9"
"f_west.f",915,915,"FDBT_C1","(GCODE(I),I=1,8)",6,"'06'","character",,"06","38548071d5aa652bb90c7f111f86b427f798a1c9"
"f_west.f",915,915,"FDBT_C1","(GCODE(I),I=1,8)",7,"'07'","character",,"07","38548071d5aa652bb90c7f111f86b427f798a1c9"
"f_west.f",915,915,"FDBT_C1","(GCODE(I),I=1,8)",8,"'08'","character",,"08","38548071d5aa652bb90c7f111f86b427f798a1c9"
"f_west.f",917,918,"FDBT_C1","(ROFF(I),I=1,8)",1,"0.0","numeric",0,,"38548071d5aa652bb90c7f111f86b427f798a1c9"
"f_west.f",917,918,"FDBT_C1","(ROFF(I),I=1,8)",2,".117","numeric",0.117,,"38548071d5aa652bb90c7f111f86b427f798a1c9"
"f_west.f",917,918,"FDBT_C1","(ROFF(I),I=1,8)",3,".121","numeric",0.121,,"38548071d5aa652bb90c7f111f86b427f798a1c9"
"f_west.f",917,918,"FDBT_C1","(ROFF(I),I=1,8)",4,".133","numeric",0.133,,"38548071d5aa652bb90c7f111f86b427f798a1c9"
"f_west.f",917,918,"FDBT_C1","(ROFF(I),I=1,8)",5,".025","numeric",0.025,,"38548071d5aa652bb90c7f111f86b427f798a1c9"
"f_west.f",917,918,"FDBT_C1","(ROFF(I),I=1,8)",6,".028","numeric",0.028,,"38548071d5aa652bb90c7f111f86b427f798a1c9"
"f_west.f",917,918,"FDBT_C1","(ROFF(I),I=1,8)",7,".088","numeric",0.088,,"38548071d5aa652bb90c7f111f86b427f798a1c9"
"f_west.f",917,918,"FDBT_C1","(ROFF(I),I=1,8)",8,".028","numeric",0.028,,"38548071d5aa652bb90c7f111f86b427f798a1c9"
"f_west.f",919,920,"FDBT_C1","(ROFF1(I),I=1,8)",1,"0.0","numeric",0,,"38548071d5aa652bb90c7f111f86b427f798a1c9"
"f_west.f",919,920,"FDBT_C1","(ROFF1(I),I=1,8)",2,".118","numeric",0.118,,"38548071d5aa652bb90c7f111f86b427f798a1c9"
"f_west.f",919,920,"FDBT_C1","(ROFF1(I),I=1,8)",3,".204","numeric",0.204,,"38548071d5aa652bb90c7f111f86b427f798a1c9"
"f_west.f",919,920,"FDBT_C1","(ROFF1(I),I=1,8)",4,".105","numeric",0.105,,"38548071d5aa652bb90c7f111f86b427f798a1c9"
"f_west.f",919,920,"FDBT_C1","(ROFF1(I),I=1,8)",5,".058","numeric",0.058,,"38548071d5aa652bb90c7f111f86b427f798a1c9"
"f_west.f",919,920,"FDBT_C1","(ROFF1(I),I=1,8)",6,".061","numeric",0.061,,"38548071d5aa652bb90c7f111f86b427f798a1c9"
"f_west.f",919,920,"FDBT_C1","(ROFF1(I),I=1,8)",7,".118","numeric",0.118,,"38548071d5aa652bb90c7f111f86b427f798a1c9"
"f_west.f",919,920,"FDBT_C1","(ROFF1(I),I=1,8)",8,".071","numeric",0.071,,"38548071d5aa652bb90c7f111f86b427f798a1c9"
"f_west.f",987,988,"BRK_WS","a1, a2, a3,  a4, b2",1,"1.8773","numeric",1.8773,,"38548071d5aa652bb90c7f111f86b427f798a1c9"
"f_west.f",987,988,"BRK_WS","a1, a2, a3,  a4, b2",2,"-3.15524","numeric",-3.15524,,"38548071d5aa652bb90c7f111f86b427f798a1c9"
"f_west.f",987,988,"BRK_WS","a1, a2, a3,  a4, b2",3,"-.06725","numeric",-0.06725,,"38548071d5aa652bb90c7f111f86b427f798a1c9"
"f_west.f",987,988,"BRK_WS","a1, a2, a3,  a4, b2",4,"0.68229","numeric",0.68229,,"38548071d5aa652bb90c7f111f86b427f798a1c9"
"f_west.f",987,988,"BRK_WS","a1, a2, a3,  a4, b2",5,"0.2553","numeric",0.2553,,"38548071d5aa652bb90c7f111f86b427f798a1c9"
"f_west.f",990,990,"BRK_WS","C1, C2, C3,  C4",1,"1.1309","numeric",1.1309,,"38548071d5aa652bb90c7f111f86b427f798a1c9"
"f_west.f",990,990,"BRK_WS","C1, C2, C3,  C4",2,"-2.021","numeric",-2.021,,"38548071d5aa652bb90c7f111f86b427f798a1c9"
"f_west.f",990,990,"BRK_WS","C1, C2, C3,  C4",3,"-.03323","numeric",-0.03323,,"38548071d5aa652bb90c7f111f86b427f798a1c9"
"f_west.f",990,990,"BRK_WS","C1, C2, C3,  C4",4,"0.8167","numeric",0.8167,,"38548071d5aa652bb90c7f111f86b427f798a1c9"
"f_ingy.f",37,49,"SHP_C2","(F(I,11),I=10,47)",1,"0.19750000D+00","numeric",0.1975,,"38548071d5aa652bb90c7f111f86b427f798a1c9"
"f_ingy.f",37,49,"SHP_C2","(F(I,11),I=10,47)",2,"0.96630000D+00","numeric",0.9663,,"38548071d5aa652bb90c7f111f86b427f798a1c9"
"f_ingy.f",37,49,"SHP_C2","(F(I,11),I=10,47)",3,"0.36700000D-03","numeric",0.000367,,"38548071d5aa652bb90c7f111f86b427f798a1c9"
"f_ingy.f",37,49,"SHP_C2","(F(I,11),I=10,47)",4,"-0.29164923D+01","numeric",-2.9164923,,"38548071d5aa652bb90c7f111f86b427f798a1c9"
"f_ingy.f",37,49,"SHP_C2","(F(I,11),I=10,47)",5,"0.33255872D+00","numeric",0.33255872,,"38548071d5aa652bb90c7f111f86b427f798a1c9"
"f_ingy.f",37,49,"SHP_C2","(F(I,11),I=10,47)",6,"-0.19692956D+00","numeric",-0.19692956,,"38548071d5aa652bb90c7f111f86b427f798a1c9"
"f_ingy.f",37,49,"SHP_C2","(F(I,11),I=10,47)",7,"0.83070580D-01","numeric",0.08307058,,"38548071d5aa652bb90c7f111f86b427f798a1c9"
"f_ingy.f",37,49,"SHP_C2","(F(I,11),I=10,47)",8,"0.0","numeric",0,,"38548071d5aa652bb90c7f111f86b427f798a1c9"
"f_ingy.f",37,49,"SHP_C2","(F(I,11),I=10,47)",9,"-0.12712219D+02","numeric",-12.712219,,"38548071d5aa652bb90c7f111f86b427f798a1c9"
"f_ingy.f",37,49,"SHP_C2","(F(I,11),I=10,47)",10,"0.25447851D+01","numeric",2.5447851,,"38548071d5aa652bb90c7f111f86b427f798a1c9"
"f_ingy.f",37,49,"SHP_C2","(F(I,11),I=10,47)",11,"0.10000000D+02","numeric",10,,"38548071d5aa652bb90c7f111f86b427f798a1c9"
"f_ingy.f",37,49,"SHP_C2","(F(I,11),I=10,47)",12,"0.64074304D+00","numeric",0.64074304,,"38548071d5aa652bb90c7f111f86b427f798a1c9"
"f_ingy.f",37,49,"SHP_C2","(F(I,11),I=10,47)",13,"0.73487234D-02","numeric",0.0073487234,,"38548071d5aa652bb90c7f111f86b427f798a1c9"
"f_ingy.f",37,49,"SHP_C2","(F(I,11),I=10,47)",14,"0.0","numeric",0,,"38548071d5aa652bb90c7f111f86b427f798a1c9"
"f_ingy.f",37,49,"SHP_C2","(F(I,11),I=10,47)",15,"0.0","numeric",0,,"38548071d5aa652bb90c7f111f86b427f798a1c9"
"f_ingy.f",37,49,"SHP_C2","(F(I,11),I=10,47)",16,"-0.50396657D+01","numeric",-5.0396657,,"38548071d5aa652bb90c7f111f86b427f798a1c9"
"f_ingy.f",37,49,"SHP_C2","(F(I,11),I=10,47)",17,"-0.10401496D+00","numeric",-0.10401496,,"38548071d5aa652bb90c7f111f86b427f798a1c9"
"f_ingy.f",37,49,"SHP_C2","(F(I,11),I=10,47)",18,"0.64537237D-01","numeric",0.064537237,,"38548071d5aa652bb90c7f111f86b427f798a1c9"
"f_ingy.f",37,49,"SHP_C2","(F(I,11),I=10,47)",19,"0.00000000D+00","numeric",0,,"38548071d5aa652bb90c7f111f86b427f798a1c9"
"f_ingy.f",37,49,"SHP_C2","(F(I,11),I=10,47)",20,"0.13406196D+01","numeric",1.3406196,,"38548071d5aa652bb90c7f111f86b427f798a1c9"
"f_ingy.f",37,49,"SHP_C2","(F(I,11),I=10,47)",21,"-0.59490857D+00","numeric",-0.59490857,,"38548071d5aa652bb90c7f111f86b427f798a1c9"
"f_ingy.f",37,49,"SHP_C2","(F(I,11),I=10,47)",22,"-0.15332078D+01","numeric",-1.5332078,,"38548071d5aa652bb90c7f111f86b427f798a1c9"
"f_ingy.f",37,49,"SHP_C2","(F(I,11),I=10,47)",23,"0.20255950D+00","numeric",0.2025595,,"38548071d5aa652bb90c7f111f86b427f798a1c9"
"f_ingy.f",37,49,"SHP_C2","(F(I,11),I=10,47)",24,"0.00000000D+00","numeric",0,,"38548071d5aa652bb90c7f111f86b427f798a1c9"
"f_ingy.f",37,49,"SHP_C2","(F(I,11),I=10,47)",25,"0.81367568D+00","numeric",0.81367568,,"38548071d5aa652bb90c7f111f86b427f798a1c9"
"f_ingy.f",37,49,"SHP_C2","(F(I,11),I=10,47)",26,"0.41706924D+01","numeric",4.1706924,,"38548071d5aa652bb90c7f111f86b427f798a1c9"
"f_ingy.f",37,49,"SHP_C2","(F(I,11),I=10,47)",27,"-0.37302026D+00","numeric",-0.37302026,,"38548071d5aa652bb90c7f111f86b427f798a1c9"
"f_ingy.f",37,49,"SHP_C2","(F(I,11),I=10,47)",28,"-0.68581021D+00","numeric",-0.68581021,,"38548071d5aa652bb90c7f111f86b427f798a1c9"
"f_ingy.f",37,49,"SHP_C2","(F(I,11),I=10,47)",29,"0.11919105D+01","numeric",1.1919105,,"38548071d5aa652bb90c7f111f86b427f798a1c9"
"f_ingy.f",37,49,"SHP_C2","(F(I,11),I=10,47)",30,"0.57298855D+01","numeric",5.7298855,,"38548071d5aa652bb90c7f111f86b427f798a1c9"
"f_ingy.f",37,49,"SHP_C2","(F(I,11),I=10,47)",31,"-0.15339884D+00","numeric",-0.15339884,,"38548071d5aa652bb90c7f111f86b427f798a1c9"
"f_ingy.f",37,49,"SHP_C2","(F(I,11),I=10,47)",32,"0.00000000D+00","numeric",0,,"38548071d5aa652bb90c7f111f86b427f798a1c9"
"f_ingy.f",37,49,"SHP_C2","(F(I,11),I=10,47)",33,"0.15708690D+02","numeric",15.70869,,"38548071d5aa652bb90c7f111f86b427f798a1c9"
"f_ingy.f",37,49,"SHP_C2","(F(I,11),I=10,47)",34,"-0.42931675D+01","numeric",-4.2931675,,"38548071d5aa652bb90c7f111f86b427f798a1c9"
"f_ingy.f",37,49,"SHP_C2","(F(I,11),I=10,47)",35,"0.0","numeric",0,,"38548071d5aa652bb90c7f111f86b427f798a1c9"
"f_ingy.f",37,49,"SHP_C2","(F(I,11),I=10,47)",36,"0.99873166D+00","numeric",0.99873166,,"38548071d5aa652bb90c7f111f86b427f798a1c9"
"f_ingy.f",37,49,"SHP_C2","(F(I,11),I=10,47)",37,"0.00000000D+00","numeric",0,,"38548071d5aa652bb90c7f111f86b427f798a1c9"
"f_ingy.f",37,49,"SHP_C2","(F(I,11),I=10,47)",38,"0.15871937D-02","numeric",0.0015871937,,"38548071d5aa652bb90c7f111f86b427f798a1c9"
"f_ingy.f",51,51,"SHP_C2","(dfSUBF(I),I=1,3)",1,"25","numeric",25,,"38548071d5aa652bb90c7f111f86b427f798a1c9"
"f_ingy.f",51,51,"SHP_C2","(dfSUBF(I),I=1,3)",2,"34","numeric",34,,"38548071d5aa652bb90c7f111f86b427f798a1c9"
"f_ingy.f",51,51,"SHP_C2","(dfSUBF(I),I=1,3)",3,"38","numeric",38,,"38548071d5aa652bb90c7f111f86b427f798a1c9"
"f_ingy.f",53,53,"SHP_C2","(dfSUBC(I),I=1,3)",1,"-5.1791473","numeric",-5.1791473,,"38548071d5aa652bb90c7f111f86b427f798a1c9"
"f_ingy.f",53,53,"SHP_C2","(dfSUBC(I),I=1,3)",2,"0.86605974","numeric",0.86605974,,"38548071d5aa652bb90c7f111f86b427f798a1c9"
"f_ingy.f",53,53,"SHP_C2","(dfSUBC(I),I=1,3)",3,"1.4757324","numeric",1.4757324,,"38548071d5aa652bb90c7f111f86b427f798a1c9"
"f_ingy.f",55,55,"SHP_C2","(dfSUB(I),I=1,3)",1,"'15'","character",,"15","38548071d5aa652bb90c7f111f86b427f798a1c9"
"f_ingy.f",55,55,"SHP_C2","(dfSUB(I),I=1,3)",2,"'15'","character",,"15","38548071d5aa652bb90c7f111f86b427f798a1c9"
"f_ingy.f",55,55,"SHP_C2","(dfSUB(I),I=1,3)",3,"'15'","character",,"15","38548071d5aa652bb90c7f111f86b427f798a1c9"
"f_ingy.f",58,70,"SHP_C2","(F(I,12),I=10,47)",1,"0.55800000D-01","numeric",0.0558,,"38548071d5aa652bb90c7f111f86b427f798a1c9"
"f_ingy.f",58,70,"SHP_C2","(F(I,12),I=10,47)",2,"0.12635000D+01","numeric",1.2635,,"38548071d5aa652bb90c7f111f86b427f798a1c9"
"f_ingy.f",58,70,"SHP_C2","(F(I,12),I=10,47)",3,"-0.31600000D-03","numeric",-0.000316,,"38548071d5aa652bb90c7f111f86b427f798a1c9"
"f_ingy.f",58,70,"SHP_C2","(F(I,12),I=10,47)",4,"-0.37412141D+01","numeric",-3.7412141,,"38548071d5aa652bb90c7f111f86b427f798a1c9"
"f_ingy.f",58,70,"SHP_C2","(F(I,12),I=10,47)",5,"0.44575252D+00","numeric",0.44575252,,"38548071d5aa652bb90c7f111f86b427f798a1c9"
"f_ingy.f",58,70,"SHP_C2","(F(I,12),I=10,47)",6,"0.89801684D+00","numeric",0.89801684,,"38548071d5aa652bb90c7f111f86b427f798a1c9"
"f_ingy.f",58,70,"SHP_C2","(F(I,12),I=10,47)",7,"0.14462736D+00","numeric",0.14462736,,"38548071d5aa652bb90c7f111f86b427f798a1c9"
"f_ingy.f",58,70,"SHP_C2","(F(I,12),I=10,47)",8,"0.0","numeric",0,,"38548071d5aa652bb90c7f111f86b427f798a1c9"
"f_ingy.f",58,70,"SHP_C2","(F(I,12),I=10,47)",9,"-0.85746216D+01","numeric",-8.5746216,,"38548071d5aa652bb90c7f111f86b427f798a1c9"
"f_ingy.f",58,70,"SHP_C2","(F(I,12),I=10,47)",10,"0.13343304D+01","numeric",1.3343304,,"38548071d5aa652bb90c7f111f86b427f798a1c9"
"f_ingy.f",58,70,"SHP_C2","(F(I,12),I=10,47)",11,"-0.10000000D+02","numeric",-10,,"38548071d5aa652bb90c7f111f86b427f798a1c9"
"f_ingy.f",58,70,"SHP_C2","(F(I,12),I=10,47)",12,"0.82267167D+00","numeric",0.82267167,,"38548071d5aa652bb90c7f111f86b427f798a1c9"
"f_ingy.f",58,70,"SHP_C2","(F(I,12),I=10,47)",13,"0.14739988D-02","numeric",0.0014739988,,"38548071d5aa652bb90c7f111f86b427f798a1c9"
"f_ingy.f",58,70,"SHP_C2","(F(I,12),I=10,47)",14,"0.00000000D+00","numeric",0,,"38548071d5aa652bb90c7f111f86b427f798a1c9"
"f_ingy.f",58,70,"SHP_C2","(F(I,12),I=10,47)",15,"0.00000000D+00","numeric",0,,"38548071d5aa652bb90c7f111f86b427f798a1c9"
"f_ingy.f",58,70,"SHP_C2","(F(I,12),I=10,47)",16,"-0.22688523D+01","numeric",-2.2688523,,"38548071d5aa652bb90c7f111f86b427f798a1c9"
"f_ingy.f",58,70,"SHP_C2","(F(I,12),I=10,47)",17,"-0.36440716D+00","numeric",-0.36440716,,"38548071d5aa652bb90c7f111f86b427f798a1c9"
"f_ingy.f",58,70,"SHP_C2","(F(I,12),I=10,47)",18,"0.53591173D+00","numeric",0.53591173,,"38548071d5aa652bb90c7f111f86b427f798a1c9"
"f_ingy.f",58,70,"SHP_C2","(F(I,12),I=10,47)",19,"-0.12185507D+00","numeric",-0.12185507,,"38548071d5aa652bb90c7f111f86b427f798a1c9"
"f_ingy.f",58,70,"SHP_C2","(F(I,12),I=10,47)",20,"0.62100649D+01","numeric",6.2100649,,"38548071d5aa652bb90c7f111f86b427f798a1c9"
"f_ingy.f",58,70,"SHP_C2","(F(I,12),I=10,47)",21,"-0.57931125D+01","numeric",-5.7931125,,"38548071d5aa652bb90c7f111f86b427f798a1c9"
"f_ingy.f",58,70,"SHP_C2","(F(I,12),I=10,47)",22,"-0.20341109D+01","numeric",-2.0341109,,"38548071d5aa652bb90c7f111f86b427f798a1c9"
"f_ingy.f",58,70,"SHP_C2","(F(I,12),I=10,47)",23,"0.10866030D+01","numeric",1.086603,,"38548071d5aa652bb90c7f111f86b427f798a1c9"
"f_ingy.f",58,70,"SHP_C2","(F(I,12),I=10,47)",24,"0.00000000D+00","numeric",0,,"38548071d5aa652bb90c7f111f86b427f798a1c9"
"f_ingy.f",58,70,"SHP_C2","(F(I,12),I=10,47)",25,"0.24256394D+01","numeric",2.4256394,,"38548071d5aa652bb90c7f111f86b427f798a1c9"
"f_ingy.f",58,70,"SHP_C2","(F(I,12),I=10,47)",26,"0.33616835D+01","numeric",3.3616835,,"38548071d5aa652bb90c7f111f86b427f798a1c9"
"f_ingy.f",58,70,"SHP_C2","(F(I,12),I=10,47)",27,"-0.77862842D+00","numeric",-0.77862842,,"38548071d5aa652bb90c7f111f86b427f798a1c9"
"f_ingy.f",58,70,"SHP_C2","(F(I,12),I=10,47)",28,"-0.51614876D+00","numeric",-0.51614876,,"38548071d5aa652bb90c7f111f86b427f798a1c9"
"f_ingy.f",58,70,"SHP_C2","(F(I,12),I=10,47)",29,"-0.12757916D+01","numeric",-1.2757916,,"38548071d5aa652bb90c7f111f86b427f798a1c9"
"f_ingy.f",58,70,"SHP_C2","(F(I,12),I=10,47)",30,"0.52064652D+01","numeric",5.2064652,,"38548071d5aa652bb90c7f111f86b427f798a1c9"
"f_ingy.f",58,70,"SHP_C2","(F(I,12),I=10,47)",31,"0.70916365D-01","numeric",0.070916365,,"38548071d5aa652bb90c7f111f86b427f798a1c9"
"f_ingy.f",58,70,"SHP_C2","(F(I,12),I=10,47)",32,"0.00000000D+00","numeric",0,,"38548071d5aa652bb90c7f111f86b427f798a1c9"
"f_ingy.f",58,70,"SHP_C2","(F(I,12),I=10,47)",33,"0.70100000D+01","numeric",7.01,,"38548071d5aa652bb90c7f111f86b427f798a1c9"
"f_ingy.f",58,70,"SHP_C2","(F(I,12),I=10,47)",34,"0.00000000D+00","numeric",0,,"38548071d5aa652bb90c7f111f86b427f798a1c9"
"f_ingy.f",58,70,"SHP_C2","(F(I,12),I=10,47)",35,"0.0","numeric",0,,"38548071d5aa652bb90c7f111f86b427f798a1c9"
"f_ingy.f",58,70,"SHP_C2","(F(I,12),I=10,47)",36,"0.10570004D+01","numeric",1.0570004,,"38548071d5aa652bb90c7f111f86b427f798a1c9"
"f_ingy.f",58,70,"SHP_C2","(F(I,12),I=10,47)",37,"-0.37228278D-01","numeric",-0.037228278,,"38548071d5aa652bb90c7f111f86b427f798a1c9"
"f_ingy.f",58,70,"SHP_C2","(F(I,12),I=10,47)",38,"0.00000000D+00","numeric",0,,"38548071d5aa652bb90c7f111f86b427f798a1c9"
"f_ingy.f",72,73,"SHP_C2","(wlSUBF(I),I=1,21)",1,"25","numeric",25,,"38548071d5aa652bb90c7f111f86b427f798a1c9"
"f_ingy.f",72,73,"SHP_C2","(wlSUBF(I),I=1,21)",2,"34","numeric",34,,"38548071d5aa652bb90c7f111f86b427f798a1c9"
"f_ingy.f",72,73,"SHP_C2","(wlSUBF(I),I=1,21)",3,"38","numeric",38,,"38548071d5aa652bb90c7f111f86b427f798a1c9"
"f_ingy.f",72,73,"SHP_C2","(wlSUBF(I),I=1,21)",4,"25","numeric",25,,"38548071d5aa652bb90c7f111f86b427f798a1c9"
"f_ingy.f",72,73,"SHP_C2","(wlSUBF(I),I=1,21)",5,"34","numeric",34,,"38548071d5aa652bb90c7f111f86b427f798a1c9"
"f_ingy.f",72,73,"SHP_C2","(wlSUBF(I),I=1,21)",6,"38","numeric",38,,"38548071d5aa652bb90c7f111f86b427f798a1c9"
"f_ingy.f",72,73,"SHP_C2","(wlSUBF(I),I=1,21)",7,"25","numeric",25,,"38548071d5aa652bb90c7f111f86b427f798a1c9"
"f_ingy.f",72,73,"SHP_C2","(wlSUBF(I),I=1,21)",8,"34","numeric",34,,"38548071d5aa652bb90c7f111f86b427f798a1c9"
"f_ingy.f",72,73,"SHP_C2","(wlSUBF(I),I=1,21)",9,"38","numeric",38,,"38548071d5aa652bb90c7f111f86b427f798a1c9"
"f_ingy.f",72,73,"SHP_C2","(wlSUBF(I),I=1,21)",10,"25","numeric",25,,"38548071d5aa652bb90c7f111f86b427f798a1c9"
"f_ingy.f",72,73,"SHP_C2","(wlSUBF(I),I=1,21)",11,"34","numeric",34,,"38548071d5aa652bb90c7f111f86b427f798a1c9"
"f_ingy.f",72,73,"SHP_C2","(wlSUBF(I),I=1,21)",12,"38","numeric",38,,"38548071d5aa652bb90c7f111f86b427f798a1c9"
"f_ingy.f",72,73,"SHP_C2","(wlSUBF(I),I=1,21)",13,"25","numeric",25,,"38548071d5aa652bb90c7f111f86b427f798a1c9"
"f_ingy.f",72,73,"SHP_C2","(wlSUBF(I),I=1,21)",14,"34","numeric",34,,"38548071d5aa652bb90c7f111f86b427f798a1c9"
"f_ingy.f",72,73,"SHP_C2","(wlSUBF(I),I=1,21)",15,"38","numeric",38,,"38548071d5aa652bb90c7f111f86b427f798a1c9"
"f_ingy.f",72,73,"SHP_C2","(wlSUBF(I),I=1,21)",16,"25","numeric",25,,"38548071d5aa652bb90c7f111f86b427f798a1c9"
"f_ingy.f",72,73,"SHP_C2","(wlSUBF(I),I=1,21)",17,"34","numeric",34,,"38548071d5aa652bb90c7f111f86b427f798a1c9"
"f_ingy.f",72,73,"SHP_C2","(wlSUBF(I),I=1,21)",18,"38","numeric",38,,"38548071d5aa652bb90c7f111f86b427f798a1c9"
"f_ingy.f",72,73,"SHP_C2","(wlSUBF(I),I=1,21)",19,"25","numeric",25,,"38548071d5aa652bb90c7f111f86b427f798a1c9"
"f_ingy.f",72,73,"SHP_C2","(wlSUBF(I),I=1,21)",20,"34","numeric",34,,"38548071d5aa652bb90c7f111f86b427f798a1c9"
"f_ingy.f",72,73,"SHP_C2","(wlSUBF(I),I=1,21)",21,"38","numeric",38,,"38548071d5aa652bb90c7f111f86b427f798a1c9"
"f_ingy.f",75,78,"SHP_C2","(wlSUBC(I),I=1,21)",1,"-2.1106","numeric",-2.1106,,"38548071d5aa652bb90c7f111f86b427f798a1c9"
"f_ingy.f",75,78,"SHP_C2","(wlSUBC(I),I=1,21)",2,"2.4462","numeric",2.4462,,"38548071d5aa652bb90c7f111f86b427f798a1c9"
"f_ingy.f",75,78,"SHP_C2","(wlSUBC(I),I=1,21)",3,"-0.6887","numeric",-0.6887,,"38548071d5aa652bb90c7f111f86b427f798a1c9"
"f_ingy.f",75,78,"SHP_C2","(wlSUBC(I),I=1,21)",4,"-2.1106","numeric",-2.1106,,"38548071d5aa652bb90c7f111f86b427f798a1c9"
"f_ingy.f",75,78,"SHP_C2","(wlSUBC(I),I=1,21)",5,"2.4462","numeric",2.4462,,"38548071d5aa652bb90c7f111f86b427f798a1c9"
"f_ingy.f",75,78,"SHP_C2","(wlSUBC(I),I=1,21)",6,"-0.6887","numeric",-0.6887,,"38548071d5aa652bb90c7f111f86b427f798a1c9"
"f_ingy.f",75,78,"SHP_C2","(wlSUBC(I),I=1,21)",7,"-2.1106","numeric",-2.1106,,"38548071d5aa652bb90c7f111f86b427f798a1c9"
"f_ingy.f",75,78,"SHP_C2","(wlSUBC(I),I=1,21)",8,"2.4462","numeric",2.4462,,"38548071d5aa652bb90c7f111f86b427f798a1c9"
"f_ingy.f",75,78,"SHP_C2","(wlSUBC(I),I=1,21)",9,"-0.6887","numeric",-0.6887,,"38548071d5aa652bb90c7f111f86b427f798a1c9"
"f_ingy.f",75,78,"SHP_C2","(wlSUBC(I),I=1,21)",10,"-2.2589","numeric",-2.2589,,"38548071d5aa652bb90c7f111f86b427f798a1c9"
"f_ingy.f",75,78,"SHP_C2","(wlSUBC(I),I=1,21)",11,"2.4804","numeric",2.4804,,"38548071d5aa652bb90c7f111f86b427f798a1c9"
"f_ingy.f",75,78,"SHP_C2","(wlSUBC(I),I=1,21)",12,"-0.9800","numeric",-0.98,,"38548071d5aa652bb90c7f111f86b427f798a1c9"
"f_ingy.f",75,78,"SHP_C2","(wlSUBC(I),I=1,21)",13,"-2.3163","numeric",-2.3163,,"38548071d5aa652bb90c7f111f86b427f798a1c9"
"f_ingy.f",75,78,"SHP_C2","(wlSUBC(I),I=1,21)",14,"2.5635","numeric",2.5635,,"38548071d5aa652bb90c7f111f86b427f798a1c9"
"f_ingy.f",75,78,"SHP_C2","(wlSUBC(I),I=1,21)",15,"-1.8389","numeric",-1.8389,,"38548071d5aa652bb90c7f111f86b427f798a1c9"
"f_ingy.f",75,78,"SHP_C2","(wlSUBC(I),I=1,21)",16,"-2.2120","numeric",-2.212,,"38548071d5aa652bb90c7f111f86b427f798a1c9"
"f_ingy.f",75,78,"SHP_C2","(wlSUBC(I),I=1,21)",17,"2.3068","numeric",2.3068,,"38548071d5aa652bb90c7f111f86b427f798a1c9"
"f_ingy.f",75,78,"SHP_C2","(wlSUBC(I),I=1,21)",18,"-3.1474","numeric",-3.1474,,"38548071d5aa652bb90c7f111f86b427f798a1c9"
"f_ingy.f",75,78,"SHP_C2","(wlSUBC(I),I=1,21)",19,"-2.6188","numeric",-2.6188,,"38548071d5aa652bb90c7f111f86b427f798a1c9"
"f_ingy.f",75,78,"SHP_C2","(wlSUBC(I),I=1,21)",20,"2.2260","numeric",2.226,,"38548071d5aa652bb90c7f111f86b427f798a1c9"
"f_ingy.f",75,78,"SHP_C2","(wlSUBC(I),I=1,21)",21,"-2.9061","numeric",-2.9061,,"38548071d5aa652bb90c7f111f86b427f798a1c9"
"f_ingy.f",80,82,"SHP_C2","(wlSUB(I),I=1,21)",1,"'11'","character",,"11","38548071d5aa652bb90c7f111f86b427f798a1c9"
"f_ingy.f",80,82,"SHP_C2","(wlSUB(I),I=1,21)",2,"'11'","character",,"11","38548071d5aa652bb90c7f111f86b427f798a1c9"
"f_ingy.f",80,82,"SHP_C2","(wlSUB(I),I=1,21)",3,"'11'","character",,"11","38548071d5aa652bb90c7f111f86b427f798a1c9"
"f_ingy.f",80,82,"SHP_C2","(wlSUB(I),I=1,21)",4,"'12'","character",,"12","38548071d5aa652bb90c7f111f86b427f798a1c9"
"f_ingy.f",80,82,"SHP_C2","(wlSUB(I),I=1,21)",5,"'12'","character",,"12","38548071d5aa652bb90c7f111f86b427f798a1c9"
"f_ingy.f",80,82,"SHP_C2","(wlSUB(I),I=1,21)",6,"'12'","character",,"12","38548071d5aa652bb90c7f111f86b427f798a1c9"
"f_ingy.f",80,82,"SHP_C2","(wlSUB(I),I=1,21)",7,"'13'","character",,"13","38548071d5aa652bb90c7f111f86b427f798a1c9"
"f_ingy.f",80,82,"SHP_C2","(wlSUB(I),I=1,21)",8,"'13'","character",,"13","38548071d5aa652bb90c7f111f86b427f798a1c9"
"f_ingy.f",80,82,"SHP_C2","(wlSUB(I),I=1,21)",9,"'13'","character",,"13","38548071d5aa652bb90c7f111f86b427f798a1c9"
"f_ingy.f",80,82,"SHP_C2","(wlSUB(I),I=1,21)",10,"'14'","character",,"14","38548071d5aa652bb90c7f111f86b427f798a1c9"
"f_ingy.f",80,82,"SHP_C2","(wlSUB(I),I=1,21)",11,"'14'","character",,"14","38548071d5aa652bb90c7f111f86b427f798a1c9"
"f_ingy.f",80,82,"SHP_C2","(wlSUB(I),I=1,21)",12,"'14'","character",,"14","38548071d5aa652bb90c7f111f86b427f798a1c9"
"f_ingy.f",80,82,"SHP_C2","(wlSUB(I),I=1,21)",13,"'21'","character",,"21","38548071d5aa652bb90c7f111f86b427f798a1c9"
"f_ingy.f",80,82,"SHP_C2","(wlSUB(I),I=1,21)",14,"'21'","character",,"21","38548071d5aa652bb90c7f111f86b427f798a1c9"
"f_ingy.f",80,82,"SHP_C2","(wlSUB(I),I=1,21)",15,"'21'","character",,"21","38548071d5aa652bb90c7f111f86b427f798a1c9"
"f_ingy.f",80,82,"SHP_C2","(wlSUB(I),I=1,21)",16,"'22'","character",,"22","38548071d5aa652bb90c7f111f86b427f798a1c9"
"f_ingy.f",80,82,"SHP_C2","(wlSUB(I),I=1,21)",17,"'22'","character",,"22","38548071d5aa652bb90c7f111f86b427f798a1c9"
"f_ingy.f",80,82,"SHP_C2","(wlSUB(I),I=1,21)",18,"'22'","character",,"22","38548071d5aa652bb90c7f111f86b427f798a1c9"
"f_ingy.f",80,82,"SHP_C2","(wlSUB(I),I=1,21)",19,"'23'","character",,"23","38548071d5aa652bb90c7f111f86b427f798a1c9"
"f_ingy.f",80,82,"SHP_C2","(wlSUB(I),I=1,21)",20,"'23'","character",,"23","38548071d5aa652bb90c7f111f86b427f798a1c9"
"f_ingy.f",80,82,"SHP_C2","(wlSUB(I),I=1,21)",21,"'23'","character",,"23","38548071d5aa652bb90c7f111f86b427f798a1c9"
"f_ingy.f",85,97,"SHP_C2","(F(I,13),I=10,47)",1,"0.61910000D+00","numeric",0.6191,,"38548071d5aa652bb90c7f111f86b427f798a1c9"
"f_ingy.f",85,97,"SHP_C2","(F(I,13),I=10,47)",2,"0.62000000D+00","numeric",0.62,,"38548071d5aa652bb90c7f111f86b427f798a1c9"
"f_ingy.f",85,97,"SHP_C2","(F(I,13),I=10,47)",3,"0.11060000D-02","numeric",0.001106,,"38548071d5aa652bb90c7f111f86b427f798a1c9"
"f_ingy.f",85,97,"SHP_C2","(F(I,13),I=10,47)",4,"-0.42831232D+01","numeric",-4.2831232,,"38548071d5aa652bb90c7f111f86b427f798a1c9"
"f_ingy.f",85,97,"SHP_C2","(F(I,13),I=10,47)",5,"0.45032799D+00","numeric",0.45032799,,"38548071d5aa652bb90c7f111f86b427f798a1c9"
"f_ingy.f",85,97,"SHP_C2","(F(I,13),I=10,47)",6,"0.73614139D+00","numeric",0.73614139,,"38548071d5aa652bb90c7f111f86b427f798a1c9"
"f_ingy.f",85,97,"SHP_C2","(F(I,13),I=10,47)",7,"0.00000000D+00","numeric",0,,"38548071d5aa652bb90c7f111f86b427f798a1c9"
"f_ingy.f",85,97,"SHP_C2","(F(I,13),I=10,47)",8,"0.0","numeric",0,,"38548071d5aa652bb90c7f111f86b427f798a1c9"
"f_ingy.f",85,97,"SHP_C2","(F(I,13),I=10,47)",9,"0.00000000D+00","numeric",0,,"38548071d5aa652bb90c7f111f86b427f798a1c9"
"f_ingy.f",85,97,"SHP_C2","(F(I,13),I=10,47)",10,"0.00000000D+00","numeric",0,,"38548071d5aa652bb90c7f111f86b427f798a1c9"
"f_ingy.f",85,97,"SHP_C2","(F(I,13),I=10,47)",11,"0.00000000D+00","numeric",0,,"38548071d5aa652bb90c7f111f86b427f798a1c9"
"f_ingy.f",85,97,"SHP_C2","(F(I,13),I=10,47)",12,"0.99000000D+00","numeric",0.99,,"38548071d5aa652bb90c7f111f86b427f798a1c9"
"f_ingy.f",85,97,"SHP_C2","(F(I,13),I=10,47)",13,"0.00000000D+00","numeric",0,,"38548071d5aa652bb90c7f111f86b427f798a1c9"
"f_ingy.f",85,97,"SHP_C2","(F(I,13),I=10,47)",14,"0.00000000D+00","numeric",0,,"38548071d5aa652bb90c7f111f86b427f798a1c9"
"f_ingy.f",85,97,"SHP_C2","(F(I,13),I=10,47)",15,"0.00000000D+00","numeric",0,,"38548071d5aa652bb90c7f111f86b427f798a1c9"
"f_ingy.f",85,97,"SHP_C2","(F(I,13),I=10,47)",16,"-0.29863381D+00","numeric",-0.29863381,,"38548071d5aa652bb90c7f111f86b427f798a1c9"
"f_ingy.f",85,97,"SHP_C2","(F(I,13),I=10,47)",17,"-0.82225003D+00","numeric",-0.82225003,,"38548071d5aa652bb90c7f111f86b427f798a1c9"
"f_ingy.f",85,97,"SHP_C2","(F(I,13),I=10,47)",18,"-0.27240416D+01","numeric",-2.7240416,,"38548071d5aa652bb90c7f111f86b427f798a1c9"
"f_ingy.f",85,97,"SHP_C2","(F(I,13),I=10,47)",19,"0.67657190D+00","numeric",0.6765719,,"38548071d5aa652bb90c7f111f86b427f798a1c9"
"f_ingy.f",85,97,"SHP_C2","(F(I,13),I=10,47)",20,"0.16919024D+02","numeric",16.919024,,"38548071d5aa652bb90c7f111f86b427f798a1c9"
"f_ingy.f",85,97,"SHP_C2","(F(I,13),I=10,47)",21,"-0.61079274D+01","numeric",-6.1079274,,"38548071d5aa652bb90c7f111f86b427f798a1c9"
"f_ingy.f",85,97,"SHP_C2","(F(I,13),I=10,47)",22,"-0.45921161D+01","numeric",-4.5921161,,"38548071d5aa652bb90c7f111f86b427f798a1c9"
"f_ingy.f",85,97,"SHP_C2","(F(I,13),I=10,47)",23,"0.12145862D+01","numeric",1.2145862,,"38548071d5aa652bb90c7f111f86b427f798a1c9"
"f_ingy.f",85,97,"SHP_C2","(F(I,13),I=10,47)",24,"0.64609717D-01","numeric",0.064609717,,"38548071d5aa652bb90c7f111f86b427f798a1c9"
"f_ingy.f",85,97,"SHP_C2","(F(I,13),I=10,47)",25,"0.28820208D+01","numeric",2.8820208,,"38548071d5aa652bb90c7f111f86b427f798a1c9"
"f_ingy.f",85,97,"SHP_C2","(F(I,13),I=10,47)",26,"0.65046828D+01","numeric",6.5046828,,"38548071d5aa652bb90c7f111f86b427f798a1c9"
"f_ingy.f",85,97,"SHP_C2","(F(I,13),I=10,47)",27,"-0.88466758D+00","numeric",-0.88466758,,"38548071d5aa652bb90c7f111f86b427f798a1c9"
"f_ingy.f",85,97,"SHP_C2","(F(I,13),I=10,47)",28,"-0.10711229D+01","numeric",-1.0711229,,"38548071d5aa652bb90c7f111f86b427f798a1c9"
"f_ingy.f",85,97,"SHP_C2","(F(I,13),I=10,47)",29,"-0.70000000D+01","numeric",-7,,"38548071d5aa652bb90c7f111f86b427f798a1c9"
"f_ingy.f",85,97,"SHP_C2","(F(I,13),I=10,47)",30,"0.00000000D+00","numeric",0,,"38548071d5aa652bb90c7f111f86b427f798a1c9"
"f_ingy.f",85,97,"SHP_C2","(F(I,13),I=10,47)",31,"0.00000000D+00","numeric",0,,"38548071d5aa652bb90c7f111f86b427f798a1c9"
"f_ingy.f",85,97,"SHP_C2","(F(I,13),I=10,47)",32,"0.00000000D+00","numeric",0,,"38548071d5aa652bb90c7f111f86b427f798a1c9"
"f_ingy.f",85,97,"SHP_C2","(F(I,13),I=10,47)",33,"0.70100000D+01","numeric",7.01,,"38548071d5aa652bb90c7f111f86b427f798a1c9"
"f_ingy.f",85,97,"SHP_C2","(F(I,13),I=10,47)",34,"0.00000000D+00","numeric",0,,"38548071d5aa652bb90c7f111f86b427f798a1c9"
"f_ingy.f",85,97,"SHP_C2","(F(I,13),I=10,47)",35,"0.0","numeric",0,,"38548071d5aa652bb90c7f111f86b427f798a1c9"
"f_ingy.f",85,97,"SHP_C2","(F(I,13),I=10,47)",36,"0.11283420D+01","numeric",1.128342,,"38548071d5aa652bb90c7f111f86b427f798a1c9"
"f_ingy.f",85,97,"SHP_C2","(F(I,13),I=10,47)",37,"0.00000000D+00","numeric",0,,"38548071d5aa652bb90c7f111f86b427f798a1c9"
"f_ingy.f",85,97,"SHP_C2","(F(I,13),I=10,47)",38,"0.00000000D+00","numeric",0,,"38548071d5aa652bb90c7f111f86b427f798a1c9"
"f_ingy.f",99,100,"SHP_C2","(GFSUBF(I),I=1,14)",1,"25","numeric",25,,"38548071d5aa652bb90c7f111f86b427f798a1c9"
"f_ingy.f",99,100,"SHP_C2","(GFSUBF(I),I=1,14)",2,"34","numeric",34,,"38548071d5aa652bb90c7f111f86b427f798a1c9"
"f_ingy.f",99,100,"SHP_C2","(GFSUBF(I),I=1,14)",3,"25","numeric",25,,"38548071d5aa652bb90c7f111f86b427f798a1c9"
"f_ingy.f",99,100,"SHP_C2","(GFSUBF(I),I=1,14)",4,"34","numeric",34,,"38548071d5aa652bb90c7f111f86b427f798a1c9"
"f_ingy.f",99,100,"SHP_C2","(GFSUBF(I),I=1,14)",5,"25","numeric",25,,"38548071d5aa652bb90c7f111f86b427f798a1c9"
"f_ingy.f",99,100,"SHP_C2","(GFSUBF(I),I=1,14)",6,"34","numeric",34,,"38548071d5aa652bb90c7f111f86b427f798a1c9"
"f_ingy.f",99,100,"SHP_C2","(GFSUBF(I),I=1,14)",7,"25","numeric",25,,"38548071d5aa652bb90c7f111f86b427f798a1c9"
"f_ingy.f",99,100,"SHP_C2","(GFSUBF(I),I=1,14)",8,"34","numeric",34,,"38548071d5aa652bb90c7f111f86b427f798a1c9"
"f_ingy.f",99,100,"SHP_C2","(GFSUBF(I),I=1,14)",9,"0","numeric",0,,"38548071d5aa652bb90c7f111f86b427f798a1c9"
"f_ingy.f",99,100,"SHP_C2","(GFSUBF(I),I=1,14)",10,"0","numeric",0,,"38548071d5aa652bb90c7f111f86b427f798a1c9"
"f_ingy.f",99,100,"SHP_C2","(GFSUBF(I),I=1,14)",11,"0","numeric",0,,"38548071d5aa652bb90c7f111f86b427f798a1c9"
"f_ingy.f",99,100,"SHP_C2","(GFSUBF(I),I=1,14)",12,"0","numeric",0,,"38548071d5aa652bb90c7f111f86b427f798a1c9"
"f_ingy.f",99,100,"SHP_C2","(GFSUBF(I),I=1,14)",13,"0","numeric",0,,"38548071d5aa652bb90c7f111f86b427f798a1c9"
"f_ingy.f",99,100,"SHP_C2","(GFSUBF(I),I=1,14)",14,"0","numeric",0,,"38548071d5aa652bb90c7f111f86b427f798a1c9"
"f_ingy.f",101,102,"SHP_C2","(GFSUBC(I),I=1,14)",1,"0.1155","numeric",0.1155,,"38548071d5aa652bb90c7f111f86b427f798a1c9"
"f_ingy.f",101,102,"SHP_C2","(GFSUBC(I),I=1,14)",2,"3.4515","numeric",3.4515,,"38548071d5aa652bb90c7f111f86b427f798a1c9"
"f_ingy.f",101,102,"SHP_C2","(GFSUBC(I),I=1,14)",3,"-0.3523","numeric",-0.3523,,"38548071d5aa652bb90c7f111f86b427f798a1c9"
"f_ingy.f",101,102,"SHP_C2","(GFSUBC(I),I=1,14)",4,"2.7100","numeric",2.71,,"38548071d5aa652bb90c7f111f86b427f798a1c9"
"f_ingy.f",101,102,"SHP_C2","(GFSUBC(I),I=1,14)",5,"-0.5377","numeric",-0.5377,,"38548071d5aa652bb90c7f111f86b427f798a1c9"
"f_ingy.f",101,102,"SHP_C2","(GFSUBC(I),I=1,14)",6,"2.3612","numeric",2.3612,,"38548071d5aa652bb90c7f111f86b427f798a1c9"
"f_ingy.f",101,102,"SHP_C2","(GFSUBC(I),I=1,14)",7,"-0.4220","numeric",-0.422,,"38548071d5aa652bb90c7f111f86b427f798a1c9"
"f_ingy.f",101,102,"SHP_C2","(GFSUBC(I),I=1,14)",8,"3.0112","numeric",3.0112,,"38548071d5aa652bb90c7f111f86b427f798a1c9"
"f_ingy.f",101,102,"SHP_C2","(GFSUBC(I),I=1,14)",9,"0.0","numeric",0,,"38548071d5aa652bb90c7f111f86b427f798a1c9"
"f_ingy.f",101,102,"SHP_C2","(GFSUBC(I),I=1,14)",10,"0.0","numeric",0,,"38548071d5aa652bb90c7f111f86b427f798a1c9"
"f_ingy.f",101,102,"SHP_C2","(GFSUBC(I),I=1,14)",11,"0.0","numeric",0,,"38548071d5aa652bb90c7f111f86b427f798a1c9"
"f_ingy.f",101,102,"SHP_C2","(GFSUBC(I),I=1,14)",12,"0.0","numeric",0,,"38548071d5aa652bb90c7f111f86b427f798a1c9"
"f_ingy.f",101,102,"SHP_C2","(GFSUBC(I),I=1,14)",13,"0.0","numeric",0,,"38548071d5aa652bb90c7f111f86b427f798a1c9"
"f_ingy.f",101,102,"SHP_C2","(GFSUBC(I),I=1,14)",14,"0.0","numeric",0,,"38548071d5aa652bb90c7f111f86b427f798a1c9"
"f_ingy.f",104,105,"SHP_C2","(GFSUB(I),I=1,14)",1,"'11'","character",,"11","38548071d5aa652bb90c7f111f86b427f798a1c9"
"f_ingy.f",104,105,"SHP_C2","(GFSUB(I),I=1,14)",2,"'11'","character",,"11","38548071d5aa652bb90c7f111f86b427f798a1c9"
"f_ingy.f",104,105,"SHP_C2","(GFSUB(I),I=1,14)",3,"'12'","character",,"12","38548071d5aa652bb90c7f111f86b427f798a1c9"
"f_ingy.f",104,105,"SHP_C2","(GFSUB(I),I=1,14)",4,"'12'","character",,"12","38548071d5aa652bb90c7f111f86b427f798a1c9"
"f_ingy.f",104,105,"SHP_C2","(GFSUB(I),I=1,14)",5,"'13'","character",,"13","38548071d5aa652bb90c7f111f86b427f798a1c9"
"f_ingy.f",104,105,"SHP_C2","(GFSUB(I),I=1,14)",6,"'13'","character",,"13","38548071d5aa652bb90c7f111f86b427f798a1c9"
"f_ingy.f",104,105,"SHP_C2","(GFSUB(I),I=1,14)",7,"'14'","character",,"14","38548071d5aa652bb90c7f111f86b427f798a1c9"
"f_ingy.f",104,105,"SHP_C2","(GFSUB(I),I=1,14)",8,"'14'","character",,"14","38548071d5aa652bb90c7f111f86b427f798a1c9"
"f_ingy.f",104,105,"SHP_C2","(GFSUB(I),I=1,14)",9,"'0'","character",,"0","38548071d5aa652bb90c7f111f86b427f798a1c9"
"f_ingy.f",104,105,"SHP_C2","(GFSUB(I),I=1,14)",10,"'0'","character",,"0","38548071d5aa652bb90c7f111f86b427f798a1c9"
"f_ingy.f",104,105,"SHP_C2","(GFSUB(I),I=1,14)",11,"'0'","character",,"0","38548071d5aa652bb90c7f111f86b427f798a1c9"
"f_ingy.f",104,105,"SHP_C2","(GFSUB(I),I=1,14)",12,"'0'","character",,"0","38548071d5aa652bb90c7f111f86b427f798a1c9"
"f_ingy.f",104,105,"SHP_C2","(GFSUB(I),I=1,14)",13,"'0'","character",,"0","38548071d5aa652bb90c7f111f86b427f798a1c9"
"f_ingy.f",104,105,"SHP_C2","(GFSUB(I),I=1,14)",14,"'0'","character",,"0","38548071d5aa652bb90c7f111f86b427f798a1c9"
"f_ingy.f",108,120,"SHP_C2","(F(I,14),I=10,47)",1,"0.60780000D+00","numeric",0.6078,,"38548071d5aa652bb90c7f111f86b427f798a1c9"
"f_ingy.f",108,120,"SHP_C2","(F(I,14),I=10,47)",2,"0.68530000D+00","numeric",0.6853,,"38548071d5aa652bb90c7f111f86b427f798a1c9"
"f_ingy.f",108,120,"SHP_C2","(F(I,14),I=10,47)",3,"0.89600000D-03","numeric",0.000896,,"38548071d5aa652bb90c7f111f86b427f798a1c9"
"f_ingy.f",108,120,"SHP_C2","(F(I,14),I=10,47)",4,"0.23497863D+00","numeric",0.23497863,,"38548071d5aa652bb90c7f111f86b427f798a1c9"
"f_ingy.f",108,120,"SHP_C2","(F(I,14),I=10,47)",5,"-0.49304350D+00","numeric",-0.4930435,,"38548071d5aa652bb90c7f111f86b427f798a1c9"
"f_ingy.f",108,120,"SHP_C2","(F(I,14),I=10,47)",6,"-0.40653847D+00","numeric",-0.40653847,,"38548071d5aa652bb90c7f111f86b427f798a1c9"
"f_ingy.f",108,120,"SHP_C2","(F(I,14),I=10,47)",7,"0.20354301D+00","numeric",0.20354301,,"38548071d5aa652bb90c7f111f86b427f798a1c9"
"f_ingy.f",108,120,"SHP_C2","(F(I,14),I=10,47)",8,"0.0","numeric",0,,"38548071d5aa652bb90c7f111f86b427f798a1c9"
"f_ingy.f",108,120,"SHP_C2","(F(I,14),I=10,47)",9,"-0.51250474D+02","numeric",-51.250474,,"38548071d5aa652bb90c7f111f86b427f798a1c9"
"f_ingy.f",108,120,"SHP_C2","(F(I,14),I=10,47)",10,"0.10000000D+02","numeric",10,,"38548071d5aa652bb90c7f111f86b427f798a1c9"
"f_ingy.f",108,120,"SHP_C2","(F(I,14),I=10,47)",11,"0.10000000D+02","numeric",10,,"38548071d5aa652bb90c7f111f86b427f798a1c9"
"f_ingy.f",108,120,"SHP_C2","(F(I,14),I=10,47)",12,"0.99000000D+00","numeric",0.99,,"38548071d5aa652bb90c7f111f86b427f798a1c9"
"f_ingy.f",108,120,"SHP_C2","(F(I,14),I=10,47)",13,"0.00000000D+00","numeric",0,,"38548071d5aa652bb90c7f111f86b427f798a1c9"
"f_ingy.f",108,120,"SHP_C2","(F(I,14),I=10,47)",14,"0.0","numeric",0,,"38548071d5aa652bb90c7f111f86b427f798a1c9"
"f_ingy.f",108,120,"SHP_C2","(F(I,14),I=10,47)",15,"0.0","numeric",0,,"38548071d5aa652bb90c7f111f86b427f798a1c9"
"f_ingy.f",108,120,"SHP_C2","(F(I,14),I=10,47)",16,"0.31515199D+01","numeric",3.1515199,,"38548071d5aa652bb90c7f111f86b427f798a1c9"
"f_ingy.f",108,120,"SHP_C2","(F(I,14),I=10,47)",17,"-0.15821358D+01","numeric",-1.5821358,,"38548071d5aa652bb90c7f111f86b427f798a1c9"
"f_ingy.f",108,120,"SHP_C2","(F(I,14),I=10,47)",18,"-0.78226363D+00","numeric",-0.78226363,,"38548071d5aa652bb90c7f111f86b427f798a1c9"
"f_ingy.f",108,120,"SHP_C2","(F(I,14),I=10,47)",19,"0.20572640D+00","numeric",0.2057264,,"38548071d5aa652bb90c7f111f86b427f798a1c9"
"f_ingy.f",108,120,"SHP_C2","(F(I,14),I=10,47)",20,"0.70000000D+01","numeric",7,,"38548071d5aa652bb90c7f111f86b427f798a1c9"
"f_ingy.f",108,120,"SHP_C2","(F(I,14),I=10,47)",21,"0.00000000D+00","numeric",0,,"38548071d5aa652bb90c7f111f86b427f798a1c9"
"f_ingy.f",108,120,"SHP_C2","(F(I,14),I=10,47)",22,"-0.21733814D+01","numeric",-2.1733814,,"38548071d5aa652bb90c7f111f86b427f798a1c9"
"f_ingy.f",108,120,"SHP_C2","(F(I,14),I=10,47)",23,"0.00000000D+00","numeric",0,,"38548071d5aa652bb90c7f111f86b427f798a1c9"
"f_ingy.f",108,120,"SHP_C2","(F(I,14),I=10,47)",24,"0.00000000D+00","numeric",0,,"38548071d5aa652bb90c7f111f86b427f798a1c9"
"f_ingy.f",108,120,"SHP_C2","(F(I,14),I=10,47)",25,"0.16232866D+01","numeric",1.6232866,,"38548071d5aa652bb90c7f111f86b427f798a1c9"
"f_ingy.f",108,120,"SHP_C2","(F(I,14),I=10,47)",26,"0.28274701D+01","numeric",2.8274701,,"38548071d5aa652bb90c7f111f86b427f798a1c9"
"f_ingy.f",108,120,"SHP_C2","(F(I,14),I=10,47)",27,"-0.61473990D+00","numeric",-0.6147399,,"38548071d5aa652bb90c7f111f86b427f798a1c9"
"f_ingy.f",108,120,"SHP_C2","(F(I,14),I=10,47)",28,"-0.43899912D+00","numeric",-0.43899912,,"38548071d5aa652bb90c7f111f86b427f798a1c9"
"f_ingy.f",108,120,"SHP_C2","(F(I,14),I=10,47)",29,"-0.70000000D+01","numeric",-7,,"38548071d5aa652bb90c7f111f86b427f798a1c9"
"f_ingy.f",108,120,"SHP_C2","(F(I,14),I=10,47)",30,"0.00000000D+00","numeric",0,,"38548071d5aa652bb90c7f111f86b427f798a1c9"
"f_ingy.f",108,120,"SHP_C2","(F(I,14),I=10,47)",31,"0.00000000D+00","numeric",0,,"38548071d5aa652bb90c7f111f86b427f798a1c9"
"f_ingy.f",108,120,"SHP_C2","(F(I,14),I=10,47)",32,"0.00000000D+00","numeric",0,,"38548071d5aa652bb90c7f111f86b427f798a1c9"
"f_ingy.f",108,120,"SHP_C2","(F(I,14),I=10,47)",33,"0.70100000D+01","numeric",7.01,,"38548071d5aa652bb90c7f111f86b427f798a1c9"
"f_ingy.f",108,120,"SHP_C2","(F(I,14),I=10,47)",34,"0.00000000D+00","numeric",0,,"38548071d5aa652bb90c7f111f86b427f798a1c9"
"f_ingy.f",108,120,"SHP_C2","(F(I,14),I=10,47)",35,"0.0","numeric",0,,"38548071d5aa652bb90c7f111f86b427f798a1c9"
"f_ingy.f",108,120,"SHP_C2","(F(I,14),I=10,47)",36,"0.16016982D+01","numeric",1.6016982,,"38548071d5aa652bb90c7f111f86b427f798a1c9"
"f_ingy.f",108,120,"SHP_C2","(F(I,14),I=10,47)",37,"0.30035441D-01","numeric",0.030035441,,"38548071d5aa652bb90c7f111f86b427f798a1c9"
"f_ingy.f",108,120,"SHP_C2","(F(I,14),I=10,47)",38,"-0.11189887D+00","numeric",-0.11189887,,"38548071d5aa652bb90c7f111f86b427f798a1c9"
"f_ingy.f",122,123,"SHP_C2","(PPSUBF(I),I=1,16)",1,"25","numeric",25,,"38548071d5aa652bb90c7f111f86b427f798a1c9"
"f_ingy.f",122,123,"SHP_C2","(PPSUBF(I),I=1,16)",2,"34","numeric",34,,"38548071d5aa652bb90c7f111f86b427f798a1c9"
"f_ingy.f",122,123,"SHP_C2","(PPSUBF(I),I=1,16)",3,"25","numeric",25,,"38548071d5aa652bb90c7f111f86b427f798a1c9"
"f_ingy.f",122,123,"SHP_C2","(PPSUBF(I),I=1,16)",4,"34","numeric",34,,"38548071d5aa652bb90c7f111f86b427f798a1c9"
"f_ingy.f",122,123,"SHP_C2","(PPSUBF(I),I=1,16)",5,"25","numeric",25,,"38548071d5aa652bb90c7f111f86b427f798a1c9"
"f_ingy.f",122,123,"SHP_C2","(PPSUBF(I),I=1,16)",6,"34","numeric",34,,"38548071d5aa652bb90c7f111f86b427f798a1c9"
"f_ingy.f",122,123,"SHP_C2","(PPSUBF(I),I=1,16)",7,"25","numeric",25,,"38548071d5aa652bb90c7f111f86b427f798a1c9"
"f_ingy.f",122,123,"SHP_C2","(PPSUBF(I),I=1,16)",8,"34","numeric",34,,"38548071d5aa652bb90c7f111f86b427f798a1c9"
"f_ingy.f",122,123,"SHP_C2","(PPSUBF(I),I=1,16)",9,"25","numeric",25,,"38548071d5aa652bb90c7f111f86b427f798a1c9"
"f_ingy.f",122,123,"SHP_C2","(PPSUBF(I),I=1,16)",10,"34","numeric",34,,"38548071d5aa652bb90c7f111f86b427f798a1c9"
"f_ingy.f",122,123,"SHP_C2","(PPSUBF(I),I=1,16)",11,"25","numeric",25,,"38548071d5aa652bb90c7f111f86b427f798a1c9"
"f_ingy.f",122,123,"SHP_C2","(PPSUBF(I),I=1,16)",12,"34","numeric",34,,"38548071d5aa652bb90c7f111f86b427f798a1c9"
"f_ingy.f",122,123,"SHP_C2","(PPSUBF(I),I=1,16)",13,"25","numeric",25,,"38548071d5aa652bb90c7f111f86b427f798a1c9"
"f_ingy.f",122,123,"SHP_C2","(PPSUBF(I),I=1,16)",14,"34","numeric",34,,"38548071d5aa652bb90c7f111f86b427f798a1c9"
"f_ingy.f",122,123,"SHP_C2","(PPSUBF(I),I=1,16)",15,"25","numeric",25,,"38548071d5aa652bb90c7f111f86b427f798a1c9"
"f_ingy.f",122,123,"SHP_C2","(PPSUBF(I),I=1,16)",16,"34","numeric",34,,"38548071d5aa652bb90c7f111f86b427f798a1c9"
"f_ingy.f",125,127,"SHP_C2","(PPSUBC(I),I=1,16)",1,"3.1502","numeric",3.1502,,"38548071d5aa652bb90c7f111f86b427f798a1c9"
"f_ingy.f",125,127,"SHP_C2","(PPSUBC(I),I=1,16)",2,"1.7744","numeric",1.7744,,"38548071d5aa652bb90c7f111f86b427f798a1c9"
"f_ingy.f",125,127,"SHP_C2","(PPSUBC(I),I=1,16)",3,"3.1656","numeric",3.1656,,"38548071d5aa652bb90c7f111f86b427f798a1c9"
"f_ingy.f",125,127,"SHP_C2","(PPSUBC(I),I=1,16)",4,"1.5816","numeric",1.5816,,"38548071d5aa652bb90c7f111f86b427f798a1c9"
"f_ingy.f",125,127,"SHP_C2","(PPSUBC(I),I=1,16)",5,"3.2769","numeric",3.2769,,"38548071d5aa652bb90c7f111f86b427f798a1c9"
"f_ingy.f",125,127,"SHP_C2","(PPSUBC(I),I=1,16)",6,"1.7373","numeric",1.7373,,"38548071d5aa652bb90c7f111f86b427f798a1c9"
"f_ingy.f",125,127,"SHP_C2","(PPSUBC(I),I=1,16)",7,"3.2767","numeric",3.2767,,"38548071d5aa652bb90c7f111f86b427f798a1c9"
"f_ingy.f",125,127,"SHP_C2","(PPSUBC(I),I=1,16)",8,"1.6983","numeric",1.6983,,"38548071d5aa652bb90c7f111f86b427f798a1c9"
"f_ingy.f",125,127,"SHP_C2","(PPSUBC(I),I=1,16)",9,"3.2245252","numeric",3.2245252,,"38548071d5aa652bb90c7f111f86b427f798a1c9"
"f_ingy.f",125,127,"SHP_C2","(PPSUBC(I),I=1,16)",10,"1.6981343","numeric",1.6981343,,"38548071d5aa652bb90c7f111f86b427f798a1c9"
"f_ingy.f",125,127,"SHP_C2","(PPSUBC(I),I=1,16)",11,"2.9407","numeric",2.9407,,"38548071d5aa652bb90c7f111f86b427f798a1c9"
"f_ingy.f",125,127,"SHP_C2","(PPSUBC(I),I=1,16)",12,"1.3921","numeric",1.3921,,"38548071d5aa652bb90c7f111f86b427f798a1c9"
"f_ingy.f",125,127,"SHP_C2","(PPSUBC(I),I=1,16)",13,"2.9407","numeric",2.9407,,"38548071d5aa652bb90c7f111f86b427f798a1c9"
"f_ingy.f",125,127,"SHP_C2","(PPSUBC(I),I=1,16)",14,"1.3921","numeric",1.3921,,"38548071d5aa652bb90c7f111f86b427f798a1c9"
"f_ingy.f",125,127,"SHP_C2","(PPSUBC(I),I=1,16)",15,"2.9407","numeric",2.9407,,"38548071d5aa652bb90c7f111f86b427f798a1c9"
"f_ingy.f",125,127,"SHP_C2","(PPSUBC(I),I=1,16)",16,"1.3921","numeric",1.3921,,"38548071d5aa652bb90c7f111f86b427f798a1c9"
"f_ingy.f",129,130,"SHP_C2","(PPSUB(I),I=1,16)",1,"'11'","character",,"11","38548071d5aa652bb90c7f111f86b427f798a1c9"
"f_ingy.f",129,130,"SHP_C2","(PPSUB(I),I=1,16)",2,"'11'","character",,"11","38548071d5aa652bb90c7f111f86b427f798a1c9"
"f_ingy.f",129,130,"SHP_C2","(PPSUB(I),I=1,16)",3,"'12'","character",,"12","38548071d5aa652bb90c7f111f86b427f798a1c9"
"f_ingy.f",129,130,"SHP_C2","(PPSUB(I),I=1,16)",4,"'12'","character",,"12","38548071d5aa652bb90c7f111f86b427f798a1c9"
"f_ingy.f",129,130,"SHP_C2","(PPSUB(I),I=1,16)",5,"'13'","character",,"13","38548071d5aa652bb90c7f111f86b427f798a1c9"
"f_ingy.f",129,130,"SHP_C2","(PPSUB(I),I=1,16)",6,"'13'","character",,"13","38548071d5aa652bb90c7f111f86b427f798a1c9"
"f_ingy.f",129,130,"SHP_C2","(PPSUB(I),I=1,16)",7,"'14'","character",,"14","38548071d5aa652bb90c7f111f86b427f798a1c9"
"f_ingy.f",129,130,"SHP_C2","(PPSUB(I),I=1,16)",8,"'14'","character",,"14","38548071d5aa652bb90c7f111f86b427f798a1c9"
"f_ingy.f",129,130,"SHP_C2","(PPSUB(I),I=1,16)",9,"'15'","character",,"15","38548071d5aa652bb90c7f111f86b427f798a1c9"
"f_ingy.f",129,130,"SHP_C2","(PPSUB(I),I=1,16)",10,"'15'","character",,"15","38548071d5aa652bb90c7f111f86b427f798a1c9"
"f_ingy.f",129,130,"SHP_C2","(PPSUB(I),I=1,16)",11,"'21'","character",,"21","38548071d5aa652bb90c7f111f86b427f798a1c9"
"f_ingy.f",129,130,"SHP_C2","(PPSUB(I),I=1,16)",12,"'21'","character",,"21","38548071d5aa652bb90c7f111f86b427f798a1c9"
"f_ingy.f",129,130,"SHP_C2","(PPSUB(I),I=1,16)",13,"'22'","character",,"22","38548071d5aa652bb90c7f111f86b427f798a1c9"
"f_ingy.f",129,130,"SHP_C2","(PPSUB(I),I=1,16)",14,"'22'","character",,"22","38548071d5aa652bb90c7f111f86b427f798a1c9"
"f_ingy.f",129,130,"SHP_C2","(PPSUB(I),I=1,16)",15,"'23'","character",,"23","38548071d5aa652bb90c7f111f86b427f798a1c9"
"f_ingy.f",129,130,"SHP_C2","(PPSUB(I),I=1,16)",16,"'23'","character",,"23","38548071d5aa652bb90c7f111f86b427f798a1c9"
"f_ingy.f",133,145,"SHP_C2","(F(I,15),I=10,47)",1,"0.27880000D+00","numeric",0.2788,,"38548071d5aa652bb90c7f111f86b427f798a1c9"
"f_ingy.f",133,145,"SHP_C2","(F(I,15),I=10,47)",2,"0.80570000D+00","numeric",0.8057,,"38548071d5aa652bb90c7f111f86b427f798a1c9"
"f_ingy.f",133,145,"SHP_C2","(F(I,15),I=10,47)",3,"0.60300000D-03","numeric",0.000603,,"38548071d5aa652bb90c7f111f86b427f798a1c9"
"f_ingy.f",133,145,"SHP_C2","(F(I,15),I=10,47)",4,"-0.32297770D+01","numeric",-3.229777,,"38548071d5aa652bb90c7f111f86b427f798a1c9"
"f_ingy.f",133,145,"SHP_C2","(F(I,15),I=10,47)",5,"0.29066903D+00","numeric",0.29066903,,"38548071d5aa652bb90c7f111f86b427f798a1c9"
"f_ingy.f",133,145,"SHP_C2","(F(I,15),I=10,47)",6,"0.00000000D+00","numeric",0,,"38548071d5aa652bb90c7f111f86b427f798a1c9"
"f_ingy.f",133,145,"SHP_C2","(F(I,15),I=10,47)",7,"0.30000000D+00","numeric",0.3,,"38548071d5aa652bb90c7f111f86b427f798a1c9"
"f_ingy.f",133,145,"SHP_C2","(F(I,15),I=10,47)",8,"0.0","numeric",0,,"38548071d5aa652bb90c7f111f86b427f798a1c9"
"f_ingy.f",133,145,"SHP_C2","(F(I,15),I=10,47)",9,"-0.73135235D+01","numeric",-7.3135235,,"38548071d5aa652bb90c7f111f86b427f798a1c9"
"f_ingy.f",133,145,"SHP_C2","(F(I,15),I=10,47)",10,"0.17997854D+01","numeric",1.7997854,,"38548071d5aa652bb90c7f111f86b427f798a1c9"
"f_ingy.f",133,145,"SHP_C2","(F(I,15),I=10,47)",11,"-0.46687141D+01","numeric",-4.6687141,,"38548071d5aa652bb90c7f111f86b427f798a1c9"
"f_ingy.f",133,145,"SHP_C2","(F(I,15),I=10,47)",12,"0.99000000D+00","numeric",0.99,,"38548071d5aa652bb90c7f111f86b427f798a1c9"
"f_ingy.f",133,145,"SHP_C2","(F(I,15),I=10,47)",13,"0.00000000D+00","numeric",0,,"38548071d5aa652bb90c7f111f86b427f798a1c9"
"f_ingy.f",133,145,"SHP_C2","(F(I,15),I=10,47)",14,"0.0","numeric",0,,"38548071d5aa652bb90c7f111f86b427f798a1c9"
"f_ingy.f",133,145,"SHP_C2","(F(I,15),I=10,47)",15,"0.0","numeric",0,,"38548071d5aa652bb90c7f111f86b427f798a1c9"
"f_ingy.f",133,145,"SHP_C2","(F(I,15),I=10,47)",16,"-0.39880859D+01","numeric",-3.9880859,,"38548071d5aa652bb90c7f111f86b427f798a1c9"
"f_ingy.f",133,145,"SHP_C2","(F(I,15),I=10,47)",17,"0.00000000D+00","numeric",0,,"38548071d5aa652bb90c7f111f86b427f798a1c9"
"f_ingy.f",133,145,"SHP_C2","(F(I,15),I=10,47)",18,"0.13488046D+00","numeric",0.13488046,,"38548071d5aa652bb90c7f111f86b427f798a1c9"
"f_ingy.f",133,145,"SHP_C2","(F(I,15),I=10,47)",19,"0.00000000D+00","numeric",0,,"38548071d5aa652bb90c7f111f86b427f798a1c9"
"f_ingy.f",133,145,"SHP_C2","(F(I,15),I=10,47)",20,"-0.22454794D+01","numeric",-2.2454794,,"38548071d5aa652bb90c7f111f86b427f798a1c9"
"f_ingy.f",133,145,"SHP_C2","(F(I,15),I=10,47)",21,"-0.89091796D+01","numeric",-8.9091796,,"38548071d5aa652bb90c7f111f86b427f798a1c9"
"f_ingy.f",133,145,"SHP_C2","(F(I,15),I=10,47)",22,"0.24904793D-03","numeric",0.00024904793,,"38548071d5aa652bb90c7f111f86b427f798a1c9"
"f_ingy.f",133,145,"SHP_C2","(F(I,15),I=10,47)",23,"0.26158442D+01","numeric",2.6158442,,"38548071d5aa652bb90c7f111f86b427f798a1c9"
"f_ingy.f",133,145,"SHP_C2","(F(I,15),I=10,47)",24,"-0.14388585D+00","numeric",-0.14388585,,"38548071d5aa652bb90c7f111f86b427f798a1c9"
"f_ingy.f",133,145,"SHP_C2","(F(I,15),I=10,47)",25,"0.54543027D+00","numeric",0.54543027,,"38548071d5aa652bb90c7f111f86b427f798a1c9"
"f_ingy.f",133,145,"SHP_C2","(F(I,15),I=10,47)",26,"0.10461105D+01","numeric",1.0461105,,"38548071d5aa652bb90c7f111f86b427f798a1c9"
"f_ingy.f",133,145,"SHP_C2","(F(I,15),I=10,47)",27,"-0.17766248D+01","numeric",-1.7766248,,"38548071d5aa652bb90c7f111f86b427f798a1c9"
"f_ingy.f",133,145,"SHP_C2","(F(I,15),I=10,47)",28,"-0.46411162D-01","numeric",-0.046411162,,"38548071d5aa652bb90c7f111f86b427f798a1c9"
"f_ingy.f",133,145,"SHP_C2","(F(I,15),I=10,47)",29,"-0.70000000D+01","numeric",-7,,"38548071d5aa652bb90c7f111f86b427f798a1c9"
"f_ingy.f",133,145,"SHP_C2","(F(I,15),I=10,47)",30,"0.00000000D+00","numeric",0,,"38548071d5aa652bb90c7f111f86b427f798a1c9"
"f_ingy.f",133,145,"SHP_C2","(F(I,15),I=10,47)",31,"0.00000000D+00","numeric",0,,"38548071d5aa652bb90c7f111f86b427f798a1c9"
"f_ingy.f",133,145,"SHP_C2","(F(I,15),I=10,47)",32,"0.00000000D+00","numeric",0,,"38548071d5aa652bb90c7f111f86b427f798a1c9"
"f_ingy.f",133,145,"SHP_C2","(F(I,15),I=10,47)",33,"0.71000000D+01","numeric",7.1,,"38548071d5aa652bb90c7f111f86b427f798a1c9"
"f_ingy.f",133,145,"SHP_C2","(F(I,15),I=10,47)",34,"0.00000000D+00","numeric",0,,"38548071d5aa652bb90c7f111f86b427f798a1c9"
"f_ingy.f",133,145,"SHP_C2","(F(I,15),I=10,47)",35,"0.0","numeric",0,,"38548071d5aa652bb90c7f111f86b427f798a1c9"
"f_ingy.f",133,145,"SHP_C2","(F(I,15),I=10,47)",36,"0.10483171D+01","numeric",1.0483171,,"38548071d5aa652bb90c7f111f86b427f798a1c9"
"f_ingy.f",133,145,"SHP_C2","(F(I,15),I=10,47)",37,"0.00000000D+00","numeric",0,,"38548071d5aa652bb90c7f111f86b427f798a1c9"
"f_ingy.f",133,145,"SHP_C2","(F(I,15),I=10,47)",38,"0.00000000D+00","numeric",0,,"38548071d5aa652bb90c7f111f86b427f798a1c9"
"f_ingy.f",148,160,"SHP_C2","(F(I,16),I=10,47)",1,"0.12003000D+01","numeric",1.2003,,"38548071d5aa652bb90c7f111f86b427f798a1c9"
"f_ingy.f",148,160,"SHP_C2","(F(I,16),I=10,47)",2,"0.38370000D+00","numeric",0.3837,,"38548071d5aa652bb90c7f111f86b427f798a1c9"
"f_ingy.f",148,160,"SHP_C2","(F(I,16),I=10,47)",3,"0.23610000D-02","numeric",0.002361,,"38548071d5aa652bb90c7f111f86b427f798a1c9"
"f_ingy.f",148,160,"SHP_C2","(F(I,16),I=10,47)",4,"-0.13362316D+01","numeric",-1.3362316,,"38548071d5aa652bb90c7f111f86b427f798a1c9"
"f_ingy.f",148,160,"SHP_C2","(F(I,16),I=10,47)",5,"-0.76083922D-01","numeric",-0.076083922,,"38548071d5aa652bb90c7f111f86b427f798a1c9"
"f_ingy.f",148,160,"SHP_C2","(F(I,16),I=10,47)",6,"0.53689416D+00","numeric",0.53689416,,"38548071d5aa652bb90c7f111f86b427f798a1c9"
"f_ingy.f",148,160,"SHP_C2","(F(I,16),I=10,47)",7,"0.51502913D-01","numeric",0.051502913,,"38548071d5aa652bb90c7f111f86b427f798a1c9"
"f_ingy.f",148,160,"SHP_C2","(F(I,16),I=10,47)",8,"0.0","numeric",0,,"38548071d5aa652bb90c7f111f86b427f798a1c9"
"f_ingy.f",148,160,"SHP_C2","(F(I,16),I=10,47)",9,"0.12752668D+05","numeric",12752.668,,"38548071d5aa652bb90c7f111f86b427f798a1c9"
"f_ingy.f",148,160,"SHP_C2","(F(I,16),I=10,47)",10,"-0.29461345D+04","numeric",-2946.1345,,"38548071d5aa652bb90c7f111f86b427f798a1c9"
"f_ingy.f",148,160,"SHP_C2","(F(I,16),I=10,47)",11,"0.00000000D+00","numeric",0,,"38548071d5aa652bb90c7f111f86b427f798a1c9"
"f_ingy.f",148,160,"SHP_C2","(F(I,16),I=10,47)",12,"0.86133893D+00","numeric",0.86133893,,"38548071d5aa652bb90c7f111f86b427f798a1c9"
"f_ingy.f",148,160,"SHP_C2","(F(I,16),I=10,47)",13,"0.87843224D-03","numeric",0.00087843224,,"38548071d5aa652bb90c7f111f86b427f798a1c9"
"f_ingy.f",148,160,"SHP_C2","(F(I,16),I=10,47)",14,"0.00000000D+00","numeric",0,,"38548071d5aa652bb90c7f111f86b427f798a1c9"
"f_ingy.f",148,160,"SHP_C2","(F(I,16),I=10,47)",15,"-0.92557385D-01","numeric",-0.092557385,,"38548071d5aa652bb90c7f111f86b427f798a1c9"
"f_ingy.f",148,160,"SHP_C2","(F(I,16),I=10,47)",16,"-0.32607008D+01","numeric",-3.2607008,,"38548071d5aa652bb90c7f111f86b427f798a1c9"
"f_ingy.f",148,160,"SHP_C2","(F(I,16),I=10,47)",17,"-0.39778231D+00","numeric",-0.39778231,,"38548071d5aa652bb90c7f111f86b427f798a1c9"
"f_ingy.f",148,160,"SHP_C2","(F(I,16),I=10,47)",18,"0.37451942D+00","numeric",0.37451942,,"38548071d5aa652bb90c7f111f86b427f798a1c9"
"f_ingy.f",148,160,"SHP_C2","(F(I,16),I=10,47)",19,"0.00000000D+00","numeric",0,,"38548071d5aa652bb90c7f111f86b427f798a1c9"
"f_ingy.f",148,160,"SHP_C2","(F(I,16),I=10,47)",20,"-0.70000000D+01","numeric",-7,,"38548071d5aa652bb90c7f111f86b427f798a1c9"
"f_ingy.f",148,160,"SHP_C2","(F(I,16),I=10,47)",21,"-0.30300041D-01","numeric",-0.030300041,,"38548071d5aa652bb90c7f111f86b427f798a1c9"
"f_ingy.f",148,160,"SHP_C2","(F(I,16),I=10,47)",22,"0.68038910D+00","numeric",0.6803891,,"38548071d5aa652bb90c7f111f86b427f798a1c9"
"f_ingy.f",148,160,"SHP_C2","(F(I,16),I=10,47)",23,"0.00000000D+00","numeric",0,,"38548071d5aa652bb90c7f111f86b427f798a1c9"
"f_ingy.f",148,160,"SHP_C2","(F(I,16),I=10,47)",24,"0.00000000D+00","numeric",0,,"38548071d5aa652bb90c7f111f86b427f798a1c9"
"f_ingy.f",148,160,"SHP_C2","(F(I,16),I=10,47)",25,"-0.13274105D+00","numeric",-0.13274105,,"38548071d5aa652bb90c7f111f86b427f798a1c9"
"f_ingy.f",148,160,"SHP_C2","(F(I,16),I=10,47)",26,"0.63544397D+00","numeric",0.63544397,,"38548071d5aa652bb90c7f111f86b427f798a1c9"
"f_ingy.f",148,160,"SHP_C2","(F(I,16),I=10,47)",27,"-0.12987130D-01","numeric",-0.01298713,,"38548071d5aa652bb90c7f111f86b427f798a1c9"
"f_ingy.f",148,160,"SHP_C2","(F(I,16),I=10,47)",28,"0.39612037D+00","numeric",0.39612037,,"38548071d5aa652bb90c7f111f86b427f798a1c9"
"f_ingy.f",148,160,"SHP_C2","(F(I,16),I=10,47)",29,"-0.10756845D+01","numeric",-1.0756845,,"38548071d5aa652bb90c7f111f86b427f798a1c9"
"f_ingy.f",148,160,"SHP_C2","(F(I,16),I=10,47)",30,"-0.12267329D+00","numeric",-0.12267329,,"38548071d5aa652bb90c7f111f86b427f798a1c9"
"f_ingy.f",148,160,"SHP_C2","(F(I,16),I=10,47)",31,"0.00000000D+00","numeric",0,,"38548071d5aa652bb90c7f111f86b427f798a1c9"
"f_ingy.f",148,160,"SHP_C2","(F(I,16),I=10,47)",32,"0.00000000D+00","numeric",0,,"38548071d5aa652bb90c7f111f86b427f798a1c9"
"f_ingy.f",148,160,"SHP_C2","(F(I,16),I=10,47)",33,"-0.17156840D+04","numeric",-1715.684,,"38548071d5aa652bb90c7f111f86b427f798a1c9"
"f_ingy.f",148,160,"SHP_C2","(F(I,16),I=10,47)",34,"0.36000586D+03","numeric",360.00586,,"38548071d5aa652bb90c7f111f86b427f798a1c9"
"f_ingy.f",148,160,"SHP_C2","(F(I,16),I=10,47)",35,"0.0","numeric",0,,"38548071d5aa652bb90c7f111f86b427f798a1c9"
"f_ingy.f",148,160,"SHP_C2","(F(I,16),I=10,47)",36,"0.10236417D+01","numeric",1.0236417,,"38548071d5aa652bb90c7f111f86b427f798a1c9"
"f_ingy.f",148,160,"SHP_C2","(F(I,16),I=10,47)",37,"0.00000000D+00","numeric",0,,"38548071d5aa652bb90c7f111f86b427f798a1c9"
"f_ingy.f",148,160,"SHP_C2","(F(I,16),I=10,47)",38,"0.00000000D+00","numeric",0,,"38548071d5aa652bb90c7f111f86b427f798a1c9"
"f_ingy.f",163,175,"SHP_C2","(F(I,17),I=10,47)",1,"0.83820000D+00","numeric",0.8382,,"38548071d5aa652bb90c7f111f86b427f798a1c9"
"f_ingy.f",163,175,"SHP_C2","(F(I,17),I=10,47)",2,"0.51300000D+00","numeric",0.513,,"38548071d5aa652bb90c7f111f86b427f798a1c9"
"f_ingy.f",163,175,"SHP_C2","(F(I,17),I=10,47)",3,"0.16430000D-02","numeric",0.001643,,"38548071d5aa652bb90c7f111f86b427f798a1c9"
"f_ingy.f",163,175,"SHP_C2","(F(I,17),I=10,47)",4,"-0.34559297D+01","numeric",-3.4559297,,"38548071d5aa652bb90c7f111f86b427f798a1c9"
"f_ingy.f",163,175,"SHP_C2","(F(I,17),I=10,47)",5,"0.22795657D+00","numeric",0.22795657,,"38548071d5aa652bb90c7f111f86b427f798a1c9"
"f_ingy.f",163,175,"SHP_C2","(F(I,17),I=10,47)",6,"0.99130564D+00","numeric",0.99130564,,"38548071d5aa652bb90c7f111f86b427f798a1c9"
"f_ingy.f",163,175,"SHP_C2","(F(I,17),I=10,47)",7,"0.00000000D+00","numeric",0,,"38548071d5aa652bb90c7f111f86b427f798a1c9"
"f_ingy.f",163,175,"SHP_C2","(F(I,17),I=10,47)",8,"0.0","numeric",0,,"38548071d5aa652bb90c7f111f86b427f798a1c9"
"f_ingy.f",163,175,"SHP_C2","(F(I,17),I=10,47)",9,"0.78000000D+01","numeric",7.8,,"38548071d5aa652bb90c7f111f86b427f798a1c9"
"f_ingy.f",163,175,"SHP_C2","(F(I,17),I=10,47)",10,"0.00000000D+00","numeric",0,,"38548071d5aa652bb90c7f111f86b427f798a1c9"
"f_ingy.f",163,175,"SHP_C2","(F(I,17),I=10,47)",11,"0.00000000D+00","numeric",0,,"38548071d5aa652bb90c7f111f86b427f798a1c9"
"f_ingy.f",163,175,"SHP_C2","(F(I,17),I=10,47)",12,"0.60000001D+00","numeric",0.60000001,,"38548071d5aa652bb90c7f111f86b427f798a1c9"
"f_ingy.f",163,175,"SHP_C2","(F(I,17),I=10,47)",13,"0.31347634D-03","numeric",0.00031347634,,"38548071d5aa652bb90c7f111f86b427f798a1c9"
"f_ingy.f",163,175,"SHP_C2","(F(I,17),I=10,47)",14,"0.72138116D-01","numeric",0.072138116,,"38548071d5aa652bb90c7f111f86b427f798a1c9"
"f_ingy.f",163,175,"SHP_C2","(F(I,17),I=10,47)",15,"0.10068839D+00","numeric",0.10068839,,"38548071d5aa652bb90c7f111f86b427f798a1c9"
"f_ingy.f",163,175,"SHP_C2","(F(I,17),I=10,47)",16,"0.17582080D+00","numeric",0.1758208,,"38548071d5aa652bb90c7f111f86b427f798a1c9"
"f_ingy.f",163,175,"SHP_C2","(F(I,17),I=10,47)",17,"-0.74261909D+00","numeric",-0.74261909,,"38548071d5aa652bb90c7f111f86b427f798a1c9"
"f_ingy.f",163,175,"SHP_C2","(F(I,17),I=10,47)",18,"-0.53570996D+01","numeric",-5.3570996,,"38548071d5aa652bb90c7f111f86b427f798a1c9"
"f_ingy.f",163,175,"SHP_C2","(F(I,17),I=10,47)",19,"0.12300888D+01","numeric",1.2300888,,"38548071d5aa652bb90c7f111f86b427f798a1c9"
"f_ingy.f",163,175,"SHP_C2","(F(I,17),I=10,47)",20,"0.13222316D+02","numeric",13.222316,,"38548071d5aa652bb90c7f111f86b427f798a1c9"
"f_ingy.f",163,175,"SHP_C2","(F(I,17),I=10,47)",21,"0.39423648D+01","numeric",3.9423648,,"38548071d5aa652bb90c7f111f86b427f798a1c9"
"f_ingy.f",163,175,"SHP_C2","(F(I,17),I=10,47)",22,"-0.40000000D+01","numeric",-4,,"38548071d5aa652bb90c7f111f86b427f798a1c9"
"f_ingy.f",163,175,"SHP_C2","(F(I,17),I=10,47)",23,"0.00000000D+00","numeric",0,,"38548071d5aa652bb90c7f111f86b427f798a1c9"
"f_ingy.f",163,175,"SHP_C2","(F(I,17),I=10,47)",24,"0.00000000D+00","numeric",0,,"38548071d5aa652bb90c7f111f86b427f798a1c9"
"f_ingy.f",163,175,"SHP_C2","(F(I,17),I=10,47)",25,"0.21475964D+01","numeric",2.1475964,,"38548071d5aa652bb90c7f111f86b427f798a1c9"
"f_ingy.f",163,175,"SHP_C2","(F(I,17),I=10,47)",26,"-0.50787650D+01","numeric",-5.078765,,"38548071d5aa652bb90c7f111f86b427f798a1c9"
"f_ingy.f",163,175,"SHP_C2","(F(I,17),I=10,47)",27,"-0.68591807D+00","numeric",-0.68591807,,"38548071d5aa652bb90c7f111f86b427f798a1c9"
"f_ingy.f",163,175,"SHP_C2","(F(I,17),I=10,47)",28,"0.94211201D+00","numeric",0.94211201,,"38548071d5aa652bb90c7f111f86b427f798a1c9"
"f_ingy.f",163,175,"SHP_C2","(F(I,17),I=10,47)",29,"0.69986956D+01","numeric",6.9986956,,"38548071d5aa652bb90c7f111f86b427f798a1c9"
"f_ingy.f",163,175,"SHP_C2","(F(I,17),I=10,47)",30,"0.49639291D+01","numeric",4.9639291,,"38548071d5aa652bb90c7f111f86b427f798a1c9"
"f_ingy.f",163,175,"SHP_C2","(F(I,17),I=10,47)",31,"-0.16521763D+01","numeric",-1.6521763,,"38548071d5aa652bb90c7f111f86b427f798a1c9"
"f_ingy.f",163,175,"SHP_C2","(F(I,17),I=10,47)",32,"0.15802387D+00","numeric",0.15802387,,"38548071d5aa652bb90c7f111f86b427f798a1c9"
"f_ingy.f",163,175,"SHP_C2","(F(I,17),I=10,47)",33,"-0.10015951D+02","numeric",-10.015951,,"38548071d5aa652bb90c7f111f86b427f798a1c9"
"f_ingy.f",163,175,"SHP_C2","(F(I,17),I=10,47)",34,"0.0","numeric",0,,"38548071d5aa652bb90c7f111f86b427f798a1c9"
"f_ingy.f",163,175,"SHP_C2","(F(I,17),I=10,47)",35,"0.0","numeric",0,,"38548071d5aa652bb90c7f111f86b427f798a1c9"
"f_ingy.f",163,175,"SHP_C2","(F(I,17),I=10,47)",36,"0.47345027D+01","numeric",4.7345027,,"38548071d5aa652bb90c7f111f86b427f798a1c9"
"f_ingy.f",163,175,"SHP_C2","(F(I,17),I=10,47)",37,"0.00000000D+00","numeric",0,,"38548071d5aa652bb90c7f111f86b427f798a1c9"
"f_ingy.f",163,175,"SHP_C2","(F(I,17),I=10,47)",38,"0.00000000D+00","numeric",0,,"38548071d5aa652bb90c7f111f86b427f798a1c9"
"f_ingy.f",178,190,"SHP_C2","(F(I,18),I=10,47)",1,"0.49340000D+00","numeric",0.4934,,"38548071d5aa652bb90c7f111f86b427f798a1c9"
"f_ingy.f",178,190,"SHP_C2","(F(I,18),I=10,47)",2,"0.67040000D+00","numeric",0.6704,,"38548071d5aa652bb90c7f111f86b427f798a1c9"
"f_ingy.f",178,190,"SHP_C2","(F(I,18),I=10,47)",3,"0.72300000D-03","numeric",0.000723,,"38548071d5aa652bb90c7f111f86b427f798a1c9"
"f_ingy.f",178,190,"SHP_C2","(F(I,18),I=10,47)",4,"-0.18546510D+01","numeric",-1.854651,,"38548071d5aa652bb90c7f111f86b427f798a1c9"
"f_ingy.f",178,190,"SHP_C2","(F(I,18),I=10,47)",5,"-0.85523346D-02","numeric",-0.0085523346,,"38548071d5aa652bb90c7f111f86b427f798a1c9"
"f_ingy.f",178,190,"SHP_C2","(F(I,18),I=10,47)",6,"-0.74387901D-02","numeric",-0.0074387901,,"38548071d5aa652bb90c7f111f86b427f798a1c9"
"f_ingy.f",178,190,"SHP_C2","(F(I,18),I=10,47)",7,"0.54563992D-01","numeric",0.054563992,,"38548071d5aa652bb90c7f111f86b427f798a1c9"
"f_ingy.f",178,190,"SHP_C2","(F(I,18),I=10,47)",8,"0.0","numeric",0,,"38548071d5aa652bb90c7f111f86b427f798a1c9"
"f_ingy.f",178,190,"SHP_C2","(F(I,18),I=10,47)",9,"0.11464565D+02","numeric",11.464565,,"38548071d5aa652bb90c7f111f86b427f798a1c9"
"f_ingy.f",178,190,"SHP_C2","(F(I,18),I=10,47)",10,"-0.30019058D+01","numeric",-3.0019058,,"38548071d5aa652bb90c7f111f86b427f798a1c9"
"f_ingy.f",178,190,"SHP_C2","(F(I,18),I=10,47)",11,"0.10000000D+02","numeric",10,,"38548071d5aa652bb90c7f111f86b427f798a1c9"
"f_ingy.f",178,190,"SHP_C2","(F(I,18),I=10,47)",12,"0.99000000D+00","numeric",0.99,,"38548071d5aa652bb90c7f111f86b427f798a1c9"
"f_ingy.f",178,190,"SHP_C2","(F(I,18),I=10,47)",13,"0.00000000D+00","numeric",0,,"38548071d5aa652bb90c7f111f86b427f798a1c9"
"f_ingy.f",178,190,"SHP_C2","(F(I,18),I=10,47)",14,"0.00000000D+00","numeric",0,,"38548071d5aa652bb90c7f111f86b427f798a1c9"
"f_ingy.f",178,190,"SHP_C2","(F(I,18),I=10,47)",15,"0.00000000D+00","numeric",0,,"38548071d5aa652bb90c7f111f86b427f798a1c9"
"f_ingy.f",178,190,"SHP_C2","(F(I,18),I=10,47)",16,"0.28974423D+00","numeric",0.28974423,,"38548071d5aa652bb90c7f111f86b427f798a1c9"
"f_ingy.f",178,190,"SHP_C2","(F(I,18),I=10,47)",17,"-0.95880328D+00","numeric",-0.95880328,,"38548071d5aa652bb90c7f111f86b427f798a1c9"
"f_ingy.f",178,190,"SHP_C2","(F(I,18),I=10,47)",18,"-0.52319899D+01","numeric",-5.2319899,,"38548071d5aa652bb90c7f111f86b427f798a1c9"
"f_ingy.f",178,190,"SHP_C2","(F(I,18),I=10,47)",19,"0.11934487D+01","numeric",1.1934487,,"38548071d5aa652bb90c7f111f86b427f798a1c9"
"f_ingy.f",178,190,"SHP_C2","(F(I,18),I=10,47)",20,"-0.44019249D+03","numeric",-440.19249,,"38548071d5aa652bb90c7f111f86b427f798a1c9"
"f_ingy.f",178,190,"SHP_C2","(F(I,18),I=10,47)",21,"-0.25373650D+03","numeric",-253.7365,,"38548071d5aa652bb90c7f111f86b427f798a1c9"
"f_ingy.f",178,190,"SHP_C2","(F(I,18),I=10,47)",22,"0.11673600D+03","numeric",116.736,,"38548071d5aa652bb90c7f111f86b427f798a1c9"
"f_ingy.f",178,190,"SHP_C2","(F(I,18),I=10,47)",23,"0.77186108D+02","numeric",77.186108,,"38548071d5aa652bb90c7f111f86b427f798a1c9"
"f_ingy.f",178,190,"SHP_C2","(F(I,18),I=10,47)",24,"-0.69085106D+01","numeric",-6.9085106,,"38548071d5aa652bb90c7f111f86b427f798a1c9"
"f_ingy.f",178,190,"SHP_C2","(F(I,18),I=10,47)",25,"0.40552875D+01","numeric",4.0552875,,"38548071d5aa652bb90c7f111f86b427f798a1c9"
"f_ingy.f",178,190,"SHP_C2","(F(I,18),I=10,47)",26,"0.51058436D+01","numeric",5.1058436,,"38548071d5aa652bb90c7f111f86b427f798a1c9"
"f_ingy.f",178,190,"SHP_C2","(F(I,18),I=10,47)",27,"-0.10162153D+01","numeric",-1.0162153,,"38548071d5aa652bb90c7f111f86b427f798a1c9"
"f_ingy.f",178,190,"SHP_C2","(F(I,18),I=10,47)",28,"-0.83543326D+00","numeric",-0.83543326,,"38548071d5aa652bb90c7f111f86b427f798a1c9"
"f_ingy.f",178,190,"SHP_C2","(F(I,18),I=10,47)",29,"-0.56895575D+01","numeric",-5.6895575,,"38548071d5aa652bb90c7f111f86b427f798a1c9"
"f_ingy.f",178,190,"SHP_C2","(F(I,18),I=10,47)",30,"0.10097670D+01","numeric",1.009767,,"38548071d5aa652bb90c7f111f86b427f798a1c9"
"f_ingy.f",178,190,"SHP_C2","(F(I,18),I=10,47)",31,"-0.26230901D+01","numeric",-2.6230901,,"38548071d5aa652bb90c7f111f86b427f798a1c9"
"f_ingy.f",178,190,"SHP_C2","(F(I,18),I=10,47)",32,"0.00000000D+00","numeric",0,,"38548071d5aa652bb90c7f111f86b427f798a1c9"
"f_ingy.f",178,190,"SHP_C2","(F(I,18),I=10,47)",33,"0.70100000D+01","numeric",7.01,,"38548071d5aa652bb90c7f111f86b427f798a1c9"
"f_ingy.f",178,190,"SHP_C2","(F(I,18),I=10,47)",34,"0.00000000D+00","numeric",0,,"38548071d5aa652bb90c7f111f86b427f798a1c9"
"f_ingy.f",178,190,"SHP_C2","(F(I,18),I=10,47)",35,"0.0","numeric",0,,"38548071d5aa652bb90c7f111f86b427f798a1c9"
"f_ingy.f",178,190,"SHP_C2","(F(I,18),I=10,47)",36,"0.10608156D+01","numeric",1.0608156,,"38548071d5aa652bb90c7f111f86b427f798a1c9"
"f_ingy.f",178,190,"SHP_C2","(F(I,18),I=10,47)",37,"0.00000000D+00","numeric",0,,"38548071d5aa652bb90c7f111f86b427f798a1c9"
"f_ingy.f",178,190,"SHP_C2","(F(I,18),I=10,47)",38,"0.00000000D+00","numeric",0,,"38548071d5aa652bb90c7f111f86b427f798a1c9"
"f_ingy.f",193,206,"SHP_C2","(F(I,19),I=10,47)",1,"0.21020000D+00","numeric",0.2102,,"38548071d5aa652bb90c7f111f86b427f798a1c9"
"f_ingy.f",193,206,"SHP_C2","(F(I,19),I=10,47)",2,"0.91540000D+00","numeric",0.9154,,"38548071d5aa652bb90c7f111f86b427f798a1c9"
"f_ingy.f",193,206,"SHP_C2","(F(I,19),I=10,47)",3,"0.37900000D-03","numeric",0.000379,,"38548071d5aa652bb90c7f111f86b427f798a1c9"
"f_ingy.f",193,206,"SHP_C2","(F(I,19),I=10,47)",4,"-0.11783855D+01","numeric",-1.1783855,,"38548071d5aa652bb90c7f111f86b427f798a1c9"
"f_ingy.f",193,206,"SHP_C2","(F(I,19),I=10,47)",5,"-0.14696420D+00","numeric",-0.1469642,,"38548071d5aa652bb90c7f111f86b427f798a1c9"
"f_ingy.f",193,206,"SHP_C2","(F(I,19),I=10,47)",6,"0.00000000D+00","numeric",0,,"38548071d5aa652bb90c7f111f86b427f798a1c9"
"f_ingy.f",193,206,"SHP_C2","(F(I,19),I=10,47)",7,"0.00000000D+00","numeric",0,,"38548071d5aa652bb90c7f111f86b427f798a1c9"
"f_ingy.f",193,206,"SHP_C2","(F(I,19),I=10,47)",8,"0.0","numeric",0,,"38548071d5aa652bb90c7f111f86b427f798a1c9"
"f_ingy.f",193,206,"SHP_C2","(F(I,19),I=10,47)",9,"0.47833781D+01","numeric",4.7833781,,"38548071d5aa652bb90c7f111f86b427f798a1c9"
"f_ingy.f",193,206,"SHP_C2","(F(I,19),I=10,47)",10,"0.00000000D+00","numeric",0,,"38548071d5aa652bb90c7f111f86b427f798a1c9"
"f_ingy.f",193,206,"SHP_C2","(F(I,19),I=10,47)",11,"0.00000000D+00","numeric",0,,"38548071d5aa652bb90c7f111f86b427f798a1c9"
"f_ingy.f",193,206,"SHP_C2","(F(I,19),I=10,47)",12,"0.11012131D+01","numeric",1.1012131,,"38548071d5aa652bb90c7f111f86b427f798a1c9"
"f_ingy.f",193,206,"SHP_C2","(F(I,19),I=10,47)",13,"0.00000000D+00","numeric",0,,"38548071d5aa652bb90c7f111f86b427f798a1c9"
"f_ingy.f",193,206,"SHP_C2","(F(I,19),I=10,47)",14,"0.00000000D+00","numeric",0,,"38548071d5aa652bb90c7f111f86b427f798a1c9"
"f_ingy.f",193,206,"SHP_C2","(F(I,19),I=10,47)",15,"-0.14080632D+00","numeric",-0.14080632,,"38548071d5aa652bb90c7f111f86b427f798a1c9"
"f_ingy.f",193,206,"SHP_C2","(F(I,19),I=10,47)",16,"-0.32084903D+01","numeric",-3.2084903,,"38548071d5aa652bb90c7f111f86b427f798a1c9"
"f_ingy.f",193,206,"SHP_C2","(F(I,19),I=10,47)",17,"-0.50803245D+00","numeric",-0.50803245,,"38548071d5aa652bb90c7f111f86b427f798a1c9"
"f_ingy.f",193,206,"SHP_C2","(F(I,19),I=10,47)",18,"-0.28716052D+01","numeric",-2.8716052,,"38548071d5aa652bb90c7f111f86b427f798a1c9"
"f_ingy.f",193,206,"SHP_C2","(F(I,19),I=10,47)",19,"0.68962947D+00","numeric",0.68962947,,"38548071d5aa652bb90c7f111f86b427f798a1c9"
"f_ingy.f",193,206,"SHP_C2","(F(I,19),I=10,47)",20,"-0.55872917D+01","numeric",-5.5872917,,"38548071d5aa652bb90c7f111f86b427f798a1c9"
"f_ingy.f",193,206,"SHP_C2","(F(I,19),I=10,47)",21,"0.10768701D+01","numeric",1.0768701,,"38548071d5aa652bb90c7f111f86b427f798a1c9"
"f_ingy.f",193,206,"SHP_C2","(F(I,19),I=10,47)",22,"0.00000000D+00","numeric",0,,"38548071d5aa652bb90c7f111f86b427f798a1c9"
"f_ingy.f",193,206,"SHP_C2","(F(I,19),I=10,47)",23,"0.00000000D+00","numeric",0,,"38548071d5aa652bb90c7f111f86b427f798a1c9"
"f_ingy.f",193,206,"SHP_C2","(F(I,19),I=10,47)",24,"0.00000000D+00","numeric",0,,"38548071d5aa652bb90c7f111f86b427f798a1c9"
"f_ingy.f",193,206,"SHP_C2","(F(I,19),I=10,47)",25,"0.67467581D+00","numeric",0.67467581,,"38548071d5aa652bb90c7f111f86b427f798a1c9"
"f_ingy.f",193,206,"SHP_C2","(F(I,19),I=10,47)",26,"0.26196857D+01","numeric",2.6196857,,"38548071d5aa652bb90c7f111f86b427f798a1c9"
"f_ingy.f",193,206,"SHP_C2","(F(I,19),I=10,47)",27,"-0.28700698D+00","numeric",-0.28700698,,"38548071d5aa652bb90c7f111f86b427f798a1c9"
"f_ingy.f",193,206,"SHP_C2","(F(I,19),I=10,47)",28,"-0.24239205D+00","numeric",-0.24239205,,"38548071d5aa652bb90c7f111f86b427f798a1c9"
"f_ingy.f",193,206,"SHP_C2","(F(I,19),I=10,47)",29,"0.27377330D+02","numeric",27.37733,,"38548071d5aa652bb90c7f111f86b427f798a1c9"
"f_ingy.f",193,206,"SHP_C2","(F(I,19),I=10,47)",30,"0.54066640D+01","numeric",5.406664,,"38548071d5aa652bb90c7f111f86b427f798a1c9"
"f_ingy.f",193,206,"SHP_C2","(F(I,19),I=10,47)",31,"-0.78134218D+01","numeric",-7.8134218,,"38548071d5aa652bb90c7f111f86b427f798a1c9"
"f_ingy.f",193,206,"SHP_C2","(F(I,19),I=10,47)",32,"0.00000000D+00","numeric",0,,"38548071d5aa652bb90c7f111f86b427f798a1c9"
"f_ingy.f",193,206,"SHP_C2","(F(I,19),I=10,47)",33,"0.70100000D+01","numeric",7.01,,"38548071d5aa652bb90c7f111f86b427f798a1c9"
"f_ingy.f",193,206,"SHP_C2","(F(I,19),I=10,47)",34,"0.00000000D+00","numeric",0,,"38548071d5aa652bb90c7f111f86b427f798a1c9"
"f_ingy.f",193,206,"SHP_C2","(F(I,19),I=10,47)",35,"0.0","numeric",0,,"38548071d5aa652bb90c7f111f86b427f798a1c9"
"f_ingy.f",193,206,"SHP_C2","(F(I,19),I=10,47)",36,"0.10128065D+01","numeric",1.0128065,,"38548071d5aa652bb90c7f111f86b427f798a1c9"
"f_ingy.f",193,206,"SHP_C2","(F(I,19),I=10,47)",37,"-0.76869726D-02","numeric",-0.0076869726,,"38548071d5aa652bb90c7f111f86b427f798a1c9"
"f_ingy.f",193,206,"SHP_C2","(F(I,19),I=10,47)",38,"0.00000000D+00","numeric",0,,"38548071d5aa652bb90c7f111f86b427f798a1c9"
"f_ingy.f",208,208,"SHP_C2","(ESSUBF(I),I=1,3)",1,"25","numeric",25,,"38548071d5aa652bb90c7f111f86b427f798a1c9"
"f_ingy.f",208,208,"SHP_C2","(ESSUBF(I),I=1,3)",2,"34","numeric",34,,"38548071d5aa652bb90c7f111f86b427f798a1c9"
"f_ingy.f",208,208,"SHP_C2","(ESSUBF(I),I=1,3)",3,"38","numeric",38,,"38548071d5aa652bb90c7f111f86b427f798a1c9"
"f_ingy.f",210,210,"SHP_C2","(ESSUBC(I),I=1,3)",1,"-3.0604051","numeric",-3.0604051,,"38548071d5aa652bb90c7f111f86b427f798a1c9"
"f_ingy.f",210,210,"SHP_C2","(ESSUBC(I),I=1,3)",2,"0.71303009","numeric",0.71303009,,"38548071d5aa652bb90c7f111f86b427f798a1c9"
"f_ingy.f",210,210,"SHP_C2","(ESSUBC(I),I=1,3)",3,"28.449170","numeric",28.44917,,"38548071d5aa652bb90c7f111f86b427f798a1c9"
"f_ingy.f",212,212,"SHP_C2","(ESSUB(I),I=1,3)",1,"'15'","character",,"15","38548071d5aa652bb90c7f111f86b427f798a1c9"
"f_ingy.f",212,212,"SHP_C2","(ESSUB(I),I=1,3)",2,"'15'","character",,"15","38548071d5aa652bb90c7f111f86b427f798a1c9"
"f_ingy.f",212,212,"SHP_C2","(ESSUB(I),I=1,3)",3,"'15'","character",,"15","38548071d5aa652bb90c7f111f86b427f798a1c9"
"f_ingy.f",215,227,"SHP_C2","(F(I,20),I=10,47)",1,"0.51943000D+00","numeric",0.51943,,"38548071d5aa652bb90c7f111f86b427f798a1c9"
"f_ingy.f",215,227,"SHP_C2","(F(I,20),I=10,47)",2,"0.71090000D+00","numeric",0.7109,,"38548071d5aa652bb90c7f111f86b427f798a1c9"
"f_ingy.f",215,227,"SHP_C2","(F(I,20),I=10,47)",3,"0.50300000D-03","numeric",0.000503,,"38548071d5aa652bb90c7f111f86b427f798a1c9"
"f_ingy.f",215,227,"SHP_C2","(F(I,20),I=10,47)",4,"-0.31923987D+01","numeric",-3.1923987,,"38548071d5aa652bb90c7f111f86b427f798a1c9"
"f_ingy.f",215,227,"SHP_C2","(F(I,20),I=10,47)",5,"0.23511076D+00","numeric",0.23511076,,"38548071d5aa652bb90c7f111f86b427f798a1c9"
"f_ingy.f",215,227,"SHP_C2","(F(I,20),I=10,47)",6,"0.70357974D+00","numeric",0.70357974,,"38548071d5aa652bb90c7f111f86b427f798a1c9"
"f_ingy.f",215,227,"SHP_C2","(F(I,20),I=10,47)",7,"0.27921523D-01","numeric",0.027921523,,"38548071d5aa652bb90c7f111f86b427f798a1c9"
"f_ingy.f",215,227,"SHP_C2","(F(I,20),I=10,47)",8,"0.0","numeric",0,,"38548071d5aa652bb90c7f111f86b427f798a1c9"
"f_ingy.f",215,227,"SHP_C2","(F(I,20),I=10,47)",9,"0.50014801D+01","numeric",5.0014801,,"38548071d5aa652bb90c7f111f86b427f798a1c9"
"f_ingy.f",215,227,"SHP_C2","(F(I,20),I=10,47)",10,"0.00000000D+00","numeric",0,,"38548071d5aa652bb90c7f111f86b427f798a1c9"
"f_ingy.f",215,227,"SHP_C2","(F(I,20),I=10,47)",11,"0.00000000D+00","numeric",0,,"38548071d5aa652bb90c7f111f86b427f798a1c9"
"f_ingy.f",215,227,"SHP_C2","(F(I,20),I=10,47)",12,"0.99000000D+00","numeric",0.99,,"38548071d5aa652bb90c7f111f86b427f798a1c9"
"f_ingy.f",215,227,"SHP_C2","(F(I,20),I=10,47)",13,"0.00000000D+00","numeric",0,,"38548071d5aa652bb90c7f111f86b427f798a1c9"
"f_ingy.f",215,227,"SHP_C2","(F(I,20),I=10,47)",14,"0.0","numeric",0,,"38548071d5aa652bb90c7f111f86b427f798a1c9"
"f_ingy.f",215,227,"SHP_C2","(F(I,20),I=10,47)",15,"0.0","numeric",0,,"38548071d5aa652bb90c7f111f86b427f798a1c9"
"f_ingy.f",215,227,"SHP_C2","(F(I,20),I=10,47)",16,"-0.69388143D+01","numeric",-6.9388143,,"38548071d5aa652bb90c7f111f86b427f798a1c9"
"f_ingy.f",215,227,"SHP_C2","(F(I,20),I=10,47)",17,"0.65934447D+00","numeric",0.65934447,,"38548071d5aa652bb90c7f111f86b427f798a1c9"
"f_ingy.f",215,227,"SHP_C2","(F(I,20),I=10,47)",18,"0.58065085D+01","numeric",5.8065085,,"38548071d5aa652bb90c7f111f86b427f798a1c9"
"f_ingy.f",215,227,"SHP_C2","(F(I,20),I=10,47)",19,"-0.94399410D+00","numeric",-0.9439941,,"38548071d5aa652bb90c7f111f86b427f798a1c9"
"f_ingy.f",215,227,"SHP_C2","(F(I,20),I=10,47)",20,"-0.70000000D+01","numeric",-7,,"38548071d5aa652bb90c7f111f86b427f798a1c9"
"f_ingy.f",215,227,"SHP_C2","(F(I,20),I=10,47)",21,"0.61594354D+00","numeric",0.61594354,,"38548071d5aa652bb90c7f111f86b427f798a1c9"
"f_ingy.f",215,227,"SHP_C2","(F(I,20),I=10,47)",22,"0.92176422D+00","numeric",0.92176422,,"38548071d5aa652bb90c7f111f86b427f798a1c9"
"f_ingy.f",215,227,"SHP_C2","(F(I,20),I=10,47)",23,"0.00000000D+00","numeric",0,,"38548071d5aa652bb90c7f111f86b427f798a1c9"
"f_ingy.f",215,227,"SHP_C2","(F(I,20),I=10,47)",24,"0.00000000D+00","numeric",0,,"38548071d5aa652bb90c7f111f86b427f798a1c9"
"f_ingy.f",215,227,"SHP_C2","(F(I,20),I=10,47)",25,"0.28173605D+01","numeric",2.8173605,,"38548071d5aa652bb90c7f111f86b427f798a1c9"
"f_ingy.f",215,227,"SHP_C2","(F(I,20),I=10,47)",26,"0.82345395D+01","numeric",8.2345395,,"38548071d5aa652bb90c7f111f86b427f798a1c9"
"f_ingy.f",215,227,"SHP_C2","(F(I,20),I=10,47)",27,"-0.72343654D+00","numeric",-0.72343654,,"38548071d5aa652bb90c7f111f86b427f798a1c9"
"f_ingy.f",215,227,"SHP_C2","(F(I,20),I=10,47)",28,"-0.13929103D+01","numeric",-1.3929103,,"38548071d5aa652bb90c7f111f86b427f798a1c9"
"f_ingy.f",215,227,"SHP_C2","(F(I,20),I=10,47)",29,"-0.70000000D+01","numeric",-7,,"38548071d5aa652bb90c7f111f86b427f798a1c9"
"f_ingy.f",215,227,"SHP_C2","(F(I,20),I=10,47)",30,"0.00000000D+00","numeric",0,,"38548071d5aa652bb90c7f111f86b427f798a1c9"
"f_ingy.f",215,227,"SHP_C2","(F(I,20),I=10,47)",31,"0.00000000D+00","numeric",0,,"38548071d5aa652bb90c7f111f86b427f798a1c9"
"f_ingy.f",215,227,"SHP_C2","(F(I,20),I=10,47)",32,"0.00000000D+00","numeric",0,,"38548071d5aa652bb90c7f111f86b427f798a1c9"
"f_ingy.f",215,227,"SHP_C2","(F(I,20),I=10,47)",33,"0.70100000D+01","numeric",7.01,,"38548071d5aa652bb90c7f111f86b427f798a1c9"
"f_ingy.f",215,227,"SHP_C2","(F(I,20),I=10,47)",34,"0.00000000D+00","numeric",0,,"38548071d5aa652bb90c7f111f86b427f798a1c9"
"f_ingy.f",215,227,"SHP_C2","(F(I,20),I=10,47)",35,"0.0","numeric",0,,"38548071d5aa652bb90c7f111f86b427f798a1c9"
"f_ingy.f",215,227,"SHP_C2","(F(I,20),I=10,47)",36,"0.10499208D+01","numeric",1.0499208,,"38548071d5aa652bb90c7f111f86b427f798a1c9"
"f_ingy.f",215,227,"SHP_C2","(F(I,20),I=10,47)",37,"0.00000000D+00","numeric",0,,"38548071d5aa652bb90c7f111f86b427f798a1c9"
"f_ingy.f",215,227,"SHP_C2","(F(I,20),I=10,47)",38,"0.00000000D+00","numeric",0,,"38548071d5aa652bb90c7f111f86b427f798a1c9"
"f_ingy.f",230,242,"SHP_C2","(F(I,21),I=10,47)",1,"0.61910000D+00","numeric",0.6191,,"38548071d5aa652bb90c7f111f86b427f798a1c9"
"f_ingy.f",230,242,"SHP_C2","(F(I,21),I=10,47)",2,"0.62000000D+00","numeric",0.62,,"38548071d5aa652bb90c7f111f86b427f798a1c9"
"f_ingy.f",230,242,"SHP_C2","(F(I,21),I=10,47)",3,"0.11060000D-02","numeric",0.001106,,"38548071d5aa652bb90c7f111f86b427f798a1c9"
"f_ingy.f",230,242,"SHP_C2","(F(I,21),I=10,47)",4,"-0.31216721D+01","numeric",-3.1216721,,"38548071d5aa652bb90c7f111f86b427f798a1c9"
"f_ingy.f",230,242,"SHP_C2","(F(I,21),I=10,47)",5,"0.20476079D+00","numeric",0.20476079,,"38548071d5aa652bb90c7f111f86b427f798a1c9"
"f_ingy.f",230,242,"SHP_C2","(F(I,21),I=10,47)",6,"0.21889439D+00","numeric",0.21889439,,"38548071d5aa652bb90c7f111f86b427f798a1c9"
"f_ingy.f",230,242,"SHP_C2","(F(I,21),I=10,47)",7,"0.00000000D+00","numeric",0,,"38548071d5aa652bb90c7f111f86b427f798a1c9"
"f_ingy.f",230,242,"SHP_C2","(F(I,21),I=10,47)",8,"0.0","numeric",0,,"38548071d5aa652bb90c7f111f86b427f798a1c9"
"f_ingy.f",230,242,"SHP_C2","(F(I,21),I=10,47)",9,"0.50000000D+01","numeric",5,,"38548071d5aa652bb90c7f111f86b427f798a1c9"
"f_ingy.f",230,242,"SHP_C2","(F(I,21),I=10,47)",10,"0.00000000D+00","numeric",0,,"38548071d5aa652bb90c7f111f86b427f798a1c9"
"f_ingy.f",230,242,"SHP_C2","(F(I,21),I=10,47)",11,"0.00000000D+00","numeric",0,,"38548071d5aa652bb90c7f111f86b427f798a1c9"
"f_ingy.f",230,242,"SHP_C2","(F(I,21),I=10,47)",12,"0.99000000D+00","numeric",0.99,,"38548071d5aa652bb90c7f111f86b427f798a1c9"
"f_ingy.f",230,242,"SHP_C2","(F(I,21),I=10,47)",13,"0.00000000D+00","numeric",0,,"38548071d5aa652bb90c7f111f86b427f798a1c9"
"f_ingy.f",230,242,"SHP_C2","(F(I,21),I=10,47)",14,"0.0","numeric",0,,"38548071d5aa652bb90c7f111f86b427f798a1c9"
"f_ingy.f",230,242,"SHP_C2","(F(I,21),I=10,47)",15,"0.0","numeric",0,,"38548071d5aa652bb90c7f111f86b427f798a1c9"
"f_ingy.f",230,242,"SHP_C2","(F(I,21),I=10,47)",16,"-0.41759884D+01","numeric",-4.1759884,,"38548071d5aa652bb90c7f111f86b427f798a1c9"
"f_ingy.f",230,242,"SHP_C2","(F(I,21),I=10,47)",17,"0.0","numeric",0,,"38548071d5aa652bb90c7f111f86b427f798a1c9"
"f_ingy.f",230,242,"SHP_C2","(F(I,21),I=10,47)",18,"0.0","numeric",0,,"38548071d5aa652bb90c7f111f86b427f798a1c9"
"f_ingy.f",230,242,"SHP_C2","(F(I,21),I=10,47)",19,"-0.48789854D+00","numeric",-0.48789854,,"38548071d5aa652bb90c7f111f86b427f798a1c9"
"f_ingy.f",230,242,"SHP_C2","(F(I,21),I=10,47)",20,"-0.72972498D+00","numeric",-0.72972498,,"38548071d5aa652bb90c7f111f86b427f798a1c9"
"f_ingy.f",230,242,"SHP_C2","(F(I,21),I=10,47)",21,"-0.26246239D-01","numeric",-0.026246239,,"38548071d5aa652bb90c7f111f86b427f798a1c9"
"f_ingy.f",230,242,"SHP_C2","(F(I,21),I=10,47)",22,"-0.92747210D+00","numeric",-0.9274721,,"38548071d5aa652bb90c7f111f86b427f798a1c9"
"f_ingy.f",230,242,"SHP_C2","(F(I,21),I=10,47)",23,"0.00000000D+00","numeric",0,,"38548071d5aa652bb90c7f111f86b427f798a1c9"
"f_ingy.f",230,242,"SHP_C2","(F(I,21),I=10,47)",24,"0.00000000D+00","numeric",0,,"38548071d5aa652bb90c7f111f86b427f798a1c9"
"f_ingy.f",230,242,"SHP_C2","(F(I,21),I=10,47)",25,"0.53238816D+00","numeric",0.53238816,,"38548071d5aa652bb90c7f111f86b427f798a1c9"
"f_ingy.f",230,242,"SHP_C2","(F(I,21),I=10,47)",26,"0.85805304D+01","numeric",8.5805304,,"38548071d5aa652bb90c7f111f86b427f798a1c9"
"f_ingy.f",230,242,"SHP_C2","(F(I,21),I=10,47)",27,"-0.15335061D+00","numeric",-0.15335061,,"38548071d5aa652bb90c7f111f86b427f798a1c9"
"f_ingy.f",230,242,"SHP_C2","(F(I,21),I=10,47)",28,"-0.16191350D+01","numeric",-1.619135,,"38548071d5aa652bb90c7f111f86b427f798a1c9"
"f_ingy.f",230,242,"SHP_C2","(F(I,21),I=10,47)",29,"0.37954976D+02","numeric",37.954976,,"38548071d5aa652bb90c7f111f86b427f798a1c9"
"f_ingy.f",230,242,"SHP_C2","(F(I,21),I=10,47)",30,"-0.69887695D+01","numeric",-6.9887695,,"38548071d5aa652bb90c7f111f86b427f798a1c9"
"f_ingy.f",230,242,"SHP_C2","(F(I,21),I=10,47)",31,"-0.10000000D+02","numeric",-10,,"38548071d5aa652bb90c7f111f86b427f798a1c9"
"f_ingy.f",230,242,"SHP_C2","(F(I,21),I=10,47)",32,"0.00000000D+00","numeric",0,,"38548071d5aa652bb90c7f111f86b427f798a1c9"
"f_ingy.f",230,242,"SHP_C2","(F(I,21),I=10,47)",33,"0.70100000D+01","numeric",7.01,,"38548071d5aa652bb90c7f111f86b427f798a1c9"
"f_ingy.f",230,242,"SHP_C2","(F(I,21),I=10,47)",34,"0.00000000D+00","numeric",0,,"38548071d5aa652bb90c7f111f86b427f798a1c9"
"f_ingy.f",230,242,"SHP_C2","(F(I,21),I=10,47)",35,"0.0","numeric",0,,"38548071d5aa652bb90c7f111f86b427f798a1c9"
"f_ingy.f",230,242,"SHP_C2","(F(I,21),I=10,47)",36,"0.10050000D+01","numeric",1.005,,"38548071d5aa652bb90c7f111f86b427f798a1c9"
"f_ingy.f",230,242,"SHP_C2","(F(I,21),I=10,47)",37,"0.00000000D+00","numeric",0,,"38548071d5aa652bb90c7f111f86b427f798a1c9"
"f_ingy.f",230,242,"SHP_C2","(F(I,21),I=10,47)",38,"0.00000000D+00","numeric",0,,"38548071d5aa652bb90c7f111f86b427f798a1c9"
"f_ingy.f",260,272,"SHP_C2","(F(I,23),I=10,47)",1,"0.46115714D+00","numeric",0.46115714,,"38548071d5aa652bb90c7f111f86b427f798a1c9"
"f_ingy.f",260,272,"SHP_C2","(F(I,23),I=10,47)",2,"0.76559415D+00","numeric",0.76559415,,"38548071d5aa652bb90c7f111f86b427f798a1c9"
"f_ingy.f",260,272,"SHP_C2","(F(I,23),I=10,47)",3,"0.34060552D-03","numeric",0.00034060552,,"38548071d5aa652bb90c7f111f86b427f798a1c9"
"f_ingy.f",260,272,"SHP_C2","(F(I,23),I=10,47)",4,"-0.30187113D+01","numeric",-3.0187113,,"38548071d5aa652bb90c7f111f86b427f798a1c9"
"f_ingy.f",260,272,"SHP_C2","(F(I,23),I=10,47)",5,"0.18558991D+00","numeric",0.18558991,,"38548071d5aa652bb90c7f111f86b427f798a1c9"
"f_ingy.f",260,272,"SHP_C2","(F(I,23),I=10,47)",6,"0.58513312D+00","numeric",0.58513312,,"38548071d5aa652bb90c7f111f86b427f798a1c9"
"f_ingy.f",260,272,"SHP_C2","(F(I,23),I=10,47)",7,"0.00000000D+00","numeric",0,,"38548071d5aa652bb90c7f111f86b427f798a1c9"
"f_ingy.f",260,272,"SHP_C2","(F(I,23),I=10,47)",8,"0.0","numeric",0,,"38548071d5aa652bb90c7f111f86b427f798a1c9"
"f_ingy.f",260,272,"SHP_C2","(F(I,23),I=10,47)",9,"0.00000000D+00","numeric",0,,"38548071d5aa652bb90c7f111f86b427f798a1c9"
"f_ingy.f",260,272,"SHP_C2","(F(I,23),I=10,47)",10,"0.00000000D+00","numeric",0,,"38548071d5aa652bb90c7f111f86b427f798a1c9"
"f_ingy.f",260,272,"SHP_C2","(F(I,23),I=10,47)",11,"0.00000000D+00","numeric",0,,"38548071d5aa652bb90c7f111f86b427f798a1c9"
"f_ingy.f",260,272,"SHP_C2","(F(I,23),I=10,47)",12,"0.60000000D+00","numeric",0.6,,"38548071d5aa652bb90c7f111f86b427f798a1c9"
"f_ingy.f",260,272,"SHP_C2","(F(I,23),I=10,47)",13,"0.75390116D-02","numeric",0.0075390116,,"38548071d5aa652bb90c7f111f86b427f798a1c9"
"f_ingy.f",260,272,"SHP_C2","(F(I,23),I=10,47)",14,"-0.54641559D-01","numeric",-0.054641559,,"38548071d5aa652bb90c7f111f86b427f798a1c9"
"f_ingy.f",260,272,"SHP_C2","(F(I,23),I=10,47)",15,"-0.71474657D+00","numeric",-0.71474657,,"38548071d5aa652bb90c7f111f86b427f798a1c9"
"f_ingy.f",260,272,"SHP_C2","(F(I,23),I=10,47)",16,"-0.21927762D+00","numeric",-0.21927762,,"38548071d5aa652bb90c7f111f86b427f798a1c9"
"f_ingy.f",260,272,"SHP_C2","(F(I,23),I=10,47)",17,"-0.79239041D+00","numeric",-0.79239041,,"38548071d5aa652bb90c7f111f86b427f798a1c9"
"f_ingy.f",260,272,"SHP_C2","(F(I,23),I=10,47)",18,"-0.36733966D+01","numeric",-3.6733966,,"38548071d5aa652bb90c7f111f86b427f798a1c9"
"f_ingy.f",260,272,"SHP_C2","(F(I,23),I=10,47)",19,"0.10226880D+01","numeric",1.022688,,"38548071d5aa652bb90c7f111f86b427f798a1c9"
"f_ingy.f",260,272,"SHP_C2","(F(I,23),I=10,47)",20,"0.11219032D+02","numeric",11.219032,,"38548071d5aa652bb90c7f111f86b427f798a1c9"
"f_ingy.f",260,272,"SHP_C2","(F(I,23),I=10,47)",21,"-0.22914712D+02","numeric",-22.914712,,"38548071d5aa652bb90c7f111f86b427f798a1c9"
"f_ingy.f",260,272,"SHP_C2","(F(I,23),I=10,47)",22,"-0.28447877D+01","numeric",-2.8447877,,"38548071d5aa652bb90c7f111f86b427f798a1c9"
"f_ingy.f",260,272,"SHP_C2","(F(I,23),I=10,47)",23,"0.56456140D+01","numeric",5.645614,,"38548071d5aa652bb90c7f111f86b427f798a1c9"
"f_ingy.f",260,272,"SHP_C2","(F(I,23),I=10,47)",24,"-0.42442105D-01","numeric",-0.042442105,,"38548071d5aa652bb90c7f111f86b427f798a1c9"
"f_ingy.f",260,272,"SHP_C2","(F(I,23),I=10,47)",25,"0.35585986D+01","numeric",3.5585986,,"38548071d5aa652bb90c7f111f86b427f798a1c9"
"f_ingy.f",260,272,"SHP_C2","(F(I,23),I=10,47)",26,"0.43315667D+00","numeric",0.43315667,,"38548071d5aa652bb90c7f111f86b427f798a1c9"
"f_ingy.f",260,272,"SHP_C2","(F(I,23),I=10,47)",27,"-0.10654660D+01","numeric",-1.065466,,"38548071d5aa652bb90c7f111f86b427f798a1c9"
"f_ingy.f",260,272,"SHP_C2","(F(I,23),I=10,47)",28,"0.34912661D+00","numeric",0.34912661,,"38548071d5aa652bb90c7f111f86b427f798a1c9"
"f_ingy.f",260,272,"SHP_C2","(F(I,23),I=10,47)",29,"0.70000000D+01","numeric",7,,"38548071d5aa652bb90c7f111f86b427f798a1c9"
"f_ingy.f",260,272,"SHP_C2","(F(I,23),I=10,47)",30,"0.39050075D+01","numeric",3.9050075,,"38548071d5aa652bb90c7f111f86b427f798a1c9"
"f_ingy.f",260,272,"SHP_C2","(F(I,23),I=10,47)",31,"-0.17010062D+01","numeric",-1.7010062,,"38548071d5aa652bb90c7f111f86b427f798a1c9"
"f_ingy.f",260,272,"SHP_C2","(F(I,23),I=10,47)",32,"-0.29678271D-01","numeric",-0.029678271,,"38548071d5aa652bb90c7f111f86b427f798a1c9"
"f_ingy.f",260,272,"SHP_C2","(F(I,23),I=10,47)",33,"0.70100000D+01","numeric",7.01,,"38548071d5aa652bb90c7f111f86b427f798a1c9"
"f_ingy.f",260,272,"SHP_C2","(F(I,23),I=10,47)",34,"0.00000000D+00","numeric",0,,"38548071d5aa652bb90c7f111f86b427f798a1c9"
"f_ingy.f",260,272,"SHP_C2","(F(I,23),I=10,47)",35,"0.0","numeric",0,,"38548071d5aa652bb90c7f111f86b427f798a1c9"
"f_ingy.f",260,272,"SHP_C2","(F(I,23),I=10,47)",36,"0.18993115D+01","numeric",1.8993115,,"38548071d5aa652bb90c7f111f86b427f798a1c9"
"f_ingy.f",260,272,"SHP_C2","(F(I,23),I=10,47)",37,"-0.32633160D+00","numeric",-0.3263316,,"38548071d5aa652bb90c7f111f86b427f798a1c9"
"f_ingy.f",260,272,"SHP_C2","(F(I,23),I=10,47)",38,"-0.13456331D+00","numeric",-0.13456331,,"38548071d5aa652bb90c7f111f86b427f798a1c9"
"f_ingy.f",467,468,"COR_C2","(V(I,1),I=1,5)",1,"-0.48680838D+01","numeric",-4.8680838,,"38548071d5aa652bb90c7f111f86b427f798a1c9"
"f_ingy.f",467,468,"COR_C2","(V(I,1),I=1,5)",2,"0.14663798D+02","numeric",14.663798,,"38548071d5aa652bb90c7f111f86b427f798a1c9"
"f_ingy.f",467,468,"COR_C2","(V(I,1),I=1,5)",3,"-0.48216320D+01","numeric",-4.821632,,"38548071d5aa652bb90c7f111f86b427f798a1c9"
"f_ingy.f",467,468,"COR_C2","(V(I,1),I=1,5)",4,"-0.17800924D+01","numeric",-1.7800924,,"38548071d5aa652bb90c7f111f86b427f798a1c9"
"f_ingy.f",467,468,"COR_C2","(V(I,1),I=1,5)",5,"-0.20276812D+00","numeric",-0.20276812,,"38548071d5aa652bb90c7f111f86b427f798a1c9"
"f_ingy.f",471,472,"COR_C2","(V(I,2),I=1,5)",1,"-0.40872513D+01","numeric",-4.0872513,,"38548071d5aa652bb90c7f111f86b427f798a1c9"
"f_ingy.f",471,472,"COR_C2","(V(I,2),I=1,5)",2,"0.98400990D+01","numeric",9.840099,,"38548071d5aa652bb90c7f111f86b427f798a1c9"
"f_ingy.f",471,472,"COR_C2","(V(I,2),I=1,5)",3,"-0.38399599D+01","numeric",-3.8399599,,"38548071d5aa652bb90c7f111f86b427f798a1c9"
"f_ingy.f",471,472,"COR_C2","(V(I,2),I=1,5)",4,"-0.24301984D+01","numeric",-2.4301984,,"38548071d5aa652bb90c7f111f86b427f798a1c9"
"f_ingy.f",471,472,"COR_C2","(V(I,2),I=1,5)",5,"0.35024803D+00","numeric",0.35024803,,"38548071d5aa652bb90c7f111f86b427f798a1c9"
"f_ingy.f",475,476,"COR_C2","(V(I,3),I=1,5)",1,"-0.53258004D+01","numeric",-5.3258004,,"38548071d5aa652bb90c7f111f86b427f798a1c9"
"f_ingy.f",475,476,"COR_C2","(V(I,3),I=1,5)",2,"0.18207797D+02","numeric",18.207797,,"38548071d5aa652bb90c7f111f86b427f798a1c9"
"f_ingy.f",475,476,"COR_C2","(V(I,3),I=1,5)",3,"-0.46314647D+01","numeric",-4.6314647,,"38548071d5aa652bb90c7f111f86b427f798a1c9"
"f_ingy.f",475,476,"COR_C2","(V(I,3),I=1,5)",4,"-0.12177523D+01","numeric",-1.2177523,,"38548071d5aa652bb90c7f111f86b427f798a1c9"
"f_ingy.f",475,476,"COR_C2","(V(I,3),I=1,5)",5,"-0.11309926D+00","numeric",-0.11309926,,"38548071d5aa652bb90c7f111f86b427f798a1c9"
"f_ingy.f",479,480,"COR_C2","(V(I,4),I=1,5)",1,"-0.64087039D+01","numeric",-6.4087039,,"38548071d5aa652bb90c7f111f86b427f798a1c9"
"f_ingy.f",479,480,"COR_C2","(V(I,4),I=1,5)",2,"0.18426727D+02","numeric",18.426727,,"38548071d5aa652bb90c7f111f86b427f798a1c9"
"f_ingy.f",479,480,"COR_C2","(V(I,4),I=1,5)",3,"-0.50623505D+01","numeric",-5.0623505,,"38548071d5aa652bb90c7f111f86b427f798a1c9"
"f_ingy.f",479,480,"COR_C2","(V(I,4),I=1,5)",4,"-0.21710945D+01","numeric",-2.1710945,,"38548071d5aa652bb90c7f111f86b427f798a1c9"
"f_ingy.f",479,480,"COR_C2","(V(I,4),I=1,5)",5,"0.29814748D+00","numeric",0.29814748,,"38548071d5aa652bb90c7f111f86b427f798a1c9"
"f_ingy.f",483,484,"COR_C2","(V(I,5),I=1,5)",1,"-0.63095389D+01","numeric",-6.3095389,,"38548071d5aa652bb90c7f111f86b427f798a1c9"
"f_ingy.f",483,484,"COR_C2","(V(I,5),I=1,5)",2,"0.16848451D+02","numeric",16.848451,,"38548071d5aa652bb90c7f111f86b427f798a1c9"
"f_ingy.f",483,484,"COR_C2","(V(I,5),I=1,5)",3,"-0.41147697D+01","numeric",-4.1147697,,"38548071d5aa652bb90c7f111f86b427f798a1c9"
"f_ingy.f",483,484,"COR_C2","(V(I,5),I=1,5)",4,"-0.18701241D+01","numeric",-1.8701241,,"38548071d5aa652bb90c7f111f86b427f798a1c9"
"f_ingy.f",483,484,"COR_C2","(V(I,5),I=1,5)",5,"0.65264446D+00","numeric",0.65264446,,"38548071d5aa652bb90c7f111f86b427f798a1c9"
"f_ingy.f",487,488,"COR_C2","(V(I,6),I=1,5)",1,"-0.37292867D+01","numeric",-3.7292867,,"38548071d5aa652bb90c7f111f86b427f798a1c9"
"f_ingy.f",487,488,"COR_C2","(V(I,6),I=1,5)",2,"0.95204603D+01","numeric",9.5204603,,"38548071d5aa652bb90c7f111f86b427f798a1c9"
"f_ingy.f",487,488,"COR_C2","(V(I,6),I=1,5)",3,"-0.31268123D+01","numeric",-3.1268123,,"38548071d5aa652bb90c7f111f86b427f798a1c9"
"f_ingy.f",487,488,"COR_C2","(V(I,6),I=1,5)",4,"-0.12917494D+01","numeric",-1.2917494,,"38548071d5aa652bb90c7f111f86b427f798a1c9"
"f_ingy.f",487,488,"COR_C2","(V(I,6),I=1,5)",5,"-0.26280112D+00","numeric",-0.26280112,,"38548071d5aa652bb90c7f111f86b427f798a1c9"
"f_ingy.f",491,492,"COR_C2","(V(I,7),I=1,5)",1,"-0.55386062D+01","numeric",-5.5386062,,"38548071d5aa652bb90c7f111f86b427f798a1c9"
"f_ingy.f",491,492,"COR_C2","(V(I,7),I=1,5)",2,"0.13890065D+02","numeric",13.890065,,"38548071d5aa652bb90c7f111f86b427f798a1c9"
"f_ingy.f",491,492,"COR_C2","(V(I,7),I=1,5)",3,"-0.36169043D+01","numeric",-3.6169043,,"38548071d5aa652bb90c7f111f86b427f798a1c9"
"f_ingy.f",491,492,"COR_C2","(V(I,7),I=1,5)",4,"-0.10135346D+01","numeric",-1.0135346,,"38548071d5aa652bb90c7f111f86b427f798a1c9"
"f_ingy.f",491,492,"COR_C2","(V(I,7),I=1,5)",5,"0.40538989D-01","numeric",0.040538989,,"38548071d5aa652bb90c7f111f86b427f798a1c9"
"f_ingy.f",495,496,"COR_C2","(V(I,8),I=1,5)",1,"-0.48456403D+01","numeric",-4.8456403,,"38548071d5aa652bb90c7f111f86b427f798a1c9"
"f_ingy.f",495,496,"COR_C2","(V(I,8),I=1,5)",2,"0.16415000D+02","numeric",16.415,,"38548071d5aa652bb90c7f111f86b427f798a1c9"
"f_ingy.f",495,496,"COR_C2","(V(I,8),I=1,5)",3,"-0.50265184D+01","numeric",-5.0265184,,"38548071d5aa652bb90c7f111f86b427f798a1c9"
"f_ingy.f",495,496,"COR_C2","(V(I,8),I=1,5)",4,"-0.10653677D+01","numeric",-1.0653677,,"38548071d5aa652bb90c7f111f86b427f798a1c9"
"f_ingy.f",495,496,"COR_C2","(V(I,8),I=1,5)",5,"-0.42501392D-02","numeric",-0.0042501392,,"38548071d5aa652bb90c7f111f86b427f798a1c9"
"f_ingy.f",499,500,"COR_C2","(V(I,9),I=1,5)",1,"-0.41694935D+01","numeric",-4.1694935,,"38548071d5aa652bb90c7f111f86b427f798a1c9"
"f_ingy.f",499,500,"COR_C2","(V(I,9),I=1,5)",2,"0.13158633D+02","numeric",13.158633,,"38548071d5aa652bb90c7f111f86b427f798a1c9"
"f_ingy.f",499,500,"COR_C2","(V(I,9),I=1,5)",3,"-0.46716770D+01","numeric",-4.671677,,"38548071d5aa652bb90c7f111f86b427f798a1c9"
"f_ingy.f",499,500,"COR_C2","(V(I,9),I=1,5)",4,"-0.10569956D+01","numeric",-1.0569956,,"38548071d5aa652bb90c7f111f86b427f798a1c9"
"f_ingy.f",499,500,"COR_C2","(V(I,9),I=1,5)",5,"-0.77545519D+00","numeric",-0.77545519,,"38548071d5aa652bb90c7f111f86b427f798a1c9"
"f_ingy.f",503,504,"COR_C2","(V(I,10),I=1,5)",1,"-0.55353327D+01","numeric",-5.5353327,,"38548071d5aa652bb90c7f111f86b427f798a1c9"
"f_ingy.f",503,504,"COR_C2","(V(I,10),I=1,5)",2,"0.20954955D+02","numeric",20.954955,,"38548071d5aa652bb90c7f111f86b427f798a1c9"
"f_ingy.f",503,504,"COR_C2","(V(I,10),I=1,5)",3,"-0.66258696D+01","numeric",-6.6258696,,"38548071d5aa652bb90c7f111f86b427f798a1c9"
"f_ingy.f",503,504,"COR_C2","(V(I,10),I=1,5)",4,"-0.98999018D+00","numeric",-0.98999018,,"38548071d5aa652bb90c7f111f86b427f798a1c9"
"f_ingy.f",503,504,"COR_C2","(V(I,10),I=1,5)",5,"0.21262294D+00","numeric",0.21262294,,"38548071d5aa652bb90c7f111f86b427f798a1c9"
"f_ingy.f",507,508,"COR_C2","(V(I,11),I=1,5)",1,"-0.46723264D+01","numeric",-4.6723264,,"38548071d5aa652bb90c7f111f86b427f798a1c9"
"f_ingy.f",507,508,"COR_C2","(V(I,11),I=1,5)",2,"0.15282969D+02","numeric",15.282969,,"38548071d5aa652bb90c7f111f86b427f798a1c9"
"f_ingy.f",507,508,"COR_C2","(V(I,11),I=1,5)",3,"-0.52893666D+01","numeric",-5.2893666,,"38548071d5aa652bb90c7f111f86b427f798a1c9"
"f_ingy.f",507,508,"COR_C2","(V(I,11),I=1,5)",4,"-0.14847301D+01","numeric",-1.4847301,,"38548071d5aa652bb90c7f111f86b427f798a1c9"
"f_ingy.f",507,508,"COR_C2","(V(I,11),I=1,5)",5,"-0.37828956D+00","numeric",-0.37828956,,"38548071d5aa652bb90c7f111f86b427f798a1c9"
"f_ingy.f",511,512,"COR_C2","(V(I,12),I=1,5)",1,"-0.52706199D+01","numeric",-5.2706199,,"38548071d5aa652bb90c7f111f86b427f798a1c9"
"f_ingy.f",511,512,"COR_C2","(V(I,12),I=1,5)",2,"0.18147772D+02","numeric",18.147772,,"38548071d5aa652bb90c7f111f86b427f798a1c9"
"f_ingy.f",511,512,"COR_C2","(V(I,12),I=1,5)",3,"-0.50616937D+01","numeric",-5.0616937,,"38548071d5aa652bb90c7f111f86b427f798a1c9"
"f_ingy.f",511,512,"COR_C2","(V(I,12),I=1,5)",4,"-0.13304567D+01","numeric",-1.3304567,,"38548071d5aa652bb90c7f111f86b427f798a1c9"
"f_ingy.f",511,512,"COR_C2","(V(I,12),I=1,5)",5,"0.67322419D+00","numeric",0.67322419,,"38548071d5aa652bb90c7f111f86b427f798a1c9"
"f_ingy.f",515,516,"COR_C2","(V(I,13),I=1,5)",1,"-0.63303605D+01","numeric",-6.3303605,,"38548071d5aa652bb90c7f111f86b427f798a1c9"
"f_ingy.f",515,516,"COR_C2","(V(I,13),I=1,5)",2,"0.18704116D+02","numeric",18.704116,,"38548071d5aa652bb90c7f111f86b427f798a1c9"
"f_ingy.f",515,516,"COR_C2","(V(I,13),I=1,5)",3,"-0.58215704D+01","numeric",-5.8215704,,"38548071d5aa652bb90c7f111f86b427f798a1c9"
"f_ingy.f",515,516,"COR_C2","(V(I,13),I=1,5)",4,"-0.17448762D+01","numeric",-1.7448762,,"38548071d5aa652bb90c7f111f86b427f798a1c9"
"f_ingy.f",515,516,"COR_C2","(V(I,13),I=1,5)",5,"0.34012396D+00","numeric",0.34012396,,"38548071d5aa652bb90c7f111f86b427f798a1c9"
"f_ingy.f",614,615,"VAR_C2","(F(I,1),I=10,12)",1,"0.19750000D+00","numeric",0.1975,,"38548071d5aa652bb90c7f111f86b427f798a1c9"
"f_ingy.f",614,615,"VAR_C2","(F(I,1),I=10,12)",2,"0.96630000D+00","numeric",0.9663,,"38548071d5aa652bb90c7f111f86b427f798a1c9"
"f_ingy.f",614,615,"VAR_C2","(F(I,1),I=10,12)",3,"0.36700000D-03","numeric",0.000367,,"38548071d5aa652bb90c7f111f86b427f798a1c9"
"f_ingy.f",617,622,"VAR_C2","(V(I,1),I= 1,16)",1,"-0.87861916D+01","numeric",-8.7861916,,"38548071d5aa652bb90c7f111f86b427f798a1c9"
"f_ingy.f",617,622,"VAR_C2","(V(I,1),I= 1,16)",2,"0.38942378D+00","numeric",0.38942378,,"38548071d5aa652bb90c7f111f86b427f798a1c9"
"f_ingy.f",617,622,"VAR_C2","(V(I,1),I= 1,16)",3,"0.24151069D+01","numeric",2.4151069,,"38548071d5aa652bb90c7f111f86b427f798a1c9"
"f_ingy.f",617,622,"VAR_C2","(V(I,1),I= 1,16)",4,"0.86871264D+01","numeric",8.6871264,,"38548071d5aa652bb90c7f111f86b427f798a1c9"
"f_ingy.f",617,622,"VAR_C2","(V(I,1),I= 1,16)",5,"-0.12932895D+01","numeric",-1.2932895,,"38548071d5aa652bb90c7f111f86b427f798a1c9"
"f_ingy.f",617,622,"VAR_C2","(V(I,1),I= 1,16)",6,"0.10448179D+01","numeric",1.0448179,,"38548071d5aa652bb90c7f111f86b427f798a1c9"
"f_ingy.f",617,622,"VAR_C2","(V(I,1),I= 1,16)",7,"0.00000000D+00","numeric",0,,"38548071d5aa652bb90c7f111f86b427f798a1c9"
"f_ingy.f",617,622,"VAR_C2","(V(I,1),I= 1,16)",8,"0.96526647D-01","numeric",0.096526647,,"38548071d5aa652bb90c7f111f86b427f798a1c9"
"f_ingy.f",617,622,"VAR_C2","(V(I,1),I= 1,16)",9,"0.13685097D+00","numeric",0.13685097,,"38548071d5aa652bb90c7f111f86b427f798a1c9"
"f_ingy.f",617,622,"VAR_C2","(V(I,1),I= 1,16)",10,"-0.44306740D+00","numeric",-0.4430674,,"38548071d5aa652bb90c7f111f86b427f798a1c9"
"f_ingy.f",617,622,"VAR_C2","(V(I,1),I= 1,16)",11,"-0.63677273D+01","numeric",-6.3677273,,"38548071d5aa652bb90c7f111f86b427f798a1c9"
"f_ingy.f",617,622,"VAR_C2","(V(I,1),I= 1,16)",12,"-0.28346734D+00","numeric",-0.28346734,,"38548071d5aa652bb90c7f111f86b427f798a1c9"
"f_ingy.f",617,622,"VAR_C2","(V(I,1),I= 1,16)",13,"0.30403741D+00","numeric",0.30403741,,"38548071d5aa652bb90c7f111f86b427f798a1c9"
"f_ingy.f",617,622,"VAR_C2","(V(I,1),I= 1,16)",14,"0.23458454D+01","numeric",2.3458454,,"38548071d5aa652bb90c7f111f86b427f798a1c9"
"f_ingy.f",617,622,"VAR_C2","(V(I,1),I= 1,16)",15,"0.15233441D+00","numeric",0.15233441,,"38548071d5aa652bb90c7f111f86b427f798a1c9"
"f_ingy.f",617,622,"VAR_C2","(V(I,1),I= 1,16)",16,"0.15821190D+01","numeric",1.582119,,"38548071d5aa652bb90c7f111f86b427f798a1c9"
"f_ingy.f",625,626,"VAR_C2","(F(I,2),I=10,12)",1,"0.55800000D-01","numeric",0.0558,,"38548071d5aa652bb90c7f111f86b427f798a1c9"
"f_ingy.f",625,626,"VAR_C2","(F(I,2),I=10,12)",2,"0.12635000D+01","numeric",1.2635,,"38548071d5aa652bb90c7f111f86b427f798a1c9"
"f_ingy.f",625,626,"VAR_C2","(F(I,2),I=10,12)",3,"-0.31600000D-03","numeric",-0.000316,,"38548071d5aa652bb90c7f111f86b427f798a1c9"
"f_ingy.f",628,633,"VAR_C2","(V(I,2),I= 1,16)",1,"-0.52217635D+01","numeric",-5.2217635,,"38548071d5aa652bb90c7f111f86b427f798a1c9"
"f_ingy.f",628,633,"VAR_C2","(V(I,2),I= 1,16)",2,"-0.23364372D+00","numeric",-0.23364372,,"38548071d5aa652bb90c7f111f86b427f798a1c9"
"f_ingy.f",628,633,"VAR_C2","(V(I,2),I= 1,16)",3,"0.10581464D+00","numeric",0.10581464,,"38548071d5aa652bb90c7f111f86b427f798a1c9"
"f_ingy.f",628,633,"VAR_C2","(V(I,2),I= 1,16)",4,"0.76117971D+01","numeric",7.6117971,,"38548071d5aa652bb90c7f111f86b427f798a1c9"
"f_ingy.f",628,633,"VAR_C2","(V(I,2),I= 1,16)",5,"-0.10588704D+01","numeric",-1.0588704,,"38548071d5aa652bb90c7f111f86b427f798a1c9"
"f_ingy.f",628,633,"VAR_C2","(V(I,2),I= 1,16)",6,"0.11469169D+01","numeric",1.1469169,,"38548071d5aa652bb90c7f111f86b427f798a1c9"
"f_ingy.f",628,633,"VAR_C2","(V(I,2),I= 1,16)",7,"0.16914337D+00","numeric",0.16914337,,"38548071d5aa652bb90c7f111f86b427f798a1c9"
"f_ingy.f",628,633,"VAR_C2","(V(I,2),I= 1,16)",8,"0.35117997D-01","numeric",0.035117997,,"38548071d5aa652bb90c7f111f86b427f798a1c9"
"f_ingy.f",628,633,"VAR_C2","(V(I,2),I= 1,16)",9,"0.10000000D+01","numeric",1,,"38548071d5aa652bb90c7f111f86b427f798a1c9"
"f_ingy.f",628,633,"VAR_C2","(V(I,2),I= 1,16)",10,"0.39438121D-01","numeric",0.039438121,,"38548071d5aa652bb90c7f111f86b427f798a1c9"
"f_ingy.f",628,633,"VAR_C2","(V(I,2),I= 1,16)",11,"-0.68717202D+01","numeric",-6.8717202,,"38548071d5aa652bb90c7f111f86b427f798a1c9"
"f_ingy.f",628,633,"VAR_C2","(V(I,2),I= 1,16)",12,"-0.40369684D-01","numeric",-0.040369684,,"38548071d5aa652bb90c7f111f86b427f798a1c9"
"f_ingy.f",628,633,"VAR_C2","(V(I,2),I= 1,16)",13,"0.57719712D+00","numeric",0.57719712,,"38548071d5aa652bb90c7f111f86b427f798a1c9"
"f_ingy.f",628,633,"VAR_C2","(V(I,2),I= 1,16)",14,"-0.48188520D+00","numeric",-0.4818852,,"38548071d5aa652bb90c7f111f86b427f798a1c9"
"f_ingy.f",628,633,"VAR_C2","(V(I,2),I= 1,16)",15,"0.77458363D+00","numeric",0.77458363,,"38548071d5aa652bb90c7f111f86b427f798a1c9"
"f_ingy.f",628,633,"VAR_C2","(V(I,2),I= 1,16)",16,"0.29097150D+01","numeric",2.909715,,"38548071d5aa652bb90c7f111f86b427f798a1c9"
"f_ingy.f",636,637,"VAR_C2","(F(I,3),I=10,12)",1,"0.61910000D+00","numeric",0.6191,,"38548071d5aa652bb90c7f111f86b427f798a1c9"
"f_ingy.f",636,637,"VAR_C2","(F(I,3),I=10,12)",2,"0.62000000D+00","numeric",0.62,,"38548071d5aa652bb90c7f111f86b427f798a1c9"
"f_ingy.f",636,637,"VAR_C2","(F(I,3),I=10,12)",3,"0.11060000D-02","numeric",0.001106,,"38548071d5aa652bb90c7f111f86b427f798a1c9"
"f_ingy.f",639,644,"VAR_C2","(V(I,3),I= 1,16)",1,"-0.77600152D+01","numeric",-7.7600152,,"38548071d5aa652bb90c7f111f86b427f798a1c9"
"f_ingy.f",639,644,"VAR_C2","(V(I,3),I= 1,16)",2,"-0.68002365D-01","numeric",-0.068002365,,"38548071d5aa652bb90c7f111f86b427f798a1c9"
"f_ingy.f",639,644,"VAR_C2","(V(I,3),I= 1,16)",3,"0.30281870D+01","numeric",3.028187,,"38548071d5aa652bb90c7f111f86b427f798a1c9"
"f_ingy.f",639,644,"VAR_C2","(V(I,3),I= 1,16)",4,"0.85370762D+01","numeric",8.5370762,,"38548071d5aa652bb90c7f111f86b427f798a1c9"
"f_ingy.f",639,644,"VAR_C2","(V(I,3),I= 1,16)",5,"-0.10788092D+01","numeric",-1.0788092,,"38548071d5aa652bb90c7f111f86b427f798a1c9"
"f_ingy.f",639,644,"VAR_C2","(V(I,3),I= 1,16)",6,"0.94569668D+00","numeric",0.94569668,,"38548071d5aa652bb90c7f111f86b427f798a1c9"
"f_ingy.f",639,644,"VAR_C2","(V(I,3),I= 1,16)",7,"0.00000000D+00","numeric",0,,"38548071d5aa652bb90c7f111f86b427f798a1c9"
"f_ingy.f",639,644,"VAR_C2","(V(I,3),I= 1,16)",8,"0.23088981D-01","numeric",0.023088981,,"38548071d5aa652bb90c7f111f86b427f798a1c9"
"f_ingy.f",639,644,"VAR_C2","(V(I,3),I= 1,16)",9,"0.87032708D+00","numeric",0.87032708,,"38548071d5aa652bb90c7f111f86b427f798a1c9"
"f_ingy.f",639,644,"VAR_C2","(V(I,3),I= 1,16)",10,"-0.41523979D+00","numeric",-0.41523979,,"38548071d5aa652bb90c7f111f86b427f798a1c9"
"f_ingy.f",639,644,"VAR_C2","(V(I,3),I= 1,16)",11,"-0.53889325D+01","numeric",-5.3889325,,"38548071d5aa652bb90c7f111f86b427f798a1c9"
"f_ingy.f",639,644,"VAR_C2","(V(I,3),I= 1,16)",12,"-0.77824215D+00","numeric",-0.77824215,,"38548071d5aa652bb90c7f111f86b427f798a1c9"
"f_ingy.f",639,644,"VAR_C2","(V(I,3),I= 1,16)",13,"0.93680884D+00","numeric",0.93680884,,"38548071d5aa652bb90c7f111f86b427f798a1c9"
"f_ingy.f",639,644,"VAR_C2","(V(I,3),I= 1,16)",14,"0.12692083D+01","numeric",1.2692083,,"38548071d5aa652bb90c7f111f86b427f798a1c9"
"f_ingy.f",639,644,"VAR_C2","(V(I,3),I= 1,16)",15,"0.52691142D+00","numeric",0.52691142,,"38548071d5aa652bb90c7f111f86b427f798a1c9"
"f_ingy.f",639,644,"VAR_C2","(V(I,3),I= 1,16)",16,"0.14583838D+01","numeric",1.4583838,,"38548071d5aa652bb90c7f111f86b427f798a1c9"
"f_ingy.f",647,648,"VAR_C2","(F(I,4),I=10,12)",1,"0.60780000D+00","numeric",0.6078,,"38548071d5aa652bb90c7f111f86b427f798a1c9"
"f_ingy.f",647,648,"VAR_C2","(F(I,4),I=10,12)",2,"0.68530000D+00","numeric",0.6853,,"38548071d5aa652bb90c7f111f86b427f798a1c9"
"f_ingy.f",647,648,"VAR_C2","(F(I,4),I=10,12)",3,"0.89600000D-03","numeric",0.000896,,"38548071d5aa652bb90c7f111f86b427f798a1c9"
"f_ingy.f",650,655,"VAR_C2","(V(I,4),I= 1,16)",1,"-0.57324396D+01","numeric",-5.7324396,,"38548071d5aa652bb90c7f111f86b427f798a1c9"
"f_ingy.f",650,655,"VAR_C2","(V(I,4),I= 1,16)",2,"-0.25574556D+00","numeric",-0.25574556,,"38548071d5aa652bb90c7f111f86b427f798a1c9"
"f_ingy.f",650,655,"VAR_C2","(V(I,4),I= 1,16)",3,"0.20750963D+01","numeric",2.0750963,,"38548071d5aa652bb90c7f111f86b427f798a1c9"
"f_ingy.f",650,655,"VAR_C2","(V(I,4),I= 1,16)",4,"0.37746335D+01","numeric",3.7746335,,"38548071d5aa652bb90c7f111f86b427f798a1c9"
"f_ingy.f",650,655,"VAR_C2","(V(I,4),I= 1,16)",5,"-0.11127807D+00","numeric",-0.11127807,,"38548071d5aa652bb90c7f111f86b427f798a1c9"
"f_ingy.f",650,655,"VAR_C2","(V(I,4),I= 1,16)",6,"0.13005455D+01","numeric",1.3005455,,"38548071d5aa652bb90c7f111f86b427f798a1c9"
"f_ingy.f",650,655,"VAR_C2","(V(I,4),I= 1,16)",7,"0.00000000D+00","numeric",0,,"38548071d5aa652bb90c7f111f86b427f798a1c9"
"f_ingy.f",650,655,"VAR_C2","(V(I,4),I= 1,16)",8,"0.56372266D-01","numeric",0.056372266,,"38548071d5aa652bb90c7f111f86b427f798a1c9"
"f_ingy.f",650,655,"VAR_C2","(V(I,4),I= 1,16)",9,"-0.15253253D+00","numeric",-0.15253253,,"38548071d5aa652bb90c7f111f86b427f798a1c9"
"f_ingy.f",650,655,"VAR_C2","(V(I,4),I= 1,16)",10,"-0.40439166D+00","numeric",-0.40439166,,"38548071d5aa652bb90c7f111f86b427f798a1c9"
"f_ingy.f",650,655,"VAR_C2","(V(I,4),I= 1,16)",11,"-0.46449612D+01","numeric",-4.6449612,,"38548071d5aa652bb90c7f111f86b427f798a1c9"
"f_ingy.f",650,655,"VAR_C2","(V(I,4),I= 1,16)",12,"-0.62894842D+00","numeric",-0.62894842,,"38548071d5aa652bb90c7f111f86b427f798a1c9"
"f_ingy.f",650,655,"VAR_C2","(V(I,4),I= 1,16)",13,"-0.85690977D-01","numeric",-0.085690977,,"38548071d5aa652bb90c7f111f86b427f798a1c9"
"f_ingy.f",650,655,"VAR_C2","(V(I,4),I= 1,16)",14,"-0.57316015D-01","numeric",-0.057316015,,"38548071d5aa652bb90c7f111f86b427f798a1c9"
"f_ingy.f",650,655,"VAR_C2","(V(I,4),I= 1,16)",15,"0.56201552D+00","numeric",0.56201552,,"38548071d5aa652bb90c7f111f86b427f798a1c9"
"f_ingy.f",650,655,"VAR_C2","(V(I,4),I= 1,16)",16,"0.10348040D+01","numeric",1.034804,,"38548071d5aa652bb90c7f111f86b427f798a1c9"
"f_ingy.f",658,659,"VAR_C2","(F(I,5),I=10,12)",1,"0.27880000D+00","numeric",0.2788,,"38548071d5aa652bb90c7f111f86b427f798a1c9"
"f_ingy.f",658,659,"VAR_C2","(F(I,5),I=10,12)",2,"0.80570000D+00","numeric",0.8057,,"38548071d5aa652bb90c7f111f86b427f798a1c9"
"f_ingy.f",658,659,"VAR_C2","(F(I,5),I=10,12)",3,"0.60300000D-03","numeric",0.000603,,"38548071d5aa652bb90c7f111f86b427f798a1c9"
"f_ingy.f",661,666,"VAR_C2","(V(I,5),I= 1,16)",1,"-0.83307969D+01","numeric",-8.3307969,,"38548071d5aa652bb90c7f111f86b427f798a1c9"
"f_ingy.f",661,666,"VAR_C2","(V(I,5),I= 1,16)",2,"0.14499630D+00","numeric",0.1449963,,"38548071d5aa652bb90c7f111f86b427f798a1c9"
"f_ingy.f",661,666,"VAR_C2","(V(I,5),I= 1,16)",3,"0.22757330D+01","numeric",2.275733,,"38548071d5aa652bb90c7f111f86b427f798a1c9"
"f_ingy.f",661,666,"VAR_C2","(V(I,5),I= 1,16)",4,"0.96926943D+01","numeric",9.6926943,,"38548071d5aa652bb90c7f111f86b427f798a1c9"
"f_ingy.f",661,666,"VAR_C2","(V(I,5),I= 1,16)",5,"-0.13015806D+01","numeric",-1.3015806,,"38548071d5aa652bb90c7f111f86b427f798a1c9"
"f_ingy.f",661,666,"VAR_C2","(V(I,5),I= 1,16)",6,"0.11174823D+01","numeric",1.1174823,,"38548071d5aa652bb90c7f111f86b427f798a1c9"
"f_ingy.f",661,666,"VAR_C2","(V(I,5),I= 1,16)",7,"0.00000000D+00","numeric",0,,"38548071d5aa652bb90c7f111f86b427f798a1c9"
"f_ingy.f",661,666,"VAR_C2","(V(I,5),I= 1,16)",8,"0.28164929D-01","numeric",0.028164929,,"38548071d5aa652bb90c7f111f86b427f798a1c9"
"f_ingy.f",661,666,"VAR_C2","(V(I,5),I= 1,16)",9,"0.10000000D+01","numeric",1,,"38548071d5aa652bb90c7f111f86b427f798a1c9"
"f_ingy.f",661,666,"VAR_C2","(V(I,5),I= 1,16)",10,"-0.39492882D+00","numeric",-0.39492882,,"38548071d5aa652bb90c7f111f86b427f798a1c9"
"f_ingy.f",661,666,"VAR_C2","(V(I,5),I= 1,16)",11,"-0.19496333D+01","numeric",-1.9496333,,"38548071d5aa652bb90c7f111f86b427f798a1c9"
"f_ingy.f",661,666,"VAR_C2","(V(I,5),I= 1,16)",12,"-0.14500534D+01","numeric",-1.4500534,,"38548071d5aa652bb90c7f111f86b427f798a1c9"
"f_ingy.f",661,666,"VAR_C2","(V(I,5),I= 1,16)",13,"-0.26604864D+00","numeric",-0.26604864,,"38548071d5aa652bb90c7f111f86b427f798a1c9"
"f_ingy.f",661,666,"VAR_C2","(V(I,5),I= 1,16)",14,"-0.18586386D+01","numeric",-1.8586386,,"38548071d5aa652bb90c7f111f86b427f798a1c9"
"f_ingy.f",661,666,"VAR_C2","(V(I,5),I= 1,16)",15,"0.12454997D+01","numeric",1.2454997,,"38548071d5aa652bb90c7f111f86b427f798a1c9"
"f_ingy.f",661,666,"VAR_C2","(V(I,5),I= 1,16)",16,"0.12241344D+01","numeric",1.2241344,,"38548071d5aa652bb90c7f111f86b427f798a1c9"
"f_ingy.f",669,670,"VAR_C2","(F(I,6),I=10,12)",1,"0.12003000D+01","numeric",1.2003,,"38548071d5aa652bb90c7f111f86b427f798a1c9"
"f_ingy.f",669,670,"VAR_C2","(F(I,6),I=10,12)",2,"0.38370000D+00","numeric",0.3837,,"38548071d5aa652bb90c7f111f86b427f798a1c9"
"f_ingy.f",669,670,"VAR_C2","(F(I,6),I=10,12)",3,"0.23610000D-02","numeric",0.002361,,"38548071d5aa652bb90c7f111f86b427f798a1c9"
"f_ingy.f",672,677,"VAR_C2","(V(I,6),I= 1,16)",1,"-0.75750015D+01","numeric",-7.5750015,,"38548071d5aa652bb90c7f111f86b427f798a1c9"
"f_ingy.f",672,677,"VAR_C2","(V(I,6),I= 1,16)",2,"-0.74534057D-01","numeric",-0.074534057,,"38548071d5aa652bb90c7f111f86b427f798a1c9"
"f_ingy.f",672,677,"VAR_C2","(V(I,6),I= 1,16)",3,"0.28421868D+01","numeric",2.8421868,,"38548071d5aa652bb90c7f111f86b427f798a1c9"
"f_ingy.f",672,677,"VAR_C2","(V(I,6),I= 1,16)",4,"0.57478382D+01","numeric",5.7478382,,"38548071d5aa652bb90c7f111f86b427f798a1c9"
"f_ingy.f",672,677,"VAR_C2","(V(I,6),I= 1,16)",5,"-0.36066482D+00","numeric",-0.36066482,,"38548071d5aa652bb90c7f111f86b427f798a1c9"
"f_ingy.f",672,677,"VAR_C2","(V(I,6),I= 1,16)",6,"0.13819886D+01","numeric",1.3819886,,"38548071d5aa652bb90c7f111f86b427f798a1c9"
"f_ingy.f",672,677,"VAR_C2","(V(I,6),I= 1,16)",7,"0.00000000D+00","numeric",0,,"38548071d5aa652bb90c7f111f86b427f798a1c9"
"f_ingy.f",672,677,"VAR_C2","(V(I,6),I= 1,16)",8,"0.28223671D-01","numeric",0.028223671,,"38548071d5aa652bb90c7f111f86b427f798a1c9"
"f_ingy.f",672,677,"VAR_C2","(V(I,6),I= 1,16)",9,"-0.10000000D+01","numeric",-1,,"38548071d5aa652bb90c7f111f86b427f798a1c9"
"f_ingy.f",672,677,"VAR_C2","(V(I,6),I= 1,16)",10,"-0.36858293D+00","numeric",-0.36858293,,"38548071d5aa652bb90c7f111f86b427f798a1c9"
"f_ingy.f",672,677,"VAR_C2","(V(I,6),I= 1,16)",11,"-0.63488088D+01","numeric",-6.3488088,,"38548071d5aa652bb90c7f111f86b427f798a1c9"
"f_ingy.f",672,677,"VAR_C2","(V(I,6),I= 1,16)",12,"-0.22907055D+00","numeric",-0.22907055,,"38548071d5aa652bb90c7f111f86b427f798a1c9"
"f_ingy.f",672,677,"VAR_C2","(V(I,6),I= 1,16)",13,"0.62337257D+00","numeric",0.62337257,,"38548071d5aa652bb90c7f111f86b427f798a1c9"
"f_ingy.f",672,677,"VAR_C2","(V(I,6),I= 1,16)",14,"0.32002232D+01","numeric",3.2002232,,"38548071d5aa652bb90c7f111f86b427f798a1c9"
"f_ingy.f",672,677,"VAR_C2","(V(I,6),I= 1,16)",15,"0.14868195D+00","numeric",0.14868195,,"38548071d5aa652bb90c7f111f86b427f798a1c9"
"f_ingy.f",672,677,"VAR_C2","(V(I,6),I= 1,16)",16,"0.28488670D+01","numeric",2.848867,,"38548071d5aa652bb90c7f111f86b427f798a1c9"
"f_ingy.f",680,681,"VAR_C2","(F(I,7),I=10,12)",1,"0.83820000D+00","numeric",0.8382,,"38548071d5aa652bb90c7f111f86b427f798a1c9"
"f_ingy.f",680,681,"VAR_C2","(F(I,7),I=10,12)",2,"0.51300000D+00","numeric",0.513,,"38548071d5aa652bb90c7f111f86b427f798a1c9"
"f_ingy.f",680,681,"VAR_C2","(F(I,7),I=10,12)",3,"0.16430000D-02","numeric",0.001643,,"38548071d5aa652bb90c7f111f86b427f798a1c9"
"f_ingy.f",683,688,"VAR_C2","(V(I,7),I= 1,16)",1,"-0.53661720D+01","numeric",-5.366172,,"38548071d5aa652bb90c7f111f86b427f798a1c9"
"f_ingy.f",683,688,"VAR_C2","(V(I,7),I= 1,16)",2,"-0.63960656D+00","numeric",-0.63960656,,"38548071d5aa652bb90c7f111f86b427f798a1c9"
"f_ingy.f",683,688,"VAR_C2","(V(I,7),I= 1,16)",3,"0.23393943D+01","numeric",2.3393943,,"38548071d5aa652bb90c7f111f86b427f798a1c9"
"f_ingy.f",683,688,"VAR_C2","(V(I,7),I= 1,16)",4,"0.46136800D+01","numeric",4.61368,,"38548071d5aa652bb90c7f111f86b427f798a1c9"
"f_ingy.f",683,688,"VAR_C2","(V(I,7),I= 1,16)",5,"0.45601491D-01","numeric",0.045601491,,"38548071d5aa652bb90c7f111f86b427f798a1c9"
"f_ingy.f",683,688,"VAR_C2","(V(I,7),I= 1,16)",6,"0.10292839D+01","numeric",1.0292839,,"38548071d5aa652bb90c7f111f86b427f798a1c9"
"f_ingy.f",683,688,"VAR_C2","(V(I,7),I= 1,16)",7,"0.00000000D+00","numeric",0,,"38548071d5aa652bb90c7f111f86b427f798a1c9"
"f_ingy.f",683,688,"VAR_C2","(V(I,7),I= 1,16)",8,"0.56691981D-01","numeric",0.056691981,,"38548071d5aa652bb90c7f111f86b427f798a1c9"
"f_ingy.f",683,688,"VAR_C2","(V(I,7),I= 1,16)",9,"-0.27453440D+00","numeric",-0.2745344,,"38548071d5aa652bb90c7f111f86b427f798a1c9"
"f_ingy.f",683,688,"VAR_C2","(V(I,7),I= 1,16)",10,"-0.39145604D+00","numeric",-0.39145604,,"38548071d5aa652bb90c7f111f86b427f798a1c9"
"f_ingy.f",683,688,"VAR_C2","(V(I,7),I= 1,16)",11,"-0.50792677D+01","numeric",-5.0792677,,"38548071d5aa652bb90c7f111f86b427f798a1c9"
"f_ingy.f",683,688,"VAR_C2","(V(I,7),I= 1,16)",12,"-0.44971305D+00","numeric",-0.44971305,,"38548071d5aa652bb90c7f111f86b427f798a1c9"
"f_ingy.f",683,688,"VAR_C2","(V(I,7),I= 1,16)",13,"-0.12039165D+00","numeric",-0.12039165,,"38548071d5aa652bb90c7f111f86b427f798a1c9"
"f_ingy.f",683,688,"VAR_C2","(V(I,7),I= 1,16)",14,"-0.21584487D+01","numeric",-2.1584487,,"38548071d5aa652bb90c7f111f86b427f798a1c9"
"f_ingy.f",683,688,"VAR_C2","(V(I,7),I= 1,16)",15,"0.13472605D+01","numeric",1.3472605,,"38548071d5aa652bb90c7f111f86b427f798a1c9"
"f_ingy.f",683,688,"VAR_C2","(V(I,7),I= 1,16)",16,"0.35584299D+01","numeric",3.5584299,,"38548071d5aa652bb90c7f111f86b427f798a1c9"
"f_ingy.f",691,692,"VAR_C2","(F(I,8),I=10,12)",1,"0.49340000D+00","numeric",0.4934,,"38548071d5aa652bb90c7f111f86b427f798a1c9"
"f_ingy.f",691,692,"VAR_C2","(F(I,8),I=10,12)",2,"0.67040000D+00","numeric",0.6704,,"38548071d5aa652bb90c7f111f86b427f798a1c9"
"f_ingy.f",691,692,"VAR_C2","(F(I,8),I=10,12)",3,"0.72300000D-03","numeric",0.000723,,"38548071d5aa652bb90c7f111f86b427f798a1c9"
"f_ingy.f",694,699,"VAR_C2","(V(I,8),I= 1,16)",1,"-0.74781469D+01","numeric",-7.4781469,,"38548071d5aa652bb90c7f111f86b427f798a1c9"
"f_ingy.f",694,699,"VAR_C2","(V(I,8),I= 1,16)",2,"-0.56696621D-01","numeric",-0.056696621,,"38548071d5aa652bb90c7f111f86b427f798a1c9"
"f_ingy.f",694,699,"VAR_C2","(V(I,8),I= 1,16)",3,"0.25621584D+01","numeric",2.5621584,,"38548071d5aa652bb90c7f111f86b427f798a1c9"
"f_ingy.f",694,699,"VAR_C2","(V(I,8),I= 1,16)",4,"0.30300072D+01","numeric",3.0300072,,"38548071d5aa652bb90c7f111f86b427f798a1c9"
"f_ingy.f",694,699,"VAR_C2","(V(I,8),I= 1,16)",5,"0.24739882D+00","numeric",0.24739882,,"38548071d5aa652bb90c7f111f86b427f798a1c9"
"f_ingy.f",694,699,"VAR_C2","(V(I,8),I= 1,16)",6,"0.10209356D+01","numeric",1.0209356,,"38548071d5aa652bb90c7f111f86b427f798a1c9"
"f_ingy.f",694,699,"VAR_C2","(V(I,8),I= 1,16)",7,"0.00000000D+00","numeric",0,,"38548071d5aa652bb90c7f111f86b427f798a1c9"
"f_ingy.f",694,699,"VAR_C2","(V(I,8),I= 1,16)",8,"0.51477606D-01","numeric",0.051477606,,"38548071d5aa652bb90c7f111f86b427f798a1c9"
"f_ingy.f",694,699,"VAR_C2","(V(I,8),I= 1,16)",9,"-0.41482008D+00","numeric",-0.41482008,,"38548071d5aa652bb90c7f111f86b427f798a1c9"
"f_ingy.f",694,699,"VAR_C2","(V(I,8),I= 1,16)",10,"-0.38330247D+00","numeric",-0.38330247,,"38548071d5aa652bb90c7f111f86b427f798a1c9"
"f_ingy.f",694,699,"VAR_C2","(V(I,8),I= 1,16)",11,"-0.92572316D+01","numeric",-9.2572316,,"38548071d5aa652bb90c7f111f86b427f798a1c9"
"f_ingy.f",694,699,"VAR_C2","(V(I,8),I= 1,16)",12,"0.25930838D+00","numeric",0.25930838,,"38548071d5aa652bb90c7f111f86b427f798a1c9"
"f_ingy.f",694,699,"VAR_C2","(V(I,8),I= 1,16)",13,"0.39072598D+00","numeric",0.39072598,,"38548071d5aa652bb90c7f111f86b427f798a1c9"
"f_ingy.f",694,699,"VAR_C2","(V(I,8),I= 1,16)",14,"0.26542139D+01","numeric",2.6542139,,"38548071d5aa652bb90c7f111f86b427f798a1c9"
"f_ingy.f",694,699,"VAR_C2","(V(I,8),I= 1,16)",15,"0.11447332D+00","numeric",0.11447332,,"38548071d5aa652bb90c7f111f86b427f798a1c9"
"f_ingy.f",694,699,"VAR_C2","(V(I,8),I= 1,16)",16,"0.10846468D+01","numeric",1.0846468,,"38548071d5aa652bb90c7f111f86b427f798a1c9"
"f_ingy.f",702,703,"VAR_C2","(F(I,9),I=10,12)",1,"0.21020000D+00","numeric",0.2102,,"38548071d5aa652bb90c7f111f86b427f798a1c9"
"f_ingy.f",702,703,"VAR_C2","(F(I,9),I=10,12)",2,"0.91540000D+00","numeric",0.9154,,"38548071d5aa652bb90c7f111f86b427f798a1c9"
"f_ingy.f",702,703,"VAR_C2","(F(I,9),I=10,12)",3,"0.37900000D-03","numeric",0.000379,,"38548071d5aa652bb90c7f111f86b427f798a1c9"
"f_ingy.f",705,710,"VAR_C2","(V(I,9),I= 1,16)",1,"-0.97862646D+01","numeric",-9.7862646,,"38548071d5aa652bb90c7f111f86b427f798a1c9"
"f_ingy.f",705,710,"VAR_C2","(V(I,9),I= 1,16)",2,"0.55558106D+00","numeric",0.55558106,,"38548071d5aa652bb90c7f111f86b427f798a1c9"
"f_ingy.f",705,710,"VAR_C2","(V(I,9),I= 1,16)",3,"0.24780360D+01","numeric",2.478036,,"38548071d5aa652bb90c7f111f86b427f798a1c9"
"f_ingy.f",705,710,"VAR_C2","(V(I,9),I= 1,16)",4,"0.10225780D+02","numeric",10.22578,,"38548071d5aa652bb90c7f111f86b427f798a1c9"
"f_ingy.f",705,710,"VAR_C2","(V(I,9),I= 1,16)",5,"-0.16303736D+01","numeric",-1.6303736,,"38548071d5aa652bb90c7f111f86b427f798a1c9"
"f_ingy.f",705,710,"VAR_C2","(V(I,9),I= 1,16)",6,"0.10660142D+01","numeric",1.0660142,,"38548071d5aa652bb90c7f111f86b427f798a1c9"
"f_ingy.f",705,710,"VAR_C2","(V(I,9),I= 1,16)",7,"0.00000000D+00","numeric",0,,"38548071d5aa652bb90c7f111f86b427f798a1c9"
"f_ingy.f",705,710,"VAR_C2","(V(I,9),I= 1,16)",8,"0.46270096D-01","numeric",0.046270096,,"38548071d5aa652bb90c7f111f86b427f798a1c9"
"f_ingy.f",705,710,"VAR_C2","(V(I,9),I= 1,16)",9,"0.93496678D+00","numeric",0.93496678,,"38548071d5aa652bb90c7f111f86b427f798a1c9"
"f_ingy.f",705,710,"VAR_C2","(V(I,9),I= 1,16)",10,"-0.42025655D+00","numeric",-0.42025655,,"38548071d5aa652bb90c7f111f86b427f798a1c9"
"f_ingy.f",705,710,"VAR_C2","(V(I,9),I= 1,16)",11,"-0.42221193D+01","numeric",-4.2221193,,"38548071d5aa652bb90c7f111f86b427f798a1c9"
"f_ingy.f",705,710,"VAR_C2","(V(I,9),I= 1,16)",12,"-0.72661816D+00","numeric",-0.72661816,,"38548071d5aa652bb90c7f111f86b427f798a1c9"
"f_ingy.f",705,710,"VAR_C2","(V(I,9),I= 1,16)",13,"-0.52578751D+00","numeric",-0.52578751,,"38548071d5aa652bb90c7f111f86b427f798a1c9"
"f_ingy.f",705,710,"VAR_C2","(V(I,9),I= 1,16)",14,"-0.45541436D+01","numeric",-4.5541436,,"38548071d5aa652bb90c7f111f86b427f798a1c9"
"f_ingy.f",705,710,"VAR_C2","(V(I,9),I= 1,16)",15,"0.20352324D+01","numeric",2.0352324,,"38548071d5aa652bb90c7f111f86b427f798a1c9"
"f_ingy.f",705,710,"VAR_C2","(V(I,9),I= 1,16)",16,"0.13481250D+01","numeric",1.348125,,"38548071d5aa652bb90c7f111f86b427f798a1c9"
"f_ingy.f",713,714,"VAR_C2","(F(I,10),I=10,12)",1,"0.51943000D+00","numeric",0.51943,,"38548071d5aa652bb90c7f111f86b427f798a1c9"
"f_ingy.f",713,714,"VAR_C2","(F(I,10),I=10,12)",2,"0.71090000D+00","numeric",0.7109,,"38548071d5aa652bb90c7f111f86b427f798a1c9"
"f_ingy.f",713,714,"VAR_C2","(F(I,10),I=10,12)",3,"0.50300000D-03","numeric",0.000503,,"38548071d5aa652bb90c7f111f86b427f798a1c9"
"f_ingy.f",716,721,"VAR_C2","(V(I,10),I= 1,16)",1,"-0.16236989D+02","numeric",-16.236989,,"38548071d5aa652bb90c7f111f86b427f798a1c9"
"f_ingy.f",716,721,"VAR_C2","(V(I,10),I= 1,16)",2,"0.15325659D+01","numeric",1.5325659,,"38548071d5aa652bb90c7f111f86b427f798a1c9"
"f_ingy.f",716,721,"VAR_C2","(V(I,10),I= 1,16)",3,"0.28717816D+01","numeric",2.8717816,,"38548071d5aa652bb90c7f111f86b427f798a1c9"
"f_ingy.f",716,721,"VAR_C2","(V(I,10),I= 1,16)",4,"0.14230027D+02","numeric",14.230027,,"38548071d5aa652bb90c7f111f86b427f798a1c9"
"f_ingy.f",716,721,"VAR_C2","(V(I,10),I= 1,16)",5,"-0.22483676D+01","numeric",-2.2483676,,"38548071d5aa652bb90c7f111f86b427f798a1c9"
"f_ingy.f",716,721,"VAR_C2","(V(I,10),I= 1,16)",6,"0.28714841D+00","numeric",0.28714841,,"38548071d5aa652bb90c7f111f86b427f798a1c9"
"f_ingy.f",716,721,"VAR_C2","(V(I,10),I= 1,16)",7,"0.00000000D+00","numeric",0,,"38548071d5aa652bb90c7f111f86b427f798a1c9"
"f_ingy.f",716,721,"VAR_C2","(V(I,10),I= 1,16)",8,"0.82144971D-01","numeric",0.082144971,,"38548071d5aa652bb90c7f111f86b427f798a1c9"
"f_ingy.f",716,721,"VAR_C2","(V(I,10),I= 1,16)",9,"0.54360298D+00","numeric",0.54360298,,"38548071d5aa652bb90c7f111f86b427f798a1c9"
"f_ingy.f",716,721,"VAR_C2","(V(I,10),I= 1,16)",10,"-0.45567161D+00","numeric",-0.45567161,,"38548071d5aa652bb90c7f111f86b427f798a1c9"
"f_ingy.f",716,721,"VAR_C2","(V(I,10),I= 1,16)",11,"-0.42759971D+01","numeric",-4.2759971,,"38548071d5aa652bb90c7f111f86b427f798a1c9"
"f_ingy.f",716,721,"VAR_C2","(V(I,10),I= 1,16)",12,"-0.70136279D+00","numeric",-0.70136279,,"38548071d5aa652bb90c7f111f86b427f798a1c9"
"f_ingy.f",716,721,"VAR_C2","(V(I,10),I= 1,16)",13,"-0.20865044D+00","numeric",-0.20865044,,"38548071d5aa652bb90c7f111f86b427f798a1c9"
"f_ingy.f",716,721,"VAR_C2","(V(I,10),I= 1,16)",14,"0.80246718D+00","numeric",0.80246718,,"38548071d5aa652bb90c7f111f86b427f798a1c9"
"f_ingy.f",716,721,"VAR_C2","(V(I,10),I= 1,16)",15,"0.46365564D+00","numeric",0.46365564,,"38548071d5aa652bb90c7f111f86b427f798a1c9"
"f_ingy.f",716,721,"VAR_C2","(V(I,10),I= 1,16)",16,"0.20164054D+01","numeric",2.0164054,,"38548071d5aa652bb90c7f111f86b427f798a1c9"
"f_ingy.f",724,725,"VAR_C2","(F(I,11),I=10,12)",1,"0.61910000D+00","numeric",0.6191,,"38548071d5aa652bb90c7f111f86b427f798a1c9"
"f_ingy.f",724,725,"VAR_C2","(F(I,11),I=10,12)",2,"0.62000000D+00","numeric",0.62,,"38548071d5aa652bb90c7f111f86b427f798a1c9"
"f_ingy.f",724,725,"VAR_C2","(F(I,11),I=10,12)",3,"0.11060000D-02","numeric",0.001106,,"38548071d5aa652bb90c7f111f86b427f798a1c9"
"f_ingy.f",727,733,"VAR_C2","(V(I,11),I=1,16)",1,"-0.10424358D+02","numeric",-10.424358,,"38548071d5aa652bb90c7f111f86b427f798a1c9"
"f_ingy.f",727,733,"VAR_C2","(V(I,11),I=1,16)",2,"0.51847185D+00","numeric",0.51847185,,"38548071d5aa652bb90c7f111f86b427f798a1c9"
"f_ingy.f",727,733,"VAR_C2","(V(I,11),I=1,16)",3,"0.23862124D+01","numeric",2.3862124,,"38548071d5aa652bb90c7f111f86b427f798a1c9"
"f_ingy.f",727,733,"VAR_C2","(V(I,11),I=1,16)",4,"0.95984104D+01","numeric",9.5984104,,"38548071d5aa652bb90c7f111f86b427f798a1c9"
"f_ingy.f",727,733,"VAR_C2","(V(I,11),I=1,16)",5,"-0.11852491D+01","numeric",-1.1852491,,"38548071d5aa652bb90c7f111f86b427f798a1c9"
"f_ingy.f",727,733,"VAR_C2","(V(I,11),I=1,16)",6,"0.77096585D+00","numeric",0.77096585,,"38548071d5aa652bb90c7f111f86b427f798a1c9"
"f_ingy.f",727,733,"VAR_C2","(V(I,11),I=1,16)",7,"0.00000000D+00","numeric",0,,"38548071d5aa652bb90c7f111f86b427f798a1c9"
"f_ingy.f",727,733,"VAR_C2","(V(I,11),I=1,16)",8,"0.13623505D-01","numeric",0.013623505,,"38548071d5aa652bb90c7f111f86b427f798a1c9"
"f_ingy.f",727,733,"VAR_C2","(V(I,11),I=1,16)",9,"0.10000000D+01","numeric",1,,"38548071d5aa652bb90c7f111f86b427f798a1c9"
"f_ingy.f",727,733,"VAR_C2","(V(I,11),I=1,16)",10,"-0.37634939D+00","numeric",-0.37634939,,"38548071d5aa652bb90c7f111f86b427f798a1c9"
"f_ingy.f",727,733,"VAR_C2","(V(I,11),I=1,16)",11,"-0.35299059D+01","numeric",-3.5299059,,"38548071d5aa652bb90c7f111f86b427f798a1c9"
"f_ingy.f",727,733,"VAR_C2","(V(I,11),I=1,16)",12,"-0.21046362D+01","numeric",-2.1046362,,"38548071d5aa652bb90c7f111f86b427f798a1c9"
"f_ingy.f",727,733,"VAR_C2","(V(I,11),I=1,16)",13,"0.12369575D+01","numeric",1.2369575,,"38548071d5aa652bb90c7f111f86b427f798a1c9"
"f_ingy.f",727,733,"VAR_C2","(V(I,11),I=1,16)",14,"-0.49610000D+01","numeric",-4.961,,"38548071d5aa652bb90c7f111f86b427f798a1c9"
"f_ingy.f",727,733,"VAR_C2","(V(I,11),I=1,16)",15,"0.28054351D+01","numeric",2.8054351,,"38548071d5aa652bb90c7f111f86b427f798a1c9"
"f_ingy.f",727,733,"VAR_C2","(V(I,11),I=1,16)",16,"0.68522936D+00","numeric",0.68522936,,"38548071d5aa652bb90c7f111f86b427f798a1c9"
"f_ingy.f",736,737,"VAR_C2","(F(I,12),I=10,12)",1,"0.46115714D+00","numeric",0.46115714,,"38548071d5aa652bb90c7f111f86b427f798a1c9"
"f_ingy.f",736,737,"VAR_C2","(F(I,12),I=10,12)",2,"0.76559415D+00","numeric",0.76559415,,"38548071d5aa652bb90c7f111f86b427f798a1c9"
"f_ingy.f",736,737,"VAR_C2","(F(I,12),I=10,12)",3,"0.34060552D-03","numeric",0.00034060552,,"38548071d5aa652bb90c7f111f86b427f798a1c9"
"f_ingy.f",739,744,"VAR_C2","(V(I,12),I= 1,16)",1,"-0.87229255D+01","numeric",-8.7229255,,"38548071d5aa652bb90c7f111f86b427f798a1c9"
"f_ingy.f",739,744,"VAR_C2","(V(I,12),I= 1,16)",2,"-0.49823584D-01","numeric",-0.049823584,,"38548071d5aa652bb90c7f111f86b427f798a1c9"
"f_ingy.f",739,744,"VAR_C2","(V(I,12),I= 1,16)",3,"0.35238539D+01","numeric",3.5238539,,"38548071d5aa652bb90c7f111f86b427f798a1c9"
"f_ingy.f",739,744,"VAR_C2","(V(I,12),I= 1,16)",4,"0.93969507D+01","numeric",9.3969507,,"38548071d5aa652bb90c7f111f86b427f798a1c9"
"f_ingy.f",739,744,"VAR_C2","(V(I,12),I= 1,16)",5,"-0.11480943D+01","numeric",-1.1480943,,"38548071d5aa652bb90c7f111f86b427f798a1c9"
"f_ingy.f",739,744,"VAR_C2","(V(I,12),I= 1,16)",6,"0.11385876D+01","numeric",1.1385876,,"38548071d5aa652bb90c7f111f86b427f798a1c9"
"f_ingy.f",739,744,"VAR_C2","(V(I,12),I= 1,16)",7,"-0.10000000D+00","numeric",-0.1,,"38548071d5aa652bb90c7f111f86b427f798a1c9"
"f_ingy.f",739,744,"VAR_C2","(V(I,12),I= 1,16)",8,"0.46648531D-01","numeric",0.046648531,,"38548071d5aa652bb90c7f111f86b427f798a1c9"
"f_ingy.f",739,744,"VAR_C2","(V(I,12),I= 1,16)",9,"0.63740406D+00","numeric",0.63740406,,"38548071d5aa652bb90c7f111f86b427f798a1c9"
"f_ingy.f",739,744,"VAR_C2","(V(I,12),I= 1,16)",10,"-0.50851998D+00","numeric",-0.50851998,,"38548071d5aa652bb90c7f111f86b427f798a1c9"
"f_ingy.f",739,744,"VAR_C2","(V(I,12),I= 1,16)",11,"-0.35671833D+01","numeric",-3.5671833,,"38548071d5aa652bb90c7f111f86b427f798a1c9"
"f_ingy.f",739,744,"VAR_C2","(V(I,12),I= 1,16)",12,"-0.85252043D+00","numeric",-0.85252043,,"38548071d5aa652bb90c7f111f86b427f798a1c9"
"f_ingy.f",739,744,"VAR_C2","(V(I,12),I= 1,16)",13,"-0.34854118D+00","numeric",-0.34854118,,"38548071d5aa652bb90c7f111f86b427f798a1c9"
"f_ingy.f",739,744,"VAR_C2","(V(I,12),I= 1,16)",14,"-0.87825360D+00","numeric",-0.8782536,,"38548071d5aa652bb90c7f111f86b427f798a1c9"
"f_ingy.f",739,744,"VAR_C2","(V(I,12),I= 1,16)",15,"0.83369209D+00","numeric",0.83369209,,"38548071d5aa652bb90c7f111f86b427f798a1c9"
"f_ingy.f",739,744,"VAR_C2","(V(I,12),I= 1,16)",16,"0.14868045D+01","numeric",1.4868045,,"38548071d5aa652bb90c7f111f86b427f798a1c9"
"f_ingy.f",874,875,"FDBT_C2","(A(I,1),I=1,6)",1,"-2.002013","numeric",-2.002013,,"38548071d5aa652bb90c7f111f86b427f798a1c9"
"f_ingy.f",874,875,"FDBT_C2","(A(I,1),I=1,6)",2,"0.049128","numeric",0.049128,,"38548071d5aa652bb90c7f111f86b427f798a1c9"
"f_ingy.f",874,875,"FDBT_C2","(A(I,1),I=1,6)",3,"-0.000358","numeric",-0.000358,,"38548071d5aa652bb90c7f111f86b427f798a1c9"
"f_ingy.f",874,875,"FDBT_C2","(A(I,1),I=1,6)",4,"-0.003961","numeric",-0.003961,,"38548071d5aa652bb90c7f111f86b427f798a1c9"
"f_ingy.f",874,875,"FDBT_C2","(A(I,1),I=1,6)",5,"-0.0001318","numeric",-0.0001318,,"38548071d5aa652bb90c7f111f86b427f798a1c9"
"f_ingy.f",874,875,"FDBT_C2","(A(I,1),I=1,6)",6,"0.0","numeric",0,,"38548071d5aa652bb90c7f111f86b427f798a1c9"
"f_ingy.f",876,878,"FDBT_C2","(AR(I,1),I=11,23)",1,"-2.136","numeric",-2.136,,"38548071d5aa652bb90c7f111f86b427f798a1c9"
"f_ingy.f",876,878,"FDBT_C2","(AR(I,1),I=11,23)",2,"-2.136","numeric",-2.136,,"38548071d5aa652bb90c7f111f86b427f798a1c9"
"f_ingy.f",876,878,"FDBT_C2","(AR(I,1),I=11,23)",3,"-2.136","numeric",-2.136,,"38548071d5aa652bb90c7f111f86b427f798a1c9"
"f_ingy.f",876,878,"FDBT_C2","(AR(I,1),I=11,23)",4,"-2.136","numeric",-2.136,,"38548071d5aa652bb90c7f111f86b427f798a1c9"
"f_ingy.f",876,878,"FDBT_C2","(AR(I,1),I=11,23)",5,"-2.136","numeric",-2.136,,"38548071d5aa652bb90c7f111f86b427f798a1c9"
"f_ingy.f",876,878,"FDBT_C2","(AR(I,1),I=11,23)",6,"0.0","numeric",0,,"38548071d5aa652bb90c7f111f86b427f798a1c9"
"f_ingy.f",876,878,"FDBT_C2","(AR(I,1),I=11,23)",7,"0.0","numeric",0,,"38548071d5aa652bb90c7f111f86b427f798a1c9"
"f_ingy.f",876,878,"FDBT_C2","(AR(I,1),I=11,23)",8,"0.0","numeric",0,,"38548071d5aa652bb90c7f111f86b427f798a1c9"
"f_ingy.f",876,878,"FDBT_C2","(AR(I,1),I=11,23)",9,"0.0","numeric",0,,"38548071d5aa652bb90c7f111f86b427f798a1c9"
"f_ingy.f",876,878,"FDBT_C2","(AR(I,1),I=11,23)",10,"0.0","numeric",0,,"38548071d5aa652bb90c7f111f86b427f798a1c9"
"f_ingy.f",876,878,"FDBT_C2","(AR(I,1),I=11,23)",11,"-1.813","numeric",-1.813,,"38548071d5aa652bb90c7f111f86b427f798a1c9"
"f_ingy.f",876,878,"FDBT_C2","(AR(I,1),I=11,23)",12,"-1.977","numeric",-1.977,,"38548071d5aa652bb90c7f111f86b427f798a1c9"
"f_ingy.f",876,878,"FDBT_C2","(AR(I,1),I=11,23)",13,"-1.969","numeric",-1.969,,"38548071d5aa652bb90c7f111f86b427f798a1c9"
"f_ingy.f",881,882,"FDBT_C2","(A(I,2),I=1,6)",1,"-1.757421","numeric",-1.757421,,"38548071d5aa652bb90c7f111f86b427f798a1c9"
"f_ingy.f",881,882,"FDBT_C2","(A(I,2),I=1,6)",2,"-0.001908","numeric",-0.001908,,"38548071d5aa652bb90c7f111f86b427f798a1c9"
"f_ingy.f",881,882,"FDBT_C2","(A(I,2),I=1,6)",3,"-0.000108","numeric",-0.000108,,"38548071d5aa652bb90c7f111f86b427f798a1c9"
"f_ingy.f",881,882,"FDBT_C2","(A(I,2),I=1,6)",4,"-0.000348","numeric",-0.000348,,"38548071d5aa652bb90c7f111f86b427f798a1c9"
"f_ingy.f",881,882,"FDBT_C2","(A(I,2),I=1,6)",5,"0.0000732","numeric",7.32e-05,,"38548071d5aa652bb90c7f111f86b427f798a1c9"
"f_ingy.f",881,882,"FDBT_C2","(A(I,2),I=1,6)",6,"0.0","numeric",0,,"38548071d5aa652bb90c7f111f86b427f798a1c9"
"f_ingy.f",883,885,"FDBT_C2","(AR(I,2),I=11,23)",1,"0.000","numeric",0,,"38548071d5aa652bb90c7f111f86b427f798a1c9"
"f_ingy.f",883,885,"FDBT_C2","(AR(I,2),I=11,23)",2,"0.000","numeric",0,,"38548071d5aa652bb90c7f111f86b427f798a1c9"
"f_ingy.f",883,885,"FDBT_C2","(AR(I,2),I=11,23)",3,"0.000","numeric",0,,"38548071d5aa652bb90c7f111f86b427f798a1c9"
"f_ingy.f",883,885,"FDBT_C2","(AR(I,2),I=11,23)",4,"0.000","numeric",0,,"38548071d5aa652bb90c7f111f86b427f798a1c9"
"f_ingy.f",883,885,"FDBT_C2","(AR(I,2),I=11,23)",5,"0.000","numeric",0,,"38548071d5aa652bb90c7f111f86b427f798a1c9"
"f_ingy.f",883,885,"FDBT_C2","(AR(I,2),I=11,23)",6,"0.0","numeric",0,,"38548071d5aa652bb90c7f111f86b427f798a1c9"
"f_ingy.f",883,885,"FDBT_C2","(AR(I,2),I=11,23)",7,"0.0","numeric",0,,"38548071d5aa652bb90c7f111f86b427f798a1c9"
"f_ingy.f",883,885,"FDBT_C2","(AR(I,2),I=11,23)",8,"0.0","numeric",0,,"38548071d5aa652bb90c7f111f86b427f798a1c9"
"f_ingy.f",883,885,"FDBT_C2","(AR(I,2),I=11,23)",9,"0.0","numeric",0,,"38548071d5aa652bb90c7f111f86b427f798a1c9"
"f_ingy.f",883,885,"FDBT_C2","(AR(I,2),I=11,23)",10,"0.0","numeric",0,,"38548071d5aa652bb90c7f111f86b427f798a1c9"
"f_ingy.f",883,885,"FDBT_C2","(AR(I,2),I=11,23)",11,"0.000","numeric",0,,"38548071d5aa652bb90c7f111f86b427f798a1c9"
"f_ingy.f",883,885,"FDBT_C2","(AR(I,2),I=11,23)",12,"0.000","numeric",0,,"38548071d5aa652bb90c7f111f86b427f798a1c9"
"f_ingy.f",883,885,"FDBT_C2","(AR(I,2),I=11,23)",13,"0.000","numeric",0,,"38548071d5aa652bb90c7f111f86b427f798a1c9"
"f_ingy.f",887,888,"FDBT_C2","(A(I,3),I=1,6)",1,"-2.619824","numeric",-2.619824,,"38548071d5aa652bb90c7f111f86b427f798a1c9"
"f_ingy.f",887,888,"FDBT_C2","(A(I,3),I=1,6)",2,"0.030658","numeric",0.030658,,"38548071d5aa652bb90c7f111f86b427f798a1c9"
"f_ingy.f",887,888,"FDBT_C2","(A(I,3),I=1,6)",3,"0.000000","numeric",0,,"38548071d5aa652bb90c7f111f86b427f798a1c9"
"f_ingy.f",887,888,"FDBT_C2","(A(I,3),I=1,6)",4,"-0.001651","numeric",-0.001651,,"38548071d5aa652bb90c7f111f86b427f798a1c9"
"f_ingy.f",887,888,"FDBT_C2","(A(I,3),I=1,6)",5,"-0.0000951","numeric",-9.51e-05,,"38548071d5aa652bb90c7f111f86b427f798a1c9"
"f_ingy.f",887,888,"FDBT_C2","(A(I,3),I=1,6)",6,"0.0","numeric",0,,"38548071d5aa652bb90c7f111f86b427f798a1c9"
"f_ingy.f",889,891,"FDBT_C2","(AR(I,3),I=11,23)",1,"-2.825","numeric",-2.825,,"38548071d5aa652bb90c7f111f86b427f798a1c9"
"f_ingy.f",889,891,"FDBT_C2","(AR(I,3),I=11,23)",2,"-2.741","numeric",-2.741,,"38548071d5aa652bb90c7f111f86b427f798a1c9"
"f_ingy.f",889,891,"FDBT_C2","(AR(I,3),I=11,23)",3,"-2.384","numeric",-2.384,,"38548071d5aa652bb90c7f111f86b427f798a1c9"
"f_ingy.f",889,891,"FDBT_C2","(AR(I,3),I=11,23)",4,"-2.654","numeric",-2.654,,"38548071d5aa652bb90c7f111f86b427f798a1c9"
"f_ingy.f",889,891,"FDBT_C2","(AR(I,3),I=11,23)",5,"0.000","numeric",0,,"38548071d5aa652bb90c7f111f86b427f798a1c9"
"f_ingy.f",889,891,"FDBT_C2","(AR(I,3),I=11,23)",6,"0.0","numeric",0,,"38548071d5aa652bb90c7f111f86b427f798a1c9"
"f_ingy.f",889,891,"FDBT_C2","(AR(I,3),I=11,23)",7,"0.0","numeric",0,,"38548071d5aa652bb90c7f111f86b427f798a1c9"
"f_ingy.f",889,891,"FDBT_C2","(AR(I,3),I=11,23)",8,"0.0","numeric",0,,"38548071d5aa652bb90c7f111f86b427f798a1c9"
"f_ingy.f",889,891,"FDBT_C2","(AR(I,3),I=11,23)",9,"0.0","numeric",0,,"38548071d5aa652bb90c7f111f86b427f798a1c9"
"f_ingy.f",889,891,"FDBT_C2","(AR(I,3),I=11,23)",10,"0.0","numeric",0,,"38548071d5aa652bb90c7f111f86b427f798a1c9"
"f_ingy.f",889,891,"FDBT_C2","(AR(I,3),I=11,23)",11,"0.000","numeric",0,,"38548071d5aa652bb90c7f111f86b427f798a1c9"
"f_ingy.f",889,891,"FDBT_C2","(AR(I,3),I=11,23)",12,"0.000","numeric",0,,"38548071d5aa652bb90c7f111f86b427f798a1c9"
"f_ingy.f",889,891,"FDBT_C2","(AR(I,3),I=11,23)",13,"0.000","numeric",0,,"38548071d5aa652bb90c7f111f86b427f798a1c9"
"f_ingy.f",893,894,"FDBT_C2","(A(I,4),I=1,6)",1,"-1.587349","numeric",-1.587349,,"38548071d5aa652bb90c7f111f86b427f798a1c9"
"f_ingy.f",893,894,"FDBT_C2","(A(I,4),I=1,6)",2,"0.010579","numeric",0.010579,,"38548071d5aa652bb90c7f111f86b427f798a1c9"
"f_ingy.f",893,894,"FDBT_C2","(A(I,4),I=1,6)",3,"-0.000289","numeric",-0.000289,,"38548071d5aa652bb90c7f111f86b427f798a1c9"
"f_ingy.f",893,894,"FDBT_C2","(A(I,4),I=1,6)",4,"-0.001853","numeric",-0.001853,,"38548071d5aa652bb90c7f111f86b427f798a1c9"
"f_ingy.f",893,894,"FDBT_C2","(A(I,4),I=1,6)",5,"-0.0000888","numeric",-8.88e-05,,"38548071d5aa652bb90c7f111f86b427f798a1c9"
"f_ingy.f",893,894,"FDBT_C2","(A(I,4),I=1,6)",6,"1.0","numeric",1,,"38548071d5aa652bb90c7f111f86b427f798a1c9"
"f_ingy.f",895,897,"FDBT_C2","(AR(I,4),I=11,23)",1,"0.000","numeric",0,,"38548071d5aa652bb90c7f111f86b427f798a1c9"
"f_ingy.f",895,897,"FDBT_C2","(AR(I,4),I=11,23)",2,"0.000","numeric",0,,"38548071d5aa652bb90c7f111f86b427f798a1c9"
"f_ingy.f",895,897,"FDBT_C2","(AR(I,4),I=11,23)",3,"0.000","numeric",0,,"38548071d5aa652bb90c7f111f86b427f798a1c9"
"f_ingy.f",895,897,"FDBT_C2","(AR(I,4),I=11,23)",4,"0.000","numeric",0,,"38548071d5aa652bb90c7f111f86b427f798a1c9"
"f_ingy.f",895,897,"FDBT_C2","(AR(I,4),I=11,23)",5,"0.000","numeric",0,,"38548071d5aa652bb90c7f111f86b427f798a1c9"
"f_ingy.f",895,897,"FDBT_C2","(AR(I,4),I=11,23)",6,"0.0","numeric",0,,"38548071d5aa652bb90c7f111f86b427f798a1c9"
"f_ingy.f",895,897,"FDBT_C2","(AR(I,4),I=11,23)",7,"0.0","numeric",0,,"38548071d5aa652bb90c7f111f86b427f798a1c9"
"f_ingy.f",895,897,"FDBT_C2","(AR(I,4),I=11,23)",8,"0.0","numeric",0,,"38548071d5aa652bb90c7f111f86b427f798a1c9"
"f_ingy.f",895,897,"FDBT_C2","(AR(I,4),I=11,23)",9,"0.0","numeric",0,,"38548071d5aa652bb90c7f111f86b427f798a1c9"
"f_ingy.f",895,897,"FDBT_C2","(AR(I,4),I=11,23)",10,"0.0","numeric",0,,"38548071d5aa652bb90c7f111f86b427f798a1c9"
"f_ingy.f",895,897,"FDBT_C2","(AR(I,4),I=11,23)",11,"0.000","numeric",0,,"38548071d5aa652bb90c7f111f86b427f798a1c9"
"f_ingy.f",895,897,"FDBT_C2","(AR(I,4),I=11,23)",12,"0.000","numeric",0,,"38548071d5aa652bb90c7f111f86b427f798a1c9"
"f_ingy.f",895,897,"FDBT_C2","(AR(I,4),I=11,23)",13,"0.000","numeric",0,,"38548071d5aa652bb90c7f111f86b427f798a1c9"
"f_ingy.f",899,900,"FDBT_C2","(A(I,5),I=1,6)",1,"-1.826117","numeric",-1.826117,,"38548071d5aa652bb90c7f111f86b427f798a1c9"
"f_ingy.f",899,900,"FDBT_C2","(A(I,5),I=1,6)",2,"-0.033403","numeric",-0.033403,,"38548071d5aa652bb90c7f111f86b427f798a1c9"
"f_ingy.f",899,900,"FDBT_C2","(A(I,5),I=1,6)",3,"-0.005038","numeric",-0.005038,,"38548071d5aa652bb90c7f111f86b427f798a1c9"
"f_ingy.f",899,900,"FDBT_C2","(A(I,5),I=1,6)",4,"-0.020658","numeric",-0.020658,,"38548071d5aa652bb90c7f111f86b427f798a1c9"
"f_ingy.f",899,900,"FDBT_C2","(A(I,5),I=1,6)",5,"0.0017612","numeric",0.0017612,,"38548071d5aa652bb90c7f111f86b427f798a1c9"
"f_ingy.f",899,900,"FDBT_C2","(A(I,5),I=1,6)",6,"-1.0","numeric",-1,,"38548071d5aa652bb90c7f111f86b427f798a1c9"
"f_ingy.f",901,903,"FDBT_C2","(AR(I,5),I=11,23)",1,"0.000","numeric",0,,"38548071d5aa652bb90c7f111f86b427f798a1c9"
"f_ingy.f",901,903,"FDBT_C2","(AR(I,5),I=11,23)",2,"0.000","numeric",0,,"38548071d5aa652bb90c7f111f86b427f798a1c9"
"f_ingy.f",901,903,"FDBT_C2","(AR(I,5),I=11,23)",3,"0.000","numeric",0,,"38548071d5aa652bb90c7f111f86b427f798a1c9"
"f_ingy.f",901,903,"FDBT_C2","(AR(I,5),I=11,23)",4,"0.000","numeric",0,,"38548071d5aa652bb90c7f111f86b427f798a1c9"
"f_ingy.f",901,903,"FDBT_C2","(AR(I,5),I=11,23)",5,"0.000","numeric",0,,"38548071d5aa652bb90c7f111f86b427f798a1c9"
"f_ingy.f",901,903,"FDBT_C2","(AR(I,5),I=11,23)",6,"0.0","numeric",0,,"38548071d5aa652bb90c7f111f86b427f798a1c9"
"f_ingy.f",901,903,"FDBT_C2","(AR(I,5),I=11,23)",7,"0.0","numeric",0,,"38548071d5aa652bb90c7f111f86b427f798a1c9"
"f_ingy.f",901,903,"FDBT_C2","(AR(I,5),I=11,23)",8,"0.0","numeric",0,,"38548071d5aa652bb90c7f111f86b427f798a1c9"
"f_ingy.f",901,903,"FDBT_C2","(AR(I,5),I=11,23)",9,"0.0","numeric",0,,"38548071d5aa652bb90c7f111f86b427f798a1c9"
"f_ingy.f",901,903,"FDBT_C2","(AR(I,5),I=11,23)",10,"0.0","numeric",0,,"38548071d5aa652bb90c7f111f86b427f798a1c9"
"f_ingy.f",901,903,"FDBT_C2","(AR(I,5),I=11,23)",11,"0.000","numeric",0,,"38548071d5aa652bb90c7f111f86b427f798a1c9"
"f_ingy.f",901,903,"FDBT_C2","(AR(I,5),I=11,23)",12,"0.000","numeric",0,,"38548071d5aa652bb90c7f111f86b427f798a1c9"
"f_ingy.f",901,903,"FDBT_C2","(AR(I,5),I=11,23)",13,"0.000","numeric",0,,"38548071d5aa652bb90c7f111f86b427f798a1c9"
"f_ingy.f",906,907,"FDBT_C2","(A(I,6),I=1,6)",1,"-2.200198","numeric",-2.200198,,"38548071d5aa652bb90c7f111f86b427f798a1c9"
"f_ingy.f",906,907,"FDBT_C2","(A(I,6),I=1,6)",2,"-0.070784","numeric",-0.070784,,"38548071d5aa652bb90c7f111f86b427f798a1c9"
"f_ingy.f",906,907,"FDBT_C2","(A(I,6),I=1,6)",3,"0.000000","numeric",0,,"38548071d5aa652bb90c7f111f86b427f798a1c9"
"f_ingy.f",906,907,"FDBT_C2","(A(I,6),I=1,6)",4,"0.000136","numeric",0.000136,,"38548071d5aa652bb90c7f111f86b427f798a1c9"
"f_ingy.f",906,907,"FDBT_C2","(A(I,6),I=1,6)",5,"0.0003750","numeric",0.000375,,"38548071d5aa652bb90c7f111f86b427f798a1c9"
"f_ingy.f",906,907,"FDBT_C2","(A(I,6),I=1,6)",6,"1.0","numeric",1,,"38548071d5aa652bb90c7f111f86b427f798a1c9"
"f_ingy.f",908,910,"FDBT_C2","(AR(I,6),I=11,23)",1,"0.000","numeric",0,,"38548071d5aa652bb90c7f111f86b427f798a1c9"
"f_ingy.f",908,910,"FDBT_C2","(AR(I,6),I=11,23)",2,"0.000","numeric",0,,"38548071d5aa652bb90c7f111f86b427f798a1c9"
"f_ingy.f",908,910,"FDBT_C2","(AR(I,6),I=11,23)",3,"0.000","numeric",0,,"38548071d5aa652bb90c7f111f86b427f798a1c9"
"f_ingy.f",908,910,"FDBT_C2","(AR(I,6),I=11,23)",4,"0.000","numeric",0,,"38548071d5aa652bb90c7f111f86b427f798a1c9"
"f_ingy.f",908,910,"FDBT_C2","(AR(I,6),I=11,23)",5,"0.000","numeric",0,,"38548071d5aa652bb90c7f111f86b427f798a1c9"
"f_ingy.f",908,910,"FDBT_C2","(AR(I,6),I=11,23)",6,"0.0","numeric",0,,"38548071d5aa652bb90c7f111f86b427f798a1c9"
"f_ingy.f",908,910,"FDBT_C2","(AR(I,6),I=11,23)",7,"0.0","numeric",0,,"38548071d5aa652bb90c7f111f86b427f798a1c9"
"f_ingy.f",908,910,"FDBT_C2","(AR(I,6),I=11,23)",8,"0.0","numeric",0,,"38548071d5aa652bb90c7f111f86b427f798a1c9"
"f_ingy.f",908,910,"FDBT_C2","(AR(I,6),I=11,23)",9,"0.0","numeric",0,,"38548071d5aa652bb90c7f111f86b427f798a1c9"
"f_ingy.f",908,910,"FDBT_C2","(AR(I,6),I=11,23)",10,"0.0","numeric",0,,"38548071d5aa652bb90c7f111f86b427f798a1c9"
"f_ingy.f",908,910,"FDBT_C2","(AR(I,6),I=11,23)",11,"0.00","numeric",0,,"38548071d5aa652bb90c7f111f86b427f798a1c9"
"f_ingy.f",908,910,"FDBT_C2","(AR(I,6),I=11,23)",12,"0.000","numeric",0,,"38548071d5aa652bb90c7f111f86b427f798a1c9"
"f_ingy.f",908,910,"FDBT_C2","(AR(I,6),I=11,23)",13,"0.000","numeric",0,,"38548071d5aa652bb90c7f111f86b427f798a1c9"
"f_ingy.f",913,914,"FDBT_C2","(A(I,7),I=1,6)",1,"-2.127891","numeric",-2.127891,,"38548071d5aa652bb90c7f111f86b427f798a1c9"
"f_ingy.f",913,914,"FDBT_C2","(A(I,7),I=1,6)",2,"0.127621","numeric",0.127621,,"38548071d5aa652bb90c7f111f86b427f798a1c9"
"f_ingy.f",913,914,"FDBT_C2","(A(I,7),I=1,6)",3,"-0.002670","numeric",-0.00267,,"38548071d5aa652bb90c7f111f86b427f798a1c9"
"f_ingy.f",913,914,"FDBT_C2","(A(I,7),I=1,6)",4,"-0.021932","numeric",-0.021932,,"38548071d5aa652bb90c7f111f86b427f798a1c9"
"f_ingy.f",913,914,"FDBT_C2","(A(I,7),I=1,6)",5,"0.0002920","numeric",0.000292,,"38548071d5aa652bb90c7f111f86b427f798a1c9"
"f_ingy.f",913,914,"FDBT_C2","(A(I,7),I=1,6)",6,"1.0","numeric",1,,"38548071d5aa652bb90c7f111f86b427f798a1c9"
"f_ingy.f",915,917,"FDBT_C2","(AR(I,7),I=11,23)",1,"-2.189","numeric",-2.189,,"38548071d5aa652bb90c7f111f86b427f798a1c9"
"f_ingy.f",915,917,"FDBT_C2","(AR(I,7),I=11,23)",2,"-2.220","numeric",-2.22,,"38548071d5aa652bb90c7f111f86b427f798a1c9"
"f_ingy.f",915,917,"FDBT_C2","(AR(I,7),I=11,23)",3,"0.000","numeric",0,,"38548071d5aa652bb90c7f111f86b427f798a1c9"
"f_ingy.f",915,917,"FDBT_C2","(AR(I,7),I=11,23)",4,"-2.073","numeric",-2.073,,"38548071d5aa652bb90c7f111f86b427f798a1c9"
"f_ingy.f",915,917,"FDBT_C2","(AR(I,7),I=11,23)",5,"0.000","numeric",0,,"38548071d5aa652bb90c7f111f86b427f798a1c9"
"f_ingy.f",915,917,"FDBT_C2","(AR(I,7),I=11,23)",6,"0.0","numeric",0,,"38548071d5aa652bb90c7f111f86b427f798a1c9"
"f_ingy.f",915,917,"FDBT_C2","(AR(I,7),I=11,23)",7,"0.0","numeric",0,,"38548071d5aa652bb90c7f111f86b427f798a1c9"
"f_ingy.f",915,917,"FDBT_C2","(AR(I,7),I=11,23)",8,"0.0","numeric",0,,"38548071d5aa652bb90c7f111f86b427f798a1c9"
"f_ingy.f",915,917,"FDBT_C2","(AR(I,7),I=11,23)",9,"0.0","numeric",0,,"38548071d5aa652bb90c7f111f86b427f798a1c9"
"f_ingy.f",915,917,"FDBT_C2","(AR(I,7),I=11,23)",10,"0.0","numeric",0,,"38548071d5aa652bb90c7f111f86b427f798a1c9"
"f_ingy.f",915,917,"FDBT_C2","(AR(I,7),I=11,23)",11,"0.00","numeric",0,,"38548071d5aa652bb90c7f111f86b427f798a1c9"
"f_ingy.f",915,917,"FDBT_C2","(AR(I,7),I=11,23)",12,"-1.952","numeric",-1.952,,"38548071d5aa652bb90c7f111f86b427f798a1c9"
"f_ingy.f",915,917,"FDBT_C2","(AR(I,7),I=11,23)",13,"-2.290","numeric",-2.29,,"38548071d5aa652bb90c7f111f86b427f798a1c9"
"f_ingy.f",920,921,"FDBT_C2","(A(I,8),I=1,6)",1,"-3.018987","numeric",-3.018987,,"38548071d5aa652bb90c7f111f86b427f798a1c9"
"f_ingy.f",920,921,"FDBT_C2","(A(I,8),I=1,6)",2,"0.062254","numeric",0.062254,,"38548071d5aa652bb90c7f111f86b427f798a1c9"
"f_ingy.f",920,921,"FDBT_C2","(A(I,8),I=1,6)",3,"-0.001539","numeric",-0.001539,,"38548071d5aa652bb90c7f111f86b427f798a1c9"
"f_ingy.f",920,921,"FDBT_C2","(A(I,8),I=1,6)",4,"-0.007301","numeric",-0.007301,,"38548071d5aa652bb90c7f111f86b427f798a1c9"
"f_ingy.f",920,921,"FDBT_C2","(A(I,8),I=1,6)",5,"0.0001524","numeric",0.0001524,,"38548071d5aa652bb90c7f111f86b427f798a1c9"
"f_ingy.f",920,921,"FDBT_C2","(A(I,8),I=1,6)",6,"0.0","numeric",0,,"38548071d5aa652bb90c7f111f86b427f798a1c9"
"f_ingy.f",922,924,"FDBT_C2","(AR(I,8),I=11,23)",1,"0.000","numeric",0,,"38548071d5aa652bb90c7f111f86b427f798a1c9"
"f_ingy.f",922,924,"FDBT_C2","(AR(I,8),I=11,23)",2,"0.000","numeric",0,,"38548071d5aa652bb90c7f111f86b427f798a1c9"
"f_ingy.f",922,924,"FDBT_C2","(AR(I,8),I=11,23)",3,"0.000","numeric",0,,"38548071d5aa652bb90c7f111f86b427f798a1c9"
"f_ingy.f",922,924,"FDBT_C2","(AR(I,8),I=11,23)",4,"0.000","numeric",0,,"38548071d5aa652bb90c7f111f86b427f798a1c9"
"f_ingy.f",922,924,"FDBT_C2","(AR(I,8),I=11,23)",5,"0.000","numeric",0,,"38548071d5aa652bb90c7f111f86b427f798a1c9"
"f_ingy.f",922,924,"FDBT_C2","(AR(I,8),I=11,23)",6,"0.0","numeric",0,,"38548071d5aa652bb90c7f111f86b427f798a1c9"
"f_ingy.f",922,924,"FDBT_C2","(AR(I,8),I=11,23)",7,"0.0","numeric",0,,"38548071d5aa652bb90c7f111f86b427f798a1c9"
"f_ingy.f",922,924,"FDBT_C2","(AR(I,8),I=11,23)",8,"0.0","numeric",0,,"38548071d5aa652bb90c7f111f86b427f798a1c9"
"f_ingy.f",922,924,"FDBT_C2","(AR(I,8),I=11,23)",9,"0.0","numeric",0,,"38548071d5aa652bb90c7f111f86b427f798a1c9"
"f_ingy.f",922,924,"FDBT_C2","(AR(I,8),I=11,23)",10,"0.0","numeric",0,,"38548071d5aa652bb90c7f111f86b427f798a1c9"
"f_ingy.f",922,924,"FDBT_C2","(AR(I,8),I=11,23)",11,"0.000","numeric",0,,"38548071d5aa652bb90c7f111f86b427f798a1c9"
"f_ingy.f",922,924,"FDBT_C2","(AR(I,8),I=11,23)",12,"0.000","numeric",0,,"38548071d5aa652bb90c7f111f86b427f798a1c9"
"f_ingy.f",922,924,"FDBT_C2","(AR(I,8),I=11,23)",13,"0.000","numeric",0,,"38548071d5aa652bb90c7f111f86b427f798a1c9"
"f_ingy.f",927,928,"FDBT_C2","(A(I,9),I=1,6)",1,"-2.240592","numeric",-2.240592,,"38548071d5aa652bb90c7f111f86b427f798a1c9"
"f_ingy.f",927,928,"FDBT_C2","(A(I,9),I=1,6)",2,"-0.030430","numeric",-0.03043,,"38548071d5aa652bb90c7f111f86b427f798a1c9"
"f_ingy.f",927,928,"FDBT_C2","(A(I,9),I=1,6)",3,"-0.000011","numeric",-1.1e-05,,"38548071d5aa652bb90c7f111f86b427f798a1c9"
"f_ingy.f",927,928,"FDBT_C2","(A(I,9),I=1,6)",4,"-0.006039","numeric",-0.006039,,"38548071d5aa652bb90c7f111f86b427f798a1c9"
"f_ingy.f",927,928,"FDBT_C2","(A(I,9),I=1,6)",5,"0.0002215","numeric",0.0002215,,"38548071d5aa652bb90c7f111f86b427f798a1c9"
"f_ingy.f",927,928,"FDBT_C2","(A(I,9),I=1,6)",6,"1.0","numeric",1,,"38548071d5aa652bb90c7f111f86b427f798a1c9"
"f_ingy.f",929,931,"FDBT_C2","(AR(I,9),I=11,23)",1,"-2.400","numeric",-2.4,,"38548071d5aa652bb90c7f111f86b427f798a1c9"
"f_ingy.f",929,931,"FDBT_C2","(AR(I,9),I=11,23)",2,"-2.210","numeric",-2.21,,"38548071d5aa652bb90c7f111f86b427f798a1c9"
"f_ingy.f",929,931,"FDBT_C2","(AR(I,9),I=11,23)",3,"-2.199","numeric",-2.199,,"38548071d5aa652bb90c7f111f86b427f798a1c9"
"f_ingy.f",929,931,"FDBT_C2","(AR(I,9),I=11,23)",4,"-2.328","numeric",-2.328,,"38548071d5aa652bb90c7f111f86b427f798a1c9"
"f_ingy.f",929,931,"FDBT_C2","(AR(I,9),I=11,23)",5,"0.000","numeric",0,,"38548071d5aa652bb90c7f111f86b427f798a1c9"
"f_ingy.f",929,931,"FDBT_C2","(AR(I,9),I=11,23)",6,"0.0","numeric",0,,"38548071d5aa652bb90c7f111f86b427f798a1c9"
"f_ingy.f",929,931,"FDBT_C2","(AR(I,9),I=11,23)",7,"0.0","numeric",0,,"38548071d5aa652bb90c7f111f86b427f798a1c9"
"f_ingy.f",929,931,"FDBT_C2","(AR(I,9),I=11,23)",8,"0.0","numeric",0,,"38548071d5aa652bb90c7f111f86b427f798a1c9"
"f_ingy.f",929,931,"FDBT_C2","(AR(I,9),I=11,23)",9,"0.0","numeric",0,,"38548071d5aa652bb90c7f111f86b427f798a1c9"
"f_ingy.f",929,931,"FDBT_C2","(AR(I,9),I=11,23)",10,"0.0","numeric",0,,"38548071d5aa652bb90c7f111f86b427f798a1c9"
"f_ingy.f",929,931,"FDBT_C2","(AR(I,9),I=11,23)",11,"-2.278","numeric",-2.278,,"38548071d5aa652bb90c7f111f86b427f798a1c9"
"f_ingy.f",929,931,"FDBT_C2","(AR(I,9),I=11,23)",12,"-2.214","numeric",-2.214,,"38548071d5aa652bb90c7f111f86b427f798a1c9"
"f_ingy.f",929,931,"FDBT_C2","(AR(I,9),I=11,23)",13,"-2.198","numeric",-2.198,,"38548071d5aa652bb90c7f111f86b427f798a1c9"
"f_ingy.f",934,935,"FDBT_C2","(A(I,10),I=1,6)",1,"-2.340455","numeric",-2.340455,,"38548071d5aa652bb90c7f111f86b427f798a1c9"
"f_ingy.f",934,935,"FDBT_C2","(A(I,10),I=1,6)",2,"-0.035228","numeric",-0.035228,,"38548071d5aa652bb90c7f111f86b427f798a1c9"
"f_ingy.f",934,935,"FDBT_C2","(A(I,10),I=1,6)",3,"0.000000","numeric",0,,"38548071d5aa652bb90c7f111f86b427f798a1c9"
"f_ingy.f",934,935,"FDBT_C2","(A(I,10),I=1,6)",4,"-0.007820","numeric",-0.00782,,"38548071d5aa652bb90c7f111f86b427f798a1c9"
"f_ingy.f",934,935,"FDBT_C2","(A(I,10),I=1,6)",5,"0.0004648","numeric",0.0004648,,"38548071d5aa652bb90c7f111f86b427f798a1c9"
"f_ingy.f",934,935,"FDBT_C2","(A(I,10),I=1,6)",6,"1.0","numeric",1,,"38548071d5aa652bb90c7f111f86b427f798a1c9"
"f_ingy.f",936,938,"FDBT_C2","(AR(I,10),I=11,23)",1,"-2.275","numeric",-2.275,,"38548071d5aa652bb90c7f111f86b427f798a1c9"
"f_ingy.f",936,938,"FDBT_C2","(AR(I,10),I=11,23)",2,"-2.664","numeric",-2.664,,"38548071d5aa652bb90c7f111f86b427f798a1c9"
"f_ingy.f",936,938,"FDBT_C2","(AR(I,10),I=11,23)",3,"-2.368","numeric",-2.368,,"38548071d5aa652bb90c7f111f86b427f798a1c9"
"f_ingy.f",936,938,"FDBT_C2","(AR(I,10),I=11,23)",4,"-2.232","numeric",-2.232,,"38548071d5aa652bb90c7f111f86b427f798a1c9"
"f_ingy.f",936,938,"FDBT_C2","(AR(I,10),I=11,23)",5,"0.000","numeric",0,,"38548071d5aa652bb90c7f111f86b427f798a1c9"
"f_ingy.f",936,938,"FDBT_C2","(AR(I,10),I=11,23)",6,"0.0","numeric",0,,"38548071d5aa652bb90c7f111f86b427f798a1c9"
"f_ingy.f",936,938,"FDBT_C2","(AR(I,10),I=11,23)",7,"0.0","numeric",0,,"38548071d5aa652bb90c7f111f86b427f798a1c9"
"f_ingy.f",936,938,"FDBT_C2","(AR(I,10),I=11,23)",8,"0.0","numeric",0,,"38548071d5aa652bb90c7f111f86b427f798a1c9"
"f_ingy.f",936,938,"FDBT_C2","(AR(I,10),I=11,23)",9,"0.0","numeric",0,,"38548071d5aa652bb90c7f111f86b427f798a1c9"
"f_ingy.f",936,938,"FDBT_C2","(AR(I,10),I=11,23)",10,"0.0","numeric",0,,"38548071d5aa652bb90c7f111f86b427f798a1c9"
"f_ingy.f",936,938,"FDBT_C2","(AR(I,10),I=11,23)",11,"0.000","numeric",0,,"38548071d5aa652bb90c7f111f86b427f798a1c9"
"f_ingy.f",936,938,"FDBT_C2","(AR(I,10),I=11,23)",12,"0.000","numeric",0,,"38548071d5aa652bb90c7f111f86b427f798a1c9"
"f_ingy.f",936,938,"FDBT_C2","(AR(I,10),I=11,23)",13,"0.000","numeric",0,,"38548071d5aa652bb90c7f111f86b427f798a1c9"
"f_ingy.f",941,942,"FDBT_C2","(A(I,11),I=1,6)",1,"-2.520019","numeric",-2.520019,,"38548071d5aa652bb90c7f111f86b427f798a1c9"
"f_ingy.f",941,942,"FDBT_C2","(A(I,11),I=1,6)",2,"-0.024743","numeric",-0.024743,,"38548071d5aa652bb90c7f111f86b427f798a1c9"
"f_ingy.f",941,942,"FDBT_C2","(A(I,11),I=1,6)",3,"0.000000","numeric",0,,"38548071d5aa652bb90c7f111f86b427f798a1c9"
"f_ingy.f",941,942,"FDBT_C2","(A(I,11),I=1,6)",4,"-0.005114","numeric",-0.005114,,"38548071d5aa652bb90c7f111f86b427f798a1c9"
"f_ingy.f",941,942,"FDBT_C2","(A(I,11),I=1,6)",5,"0.0003716","numeric",0.0003716,,"38548071d5aa652bb90c7f111f86b427f798a1c9"
"f_ingy.f",941,942,"FDBT_C2","(A(I,11),I=1,6)",6,"0.0","numeric",0,,"38548071d5aa652bb90c7f111f86b427f798a1c9"
"f_ingy.f",943,945,"FDBT_C2","(AR(I,11),I=11,23)",1,"0.000","numeric",0,,"38548071d5aa652bb90c7f111f86b427f798a1c9"
"f_ingy.f",943,945,"FDBT_C2","(AR(I,11),I=11,23)",2,"0.000","numeric",0,,"38548071d5aa652bb90c7f111f86b427f798a1c9"
"f_ingy.f",943,945,"FDBT_C2","(AR(I,11),I=11,23)",3,"0.000","numeric",0,,"38548071d5aa652bb90c7f111f86b427f798a1c9"
"f_ingy.f",943,945,"FDBT_C2","(AR(I,11),I=11,23)",4,"0.000","numeric",0,,"38548071d5aa652bb90c7f111f86b427f798a1c9"
"f_ingy.f",943,945,"FDBT_C2","(AR(I,11),I=11,23)",5,"0.000","numeric",0,,"38548071d5aa652bb90c7f111f86b427f798a1c9"
"f_ingy.f",943,945,"FDBT_C2","(AR(I,11),I=11,23)",6,"0.0","numeric",0,,"38548071d5aa652bb90c7f111f86b427f798a1c9"
"f_ingy.f",943,945,"FDBT_C2","(AR(I,11),I=11,23)",7,"0.0","numeric",0,,"38548071d5aa652bb90c7f111f86b427f798a1c9"
"f_ingy.f",943,945,"FDBT_C2","(AR(I,11),I=11,23)",8,"0.0","numeric",0,,"38548071d5aa652bb90c7f111f86b427f798a1c9"
"f_ingy.f",943,945,"FDBT_C2","(AR(I,11),I=11,23)",9,"0.0","numeric",0,,"38548071d5aa652bb90c7f111f86b427f798a1c9"
"f_ingy.f",943,945,"FDBT_C2","(AR(I,11),I=11,23)",10,"0.0","numeric",0,,"38548071d5aa652bb90c7f111f86b427f798a1c9"
"f_ingy.f",943,945,"FDBT_C2","(AR(I,11),I=11,23)",11,"0.000","numeric",0,,"38548071d5aa652bb90c7f111f86b427f798a1c9"
"f_ingy.f",943,945,"FDBT_C2","(AR(I,11),I=11,23)",12,"0.000","numeric",0,,"38548071d5aa652bb90c7f111f86b427f798a1c9"
"f_ingy.f",943,945,"FDBT_C2","(AR(I,11),I=11,23)",13,"0.000","numeric",0,,"38548071d5aa652bb90c7f111f86b427f798a1c9"
"f_ingy.f",1169,1170,"BRK_UPC2","(WW(I),I=1,11)",1,"0.76","numeric",0.76,,"38548071d5aa652bb90c7f111f86b427f798a1c9"
"f_ingy.f",1169,1170,"BRK_UPC2","(WW(I),I=1,11)",2,"0.46","numeric",0.46,,"38548071d5aa652bb90c7f111f86b427f798a1c9"
"f_ingy.f",1169,1170,"BRK_UPC2","(WW(I),I=1,11)",3,"0.68","numeric",0.68,,"38548071d5aa652bb90c7f111f86b427f798a1c9"
"f_ingy.f",1169,1170,"BRK_UPC2","(WW(I),I=1,11)",4,"0.58","numeric",0.58,,"38548071d5aa652bb90c7f111f86b427f798a1c9"
"f_ingy.f",1169,1170,"BRK_UPC2","(WW(I),I=1,11)",5,"1.00","numeric",1,,"38548071d5aa652bb90c7f111f86b427f798a1c9"
"f_ingy.f",1169,1170,"BRK_UPC2","(WW(I),I=1,11)",6,"0.93","numeric",0.93,,"38548071d5aa652bb90c7f111f86b427f798a1c9"
"f_ingy.f",1169,1170,"BRK_UPC2","(WW(I),I=1,11)",7,"0.84","numeric",0.84,,"38548071d5aa652bb90c7f111f86b427f798a1c9"
"f_ingy.f",1169,1170,"BRK_UPC2","(WW(I),I=1,11)",8,"0.80","numeric",0.8,,"38548071d5aa652bb90c7f111f86b427f798a1c9"
"f_ingy.f",1169,1170,"BRK_UPC2","(WW(I),I=1,11)",9,"0.67","numeric",0.67,,"38548071d5aa652bb90c7f111f86b427f798a1c9"
"f_ingy.f",1169,1170,"BRK_UPC2","(WW(I),I=1,11)",10,"0.68","numeric",0.68,,"38548071d5aa652bb90c7f111f86b427f798a1c9"
"f_ingy.f",1169,1170,"BRK_UPC2","(WW(I),I=1,11)",11,"0.90","numeric",0.9,,"38548071d5aa652bb90c7f111f86b427f798a1c9"
"f_ingy.f",1218,1219,"BRK_UPD2","(BK(I,1),I=1,8)",1,"-0.28511","numeric",-0.28511,,"38548071d5aa652bb90c7f111f86b427f798a1c9"
"f_ingy.f",1218,1219,"BRK_UPD2","(BK(I,1),I=1,8)",2,"0.006013","numeric",0.006013,,"38548071d5aa652bb90c7f111f86b427f798a1c9"
"f_ingy.f",1218,1219,"BRK_UPD2","(BK(I,1),I=1,8)",3,"0.00650","numeric",0.0065,,"38548071d5aa652bb90c7f111f86b427f798a1c9"
"f_ingy.f",1218,1219,"BRK_UPD2","(BK(I,1),I=1,8)",4,"0","numeric",0,,"38548071d5aa652bb90c7f111f86b427f798a1c9"
"f_ingy.f",1218,1219,"BRK_UPD2","(BK(I,1),I=1,8)",5,"2.7986","numeric",2.7986,,"38548071d5aa652bb90c7f111f86b427f798a1c9"
"f_ingy.f",1218,1219,"BRK_UPD2","(BK(I,1),I=1,8)",6,"6.6873","numeric",6.6873,,"38548071d5aa652bb90c7f111f86b427f798a1c9"
"f_ingy.f",1218,1219,"BRK_UPD2","(BK(I,1),I=1,8)",7,"0.04244","numeric",0.04244,,"38548071d5aa652bb90c7f111f86b427f798a1c9"
"f_ingy.f",1218,1219,"BRK_UPD2","(BK(I,1),I=1,8)",8,"0.00000","numeric",0,,"38548071d5aa652bb90c7f111f86b427f798a1c9"
"f_ingy.f",1221,1222,"BRK_UPD2","(BK(I,2),I=1,8)",1,"-0.22906","numeric",-0.22906,,"38548071d5aa652bb90c7f111f86b427f798a1c9"
"f_ingy.f",1221,1222,"BRK_UPD2","(BK(I,2),I=1,8)",2,"-0.000569","numeric",-0.000569,,"38548071d5aa652bb90c7f111f86b427f798a1c9"
"f_ingy.f",1221,1222,"BRK_UPD2","(BK(I,2),I=1,8)",3,"-0.03472","numeric",-0.03472,,"38548071d5aa652bb90c7f111f86b427f798a1c9"
"f_ingy.f",1221,1222,"BRK_UPD2","(BK(I,2),I=1,8)",4,"0","numeric",0,,"38548071d5aa652bb90c7f111f86b427f798a1c9"
"f_ingy.f",1221,1222,"BRK_UPD2","(BK(I,2),I=1,8)",5,"3.2514","numeric",3.2514,,"38548071d5aa652bb90c7f111f86b427f798a1c9"
"f_ingy.f",1221,1222,"BRK_UPD2","(BK(I,2),I=1,8)",6,"7.2262","numeric",7.2262,,"38548071d5aa652bb90c7f111f86b427f798a1c9"
"f_ingy.f",1221,1222,"BRK_UPD2","(BK(I,2),I=1,8)",7,"0.03676","numeric",0.03676,,"38548071d5aa652bb90c7f111f86b427f798a1c9"
"f_ingy.f",1221,1222,"BRK_UPD2","(BK(I,2),I=1,8)",8,"0.00000","numeric",0,,"38548071d5aa652bb90c7f111f86b427f798a1c9"
"f_ingy.f",1224,1225,"BRK_UPD2","(BK(I,3),I=1,8)",1,"-0.11651","numeric",-0.11651,,"38548071d5aa652bb90c7f111f86b427f798a1c9"
"f_ingy.f",1224,1225,"BRK_UPD2","(BK(I,3),I=1,8)",2,"0.000499","numeric",0.000499,,"38548071d5aa652bb90c7f111f86b427f798a1c9"
"f_ingy.f",1224,1225,"BRK_UPD2","(BK(I,3),I=1,8)",3,"0.04889","numeric",0.04889,,"38548071d5aa652bb90c7f111f86b427f798a1c9"
"f_ingy.f",1224,1225,"BRK_UPD2","(BK(I,3),I=1,8)",4,"0","numeric",0,,"38548071d5aa652bb90c7f111f86b427f798a1c9"
"f_ingy.f",1224,1225,"BRK_UPD2","(BK(I,3),I=1,8)",5,"4.1898","numeric",4.1898,,"38548071d5aa652bb90c7f111f86b427f798a1c9"
"f_ingy.f",1224,1225,"BRK_UPD2","(BK(I,3),I=1,8)",6,"26.5988","numeric",26.5988,,"38548071d5aa652bb90c7f111f86b427f798a1c9"
"f_ingy.f",1224,1225,"BRK_UPD2","(BK(I,3),I=1,8)",7,"0.05871","numeric",0.05871,,"38548071d5aa652bb90c7f111f86b427f798a1c9"
"f_ingy.f",1224,1225,"BRK_UPD2","(BK(I,3),I=1,8)",8,"0.00000","numeric",0,,"38548071d5aa652bb90c7f111f86b427f798a1c9"
"f_ingy.f",1227,1228,"BRK_UPD2","(BK(I,4),I=1,8)",1,"-0.19942","numeric",-0.19942,,"38548071d5aa652bb90c7f111f86b427f798a1c9"
"f_ingy.f",1227,1228,"BRK_UPD2","(BK(I,4),I=1,8)",2,"-0.000449","numeric",-0.000449,,"38548071d5aa652bb90c7f111f86b427f798a1c9"
"f_ingy.f",1227,1228,"BRK_UPD2","(BK(I,4),I=1,8)",3,"0.03997","numeric",0.03997,,"38548071d5aa652bb90c7f111f86b427f798a1c9"
"f_ingy.f",1227,1228,"BRK_UPD2","(BK(I,4),I=1,8)",4,"0","numeric",0,,"38548071d5aa652bb90c7f111f86b427f798a1c9"
"f_ingy.f",1227,1228,"BRK_UPD2","(BK(I,4),I=1,8)",5,"2.8495","numeric",2.8495,,"38548071d5aa652bb90c7f111f86b427f798a1c9"
"f_ingy.f",1227,1228,"BRK_UPD2","(BK(I,4),I=1,8)",6,"4.2885","numeric",4.2885,,"38548071d5aa652bb90c7f111f86b427f798a1c9"
"f_ingy.f",1227,1228,"BRK_UPD2","(BK(I,4),I=1,8)",7,"0.09823","numeric",0.09823,,"38548071d5aa652bb90c7f111f86b427f798a1c9"
"f_ingy.f",1227,1228,"BRK_UPD2","(BK(I,4),I=1,8)",8,"0.00000","numeric",0,,"38548071d5aa652bb90c7f111f86b427f798a1c9"
"f_ingy.f",1230,1231,"BRK_UPD2","(BK(I,5),I=1,8)",1,"-0.31811","numeric",-0.31811,,"38548071d5aa652bb90c7f111f86b427f798a1c9"
"f_ingy.f",1230,1231,"BRK_UPD2","(BK(I,5),I=1,8)",2,"0.025982","numeric",0.025982,,"38548071d5aa652bb90c7f111f86b427f798a1c9"
"f_ingy.f",1230,1231,"BRK_UPD2","(BK(I,5),I=1,8)",3,"-0.21811","numeric",-0.21811,,"38548071d5aa652bb90c7f111f86b427f798a1c9"
"f_ingy.f",1230,1231,"BRK_UPD2","(BK(I,5),I=1,8)",4,"0","numeric",0,,"38548071d5aa652bb90c7f111f86b427f798a1c9"
"f_ingy.f",1230,1231,"BRK_UPD2","(BK(I,5),I=1,8)",5,"3.4490","numeric",3.449,,"38548071d5aa652bb90c7f111f86b427f798a1c9"
"f_ingy.f",1230,1231,"BRK_UPD2","(BK(I,5),I=1,8)",6,"10.9047","numeric",10.9047,,"38548071d5aa652bb90c7f111f86b427f798a1c9"
"f_ingy.f",1230,1231,"BRK_UPD2","(BK(I,5),I=1,8)",7,"0.06326","numeric",0.06326,,"38548071d5aa652bb90c7f111f86b427f798a1c9"
"f_ingy.f",1230,1231,"BRK_UPD2","(BK(I,5),I=1,8)",8,"0.00000","numeric",0,,"38548071d5aa652bb90c7f111f86b427f798a1c9"
"f_ingy.f",1233,1234,"BRK_UPD2","(BK(I,6),I=1,8)",1,"0.01581","numeric",0.01581,,"38548071d5aa652bb90c7f111f86b427f798a1c9"
"f_ingy.f",1233,1234,"BRK_UPD2","(BK(I,6),I=1,8)",2,"-0.002937","numeric",-0.002937,,"38548071d5aa652bb90c7f111f86b427f798a1c9"
"f_ingy.f",1233,1234,"BRK_UPD2","(BK(I,6),I=1,8)",3,"0.09659","numeric",0.09659,,"38548071d5aa652bb90c7f111f86b427f798a1c9"
"f_ingy.f",1233,1234,"BRK_UPD2","(BK(I,6),I=1,8)",4,"1","numeric",1,,"38548071d5aa652bb90c7f111f86b427f798a1c9"
"f_ingy.f",1233,1234,"BRK_UPD2","(BK(I,6),I=1,8)",5,"0.0462","numeric",0.0462,,"38548071d5aa652bb90c7f111f86b427f798a1c9"
"f_ingy.f",1233,1234,"BRK_UPD2","(BK(I,6),I=1,8)",6,"-0.0002","numeric",-2e-04,,"38548071d5aa652bb90c7f111f86b427f798a1c9"
"f_ingy.f",1233,1234,"BRK_UPD2","(BK(I,6),I=1,8)",7,"0.23015","numeric",0.23015,,"38548071d5aa652bb90c7f111f86b427f798a1c9"
"f_ingy.f",1233,1234,"BRK_UPD2","(BK(I,6),I=1,8)",8,"-5.79308","numeric",-5.79308,,"38548071d5aa652bb90c7f111f86b427f798a1c9"
"f_ingy.f",1236,1237,"BRK_UPD2","(BK(I,7),I=1,8)",1,"-0.07488","numeric",-0.07488,,"38548071d5aa652bb90c7f111f86b427f798a1c9"
"f_ingy.f",1236,1237,"BRK_UPD2","(BK(I,7),I=1,8)",2,"-0.014725","numeric",-0.014725,,"38548071d5aa652bb90c7f111f86b427f798a1c9"
"f_ingy.f",1236,1237,"BRK_UPD2","(BK(I,7),I=1,8)",3,"0.26396","numeric",0.26396,,"38548071d5aa652bb90c7f111f86b427f798a1c9"
"f_ingy.f",1236,1237,"BRK_UPD2","(BK(I,7),I=1,8)",4,"1","numeric",1,,"38548071d5aa652bb90c7f111f86b427f798a1c9"
"f_ingy.f",1236,1237,"BRK_UPD2","(BK(I,7),I=1,8)",5,"0.0311","numeric",0.0311,,"38548071d5aa652bb90c7f111f86b427f798a1c9"
"f_ingy.f",1236,1237,"BRK_UPD2","(BK(I,7),I=1,8)",6,"-0.0001","numeric",-1e-04,,"38548071d5aa652bb90c7f111f86b427f798a1c9"
"f_ingy.f",1236,1237,"BRK_UPD2","(BK(I,7),I=1,8)",7,"0.18066","numeric",0.18066,,"38548071d5aa652bb90c7f111f86b427f798a1c9"
"f_ingy.f",1236,1237,"BRK_UPD2","(BK(I,7),I=1,8)",8,"-3.32865","numeric",-3.32865,,"38548071d5aa652bb90c7f111f86b427f798a1c9"
"f_ingy.f",1239,1240,"BRK_UPD2","(BK(I,8),I=1,8)",1,"-0.04445","numeric",-0.04445,,"38548071d5aa652bb90c7f111f86b427f798a1c9"
"f_ingy.f",1239,1240,"BRK_UPD2","(BK(I,8),I=1,8)",2,"-0.006854","numeric",-0.006854,,"38548071d5aa652bb90c7f111f86b427f798a1c9"
"f_ingy.f",1239,1240,"BRK_UPD2","(BK(I,8),I=1,8)",3,"0.17022","numeric",0.17022,,"38548071d5aa652bb90c7f111f86b427f798a1c9"
"f_ingy.f",1239,1240,"BRK_UPD2","(BK(I,8),I=1,8)",4,"0","numeric",0,,"38548071d5aa652bb90c7f111f86b427f798a1c9"
"f_ingy.f",1239,1240,"BRK_UPD2","(BK(I,8),I=1,8)",5,"22.7604","numeric",22.7604,,"38548071d5aa652bb90c7f111f86b427f798a1c9"
"f_ingy.f",1239,1240,"BRK_UPD2","(BK(I,8),I=1,8)",6,"22.9213","numeric",22.9213,,"38548071d5aa652bb90c7f111f86b427f798a1c9"
"f_ingy.f",1239,1240,"BRK_UPD2","(BK(I,8),I=1,8)",7,"0.05486","numeric",0.05486,,"38548071d5aa652bb90c7f111f86b427f798a1c9"
"f_ingy.f",1239,1240,"BRK_UPD2","(BK(I,8),I=1,8)",8,"0.00000","numeric",0,,"38548071d5aa652bb90c7f111f86b427f798a1c9"
"f_ingy.f",1242,1243,"BRK_UPD2","(BK(I,9),I=1,8)",1,"-0.05520","numeric",-0.0552,,"38548071d5aa652bb90c7f111f86b427f798a1c9"
"f_ingy.f",1242,1243,"BRK_UPD2","(BK(I,9),I=1,8)",2,"-0.000681","numeric",-0.000681,,"38548071d5aa652bb90c7f111f86b427f798a1c9"
"f_ingy.f",1242,1243,"BRK_UPD2","(BK(I,9),I=1,8)",3,"0.07176","numeric",0.07176,,"38548071d5aa652bb90c7f111f86b427f798a1c9"
"f_ingy.f",1242,1243,"BRK_UPD2","(BK(I,9),I=1,8)",4,"0","numeric",0,,"38548071d5aa652bb90c7f111f86b427f798a1c9"
"f_ingy.f",1242,1243,"BRK_UPD2","(BK(I,9),I=1,8)",5,"119.8049","numeric",119.8049,,"38548071d5aa652bb90c7f111f86b427f798a1c9"
"f_ingy.f",1242,1243,"BRK_UPD2","(BK(I,9),I=1,8)",6,"30.0000","numeric",30,,"38548071d5aa652bb90c7f111f86b427f798a1c9"
"f_ingy.f",1242,1243,"BRK_UPD2","(BK(I,9),I=1,8)",7,"0.08307","numeric",0.08307,,"38548071d5aa652bb90c7f111f86b427f798a1c9"
"f_ingy.f",1242,1243,"BRK_UPD2","(BK(I,9),I=1,8)",8,"0.00000","numeric",0,,"38548071d5aa652bb90c7f111f86b427f798a1c9"
"f_ingy.f",1245,1246,"BRK_UPD2","(BK(I,10),I=1,8)",1,"-0.04229","numeric",-0.04229,,"38548071d5aa652bb90c7f111f86b427f798a1c9"
"f_ingy.f",1245,1246,"BRK_UPD2","(BK(I,10),I=1,8)",2,"-0.005308","numeric",-0.005308,,"38548071d5aa652bb90c7f111f86b427f798a1c9"
"f_ingy.f",1245,1246,"BRK_UPD2","(BK(I,10),I=1,8)",3,"0.16093","numeric",0.16093,,"38548071d5aa652bb90c7f111f86b427f798a1c9"
"f_ingy.f",1245,1246,"BRK_UPD2","(BK(I,10),I=1,8)",4,"0","numeric",0,,"38548071d5aa652bb90c7f111f86b427f798a1c9"
"f_ingy.f",1245,1246,"BRK_UPD2","(BK(I,10),I=1,8)",5,"1000.0000","numeric",1000,,"38548071d5aa652bb90c7f111f86b427f798a1c9"
"f_ingy.f",1245,1246,"BRK_UPD2","(BK(I,10),I=1,8)",6,"0.0000","numeric",0,,"38548071d5aa652bb90c7f111f86b427f798a1c9"
"f_ingy.f",1245,1246,"BRK_UPD2","(BK(I,10),I=1,8)",7,"0.08730","numeric",0.0873,,"38548071d5aa652bb90c7f111f86b427f798a1c9"
"f_ingy.f",1245,1246,"BRK_UPD2","(BK(I,10),I=1,8)",8,"0.00000","numeric",0,,"38548071d5aa652bb90c7f111f86b427f798a1c9"
"f_ingy.f",1248,1249,"BRK_UPD2","(BK(I,11),I=1,8)",1,"-0.12405","numeric",-0.12405,,"38548071d5aa652bb90c7f111f86b427f798a1c9"
"f_ingy.f",1248,1249,"BRK_UPD2","(BK(I,11),I=1,8)",2,"-0.001084","numeric",-0.001084,,"38548071d5aa652bb90c7f111f86b427f798a1c9"
"f_ingy.f",1248,1249,"BRK_UPD2","(BK(I,11),I=1,8)",3,"0.17016","numeric",0.17016,,"38548071d5aa652bb90c7f111f86b427f798a1c9"
"f_ingy.f",1248,1249,"BRK_UPD2","(BK(I,11),I=1,8)",4,"0","numeric",0,,"38548071d5aa652bb90c7f111f86b427f798a1c9"
"f_ingy.f",1248,1249,"BRK_UPD2","(BK(I,11),I=1,8)",5,"41.4671","numeric",41.4671,,"38548071d5aa652bb90c7f111f86b427f798a1c9"
"f_ingy.f",1248,1249,"BRK_UPD2","(BK(I,11),I=1,8)",6,"30.0000","numeric",30,,"38548071d5aa652bb90c7f111f86b427f798a1c9"
"f_ingy.f",1248,1249,"BRK_UPD2","(BK(I,11),I=1,8)",7,"0.07944","numeric",0.07944,,"38548071d5aa652bb90c7f111f86b427f798a1c9"
"f_ingy.f",1248,1249,"BRK_UPD2","(BK(I,11),I=1,8)",8,"0.00000","numeric",0,,"38548071d5aa652bb90c7f111f86b427f798a1c9"
"f_ingy.f",1340,1341,"BRK_UPH2","(BK(I,1),I=1,5)",1,"-2.1311","numeric",-2.1311,,"38548071d5aa652bb90c7f111f86b427f798a1c9"
"f_ingy.f",1340,1341,"BRK_UPH2","(BK(I,1),I=1,5)",2,"-0.3407","numeric",-0.3407,,"38548071d5aa652bb90c7f111f86b427f798a1c9"
"f_ingy.f",1340,1341,"BRK_UPH2","(BK(I,1),I=1,5)",3,"-0.043016","numeric",-0.043016,,"38548071d5aa652bb90c7f111f86b427f798a1c9"
"f_ingy.f",1340,1341,"BRK_UPH2","(BK(I,1),I=1,5)",4,"1.99440","numeric",1.9944,,"38548071d5aa652bb90c7f111f86b427f798a1c9"
"f_ingy.f",1340,1341,"BRK_UPH2","(BK(I,1),I=1,5)",5,"0.65442","numeric",0.65442,,"38548071d5aa652bb90c7f111f86b427f798a1c9"
"f_ingy.f",1343,1344,"BRK_UPH2","(BK(I,2),I=1,5)",1,"-9.9977","numeric",-9.9977,,"38548071d5aa652bb90c7f111f86b427f798a1c9"
"f_ingy.f",1343,1344,"BRK_UPH2","(BK(I,2),I=1,5)",2,"7.4501","numeric",7.4501,,"38548071d5aa652bb90c7f111f86b427f798a1c9"
"f_ingy.f",1343,1344,"BRK_UPH2","(BK(I,2),I=1,5)",3,"0.000000","numeric",0,,"38548071d5aa652bb90c7f111f86b427f798a1c9"
"f_ingy.f",1343,1344,"BRK_UPH2","(BK(I,2),I=1,5)",4,"1.96902","numeric",1.96902,,"38548071d5aa652bb90c7f111f86b427f798a1c9"
"f_ingy.f",1343,1344,"BRK_UPH2","(BK(I,2),I=1,5)",5,"0.45589","numeric",0.45589,,"38548071d5aa652bb90c7f111f86b427f798a1c9"
"f_ingy.f",1346,1347,"BRK_UPH2","(BK(I,3),I=1,5)",1,"5.8731","numeric",5.8731,,"38548071d5aa652bb90c7f111f86b427f798a1c9"
"f_ingy.f",1346,1347,"BRK_UPH2","(BK(I,3),I=1,5)",2,"-8.1187","numeric",-8.1187,,"38548071d5aa652bb90c7f111f86b427f798a1c9"
"f_ingy.f",1346,1347,"BRK_UPH2","(BK(I,3),I=1,5)",3,"-0.000535","numeric",-0.000535,,"38548071d5aa652bb90c7f111f86b427f798a1c9"
"f_ingy.f",1346,1347,"BRK_UPH2","(BK(I,3),I=1,5)",4,"2.70954","numeric",2.70954,,"38548071d5aa652bb90c7f111f86b427f798a1c9"
"f_ingy.f",1346,1347,"BRK_UPH2","(BK(I,3),I=1,5)",5,"0.96775","numeric",0.96775,,"38548071d5aa652bb90c7f111f86b427f798a1c9"
"f_ingy.f",1349,1350,"BRK_UPH2","(BK(I,4),I=1,5)",1,"20.0000","numeric",20,,"38548071d5aa652bb90c7f111f86b427f798a1c9"
"f_ingy.f",1349,1350,"BRK_UPH2","(BK(I,4),I=1,5)",2,"-22.0641","numeric",-22.0641,,"38548071d5aa652bb90c7f111f86b427f798a1c9"
"f_ingy.f",1349,1350,"BRK_UPH2","(BK(I,4),I=1,5)",3,"-0.000667","numeric",-0.000667,,"38548071d5aa652bb90c7f111f86b427f798a1c9"
"f_ingy.f",1349,1350,"BRK_UPH2","(BK(I,4),I=1,5)",4,"1.85483","numeric",1.85483,,"38548071d5aa652bb90c7f111f86b427f798a1c9"
"f_ingy.f",1349,1350,"BRK_UPH2","(BK(I,4),I=1,5)",5,"0.86883","numeric",0.86883,,"38548071d5aa652bb90c7f111f86b427f798a1c9"
"f_ingy.f",1352,1353,"BRK_UPH2","(BK(I,5),I=1,5)",1,"-2.1180","numeric",-2.118,,"38548071d5aa652bb90c7f111f86b427f798a1c9"
"f_ingy.f",1352,1353,"BRK_UPH2","(BK(I,5),I=1,5)",2,"0.0000","numeric",0,,"38548071d5aa652bb90c7f111f86b427f798a1c9"
"f_ingy.f",1352,1353,"BRK_UPH2","(BK(I,5),I=1,5)",3,"0.000000","numeric",0,,"38548071d5aa652bb90c7f111f86b427f798a1c9"
"f_ingy.f",1352,1353,"BRK_UPH2","(BK(I,5),I=1,5)",4,"2.90737","numeric",2.90737,,"38548071d5aa652bb90c7f111f86b427f798a1c9"
"f_ingy.f",1352,1353,"BRK_UPH2","(BK(I,5),I=1,5)",5,"1.09057","numeric",1.09057,,"38548071d5aa652bb90c7f111f86b427f798a1c9"
"f_ingy.f",1355,1356,"BRK_UPH2","(BK(I,6),I=1,5)",1,"20.0000","numeric",20,,"38548071d5aa652bb90c7f111f86b427f798a1c9"
"f_ingy.f",1355,1356,"BRK_UPH2","(BK(I,6),I=1,5)",2,"-20.7223","numeric",-20.7223,,"38548071d5aa652bb90c7f111f86b427f798a1c9"
"f_ingy.f",1355,1356,"BRK_UPH2","(BK(I,6),I=1,5)",3,"-0.002407","numeric",-0.002407,,"38548071d5aa652bb90c7f111f86b427f798a1c9"
"f_ingy.f",1355,1356,"BRK_UPH2","(BK(I,6),I=1,5)",4,"1.53573","numeric",1.53573,,"38548071d5aa652bb90c7f111f86b427f798a1c9"
"f_ingy.f",1355,1356,"BRK_UPH2","(BK(I,6),I=1,5)",5,"1.46826","numeric",1.46826,,"38548071d5aa652bb90c7f111f86b427f798a1c9"
"f_ingy.f",1358,1359,"BRK_UPH2","(BK(I,7),I=1,5)",1,"-0.2539","numeric",-0.2539,,"38548071d5aa652bb90c7f111f86b427f798a1c9"
"f_ingy.f",1358,1359,"BRK_UPH2","(BK(I,7),I=1,5)",2,"0.0000","numeric",0,,"38548071d5aa652bb90c7f111f86b427f798a1c9"
"f_ingy.f",1358,1359,"BRK_UPH2","(BK(I,7),I=1,5)",3,"0.000000","numeric",0,,"38548071d5aa652bb90c7f111f86b427f798a1c9"
"f_ingy.f",1358,1359,"BRK_UPH2","(BK(I,7),I=1,5)",4,"1.08666","numeric",1.08666,,"38548071d5aa652bb90c7f111f86b427f798a1c9"
"f_ingy.f",1358,1359,"BRK_UPH2","(BK(I,7),I=1,5)",5,"3.00000","numeric",3,,"38548071d5aa652bb90c7f111f86b427f798a1c9"
"f_ingy.f",1361,1362,"BRK_UPH2","(BK(I,8),I=1,5)",1,"-0.5571","numeric",-0.5571,,"38548071d5aa652bb90c7f111f86b427f798a1c9"
"f_ingy.f",1361,1362,"BRK_UPH2","(BK(I,8),I=1,5)",2,"0.0000","numeric",0,,"38548071d5aa652bb90c7f111f86b427f798a1c9"
"f_ingy.f",1361,1362,"BRK_UPH2","(BK(I,8),I=1,5)",3,"0.000000","numeric",0,,"38548071d5aa652bb90c7f111f86b427f798a1c9"
"f_ingy.f",1361,1362,"BRK_UPH2","(BK(I,8),I=1,5)",4,"3.54313","numeric",3.54313,,"38548071d5aa652bb90c7f111f86b427f798a1c9"
"f_ingy.f",1361,1362,"BRK_UPH2","(BK(I,8),I=1,5)",5,"3.00000","numeric",3,,"38548071d5aa652bb90c7f111f86b427f798a1c9"
"f_ingy.f",1364,1365,"BRK_UPH2","(BK(I,9),I=1,5)",1,"0.3963","numeric",0.3963,,"38548071d5aa652bb90c7f111f86b427f798a1c9"
"f_ingy.f",1364,1365,"BRK_UPH2","(BK(I,9),I=1,5)",2,"-0.4524","numeric",-0.4524,,"38548071d5aa652bb90c7f111f86b427f798a1c9"
"f_ingy.f",1364,1365,"BRK_UPH2","(BK(I,9),I=1,5)",3,"-0.093202","numeric",-0.093202,,"38548071d5aa652bb90c7f111f86b427f798a1c9"
"f_ingy.f",1364,1365,"BRK_UPH2","(BK(I,9),I=1,5)",4,"2.14604","numeric",2.14604,,"38548071d5aa652bb90c7f111f86b427f798a1c9"
"f_ingy.f",1364,1365,"BRK_UPH2","(BK(I,9),I=1,5)",5,"3.00000","numeric",3,,"38548071d5aa652bb90c7f111f86b427f798a1c9"
"f_ingy.f",1367,1368,"BRK_UPH2","(BK(I,10),I=1,5)",1,"0.7086","numeric",0.7086,,"38548071d5aa652bb90c7f111f86b427f798a1c9"
"f_ingy.f",1367,1368,"BRK_UPH2","(BK(I,10),I=1,5)",2,"0.0000","numeric",0,,"38548071d5aa652bb90c7f111f86b427f798a1c9"
"f_ingy.f",1367,1368,"BRK_UPH2","(BK(I,10),I=1,5)",3,"0.000000","numeric",0,,"38548071d5aa652bb90c7f111f86b427f798a1c9"
"f_ingy.f",1367,1368,"BRK_UPH2","(BK(I,10),I=1,5)",4,"2.20383","numeric",2.20383,,"38548071d5aa652bb90c7f111f86b427f798a1c9"
"f_ingy.f",1367,1368,"BRK_UPH2","(BK(I,10),I=1,5)",5,"2.99991","numeric",2.99991,,"38548071d5aa652bb90c7f111f86b427f798a1c9"
"f_ingy.f",1370,1371,"BRK_UPH2","(BK(I,11),I=1,5)",1,"0.3425","numeric",0.3425,,"38548071d5aa652bb90c7f111f86b427f798a1c9"
"f_ingy.f",1370,1371,"BRK_UPH2","(BK(I,11),I=1,5)",2,"0.0000","numeric",0,,"38548071d5aa652bb90c7f111f86b427f798a1c9"
"f_ingy.f",1370,1371,"BRK_UPH2","(BK(I,11),I=1,5)",3,"0.000000","numeric",0,,"38548071d5aa652bb90c7f111f86b427f798a1c9"
"f_ingy.f",1370,1371,"BRK_UPH2","(BK(I,11),I=1,5)",4,"2.00807","numeric",2.00807,,"38548071d5aa652bb90c7f111f86b427f798a1c9"
"f_ingy.f",1370,1371,"BRK_UPH2","(BK(I,11),I=1,5)",5,"3.00000","numeric",3,,"38548071d5aa652bb90c7f111f86b427f798a1c9"
"f_alaska.f",38,50,"SHP_AK","(F(I,1),I=10,47)",1,"0.36073443D+01","numeric",3.6073443,,"38548071d5aa652bb90c7f111f86b427f798a1c9"
"f_alaska.f",38,50,"SHP_AK","(F(I,1),I=10,47)",2,"0.28808170D+00","numeric",0.2880817,,"38548071d5aa652bb90c7f111f86b427f798a1c9"
"f_alaska.f",38,50,"SHP_AK","(F(I,1),I=10,47)",3,"0.36880717D-03","numeric",0.00036880717,,"38548071d5aa652bb90c7f111f86b427f798a1c9"
"f_alaska.f",38,50,"SHP_AK","(F(I,1),I=10,47)",4,"-0.59261770D+00","numeric",-0.5926177,,"38548071d5aa652bb90c7f111f86b427f798a1c9"
"f_alaska.f",38,50,"SHP_AK","(F(I,1),I=10,47)",5,"-0.26176422D+00","numeric",-0.26176422,,"38548071d5aa652bb90c7f111f86b427f798a1c9"
"f_alaska.f",38,50,"SHP_AK","(F(I,1),I=10,47)",6,"0.21473459D+00","numeric",0.21473459,,"38548071d5aa652bb90c7f111f86b427f798a1c9"
"f_alaska.f",38,50,"SHP_AK","(F(I,1),I=10,47)",7,"0.10424453D-04","numeric",1.0424453e-05,,"38548071d5aa652bb90c7f111f86b427f798a1c9"
"f_alaska.f",38,50,"SHP_AK","(F(I,1),I=10,47)",8,"0.00000000D+00","numeric",0,,"38548071d5aa652bb90c7f111f86b427f798a1c9"
"f_alaska.f",38,50,"SHP_AK","(F(I,1),I=10,47)",9,"0.12753659D+05","numeric",12753.659,,"38548071d5aa652bb90c7f111f86b427f798a1c9"
"f_alaska.f",38,50,"SHP_AK","(F(I,1),I=10,47)",10,"-0.29418473D+04","numeric",-2941.8473,,"38548071d5aa652bb90c7f111f86b427f798a1c9"
"f_alaska.f",38,50,"SHP_AK","(F(I,1),I=10,47)",11,"-0.59464947D-01","numeric",-0.059464947,,"38548071d5aa652bb90c7f111f86b427f798a1c9"
"f_alaska.f",38,50,"SHP_AK","(F(I,1),I=10,47)",12,"-0.52356508D+00","numeric",-0.52356508,,"38548071d5aa652bb90c7f111f86b427f798a1c9"
"f_alaska.f",38,50,"SHP_AK","(F(I,1),I=10,47)",13,"0.31885182D+01","numeric",3.1885182,,"38548071d5aa652bb90c7f111f86b427f798a1c9"
"f_alaska.f",38,50,"SHP_AK","(F(I,1),I=10,47)",14,"0.44300416D+00","numeric",0.44300416,,"38548071d5aa652bb90c7f111f86b427f798a1c9"
"f_alaska.f",38,50,"SHP_AK","(F(I,1),I=10,47)",15,"-0.11222337D+00","numeric",-0.11222337,,"38548071d5aa652bb90c7f111f86b427f798a1c9"
"f_alaska.f",38,50,"SHP_AK","(F(I,1),I=10,47)",16,"0.62259640D+01","numeric",6.225964,,"38548071d5aa652bb90c7f111f86b427f798a1c9"
"f_alaska.f",38,50,"SHP_AK","(F(I,1),I=10,47)",17,"-0.24733297D+01","numeric",-2.4733297,,"38548071d5aa652bb90c7f111f86b427f798a1c9"
"f_alaska.f",38,50,"SHP_AK","(F(I,1),I=10,47)",18,"-0.80698148D+01","numeric",-8.0698148,,"38548071d5aa652bb90c7f111f86b427f798a1c9"
"f_alaska.f",38,50,"SHP_AK","(F(I,1),I=10,47)",19,"0.23730057D+01","numeric",2.3730057,,"38548071d5aa652bb90c7f111f86b427f798a1c9"
"f_alaska.f",38,50,"SHP_AK","(F(I,1),I=10,47)",20,"0.69999943D+01","numeric",6.9999943,,"38548071d5aa652bb90c7f111f86b427f798a1c9"
"f_alaska.f",38,50,"SHP_AK","(F(I,1),I=10,47)",21,"-0.97392805D+01","numeric",-9.7392805,,"38548071d5aa652bb90c7f111f86b427f798a1c9"
"f_alaska.f",38,50,"SHP_AK","(F(I,1),I=10,47)",22,"-0.17557578D+01","numeric",-1.7557578,,"38548071d5aa652bb90c7f111f86b427f798a1c9"
"f_alaska.f",38,50,"SHP_AK","(F(I,1),I=10,47)",23,"0.30946244D+01","numeric",3.0946244,,"38548071d5aa652bb90c7f111f86b427f798a1c9"
"f_alaska.f",38,50,"SHP_AK","(F(I,1),I=10,47)",24,"-0.88493982D-01","numeric",-0.088493982,,"38548071d5aa652bb90c7f111f86b427f798a1c9"
"f_alaska.f",38,50,"SHP_AK","(F(I,1),I=10,47)",25,"0.23735651D+01","numeric",2.3735651,,"38548071d5aa652bb90c7f111f86b427f798a1c9"
"f_alaska.f",38,50,"SHP_AK","(F(I,1),I=10,47)",26,"0.12393680D+01","numeric",1.239368,,"38548071d5aa652bb90c7f111f86b427f798a1c9"
"f_alaska.f",38,50,"SHP_AK","(F(I,1),I=10,47)",27,"-0.74687251D+00","numeric",-0.74687251,,"38548071d5aa652bb90c7f111f86b427f798a1c9"
"f_alaska.f",38,50,"SHP_AK","(F(I,1),I=10,47)",28,"-0.11540908D+00","numeric",-0.11540908,,"38548071d5aa652bb90c7f111f86b427f798a1c9"
"f_alaska.f",38,50,"SHP_AK","(F(I,1),I=10,47)",29,"0.41429549D+01","numeric",4.1429549,,"38548071d5aa652bb90c7f111f86b427f798a1c9"
"f_alaska.f",38,50,"SHP_AK","(F(I,1),I=10,47)",30,"0.18799039D+01","numeric",1.8799039,,"38548071d5aa652bb90c7f111f86b427f798a1c9"
"f_alaska.f",38,50,"SHP_AK","(F(I,1),I=10,47)",31,"-0.70710595D+00","numeric",-0.70710595,,"38548071d5aa652bb90c7f111f86b427f798a1c9"
"f_alaska.f",38,50,"SHP_AK","(F(I,1),I=10,47)",32,"-0.59270766D-01","numeric",-0.059270766,,"38548071d5aa652bb90c7f111f86b427f798a1c9"
"f_alaska.f",38,50,"SHP_AK","(F(I,1),I=10,47)",33,"-0.17168611D+04","numeric",-1716.8611,,"38548071d5aa652bb90c7f111f86b427f798a1c9"
"f_alaska.f",38,50,"SHP_AK","(F(I,1),I=10,47)",34,"0.35569956D+03","numeric",355.69956,,"38548071d5aa652bb90c7f111f86b427f798a1c9"
"f_alaska.f",38,50,"SHP_AK","(F(I,1),I=10,47)",35,"0.00000000D+00","numeric",0,,"38548071d5aa652bb90c7f111f86b427f798a1c9"
"f_alaska.f",38,50,"SHP_AK","(F(I,1),I=10,47)",36,"0.10969542D+01","numeric",1.0969542,,"38548071d5aa652bb90c7f111f86b427f798a1c9"
"f_alaska.f",38,50,"SHP_AK","(F(I,1),I=10,47)",37,"-0.28489405D-01","numeric",-0.028489405,,"38548071d5aa652bb90c7f111f86b427f798a1c9"
"f_alaska.f",38,50,"SHP_AK","(F(I,1),I=10,47)",38,"-0.87696686D-01","numeric",-0.087696686,,"38548071d5aa652bb90c7f111f86b427f798a1c9"
"f_alaska.f",53,65,"SHP_AK","(F(I,2),I=10,47)",1,"0.98477853D+00","numeric",0.98477853,,"38548071d5aa652bb90c7f111f86b427f798a1c9"
"f_alaska.f",53,65,"SHP_AK","(F(I,2),I=10,47)",2,"0.58511441D+00","numeric",0.58511441,,"38548071d5aa652bb90c7f111f86b427f798a1c9"
"f_alaska.f",53,65,"SHP_AK","(F(I,2),I=10,47)",3,"0.30909028D-03","numeric",0.00030909028,,"38548071d5aa652bb90c7f111f86b427f798a1c9"
"f_alaska.f",53,65,"SHP_AK","(F(I,2),I=10,47)",4,"-0.89204162D+00","numeric",-0.89204162,,"38548071d5aa652bb90c7f111f86b427f798a1c9"
"f_alaska.f",53,65,"SHP_AK","(F(I,2),I=10,47)",5,"-0.23390452D+00","numeric",-0.23390452,,"38548071d5aa652bb90c7f111f86b427f798a1c9"
"f_alaska.f",53,65,"SHP_AK","(F(I,2),I=10,47)",6,"-0.49998897D-02","numeric",-0.0049998897,,"38548071d5aa652bb90c7f111f86b427f798a1c9"
"f_alaska.f",53,65,"SHP_AK","(F(I,2),I=10,47)",7,"0.54604625D-01","numeric",0.054604625,,"38548071d5aa652bb90c7f111f86b427f798a1c9"
"f_alaska.f",53,65,"SHP_AK","(F(I,2),I=10,47)",8,"0.00000000D+00","numeric",0,,"38548071d5aa652bb90c7f111f86b427f798a1c9"
"f_alaska.f",53,65,"SHP_AK","(F(I,2),I=10,47)",9,"0.12769089D+05","numeric",12769.089,,"38548071d5aa652bb90c7f111f86b427f798a1c9"
"f_alaska.f",53,65,"SHP_AK","(F(I,2),I=10,47)",10,"-0.28750172D+04","numeric",-2875.0172,,"38548071d5aa652bb90c7f111f86b427f798a1c9"
"f_alaska.f",53,65,"SHP_AK","(F(I,2),I=10,47)",11,"0.23208522D+01","numeric",2.3208522,,"38548071d5aa652bb90c7f111f86b427f798a1c9"
"f_alaska.f",53,65,"SHP_AK","(F(I,2),I=10,47)",12,"0.97290535D+00","numeric",0.97290535,,"38548071d5aa652bb90c7f111f86b427f798a1c9"
"f_alaska.f",53,65,"SHP_AK","(F(I,2),I=10,47)",13,"0.21836353D+01","numeric",2.1836353,,"38548071d5aa652bb90c7f111f86b427f798a1c9"
"f_alaska.f",53,65,"SHP_AK","(F(I,2),I=10,47)",14,"0.96352866D-01","numeric",0.096352866,,"38548071d5aa652bb90c7f111f86b427f798a1c9"
"f_alaska.f",53,65,"SHP_AK","(F(I,2),I=10,47)",15,"-0.60131935D-01","numeric",-0.060131935,,"38548071d5aa652bb90c7f111f86b427f798a1c9"
"f_alaska.f",53,65,"SHP_AK","(F(I,2),I=10,47)",16,"0.46427702D+00","numeric",0.46427702,,"38548071d5aa652bb90c7f111f86b427f798a1c9"
"f_alaska.f",53,65,"SHP_AK","(F(I,2),I=10,47)",17,"-0.78654704D+00","numeric",-0.78654704,,"38548071d5aa652bb90c7f111f86b427f798a1c9"
"f_alaska.f",53,65,"SHP_AK","(F(I,2),I=10,47)",18,"0.30346464D+01","numeric",3.0346464,,"38548071d5aa652bb90c7f111f86b427f798a1c9"
"f_alaska.f",53,65,"SHP_AK","(F(I,2),I=10,47)",19,"-0.50430550D+00","numeric",-0.5043055,,"38548071d5aa652bb90c7f111f86b427f798a1c9"
"f_alaska.f",53,65,"SHP_AK","(F(I,2),I=10,47)",20,"-0.25389446D+01","numeric",-2.5389446,,"38548071d5aa652bb90c7f111f86b427f798a1c9"
"f_alaska.f",53,65,"SHP_AK","(F(I,2),I=10,47)",21,"-0.21025226D+02","numeric",-21.025226,,"38548071d5aa652bb90c7f111f86b427f798a1c9"
"f_alaska.f",53,65,"SHP_AK","(F(I,2),I=10,47)",22,"0.28035137D+01","numeric",2.8035137,,"38548071d5aa652bb90c7f111f86b427f798a1c9"
"f_alaska.f",53,65,"SHP_AK","(F(I,2),I=10,47)",23,"0.87909814D+01","numeric",8.7909814,,"38548071d5aa652bb90c7f111f86b427f798a1c9"
"f_alaska.f",53,65,"SHP_AK","(F(I,2),I=10,47)",24,"-0.86687109D+00","numeric",-0.86687109,,"38548071d5aa652bb90c7f111f86b427f798a1c9"
"f_alaska.f",53,65,"SHP_AK","(F(I,2),I=10,47)",25,"0.73773176D+00","numeric",0.73773176,,"38548071d5aa652bb90c7f111f86b427f798a1c9"
"f_alaska.f",53,65,"SHP_AK","(F(I,2),I=10,47)",26,"-0.13553797D+01","numeric",-1.3553797,,"38548071d5aa652bb90c7f111f86b427f798a1c9"
"f_alaska.f",53,65,"SHP_AK","(F(I,2),I=10,47)",27,"-0.24498232D+00","numeric",-0.24498232,,"38548071d5aa652bb90c7f111f86b427f798a1c9"
"f_alaska.f",53,65,"SHP_AK","(F(I,2),I=10,47)",28,"0.50321072D+00","numeric",0.50321072,,"38548071d5aa652bb90c7f111f86b427f798a1c9"
"f_alaska.f",53,65,"SHP_AK","(F(I,2),I=10,47)",29,"0.17521623D+01","numeric",1.7521623,,"38548071d5aa652bb90c7f111f86b427f798a1c9"
"f_alaska.f",53,65,"SHP_AK","(F(I,2),I=10,47)",30,"0.35018471D+01","numeric",3.5018471,,"38548071d5aa652bb90c7f111f86b427f798a1c9"
"f_alaska.f",53,65,"SHP_AK","(F(I,2),I=10,47)",31,"0.14592921D+00","numeric",0.14592921,,"38548071d5aa652bb90c7f111f86b427f798a1c9"
"f_alaska.f",53,65,"SHP_AK","(F(I,2),I=10,47)",32,"-0.12726548D+00","numeric",-0.12726548,,"38548071d5aa652bb90c7f111f86b427f798a1c9"
"f_alaska.f",53,65,"SHP_AK","(F(I,2),I=10,47)",33,"-0.17269922D+04","numeric",-1726.9922,,"38548071d5aa652bb90c7f111f86b427f798a1c9"
"f_alaska.f",53,65,"SHP_AK","(F(I,2),I=10,47)",34,"0.35994895D+03","numeric",359.94895,,"38548071d5aa652bb90c7f111f86b427f798a1c9"
"f_alaska.f",53,65,"SHP_AK","(F(I,2),I=10,47)",35,"0.00000000D+00","numeric",0,,"38548071d5aa652bb90c7f111f86b427f798a1c9"
"f_alaska.f",53,65,"SHP_AK","(F(I,2),I=10,47)",36,"0.88681845D+01","numeric",8.8681845,,"38548071d5aa652bb90c7f111f86b427f798a1c9"
"f_alaska.f",53,65,"SHP_AK","(F(I,2),I=10,47)",37,"0.58686630D+02","numeric",58.68663,,"38548071d5aa652bb90c7f111f86b427f798a1c9"
"f_alaska.f",53,65,"SHP_AK","(F(I,2),I=10,47)",38,"0.51018047D+00","numeric",0.51018047,,"38548071d5aa652bb90c7f111f86b427f798a1c9"
"f_alaska.f",68,80,"SHP_AK","(F(I,3),I=10,47)",1,"0.49336868D+01","numeric",4.9336868,,"38548071d5aa652bb90c7f111f86b427f798a1c9"
"f_alaska.f",68,80,"SHP_AK","(F(I,3),I=10,47)",2,"0.40232019D-01","numeric",0.040232019,,"38548071d5aa652bb90c7f111f86b427f798a1c9"
"f_alaska.f",68,80,"SHP_AK","(F(I,3),I=10,47)",3,"0.83224395D-03","numeric",0.00083224395,,"38548071d5aa652bb90c7f111f86b427f798a1c9"
"f_alaska.f",68,80,"SHP_AK","(F(I,3),I=10,47)",4,"0.90107598D+00","numeric",0.90107598,,"38548071d5aa652bb90c7f111f86b427f798a1c9"
"f_alaska.f",68,80,"SHP_AK","(F(I,3),I=10,47)",5,"-0.90527505D+00","numeric",-0.90527505,,"38548071d5aa652bb90c7f111f86b427f798a1c9"
"f_alaska.f",68,80,"SHP_AK","(F(I,3),I=10,47)",6,"0.89268065D+00","numeric",0.89268065,,"38548071d5aa652bb90c7f111f86b427f798a1c9"
"f_alaska.f",68,80,"SHP_AK","(F(I,3),I=10,47)",7,"0.14535135D+00","numeric",0.14535135,,"38548071d5aa652bb90c7f111f86b427f798a1c9"
"f_alaska.f",68,80,"SHP_AK","(F(I,3),I=10,47)",8,"0.00000000D+00","numeric",0,,"38548071d5aa652bb90c7f111f86b427f798a1c9"
"f_alaska.f",68,80,"SHP_AK","(F(I,3),I=10,47)",9,"0.78000000D+01","numeric",7.8,,"38548071d5aa652bb90c7f111f86b427f798a1c9"
"f_alaska.f",68,80,"SHP_AK","(F(I,3),I=10,47)",10,"0.00000000D+00","numeric",0,,"38548071d5aa652bb90c7f111f86b427f798a1c9"
"f_alaska.f",68,80,"SHP_AK","(F(I,3),I=10,47)",11,"0.00000000D+00","numeric",0,,"38548071d5aa652bb90c7f111f86b427f798a1c9"
"f_alaska.f",68,80,"SHP_AK","(F(I,3),I=10,47)",12,"0.99000000D+00","numeric",0.99,,"38548071d5aa652bb90c7f111f86b427f798a1c9"
"f_alaska.f",68,80,"SHP_AK","(F(I,3),I=10,47)",13,"0.50129548D+01","numeric",5.0129548,,"38548071d5aa652bb90c7f111f86b427f798a1c9"
"f_alaska.f",68,80,"SHP_AK","(F(I,3),I=10,47)",14,"-0.32927757D+00","numeric",-0.32927757,,"38548071d5aa652bb90c7f111f86b427f798a1c9"
"f_alaska.f",68,80,"SHP_AK","(F(I,3),I=10,47)",15,"-0.82895182D+00","numeric",-0.82895182,,"38548071d5aa652bb90c7f111f86b427f798a1c9"
"f_alaska.f",68,80,"SHP_AK","(F(I,3),I=10,47)",16,"0.46568444D+01","numeric",4.6568444,,"38548071d5aa652bb90c7f111f86b427f798a1c9"
"f_alaska.f",68,80,"SHP_AK","(F(I,3),I=10,47)",17,"-0.16673502D+01","numeric",-1.6673502,,"38548071d5aa652bb90c7f111f86b427f798a1c9"
"f_alaska.f",68,80,"SHP_AK","(F(I,3),I=10,47)",18,"-0.54307696D+01","numeric",-5.4307696,,"38548071d5aa652bb90c7f111f86b427f798a1c9"
"f_alaska.f",68,80,"SHP_AK","(F(I,3),I=10,47)",19,"0.12439151D+01","numeric",1.2439151,,"38548071d5aa652bb90c7f111f86b427f798a1c9"
"f_alaska.f",68,80,"SHP_AK","(F(I,3),I=10,47)",20,"0.13910769D+02","numeric",13.910769,,"38548071d5aa652bb90c7f111f86b427f798a1c9"
"f_alaska.f",68,80,"SHP_AK","(F(I,3),I=10,47)",21,"-0.56519913D+01","numeric",-5.6519913,,"38548071d5aa652bb90c7f111f86b427f798a1c9"
"f_alaska.f",68,80,"SHP_AK","(F(I,3),I=10,47)",22,"0.11187845D+02","numeric",11.187845,,"38548071d5aa652bb90c7f111f86b427f798a1c9"
"f_alaska.f",68,80,"SHP_AK","(F(I,3),I=10,47)",23,"0.69281311D+01","numeric",6.9281311,,"38548071d5aa652bb90c7f111f86b427f798a1c9"
"f_alaska.f",68,80,"SHP_AK","(F(I,3),I=10,47)",24,"0.23890379D+02","numeric",23.890379,,"38548071d5aa652bb90c7f111f86b427f798a1c9"
"f_alaska.f",68,80,"SHP_AK","(F(I,3),I=10,47)",25,"0.96523635D+01","numeric",9.6523635,,"38548071d5aa652bb90c7f111f86b427f798a1c9"
"f_alaska.f",68,80,"SHP_AK","(F(I,3),I=10,47)",26,"-0.95228393D+01","numeric",-9.5228393,,"38548071d5aa652bb90c7f111f86b427f798a1c9"
"f_alaska.f",68,80,"SHP_AK","(F(I,3),I=10,47)",27,"-0.20216598D+01","numeric",-2.0216598,,"38548071d5aa652bb90c7f111f86b427f798a1c9"
"f_alaska.f",68,80,"SHP_AK","(F(I,3),I=10,47)",28,"0.19022197D+01","numeric",1.9022197,,"38548071d5aa652bb90c7f111f86b427f798a1c9"
"f_alaska.f",68,80,"SHP_AK","(F(I,3),I=10,47)",29,"0.63832200D+01","numeric",6.38322,,"38548071d5aa652bb90c7f111f86b427f798a1c9"
"f_alaska.f",68,80,"SHP_AK","(F(I,3),I=10,47)",30,"0.46545050D+01","numeric",4.654505,,"38548071d5aa652bb90c7f111f86b427f798a1c9"
"f_alaska.f",68,80,"SHP_AK","(F(I,3),I=10,47)",31,"0.81554530D+01","numeric",8.155453,,"38548071d5aa652bb90c7f111f86b427f798a1c9"
"f_alaska.f",68,80,"SHP_AK","(F(I,3),I=10,47)",32,"0.14744247D+02","numeric",14.744247,,"38548071d5aa652bb90c7f111f86b427f798a1c9"
"f_alaska.f",68,80,"SHP_AK","(F(I,3),I=10,47)",33,"0.00000000D+00","numeric",0,,"38548071d5aa652bb90c7f111f86b427f798a1c9"
"f_alaska.f",68,80,"SHP_AK","(F(I,3),I=10,47)",34,"0.00000000D+00","numeric",0,,"38548071d5aa652bb90c7f111f86b427f798a1c9"
"f_alaska.f",68,80,"SHP_AK","(F(I,3),I=10,47)",35,"0.00000000D+00","numeric",0,,"38548071d5aa652bb90c7f111f86b427f798a1c9"
"f_alaska.f",68,80,"SHP_AK","(F(I,3),I=10,47)",36,"0.14356636D+01","numeric",1.4356636,,"38548071d5aa652bb90c7f111f86b427f798a1c9"
"f_alaska.f",68,80,"SHP_AK","(F(I,3),I=10,47)",37,"-0.50828256D+01","numeric",-5.0828256,,"38548071d5aa652bb90c7f111f86b427f798a1c9"
"f_alaska.f",68,80,"SHP_AK","(F(I,3),I=10,47)",38,"-0.21749222D+02","numeric",-21.749222,,"38548071d5aa652bb90c7f111f86b427f798a1c9"
"f_alaska.f",83,95,"SHP_AK","(F(I,4),I=10,47)",1,"0.57392551D+00","numeric",0.57392551,,"38548071d5aa652bb90c7f111f86b427f798a1c9"
"f_alaska.f",83,95,"SHP_AK","(F(I,4),I=10,47)",2,"0.52192881D+00","numeric",0.52192881,,"38548071d5aa652bb90c7f111f86b427f798a1c9"
"f_alaska.f",83,95,"SHP_AK","(F(I,4),I=10,47)",3,"0.72540826D-03","numeric",0.00072540826,,"38548071d5aa652bb90c7f111f86b427f798a1c9"
"f_alaska.f",83,95,"SHP_AK","(F(I,4),I=10,47)",4,"-0.36763113D+01","numeric",-3.6763113,,"38548071d5aa652bb90c7f111f86b427f798a1c9"
"f_alaska.f",83,95,"SHP_AK","(F(I,4),I=10,47)",5,"0.27363686D+00","numeric",0.27363686,,"38548071d5aa652bb90c7f111f86b427f798a1c9"
"f_alaska.f",83,95,"SHP_AK","(F(I,4),I=10,47)",6,"-0.27523803D+00","numeric",-0.27523803,,"38548071d5aa652bb90c7f111f86b427f798a1c9"
"f_alaska.f",83,95,"SHP_AK","(F(I,4),I=10,47)",7,"0.00000000D+00","numeric",0,,"38548071d5aa652bb90c7f111f86b427f798a1c9"
"f_alaska.f",83,95,"SHP_AK","(F(I,4),I=10,47)",8,"0.00000000D+00","numeric",0,,"38548071d5aa652bb90c7f111f86b427f798a1c9"
"f_alaska.f",83,95,"SHP_AK","(F(I,4),I=10,47)",9,"0.64635211D+03","numeric",646.35211,,"38548071d5aa652bb90c7f111f86b427f798a1c9"
"f_alaska.f",83,95,"SHP_AK","(F(I,4),I=10,47)",10,"-0.27845408D+03","numeric",-278.45408,,"38548071d5aa652bb90c7f111f86b427f798a1c9"
"f_alaska.f",83,95,"SHP_AK","(F(I,4),I=10,47)",11,"0.80008578D+03","numeric",800.08578,,"38548071d5aa652bb90c7f111f86b427f798a1c9"
"f_alaska.f",83,95,"SHP_AK","(F(I,4),I=10,47)",12,"0.61787943D+00","numeric",0.61787943,,"38548071d5aa652bb90c7f111f86b427f798a1c9"
"f_alaska.f",83,95,"SHP_AK","(F(I,4),I=10,47)",13,"0.19381343D+01","numeric",1.9381343,,"38548071d5aa652bb90c7f111f86b427f798a1c9"
"f_alaska.f",83,95,"SHP_AK","(F(I,4),I=10,47)",14,"0.83437003D-01","numeric",0.083437003,,"38548071d5aa652bb90c7f111f86b427f798a1c9"
"f_alaska.f",83,95,"SHP_AK","(F(I,4),I=10,47)",15,"0.16607331D-01","numeric",0.016607331,,"38548071d5aa652bb90c7f111f86b427f798a1c9"
"f_alaska.f",83,95,"SHP_AK","(F(I,4),I=10,47)",16,"0.39548950D+01","numeric",3.954895,,"38548071d5aa652bb90c7f111f86b427f798a1c9"
"f_alaska.f",83,95,"SHP_AK","(F(I,4),I=10,47)",17,"-0.23516392D+01","numeric",-2.3516392,,"38548071d5aa652bb90c7f111f86b427f798a1c9"
"f_alaska.f",83,95,"SHP_AK","(F(I,4),I=10,47)",18,"0.81537829D+01","numeric",8.1537829,,"38548071d5aa652bb90c7f111f86b427f798a1c9"
"f_alaska.f",83,95,"SHP_AK","(F(I,4),I=10,47)",19,"-0.13385701D+01","numeric",-1.3385701,,"38548071d5aa652bb90c7f111f86b427f798a1c9"
"f_alaska.f",83,95,"SHP_AK","(F(I,4),I=10,47)",20,"0.70000000D+01","numeric",7,,"38548071d5aa652bb90c7f111f86b427f798a1c9"
"f_alaska.f",83,95,"SHP_AK","(F(I,4),I=10,47)",21,"0.11598864D+02","numeric",11.598864,,"38548071d5aa652bb90c7f111f86b427f798a1c9"
"f_alaska.f",83,95,"SHP_AK","(F(I,4),I=10,47)",22,"-0.26234962D+01","numeric",-2.6234962,,"38548071d5aa652bb90c7f111f86b427f798a1c9"
"f_alaska.f",83,95,"SHP_AK","(F(I,4),I=10,47)",23,"-0.18689695D+01","numeric",-1.8689695,,"38548071d5aa652bb90c7f111f86b427f798a1c9"
"f_alaska.f",83,95,"SHP_AK","(F(I,4),I=10,47)",24,"0.10535631D-01","numeric",0.010535631,,"38548071d5aa652bb90c7f111f86b427f798a1c9"
"f_alaska.f",83,95,"SHP_AK","(F(I,4),I=10,47)",25,"0.16926399D+01","numeric",1.6926399,,"38548071d5aa652bb90c7f111f86b427f798a1c9"
"f_alaska.f",83,95,"SHP_AK","(F(I,4),I=10,47)",26,"-0.22896149D+00","numeric",-0.22896149,,"38548071d5aa652bb90c7f111f86b427f798a1c9"
"f_alaska.f",83,95,"SHP_AK","(F(I,4),I=10,47)",27,"-0.61712415D+00","numeric",-0.61712415,,"38548071d5aa652bb90c7f111f86b427f798a1c9"
"f_alaska.f",83,95,"SHP_AK","(F(I,4),I=10,47)",28,"0.14818512D+00","numeric",0.14818512,,"38548071d5aa652bb90c7f111f86b427f798a1c9"
"f_alaska.f",83,95,"SHP_AK","(F(I,4),I=10,47)",29,"0.64572326D+03","numeric",645.72326,,"38548071d5aa652bb90c7f111f86b427f798a1c9"
"f_alaska.f",83,95,"SHP_AK","(F(I,4),I=10,47)",30,"-0.25009909D+03","numeric",-250.09909,,"38548071d5aa652bb90c7f111f86b427f798a1c9"
"f_alaska.f",83,95,"SHP_AK","(F(I,4),I=10,47)",31,"0.13805138D+03","numeric",138.05138,,"38548071d5aa652bb90c7f111f86b427f798a1c9"
"f_alaska.f",83,95,"SHP_AK","(F(I,4),I=10,47)",32,"-0.13979034D+03","numeric",-139.79034,,"38548071d5aa652bb90c7f111f86b427f798a1c9"
"f_alaska.f",83,95,"SHP_AK","(F(I,4),I=10,47)",33,"0.46307044D+00","numeric",0.46307044,,"38548071d5aa652bb90c7f111f86b427f798a1c9"
"f_alaska.f",83,95,"SHP_AK","(F(I,4),I=10,47)",34,"0.22407584D+01","numeric",2.2407584,,"38548071d5aa652bb90c7f111f86b427f798a1c9"
"f_alaska.f",83,95,"SHP_AK","(F(I,4),I=10,47)",35,"0.00000000D+00","numeric",0,,"38548071d5aa652bb90c7f111f86b427f798a1c9"
"f_alaska.f",83,95,"SHP_AK","(F(I,4),I=10,47)",36,"0.10050000D+01","numeric",1.005,,"38548071d5aa652bb90c7f111f86b427f798a1c9"
"f_alaska.f",83,95,"SHP_AK","(F(I,4),I=10,47)",37,"-0.36363974D+00","numeric",-0.36363974,,"38548071d5aa652bb90c7f111f86b427f798a1c9"
"f_alaska.f",83,95,"SHP_AK","(F(I,4),I=10,47)",38,"-0.38757500D+01","numeric",-3.87575,,"38548071d5aa652bb90c7f111f86b427f798a1c9"
"f_alaska.f",98,98,"SHP_AK","(SUBF(I),I=1,3)",1,"0.45284010D+01","numeric",4.528401,,"38548071d5aa652bb90c7f111f86b427f798a1c9"
"f_alaska.f",98,98,"SHP_AK","(SUBF(I),I=1,3)",2,"0.93038602D+01","numeric",9.3038602,,"38548071d5aa652bb90c7f111f86b427f798a1c9"
"f_alaska.f",98,98,"SHP_AK","(SUBF(I),I=1,3)",3,"0.70000492D+01","numeric",7.0000492,,"38548071d5aa652bb90c7f111f86b427f798a1c9"
"f_alaska.f",216,217,"COR_AK","(V(I,1),I=1,5)",1,"-0.48680838D+01","numeric",-4.8680838,,"38548071d5aa652bb90c7f111f86b427f798a1c9"
"f_alaska.f",216,217,"COR_AK","(V(I,1),I=1,5)",2,"0.14663798D+02","numeric",14.663798,,"38548071d5aa652bb90c7f111f86b427f798a1c9"
"f_alaska.f",216,217,"COR_AK","(V(I,1),I=1,5)",3,"-0.48216320D+01","numeric",-4.821632,,"38548071d5aa652bb90c7f111f86b427f798a1c9"
"f_alaska.f",216,217,"COR_AK","(V(I,1),I=1,5)",4,"-0.17800924D+01","numeric",-1.7800924,,"38548071d5aa652bb90c7f111f86b427f798a1c9"
"f_alaska.f",216,217,"COR_AK","(V(I,1),I=1,5)",5,"-0.20276812D+00","numeric",-0.20276812,,"38548071d5aa652bb90c7f111f86b427f798a1c9"
"f_alaska.f",220,221,"COR_AK","(V(I,2),I=1,5)",1,"-0.40872513D+01","numeric",-4.0872513,,"38548071d5aa652bb90c7f111f86b427f798a1c9"
"f_alaska.f",220,221,"COR_AK","(V(I,2),I=1,5)",2,"0.98400990D+01","numeric",9.840099,,"38548071d5aa652bb90c7f111f86b427f798a1c9"
"f_alaska.f",220,221,"COR_AK","(V(I,2),I=1,5)",3,"-0.38399599D+01","numeric",-3.8399599,,"38548071d5aa652bb90c7f111f86b427f798a1c9"
"f_alaska.f",220,221,"COR_AK","(V(I,2),I=1,5)",4,"-0.24301984D+01","numeric",-2.4301984,,"38548071d5aa652bb90c7f111f86b427f798a1c9"
"f_alaska.f",220,221,"COR_AK","(V(I,2),I=1,5)",5,"0.35024803D+00","numeric",0.35024803,,"38548071d5aa652bb90c7f111f86b427f798a1c9"
"f_alaska.f",224,225,"COR_AK","(V(I,3),I=1,5)",1,"-0.38994532D+01","numeric",-3.8994532,,"38548071d5aa652bb90c7f111f86b427f798a1c9"
"f_alaska.f",224,225,"COR_AK","(V(I,3),I=1,5)",2,"0.10094975D+02","numeric",10.094975,,"38548071d5aa652bb90c7f111f86b427f798a1c9"
"f_alaska.f",224,225,"COR_AK","(V(I,3),I=1,5)",3,"-0.29557863D+01","numeric",-2.9557863,,"38548071d5aa652bb90c7f111f86b427f798a1c9"
"f_alaska.f",224,225,"COR_AK","(V(I,3),I=1,5)",4,"-0.10967578D+01","numeric",-1.0967578,,"38548071d5aa652bb90c7f111f86b427f798a1c9"
"f_alaska.f",224,225,"COR_AK","(V(I,3),I=1,5)",5,"-0.34281732D+00","numeric",-0.34281732,,"38548071d5aa652bb90c7f111f86b427f798a1c9"
"f_alaska.f",228,229,"COR_AK","(V(I,4),I=1,5)",1,"-0.63750351D+01","numeric",-6.3750351,,"38548071d5aa652bb90c7f111f86b427f798a1c9"
"f_alaska.f",228,229,"COR_AK","(V(I,4),I=1,5)",2,"0.15306425D+02","numeric",15.306425,,"38548071d5aa652bb90c7f111f86b427f798a1c9"
"f_alaska.f",228,229,"COR_AK","(V(I,4),I=1,5)",3,"-0.26876808D+01","numeric",-2.6876808,,"38548071d5aa652bb90c7f111f86b427f798a1c9"
"f_alaska.f",228,229,"COR_AK","(V(I,4),I=1,5)",4,"-0.10538661D+01","numeric",-1.0538661,,"38548071d5aa652bb90c7f111f86b427f798a1c9"
"f_alaska.f",228,229,"COR_AK","(V(I,4),I=1,5)",5,"-0.41907036D+00","numeric",-0.41907036,,"38548071d5aa652bb90c7f111f86b427f798a1c9"
"f_alaska.f",323,324,"VAR_AK","(F(I,1),I=10,12)",1,"0.19750000D+00","numeric",0.1975,,"38548071d5aa652bb90c7f111f86b427f798a1c9"
"f_alaska.f",323,324,"VAR_AK","(F(I,1),I=10,12)",2,"0.96630000D+00","numeric",0.9663,,"38548071d5aa652bb90c7f111f86b427f798a1c9"
"f_alaska.f",323,324,"VAR_AK","(F(I,1),I=10,12)",3,"0.36700000D-03","numeric",0.000367,,"38548071d5aa652bb90c7f111f86b427f798a1c9"
"f_alaska.f",326,331,"VAR_AK","(V(I,1),I= 1,16)",1,"-0.87861916D+01","numeric",-8.7861916,,"38548071d5aa652bb90c7f111f86b427f798a1c9"
"f_alaska.f",326,331,"VAR_AK","(V(I,1),I= 1,16)",2,"0.38942378D+00","numeric",0.38942378,,"38548071d5aa652bb90c7f111f86b427f798a1c9"
"f_alaska.f",326,331,"VAR_AK","(V(I,1),I= 1,16)",3,"0.24151069D+01","numeric",2.4151069,,"38548071d5aa652bb90c7f111f86b427f798a1c9"
"f_alaska.f",326,331,"VAR_AK","(V(I,1),I= 1,16)",4,"0.86871264D+01","numeric",8.6871264,,"38548071d5aa652bb90c7f111f86b427f798a1c9"
"f_alaska.f",326,331,"VAR_AK","(V(I,1),I= 1,16)",5,"-0.12932895D+01","numeric",-1.2932895,,"38548071d5aa652bb90c7f111f86b427f798a1c9"
"f_alaska.f",326,331,"VAR_AK","(V(I,1),I= 1,16)",6,"0.10448179D+01","numeric",1.0448179,,"38548071d5aa652bb90c7f111f86b427f798a1c9"
"f_alaska.f",326,331,"VAR_AK","(V(I,1),I= 1,16)",7,"0.00000000D+00","numeric",0,,"38548071d5aa652bb90c7f111f86b427f798a1c9"
"f_alaska.f",326,331,"VAR_AK","(V(I,1),I= 1,16)",8,"0.96526647D-01","numeric",0.096526647,,"38548071d5aa652bb90c7f111f86b427f798a1c9"
"f_alaska.f",326,331,"VAR_AK","(V(I,1),I= 1,16)",9,"0.13685097D+00","numeric",0.13685097,,"38548071d5aa652bb90c7f111f86b427f798a1c9"
"f_alaska.f",326,331,"VAR_AK","(V(I,1),I= 1,16)",10,"-0.44306740D+00","numeric",-0.4430674,,"38548071d5aa652bb90c7f111f86b427f798a1c9"
"f_alaska.f",326,331,"VAR_AK","(V(I,1),I= 1,16)",11,"-0.63677273D+01","numeric",-6.3677273,,"38548071d5aa652bb90c7f111f86b427f798a1c9"
"f_alaska.f",326,331,"VAR_AK","(V(I,1),I= 1,16)",12,"-0.28346734D+00","numeric",-0.28346734,,"38548071d5aa652bb90c7f111f86b427f798a1c9"
"f_alaska.f",326,331,"VAR_AK","(V(I,1),I= 1,16)",13,"0.30403741D+00","numeric",0.30403741,,"38548071d5aa652bb90c7f111f86b427f798a1c9"
"f_alaska.f",326,331,"VAR_AK","(V(I,1),I= 1,16)",14,"0.23458454D+01","numeric",2.3458454,,"38548071d5aa652bb90c7f111f86b427f798a1c9"
"f_alaska.f",326,331,"VAR_AK","(V(I,1),I= 1,16)",15,"0.15233441D+00","numeric",0.15233441,,"38548071d5aa652bb90c7f111f86b427f798a1c9"
"f_alaska.f",326,331,"VAR_AK","(V(I,1),I= 1,16)",16,"0.15821190D+01","numeric",1.582119,,"38548071d5aa652bb90c7f111f86b427f798a1c9"
"f_alaska.f",334,335,"VAR_AK","(F(I,2),I=10,12)",1,"0.55800000D-01","numeric",0.0558,,"38548071d5aa652bb90c7f111f86b427f798a1c9"
"f_alaska.f",334,335,"VAR_AK","(F(I,2),I=10,12)",2,"0.12635000D+01","numeric",1.2635,,"38548071d5aa652bb90c7f111f86b427f798a1c9"
"f_alaska.f",334,335,"VAR_AK","(F(I,2),I=10,12)",3,"-0.31600000D-03","numeric",-0.000316,,"38548071d5aa652bb90c7f111f86b427f798a1c9"
"f_alaska.f",337,342,"VAR_AK","(V(I,2),I= 1,16)",1,"-0.52217635D+01","numeric",-5.2217635,,"38548071d5aa652bb90c7f111f86b427f798a1c9"
"f_alaska.f",337,342,"VAR_AK","(V(I,2),I= 1,16)",2,"-0.23364372D+00","numeric",-0.23364372,,"38548071d5aa652bb90c7f111f86b427f798a1c9"
"f_alaska.f",337,342,"VAR_AK","(V(I,2),I= 1,16)",3,"0.10581464D+00","numeric",0.10581464,,"38548071d5aa652bb90c7f111f86b427f798a1c9"
"f_alaska.f",337,342,"VAR_AK","(V(I,2),I= 1,16)",4,"0.76117971D+01","numeric",7.6117971,,"38548071d5aa652bb90c7f111f86b427f798a1c9"
"f_alaska.f",337,342,"VAR_AK","(V(I,2),I= 1,16)",5,"-0.10588704D+01","numeric",-1.0588704,,"38548071d5aa652bb90c7f111f86b427f798a1c9"
"f_alaska.f",337,342,"VAR_AK","(V(I,2),I= 1,16)",6,"0.11469169D+01","numeric",1.1469169,,"38548071d5aa652bb90c7f111f86b427f798a1c9"
"f_alaska.f",337,342,"VAR_AK","(V(I,2),I= 1,16)",7,"0.16914337D+00","numeric",0.16914337,,"38548071d5aa652bb90c7f111f86b427f798a1c9"
"f_alaska.f",337,342,"VAR_AK","(V(I,2),I= 1,16)",8,"0.35117997D-01","numeric",0.035117997,,"38548071d5aa652bb90c7f111f86b427f798a1c9"
"f_alaska.f",337,342,"VAR_AK","(V(I,2),I= 1,16)",9,"0.10000000D+01","numeric",1,,"38548071d5aa652bb90c7f111f86b427f798a1c9"
"f_alaska.f",337,342,"VAR_AK","(V(I,2),I= 1,16)",10,"0.39438121D-01","numeric",0.039438121,,"38548071d5aa652bb90c7f111f86b427f798a1c9"
"f_alaska.f",337,342,"VAR_AK","(V(I,2),I= 1,16)",11,"-0.68717202D+01","numeric",-6.8717202,,"38548071d5aa652bb90c7f111f86b427f798a1c9"
"f_alaska.f",337,342,"VAR_AK","(V(I,2),I= 1,16)",12,"-0.40369684D-01","numeric",-0.040369684,,"38548071d5aa652bb90c7f111f86b427f798a1c9"
"f_alaska.f",337,342,"VAR_AK","(V(I,2),I= 1,16)",13,"0.57719712D+00","numeric",0.57719712,,"38548071d5aa652bb90c7f111f86b427f798a1c9"
"f_alaska.f",337,342,"VAR_AK","(V(I,2),I= 1,16)",14,"-0.48188520D+00","numeric",-0.4818852,,"38548071d5aa652bb90c7f111f86b427f798a1c9"
"f_alaska.f",337,342,"VAR_AK","(V(I,2),I= 1,16)",15,"0.77458363D+00","numeric",0.77458363,,"38548071d5aa652bb90c7f111f86b427f798a1c9"
"f_alaska.f",337,342,"VAR_AK","(V(I,2),I= 1,16)",16,"0.29097150D+01","numeric",2.909715,,"38548071d5aa652bb90c7f111f86b427f798a1c9"
"f_alaska.f",345,346,"VAR_AK","(F(I,3),I=10,12)",1,"0.49336868D+01","numeric",4.9336868,,"38548071d5aa652bb90c7f111f86b427f798a1c9"
"f_alaska.f",345,346,"VAR_AK","(F(I,3),I=10,12)",2,"0.40232019D-01","numeric",0.040232019,,"38548071d5aa652bb90c7f111f86b427f798a1c9"
"f_alaska.f",345,346,"VAR_AK","(F(I,3),I=10,12)",3,"0.83224395D-03","numeric",0.00083224395,,"38548071d5aa652bb90c7f111f86b427f798a1c9"
"f_alaska.f",348,353,"VAR_AK","(V(I,3),I= 1,16)",1,"-0.65056179D+01","numeric",-6.5056179,,"38548071d5aa652bb90c7f111f86b427f798a1c9"
"f_alaska.f",348,353,"VAR_AK","(V(I,3),I= 1,16)",2,"-0.27270953D+00","numeric",-0.27270953,,"38548071d5aa652bb90c7f111f86b427f798a1c9"
"f_alaska.f",348,353,"VAR_AK","(V(I,3),I= 1,16)",3,"0.21140193D+01","numeric",2.1140193,,"38548071d5aa652bb90c7f111f86b427f798a1c9"
"f_alaska.f",348,353,"VAR_AK","(V(I,3),I= 1,16)",4,"0.75614779D+01","numeric",7.5614779,,"38548071d5aa652bb90c7f111f86b427f798a1c9"
"f_alaska.f",348,353,"VAR_AK","(V(I,3),I= 1,16)",5,"-0.71651812D+00","numeric",-0.71651812,,"38548071d5aa652bb90c7f111f86b427f798a1c9"
"f_alaska.f",348,353,"VAR_AK","(V(I,3),I= 1,16)",6,"0.74179167D+00","numeric",0.74179167,,"38548071d5aa652bb90c7f111f86b427f798a1c9"
"f_alaska.f",348,353,"VAR_AK","(V(I,3),I= 1,16)",7,"0.34846513D-01","numeric",0.034846513,,"38548071d5aa652bb90c7f111f86b427f798a1c9"
"f_alaska.f",348,353,"VAR_AK","(V(I,3),I= 1,16)",8,"0.35421062D-01","numeric",0.035421062,,"38548071d5aa652bb90c7f111f86b427f798a1c9"
"f_alaska.f",348,353,"VAR_AK","(V(I,3),I= 1,16)",9,"-0.18935952D+00","numeric",-0.18935952,,"38548071d5aa652bb90c7f111f86b427f798a1c9"
"f_alaska.f",348,353,"VAR_AK","(V(I,3),I= 1,16)",10,"-0.36782454D+00","numeric",-0.36782454,,"38548071d5aa652bb90c7f111f86b427f798a1c9"
"f_alaska.f",348,353,"VAR_AK","(V(I,3),I= 1,16)",11,"-0.33555096D+02","numeric",-33.555096,,"38548071d5aa652bb90c7f111f86b427f798a1c9"
"f_alaska.f",348,353,"VAR_AK","(V(I,3),I= 1,16)",12,"-0.36226359D+02","numeric",-36.226359,,"38548071d5aa652bb90c7f111f86b427f798a1c9"
"f_alaska.f",348,353,"VAR_AK","(V(I,3),I= 1,16)",13,"0.49485299D+00","numeric",0.49485299,,"38548071d5aa652bb90c7f111f86b427f798a1c9"
"f_alaska.f",348,353,"VAR_AK","(V(I,3),I= 1,16)",14,"0.30907042D+02","numeric",30.907042,,"38548071d5aa652bb90c7f111f86b427f798a1c9"
"f_alaska.f",348,353,"VAR_AK","(V(I,3),I= 1,16)",15,"0.35490428D+02","numeric",35.490428,,"38548071d5aa652bb90c7f111f86b427f798a1c9"
"f_alaska.f",348,353,"VAR_AK","(V(I,3),I= 1,16)",16,"0.12091440D-01","numeric",0.01209144,,"38548071d5aa652bb90c7f111f86b427f798a1c9"
"f_alaska.f",356,357,"VAR_AK","(F(I,4),I=10,12)",1,"0.51542754D+00","numeric",0.51542754,,"38548071d5aa652bb90c7f111f86b427f798a1c9"
"f_alaska.f",356,357,"VAR_AK","(F(I,4),I=10,12)",2,"0.52156599D+00","numeric",0.52156599,,"38548071d5aa652bb90c7f111f86b427f798a1c9"
"f_alaska.f",356,357,"VAR_AK","(F(I,4),I=10,12)",3,"0.71621730D-03","numeric",0.0007162173,,"38548071d5aa652bb90c7f111f86b427f798a1c9"
"f_alaska.f",359,364,"VAR_AK","(V(I,4),I= 1,16)",1,"-0.59805600D+01","numeric",-5.98056,,"38548071d5aa652bb90c7f111f86b427f798a1c9"
"f_alaska.f",359,364,"VAR_AK","(V(I,4),I= 1,16)",2,"-0.24733469D+00","numeric",-0.24733469,,"38548071d5aa652bb90c7f111f86b427f798a1c9"
"f_alaska.f",359,364,"VAR_AK","(V(I,4),I= 1,16)",3,"0.26188946D+00","numeric",0.26188946,,"38548071d5aa652bb90c7f111f86b427f798a1c9"
"f_alaska.f",359,364,"VAR_AK","(V(I,4),I= 1,16)",4,"0.14285228D+02","numeric",14.285228,,"38548071d5aa652bb90c7f111f86b427f798a1c9"
"f_alaska.f",359,364,"VAR_AK","(V(I,4),I= 1,16)",5,"-0.21896412D+01","numeric",-2.1896412,,"38548071d5aa652bb90c7f111f86b427f798a1c9"
"f_alaska.f",359,364,"VAR_AK","(V(I,4),I= 1,16)",6,"0.67083289D+00","numeric",0.67083289,,"38548071d5aa652bb90c7f111f86b427f798a1c9"
"f_alaska.f",359,364,"VAR_AK","(V(I,4),I= 1,16)",7,"0.16760600D+00","numeric",0.167606,,"38548071d5aa652bb90c7f111f86b427f798a1c9"
"f_alaska.f",359,364,"VAR_AK","(V(I,4),I= 1,16)",8,"0.48980591D-01","numeric",0.048980591,,"38548071d5aa652bb90c7f111f86b427f798a1c9"
"f_alaska.f",359,364,"VAR_AK","(V(I,4),I= 1,16)",9,"0.64890061D+00","numeric",0.64890061,,"38548071d5aa652bb90c7f111f86b427f798a1c9"
"f_alaska.f",359,364,"VAR_AK","(V(I,4),I= 1,16)",10,"-0.49655428D-01","numeric",-0.049655428,,"38548071d5aa652bb90c7f111f86b427f798a1c9"
"f_alaska.f",359,364,"VAR_AK","(V(I,4),I= 1,16)",11,"-0.10135682D+02","numeric",-10.135682,,"38548071d5aa652bb90c7f111f86b427f798a1c9"
"f_alaska.f",359,364,"VAR_AK","(V(I,4),I= 1,16)",12,"0.35558601D-01","numeric",0.035558601,,"38548071d5aa652bb90c7f111f86b427f798a1c9"
"f_alaska.f",359,364,"VAR_AK","(V(I,4),I= 1,16)",13,"0.32424523D+00","numeric",0.32424523,,"38548071d5aa652bb90c7f111f86b427f798a1c9"
"f_alaska.f",359,364,"VAR_AK","(V(I,4),I= 1,16)",14,"0.42749494D+01","numeric",4.2749494,,"38548071d5aa652bb90c7f111f86b427f798a1c9"
"f_alaska.f",359,364,"VAR_AK","(V(I,4),I= 1,16)",15,"-0.71915171D-01","numeric",-0.071915171,,"38548071d5aa652bb90c7f111f86b427f798a1c9"
"f_alaska.f",359,364,"VAR_AK","(V(I,4),I= 1,16)",16,"0.66192729D+00","numeric",0.66192729,,"38548071d5aa652bb90c7f111f86b427f798a1c9"
"f_other.f",29,31,"BRK_OT","(BK(I,1),I=1,9)",1,"-0.310745","numeric",-0.310745,,"38548071d5aa652bb90c7f111f86b427f798a1c9"
"f_other.f",29,31,"BRK_OT","(BK(I,1),I=1,9)",2,"-5.267465","numeric",-5.267465,,"38548071d5aa652bb90c7f111f86b427f798a1c9"
"f_other.f",29,31,"BRK_OT","(BK(I,1),I=1,9)",3,"4.056924","numeric",4.056924,,"38548071d5aa652bb90c7f111f86b427f798a1c9"
"f_other.f",29,31,"BRK_OT","(BK(I,1),I=1,9)",4,"1.1159037603","numeric",1.1159037603,,"38548071d5aa652bb90c7f111f86b427f798a1c9"
"f_other.f",29,31,"BRK_OT","(BK(I,1),I=1,9)",5,"-0.082066096","numeric",-0.082066096,,"38548071d5aa652bb90c7f111f86b427f798a1c9"
"f_other.f",29,31,"BRK_OT","(BK(I,1),I=1,9)",6,"0.424652164","numeric",0.424652164,,"38548071d5aa652bb90c7f111f86b427f798a1c9"
"f_other.f",29,31,"BRK_OT","(BK(I,1),I=1,9)",7,"0.699678","numeric",0.699678,,"38548071d5aa652bb90c7f111f86b427f798a1c9"
"f_other.f",29,31,"BRK_OT","(BK(I,1),I=1,9)",8,"0.067394","numeric",0.067394,,"38548071d5aa652bb90c7f111f86b427f798a1c9"
"f_other.f",29,31,"BRK_OT","(BK(I,1),I=1,9)",9,"0.0","numeric",0,,"38548071d5aa652bb90c7f111f86b427f798a1c9"
"f_other.f",33,35,"BRK_OT","(BK(I,2),I=1,9)",1,"12.88990159","numeric",12.88990159,,"38548071d5aa652bb90c7f111f86b427f798a1c9"
"f_other.f",33,35,"BRK_OT","(BK(I,2),I=1,9)",2,"17.90876955","numeric",17.90876955,,"38548071d5aa652bb90c7f111f86b427f798a1c9"
"f_other.f",33,35,"BRK_OT","(BK(I,2),I=1,9)",3,"0.05237532","numeric",0.05237532,,"38548071d5aa652bb90c7f111f86b427f798a1c9"
"f_other.f",33,35,"BRK_OT","(BK(I,2),I=1,9)",4,"0.0145082565","numeric",0.0145082565,,"38548071d5aa652bb90c7f111f86b427f798a1c9"
"f_other.f",33,35,"BRK_OT","(BK(I,2),I=1,9)",5,"0.0027058753","numeric",0.0027058753,,"38548071d5aa652bb90c7f111f86b427f798a1c9"
"f_other.f",33,35,"BRK_OT","(BK(I,2),I=1,9)",6,"0.1022613683","numeric",0.1022613683,,"38548071d5aa652bb90c7f111f86b427f798a1c9"
"f_other.f",33,35,"BRK_OT","(BK(I,2),I=1,9)",7,"0.702268","numeric",0.702268,,"38548071d5aa652bb90c7f111f86b427f798a1c9"
"f_other.f",33,35,"BRK_OT","(BK(I,2),I=1,9)",8,"0.050063","numeric",0.050063,,"38548071d5aa652bb90c7f111f86b427f798a1c9"
"f_other.f",33,35,"BRK_OT","(BK(I,2),I=1,9)",9,"0.0","numeric",0,,"38548071d5aa652bb90c7f111f86b427f798a1c9"
"f_other.f",37,39,"BRK_OT","(BK(I,3),I=1,9)",1,"-0.8527459114","numeric",-0.8527459114,,"38548071d5aa652bb90c7f111f86b427f798a1c9"
"f_other.f",37,39,"BRK_OT","(BK(I,3),I=1,9)",2,"0.9336248438","numeric",0.9336248438,,"38548071d5aa652bb90c7f111f86b427f798a1c9"
"f_other.f",37,39,"BRK_OT","(BK(I,3),I=1,9)",3,"0.2809059946","numeric",0.2809059946,,"38548071d5aa652bb90c7f111f86b427f798a1c9"
"f_other.f",37,39,"BRK_OT","(BK(I,3),I=1,9)",4,"0.0029765304","numeric",0.0029765304,,"38548071d5aa652bb90c7f111f86b427f798a1c9"
"f_other.f",37,39,"BRK_OT","(BK(I,3),I=1,9)",5,"0.0535125376","numeric",0.0535125376,,"38548071d5aa652bb90c7f111f86b427f798a1c9"
"f_other.f",37,39,"BRK_OT","(BK(I,3),I=1,9)",6,"0.3088136745","numeric",0.3088136745,,"38548071d5aa652bb90c7f111f86b427f798a1c9"
"f_other.f",37,39,"BRK_OT","(BK(I,3),I=1,9)",7,"0.7630215","numeric",0.7630215,,"38548071d5aa652bb90c7f111f86b427f798a1c9"
"f_other.f",37,39,"BRK_OT","(BK(I,3),I=1,9)",8,"0.05957","numeric",0.05957,,"38548071d5aa652bb90c7f111f86b427f798a1c9"
"f_other.f",37,39,"BRK_OT","(BK(I,3),I=1,9)",9,"0.0","numeric",0,,"38548071d5aa652bb90c7f111f86b427f798a1c9"
"f_other.f",41,43,"BRK_OT","(BK(I,4),I=1,9)",1,"-4.053133738","numeric",-4.053133738,,"38548071d5aa652bb90c7f111f86b427f798a1c9"
"f_other.f",41,43,"BRK_OT","(BK(I,4),I=1,9)",2,"-3.891047743","numeric",-3.891047743,,"38548071d5aa652bb90c7f111f86b427f798a1c9"
"f_other.f",41,43,"BRK_OT","(BK(I,4),I=1,9)",3,"0.380866177","numeric",0.380866177,,"38548071d5aa652bb90c7f111f86b427f798a1c9"
"f_other.f",41,43,"BRK_OT","(BK(I,4),I=1,9)",4,"0.7617392463","numeric",0.7617392463,,"38548071d5aa652bb90c7f111f86b427f798a1c9"
"f_other.f",41,43,"BRK_OT","(BK(I,4),I=1,9)",5,"0.2071264529","numeric",0.2071264529,,"38548071d5aa652bb90c7f111f86b427f798a1c9"
"f_other.f",41,43,"BRK_OT","(BK(I,4),I=1,9)",6,"0.6491861037","numeric",0.6491861037,,"38548071d5aa652bb90c7f111f86b427f798a1c9"
"f_other.f",41,43,"BRK_OT","(BK(I,4),I=1,9)",7,"0.8793398","numeric",0.8793398,,"38548071d5aa652bb90c7f111f86b427f798a1c9"
"f_other.f",41,43,"BRK_OT","(BK(I,4),I=1,9)",8,"0.03020202","numeric",0.03020202,,"38548071d5aa652bb90c7f111f86b427f798a1c9"
"f_other.f",41,43,"BRK_OT","(BK(I,4),I=1,9)",9,"0.0","numeric",0,,"38548071d5aa652bb90c7f111f86b427f798a1c9"
"f_other.f",45,47,"BRK_OT","(BK(I,5),I=1,9)",1,"2.0518","numeric",2.0518,,"38548071d5aa652bb90c7f111f86b427f798a1c9"
"f_other.f",45,47,"BRK_OT","(BK(I,5),I=1,9)",2,"0.5569","numeric",0.5569,,"38548071d5aa652bb90c7f111f86b427f798a1c9"
"f_other.f",45,47,"BRK_OT","(BK(I,5),I=1,9)",3,"0.2009","numeric",0.2009,,"38548071d5aa652bb90c7f111f86b427f798a1c9"
"f_other.f",45,47,"BRK_OT","(BK(I,5),I=1,9)",4,"1.1163","numeric",1.1163,,"38548071d5aa652bb90c7f111f86b427f798a1c9"
"f_other.f",45,47,"BRK_OT","(BK(I,5),I=1,9)",5,"0.2194","numeric",0.2194,,"38548071d5aa652bb90c7f111f86b427f798a1c9"
"f_other.f",45,47,"BRK_OT","(BK(I,5),I=1,9)",6,"0.2525","numeric",0.2525,,"38548071d5aa652bb90c7f111f86b427f798a1c9"
"f_other.f",45,47,"BRK_OT","(BK(I,5),I=1,9)",7,"-0.121321","numeric",-0.121321,,"38548071d5aa652bb90c7f111f86b427f798a1c9"
"f_other.f",45,47,"BRK_OT","(BK(I,5),I=1,9)",8,"0.861817","numeric",0.861817,,"38548071d5aa652bb90c7f111f86b427f798a1c9"
"f_other.f",45,47,"BRK_OT","(BK(I,5),I=1,9)",9,"0.0","numeric",0,,"38548071d5aa652bb90c7f111f86b427f798a1c9"
"f_other.f",49,51,"BRK_OT","(BK(I,6),I=1,9)",1,"-0.3114","numeric",-0.3114,,"38548071d5aa652bb90c7f111f86b427f798a1c9"
"f_other.f",49,51,"BRK_OT","(BK(I,6),I=1,9)",2,"-0.5979","numeric",-0.5979,,"38548071d5aa652bb90c7f111f86b427f798a1c9"
"f_other.f",49,51,"BRK_OT","(BK(I,6),I=1,9)",3,"-0.00029","numeric",-0.00029,,"38548071d5aa652bb90c7f111f86b427f798a1c9"
"f_other.f",49,51,"BRK_OT","(BK(I,6),I=1,9)",4,"0.4661","numeric",0.4661,,"38548071d5aa652bb90c7f111f86b427f798a1c9"
"f_other.f",49,51,"BRK_OT","(BK(I,6),I=1,9)",5,"0.2448","numeric",0.2448,,"38548071d5aa652bb90c7f111f86b427f798a1c9"
"f_other.f",49,51,"BRK_OT","(BK(I,6),I=1,9)",6,"0.1619","numeric",0.1619,,"38548071d5aa652bb90c7f111f86b427f798a1c9"
"f_other.f",49,51,"BRK_OT","(BK(I,6),I=1,9)",7,"-0.155160","numeric",-0.15516,,"38548071d5aa652bb90c7f111f86b427f798a1c9"
"f_other.f",49,51,"BRK_OT","(BK(I,6),I=1,9)",8,"0.875930","numeric",0.87593,,"38548071d5aa652bb90c7f111f86b427f798a1c9"
"f_other.f",49,51,"BRK_OT","(BK(I,6),I=1,9)",9,"0.0","numeric",0,,"38548071d5aa652bb90c7f111f86b427f798a1c9"
"f_other.f",54,56,"BRK_OT","(BK(I,7),I=1,9)",1,"20.1848","numeric",20.1848,,"38548071d5aa652bb90c7f111f86b427f798a1c9"
"f_other.f",54,56,"BRK_OT","(BK(I,7),I=1,9)",2,"111.927","numeric",111.927,,"38548071d5aa652bb90c7f111f86b427f798a1c9"
"f_other.f",54,56,"BRK_OT","(BK(I,7),I=1,9)",3,"0.0808502","numeric",0.0808502,,"38548071d5aa652bb90c7f111f86b427f798a1c9"
"f_other.f",54,56,"BRK_OT","(BK(I,7),I=1,9)",4,"2.24620","numeric",2.2462,,"38548071d5aa652bb90c7f111f86b427f798a1c9"
"f_other.f",54,56,"BRK_OT","(BK(I,7),I=1,9)",5,"0.336067","numeric",0.336067,,"38548071d5aa652bb90c7f111f86b427f798a1c9"
"f_other.f",54,56,"BRK_OT","(BK(I,7),I=1,9)",6,"0.486677","numeric",0.486677,,"38548071d5aa652bb90c7f111f86b427f798a1c9"
"f_other.f",54,56,"BRK_OT","(BK(I,7),I=1,9)",7,"0.0142862","numeric",0.0142862,,"38548071d5aa652bb90c7f111f86b427f798a1c9"
"f_other.f",54,56,"BRK_OT","(BK(I,7),I=1,9)",8,"0.919056","numeric",0.919056,,"38548071d5aa652bb90c7f111f86b427f798a1c9"
"f_other.f",54,56,"BRK_OT","(BK(I,7),I=1,9)",9,"0.0","numeric",0,,"38548071d5aa652bb90c7f111f86b427f798a1c9"
"f_other.f",58,60,"BRK_OT","(BK(I,8),I=1,9)",1,"2.67998","numeric",2.67998,,"38548071d5aa652bb90c7f111f86b427f798a1c9"
"f_other.f",58,60,"BRK_OT","(BK(I,8),I=1,9)",2,"3.49916","numeric",3.49916,,"38548071d5aa652bb90c7f111f86b427f798a1c9"
"f_other.f",58,60,"BRK_OT","(BK(I,8),I=1,9)",3,"0.111418","numeric",0.111418,,"38548071d5aa652bb90c7f111f86b427f798a1c9"
"f_other.f",58,60,"BRK_OT","(BK(I,8),I=1,9)",4,"2.28510","numeric",2.2851,,"38548071d5aa652bb90c7f111f86b427f798a1c9"
"f_other.f",58,60,"BRK_OT","(BK(I,8),I=1,9)",5,"0.374458","numeric",0.374458,,"38548071d5aa652bb90c7f111f86b427f798a1c9"
"f_other.f",58,60,"BRK_OT","(BK(I,8),I=1,9)",6,"0.450724","numeric",0.450724,,"38548071d5aa652bb90c7f111f86b427f798a1c9"
"f_other.f",58,60,"BRK_OT","(BK(I,8),I=1,9)",7,"-0.0113180","numeric",-0.011318,,"38548071d5aa652bb90c7f111f86b427f798a1c9"
"f_other.f",58,60,"BRK_OT","(BK(I,8),I=1,9)",8,"0.801889","numeric",0.801889,,"38548071d5aa652bb90c7f111f86b427f798a1c9"
"f_other.f",58,60,"BRK_OT","(BK(I,8),I=1,9)",9,"0.00308737","numeric",0.00308737,,"38548071d5aa652bb90c7f111f86b427f798a1c9"
"f_other.f",192,204,"SHP_OT","(F(I,1),I=10,47)",1,"0.66384514D+01","numeric",6.6384514,,"38548071d5aa652bb90c7f111f86b427f798a1c9"
"f_other.f",192,204,"SHP_OT","(F(I,1),I=10,47)",2,"0.10000000D-01","numeric",0.01,,"38548071d5aa652bb90c7f111f86b427f798a1c9"
"f_other.f",192,204,"SHP_OT","(F(I,1),I=10,47)",3,"0.29774591D-03","numeric",0.00029774591,,"38548071d5aa652bb90c7f111f86b427f798a1c9"
"f_other.f",192,204,"SHP_OT","(F(I,1),I=10,47)",4,"-0.18446658D+01","numeric",-1.8446658,,"38548071d5aa652bb90c7f111f86b427f798a1c9"
"f_other.f",192,204,"SHP_OT","(F(I,1),I=10,47)",5,"-0.55118989D-01","numeric",-0.055118989,,"38548071d5aa652bb90c7f111f86b427f798a1c9"
"f_other.f",192,204,"SHP_OT","(F(I,1),I=10,47)",6,"-0.74385560D-01","numeric",-0.07438556,,"38548071d5aa652bb90c7f111f86b427f798a1c9"
"f_other.f",192,204,"SHP_OT","(F(I,1),I=10,47)",7,"0.30000000D+00","numeric",0.3,,"38548071d5aa652bb90c7f111f86b427f798a1c9"
"f_other.f",192,204,"SHP_OT","(F(I,1),I=10,47)",8,"0.00000000D+00","numeric",0,,"38548071d5aa652bb90c7f111f86b427f798a1c9"
"f_other.f",192,204,"SHP_OT","(F(I,1),I=10,47)",9,"-0.17255592D+02","numeric",-17.255592,,"38548071d5aa652bb90c7f111f86b427f798a1c9"
"f_other.f",192,204,"SHP_OT","(F(I,1),I=10,47)",10,"0.51670207D+01","numeric",5.1670207,,"38548071d5aa652bb90c7f111f86b427f798a1c9"
"f_other.f",192,204,"SHP_OT","(F(I,1),I=10,47)",11,"-0.25236591D+01","numeric",-2.5236591,,"38548071d5aa652bb90c7f111f86b427f798a1c9"
"f_other.f",192,204,"SHP_OT","(F(I,1),I=10,47)",12,"0.98999999D+00","numeric",0.98999999,,"38548071d5aa652bb90c7f111f86b427f798a1c9"
"f_other.f",192,204,"SHP_OT","(F(I,1),I=10,47)",13,"-0.57094504D-03","numeric",-0.00057094504,,"38548071d5aa652bb90c7f111f86b427f798a1c9"
"f_other.f",192,204,"SHP_OT","(F(I,1),I=10,47)",14,"0.00000000D+00","numeric",0,,"38548071d5aa652bb90c7f111f86b427f798a1c9"
"f_other.f",192,204,"SHP_OT","(F(I,1),I=10,47)",15,"0.00000000D+00","numeric",0,,"38548071d5aa652bb90c7f111f86b427f798a1c9"
"f_other.f",192,204,"SHP_OT","(F(I,1),I=10,47)",16,"-0.51665343D+01","numeric",-5.1665343,,"38548071d5aa652bb90c7f111f86b427f798a1c9"
"f_other.f",192,204,"SHP_OT","(F(I,1),I=10,47)",17,"0.45788409D+00","numeric",0.45788409,,"38548071d5aa652bb90c7f111f86b427f798a1c9"
"f_other.f",192,204,"SHP_OT","(F(I,1),I=10,47)",18,"0.19458313D+01","numeric",1.9458313,,"38548071d5aa652bb90c7f111f86b427f798a1c9"
"f_other.f",192,204,"SHP_OT","(F(I,1),I=10,47)",19,"-0.37597099D+00","numeric",-0.37597099,,"38548071d5aa652bb90c7f111f86b427f798a1c9"
"f_other.f",192,204,"SHP_OT","(F(I,1),I=10,47)",20,"0.56129833D+01","numeric",5.6129833,,"38548071d5aa652bb90c7f111f86b427f798a1c9"
"f_other.f",192,204,"SHP_OT","(F(I,1),I=10,47)",21,"0.87688658D+00","numeric",0.87688658,,"38548071d5aa652bb90c7f111f86b427f798a1c9"
"f_other.f",192,204,"SHP_OT","(F(I,1),I=10,47)",22,"0.19543242D+01","numeric",1.9543242,,"38548071d5aa652bb90c7f111f86b427f798a1c9"
"f_other.f",192,204,"SHP_OT","(F(I,1),I=10,47)",23,"0.33588504D+01","numeric",3.3588504,,"38548071d5aa652bb90c7f111f86b427f798a1c9"
"f_other.f",192,204,"SHP_OT","(F(I,1),I=10,47)",24,"-0.19439190D+01","numeric",-1.943919,,"38548071d5aa652bb90c7f111f86b427f798a1c9"
"f_other.f",192,204,"SHP_OT","(F(I,1),I=10,47)",25,"0.24023940D+01","numeric",2.402394,,"38548071d5aa652bb90c7f111f86b427f798a1c9"
"f_other.f",192,204,"SHP_OT","(F(I,1),I=10,47)",26,"0.11663144D+01","numeric",1.1663144,,"38548071d5aa652bb90c7f111f86b427f798a1c9"
"f_other.f",192,204,"SHP_OT","(F(I,1),I=10,47)",27,"-0.79579201D+00","numeric",-0.79579201,,"38548071d5aa652bb90c7f111f86b427f798a1c9"
"f_other.f",192,204,"SHP_OT","(F(I,1),I=10,47)",28,"-0.23476445D+00","numeric",-0.23476445,,"38548071d5aa652bb90c7f111f86b427f798a1c9"
"f_other.f",192,204,"SHP_OT","(F(I,1),I=10,47)",29,"0.70000000D+01","numeric",7,,"38548071d5aa652bb90c7f111f86b427f798a1c9"
"f_other.f",192,204,"SHP_OT","(F(I,1),I=10,47)",30,"-0.56845618D+01","numeric",-5.6845618,,"38548071d5aa652bb90c7f111f86b427f798a1c9"
"f_other.f",192,204,"SHP_OT","(F(I,1),I=10,47)",31,"-0.34524730D+01","numeric",-3.452473,,"38548071d5aa652bb90c7f111f86b427f798a1c9"
"f_other.f",192,204,"SHP_OT","(F(I,1),I=10,47)",32,"0.82674905D+00","numeric",0.82674905,,"38548071d5aa652bb90c7f111f86b427f798a1c9"
"f_other.f",192,204,"SHP_OT","(F(I,1),I=10,47)",33,"0.28111083D+04","numeric",2811.1083,,"38548071d5aa652bb90c7f111f86b427f798a1c9"
"f_other.f",192,204,"SHP_OT","(F(I,1),I=10,47)",34,"-0.65957263D+03","numeric",-659.57263,,"38548071d5aa652bb90c7f111f86b427f798a1c9"
"f_other.f",192,204,"SHP_OT","(F(I,1),I=10,47)",35,"0.0","numeric",0,,"38548071d5aa652bb90c7f111f86b427f798a1c9"
"f_other.f",192,204,"SHP_OT","(F(I,1),I=10,47)",36,"0.13536317D+01","numeric",1.3536317,,"38548071d5aa652bb90c7f111f86b427f798a1c9"
"f_other.f",192,204,"SHP_OT","(F(I,1),I=10,47)",37,"0.12522892D+00","numeric",0.12522892,,"38548071d5aa652bb90c7f111f86b427f798a1c9"
"f_other.f",192,204,"SHP_OT","(F(I,1),I=10,47)",38,"-0.10620164D+00","numeric",-0.10620164,,"38548071d5aa652bb90c7f111f86b427f798a1c9"
"f_other.f",207,220,"SHP_OT","(F(I,2),I=10,47)",1,"0.21020000D+00","numeric",0.2102,,"38548071d5aa652bb90c7f111f86b427f798a1c9"
"f_other.f",207,220,"SHP_OT","(F(I,2),I=10,47)",2,"0.91540000D+00","numeric",0.9154,,"38548071d5aa652bb90c7f111f86b427f798a1c9"
"f_other.f",207,220,"SHP_OT","(F(I,2),I=10,47)",3,"0.37900000D-03","numeric",0.000379,,"38548071d5aa652bb90c7f111f86b427f798a1c9"
"f_other.f",207,220,"SHP_OT","(F(I,2),I=10,47)",4,"0.83407587D-01","numeric",0.083407587,,"38548071d5aa652bb90c7f111f86b427f798a1c9"
"f_other.f",207,220,"SHP_OT","(F(I,2),I=10,47)",5,"-0.47540269D+00","numeric",-0.47540269,,"38548071d5aa652bb90c7f111f86b427f798a1c9"
"f_other.f",207,220,"SHP_OT","(F(I,2),I=10,47)",6,"0.00000000D+00","numeric",0,,"38548071d5aa652bb90c7f111f86b427f798a1c9"
"f_other.f",207,220,"SHP_OT","(F(I,2),I=10,47)",7,"0.00000000D+00","numeric",0,,"38548071d5aa652bb90c7f111f86b427f798a1c9"
"f_other.f",207,220,"SHP_OT","(F(I,2),I=10,47)",8,"0.0","numeric",0,,"38548071d5aa652bb90c7f111f86b427f798a1c9"
"f_other.f",207,220,"SHP_OT","(F(I,2),I=10,47)",9,"0.47833781D+01","numeric",4.7833781,,"38548071d5aa652bb90c7f111f86b427f798a1c9"
"f_other.f",207,220,"SHP_OT","(F(I,2),I=10,47)",10,"0.00000000D+00","numeric",0,,"38548071d5aa652bb90c7f111f86b427f798a1c9"
"f_other.f",207,220,"SHP_OT","(F(I,2),I=10,47)",11,"0.00000000D+00","numeric",0,,"38548071d5aa652bb90c7f111f86b427f798a1c9"
"f_other.f",207,220,"SHP_OT","(F(I,2),I=10,47)",12,"0.15166254D+01","numeric",1.5166254,,"38548071d5aa652bb90c7f111f86b427f798a1c9"
"f_other.f",207,220,"SHP_OT","(F(I,2),I=10,47)",13,"0.28673546D-02","numeric",0.0028673546,,"38548071d5aa652bb90c7f111f86b427f798a1c9"
"f_other.f",207,220,"SHP_OT","(F(I,2),I=10,47)",14,"-0.18629429D+00","numeric",-0.18629429,,"38548071d5aa652bb90c7f111f86b427f798a1c9"
"f_other.f",207,220,"SHP_OT","(F(I,2),I=10,47)",15,"-0.21157380D-01","numeric",-0.02115738,,"38548071d5aa652bb90c7f111f86b427f798a1c9"
"f_other.f",207,220,"SHP_OT","(F(I,2),I=10,47)",16,"-0.27327897D+01","numeric",-2.7327897,,"38548071d5aa652bb90c7f111f86b427f798a1c9"
"f_other.f",207,220,"SHP_OT","(F(I,2),I=10,47)",17,"-0.55096620D+00","numeric",-0.5509662,,"38548071d5aa652bb90c7f111f86b427f798a1c9"
"f_other.f",207,220,"SHP_OT","(F(I,2),I=10,47)",18,"0.15292779D+01","numeric",1.5292779,,"38548071d5aa652bb90c7f111f86b427f798a1c9"
"f_other.f",207,220,"SHP_OT","(F(I,2),I=10,47)",19,"0.11925600D+00","numeric",0.119256,,"38548071d5aa652bb90c7f111f86b427f798a1c9"
"f_other.f",207,220,"SHP_OT","(F(I,2),I=10,47)",20,"-0.28241505D+01","numeric",-2.8241505,,"38548071d5aa652bb90c7f111f86b427f798a1c9"
"f_other.f",207,220,"SHP_OT","(F(I,2),I=10,47)",21,"0.19292205D+01","numeric",1.9292205,,"38548071d5aa652bb90c7f111f86b427f798a1c9"
"f_other.f",207,220,"SHP_OT","(F(I,2),I=10,47)",22,"0.00000000D+00","numeric",0,,"38548071d5aa652bb90c7f111f86b427f798a1c9"
"f_other.f",207,220,"SHP_OT","(F(I,2),I=10,47)",23,"0.00000000D+00","numeric",0,,"38548071d5aa652bb90c7f111f86b427f798a1c9"
"f_other.f",207,220,"SHP_OT","(F(I,2),I=10,47)",24,"0.00000000D+00","numeric",0,,"38548071d5aa652bb90c7f111f86b427f798a1c9"
"f_other.f",207,220,"SHP_OT","(F(I,2),I=10,47)",25,"-0.15111026D+01","numeric",-1.5111026,,"38548071d5aa652bb90c7f111f86b427f798a1c9"
"f_other.f",207,220,"SHP_OT","(F(I,2),I=10,47)",26,"0.16888014D+00","numeric",0.16888014,,"38548071d5aa652bb90c7f111f86b427f798a1c9"
"f_other.f",207,220,"SHP_OT","(F(I,2),I=10,47)",27,"0.78151554D-01","numeric",0.078151554,,"38548071d5aa652bb90c7f111f86b427f798a1c9"
"f_other.f",207,220,"SHP_OT","(F(I,2),I=10,47)",28,"0.25617800D+00","numeric",0.256178,,"38548071d5aa652bb90c7f111f86b427f798a1c9"
"f_other.f",207,220,"SHP_OT","(F(I,2),I=10,47)",29,"-0.21827157D+03","numeric",-218.27157,,"38548071d5aa652bb90c7f111f86b427f798a1c9"
"f_other.f",207,220,"SHP_OT","(F(I,2),I=10,47)",30,"0.41820883D+03","numeric",418.20883,,"38548071d5aa652bb90c7f111f86b427f798a1c9"
"f_other.f",207,220,"SHP_OT","(F(I,2),I=10,47)",31,"-0.95642541D+02","numeric",-95.642541,,"38548071d5aa652bb90c7f111f86b427f798a1c9"
"f_other.f",207,220,"SHP_OT","(F(I,2),I=10,47)",32,"0.00000000D+00","numeric",0,,"38548071d5aa652bb90c7f111f86b427f798a1c9"
"f_other.f",207,220,"SHP_OT","(F(I,2),I=10,47)",33,"0.70100000D+01","numeric",7.01,,"38548071d5aa652bb90c7f111f86b427f798a1c9"
"f_other.f",207,220,"SHP_OT","(F(I,2),I=10,47)",34,"0.00000000D+00","numeric",0,,"38548071d5aa652bb90c7f111f86b427f798a1c9"
"f_other.f",207,220,"SHP_OT","(F(I,2),I=10,47)",35,"0.0","numeric",0,,"38548071d5aa652bb90c7f111f86b427f798a1c9"
"f_other.f",207,220,"SHP_OT","(F(I,2),I=10,47)",36,"0.10050006D+01","numeric",1.0050006,,"38548071d5aa652bb90c7f111f86b427f798a1c9"
"f_other.f",207,220,"SHP_OT","(F(I,2),I=10,47)",37,"0.16477663D-03","numeric",0.00016477663,,"38548071d5aa652bb90c7f111f86b427f798a1c9"
"f_other.f",207,220,"SHP_OT","(F(I,2),I=10,47)",38,"0.00000000D+00","numeric",0,,"38548071d5aa652bb90c7f111f86b427f798a1c9"
"f_other.f",223,236,"SHP_OT","(F(I,3),I=10,47)",1,"0.12277881D+00","numeric",0.12277881,,"38548071d5aa652bb90c7f111f86b427f798a1c9"
"f_other.f",223,236,"SHP_OT","(F(I,3),I=10,47)",2,"0.10000000D+01","numeric",1,,"38548071d5aa652bb90c7f111f86b427f798a1c9"
"f_other.f",223,236,"SHP_OT","(F(I,3),I=10,47)",3,"0.13175957D-03","numeric",0.00013175957,,"38548071d5aa652bb90c7f111f86b427f798a1c9"
"f_other.f",223,236,"SHP_OT","(F(I,3),I=10,47)",4,"-0.21710377D+01","numeric",-2.1710377,,"38548071d5aa652bb90c7f111f86b427f798a1c9"
"f_other.f",223,236,"SHP_OT","(F(I,3),I=10,47)",5,"-0.44758909D-02","numeric",-0.0044758909,,"38548071d5aa652bb90c7f111f86b427f798a1c9"
"f_other.f",223,236,"SHP_OT","(F(I,3),I=10,47)",6,"-0.59374635D+00","numeric",-0.59374635,,"38548071d5aa652bb90c7f111f86b427f798a1c9"
"f_other.f",223,236,"SHP_OT","(F(I,3),I=10,47)",7,"0.30000000D+00","numeric",0.3,,"38548071d5aa652bb90c7f111f86b427f798a1c9"
"f_other.f",223,236,"SHP_OT","(F(I,3),I=10,47)",8,"0.0","numeric",0,,"38548071d5aa652bb90c7f111f86b427f798a1c9"
"f_other.f",223,236,"SHP_OT","(F(I,3),I=10,47)",9,"-0.49070444D+01","numeric",-4.9070444,,"38548071d5aa652bb90c7f111f86b427f798a1c9"
"f_other.f",223,236,"SHP_OT","(F(I,3),I=10,47)",10,"0.83648614D+01","numeric",8.3648614,,"38548071d5aa652bb90c7f111f86b427f798a1c9"
"f_other.f",223,236,"SHP_OT","(F(I,3),I=10,47)",11,"0.35928132D+01","numeric",3.5928132,,"38548071d5aa652bb90c7f111f86b427f798a1c9"
"f_other.f",223,236,"SHP_OT","(F(I,3),I=10,47)",12,"0.99000000D+00","numeric",0.99,,"38548071d5aa652bb90c7f111f86b427f798a1c9"
"f_other.f",223,236,"SHP_OT","(F(I,3),I=10,47)",13,"0.00000000D+00","numeric",0,,"38548071d5aa652bb90c7f111f86b427f798a1c9"
"f_other.f",223,236,"SHP_OT","(F(I,3),I=10,47)",14,"0.0","numeric",0,,"38548071d5aa652bb90c7f111f86b427f798a1c9"
"f_other.f",223,236,"SHP_OT","(F(I,3),I=10,47)",15,"0.0","numeric",0,,"38548071d5aa652bb90c7f111f86b427f798a1c9"
"f_other.f",223,236,"SHP_OT","(F(I,3),I=10,47)",16,"0.39980891D+01","numeric",3.9980891,,"38548071d5aa652bb90c7f111f86b427f798a1c9"
"f_other.f",223,236,"SHP_OT","(F(I,3),I=10,47)",17,"-0.14697324D+01","numeric",-1.4697324,,"38548071d5aa652bb90c7f111f86b427f798a1c9"
"f_other.f",223,236,"SHP_OT","(F(I,3),I=10,47)",18,"-0.66686989D+01","numeric",-6.6686989,,"38548071d5aa652bb90c7f111f86b427f798a1c9"
"f_other.f",223,236,"SHP_OT","(F(I,3),I=10,47)",19,"0.14455750D+01","numeric",1.445575,,"38548071d5aa652bb90c7f111f86b427f798a1c9"
"f_other.f",223,236,"SHP_OT","(F(I,3),I=10,47)",20,"0.14036713D+03","numeric",140.36713,,"38548071d5aa652bb90c7f111f86b427f798a1c9"
"f_other.f",223,236,"SHP_OT","(F(I,3),I=10,47)",21,"-0.11691175D+03","numeric",-116.91175,,"38548071d5aa652bb90c7f111f86b427f798a1c9"
"f_other.f",223,236,"SHP_OT","(F(I,3),I=10,47)",22,"-0.21054623D+02","numeric",-21.054623,,"38548071d5aa652bb90c7f111f86b427f798a1c9"
"f_other.f",223,236,"SHP_OT","(F(I,3),I=10,47)",23,"0.52685501D+02","numeric",52.685501,,"38548071d5aa652bb90c7f111f86b427f798a1c9"
"f_other.f",223,236,"SHP_OT","(F(I,3),I=10,47)",24,"-0.75914201D+01","numeric",-7.5914201,,"38548071d5aa652bb90c7f111f86b427f798a1c9"
"f_other.f",223,236,"SHP_OT","(F(I,3),I=10,47)",25,"-0.13026460D+01","numeric",-1.302646,,"38548071d5aa652bb90c7f111f86b427f798a1c9"
"f_other.f",223,236,"SHP_OT","(F(I,3),I=10,47)",26,"0.51614127D+00","numeric",0.51614127,,"38548071d5aa652bb90c7f111f86b427f798a1c9"
"f_other.f",223,236,"SHP_OT","(F(I,3),I=10,47)",27,"-0.75910037D+00","numeric",-0.75910037,,"38548071d5aa652bb90c7f111f86b427f798a1c9"
"f_other.f",223,236,"SHP_OT","(F(I,3),I=10,47)",28,"-0.37292625D-02","numeric",-0.0037292625,,"38548071d5aa652bb90c7f111f86b427f798a1c9"
"f_other.f",223,236,"SHP_OT","(F(I,3),I=10,47)",29,"-0.26357015D+01","numeric",-2.6357015,,"38548071d5aa652bb90c7f111f86b427f798a1c9"
"f_other.f",223,236,"SHP_OT","(F(I,3),I=10,47)",30,"0.86492252D+01","numeric",8.6492252,,"38548071d5aa652bb90c7f111f86b427f798a1c9"
"f_other.f",223,236,"SHP_OT","(F(I,3),I=10,47)",31,"-0.43578083D+01","numeric",-4.3578083,,"38548071d5aa652bb90c7f111f86b427f798a1c9"
"f_other.f",223,236,"SHP_OT","(F(I,3),I=10,47)",32,"-0.13528119D+02","numeric",-13.528119,,"38548071d5aa652bb90c7f111f86b427f798a1c9"
"f_other.f",223,236,"SHP_OT","(F(I,3),I=10,47)",33,"0.71000000D+01","numeric",7.1,,"38548071d5aa652bb90c7f111f86b427f798a1c9"
"f_other.f",223,236,"SHP_OT","(F(I,3),I=10,47)",34,"0.00000000D+00","numeric",0,,"38548071d5aa652bb90c7f111f86b427f798a1c9"
"f_other.f",223,236,"SHP_OT","(F(I,3),I=10,47)",35,"0.0","numeric",0,,"38548071d5aa652bb90c7f111f86b427f798a1c9"
"f_other.f",223,236,"SHP_OT","(F(I,3),I=10,47)",36,"0.44900047D+03","numeric",449.00047,,"38548071d5aa652bb90c7f111f86b427f798a1c9"
"f_other.f",223,236,"SHP_OT","(F(I,3),I=10,47)",37,"-0.27127806D+03","numeric",-271.27806,,"38548071d5aa652bb90c7f111f86b427f798a1c9"
"f_other.f",223,236,"SHP_OT","(F(I,3),I=10,47)",38,"-0.10709067D+03","numeric",-107.09067,,"38548071d5aa652bb90c7f111f86b427f798a1c9"
"f_other.f",239,251,"SHP_OT","(F(I,4),I=10,47)",1,"0.35453368D+01","numeric",3.5453368,,"38548071d5aa652bb90c7f111f86b427f798a1c9"
"f_other.f",239,251,"SHP_OT","(F(I,4),I=10,47)",2,"0.11656118D+00","numeric",0.11656118,,"38548071d5aa652bb90c7f111f86b427f798a1c9"
"f_other.f",239,251,"SHP_OT","(F(I,4),I=10,47)",3,"0.12768626D-02","numeric",0.0012768626,,"38548071d5aa652bb90c7f111f86b427f798a1c9"
"f_other.f",239,251,"SHP_OT","(F(I,4),I=10,47)",4,"-0.82336483D+00","numeric",-0.82336483,,"38548071d5aa652bb90c7f111f86b427f798a1c9"
"f_other.f",239,251,"SHP_OT","(F(I,4),I=10,47)",5,"-0.18045135D+00","numeric",-0.18045135,,"38548071d5aa652bb90c7f111f86b427f798a1c9"
"f_other.f",239,251,"SHP_OT","(F(I,4),I=10,47)",6,"-0.10960950D+00","numeric",-0.1096095,,"38548071d5aa652bb90c7f111f86b427f798a1c9"
"f_other.f",239,251,"SHP_OT","(F(I,4),I=10,47)",7,"0.12065535D+00","numeric",0.12065535,,"38548071d5aa652bb90c7f111f86b427f798a1c9"
"f_other.f",239,251,"SHP_OT","(F(I,4),I=10,47)",8,"0.00000000D+00","numeric",0,,"38548071d5aa652bb90c7f111f86b427f798a1c9"
"f_other.f",239,251,"SHP_OT","(F(I,4),I=10,47)",9,"-0.41477138D+02","numeric",-41.477138,,"38548071d5aa652bb90c7f111f86b427f798a1c9"
"f_other.f",239,251,"SHP_OT","(F(I,4),I=10,47)",10,"0.10000000D+02","numeric",10,,"38548071d5aa652bb90c7f111f86b427f798a1c9"
"f_other.f",239,251,"SHP_OT","(F(I,4),I=10,47)",11,"0.41373390D+01","numeric",4.137339,,"38548071d5aa652bb90c7f111f86b427f798a1c9"
"f_other.f",239,251,"SHP_OT","(F(I,4),I=10,47)",12,"0.84912210D+00","numeric",0.8491221,,"38548071d5aa652bb90c7f111f86b427f798a1c9"
"f_other.f",239,251,"SHP_OT","(F(I,4),I=10,47)",13,"0.73487234D-02","numeric",0.0073487234,,"38548071d5aa652bb90c7f111f86b427f798a1c9"
"f_other.f",239,251,"SHP_OT","(F(I,4),I=10,47)",14,"0.00000000D+00","numeric",0,,"38548071d5aa652bb90c7f111f86b427f798a1c9"
"f_other.f",239,251,"SHP_OT","(F(I,4),I=10,47)",15,"0.00000000D+00","numeric",0,,"38548071d5aa652bb90c7f111f86b427f798a1c9"
"f_other.f",239,251,"SHP_OT","(F(I,4),I=10,47)",16,"-0.67146666D+00","numeric",-0.67146666,,"38548071d5aa652bb90c7f111f86b427f798a1c9"
"f_other.f",239,251,"SHP_OT","(F(I,4),I=10,47)",17,"-0.90296321D+00","numeric",-0.90296321,,"38548071d5aa652bb90c7f111f86b427f798a1c9"
"f_other.f",239,251,"SHP_OT","(F(I,4),I=10,47)",18,"0.28985499D+01","numeric",2.8985499,,"38548071d5aa652bb90c7f111f86b427f798a1c9"
"f_other.f",239,251,"SHP_OT","(F(I,4),I=10,47)",19,"-0.44090573D+00","numeric",-0.44090573,,"38548071d5aa652bb90c7f111f86b427f798a1c9"
"f_other.f",239,251,"SHP_OT","(F(I,4),I=10,47)",20,"0.12308011D+01","numeric",1.2308011,,"38548071d5aa652bb90c7f111f86b427f798a1c9"
"f_other.f",239,251,"SHP_OT","(F(I,4),I=10,47)",21,"0.19896131D+01","numeric",1.9896131,,"38548071d5aa652bb90c7f111f86b427f798a1c9"
"f_other.f",239,251,"SHP_OT","(F(I,4),I=10,47)",22,"-0.74943659D+00","numeric",-0.74943659,,"38548071d5aa652bb90c7f111f86b427f798a1c9"
"f_other.f",239,251,"SHP_OT","(F(I,4),I=10,47)",23,"0.42028371D+00","numeric",0.42028371,,"38548071d5aa652bb90c7f111f86b427f798a1c9"
"f_other.f",239,251,"SHP_OT","(F(I,4),I=10,47)",24,"-0.20747272D+00","numeric",-0.20747272,,"38548071d5aa652bb90c7f111f86b427f798a1c9"
"f_other.f",239,251,"SHP_OT","(F(I,4),I=10,47)",25,"0.44655919D+01","numeric",4.4655919,,"38548071d5aa652bb90c7f111f86b427f798a1c9"
"f_other.f",239,251,"SHP_OT","(F(I,4),I=10,47)",26,"0.41265480D+00","numeric",0.4126548,,"38548071d5aa652bb90c7f111f86b427f798a1c9"
"f_other.f",239,251,"SHP_OT","(F(I,4),I=10,47)",27,"-0.13682142D+01","numeric",-1.3682142,,"38548071d5aa652bb90c7f111f86b427f798a1c9"
"f_other.f",239,251,"SHP_OT","(F(I,4),I=10,47)",28,"0.50005514D-01","numeric",0.050005514,,"38548071d5aa652bb90c7f111f86b427f798a1c9"
"f_other.f",239,251,"SHP_OT","(F(I,4),I=10,47)",29,"-0.49809702D+01","numeric",-4.9809702,,"38548071d5aa652bb90c7f111f86b427f798a1c9"
"f_other.f",239,251,"SHP_OT","(F(I,4),I=10,47)",30,"0.14255895D+02","numeric",14.255895,,"38548071d5aa652bb90c7f111f86b427f798a1c9"
"f_other.f",239,251,"SHP_OT","(F(I,4),I=10,47)",31,"0.33688349D+01","numeric",3.3688349,,"38548071d5aa652bb90c7f111f86b427f798a1c9"
"f_other.f",239,251,"SHP_OT","(F(I,4),I=10,47)",32,"-0.11815386D+01","numeric",-1.1815386,,"38548071d5aa652bb90c7f111f86b427f798a1c9"
"f_other.f",239,251,"SHP_OT","(F(I,4),I=10,47)",33,"0.26327501D+02","numeric",26.327501,,"38548071d5aa652bb90c7f111f86b427f798a1c9"
"f_other.f",239,251,"SHP_OT","(F(I,4),I=10,47)",34,"-0.42846455D+01","numeric",-4.2846455,,"38548071d5aa652bb90c7f111f86b427f798a1c9"
"f_other.f",239,251,"SHP_OT","(F(I,4),I=10,47)",35,"0.00000000D+00","numeric",0,,"38548071d5aa652bb90c7f111f86b427f798a1c9"
"f_other.f",239,251,"SHP_OT","(F(I,4),I=10,47)",36,"0.93254686D+00","numeric",0.93254686,,"38548071d5aa652bb90c7f111f86b427f798a1c9"
"f_other.f",239,251,"SHP_OT","(F(I,4),I=10,47)",37,"0.31997936D-01","numeric",0.031997936,,"38548071d5aa652bb90c7f111f86b427f798a1c9"
"f_other.f",239,251,"SHP_OT","(F(I,4),I=10,47)",38,"0.24617779D-01","numeric",0.024617779,,"38548071d5aa652bb90c7f111f86b427f798a1c9"
"f_other.f",254,266,"SHP_OT","(F(I,5),I=10,47)",1,"0.73716080D+00","numeric",0.7371608,,"38548071d5aa652bb90c7f111f86b427f798a1c9"
"f_other.f",254,266,"SHP_OT","(F(I,5),I=10,47)",2,"0.68027288D+00","numeric",0.68027288,,"38548071d5aa652bb90c7f111f86b427f798a1c9"
"f_other.f",254,266,"SHP_OT","(F(I,5),I=10,47)",3,"0.00000000D+00","numeric",0,,"38548071d5aa652bb90c7f111f86b427f798a1c9"
"f_other.f",254,266,"SHP_OT","(F(I,5),I=10,47)",4,"-0.41913785D+01","numeric",-4.1913785,,"38548071d5aa652bb90c7f111f86b427f798a1c9"
"f_other.f",254,266,"SHP_OT","(F(I,5),I=10,47)",5,"0.40269673D+00","numeric",0.40269673,,"38548071d5aa652bb90c7f111f86b427f798a1c9"
"f_other.f",254,266,"SHP_OT","(F(I,5),I=10,47)",6,"0.76854192D+00","numeric",0.76854192,,"38548071d5aa652bb90c7f111f86b427f798a1c9"
"f_other.f",254,266,"SHP_OT","(F(I,5),I=10,47)",7,"0.30000000D+00","numeric",0.3,,"38548071d5aa652bb90c7f111f86b427f798a1c9"
"f_other.f",254,266,"SHP_OT","(F(I,5),I=10,47)",8,"0.00000000D+00","numeric",0,,"38548071d5aa652bb90c7f111f86b427f798a1c9"
"f_other.f",254,266,"SHP_OT","(F(I,5),I=10,47)",9,"0.12084891D+04","numeric",1208.4891,,"38548071d5aa652bb90c7f111f86b427f798a1c9"
"f_other.f",254,266,"SHP_OT","(F(I,5),I=10,47)",10,"-0.23035742D+03","numeric",-230.35742,,"38548071d5aa652bb90c7f111f86b427f798a1c9"
"f_other.f",254,266,"SHP_OT","(F(I,5),I=10,47)",11,"-0.14224932D+04","numeric",-1422.4932,,"38548071d5aa652bb90c7f111f86b427f798a1c9"
"f_other.f",254,266,"SHP_OT","(F(I,5),I=10,47)",12,"0.99000000D+00","numeric",0.99,,"38548071d5aa652bb90c7f111f86b427f798a1c9"
"f_other.f",254,266,"SHP_OT","(F(I,5),I=10,47)",13,"0.24609061D+01","numeric",2.4609061,,"38548071d5aa652bb90c7f111f86b427f798a1c9"
"f_other.f",254,266,"SHP_OT","(F(I,5),I=10,47)",14,"0.16246653D+00","numeric",0.16246653,,"38548071d5aa652bb90c7f111f86b427f798a1c9"
"f_other.f",254,266,"SHP_OT","(F(I,5),I=10,47)",15,"-0.21733263D+00","numeric",-0.21733263,,"38548071d5aa652bb90c7f111f86b427f798a1c9"
"f_other.f",254,266,"SHP_OT","(F(I,5),I=10,47)",16,"0.45308167D+01","numeric",4.5308167,,"38548071d5aa652bb90c7f111f86b427f798a1c9"
"f_other.f",254,266,"SHP_OT","(F(I,5),I=10,47)",17,"-0.24261969D+01","numeric",-2.4261969,,"38548071d5aa652bb90c7f111f86b427f798a1c9"
"f_other.f",254,266,"SHP_OT","(F(I,5),I=10,47)",18,"-0.80556820D+01","numeric",-8.055682,,"38548071d5aa652bb90c7f111f86b427f798a1c9"
"f_other.f",254,266,"SHP_OT","(F(I,5),I=10,47)",19,"0.26254201D+01","numeric",2.6254201,,"38548071d5aa652bb90c7f111f86b427f798a1c9"
"f_other.f",254,266,"SHP_OT","(F(I,5),I=10,47)",20,"0.26041993D+02","numeric",26.041993,,"38548071d5aa652bb90c7f111f86b427f798a1c9"
"f_other.f",254,266,"SHP_OT","(F(I,5),I=10,47)",21,"-0.62710195D+02","numeric",-62.710195,,"38548071d5aa652bb90c7f111f86b427f798a1c9"
"f_other.f",254,266,"SHP_OT","(F(I,5),I=10,47)",22,"-0.66443455D+01","numeric",-6.6443455,,"38548071d5aa652bb90c7f111f86b427f798a1c9"
"f_other.f",254,266,"SHP_OT","(F(I,5),I=10,47)",23,"0.17177653D+02","numeric",17.177653,,"38548071d5aa652bb90c7f111f86b427f798a1c9"
"f_other.f",254,266,"SHP_OT","(F(I,5),I=10,47)",24,"-0.30576099D+00","numeric",-0.30576099,,"38548071d5aa652bb90c7f111f86b427f798a1c9"
"f_other.f",254,266,"SHP_OT","(F(I,5),I=10,47)",25,"-0.80175217D+00","numeric",-0.80175217,,"38548071d5aa652bb90c7f111f86b427f798a1c9"
"f_other.f",254,266,"SHP_OT","(F(I,5),I=10,47)",26,"0.36295626D+01","numeric",3.6295626,,"38548071d5aa652bb90c7f111f86b427f798a1c9"
"f_other.f",254,266,"SHP_OT","(F(I,5),I=10,47)",27,"0.45934604D-01","numeric",0.045934604,,"38548071d5aa652bb90c7f111f86b427f798a1c9"
"f_other.f",254,266,"SHP_OT","(F(I,5),I=10,47)",28,"-0.85721306D+00","numeric",-0.85721306,,"38548071d5aa652bb90c7f111f86b427f798a1c9"
"f_other.f",254,266,"SHP_OT","(F(I,5),I=10,47)",29,"-0.70000000D+01","numeric",-7,,"38548071d5aa652bb90c7f111f86b427f798a1c9"
"f_other.f",254,266,"SHP_OT","(F(I,5),I=10,47)",30,"-0.56835846D-05","numeric",-5.6835846e-06,,"38548071d5aa652bb90c7f111f86b427f798a1c9"
"f_other.f",254,266,"SHP_OT","(F(I,5),I=10,47)",31,"0.10025049D-04","numeric",1.0025049e-05,,"38548071d5aa652bb90c7f111f86b427f798a1c9"
"f_other.f",254,266,"SHP_OT","(F(I,5),I=10,47)",32,"-0.33941424D-02","numeric",-0.0033941424,,"38548071d5aa652bb90c7f111f86b427f798a1c9"
"f_other.f",254,266,"SHP_OT","(F(I,5),I=10,47)",33,"0.70100000D+01","numeric",7.01,,"38548071d5aa652bb90c7f111f86b427f798a1c9"
"f_other.f",254,266,"SHP_OT","(F(I,5),I=10,47)",34,"0.00000000D+00","numeric",0,,"38548071d5aa652bb90c7f111f86b427f798a1c9"
"f_other.f",254,266,"SHP_OT","(F(I,5),I=10,47)",35,"0.00000000D+00","numeric",0,,"38548071d5aa652bb90c7f111f86b427f798a1c9"
"f_other.f",254,266,"SHP_OT","(F(I,5),I=10,47)",36,"0.11178757D+01","numeric",1.1178757,,"38548071d5aa652bb90c7f111f86b427f798a1c9"
"f_other.f",254,266,"SHP_OT","(F(I,5),I=10,47)",37,"0.33317466D-01","numeric",0.033317466,,"38548071d5aa652bb90c7f111f86b427f798a1c9"
"f_other.f",254,266,"SHP_OT","(F(I,5),I=10,47)",38,"-0.24842882D-01","numeric",-0.024842882,,"38548071d5aa652bb90c7f111f86b427f798a1c9"
"f_other.f",269,281,"SHP_OT","(F(I,6),I=10,47)",1,"0.36691430D+01","numeric",3.669143,,"38548071d5aa652bb90c7f111f86b427f798a1c9"
"f_other.f",269,281,"SHP_OT","(F(I,6),I=10,47)",2,"0.18992789D+00","numeric",0.18992789,,"38548071d5aa652bb90c7f111f86b427f798a1c9"
"f_other.f",269,281,"SHP_OT","(F(I,6),I=10,47)",3,"0.33176964D-04","numeric",3.3176964e-05,,"38548071d5aa652bb90c7f111f86b427f798a1c9"
"f_other.f",269,281,"SHP_OT","(F(I,6),I=10,47)",4,"0.20425823D+01","numeric",2.0425823,,"38548071d5aa652bb90c7f111f86b427f798a1c9"
"f_other.f",269,281,"SHP_OT","(F(I,6),I=10,47)",5,"-0.91938264D+00","numeric",-0.91938264,,"38548071d5aa652bb90c7f111f86b427f798a1c9"
"f_other.f",269,281,"SHP_OT","(F(I,6),I=10,47)",6,"0.69861030D+00","numeric",0.6986103,,"38548071d5aa652bb90c7f111f86b427f798a1c9"
"f_other.f",269,281,"SHP_OT","(F(I,6),I=10,47)",7,"0.17854632D+00","numeric",0.17854632,,"38548071d5aa652bb90c7f111f86b427f798a1c9"
"f_other.f",269,281,"SHP_OT","(F(I,6),I=10,47)",8,"0.00000000D+00","numeric",0,,"38548071d5aa652bb90c7f111f86b427f798a1c9"
"f_other.f",269,281,"SHP_OT","(F(I,6),I=10,47)",9,"-0.21631789D+02","numeric",-21.631789,,"38548071d5aa652bb90c7f111f86b427f798a1c9"
"f_other.f",269,281,"SHP_OT","(F(I,6),I=10,47)",10,"0.81713597D+01","numeric",8.1713597,,"38548071d5aa652bb90c7f111f86b427f798a1c9"
"f_other.f",269,281,"SHP_OT","(F(I,6),I=10,47)",11,"-0.65661454D+00","numeric",-0.65661454,,"38548071d5aa652bb90c7f111f86b427f798a1c9"
"f_other.f",269,281,"SHP_OT","(F(I,6),I=10,47)",12,"0.84912210D+00","numeric",0.8491221,,"38548071d5aa652bb90c7f111f86b427f798a1c9"
"f_other.f",269,281,"SHP_OT","(F(I,6),I=10,47)",13,"0.73487234D-02","numeric",0.0073487234,,"38548071d5aa652bb90c7f111f86b427f798a1c9"
"f_other.f",269,281,"SHP_OT","(F(I,6),I=10,47)",14,"0.00000000D+00","numeric",0,,"38548071d5aa652bb90c7f111f86b427f798a1c9"
"f_other.f",269,281,"SHP_OT","(F(I,6),I=10,47)",15,"0.00000000D+00","numeric",0,,"38548071d5aa652bb90c7f111f86b427f798a1c9"
"f_other.f",269,281,"SHP_OT","(F(I,6),I=10,47)",16,"0.76233739D+01","numeric",7.6233739,,"38548071d5aa652bb90c7f111f86b427f798a1c9"
"f_other.f",269,281,"SHP_OT","(F(I,6),I=10,47)",17,"-0.30679918D+01","numeric",-3.0679918,,"38548071d5aa652bb90c7f111f86b427f798a1c9"
"f_other.f",269,281,"SHP_OT","(F(I,6),I=10,47)",18,"-0.90811463D+01","numeric",-9.0811463,,"38548071d5aa652bb90c7f111f86b427f798a1c9"
"f_other.f",269,281,"SHP_OT","(F(I,6),I=10,47)",19,"0.22859620D+01","numeric",2.285962,,"38548071d5aa652bb90c7f111f86b427f798a1c9"
"f_other.f",269,281,"SHP_OT","(F(I,6),I=10,47)",20,"-0.24531176D+01","numeric",-2.4531176,,"38548071d5aa652bb90c7f111f86b427f798a1c9"
"f_other.f",269,281,"SHP_OT","(F(I,6),I=10,47)",21,"-0.19210099D+02","numeric",-19.210099,,"38548071d5aa652bb90c7f111f86b427f798a1c9"
"f_other.f",269,281,"SHP_OT","(F(I,6),I=10,47)",22,"-0.26435859D+02","numeric",-26.435859,,"38548071d5aa652bb90c7f111f86b427f798a1c9"
"f_other.f",269,281,"SHP_OT","(F(I,6),I=10,47)",23,"-0.21150535D+02","numeric",-21.150535,,"38548071d5aa652bb90c7f111f86b427f798a1c9"
"f_other.f",269,281,"SHP_OT","(F(I,6),I=10,47)",24,"0.13348151D+02","numeric",13.348151,,"38548071d5aa652bb90c7f111f86b427f798a1c9"
"f_other.f",269,281,"SHP_OT","(F(I,6),I=10,47)",25,"-0.67819116D+00","numeric",-0.67819116,,"38548071d5aa652bb90c7f111f86b427f798a1c9"
"f_other.f",269,281,"SHP_OT","(F(I,6),I=10,47)",26,"0.24581387D+00","numeric",0.24581387,,"38548071d5aa652bb90c7f111f86b427f798a1c9"
"f_other.f",269,281,"SHP_OT","(F(I,6),I=10,47)",27,"-0.71930984D-01","numeric",-0.071930984,,"38548071d5aa652bb90c7f111f86b427f798a1c9"
"f_other.f",269,281,"SHP_OT","(F(I,6),I=10,47)",28,"0.21472602D-01","numeric",0.021472602,,"38548071d5aa652bb90c7f111f86b427f798a1c9"
"f_other.f",269,281,"SHP_OT","(F(I,6),I=10,47)",29,"-0.70000000D+01","numeric",-7,,"38548071d5aa652bb90c7f111f86b427f798a1c9"
"f_other.f",269,281,"SHP_OT","(F(I,6),I=10,47)",30,"-0.31137219D+02","numeric",-31.137219,,"38548071d5aa652bb90c7f111f86b427f798a1c9"
"f_other.f",269,281,"SHP_OT","(F(I,6),I=10,47)",31,"-0.85945910D+01","numeric",-8.594591,,"38548071d5aa652bb90c7f111f86b427f798a1c9"
"f_other.f",269,281,"SHP_OT","(F(I,6),I=10,47)",32,"0.49707724D+01","numeric",4.9707724,,"38548071d5aa652bb90c7f111f86b427f798a1c9"
"f_other.f",269,281,"SHP_OT","(F(I,6),I=10,47)",33,"0.50837363D+00","numeric",0.50837363,,"38548071d5aa652bb90c7f111f86b427f798a1c9"
"f_other.f",269,281,"SHP_OT","(F(I,6),I=10,47)",34,"0.19343103D+01","numeric",1.9343103,,"38548071d5aa652bb90c7f111f86b427f798a1c9"
"f_other.f",269,281,"SHP_OT","(F(I,6),I=10,47)",35,"0.00000000D+00","numeric",0,,"38548071d5aa652bb90c7f111f86b427f798a1c9"
"f_other.f",269,281,"SHP_OT","(F(I,6),I=10,47)",36,"0.10000000D+01","numeric",1,,"38548071d5aa652bb90c7f111f86b427f798a1c9"
"f_other.f",269,281,"SHP_OT","(F(I,6),I=10,47)",37,"0.96689437D+00","numeric",0.96689437,,"38548071d5aa652bb90c7f111f86b427f798a1c9"
"f_other.f",269,281,"SHP_OT","(F(I,6),I=10,47)",38,"-0.25611878D+00","numeric",-0.25611878,,"38548071d5aa652bb90c7f111f86b427f798a1c9"
"f_other.f",283,295,"SHP_OT","(F(I,7),I=10,47)",1,"0.92005972D+01","numeric",9.2005972,,"38548071d5aa652bb90c7f111f86b427f798a1c9"
"f_other.f",283,295,"SHP_OT","(F(I,7),I=10,47)",2,"0.39365313D-01","numeric",0.039365313,,"38548071d5aa652bb90c7f111f86b427f798a1c9"
"f_other.f",283,295,"SHP_OT","(F(I,7),I=10,47)",3,"0.29661933D-02","numeric",0.0029661933,,"38548071d5aa652bb90c7f111f86b427f798a1c9"
"f_other.f",283,295,"SHP_OT","(F(I,7),I=10,47)",4,"-0.14129679D+01","numeric",-1.4129679,,"38548071d5aa652bb90c7f111f86b427f798a1c9"
"f_other.f",283,295,"SHP_OT","(F(I,7),I=10,47)",5,"-0.39945941D+02","numeric",-39.945941,,"38548071d5aa652bb90c7f111f86b427f798a1c9"
"f_other.f",283,295,"SHP_OT","(F(I,7),I=10,47)",6,"-0.34558457D+02","numeric",-34.558457,,"38548071d5aa652bb90c7f111f86b427f798a1c9"
"f_other.f",283,295,"SHP_OT","(F(I,7),I=10,47)",7,"0.29799395D+00","numeric",0.29799395,,"38548071d5aa652bb90c7f111f86b427f798a1c9"
"f_other.f",283,295,"SHP_OT","(F(I,7),I=10,47)",8,"0.00000000D+00","numeric",0,,"38548071d5aa652bb90c7f111f86b427f798a1c9"
"f_other.f",283,295,"SHP_OT","(F(I,7),I=10,47)",9,"-0.20514434D+02","numeric",-20.514434,,"38548071d5aa652bb90c7f111f86b427f798a1c9"
"f_other.f",283,295,"SHP_OT","(F(I,7),I=10,47)",10,"0.55752354D+01","numeric",5.5752354,,"38548071d5aa652bb90c7f111f86b427f798a1c9"
"f_other.f",283,295,"SHP_OT","(F(I,7),I=10,47)",11,"-0.11620111D+02","numeric",-11.620111,,"38548071d5aa652bb90c7f111f86b427f798a1c9"
"f_other.f",283,295,"SHP_OT","(F(I,7),I=10,47)",12,"0.99000000D+00","numeric",0.99,,"38548071d5aa652bb90c7f111f86b427f798a1c9"
"f_other.f",283,295,"SHP_OT","(F(I,7),I=10,47)",13,"0.99999933D+00","numeric",0.99999933,,"38548071d5aa652bb90c7f111f86b427f798a1c9"
"f_other.f",283,295,"SHP_OT","(F(I,7),I=10,47)",14,"0.00000000D+00","numeric",0,,"38548071d5aa652bb90c7f111f86b427f798a1c9"
"f_other.f",283,295,"SHP_OT","(F(I,7),I=10,47)",15,"0.00000000D+00","numeric",0,,"38548071d5aa652bb90c7f111f86b427f798a1c9"
"f_other.f",283,295,"SHP_OT","(F(I,7),I=10,47)",16,"-0.30107023D+01","numeric",-3.0107023,,"38548071d5aa652bb90c7f111f86b427f798a1c9"
"f_other.f",283,295,"SHP_OT","(F(I,7),I=10,47)",17,"-0.65811245D+00","numeric",-0.65811245,,"38548071d5aa652bb90c7f111f86b427f798a1c9"
"f_other.f",283,295,"SHP_OT","(F(I,7),I=10,47)",18,"0.89956194D+01","numeric",8.9956194,,"38548071d5aa652bb90c7f111f86b427f798a1c9"
"f_other.f",283,295,"SHP_OT","(F(I,7),I=10,47)",19,"-0.21424741D+01","numeric",-2.1424741,,"38548071d5aa652bb90c7f111f86b427f798a1c9"
"f_other.f",283,295,"SHP_OT","(F(I,7),I=10,47)",20,"-0.70000000D+01","numeric",-7,,"38548071d5aa652bb90c7f111f86b427f798a1c9"
"f_other.f",283,295,"SHP_OT","(F(I,7),I=10,47)",21,"-0.31755663D+02","numeric",-31.755663,,"38548071d5aa652bb90c7f111f86b427f798a1c9"
"f_other.f",283,295,"SHP_OT","(F(I,7),I=10,47)",22,"-0.25160313D+01","numeric",-2.5160313,,"38548071d5aa652bb90c7f111f86b427f798a1c9"
"f_other.f",283,295,"SHP_OT","(F(I,7),I=10,47)",23,"0.85136197D+01","numeric",8.5136197,,"38548071d5aa652bb90c7f111f86b427f798a1c9"
"f_other.f",283,295,"SHP_OT","(F(I,7),I=10,47)",24,"-0.81654808D+00","numeric",-0.81654808,,"38548071d5aa652bb90c7f111f86b427f798a1c9"
"f_other.f",283,295,"SHP_OT","(F(I,7),I=10,47)",25,"0.23973015D+01","numeric",2.3973015,,"38548071d5aa652bb90c7f111f86b427f798a1c9"
"f_other.f",283,295,"SHP_OT","(F(I,7),I=10,47)",26,"-0.17097653D+01","numeric",-1.7097653,,"38548071d5aa652bb90c7f111f86b427f798a1c9"
"f_other.f",283,295,"SHP_OT","(F(I,7),I=10,47)",27,"-0.56230536D+00","numeric",-0.56230536,,"38548071d5aa652bb90c7f111f86b427f798a1c9"
"f_other.f",283,295,"SHP_OT","(F(I,7),I=10,47)",28,"0.91076182D+00","numeric",0.91076182,,"38548071d5aa652bb90c7f111f86b427f798a1c9"
"f_other.f",283,295,"SHP_OT","(F(I,7),I=10,47)",29,"-0.70000000D+01","numeric",-7,,"38548071d5aa652bb90c7f111f86b427f798a1c9"
"f_other.f",283,295,"SHP_OT","(F(I,7),I=10,47)",30,"0.00000000D+00","numeric",0,,"38548071d5aa652bb90c7f111f86b427f798a1c9"
"f_other.f",283,295,"SHP_OT","(F(I,7),I=10,47)",31,"0.00000000D+00","numeric",0,,"38548071d5aa652bb90c7f111f86b427f798a1c9"
"f_other.f",283,295,"SHP_OT","(F(I,7),I=10,47)",32,"-0.25306440D-01","numeric",-0.02530644,,"38548071d5aa652bb90c7f111f86b427f798a1c9"
"f_other.f",283,295,"SHP_OT","(F(I,7),I=10,47)",33,"0.70100000D+01","numeric",7.01,,"38548071d5aa652bb90c7f111f86b427f798a1c9"
"f_other.f",283,295,"SHP_OT","(F(I,7),I=10,47)",34,"0.00000000D+00","numeric",0,,"38548071d5aa652bb90c7f111f86b427f798a1c9"
"f_other.f",283,295,"SHP_OT","(F(I,7),I=10,47)",35,"0.00000000D+00","numeric",0,,"38548071d5aa652bb90c7f111f86b427f798a1c9"
"f_other.f",283,295,"SHP_OT","(F(I,7),I=10,47)",36,"0.11301947D+01","numeric",1.1301947,,"38548071d5aa652bb90c7f111f86b427f798a1c9"
"f_other.f",283,295,"SHP_OT","(F(I,7),I=10,47)",37,"-0.10235126D-01","numeric",-0.010235126,,"38548071d5aa652bb90c7f111f86b427f798a1c9"
"f_other.f",283,295,"SHP_OT","(F(I,7),I=10,47)",38,"-0.25704531D-01","numeric",-0.025704531,,"38548071d5aa652bb90c7f111f86b427f798a1c9"
"f_other.f",412,414,"COR_OT","(V(I,1),I=1,5)",1,"-0.37047662D+01","numeric",-3.7047662,,"38548071d5aa652bb90c7f111f86b427f798a1c9"
"f_other.f",412,414,"COR_OT","(V(I,1),I=1,5)",2,"0.36383106D+01","numeric",3.6383106,,"38548071d5aa652bb90c7f111f86b427f798a1c9"
"f_other.f",412,414,"COR_OT","(V(I,1),I=1,5)",3,"-0.24995390D+01","numeric",-2.499539,,"38548071d5aa652bb90c7f111f86b427f798a1c9"
"f_other.f",412,414,"COR_OT","(V(I,1),I=1,5)",4,"-0.20054612D+01","numeric",-2.0054612,,"38548071d5aa652bb90c7f111f86b427f798a1c9"
"f_other.f",412,414,"COR_OT","(V(I,1),I=1,5)",5,"-0.34460970D+00","numeric",-0.3446097,,"38548071d5aa652bb90c7f111f86b427f798a1c9"
"f_other.f",417,419,"COR_OT","(V(I,2),I=1,5)",1,"-0.54787570D+01","numeric",-5.478757,,"38548071d5aa652bb90c7f111f86b427f798a1c9"
"f_other.f",417,419,"COR_OT","(V(I,2),I=1,5)",2,"0.96890017D+01","numeric",9.6890017,,"38548071d5aa652bb90c7f111f86b427f798a1c9"
"f_other.f",417,419,"COR_OT","(V(I,2),I=1,5)",3,"-0.53401299D+01","numeric",-5.3401299,,"38548071d5aa652bb90c7f111f86b427f798a1c9"
"f_other.f",417,419,"COR_OT","(V(I,2),I=1,5)",4,"-0.13433096D+01","numeric",-1.3433096,,"38548071d5aa652bb90c7f111f86b427f798a1c9"
"f_other.f",417,419,"COR_OT","(V(I,2),I=1,5)",5,"-0.20405779D+00","numeric",-0.20405779,,"38548071d5aa652bb90c7f111f86b427f798a1c9"
"f_other.f",422,424,"COR_OT","(V(I,3),I=1,5)",1,"-0.47777690D+01","numeric",-4.777769,,"38548071d5aa652bb90c7f111f86b427f798a1c9"
"f_other.f",422,424,"COR_OT","(V(I,3),I=1,5)",2,"0.12360133D+02","numeric",12.360133,,"38548071d5aa652bb90c7f111f86b427f798a1c9"
"f_other.f",422,424,"COR_OT","(V(I,3),I=1,5)",3,"-0.76787940D+01","numeric",-7.678794,,"38548071d5aa652bb90c7f111f86b427f798a1c9"
"f_other.f",422,424,"COR_OT","(V(I,3),I=1,5)",4,"-0.15295707D+01","numeric",-1.5295707,,"38548071d5aa652bb90c7f111f86b427f798a1c9"
"f_other.f",422,424,"COR_OT","(V(I,3),I=1,5)",5,"-0.16751541D+00","numeric",-0.16751541,,"38548071d5aa652bb90c7f111f86b427f798a1c9"
"f_other.f",427,429,"COR_OT","(V(I,4),I=1,5)",1,"-0.24676508D+01","numeric",-2.4676508,,"38548071d5aa652bb90c7f111f86b427f798a1c9"
"f_other.f",427,429,"COR_OT","(V(I,4),I=1,5)",2,"-0.18606299D+01","numeric",-1.8606299,,"38548071d5aa652bb90c7f111f86b427f798a1c9"
"f_other.f",427,429,"COR_OT","(V(I,4),I=1,5)",3,"-0.45496728D+01","numeric",-4.5496728,,"38548071d5aa652bb90c7f111f86b427f798a1c9"
"f_other.f",427,429,"COR_OT","(V(I,4),I=1,5)",4,"-0.12369208D+01","numeric",-1.2369208,,"38548071d5aa652bb90c7f111f86b427f798a1c9"
"f_other.f",427,429,"COR_OT","(V(I,4),I=1,5)",5,"0.19863544D+00","numeric",0.19863544,,"38548071d5aa652bb90c7f111f86b427f798a1c9"
"f_other.f",432,434,"COR_OT","(V(I,5),I=1,5)",1,"-0.12659920D+02","numeric",-12.65992,,"38548071d5aa652bb90c7f111f86b427f798a1c9"
"f_other.f",432,434,"COR_OT","(V(I,5),I=1,5)",2,"0.41776970D+02","numeric",41.77697,,"38548071d5aa652bb90c7f111f86b427f798a1c9"
"f_other.f",432,434,"COR_OT","(V(I,5),I=1,5)",3,"-0.12349876D+02","numeric",-12.349876,,"38548071d5aa652bb90c7f111f86b427f798a1c9"
"f_other.f",432,434,"COR_OT","(V(I,5),I=1,5)",4,"-0.13485158D+01","numeric",-1.3485158,,"38548071d5aa652bb90c7f111f86b427f798a1c9"
"f_other.f",432,434,"COR_OT","(V(I,5),I=1,5)",5,"-0.97359467D+00","numeric",-0.97359467,,"38548071d5aa652bb90c7f111f86b427f798a1c9"
"f_other.f",437,439,"COR_OT","(V(I,6),I=1,5)",1,"-0.24901327D+01","numeric",-2.4901327,,"38548071d5aa652bb90c7f111f86b427f798a1c9"
"f_other.f",437,439,"COR_OT","(V(I,6),I=1,5)",2,"0.18981262D+01","numeric",1.8981262,,"38548071d5aa652bb90c7f111f86b427f798a1c9"
"f_other.f",437,439,"COR_OT","(V(I,6),I=1,5)",3,"-0.34884538D+01","numeric",-3.4884538,,"38548071d5aa652bb90c7f111f86b427f798a1c9"
"f_other.f",437,439,"COR_OT","(V(I,6),I=1,5)",4,"-0.13900552D+01","numeric",-1.3900552,,"38548071d5aa652bb90c7f111f86b427f798a1c9"
"f_other.f",437,439,"COR_OT","(V(I,6),I=1,5)",5,"0.14103043D-02","numeric",0.0014103043,,"38548071d5aa652bb90c7f111f86b427f798a1c9"
"f_other.f",442,444,"COR_OT","(V(I,7),I=1,5)",1,"-0.81723321D+01","numeric",-8.1723321,,"38548071d5aa652bb90c7f111f86b427f798a1c9"
"f_other.f",442,444,"COR_OT","(V(I,7),I=1,5)",2,"0.19235015D+02","numeric",19.235015,,"38548071d5aa652bb90c7f111f86b427f798a1c9"
"f_other.f",442,444,"COR_OT","(V(I,7),I=1,5)",3,"-0.63296283D+01","numeric",-6.3296283,,"38548071d5aa652bb90c7f111f86b427f798a1c9"
"f_other.f",442,444,"COR_OT","(V(I,7),I=1,5)",4,"-0.23078864D+01","numeric",-2.3078864,,"38548071d5aa652bb90c7f111f86b427f798a1c9"
"f_other.f",442,444,"COR_OT","(V(I,7),I=1,5)",5,"0.20674878D+00","numeric",0.20674878,,"38548071d5aa652bb90c7f111f86b427f798a1c9"
"f_other.f",535,536,"VAR_OT","(F(I,1),I=10,12)",1,"0.66384514D+01","numeric",6.6384514,,"38548071d5aa652bb90c7f111f86b427f798a1c9"
"f_other.f",535,536,"VAR_OT","(F(I,1),I=10,12)",2,"0.10000000D-01","numeric",0.01,,"38548071d5aa652bb90c7f111f86b427f798a1c9"
"f_other.f",535,536,"VAR_OT","(F(I,1),I=10,12)",3,"0.29774591D-03","numeric",0.00029774591,,"38548071d5aa652bb90c7f111f86b427f798a1c9"
"f_other.f",538,543,"VAR_OT","(V(I,1),I= 1,16)",1,"-0.11491009D+02","numeric",-11.491009,,"38548071d5aa652bb90c7f111f86b427f798a1c9"
"f_other.f",538,543,"VAR_OT","(V(I,1),I= 1,16)",2,"0.95333994D+00","numeric",0.95333994,,"38548071d5aa652bb90c7f111f86b427f798a1c9"
"f_other.f",538,543,"VAR_OT","(V(I,1),I= 1,16)",3,"0.16501845D+01","numeric",1.6501845,,"38548071d5aa652bb90c7f111f86b427f798a1c9"
"f_other.f",538,543,"VAR_OT","(V(I,1),I= 1,16)",4,"0.11286695D+02","numeric",11.286695,,"38548071d5aa652bb90c7f111f86b427f798a1c9"
"f_other.f",538,543,"VAR_OT","(V(I,1),I= 1,16)",5,"-0.17267989D+01","numeric",-1.7267989,,"38548071d5aa652bb90c7f111f86b427f798a1c9"
"f_other.f",538,543,"VAR_OT","(V(I,1),I= 1,16)",6,"0.00000000D+00","numeric",0,,"38548071d5aa652bb90c7f111f86b427f798a1c9"
"f_other.f",538,543,"VAR_OT","(V(I,1),I= 1,16)",7,"0.21717935D+00","numeric",0.21717935,,"38548071d5aa652bb90c7f111f86b427f798a1c9"
"f_other.f",538,543,"VAR_OT","(V(I,1),I= 1,16)",8,"0.79497708D-01","numeric",0.079497708,,"38548071d5aa652bb90c7f111f86b427f798a1c9"
"f_other.f",538,543,"VAR_OT","(V(I,1),I= 1,16)",9,"0.10000000D+01","numeric",1,,"38548071d5aa652bb90c7f111f86b427f798a1c9"
"f_other.f",538,543,"VAR_OT","(V(I,1),I= 1,16)",10,"-0.36608798D+00","numeric",-0.36608798,,"38548071d5aa652bb90c7f111f86b427f798a1c9"
"f_other.f",538,543,"VAR_OT","(V(I,1),I= 1,16)",11,"-0.66158695D+01","numeric",-6.6158695,,"38548071d5aa652bb90c7f111f86b427f798a1c9"
"f_other.f",538,543,"VAR_OT","(V(I,1),I= 1,16)",12,"-0.36269972D+00","numeric",-0.36269972,,"38548071d5aa652bb90c7f111f86b427f798a1c9"
"f_other.f",538,543,"VAR_OT","(V(I,1),I= 1,16)",13,"-0.14169144D+00","numeric",-0.14169144,,"38548071d5aa652bb90c7f111f86b427f798a1c9"
"f_other.f",538,543,"VAR_OT","(V(I,1),I= 1,16)",14,"0.35434282D+01","numeric",3.5434282,,"38548071d5aa652bb90c7f111f86b427f798a1c9"
"f_other.f",538,543,"VAR_OT","(V(I,1),I= 1,16)",15,"-0.22939660D+00","numeric",-0.2293966,,"38548071d5aa652bb90c7f111f86b427f798a1c9"
"f_other.f",538,543,"VAR_OT","(V(I,1),I= 1,16)",16,"0.13578551D+01","numeric",1.3578551,,"38548071d5aa652bb90c7f111f86b427f798a1c9"
"f_other.f",547,548,"VAR_OT","(F(I,2),I=10,12)",1,"0.21020000D+00","numeric",0.2102,,"38548071d5aa652bb90c7f111f86b427f798a1c9"
"f_other.f",547,548,"VAR_OT","(F(I,2),I=10,12)",2,"0.91540000D+00","numeric",0.9154,,"38548071d5aa652bb90c7f111f86b427f798a1c9"
"f_other.f",547,548,"VAR_OT","(F(I,2),I=10,12)",3,"0.37900000D-03","numeric",0.000379,,"38548071d5aa652bb90c7f111f86b427f798a1c9"
"f_other.f",550,555,"VAR_OT","(V(I,2),I= 1,16)",1,"-0.11631559D+02","numeric",-11.631559,,"38548071d5aa652bb90c7f111f86b427f798a1c9"
"f_other.f",550,555,"VAR_OT","(V(I,2),I= 1,16)",2,"0.10438290D+01","numeric",1.043829,,"38548071d5aa652bb90c7f111f86b427f798a1c9"
"f_other.f",550,555,"VAR_OT","(V(I,2),I= 1,16)",3,"0.21132184D+01","numeric",2.1132184,,"38548071d5aa652bb90c7f111f86b427f798a1c9"
"f_other.f",550,555,"VAR_OT","(V(I,2),I= 1,16)",4,"0.29726674D+01","numeric",2.9726674,,"38548071d5aa652bb90c7f111f86b427f798a1c9"
"f_other.f",550,555,"VAR_OT","(V(I,2),I= 1,16)",5,"0.38794708D+00","numeric",0.38794708,,"38548071d5aa652bb90c7f111f86b427f798a1c9"
"f_other.f",550,555,"VAR_OT","(V(I,2),I= 1,16)",6,"0.84852726D+00","numeric",0.84852726,,"38548071d5aa652bb90c7f111f86b427f798a1c9"
"f_other.f",550,555,"VAR_OT","(V(I,2),I= 1,16)",7,"0.25705963D-01","numeric",0.025705963,,"38548071d5aa652bb90c7f111f86b427f798a1c9"
"f_other.f",550,555,"VAR_OT","(V(I,2),I= 1,16)",8,"0.84286599D-01","numeric",0.084286599,,"38548071d5aa652bb90c7f111f86b427f798a1c9"
"f_other.f",550,555,"VAR_OT","(V(I,2),I= 1,16)",9,"-0.10000000D+01","numeric",-1,,"38548071d5aa652bb90c7f111f86b427f798a1c9"
"f_other.f",550,555,"VAR_OT","(V(I,2),I= 1,16)",10,"-0.41862718D+00","numeric",-0.41862718,,"38548071d5aa652bb90c7f111f86b427f798a1c9"
"f_other.f",550,555,"VAR_OT","(V(I,2),I= 1,16)",11,"-0.61674503D+01","numeric",-6.1674503,,"38548071d5aa652bb90c7f111f86b427f798a1c9"
"f_other.f",550,555,"VAR_OT","(V(I,2),I= 1,16)",12,"-0.25117268D+00","numeric",-0.25117268,,"38548071d5aa652bb90c7f111f86b427f798a1c9"
"f_other.f",550,555,"VAR_OT","(V(I,2),I= 1,16)",13,"-0.10512011D-01","numeric",-0.010512011,,"38548071d5aa652bb90c7f111f86b427f798a1c9"
"f_other.f",550,555,"VAR_OT","(V(I,2),I= 1,16)",14,"0.51224598D+01","numeric",5.1224598,,"38548071d5aa652bb90c7f111f86b427f798a1c9"
"f_other.f",550,555,"VAR_OT","(V(I,2),I= 1,16)",15,"-0.76280178D+00","numeric",-0.76280178,,"38548071d5aa652bb90c7f111f86b427f798a1c9"
"f_other.f",550,555,"VAR_OT","(V(I,2),I= 1,16)",16,"0.14363734D+01","numeric",1.4363734,,"38548071d5aa652bb90c7f111f86b427f798a1c9"
"f_other.f",557,558,"VAR_OT","(F(I,3),I=10,12)",1,"0.12277881D+00","numeric",0.12277881,,"38548071d5aa652bb90c7f111f86b427f798a1c9"
"f_other.f",557,558,"VAR_OT","(F(I,3),I=10,12)",2,"0.10000000D+01","numeric",1,,"38548071d5aa652bb90c7f111f86b427f798a1c9"
"f_other.f",557,558,"VAR_OT","(F(I,3),I=10,12)",3,"0.13175957D-03","numeric",0.00013175957,,"38548071d5aa652bb90c7f111f86b427f798a1c9"
"f_other.f",560,565,"VAR_OT","(V(I,3),I= 1,16)",1,"-0.15550680D+02","numeric",-15.55068,,"38548071d5aa652bb90c7f111f86b427f798a1c9"
"f_other.f",560,565,"VAR_OT","(V(I,3),I= 1,16)",2,"0.18607266D+01","numeric",1.8607266,,"38548071d5aa652bb90c7f111f86b427f798a1c9"
"f_other.f",560,565,"VAR_OT","(V(I,3),I= 1,16)",3,"0.53949081D+01","numeric",5.3949081,,"38548071d5aa652bb90c7f111f86b427f798a1c9"
"f_other.f",560,565,"VAR_OT","(V(I,3),I= 1,16)",4,"0.34883785D+01","numeric",3.4883785,,"38548071d5aa652bb90c7f111f86b427f798a1c9"
"f_other.f",560,565,"VAR_OT","(V(I,3),I= 1,16)",5,"0.25891538D+00","numeric",0.25891538,,"38548071d5aa652bb90c7f111f86b427f798a1c9"
"f_other.f",560,565,"VAR_OT","(V(I,3),I= 1,16)",6,"0.00000000D+00","numeric",0,,"38548071d5aa652bb90c7f111f86b427f798a1c9"
"f_other.f",560,565,"VAR_OT","(V(I,3),I= 1,16)",7,"0.18218388D+00","numeric",0.18218388,,"38548071d5aa652bb90c7f111f86b427f798a1c9"
"f_other.f",560,565,"VAR_OT","(V(I,3),I= 1,16)",8,"0.77716059D-01","numeric",0.077716059,,"38548071d5aa652bb90c7f111f86b427f798a1c9"
"f_other.f",560,565,"VAR_OT","(V(I,3),I= 1,16)",9,"-0.10000000D+01","numeric",-1,,"38548071d5aa652bb90c7f111f86b427f798a1c9"
"f_other.f",560,565,"VAR_OT","(V(I,3),I= 1,16)",10,"-0.12490343D+01","numeric",-1.2490343,,"38548071d5aa652bb90c7f111f86b427f798a1c9"
"f_other.f",560,565,"VAR_OT","(V(I,3),I= 1,16)",11,"-0.17214291D+01","numeric",-1.7214291,,"38548071d5aa652bb90c7f111f86b427f798a1c9"
"f_other.f",560,565,"VAR_OT","(V(I,3),I= 1,16)",12,"-0.14819004D+01","numeric",-1.4819004,,"38548071d5aa652bb90c7f111f86b427f798a1c9"
"f_other.f",560,565,"VAR_OT","(V(I,3),I= 1,16)",13,"-0.14800926D+00","numeric",-0.14800926,,"38548071d5aa652bb90c7f111f86b427f798a1c9"
"f_other.f",560,565,"VAR_OT","(V(I,3),I= 1,16)",14,"-0.37137885D+01","numeric",-3.7137885,,"38548071d5aa652bb90c7f111f86b427f798a1c9"
"f_other.f",560,565,"VAR_OT","(V(I,3),I= 1,16)",15,"0.16299145D+01","numeric",1.6299145,,"38548071d5aa652bb90c7f111f86b427f798a1c9"
"f_other.f",560,565,"VAR_OT","(V(I,3),I= 1,16)",16,"0.17250455D+01","numeric",1.7250455,,"38548071d5aa652bb90c7f111f86b427f798a1c9"
"f_other.f",568,569,"VAR_OT","(F(I,4),I=10,12)",1,"0.35453368D+01","numeric",3.5453368,,"38548071d5aa652bb90c7f111f86b427f798a1c9"
"f_other.f",568,569,"VAR_OT","(F(I,4),I=10,12)",2,"0.11656118D+00","numeric",0.11656118,,"38548071d5aa652bb90c7f111f86b427f798a1c9"
"f_other.f",568,569,"VAR_OT","(F(I,4),I=10,12)",3,"0.12768626D-02","numeric",0.0012768626,,"38548071d5aa652bb90c7f111f86b427f798a1c9"
"f_other.f",571,576,"VAR_OT","(V(I,4),I= 1,16)",1,"-0.24105465D+01","numeric",-2.4105465,,"38548071d5aa652bb90c7f111f86b427f798a1c9"
"f_other.f",571,576,"VAR_OT","(V(I,4),I= 1,16)",2,"-0.12642787D+01","numeric",-1.2642787,,"38548071d5aa652bb90c7f111f86b427f798a1c9"
"f_other.f",571,576,"VAR_OT","(V(I,4),I= 1,16)",3,"-0.27874506D+01","numeric",-2.7874506,,"38548071d5aa652bb90c7f111f86b427f798a1c9"
"f_other.f",571,576,"VAR_OT","(V(I,4),I= 1,16)",4,"0.11686963D+02","numeric",11.686963,,"38548071d5aa652bb90c7f111f86b427f798a1c9"
"f_other.f",571,576,"VAR_OT","(V(I,4),I= 1,16)",5,"-0.18509747D+01","numeric",-1.8509747,,"38548071d5aa652bb90c7f111f86b427f798a1c9"
"f_other.f",571,576,"VAR_OT","(V(I,4),I= 1,16)",6,"0.17764737D-01","numeric",0.017764737,,"38548071d5aa652bb90c7f111f86b427f798a1c9"
"f_other.f",571,576,"VAR_OT","(V(I,4),I= 1,16)",7,"0.27313143D+00","numeric",0.27313143,,"38548071d5aa652bb90c7f111f86b427f798a1c9"
"f_other.f",571,576,"VAR_OT","(V(I,4),I= 1,16)",8,"0.25755302D-01","numeric",0.025755302,,"38548071d5aa652bb90c7f111f86b427f798a1c9"
"f_other.f",571,576,"VAR_OT","(V(I,4),I= 1,16)",9,"0.10000000D+01","numeric",1,,"38548071d5aa652bb90c7f111f86b427f798a1c9"
"f_other.f",571,576,"VAR_OT","(V(I,4),I= 1,16)",10,"0.80356609D+00","numeric",0.80356609,,"38548071d5aa652bb90c7f111f86b427f798a1c9"
"f_other.f",571,576,"VAR_OT","(V(I,4),I= 1,16)",11,"-0.12781743D+02","numeric",-12.781743,,"38548071d5aa652bb90c7f111f86b427f798a1c9"
"f_other.f",571,576,"VAR_OT","(V(I,4),I= 1,16)",12,"0.15577218D+01","numeric",1.5577218,,"38548071d5aa652bb90c7f111f86b427f798a1c9"
"f_other.f",571,576,"VAR_OT","(V(I,4),I= 1,16)",13,"-0.35755969D+00","numeric",-0.35755969,,"38548071d5aa652bb90c7f111f86b427f798a1c9"
"f_other.f",571,576,"VAR_OT","(V(I,4),I= 1,16)",14,"0.11889490D+02","numeric",11.88949,,"38548071d5aa652bb90c7f111f86b427f798a1c9"
"f_other.f",571,576,"VAR_OT","(V(I,4),I= 1,16)",15,"-0.24101283D+01","numeric",-2.4101283,,"38548071d5aa652bb90c7f111f86b427f798a1c9"
"f_other.f",571,576,"VAR_OT","(V(I,4),I= 1,16)",16,"0.24070251D+01","numeric",2.4070251,,"38548071d5aa652bb90c7f111f86b427f798a1c9"
"f_other.f",579,580,"VAR_OT","(F(I,5),I=10,12)",1,"0.73716080D+00","numeric",0.7371608,,"38548071d5aa652bb90c7f111f86b427f798a1c9"
"f_other.f",579,580,"VAR_OT","(F(I,5),I=10,12)",2,"0.68027288D+00","numeric",0.68027288,,"38548071d5aa652bb90c7f111f86b427f798a1c9"
"f_other.f",579,580,"VAR_OT","(F(I,5),I=10,12)",3,"0.00000000D-00","numeric",0,,"38548071d5aa652bb90c7f111f86b427f798a1c9"
"f_other.f",582,587,"VAR_OT","(V(I,5),I= 1,16)",1,"0.64719863D+01","numeric",6.4719863,,"38548071d5aa652bb90c7f111f86b427f798a1c9"
"f_other.f",582,587,"VAR_OT","(V(I,5),I= 1,16)",2,"-0.35842944D+01","numeric",-3.5842944,,"38548071d5aa652bb90c7f111f86b427f798a1c9"
"f_other.f",582,587,"VAR_OT","(V(I,5),I= 1,16)",3,"-0.81824294D+01","numeric",-8.1824294,,"38548071d5aa652bb90c7f111f86b427f798a1c9"
"f_other.f",582,587,"VAR_OT","(V(I,5),I= 1,16)",4,"-0.41853414D+01","numeric",-4.1853414,,"38548071d5aa652bb90c7f111f86b427f798a1c9"
"f_other.f",582,587,"VAR_OT","(V(I,5),I= 1,16)",5,"0.21790612D+01","numeric",2.1790612,,"38548071d5aa652bb90c7f111f86b427f798a1c9"
"f_other.f",582,587,"VAR_OT","(V(I,5),I= 1,16)",6,"0.15211185D+01","numeric",1.5211185,,"38548071d5aa652bb90c7f111f86b427f798a1c9"
"f_other.f",582,587,"VAR_OT","(V(I,5),I= 1,16)",7,"-0.10000000D+00","numeric",-0.1,,"38548071d5aa652bb90c7f111f86b427f798a1c9"
"f_other.f",582,587,"VAR_OT","(V(I,5),I= 1,16)",8,"0.66609003D-01","numeric",0.066609003,,"38548071d5aa652bb90c7f111f86b427f798a1c9"
"f_other.f",582,587,"VAR_OT","(V(I,5),I= 1,16)",9,"-0.10000000D+01","numeric",-1,,"38548071d5aa652bb90c7f111f86b427f798a1c9"
"f_other.f",582,587,"VAR_OT","(V(I,5),I= 1,16)",10,"0.22112781D+01","numeric",2.2112781,,"38548071d5aa652bb90c7f111f86b427f798a1c9"
"f_other.f",582,587,"VAR_OT","(V(I,5),I= 1,16)",11,"-0.34405197D+01","numeric",-3.4405197,,"38548071d5aa652bb90c7f111f86b427f798a1c9"
"f_other.f",582,587,"VAR_OT","(V(I,5),I= 1,16)",12,"-0.11414631D+01","numeric",-1.1414631,,"38548071d5aa652bb90c7f111f86b427f798a1c9"
"f_other.f",582,587,"VAR_OT","(V(I,5),I= 1,16)",13,"0.12167945D+00","numeric",0.12167945,,"38548071d5aa652bb90c7f111f86b427f798a1c9"
"f_other.f",582,587,"VAR_OT","(V(I,5),I= 1,16)",14,"-0.40868589D+01","numeric",-4.0868589,,"38548071d5aa652bb90c7f111f86b427f798a1c9"
"f_other.f",582,587,"VAR_OT","(V(I,5),I= 1,16)",15,"0.24337754D+01","numeric",2.4337754,,"38548071d5aa652bb90c7f111f86b427f798a1c9"
"f_other.f",582,587,"VAR_OT","(V(I,5),I= 1,16)",16,"0.58663676D+01","numeric",5.8663676,,"38548071d5aa652bb90c7f111f86b427f798a1c9"
"f_other.f",590,591,"VAR_OT","(F(I,6),I=10,12)",1,".36691430D+01","numeric",3.669143,,"38548071d5aa652bb90c7f111f86b427f798a1c9"
"f_other.f",590,591,"VAR_OT","(F(I,6),I=10,12)",2,".18992789D+00","numeric",0.18992789,,"38548071d5aa652bb90c7f111f86b427f798a1c9"
"f_other.f",590,591,"VAR_OT","(F(I,6),I=10,12)",3,".33176964D-04","numeric",3.3176964e-05,,"38548071d5aa652bb90c7f111f86b427f798a1c9"
"f_other.f",593,598,"VAR_OT","(V(I,6),I= 1,16)",1,"-0.16511297D+01","numeric",-1.6511297,,"38548071d5aa652bb90c7f111f86b427f798a1c9"
"f_other.f",593,598,"VAR_OT","(V(I,6),I= 1,16)",2,"-0.13388430D+01","numeric",-1.338843,,"38548071d5aa652bb90c7f111f86b427f798a1c9"
"f_other.f",593,598,"VAR_OT","(V(I,6),I= 1,16)",3,"-0.21100633D+01","numeric",-2.1100633,,"38548071d5aa652bb90c7f111f86b427f798a1c9"
"f_other.f",593,598,"VAR_OT","(V(I,6),I= 1,16)",4,"-0.71713056D+00","numeric",-0.71713056,,"38548071d5aa652bb90c7f111f86b427f798a1c9"
"f_other.f",593,598,"VAR_OT","(V(I,6),I= 1,16)",5,"0.13137397D+01","numeric",1.3137397,,"38548071d5aa652bb90c7f111f86b427f798a1c9"
"f_other.f",593,598,"VAR_OT","(V(I,6),I= 1,16)",6,"0.70666496D+00","numeric",0.70666496,,"38548071d5aa652bb90c7f111f86b427f798a1c9"
"f_other.f",593,598,"VAR_OT","(V(I,6),I= 1,16)",7,"0.33437187D+00","numeric",0.33437187,,"38548071d5aa652bb90c7f111f86b427f798a1c9"
"f_other.f",593,598,"VAR_OT","(V(I,6),I= 1,16)",8,"0.46455296D-01","numeric",0.046455296,,"38548071d5aa652bb90c7f111f86b427f798a1c9"
"f_other.f",593,598,"VAR_OT","(V(I,6),I= 1,16)",9,"-0.10000000D+01","numeric",-1,,"38548071d5aa652bb90c7f111f86b427f798a1c9"
"f_other.f",593,598,"VAR_OT","(V(I,6),I= 1,16)",10,"0.64999079D+00","numeric",0.64999079,,"38548071d5aa652bb90c7f111f86b427f798a1c9"
"f_other.f",593,598,"VAR_OT","(V(I,6),I= 1,16)",11,"0.15524976D+03","numeric",155.24976,,"38548071d5aa652bb90c7f111f86b427f798a1c9"
"f_other.f",593,598,"VAR_OT","(V(I,6),I= 1,16)",12,"-0.77626650D+02","numeric",-77.62665,,"38548071d5aa652bb90c7f111f86b427f798a1c9"
"f_other.f",593,598,"VAR_OT","(V(I,6),I= 1,16)",13,"0.58213345D+00","numeric",0.58213345,,"38548071d5aa652bb90c7f111f86b427f798a1c9"
"f_other.f",593,598,"VAR_OT","(V(I,6),I= 1,16)",14,"-0.15840278D+03","numeric",-158.40278,,"38548071d5aa652bb90c7f111f86b427f798a1c9"
"f_other.f",593,598,"VAR_OT","(V(I,6),I= 1,16)",15,"0.76819165D+02","numeric",76.819165,,"38548071d5aa652bb90c7f111f86b427f798a1c9"
"f_other.f",593,598,"VAR_OT","(V(I,6),I= 1,16)",16,"0.13116911D-01","numeric",0.013116911,,"38548071d5aa652bb90c7f111f86b427f798a1c9"
"f_other.f",601,602,"VAR_OT","(F(I,7),I=10,12)",1,"0.92005972D+01","numeric",9.2005972,,"38548071d5aa652bb90c7f111f86b427f798a1c9"
"f_other.f",601,602,"VAR_OT","(F(I,7),I=10,12)",2,"0.39365313D-01","numeric",0.039365313,,"38548071d5aa652bb90c7f111f86b427f798a1c9"
"f_other.f",601,602,"VAR_OT","(F(I,7),I=10,12)",3,"0.29661933D-02","numeric",0.0029661933,,"38548071d5aa652bb90c7f111f86b427f798a1c9"
"f_other.f",604,609,"VAR_OT","(V(I,7),I= 1,16)",1,"-0.79890640D+01","numeric",-7.989064,,"38548071d5aa652bb90c7f111f86b427f798a1c9"
"f_other.f",604,609,"VAR_OT","(V(I,7),I= 1,16)",2,"-0.59433730D-01","numeric",-0.05943373,,"38548071d5aa652bb90c7f111f86b427f798a1c9"
"f_other.f",604,609,"VAR_OT","(V(I,7),I= 1,16)",3,"0.41539599D+01","numeric",4.1539599,,"38548071d5aa652bb90c7f111f86b427f798a1c9"
"f_other.f",604,609,"VAR_OT","(V(I,7),I= 1,16)",4,"0.76398811D+01","numeric",7.6398811,,"38548071d5aa652bb90c7f111f86b427f798a1c9"
"f_other.f",604,609,"VAR_OT","(V(I,7),I= 1,16)",5,"-0.96260263D+00","numeric",-0.96260263,,"38548071d5aa652bb90c7f111f86b427f798a1c9"
"f_other.f",604,609,"VAR_OT","(V(I,7),I= 1,16)",6,"0.35888329D+00","numeric",0.35888329,,"38548071d5aa652bb90c7f111f86b427f798a1c9"
"f_other.f",604,609,"VAR_OT","(V(I,7),I= 1,16)",7,"0.13432608D+00","numeric",0.13432608,,"38548071d5aa652bb90c7f111f86b427f798a1c9"
"f_other.f",604,609,"VAR_OT","(V(I,7),I= 1,16)",8,"0.63964977D-01","numeric",0.063964977,,"38548071d5aa652bb90c7f111f86b427f798a1c9"
"f_other.f",604,609,"VAR_OT","(V(I,7),I= 1,16)",9,"0.47319344D+00","numeric",0.47319344,,"38548071d5aa652bb90c7f111f86b427f798a1c9"
"f_other.f",604,609,"VAR_OT","(V(I,7),I= 1,16)",10,"-0.60513918D+00","numeric",-0.60513918,,"38548071d5aa652bb90c7f111f86b427f798a1c9"
"f_other.f",604,609,"VAR_OT","(V(I,7),I= 1,16)",11,"0.11725801D+01","numeric",1.1725801,,"38548071d5aa652bb90c7f111f86b427f798a1c9"
"f_other.f",604,609,"VAR_OT","(V(I,7),I= 1,16)",12,"-0.21999221D+01","numeric",-2.1999221,,"38548071d5aa652bb90c7f111f86b427f798a1c9"
"f_other.f",604,609,"VAR_OT","(V(I,7),I= 1,16)",13,"-0.12620490D+01","numeric",-1.262049,,"38548071d5aa652bb90c7f111f86b427f798a1c9"
"f_other.f",604,609,"VAR_OT","(V(I,7),I= 1,16)",14,"-0.10542030D+02","numeric",-10.54203,,"38548071d5aa652bb90c7f111f86b427f798a1c9"
"f_other.f",604,609,"VAR_OT","(V(I,7),I= 1,16)",15,"0.40156677D+01","numeric",4.0156677,,"38548071d5aa652bb90c7f111f86b427f798a1c9"
"f_other.f",604,609,"VAR_OT","(V(I,7),I= 1,16)",16,"0.17008028D+01","numeric",1.7008028,,"38548071d5aa652bb90c7f111f86b427f798a1c9"
"sf_hs.f",29,29,"SF_HS","EPSILON",1,"0.001","numeric",0.001,,"38548071d5aa652bb90c7f111f86b427f798a1c9"
"sf_hs.f",30,30,"SF_HS","TOL",1,"0.0005","numeric",5e-04,,"38548071d5aa652bb90c7f111f86b427f798a1c9"
"sf_zero.f",254,254,"SF_ZERO","MACT",1,"MEEMES","expression",,"MEEMES","38548071d5aa652bb90c7f111f86b427f798a1c9"
"sf_zero.f",254,254,"SF_ZERO","MACT",2,"0","numeric",0,,"38548071d5aa652bb90c7f111f86b427f798a1c9"
"sf_zero.f",254,254,"SF_ZERO","MACT",3,"0","numeric",0,,"38548071d5aa652bb90c7f111f86b427f798a1c9"
"sf_zero.f",254,254,"SF_ZERO","MACT",4,"0","numeric",0,,"38548071d5aa652bb90c7f111f86b427f798a1c9"
"sf_zero.f",254,254,"SF_ZERO","MACT",5,"MERET","expression",,"MERET","38548071d5aa652bb90c7f111f86b427f798a1c9"
"sf_zero.f",256,256,"SF_ZERO","MLOC",1,"LTXTAB","expression",,"LTXTAB","38548071d5aa652bb90c7f111f86b427f798a1c9"
"sf_zero.f",256,256,"SF_ZERO","MLOC",2,"LTXTAC","expression",,"LTXTAC","38548071d5aa652bb90c7f111f86b427f798a1c9"
"sf_zero.f",256,256,"SF_ZERO","MLOC",3,"LTXTAD","expression",,"LTXTAD","38548071d5aa652bb90c7f111f86b427f798a1c9"
"sf_zero.f",256,256,"SF_ZERO","MLOC",4,"LTXTAE","expression",,"LTXTAE","38548071d5aa652bb90c7f111f86b427f798a1c9"
"sf_zero.f",258,258,"SF_ZERO","RND",1,"C0","expression",,"C0","38548071d5aa652bb90c7f111f86b427f798a1c9"
"sf_zero.f",259,259,"SF_ZERO","KS, KTYP, LMODE, DIV",1,"0","numeric",0,,"38548071d5aa652bb90c7f111f86b427f798a1c9"
"sf_zero.f",259,259,"SF_ZERO","KS, KTYP, LMODE, DIV",2,"0","numeric",0,,"38548071d5aa652bb90c7f111f86b427f798a1c9"
"sf_zero.f",259,259,"SF_ZERO","KS, KTYP, LMODE, DIV",3,"2","numeric",2,,"38548071d5aa652bb90c7f111f86b427f798a1c9"
"sf_zero.f",259,259,"SF_ZERO","KS, KTYP, LMODE, DIV",4,"C0","expression",,"C0","38548071d5aa652bb90c7f111f86b427f798a1c9"
"sf_zero.f",260,266,"SF_ZERO","LCHG",1,"1","numeric",1,,"38548071d5aa652bb90c7f111f86b427f798a1c9"
"sf_zero.f",260,266,"SF_ZERO","LCHG",2,"2","numeric",2,,"38548071d5aa652bb90c7f111f86b427f798a1c9"
"sf_zero.f",260,266,"SF_ZERO","LCHG",3,"0","numeric",0,,"38548071d5aa652bb90c7f111f86b427f798a1c9"
"sf_zero.f",260,266,"SF_ZERO","LCHG",4,"0","numeric",0,,"38548071d5aa652bb90c7f111f86b427f798a1c9"
"sf_zero.f",260,266,"SF_ZERO","LCHG",5,"0","numeric",0,,"38548071d5aa652bb90c7f111f86b427f798a1c9"
"sf_zero.f",260,266,"SF_ZERO","LCHG",6,"1","numeric",1,,"38548071d5aa652bb90c7f111f86b427f798a1c9"
"sf_zero.f",260,266,"SF_ZERO","LCHG",7,"1","numeric",1,,"38548071d5aa652bb90c7f111f86b427f798a1c9"
"sf_zero.f",260,266,"SF_ZERO","LCHG",8,"4","numeric",4,,"38548071d5aa652bb90c7f111f86b427f798a1c9"
"sf_zero.f",260,266,"SF_ZERO","LCHG",9,"5","numeric",5,,"38548071d5aa652bb90c7f111f86b427f798a1c9"
"sf_zero.f",260,266,"SF_ZERO","LCHG",10,"0","numeric",0,,"38548071d5aa652bb90c7f111f86b427f798a1c9"
"sf_zero.f",260,266,"SF_ZERO","LCHG",11,"1","numeric",1,,"38548071d5aa652bb90c7f111f86b427f798a1c9"
"sf_zero.f",260,266,"SF_ZERO","LCHG",12,"2","numeric",2,,"38548071d5aa652bb90c7f111f86b427f798a1c9"
"sf_zero.f",260,266,"SF_ZERO","LCHG",13,"3","numeric",3,,"38548071d5aa652bb90c7f111f86b427f798a1c9"
"sf_zero.f",260,266,"SF_ZERO","LCHG",14,"3","numeric",3,,"38548071d5aa652bb90c7f111f86b427f798a1c9"
"sf_zero.f",260,266,"SF_ZERO","LCHG",15,"0","numeric",0,,"38548071d5aa652bb90c7f111f86b427f798a1c9"
"sf_zero.f",260,266,"SF_ZERO","LCHG",16,"1","numeric",1,,"38548071d5aa652bb90c7f111f86b427f798a1c9"
"sf_zero.f",260,266,"SF_ZERO","LCHG",17,"4","numeric",4,,"38548071d5aa652bb90c7f111f86b427f798a1c9"
"sf_zero.f",260,266,"SF_ZERO","LCHG",18,"4","numeric",4,,"38548071d5aa652bb90c7f111f86b427f798a1c9"
"sf_zero.f",260,266,"SF_ZERO","LCHG",19,"3","numeric",3,,"38548071d5aa652bb90c7f111f86b427f798a1c9"
"sf_zero.f",260,266,"SF_ZERO","LCHG",20,"0","numeric",0,,"38548071d5aa652bb90c7f111f86b427f798a1c9"
"sf_zero.f",260,266,"SF_ZERO","LCHG",21,"1","numeric",1,,"38548071d5aa652bb90c7f111f86b427f798a1c9"
"sf_zero.f",260,266,"SF_ZERO","LCHG",22,"4","numeric",4,,"38548071d5aa652bb90c7f111f86b427f798a1c9"
"sf_zero.f",260,266,"SF_ZERO","LCHG",23,"5","numeric",5,,"38548071d5aa652bb90c7f111f86b427f798a1c9"
"sf_zero.f",260,266,"SF_ZERO","LCHG",24,"5","numeric",5,,"38548071d5aa652bb90c7f111f86b427f798a1c9"
"sf_zero.f",260,266,"SF_ZERO","LCHG",25,"0","numeric",0,,"38548071d5aa652bb90c7f111f86b427f798a1c9"
"sf_zero.f",260,266,"SF_ZERO","LCHG",26,"1","numeric",1,,"38548071d5aa652bb90c7f111f86b427f798a1c9"
"sf_zero.f",260,266,"SF_ZERO","LCHG",27,"5","numeric",5,,"38548071d5aa652bb90c7f111f86b427f798a1c9"
"sf_zero.f",260,266,"SF_ZERO","LCHG",28,"5","numeric",5,,"38548071d5aa652bb90c7f111f86b427f798a1c9"
"sf_zero.f",260,266,"SF_ZERO","LCHG",29,"5","numeric",5,,"38548071d5aa652bb90c7f111f86b427f798a1c9"
"sf_zero.f",260,266,"SF_ZERO","LCHG",30,"0","numeric",0,,"38548071d5aa652bb90c7f111f86b427f798a1c9"
"sf_zero.f",267,267,"SF_ZERO","NP",1,"0","numeric",0,,"38548071d5aa652bb90c7f111f86b427f798a1c9"
"sf_zero.f",977,977,"AMACH","TEST",1,"0.D0","numeric",0,,"38548071d5aa652bb90c7f111f86b427f798a1c9"
