"spcd","hardwood","jenkins_group","wood_dry_weight","bark_dry_weight","wood_moisture","bark_moisture","bark_to_wood_volume","green_weight_factor","dry_weight_factor","sapling_adjustment","carbon_ratio","source_file","source_chain","source_last_modified","upstream_commit"
10,0,3,22.46,30.58,84,62.43,11.76,47.2,26.1,0.608,0.48,"wdbkwtdata.inc","FIADB REF_SPECIES to NBEL BM_REF_SPECIES to NVEL wdbkwtdata.inc","2023-10-16","38548071d5aa652bb90c7f111f86b427f798a1c9"
11,0,3,24.96,27.46,70,63.91,14,48.7,28.8,0.602,0.493,"wdbkwtdata.inc","FIADB REF_SPECIES to NBEL BM_REF_SPECIES to NVEL wdbkwtdata.inc","2023-10-16","38548071d5aa652bb90c7f111f86b427f798a1c9"
12,0,3,20.59,24.96,118.55,100.32,12,51,23.6,0.608,0.506,"wdbkwtdata.inc","FIADB REF_SPECIES to NBEL BM_REF_SPECIES to NVEL wdbkwtdata.inc","2023-10-16","38548071d5aa652bb90c7f111f86b427f798a1c9"
14,0,3,22.46,30.58,84,62.43,11.76,47.2,26.1,0.602,0.48,"wdbkwtdata.inc","FIADB REF_SPECIES to NBEL BM_REF_SPECIES to NVEL wdbkwtdata.inc","2023-10-16","38548071d5aa652bb90c7f111f86b427f798a1c9"
15,0,3,23.09,34.94,103.57,63.12,12,53.8,27.3,0.602,0.51,"wdbkwtdata.inc","FIADB REF_SPECIES to NBEL BM_REF_SPECIES to NVEL wdbkwtdata.inc","2023-10-16","38548071d5aa652bb90c7f111f86b427f798a1c9"
16,0,3,22.46,30.58,84,62.43,11.76,47.2,26.1,0.631,0.48,"wdbkwtdata.inc","FIADB REF_SPECIES to NBEL BM_REF_SPECIES to NVEL wdbkwtdata.inc","2023-10-16","38548071d5aa652bb90c7f111f86b427f798a1c9"
17,0,3,21.84,35.57,106.06,63.07,12,52,26.1,0.602,0.481,"wdbkwtdata.inc","FIADB REF_SPECIES to NBEL BM_REF_SPECIES to NVEL wdbkwtdata.inc","2023-10-16","38548071d5aa652bb90c7f111f86b427f798a1c9"
18,0,3,22.46,30.58,84,62.43,11.76,47.2,26.1,0.602,0.48,"wdbkwtdata.inc","FIADB REF_SPECIES to NBEL BM_REF_SPECIES to NVEL wdbkwtdata.inc","2023-10-16","38548071d5aa652bb90c7f111f86b427f798a1c9"
19,0,3,19.34,31.2,44.74,63.46,10.8,33.5,22.7,0.602,0.482,"wdbkwtdata.inc","FIADB REF_SPECIES to NBEL BM_REF_SPECIES to NVEL wdbkwtdata.inc","2023-10-16","38548071d5aa652bb90c7f111f86b427f798a1c9"
20,0,3,22.46,27.46,113.67,20.18,10.8,51.6,25.4,0.602,0.515,"wdbkwtdata.inc","FIADB REF_SPECIES to NBEL BM_REF_SPECIES to NVEL wdbkwtdata.inc","2023-10-16","38548071d5aa652bb90c7f111f86b427f798a1c9"
21,0,3,22.46,30.58,84,62.43,11.76,47.2,26.1,0.602,0.48,"wdbkwtdata.inc","FIADB REF_SPECIES to NBEL BM_REF_SPECIES to NVEL wdbkwtdata.inc","2023-10-16","38548071d5aa652bb90c7f111f86b427f798a1c9"
22,0,3,23.09,30.58,29.95,63.53,10.8,35.4,26.4,0.602,0.508,"wdbkwtdata.inc","FIADB REF_SPECIES to NBEL BM_REF_SPECIES to NVEL wdbkwtdata.inc","2023-10-16","38548071d5aa652bb90c7f111f86b427f798a1c9"
40,0,1,23.09,24.96,77.33,92,11.58,46.5,26,0.631,0.48,"wdbkwtdata.inc","FIADB REF_SPECIES to NBEL BM_REF_SPECIES to NVEL wdbkwtdata.inc","2023-10-16","38548071d5aa652bb90c7f111f86b427f798a1c9"
41,0,1,24.34,24.96,74,64.28,11.6,47.1,27.2,0.458,0.479,"wdbkwtdata.inc","FIADB REF_SPECIES to NBEL BM_REF_SPECIES to NVEL wdbkwtdata.inc","2023-10-16","38548071d5aa652bb90c7f111f86b427f798a1c9"
42,0,1,26.21,24.96,71.71,112.35,11.6,51.2,29.1,0.458,0.478,"wdbkwtdata.inc","FIADB REF_SPECIES to NBEL BM_REF_SPECIES to NVEL wdbkwtdata.inc","2023-10-16","38548071d5aa652bb90c7f111f86b427f798a1c9"
43,0,1,19.34,24.96,86.1,100.32,11.6,41.8,22.2,0.631,0.475,"wdbkwtdata.inc","FIADB REF_SPECIES to NBEL BM_REF_SPECIES to NVEL wdbkwtdata.inc","2023-10-16","38548071d5aa652bb90c7f111f86b427f798a1c9"
50,0,1,25.58,26.21,74.29,70.5,14.31,51,29.3,0.458,0.479,"wdbkwtdata.inc","FIADB REF_SPECIES to NBEL BM_REF_SPECIES to NVEL wdbkwtdata.inc","2023-10-16","38548071d5aa652bb90c7f111f86b427f798a1c9"
51,0,1,25.58,26.21,74.29,70.5,14.31,51,29.3,0.458,0.479,"wdbkwtdata.inc","FIADB REF_SPECIES to NBEL BM_REF_SPECIES to NVEL wdbkwtdata.inc","2023-10-16","38548071d5aa652bb90c7f111f86b427f798a1c9"
52,0,1,25.58,26.21,74.29,70.5,14.31,51,29.3,0.458,0.479,"wdbkwtdata.inc","FIADB REF_SPECIES to NBEL BM_REF_SPECIES to NVEL wdbkwtdata.inc","2023-10-16","38548071d5aa652bb90c7f111f86b427f798a1c9"
53,0,1,25.58,26.21,74.29,70.5,14.31,51,29.3,0.458,0.479,"wdbkwtdata.inc","FIADB REF_SPECIES to NBEL BM_REF_SPECIES to NVEL wdbkwtdata.inc","2023-10-16","38548071d5aa652bb90c7f111f86b427f798a1c9"
54,0,1,25.58,26.21,74.29,70.5,14.31,51,29.3,0.458,0.479,"wdbkwtdata.inc","FIADB REF_SPECIES to NBEL BM_REF_SPECIES to NVEL wdbkwtdata.inc","2023-10-16","38548071d5aa652bb90c7f111f86b427f798a1c9"
55,0,1,25.58,26.21,74.29,70.5,14.31,51,29.3,0.458,0.479,"wdbkwtdata.inc","FIADB REF_SPECIES to NBEL BM_REF_SPECIES to NVEL wdbkwtdata.inc","2023-10-16","38548071d5aa652bb90c7f111f86b427f798a1c9"
56,0,1,25.58,26.21,74.29,70.5,14.31,51,29.3,0.631,0.479,"wdbkwtdata.inc","FIADB REF_SPECIES to NBEL BM_REF_SPECIES to NVEL wdbkwtdata.inc","2023-10-16","38548071d5aa652bb90c7f111f86b427f798a1c9"
57,0,1,28.08,24.96,36.25,60,12,43.1,31.1,0.631,0.477,"wdbkwtdata.inc","FIADB REF_SPECIES to NBEL BM_REF_SPECIES to NVEL wdbkwtdata.inc","2023-10-16","38548071d5aa652bb90c7f111f86b427f798a1c9"
58,0,10,28.08,24.96,36.25,60,12,43.1,31.1,0.352,0.477,"wdbkwtdata.inc","FIADB REF_SPECIES to NBEL BM_REF_SPECIES to NVEL wdbkwtdata.inc","2023-10-16","38548071d5aa652bb90c7f111f86b427f798a1c9"
59,0,10,28.08,24.96,36.25,60,12,43.1,31.1,0.352,0.477,"wdbkwtdata.inc","FIADB REF_SPECIES to NBEL BM_REF_SPECIES to NVEL wdbkwtdata.inc","2023-10-16","38548071d5aa652bb90c7f111f86b427f798a1c9"
60,0,10,28.08,24.96,36.25,60,12,43.1,31.1,0.352,0.481,"wdbkwtdata.inc","FIADB REF_SPECIES to NBEL BM_REF_SPECIES to NVEL wdbkwtdata.inc","2023-10-16","38548071d5aa652bb90c7f111f86b427f798a1c9"
61,0,10,28.08,24.96,36.25,60,12,43.1,31.1,0.631,0.477,"wdbkwtdata.inc","FIADB REF_SPECIES to NBEL BM_REF_SPECIES to NVEL wdbkwtdata.inc","2023-10-16","38548071d5aa652bb90c7f111f86b427f798a1c9"
62,0,10,28.08,24.96,36.25,60,12,43.1,31.1,0.352,0.477,"wdbkwtdata.inc","FIADB REF_SPECIES to NBEL BM_REF_SPECIES to NVEL wdbkwtdata.inc","2023-10-16","38548071d5aa652bb90c7f111f86b427f798a1c9"
63,0,10,29.95,24.96,33.54,60.25,12,44.8,32.9,0.352,0.476,"wdbkwtdata.inc","FIADB REF_SPECIES to NBEL BM_REF_SPECIES to NVEL wdbkwtdata.inc","2023-10-16","38548071d5aa652bb90c7f111f86b427f798a1c9"
64,0,1,28.08,24.96,36.25,60,12,43.1,31.1,0.458,0.48,"wdbkwtdata.inc","FIADB REF_SPECIES to NBEL BM_REF_SPECIES to NVEL wdbkwtdata.inc","2023-10-16","38548071d5aa652bb90c7f111f86b427f798a1c9"
65,0,10,42.43,24.96,35,60.25,12,62.1,45.4,0.352,0.469,"wdbkwtdata.inc","FIADB REF_SPECIES to NBEL BM_REF_SPECIES to NVEL wdbkwtdata.inc","2023-10-16","38548071d5aa652bb90c7f111f86b427f798a1c9"
66,0,10,28.08,24.96,36.25,60,12,43.1,31.1,0.352,0.477,"wdbkwtdata.inc","FIADB REF_SPECIES to NBEL BM_REF_SPECIES to NVEL wdbkwtdata.inc","2023-10-16","38548071d5aa652bb90c7f111f86b427f798a1c9"
67,0,1,26.21,24.96,41.17,60.25,12,41.8,29.2,0.631,0.521,"wdbkwtdata.inc","FIADB REF_SPECIES to NBEL BM_REF_SPECIES to NVEL wdbkwtdata.inc","2023-10-16","38548071d5aa652bb90c7f111f86b427f798a1c9"
68,0,1,27.46,24.96,34.75,60.25,12,41.8,30.5,0.631,0.521,"wdbkwtdata.inc","FIADB REF_SPECIES to NBEL BM_REF_SPECIES to NVEL wdbkwtdata.inc","2023-10-16","38548071d5aa652bb90c7f111f86b427f798a1c9"
69,0,10,28.08,24.96,36.25,60,12,43.1,31.1,0.352,0.477,"wdbkwtdata.inc","FIADB REF_SPECIES to NBEL BM_REF_SPECIES to NVEL wdbkwtdata.inc","2023-10-16","38548071d5aa652bb90c7f111f86b427f798a1c9"
70,0,1,30.58,19.97,57,81.5,14,53.1,33.4,0.631,0.476,"wdbkwtdata.inc","FIADB REF_SPECIES to NBEL BM_REF_SPECIES to NVEL wdbkwtdata.inc","2023-10-16","38548071d5aa652bb90c7f111f86b427f798a1c9"
71,0,1,30.58,18.72,53.71,97.63,14,52.2,33.2,0.631,0.476,"wdbkwtdata.inc","FIADB REF_SPECIES to NBEL BM_REF_SPECIES to NVEL wdbkwtdata.inc","2023-10-16","38548071d5aa652bb90c7f111f86b427f798a1c9"
72,0,1,30.58,19.97,57,81.5,14,53.1,33.4,0.458,0.476,"wdbkwtdata.inc","FIADB REF_SPECIES to NBEL BM_REF_SPECIES to NVEL wdbkwtdata.inc","2023-10-16","38548071d5aa652bb90c7f111f86b427f798a1c9"
73,0,1,29.95,20.59,60.25,65.12,14,52.8,32.8,0.8,0.476,"wdbkwtdata.inc","FIADB REF_SPECIES to NBEL BM_REF_SPECIES to NVEL wdbkwtdata.inc","2023-10-16","38548071d5aa652bb90c7f111f86b427f798a1c9"
74,1,1,30.58,19.97,57,81.5,14,53.1,33.4,0.631,0.481,"wdbkwtdata.inc","FIADB REF_SPECIES to NBEL BM_REF_SPECIES to NVEL wdbkwtdata.inc","2023-10-16","38548071d5aa652bb90c7f111f86b427f798a1c9"
75,1,1,30.58,19.97,57,81.5,14,53.1,33.4,0.631,0.476,"wdbkwtdata.inc","FIADB REF_SPECIES to NBEL BM_REF_SPECIES to NVEL wdbkwtdata.inc","2023-10-16","38548071d5aa652bb90c7f111f86b427f798a1c9"
81,0,1,21.84,15.6,106.06,28.2,17,48.4,24.5,0.588,0.538,"wdbkwtdata.inc","FIADB REF_SPECIES to NBEL BM_REF_SPECIES to NVEL wdbkwtdata.inc","2023-10-16","38548071d5aa652bb90c7f111f86b427f798a1c9"
90,0,5,22.46,27.46,59.2,80.6,12.56,42,25.9,0.608,0.48,"wdbkwtdata.inc","FIADB REF_SPECIES to NBEL BM_REF_SPECIES to NVEL wdbkwtdata.inc","2023-10-16","38548071d5aa652bb90c7f111f86b427f798a1c9"
91,0,5,22.46,27.46,59.2,80.6,12.56,42,25.9,0.631,0.478,"wdbkwtdata.inc","FIADB REF_SPECIES to NBEL BM_REF_SPECIES to NVEL wdbkwtdata.inc","2023-10-16","38548071d5aa652bb90c7f111f86b427f798a1c9"
92,0,5,22.46,27.46,59.2,80.6,12.56,42,25.9,0.442,0.48,"wdbkwtdata.inc","FIADB REF_SPECIES to NBEL BM_REF_SPECIES to NVEL wdbkwtdata.inc","2023-10-16","38548071d5aa652bb90c7f111f86b427f798a1c9"
93,0,5,20.59,31.82,89.39,79.12,11.2,45.4,24.2,0.442,0.481,"wdbkwtdata.inc","FIADB REF_SPECIES to NBEL BM_REF_SPECIES to NVEL wdbkwtdata.inc","2023-10-16","38548071d5aa652bb90c7f111f86b427f798a1c9"
94,0,5,23.09,24.34,51.59,76.69,13,40.6,26.3,0.608,0.512,"wdbkwtdata.inc","FIADB REF_SPECIES to NBEL BM_REF_SPECIES to NVEL wdbkwtdata.inc","2023-10-16","38548071d5aa652bb90c7f111f86b427f798a1c9"
95,0,5,23.71,26.21,47.61,90.79,13,41.5,27.1,0.608,0.48,"wdbkwtdata.inc","FIADB REF_SPECIES to NBEL BM_REF_SPECIES to NVEL wdbkwtdata.inc","2023-10-16","38548071d5aa652bb90c7f111f86b427f798a1c9"
96,0,5,22.46,27.46,59.2,80.6,12.56,42,25.9,0.442,0.48,"wdbkwtdata.inc","FIADB REF_SPECIES to NBEL BM_REF_SPECIES to NVEL wdbkwtdata.inc","2023-10-16","38548071d5aa652bb90c7f111f86b427f798a1c9"
97,0,5,23.09,19.97,47.27,75.28,13,38.6,25.7,0.608,0.48,"wdbkwtdata.inc","FIADB REF_SPECIES to NBEL BM_REF_SPECIES to NVEL wdbkwtdata.inc","2023-10-16","38548071d5aa652bb90c7f111f86b427f798a1c9"
98,0,5,20.59,34.32,60.24,80.65,12.5,40.7,24.9,0.463,0.5,"wdbkwtdata.inc","FIADB REF_SPECIES to NBEL BM_REF_SPECIES to NVEL wdbkwtdata.inc","2023-10-16","38548071d5aa652bb90c7f111f86b427f798a1c9"
100,0,4,26.83,24.96,76.13,68.38,16.13,54,30.9,0.631,0.478,"wdbkwtdata.inc","FIADB REF_SPECIES to NBEL BM_REF_SPECIES to NVEL wdbkwtdata.inc","2023-10-16","38548071d5aa652bb90c7f111f86b427f798a1c9"
101,0,4,26.83,24.96,76.13,68.38,16.13,54,30.9,0.458,0.478,"wdbkwtdata.inc","FIADB REF_SPECIES to NBEL BM_REF_SPECIES to NVEL wdbkwtdata.inc","2023-10-16","38548071d5aa652bb90c7f111f86b427f798a1c9"
102,0,4,26.83,24.96,76.13,68.38,16.13,54,30.9,0.458,0.478,"wdbkwtdata.inc","FIADB REF_SPECIES to NBEL BM_REF_SPECIES to NVEL wdbkwtdata.inc","2023-10-16","38548071d5aa652bb90c7f111f86b427f798a1c9"
103,0,4,24.34,23.71,105.46,68.68,12,54.8,27.2,0.458,0.479,"wdbkwtdata.inc","FIADB REF_SPECIES to NBEL BM_REF_SPECIES to NVEL wdbkwtdata.inc","2023-10-16","38548071d5aa652bb90c7f111f86b427f798a1c9"
104,0,4,26.83,24.96,76.13,68.38,16.13,54,30.9,0.458,0.478,"wdbkwtdata.inc","FIADB REF_SPECIES to NBEL BM_REF_SPECIES to NVEL wdbkwtdata.inc","2023-10-16","38548071d5aa652bb90c7f111f86b427f798a1c9"
105,0,4,24.96,25.58,100.32,91.54,14,56.9,28.5,0.643,0.479,"wdbkwtdata.inc","FIADB REF_SPECIES to NBEL BM_REF_SPECIES to NVEL wdbkwtdata.inc","2023-10-16","38548071d5aa652bb90c7f111f86b427f798a1c9"
106,0,10,31.2,24.96,28.2,60.25,13.4,45.4,34.5,0.352,0.476,"wdbkwtdata.inc","FIADB REF_SPECIES to NBEL BM_REF_SPECIES to NVEL wdbkwtdata.inc","2023-10-16","38548071d5aa652bb90c7f111f86b427f798a1c9"
107,0,4,28.7,28.08,32.39,88.76,15,46,32.9,1.011,0.477,"wdbkwtdata.inc","FIADB REF_SPECIES to NBEL BM_REF_SPECIES to NVEL wdbkwtdata.inc","2023-10-16","38548071d5aa652bb90c7f111f86b427f798a1c9"
108,0,4,23.71,23.71,64.47,64.47,8.9,42.5,25.8,0.883,0.503,"wdbkwtdata.inc","FIADB REF_SPECIES to NBEL BM_REF_SPECIES to NVEL wdbkwtdata.inc","2023-10-16","38548071d5aa652bb90c7f111f86b427f798a1c9"
109,0,4,26.83,24.96,76.13,68.38,16.13,54,30.9,0.458,0.478,"wdbkwtdata.inc","FIADB REF_SPECIES to NBEL BM_REF_SPECIES to NVEL wdbkwtdata.inc","2023-10-16","38548071d5aa652bb90c7f111f86b427f798a1c9"
110,0,4,29.33,21.84,77.3,60.26,16,57.6,32.8,0.763,0.477,"wdbkwtdata.inc","FIADB REF_SPECIES to NBEL BM_REF_SPECIES to NVEL wdbkwtdata.inc","2023-10-16","38548071d5aa652bb90c7f111f86b427f798a1c9"
111,0,4,33.7,21.84,72.13,87.74,18,65.4,37.6,0.922,0.513,"wdbkwtdata.inc","FIADB REF_SPECIES to NBEL BM_REF_SPECIES to NVEL wdbkwtdata.inc","2023-10-16","38548071d5aa652bb90c7f111f86b427f798a1c9"
112,0,4,26.83,24.96,76.13,68.38,16.13,54,30.9,0.458,0.502,"wdbkwtdata.inc","FIADB REF_SPECIES to NBEL BM_REF_SPECIES to NVEL wdbkwtdata.inc","2023-10-16","38548071d5aa652bb90c7f111f86b427f798a1c9"
113,0,4,23.09,31.2,94.92,12.18,13.4,49.7,27.3,0.458,0.48,"wdbkwtdata.inc","FIADB REF_SPECIES to NBEL BM_REF_SPECIES to NVEL wdbkwtdata.inc","2023-10-16","38548071d5aa652bb90c7f111f86b427f798a1c9"
114,0,4,26.83,24.96,76.13,68.38,16.13,54,30.9,0.458,0.47,"wdbkwtdata.inc","FIADB REF_SPECIES to NBEL BM_REF_SPECIES to NVEL wdbkwtdata.inc","2023-10-16","38548071d5aa652bb90c7f111f86b427f798a1c9"
115,0,4,25.58,28.08,75.9,24.64,13.4,49.7,29.3,1.011,0.479,"wdbkwtdata.inc","FIADB REF_SPECIES to NBEL BM_REF_SPECIES to NVEL wdbkwtdata.inc","2023-10-16","38548071d5aa652bb90c7f111f86b427f798a1c9"
116,0,4,23.09,22.46,103.57,33.56,25.6,54.7,28.8,0.434,0.519,"wdbkwtdata.inc","FIADB REF_SPECIES to NBEL BM_REF_SPECIES to NVEL wdbkwtdata.inc","2023-10-16","38548071d5aa652bb90c7f111f86b427f798a1c9"
117,0,4,21.22,21.84,130,87.74,25.6,59.3,26.8,0.557,0.481,"wdbkwtdata.inc","FIADB REF_SPECIES to NBEL BM_REF_SPECIES to NVEL wdbkwtdata.inc","2023-10-16","38548071d5aa652bb90c7f111f86b427f798a1c9"
118,0,4,26.83,24.96,76.13,68.38,16.13,54,30.9,0.458,0.494,"wdbkwtdata.inc","FIADB REF_SPECIES to NBEL BM_REF_SPECIES to NVEL wdbkwtdata.inc","2023-10-16","38548071d5aa652bb90c7f111f86b427f798a1c9"
119,0,4,22.46,29.33,55.81,84.13,12.6,41.8,26.2,0.574,0.48,"wdbkwtdata.inc","FIADB REF_SPECIES to NBEL BM_REF_SPECIES to NVEL wdbkwtdata.inc","2023-10-16","38548071d5aa652bb90c7f111f86b427f798a1c9"
120,0,4,28.08,28.08,60.27,42.44,22,53.8,34.3,0.458,0.477,"wdbkwtdata.inc","FIADB REF_SPECIES to NBEL BM_REF_SPECIES to NVEL wdbkwtdata.inc","2023-10-16","38548071d5aa652bb90c7f111f86b427f798a1c9"
121,0,4,33.7,28.08,63.22,88.76,14,62.4,37.6,0.922,0.474,"wdbkwtdata.inc","FIADB REF_SPECIES to NBEL BM_REF_SPECIES to NVEL wdbkwtdata.inc","2023-10-16","38548071d5aa652bb90c7f111f86b427f798a1c9"
122,0,4,23.71,21.84,89.79,32.77,25.6,52.4,29.3,0.434,0.513,"wdbkwtdata.inc","FIADB REF_SPECIES to NBEL BM_REF_SPECIES to NVEL wdbkwtdata.inc","2023-10-16","38548071d5aa652bb90c7f111f86b427f798a1c9"
123,0,4,30.58,28.08,76.61,60.27,13.4,60,34.3,1.011,0.476,"wdbkwtdata.inc","FIADB REF_SPECIES to NBEL BM_REF_SPECIES to NVEL wdbkwtdata.inc","2023-10-16","38548071d5aa652bb90c7f111f86b427f798a1c9"
124,0,4,24.96,24.96,100.02,60.25,13.4,55.3,28.3,0.458,0.479,"wdbkwtdata.inc","FIADB REF_SPECIES to NBEL BM_REF_SPECIES to NVEL wdbkwtdata.inc","2023-10-16","38548071d5aa652bb90c7f111f86b427f798a1c9"
125,0,4,25.58,16.85,64.17,89.93,16,47.1,28.3,0.729,0.533,"wdbkwtdata.inc","FIADB REF_SPECIES to NBEL BM_REF_SPECIES to NVEL wdbkwtdata.inc","2023-10-16","38548071d5aa652bb90c7f111f86b427f798a1c9"
126,0,4,29.33,21.22,70.49,88.53,13.4,55.4,32.2,1.011,0.477,"wdbkwtdata.inc","FIADB REF_SPECIES to NBEL BM_REF_SPECIES to NVEL wdbkwtdata.inc","2023-10-16","38548071d5aa652bb90c7f111f86b427f798a1c9"
127,0,4,24.96,24.96,80.3,60.25,22,53.8,30.5,0.458,0.479,"wdbkwtdata.inc","FIADB REF_SPECIES to NBEL BM_REF_SPECIES to NVEL wdbkwtdata.inc","2023-10-16","38548071d5aa652bb90c7f111f86b427f798a1c9"
128,0,4,31.82,20.59,60.25,94.24,13.4,56.4,34.6,1.011,0.475,"wdbkwtdata.inc","FIADB REF_SPECIES to NBEL BM_REF_SPECIES to NVEL wdbkwtdata.inc","2023-10-16","38548071d5aa652bb90c7f111f86b427f798a1c9"
129,0,4,21.22,29.33,64.97,70.49,16,43,25.9,0.729,0.507,"wdbkwtdata.inc","FIADB REF_SPECIES to NBEL BM_REF_SPECIES to NVEL wdbkwtdata.inc","2023-10-16","38548071d5aa652bb90c7f111f86b427f798a1c9"
130,0,4,26.83,24.96,76.13,68.38,16.13,54,30.9,1.011,0.471,"wdbkwtdata.inc","FIADB REF_SPECIES to NBEL BM_REF_SPECIES to NVEL wdbkwtdata.inc","2023-10-16","38548071d5aa652bb90c7f111f86b427f798a1c9"
131,0,4,29.33,20.59,80.72,99.12,16.6,59.8,32.7,0.763,0.477,"wdbkwtdata.inc","FIADB REF_SPECIES to NBEL BM_REF_SPECIES to NVEL wdbkwtdata.inc","2023-10-16","38548071d5aa652bb90c7f111f86b427f798a1c9"
132,0,4,28.08,33.7,78.07,89.93,13.4,58.6,32.6,1.011,0.477,"wdbkwtdata.inc","FIADB REF_SPECIES to NBEL BM_REF_SPECIES to NVEL wdbkwtdata.inc","2023-10-16","38548071d5aa652bb90c7f111f86b427f798a1c9"
133,0,10,26.83,24.96,76.13,68.38,16.13,54,30.9,0.352,0.478,"wdbkwtdata.inc","FIADB REF_SPECIES to NBEL BM_REF_SPECIES to NVEL wdbkwtdata.inc","2023-10-16","38548071d5aa652bb90c7f111f86b427f798a1c9"
134,0,10,26.83,24.96,76.13,68.38,16.13,54,30.9,0.352,0.478,"wdbkwtdata.inc","FIADB REF_SPECIES to NBEL BM_REF_SPECIES to NVEL wdbkwtdata.inc","2023-10-16","38548071d5aa652bb90c7f111f86b427f798a1c9"
135,0,4,26.83,24.96,76.13,68.38,16.13,54,30.9,0.434,0.478,"wdbkwtdata.inc","FIADB REF_SPECIES to NBEL BM_REF_SPECIES to NVEL wdbkwtdata.inc","2023-10-16","38548071d5aa652bb90c7f111f86b427f798a1c9"
136,0,4,26.83,24.96,76.13,68.38,16.13,54,30.9,0.631,0.528,"wdbkwtdata.inc","FIADB REF_SPECIES to NBEL BM_REF_SPECIES to NVEL wdbkwtdata.inc","2023-10-16","38548071d5aa652bb90c7f111f86b427f798a1c9"
137,0,4,26.83,24.96,76.13,68.38,16.13,54,30.9,0.458,0.478,"wdbkwtdata.inc","FIADB REF_SPECIES to NBEL BM_REF_SPECIES to NVEL wdbkwtdata.inc","2023-10-16","38548071d5aa652bb90c7f111f86b427f798a1c9"
138,0,10,26.83,24.96,76.13,68.38,16.13,54,30.9,0.458,0.473,"wdbkwtdata.inc","FIADB REF_SPECIES to NBEL BM_REF_SPECIES to NVEL wdbkwtdata.inc","2023-10-16","38548071d5aa652bb90c7f111f86b427f798a1c9"
139,0,4,26.83,24.96,76.13,68.38,16.13,54,30.9,0.458,0.478,"wdbkwtdata.inc","FIADB REF_SPECIES to NBEL BM_REF_SPECIES to NVEL wdbkwtdata.inc","2023-10-16","38548071d5aa652bb90c7f111f86b427f798a1c9"
140,0,10,26.83,24.96,76.13,68.38,16.13,54,30.9,0.352,0.485,"wdbkwtdata.inc","FIADB REF_SPECIES to NBEL BM_REF_SPECIES to NVEL wdbkwtdata.inc","2023-10-16","38548071d5aa652bb90c7f111f86b427f798a1c9"
141,0,10,26.83,24.96,76.13,68.38,16.13,54,30.9,0.352,0.478,"wdbkwtdata.inc","FIADB REF_SPECIES to NBEL BM_REF_SPECIES to NVEL wdbkwtdata.inc","2023-10-16","38548071d5aa652bb90c7f111f86b427f798a1c9"
142,0,4,26.83,24.96,76.13,68.38,16.13,54,30.9,0.458,0.478,"wdbkwtdata.inc","FIADB REF_SPECIES to NBEL BM_REF_SPECIES to NVEL wdbkwtdata.inc","2023-10-16","38548071d5aa652bb90c7f111f86b427f798a1c9"
143,0,10,26.83,24.96,76.13,68.38,16.13,54,30.9,0.352,0.478,"wdbkwtdata.inc","FIADB REF_SPECIES to NBEL BM_REF_SPECIES to NVEL wdbkwtdata.inc","2023-10-16","38548071d5aa652bb90c7f111f86b427f798a1c9"
144,0,4,26.83,24.96,76.13,68.38,16.13,54,30.9,0.631,0.513,"wdbkwtdata.inc","FIADB REF_SPECIES to NBEL BM_REF_SPECIES to NVEL wdbkwtdata.inc","2023-10-16","38548071d5aa652bb90c7f111f86b427f798a1c9"
200,0,2,28.08,27.46,35,89,17.34,46.9,32.8,0.631,0.477,"wdbkwtdata.inc","FIADB REF_SPECIES to NBEL BM_REF_SPECIES to NVEL wdbkwtdata.inc","2023-10-16","38548071d5aa652bb90c7f111f86b427f798a1c9"
201,0,2,28.08,27.46,35,89,17.34,46.9,32.8,0.458,0.477,"wdbkwtdata.inc","FIADB REF_SPECIES to NBEL BM_REF_SPECIES to NVEL wdbkwtdata.inc","2023-10-16","38548071d5aa652bb90c7f111f86b427f798a1c9"
202,0,2,28.08,27.46,35.33,89.39,17.3,47,32.8,0.526,0.516,"wdbkwtdata.inc","FIADB REF_SPECIES to NBEL BM_REF_SPECIES to NVEL wdbkwtdata.inc","2023-10-16","38548071d5aa652bb90c7f111f86b427f798a1c9"
211,0,1,22.46,26.83,122.58,15.53,18,55.6,27.3,0.41,0.531,"wdbkwtdata.inc","FIADB REF_SPECIES to NBEL BM_REF_SPECIES to NVEL wdbkwtdata.inc","2023-10-16","38548071d5aa652bb90c7f111f86b427f798a1c9"
212,0,1,21.22,21.22,178.09,17.82,18,63.5,25,0.458,0.538,"wdbkwtdata.inc","FIADB REF_SPECIES to NBEL BM_REF_SPECIES to NVEL wdbkwtdata.inc","2023-10-16","38548071d5aa652bb90c7f111f86b427f798a1c9"
220,0,1,26.21,31.2,95,99,20,63.5,32.4,0.631,0.478,"wdbkwtdata.inc","FIADB REF_SPECIES to NBEL BM_REF_SPECIES to NVEL wdbkwtdata.inc","2023-10-16","38548071d5aa652bb90c7f111f86b427f798a1c9"
221,0,1,26.21,31.2,94.6,98.72,20,63.4,32.4,0.952,0.478,"wdbkwtdata.inc","FIADB REF_SPECIES to NBEL BM_REF_SPECIES to NVEL wdbkwtdata.inc","2023-10-16","38548071d5aa652bb90c7f111f86b427f798a1c9"
222,0,1,26.21,31.2,95,99,20,63.5,32.4,0.952,0.478,"wdbkwtdata.inc","FIADB REF_SPECIES to NBEL BM_REF_SPECIES to NVEL wdbkwtdata.inc","2023-10-16","38548071d5aa652bb90c7f111f86b427f798a1c9"
223,0,1,26.21,31.2,95,99,20,63.5,32.4,0.952,0.453,"wdbkwtdata.inc","FIADB REF_SPECIES to NBEL BM_REF_SPECIES to NVEL wdbkwtdata.inc","2023-10-16","38548071d5aa652bb90c7f111f86b427f798a1c9"
230,0,3,37.44,36.82,47,98,4,58,38.9,0.631,0.472,"wdbkwtdata.inc","FIADB REF_SPECIES to NBEL BM_REF_SPECIES to NVEL wdbkwtdata.inc","2023-10-16","38548071d5aa652bb90c7f111f86b427f798a1c9"
231,0,3,37.44,36.82,46.9,98.29,4,57.9,38.9,0.458,0.472,"wdbkwtdata.inc","FIADB REF_SPECIES to NBEL BM_REF_SPECIES to NVEL wdbkwtdata.inc","2023-10-16","38548071d5aa652bb90c7f111f86b427f798a1c9"
232,0,3,37.44,36.82,47,98,4,58,38.9,0.631,0.472,"wdbkwtdata.inc","FIADB REF_SPECIES to NBEL BM_REF_SPECIES to NVEL wdbkwtdata.inc","2023-10-16","38548071d5aa652bb90c7f111f86b427f798a1c9"
240,0,1,18.72,24.96,69.5,73.5,12.47,37.1,21.8,0.631,0.483,"wdbkwtdata.inc","FIADB REF_SPECIES to NBEL BM_REF_SPECIES to NVEL wdbkwtdata.inc","2023-10-16","38548071d5aa652bb90c7f111f86b427f798a1c9"
241,0,1,18.1,26.21,98.93,90.79,14,43,21.8,0.631,0.501,"wdbkwtdata.inc","FIADB REF_SPECIES to NBEL BM_REF_SPECIES to NVEL wdbkwtdata.inc","2023-10-16","38548071d5aa652bb90c7f111f86b427f798a1c9"
242,0,1,19.34,23.09,39.58,55.92,10.6,30.8,21.8,0.705,0.504,"wdbkwtdata.inc","FIADB REF_SPECIES to NBEL BM_REF_SPECIES to NVEL wdbkwtdata.inc","2023-10-16","38548071d5aa652bb90c7f111f86b427f798a1c9"
250,0,3,25.58,26.21,74.29,70.5,14.31,51,29.3,0.631,0.479,"wdbkwtdata.inc","FIADB REF_SPECIES to NBEL BM_REF_SPECIES to NVEL wdbkwtdata.inc","2023-10-16","38548071d5aa652bb90c7f111f86b427f798a1c9"
251,0,3,25.58,26.21,74.29,70.5,14.31,51,29.3,0.458,0.479,"wdbkwtdata.inc","FIADB REF_SPECIES to NBEL BM_REF_SPECIES to NVEL wdbkwtdata.inc","2023-10-16","38548071d5aa652bb90c7f111f86b427f798a1c9"
252,0,3,25.58,26.21,74.29,70.5,14.31,51,29.3,0.631,0.479,"wdbkwtdata.inc","FIADB REF_SPECIES to NBEL BM_REF_SPECIES to NVEL wdbkwtdata.inc","2023-10-16","38548071d5aa652bb90c7f111f86b427f798a1c9"
260,0,3,25.58,28.7,78.33,97.67,16.18,54.8,30.2,0.628,0.479,"wdbkwtdata.inc","FIADB REF_SPECIES to NBEL BM_REF_SPECIES to NVEL wdbkwtdata.inc","2023-10-16","38548071d5aa652bb90c7f111f86b427f798a1c9"
261,0,3,23.71,28.7,110.87,98.59,17,59.7,28.6,0.628,0.48,"wdbkwtdata.inc","FIADB REF_SPECIES to NBEL BM_REF_SPECIES to NVEL wdbkwtdata.inc","2023-10-16","38548071d5aa652bb90c7f111f86b427f798a1c9"
262,0,3,25.58,28.7,78.33,97.67,16.18,54.8,30.2,0.628,0.479,"wdbkwtdata.inc","FIADB REF_SPECIES to NBEL BM_REF_SPECIES to NVEL wdbkwtdata.inc","2023-10-16","38548071d5aa652bb90c7f111f86b427f798a1c9"
263,0,3,26.21,31.2,56.45,101.92,15.8,51,31.1,0.671,0.507,"wdbkwtdata.inc","FIADB REF_SPECIES to NBEL BM_REF_SPECIES to NVEL wdbkwtdata.inc","2023-10-16","38548071d5aa652bb90c7f111f86b427f798a1c9"
264,0,3,26.21,25.58,67.88,91.54,15.8,51.7,30.3,0.458,0.478,"wdbkwtdata.inc","FIADB REF_SPECIES to NBEL BM_REF_SPECIES to NVEL wdbkwtdata.inc","2023-10-16","38548071d5aa652bb90c7f111f86b427f798a1c9"
299,0,4,25.58,26.21,74.29,70.5,14.31,51,29.3,0.458,0.479,"wdbkwtdata.inc","FIADB REF_SPECIES to NBEL BM_REF_SPECIES to NVEL wdbkwtdata.inc","2023-10-16","38548071d5aa652bb90c7f111f86b427f798a1c9"
300,1,8,32.45,33.07,75.13,80.49,15.16,65.9,37.5,0.651,0.475,"wdbkwtdata.inc","FIADB REF_SPECIES to NBEL BM_REF_SPECIES to NVEL wdbkwtdata.inc","2023-10-16","38548071d5aa652bb90c7f111f86b427f798a1c9"
303,1,10,32.45,33.07,75.13,80.49,15.16,65.9,37.5,0.84,0.475,"wdbkwtdata.inc","FIADB REF_SPECIES to NBEL BM_REF_SPECIES to NVEL wdbkwtdata.inc","2023-10-16","38548071d5aa652bb90c7f111f86b427f798a1c9"
304,1,10,32.45,33.07,75.13,80.49,15.16,65.9,37.5,0.84,0.454,"wdbkwtdata.inc","FIADB REF_SPECIES to NBEL BM_REF_SPECIES to NVEL wdbkwtdata.inc","2023-10-16","38548071d5aa652bb90c7f111f86b427f798a1c9"
310,1,7,29.33,33.07,70.29,90.57,10.88,56.8,32.9,0.841,0.477,"wdbkwtdata.inc","FIADB REF_SPECIES to NBEL BM_REF_SPECIES to NVEL wdbkwtdata.inc","2023-10-16","38548071d5aa652bb90c7f111f86b427f798a1c9"
311,1,7,29.33,33.07,70.29,90.57,10.88,56.8,32.9,0.841,0.477,"wdbkwtdata.inc","FIADB REF_SPECIES to NBEL BM_REF_SPECIES to NVEL wdbkwtdata.inc","2023-10-16","38548071d5aa652bb90c7f111f86b427f798a1c9"
312,1,7,27.46,29.95,71.18,113.67,10,53.4,30.5,0.964,0.496,"wdbkwtdata.inc","FIADB REF_SPECIES to NBEL BM_REF_SPECIES to NVEL wdbkwtdata.inc","2023-10-16","38548071d5aa652bb90c7f111f86b427f798a1c9"
313,1,7,26.21,31.2,90.79,92.3,8.6,55.2,28.9,0.792,0.487,"wdbkwtdata.inc","FIADB REF_SPECIES to NBEL BM_REF_SPECIES to NVEL wdbkwtdata.inc","2023-10-16","38548071d5aa652bb90c7f111f86b427f798a1c9"
314,1,9,32.45,33.7,69.5,89.93,15.6,65,37.7,0.841,0.475,"wdbkwtdata.inc","FIADB REF_SPECIES to NBEL BM_REF_SPECIES to NVEL wdbkwtdata.inc","2023-10-16","38548071d5aa652bb90c7f111f86b427f798a1c9"
315,1,7,27.46,31.2,71.18,89.1,8.6,52.1,30.1,0.84,0.478,"wdbkwtdata.inc","FIADB REF_SPECIES to NBEL BM_REF_SPECIES to NVEL wdbkwtdata.inc","2023-10-16","38548071d5aa652bb90c7f111f86b427f798a1c9"
316,1,7,30.58,37.44,63.53,78.95,8.6,55.8,33.8,0.744,0.486,"wdbkwtdata.inc","FIADB REF_SPECIES to NBEL BM_REF_SPECIES to NVEL wdbkwtdata.inc","2023-10-16","38548071d5aa652bb90c7f111f86b427f798a1c9"
317,1,7,27.46,35.57,67.55,79.93,8.6,51.5,30.5,0.744,0.478,"wdbkwtdata.inc","FIADB REF_SPECIES to NBEL BM_REF_SPECIES to NVEL wdbkwtdata.inc","2023-10-16","38548071d5aa652bb90c7f111f86b427f798a1c9"
318,1,9,34.94,33.7,57.39,89.93,15.6,65,40.2,0.841,0.485,"wdbkwtdata.inc","FIADB REF_SPECIES to NBEL BM_REF_SPECIES to NVEL wdbkwtdata.inc","2023-10-16","38548071d5aa652bb90c7f111f86b427f798a1c9"
319,1,7,29.33,33.07,70.29,90.57,10.88,56.8,32.9,0.84,0.477,"wdbkwtdata.inc","FIADB REF_SPECIES to NBEL BM_REF_SPECIES to NVEL wdbkwtdata.inc","2023-10-16","38548071d5aa652bb90c7f111f86b427f798a1c9"
320,1,7,29.33,33.07,70.29,90.57,10.88,56.8,32.9,0.841,0.477,"wdbkwtdata.inc","FIADB REF_SPECIES to NBEL BM_REF_SPECIES to NVEL wdbkwtdata.inc","2023-10-16","38548071d5aa652bb90c7f111f86b427f798a1c9"
321,1,10,29.33,33.07,70.29,90.57,10.88,56.8,32.9,0.651,0.477,"wdbkwtdata.inc","FIADB REF_SPECIES to NBEL BM_REF_SPECIES to NVEL wdbkwtdata.inc","2023-10-16","38548071d5aa652bb90c7f111f86b427f798a1c9"
322,1,10,29.33,33.07,70.29,90.57,10.88,56.8,32.9,0.651,0.477,"wdbkwtdata.inc","FIADB REF_SPECIES to NBEL BM_REF_SPECIES to NVEL wdbkwtdata.inc","2023-10-16","38548071d5aa652bb90c7f111f86b427f798a1c9"
323,1,8,29.33,33.07,70.29,90.57,10.88,56.8,32.9,0.841,0.477,"wdbkwtdata.inc","FIADB REF_SPECIES to NBEL BM_REF_SPECIES to NVEL wdbkwtdata.inc","2023-10-16","38548071d5aa652bb90c7f111f86b427f798a1c9"
330,1,8,20.59,31.2,143,89,15,58.9,25.3,0.964,0.481,"wdbkwtdata.inc","FIADB REF_SPECIES to NBEL BM_REF_SPECIES to NVEL wdbkwtdata.inc","2023-10-16","38548071d5aa652bb90c7f111f86b427f798a1c9"
331,1,8,20.59,31.2,143,89,15,58.9,25.3,0.792,0.481,"wdbkwtdata.inc","FIADB REF_SPECIES to NBEL BM_REF_SPECIES to NVEL wdbkwtdata.inc","2023-10-16","38548071d5aa652bb90c7f111f86b427f798a1c9"
332,1,8,20.59,31.2,142.82,89.1,15,58.9,25.3,0.792,0.481,"wdbkwtdata.inc","FIADB REF_SPECIES to NBEL BM_REF_SPECIES to NVEL wdbkwtdata.inc","2023-10-16","38548071d5aa652bb90c7f111f86b427f798a1c9"
333,1,8,20.59,31.2,143,89,15,58.9,25.3,0.964,0.481,"wdbkwtdata.inc","FIADB REF_SPECIES to NBEL BM_REF_SPECIES to NVEL wdbkwtdata.inc","2023-10-16","38548071d5aa652bb90c7f111f86b427f798a1c9"
334,1,8,20.59,31.2,143,89,15,58.9,25.3,0.792,0.481,"wdbkwtdata.inc","FIADB REF_SPECIES to NBEL BM_REF_SPECIES to NVEL wdbkwtdata.inc","2023-10-16","38548071d5aa652bb90c7f111f86b427f798a1c9"
336,1,8,20.59,31.2,143,89,15,58.9,25.3,0.84,0.481,"wdbkwtdata.inc","FIADB REF_SPECIES to NBEL BM_REF_SPECIES to NVEL wdbkwtdata.inc","2023-10-16","38548071d5aa652bb90c7f111f86b427f798a1c9"
337,1,8,20.59,31.2,143,89,15,58.9,25.3,0.792,0.481,"wdbkwtdata.inc","FIADB REF_SPECIES to NBEL BM_REF_SPECIES to NVEL wdbkwtdata.inc","2023-10-16","38548071d5aa652bb90c7f111f86b427f798a1c9"
341,1,8,28.7,28.08,74.2,78.07,15,57.5,32.9,0.84,0.477,"wdbkwtdata.inc","FIADB REF_SPECIES to NBEL BM_REF_SPECIES to NVEL wdbkwtdata.inc","2023-10-16","38548071d5aa652bb90c7f111f86b427f798a1c9"
345,1,8,32.45,33.07,75.13,80.49,15.16,65.9,37.5,0.84,0.475,"wdbkwtdata.inc","FIADB REF_SPECIES to NBEL BM_REF_SPECIES to NVEL wdbkwtdata.inc","2023-10-16","38548071d5aa652bb90c7f111f86b427f798a1c9"
350,1,6,23.09,34.94,99,75,11.49,53,27.1,0.792,0.48,"wdbkwtdata.inc","FIADB REF_SPECIES to NBEL BM_REF_SPECIES to NVEL wdbkwtdata.inc","2023-10-16","38548071d5aa652bb90c7f111f86b427f798a1c9"
351,1,6,23.09,34.94,99.24,74.57,12,53.3,27.3,0.75,0.483,"wdbkwtdata.inc","FIADB REF_SPECIES to NBEL BM_REF_SPECIES to NVEL wdbkwtdata.inc","2023-10-16","38548071d5aa652bb90c7f111f86b427f798a1c9"
352,1,6,23.09,34.94,99,75,11.49,53,27.1,0.964,0.48,"wdbkwtdata.inc","FIADB REF_SPECIES to NBEL BM_REF_SPECIES to NVEL wdbkwtdata.inc","2023-10-16","38548071d5aa652bb90c7f111f86b427f798a1c9"
353,1,6,23.09,34.94,99,75,11.49,53,27.1,0.964,0.48,"wdbkwtdata.inc","FIADB REF_SPECIES to NBEL BM_REF_SPECIES to NVEL wdbkwtdata.inc","2023-10-16","38548071d5aa652bb90c7f111f86b427f798a1c9"
355,1,6,23.09,34.94,99,75,11.49,53,27.1,0.792,0.48,"wdbkwtdata.inc","FIADB REF_SPECIES to NBEL BM_REF_SPECIES to NVEL wdbkwtdata.inc","2023-10-16","38548071d5aa652bb90c7f111f86b427f798a1c9"
356,1,8,41.18,31.2,48.12,60.26,8.6,65.3,43.9,0.84,0.47,"wdbkwtdata.inc","FIADB REF_SPECIES to NBEL BM_REF_SPECIES to NVEL wdbkwtdata.inc","2023-10-16","38548071d5aa652bb90c7f111f86b427f798a1c9"
357,1,8,41.18,31.2,48,60,8.62,65.3,43.9,0.84,0.47,"wdbkwtdata.inc","FIADB REF_SPECIES to NBEL BM_REF_SPECIES to NVEL wdbkwtdata.inc","2023-10-16","38548071d5aa652bb90c7f111f86b427f798a1c9"
358,1,8,41.18,31.2,48,60,8.62,65.3,43.9,0.84,0.47,"wdbkwtdata.inc","FIADB REF_SPECIES to NBEL BM_REF_SPECIES to NVEL wdbkwtdata.inc","2023-10-16","38548071d5aa652bb90c7f111f86b427f798a1c9"
360,1,8,36.19,37.44,66,60,15,69.1,41.8,0.84,0.473,"wdbkwtdata.inc","FIADB REF_SPECIES to NBEL BM_REF_SPECIES to NVEL wdbkwtdata.inc","2023-10-16","38548071d5aa652bb90c7f111f86b427f798a1c9"
361,1,8,36.19,37.44,65.78,60.25,15,69,41.8,0.964,0.473,"wdbkwtdata.inc","FIADB REF_SPECIES to NBEL BM_REF_SPECIES to NVEL wdbkwtdata.inc","2023-10-16","38548071d5aa652bb90c7f111f86b427f798a1c9"
362,1,8,36.19,37.44,66,60,15,69.1,41.8,0.964,0.473,"wdbkwtdata.inc","FIADB REF_SPECIES to NBEL BM_REF_SPECIES to NVEL wdbkwtdata.inc","2023-10-16","38548071d5aa652bb90c7f111f86b427f798a1c9"
363,1,10,36.19,37.44,66,60,15,69.1,41.8,0.964,0.499,"wdbkwtdata.inc","FIADB REF_SPECIES to NBEL BM_REF_SPECIES to NVEL wdbkwtdata.inc","2023-10-16","38548071d5aa652bb90c7f111f86b427f798a1c9"
367,1,8,32.45,33.07,75.13,80.49,15.16,65.9,37.5,0.84,0.475,"wdbkwtdata.inc","FIADB REF_SPECIES to NBEL BM_REF_SPECIES to NVEL wdbkwtdata.inc","2023-10-16","38548071d5aa652bb90c7f111f86b427f798a1c9"
370,1,7,31.82,36.19,73.8,54.8,10.98,61.5,35.8,0.792,0.475,"wdbkwtdata.inc","FIADB REF_SPECIES to NBEL BM_REF_SPECIES to NVEL wdbkwtdata.inc","2023-10-16","38548071d5aa652bb90c7f111f86b427f798a1c9"
371,1,7,34.32,38.69,71.91,60.26,9.8,65.1,38.1,0.789,0.488,"wdbkwtdata.inc","FIADB REF_SPECIES to NBEL BM_REF_SPECIES to NVEL wdbkwtdata.inc","2023-10-16","38548071d5aa652bb90c7f111f86b427f798a1c9"
372,1,7,37.44,38.69,73,52.5,9.8,70.6,41.2,0.932,0.472,"wdbkwtdata.inc","FIADB REF_SPECIES to NBEL BM_REF_SPECIES to NVEL wdbkwtdata.inc","2023-10-16","38548071d5aa652bb90c7f111f86b427f798a1c9"
373,1,7,30.58,34.32,86.43,45.69,9.8,61.9,33.9,0.792,0.476,"wdbkwtdata.inc","FIADB REF_SPECIES to NBEL BM_REF_SPECIES to NVEL wdbkwtdata.inc","2023-10-16","38548071d5aa652bb90c7f111f86b427f798a1c9"
374,1,7,31.82,36.19,73.8,54.8,10.98,61.5,35.8,0.964,0.475,"wdbkwtdata.inc","FIADB REF_SPECIES to NBEL BM_REF_SPECIES to NVEL wdbkwtdata.inc","2023-10-16","38548071d5aa652bb90c7f111f86b427f798a1c9"
375,1,7,29.95,34.94,73.6,51.68,12.6,58.7,34.4,0.792,0.519,"wdbkwtdata.inc","FIADB REF_SPECIES to NBEL BM_REF_SPECIES to NVEL wdbkwtdata.inc","2023-10-16","38548071d5aa652bb90c7f111f86b427f798a1c9"
376,1,7,29.95,34.94,73.6,51.68,12.6,58.7,34.4,0.792,0.476,"wdbkwtdata.inc","FIADB REF_SPECIES to NBEL BM_REF_SPECIES to NVEL wdbkwtdata.inc","2023-10-16","38548071d5aa652bb90c7f111f86b427f798a1c9"
377,1,7,31.82,36.19,73.8,54.8,10.98,61.5,35.8,0.792,0.475,"wdbkwtdata.inc","FIADB REF_SPECIES to NBEL BM_REF_SPECIES to NVEL wdbkwtdata.inc","2023-10-16","38548071d5aa652bb90c7f111f86b427f798a1c9"
378,1,7,31.82,36.19,73.8,54.8,10.98,61.5,35.8,0.964,0.475,"wdbkwtdata.inc","FIADB REF_SPECIES to NBEL BM_REF_SPECIES to NVEL wdbkwtdata.inc","2023-10-16","38548071d5aa652bb90c7f111f86b427f798a1c9"
379,1,7,28.08,34.32,63.82,63.16,12.6,53.1,32.4,0.792,0.477,"wdbkwtdata.inc","FIADB REF_SPECIES to NBEL BM_REF_SPECIES to NVEL wdbkwtdata.inc","2023-10-16","38548071d5aa652bb90c7f111f86b427f798a1c9"
381,1,8,32.45,33.07,75.13,80.49,15.16,65.9,37.5,0.84,0.475,"wdbkwtdata.inc","FIADB REF_SPECIES to NBEL BM_REF_SPECIES to NVEL wdbkwtdata.inc","2023-10-16","38548071d5aa652bb90c7f111f86b427f798a1c9"
391,1,8,36.19,34.32,46.45,89.4,8.6,58.6,39.1,0.84,0.473,"wdbkwtdata.inc","FIADB REF_SPECIES to NBEL BM_REF_SPECIES to NVEL wdbkwtdata.inc","2023-10-16","38548071d5aa652bb90c7f111f86b427f798a1c9"
400,1,9,38.69,38.69,68.88,56.74,16,75,44.9,0.744,0.471,"wdbkwtdata.inc","FIADB REF_SPECIES to NBEL BM_REF_SPECIES to NVEL wdbkwtdata.inc","2023-10-16","38548071d5aa652bb90c7f111f86b427f798a1c9"
401,1,9,38.06,37.44,83.9,60.25,16,79.6,44.1,0.744,0.472,"wdbkwtdata.inc","FIADB REF_SPECIES to NBEL BM_REF_SPECIES to NVEL wdbkwtdata.inc","2023-10-16","38548071d5aa652bb90c7f111f86b427f798a1c9"
402,1,9,37.44,37.44,70.93,60.25,16,73.6,43.4,0.744,0.472,"wdbkwtdata.inc","FIADB REF_SPECIES to NBEL BM_REF_SPECIES to NVEL wdbkwtdata.inc","2023-10-16","38548071d5aa652bb90c7f111f86b427f798a1c9"
403,1,9,41.18,37.44,65.11,60.25,16,77.6,47.2,0.744,0.47,"wdbkwtdata.inc","FIADB REF_SPECIES to NBEL BM_REF_SPECIES to NVEL wdbkwtdata.inc","2023-10-16","38548071d5aa652bb90c7f111f86b427f798a1c9"
404,1,9,37.44,37.44,65.6,60.25,16,71.6,43.4,0.744,0.472,"wdbkwtdata.inc","FIADB REF_SPECIES to NBEL BM_REF_SPECIES to NVEL wdbkwtdata.inc","2023-10-16","38548071d5aa652bb90c7f111f86b427f798a1c9"
405,1,9,38.69,37.44,65.42,60.25,16,73.6,44.7,0.744,0.471,"wdbkwtdata.inc","FIADB REF_SPECIES to NBEL BM_REF_SPECIES to NVEL wdbkwtdata.inc","2023-10-16","38548071d5aa652bb90c7f111f86b427f798a1c9"
406,1,9,34.94,37.44,77.43,60.25,16,71.6,40.9,0.744,0.473,"wdbkwtdata.inc","FIADB REF_SPECIES to NBEL BM_REF_SPECIES to NVEL wdbkwtdata.inc","2023-10-16","38548071d5aa652bb90c7f111f86b427f798a1c9"
407,1,9,39.94,44.93,60.25,33.54,16,73.6,47.1,0.744,0.471,"wdbkwtdata.inc","FIADB REF_SPECIES to NBEL BM_REF_SPECIES to NVEL wdbkwtdata.inc","2023-10-16","38548071d5aa652bb90c7f111f86b427f798a1c9"
408,1,9,38.69,38.69,68.88,56.74,16,75,44.9,0.744,0.471,"wdbkwtdata.inc","FIADB REF_SPECIES to NBEL BM_REF_SPECIES to NVEL wdbkwtdata.inc","2023-10-16","38548071d5aa652bb90c7f111f86b427f798a1c9"
409,1,9,39.94,37.44,62.77,60.25,16,74.6,45.9,0.744,0.471,"wdbkwtdata.inc","FIADB REF_SPECIES to NBEL BM_REF_SPECIES to NVEL wdbkwtdata.inc","2023-10-16","38548071d5aa652bb90c7f111f86b427f798a1c9"
410,1,9,38.69,38.69,68.88,56.74,16,75,44.9,0.744,0.471,"wdbkwtdata.inc","FIADB REF_SPECIES to NBEL BM_REF_SPECIES to NVEL wdbkwtdata.inc","2023-10-16","38548071d5aa652bb90c7f111f86b427f798a1c9"
411,1,9,38.69,38.69,68.88,56.74,16,75,44.9,0.744,0.471,"wdbkwtdata.inc","FIADB REF_SPECIES to NBEL BM_REF_SPECIES to NVEL wdbkwtdata.inc","2023-10-16","38548071d5aa652bb90c7f111f86b427f798a1c9"
412,1,9,38.69,38.69,68.88,56.74,16,75,44.9,0.744,0.471,"wdbkwtdata.inc","FIADB REF_SPECIES to NBEL BM_REF_SPECIES to NVEL wdbkwtdata.inc","2023-10-16","38548071d5aa652bb90c7f111f86b427f798a1c9"
413,1,9,38.69,38.69,68.88,56.74,16,75,44.9,0.744,0.471,"wdbkwtdata.inc","FIADB REF_SPECIES to NBEL BM_REF_SPECIES to NVEL wdbkwtdata.inc","2023-10-16","38548071d5aa652bb90c7f111f86b427f798a1c9"
420,1,8,24.96,31.2,120,89,15,63.8,29.6,0.84,0.479,"wdbkwtdata.inc","FIADB REF_SPECIES to NBEL BM_REF_SPECIES to NVEL wdbkwtdata.inc","2023-10-16","38548071d5aa652bb90c7f111f86b427f798a1c9"
421,1,8,24.96,31.2,120.35,89.1,15,63.8,29.6,0.84,0.464,"wdbkwtdata.inc","FIADB REF_SPECIES to NBEL BM_REF_SPECIES to NVEL wdbkwtdata.inc","2023-10-16","38548071d5aa652bb90c7f111f86b427f798a1c9"
422,1,8,24.96,31.2,120,89,15,63.8,29.6,0.792,0.479,"wdbkwtdata.inc","FIADB REF_SPECIES to NBEL BM_REF_SPECIES to NVEL wdbkwtdata.inc","2023-10-16","38548071d5aa652bb90c7f111f86b427f798a1c9"
423,1,8,24.96,31.2,120,89,15,63.8,29.6,0.84,0.479,"wdbkwtdata.inc","FIADB REF_SPECIES to NBEL BM_REF_SPECIES to NVEL wdbkwtdata.inc","2023-10-16","38548071d5aa652bb90c7f111f86b427f798a1c9"
424,1,8,24.96,31.2,120,89,15,63.8,29.6,0.84,0.479,"wdbkwtdata.inc","FIADB REF_SPECIES to NBEL BM_REF_SPECIES to NVEL wdbkwtdata.inc","2023-10-16","38548071d5aa652bb90c7f111f86b427f798a1c9"
431,1,8,26.21,26.21,132.76,90.79,12,67,29.4,0.964,0.478,"wdbkwtdata.inc","FIADB REF_SPECIES to NBEL BM_REF_SPECIES to NVEL wdbkwtdata.inc","2023-10-16","38548071d5aa652bb90c7f111f86b427f798a1c9"
450,1,8,23.71,31.2,73,89,15,49.9,28.4,0.932,0.48,"wdbkwtdata.inc","FIADB REF_SPECIES to NBEL BM_REF_SPECIES to NVEL wdbkwtdata.inc","2023-10-16","38548071d5aa652bb90c7f111f86b427f798a1c9"
451,1,8,23.71,31.2,73,89,15,49.9,28.4,0.84,0.469,"wdbkwtdata.inc","FIADB REF_SPECIES to NBEL BM_REF_SPECIES to NVEL wdbkwtdata.inc","2023-10-16","38548071d5aa652bb90c7f111f86b427f798a1c9"
452,1,8,23.71,31.2,72.92,89.1,15,49.9,28.4,0.792,0.48,"wdbkwtdata.inc","FIADB REF_SPECIES to NBEL BM_REF_SPECIES to NVEL wdbkwtdata.inc","2023-10-16","38548071d5aa652bb90c7f111f86b427f798a1c9"
460,1,8,30.58,30.58,64,90,15,58.9,35.2,0.792,0.476,"wdbkwtdata.inc","FIADB REF_SPECIES to NBEL BM_REF_SPECIES to NVEL wdbkwtdata.inc","2023-10-16","38548071d5aa652bb90c7f111f86b427f798a1c9"
461,1,8,30.58,30.58,64,90,15,58.9,35.2,0.792,0.448,"wdbkwtdata.inc","FIADB REF_SPECIES to NBEL BM_REF_SPECIES to NVEL wdbkwtdata.inc","2023-10-16","38548071d5aa652bb90c7f111f86b427f798a1c9"
462,1,8,30.58,30.58,63.53,89.69,15,58.7,35.2,0.792,0.476,"wdbkwtdata.inc","FIADB REF_SPECIES to NBEL BM_REF_SPECIES to NVEL wdbkwtdata.inc","2023-10-16","38548071d5aa652bb90c7f111f86b427f798a1c9"
463,1,8,30.58,30.58,64,90,15,58.9,35.2,0.792,0.448,"wdbkwtdata.inc","FIADB REF_SPECIES to NBEL BM_REF_SPECIES to NVEL wdbkwtdata.inc","2023-10-16","38548071d5aa652bb90c7f111f86b427f798a1c9"
471,1,8,32.45,33.07,75.13,80.49,15.16,65.9,37.5,0.84,0.438,"wdbkwtdata.inc","FIADB REF_SPECIES to NBEL BM_REF_SPECIES to NVEL wdbkwtdata.inc","2023-10-16","38548071d5aa652bb90c7f111f86b427f798a1c9"
475,1,10,32.45,33.07,75.13,80.49,15.16,65.9,37.5,0.651,0.475,"wdbkwtdata.inc","FIADB REF_SPECIES to NBEL BM_REF_SPECIES to NVEL wdbkwtdata.inc","2023-10-16","38548071d5aa652bb90c7f111f86b427f798a1c9"
481,1,8,32.45,33.07,75.13,80.49,15.16,65.9,37.5,0.84,0.475,"wdbkwtdata.inc","FIADB REF_SPECIES to NBEL BM_REF_SPECIES to NVEL wdbkwtdata.inc","2023-10-16","38548071d5aa652bb90c7f111f86b427f798a1c9"
490,1,8,38.06,36.19,39.5,91,15,63.5,43.5,0.84,0.472,"wdbkwtdata.inc","FIADB REF_SPECIES to NBEL BM_REF_SPECIES to NVEL wdbkwtdata.inc","2023-10-16","38548071d5aa652bb90c7f111f86b427f798a1c9"
491,1,8,39.94,36.19,32.72,90.66,15,63.4,45.4,0.932,0.459,"wdbkwtdata.inc","FIADB REF_SPECIES to NBEL BM_REF_SPECIES to NVEL wdbkwtdata.inc","2023-10-16","38548071d5aa652bb90c7f111f86b427f798a1c9"
492,1,8,36.19,36.19,46.45,90.66,15,63.4,41.6,0.964,0.473,"wdbkwtdata.inc","FIADB REF_SPECIES to NBEL BM_REF_SPECIES to NVEL wdbkwtdata.inc","2023-10-16","38548071d5aa652bb90c7f111f86b427f798a1c9"
500,1,8,32.45,33.07,75.13,80.49,15.16,65.9,37.5,0.84,0.475,"wdbkwtdata.inc","FIADB REF_SPECIES to NBEL BM_REF_SPECIES to NVEL wdbkwtdata.inc","2023-10-16","38548071d5aa652bb90c7f111f86b427f798a1c9"
501,1,8,32.45,33.07,75.13,80.49,15.16,65.9,37.5,0.84,0.475,"wdbkwtdata.inc","FIADB REF_SPECIES to NBEL BM_REF_SPECIES to NVEL wdbkwtdata.inc","2023-10-16","38548071d5aa652bb90c7f111f86b427f798a1c9"
502,1,8,32.45,33.07,75.13,80.49,15.16,65.9,37.5,0.84,0.475,"wdbkwtdata.inc","FIADB REF_SPECIES to NBEL BM_REF_SPECIES to NVEL wdbkwtdata.inc","2023-10-16","38548071d5aa652bb90c7f111f86b427f798a1c9"
503,1,8,32.45,33.07,75.13,80.49,15.16,65.9,37.5,0.84,0.475,"wdbkwtdata.inc","FIADB REF_SPECIES to NBEL BM_REF_SPECIES to NVEL wdbkwtdata.inc","2023-10-16","38548071d5aa652bb90c7f111f86b427f798a1c9"
504,1,8,32.45,33.07,75.13,80.49,15.16,65.9,37.5,0.84,0.475,"wdbkwtdata.inc","FIADB REF_SPECIES to NBEL BM_REF_SPECIES to NVEL wdbkwtdata.inc","2023-10-16","38548071d5aa652bb90c7f111f86b427f798a1c9"
505,1,8,32.45,33.07,75.13,80.49,15.16,65.9,37.5,0.84,0.475,"wdbkwtdata.inc","FIADB REF_SPECIES to NBEL BM_REF_SPECIES to NVEL wdbkwtdata.inc","2023-10-16","38548071d5aa652bb90c7f111f86b427f798a1c9"
506,1,8,32.45,33.07,75.13,80.49,15.16,65.9,37.5,0.84,0.475,"wdbkwtdata.inc","FIADB REF_SPECIES to NBEL BM_REF_SPECIES to NVEL wdbkwtdata.inc","2023-10-16","38548071d5aa652bb90c7f111f86b427f798a1c9"
507,1,8,32.45,33.07,75.13,80.49,15.16,65.9,37.5,0.84,0.475,"wdbkwtdata.inc","FIADB REF_SPECIES to NBEL BM_REF_SPECIES to NVEL wdbkwtdata.inc","2023-10-16","38548071d5aa652bb90c7f111f86b427f798a1c9"
508,1,8,32.45,33.07,75.13,80.49,15.16,65.9,37.5,0.84,0.475,"wdbkwtdata.inc","FIADB REF_SPECIES to NBEL BM_REF_SPECIES to NVEL wdbkwtdata.inc","2023-10-16","38548071d5aa652bb90c7f111f86b427f798a1c9"
509,1,8,32.45,33.07,75.13,80.49,15.16,65.9,37.5,0.84,0.475,"wdbkwtdata.inc","FIADB REF_SPECIES to NBEL BM_REF_SPECIES to NVEL wdbkwtdata.inc","2023-10-16","38548071d5aa652bb90c7f111f86b427f798a1c9"
510,1,8,32.45,33.07,75.13,80.49,15.16,65.9,37.5,0.932,0.475,"wdbkwtdata.inc","FIADB REF_SPECIES to NBEL BM_REF_SPECIES to NVEL wdbkwtdata.inc","2023-10-16","38548071d5aa652bb90c7f111f86b427f798a1c9"
511,1,8,32.45,33.07,75.13,80.49,15.16,65.9,37.5,0.964,0.478,"wdbkwtdata.inc","FIADB REF_SPECIES to NBEL BM_REF_SPECIES to NVEL wdbkwtdata.inc","2023-10-16","38548071d5aa652bb90c7f111f86b427f798a1c9"
512,1,8,32.45,33.07,75.13,80.49,15.16,65.9,37.5,0.84,0.454,"wdbkwtdata.inc","FIADB REF_SPECIES to NBEL BM_REF_SPECIES to NVEL wdbkwtdata.inc","2023-10-16","38548071d5aa652bb90c7f111f86b427f798a1c9"
513,1,8,32.45,33.07,75.13,80.49,15.16,65.9,37.5,0.932,0.475,"wdbkwtdata.inc","FIADB REF_SPECIES to NBEL BM_REF_SPECIES to NVEL wdbkwtdata.inc","2023-10-16","38548071d5aa652bb90c7f111f86b427f798a1c9"
514,1,8,32.45,33.07,75.13,80.49,15.16,65.9,37.5,0.84,0.475,"wdbkwtdata.inc","FIADB REF_SPECIES to NBEL BM_REF_SPECIES to NVEL wdbkwtdata.inc","2023-10-16","38548071d5aa652bb90c7f111f86b427f798a1c9"
520,1,8,39.94,31.2,58,89,15,71.9,44.6,0.84,0.471,"wdbkwtdata.inc","FIADB REF_SPECIES to NBEL BM_REF_SPECIES to NVEL wdbkwtdata.inc","2023-10-16","38548071d5aa652bb90c7f111f86b427f798a1c9"
521,1,8,39.94,31.2,57.75,89.1,15,71.8,44.6,0.932,0.471,"wdbkwtdata.inc","FIADB REF_SPECIES to NBEL BM_REF_SPECIES to NVEL wdbkwtdata.inc","2023-10-16","38548071d5aa652bb90c7f111f86b427f798a1c9"
522,1,8,39.94,31.2,58,89,15,71.9,44.6,0.84,0.471,"wdbkwtdata.inc","FIADB REF_SPECIES to NBEL BM_REF_SPECIES to NVEL wdbkwtdata.inc","2023-10-16","38548071d5aa652bb90c7f111f86b427f798a1c9"
523,1,10,32.45,33.07,75.13,80.49,15.16,65.9,37.5,0.84,0.475,"wdbkwtdata.inc","FIADB REF_SPECIES to NBEL BM_REF_SPECIES to NVEL wdbkwtdata.inc","2023-10-16","38548071d5aa652bb90c7f111f86b427f798a1c9"
531,1,9,34.94,41.81,54.54,88.96,6,58.7,37.5,0.632,0.478,"wdbkwtdata.inc","FIADB REF_SPECIES to NBEL BM_REF_SPECIES to NVEL wdbkwtdata.inc","2023-10-16","38548071d5aa652bb90c7f111f86b427f798a1c9"
540,1,8,31.82,28.7,61,86,16,59.8,36.4,0.936,0.475,"wdbkwtdata.inc","FIADB REF_SPECIES to NBEL BM_REF_SPECIES to NVEL wdbkwtdata.inc","2023-10-16","38548071d5aa652bb90c7f111f86b427f798a1c9"
541,1,8,34.32,31.2,45.69,89.1,16,59.4,39.3,0.936,0.474,"wdbkwtdata.inc","FIADB REF_SPECIES to NBEL BM_REF_SPECIES to NVEL wdbkwtdata.inc","2023-10-16","38548071d5aa652bb90c7f111f86b427f798a1c9"
542,1,8,31.2,31.2,60.26,89.1,16,59.4,36.2,0.964,0.476,"wdbkwtdata.inc","FIADB REF_SPECIES to NBEL BM_REF_SPECIES to NVEL wdbkwtdata.inc","2023-10-16","38548071d5aa652bb90c7f111f86b427f798a1c9"
543,1,8,28.08,26.83,85.18,90.07,16,60.2,32.4,0.936,0.48,"wdbkwtdata.inc","FIADB REF_SPECIES to NBEL BM_REF_SPECIES to NVEL wdbkwtdata.inc","2023-10-16","38548071d5aa652bb90c7f111f86b427f798a1c9"
544,1,8,33.07,29.95,57.23,70.27,16,60.2,37.9,0.936,0.486,"wdbkwtdata.inc","FIADB REF_SPECIES to NBEL BM_REF_SPECIES to NVEL wdbkwtdata.inc","2023-10-16","38548071d5aa652bb90c7f111f86b427f798a1c9"
545,1,8,29.95,28.08,66.94,88.76,16,58.5,34.4,0.936,0.476,"wdbkwtdata.inc","FIADB REF_SPECIES to NBEL BM_REF_SPECIES to NVEL wdbkwtdata.inc","2023-10-16","38548071d5aa652bb90c7f111f86b427f798a1c9"
546,1,8,33.07,24.34,51.19,89.03,16,57.4,37,0.936,0.474,"wdbkwtdata.inc","FIADB REF_SPECIES to NBEL BM_REF_SPECIES to NVEL wdbkwtdata.inc","2023-10-16","38548071d5aa652bb90c7f111f86b427f798a1c9"
547,1,8,31.82,28.7,61,86,16,59.8,36.4,0.964,0.475,"wdbkwtdata.inc","FIADB REF_SPECIES to NBEL BM_REF_SPECIES to NVEL wdbkwtdata.inc","2023-10-16","38548071d5aa652bb90c7f111f86b427f798a1c9"
548,1,8,31.82,28.7,61,86,16,59.8,36.4,0.936,0.475,"wdbkwtdata.inc","FIADB REF_SPECIES to NBEL BM_REF_SPECIES to NVEL wdbkwtdata.inc","2023-10-16","38548071d5aa652bb90c7f111f86b427f798a1c9"
549,1,8,31.82,28.7,61,86,16,59.8,36.4,0.936,0.475,"wdbkwtdata.inc","FIADB REF_SPECIES to NBEL BM_REF_SPECIES to NVEL wdbkwtdata.inc","2023-10-16","38548071d5aa652bb90c7f111f86b427f798a1c9"
550,1,8,37.44,31.2,60,89,15,68.7,42.1,0.932,0.472,"wdbkwtdata.inc","FIADB REF_SPECIES to NBEL BM_REF_SPECIES to NVEL wdbkwtdata.inc","2023-10-16","38548071d5aa652bb90c7f111f86b427f798a1c9"
551,1,8,37.44,31.2,60,89,15,68.7,42.1,0.932,0.472,"wdbkwtdata.inc","FIADB REF_SPECIES to NBEL BM_REF_SPECIES to NVEL wdbkwtdata.inc","2023-10-16","38548071d5aa652bb90c7f111f86b427f798a1c9"
552,1,8,37.44,31.2,60.25,89.1,15,68.8,42.1,0.932,0.423,"wdbkwtdata.inc","FIADB REF_SPECIES to NBEL BM_REF_SPECIES to NVEL wdbkwtdata.inc","2023-10-16","38548071d5aa652bb90c7f111f86b427f798a1c9"
555,1,8,32.45,33.07,75.13,80.49,15.16,65.9,37.5,0.792,0.475,"wdbkwtdata.inc","FIADB REF_SPECIES to NBEL BM_REF_SPECIES to NVEL wdbkwtdata.inc","2023-10-16","38548071d5aa652bb90c7f111f86b427f798a1c9"
561,1,8,32.45,33.07,75.13,80.49,15.16,65.9,37.5,0.84,0.475,"wdbkwtdata.inc","FIADB REF_SPECIES to NBEL BM_REF_SPECIES to NVEL wdbkwtdata.inc","2023-10-16","38548071d5aa652bb90c7f111f86b427f798a1c9"
571,1,8,33.07,31.2,51.19,60.26,15,57.5,37.8,0.932,0.474,"wdbkwtdata.inc","FIADB REF_SPECIES to NBEL BM_REF_SPECIES to NVEL wdbkwtdata.inc","2023-10-16","38548071d5aa652bb90c7f111f86b427f798a1c9"
580,1,8,26.21,31.2,67.88,89.1,15,52.8,30.9,0.792,0.478,"wdbkwtdata.inc","FIADB REF_SPECIES to NBEL BM_REF_SPECIES to NVEL wdbkwtdata.inc","2023-10-16","38548071d5aa652bb90c7f111f86b427f798a1c9"
581,1,8,26.21,31.2,68,89,15,52.9,30.9,0.792,0.478,"wdbkwtdata.inc","FIADB REF_SPECIES to NBEL BM_REF_SPECIES to NVEL wdbkwtdata.inc","2023-10-16","38548071d5aa652bb90c7f111f86b427f798a1c9"
582,1,8,26.21,31.2,68,89,15,52.9,30.9,0.792,0.478,"wdbkwtdata.inc","FIADB REF_SPECIES to NBEL BM_REF_SPECIES to NVEL wdbkwtdata.inc","2023-10-16","38548071d5aa652bb90c7f111f86b427f798a1c9"
583,1,8,26.21,31.2,68,89,15,52.9,30.9,0.792,0.478,"wdbkwtdata.inc","FIADB REF_SPECIES to NBEL BM_REF_SPECIES to NVEL wdbkwtdata.inc","2023-10-16","38548071d5aa652bb90c7f111f86b427f798a1c9"
591,1,8,31.2,31.2,82.7,89.1,15,65.9,35.9,0.932,0.527,"wdbkwtdata.inc","FIADB REF_SPECIES to NBEL BM_REF_SPECIES to NVEL wdbkwtdata.inc","2023-10-16","38548071d5aa652bb90c7f111f86b427f798a1c9"
600,1,8,27.46,23.09,92,88.5,15,59.2,30.9,0.792,0.478,"wdbkwtdata.inc","FIADB REF_SPECIES to NBEL BM_REF_SPECIES to NVEL wdbkwtdata.inc","2023-10-16","38548071d5aa652bb90c7f111f86b427f798a1c9"
601,1,8,22.46,24.96,104.78,88.3,15,53.1,26.2,0.792,0.485,"wdbkwtdata.inc","FIADB REF_SPECIES to NBEL BM_REF_SPECIES to NVEL wdbkwtdata.inc","2023-10-16","38548071d5aa652bb90c7f111f86b427f798a1c9"
602,1,8,31.82,20.59,79.12,89.39,15,62.9,34.9,0.872,0.467,"wdbkwtdata.inc","FIADB REF_SPECIES to NBEL BM_REF_SPECIES to NVEL wdbkwtdata.inc","2023-10-16","38548071d5aa652bb90c7f111f86b427f798a1c9"
603,1,8,27.46,23.09,92,88.5,15,59.2,30.9,0.964,0.478,"wdbkwtdata.inc","FIADB REF_SPECIES to NBEL BM_REF_SPECIES to NVEL wdbkwtdata.inc","2023-10-16","38548071d5aa652bb90c7f111f86b427f798a1c9"
604,1,8,27.46,23.09,92,88.5,15,59.2,30.9,0.964,0.478,"wdbkwtdata.inc","FIADB REF_SPECIES to NBEL BM_REF_SPECIES to NVEL wdbkwtdata.inc","2023-10-16","38548071d5aa652bb90c7f111f86b427f798a1c9"
605,1,8,27.46,23.09,92,88.5,15,59.2,30.9,0.792,0.478,"wdbkwtdata.inc","FIADB REF_SPECIES to NBEL BM_REF_SPECIES to NVEL wdbkwtdata.inc","2023-10-16","38548071d5aa652bb90c7f111f86b427f798a1c9"
606,1,8,27.46,23.09,92,88.5,15,59.2,30.9,0.964,0.42,"wdbkwtdata.inc","FIADB REF_SPECIES to NBEL BM_REF_SPECIES to NVEL wdbkwtdata.inc","2023-10-16","38548071d5aa652bb90c7f111f86b427f798a1c9"
611,1,8,28.7,26.21,74.2,90.79,15,57.5,32.6,0.749,0.445,"wdbkwtdata.inc","FIADB REF_SPECIES to NBEL BM_REF_SPECIES to NVEL wdbkwtdata.inc","2023-10-16","38548071d5aa652bb90c7f111f86b427f798a1c9"
621,1,8,24.96,23.71,95,123.53,18,58.2,29.2,0.852,0.457,"wdbkwtdata.inc","FIADB REF_SPECIES to NBEL BM_REF_SPECIES to NVEL wdbkwtdata.inc","2023-10-16","38548071d5aa652bb90c7f111f86b427f798a1c9"
631,1,8,36.19,38.69,79.6,60.26,19,76.8,43.5,0.964,0.473,"wdbkwtdata.inc","FIADB REF_SPECIES to NBEL BM_REF_SPECIES to NVEL wdbkwtdata.inc","2023-10-16","38548071d5aa652bb90c7f111f86b427f798a1c9"
641,1,8,47.42,37.44,30.74,60.25,15,71,53,0.84,0.466,"wdbkwtdata.inc","FIADB REF_SPECIES to NBEL BM_REF_SPECIES to NVEL wdbkwtdata.inc","2023-10-16","38548071d5aa652bb90c7f111f86b427f798a1c9"
650,1,8,26.83,27.46,91.75,92.75,15,59.4,31,0.792,0.478,"wdbkwtdata.inc","FIADB REF_SPECIES to NBEL BM_REF_SPECIES to NVEL wdbkwtdata.inc","2023-10-16","38548071d5aa652bb90c7f111f86b427f798a1c9"
651,1,8,27.46,27.46,78.48,89.39,15,56.8,31.6,0.792,0.478,"wdbkwtdata.inc","FIADB REF_SPECIES to NBEL BM_REF_SPECIES to NVEL wdbkwtdata.inc","2023-10-16","38548071d5aa652bb90c7f111f86b427f798a1c9"
652,1,8,28.7,27.46,106,89,15,66.9,32.8,0.792,0.436,"wdbkwtdata.inc","FIADB REF_SPECIES to NBEL BM_REF_SPECIES to NVEL wdbkwtdata.inc","2023-10-16","38548071d5aa652bb90c7f111f86b427f798a1c9"
653,1,8,26.21,27.46,86.98,103.95,15,57.4,30.3,0.792,0.478,"wdbkwtdata.inc","FIADB REF_SPECIES to NBEL BM_REF_SPECIES to NVEL wdbkwtdata.inc","2023-10-16","38548071d5aa652bb90c7f111f86b427f798a1c9"
654,1,8,26.83,27.46,91.75,92.75,15,59.4,31,0.84,0.465,"wdbkwtdata.inc","FIADB REF_SPECIES to NBEL BM_REF_SPECIES to NVEL wdbkwtdata.inc","2023-10-16","38548071d5aa652bb90c7f111f86b427f798a1c9"
655,1,8,24.96,27.46,96.32,89.39,15,56.8,29.1,0.792,0.479,"wdbkwtdata.inc","FIADB REF_SPECIES to NBEL BM_REF_SPECIES to NVEL wdbkwtdata.inc","2023-10-16","38548071d5aa652bb90c7f111f86b427f798a1c9"
657,1,8,26.83,27.46,91.75,92.75,15,59.4,31,0.792,0.478,"wdbkwtdata.inc","FIADB REF_SPECIES to NBEL BM_REF_SPECIES to NVEL wdbkwtdata.inc","2023-10-16","38548071d5aa652bb90c7f111f86b427f798a1c9"
658,1,8,26.83,27.46,91.75,92.75,15,59.4,31,0.792,0.474,"wdbkwtdata.inc","FIADB REF_SPECIES to NBEL BM_REF_SPECIES to NVEL wdbkwtdata.inc","2023-10-16","38548071d5aa652bb90c7f111f86b427f798a1c9"
660,1,8,38.06,31.2,78,69.88,15,75.7,42.7,0.84,0.472,"wdbkwtdata.inc","FIADB REF_SPECIES to NBEL BM_REF_SPECIES to NVEL wdbkwtdata.inc","2023-10-16","38548071d5aa652bb90c7f111f86b427f798a1c9"
661,1,8,38.06,31.2,78,70,15,75.7,42.7,0.964,0.472,"wdbkwtdata.inc","FIADB REF_SPECIES to NBEL BM_REF_SPECIES to NVEL wdbkwtdata.inc","2023-10-16","38548071d5aa652bb90c7f111f86b427f798a1c9"
662,1,8,38.06,31.2,78,70,15,75.7,42.7,0.84,0.472,"wdbkwtdata.inc","FIADB REF_SPECIES to NBEL BM_REF_SPECIES to NVEL wdbkwtdata.inc","2023-10-16","38548071d5aa652bb90c7f111f86b427f798a1c9"
663,1,8,38.06,31.2,78,70,15,75.7,42.7,0.84,0.472,"wdbkwtdata.inc","FIADB REF_SPECIES to NBEL BM_REF_SPECIES to NVEL wdbkwtdata.inc","2023-10-16","38548071d5aa652bb90c7f111f86b427f798a1c9"
664,1,8,38.06,31.2,78,70,15,75.7,42.7,0.84,0.472,"wdbkwtdata.inc","FIADB REF_SPECIES to NBEL BM_REF_SPECIES to NVEL wdbkwtdata.inc","2023-10-16","38548071d5aa652bb90c7f111f86b427f798a1c9"
680,1,8,32.45,33.07,75.13,80.49,15.16,65.9,37.5,0.932,0.475,"wdbkwtdata.inc","FIADB REF_SPECIES to NBEL BM_REF_SPECIES to NVEL wdbkwtdata.inc","2023-10-16","38548071d5aa652bb90c7f111f86b427f798a1c9"
681,1,8,32.45,33.07,75.13,80.49,15.16,65.9,37.5,0.932,0.511,"wdbkwtdata.inc","FIADB REF_SPECIES to NBEL BM_REF_SPECIES to NVEL wdbkwtdata.inc","2023-10-16","38548071d5aa652bb90c7f111f86b427f798a1c9"
682,1,8,32.45,33.07,75.13,80.49,15.16,65.9,37.5,0.932,0.475,"wdbkwtdata.inc","FIADB REF_SPECIES to NBEL BM_REF_SPECIES to NVEL wdbkwtdata.inc","2023-10-16","38548071d5aa652bb90c7f111f86b427f798a1c9"
683,1,8,32.45,33.07,75.13,80.49,15.16,65.9,37.5,0.932,0.475,"wdbkwtdata.inc","FIADB REF_SPECIES to NBEL BM_REF_SPECIES to NVEL wdbkwtdata.inc","2023-10-16","38548071d5aa652bb90c7f111f86b427f798a1c9"
684,1,8,32.45,33.07,75.13,80.49,15.16,65.9,37.5,0.84,0.475,"wdbkwtdata.inc","FIADB REF_SPECIES to NBEL BM_REF_SPECIES to NVEL wdbkwtdata.inc","2023-10-16","38548071d5aa652bb90c7f111f86b427f798a1c9"
690,1,8,28.7,31.82,98,76.5,14,64.7,33.2,0.841,0.477,"wdbkwtdata.inc","FIADB REF_SPECIES to NBEL BM_REF_SPECIES to NVEL wdbkwtdata.inc","2023-10-16","38548071d5aa652bb90c7f111f86b427f798a1c9"
691,1,8,28.7,36.19,95.09,82.36,14,65.2,33.8,0.841,0.477,"wdbkwtdata.inc","FIADB REF_SPECIES to NBEL BM_REF_SPECIES to NVEL wdbkwtdata.inc","2023-10-16","38548071d5aa652bb90c7f111f86b427f798a1c9"
692,1,8,28.7,31.82,98,76.5,14,64.7,33.2,0.84,0.477,"wdbkwtdata.inc","FIADB REF_SPECIES to NBEL BM_REF_SPECIES to NVEL wdbkwtdata.inc","2023-10-16","38548071d5aa652bb90c7f111f86b427f798a1c9"
693,1,8,28.7,27.46,101,71.18,14,64.3,32.5,0.841,0.451,"wdbkwtdata.inc","FIADB REF_SPECIES to NBEL BM_REF_SPECIES to NVEL wdbkwtdata.inc","2023-10-16","38548071d5aa652bb90c7f111f86b427f798a1c9"
694,1,8,28.7,31.82,98,76.5,14,64.7,33.2,0.841,0.477,"wdbkwtdata.inc","FIADB REF_SPECIES to NBEL BM_REF_SPECIES to NVEL wdbkwtdata.inc","2023-10-16","38548071d5aa652bb90c7f111f86b427f798a1c9"
701,1,8,39.31,31.2,52.62,89.1,15,68.8,44,0.84,0.471,"wdbkwtdata.inc","FIADB REF_SPECIES to NBEL BM_REF_SPECIES to NVEL wdbkwtdata.inc","2023-10-16","38548071d5aa652bb90c7f111f86b427f798a1c9"
711,1,8,31.2,37.44,69.88,60.25,15,62,36.8,0.84,0.476,"wdbkwtdata.inc","FIADB REF_SPECIES to NBEL BM_REF_SPECIES to NVEL wdbkwtdata.inc","2023-10-16","38548071d5aa652bb90c7f111f86b427f798a1c9"
712,1,8,32.45,33.07,75.13,80.49,15.16,65.9,37.5,0.792,0.475,"wdbkwtdata.inc","FIADB REF_SPECIES to NBEL BM_REF_SPECIES to NVEL wdbkwtdata.inc","2023-10-16","38548071d5aa652bb90c7f111f86b427f798a1c9"
715,1,8,46.8,46.8,0,0,0,46.8,46.8,0,0.467,"wdbkwtdata.inc","FIADB REF_SPECIES to NBEL BM_REF_SPECIES to NVEL wdbkwtdata.inc","2023-10-16","38548071d5aa652bb90c7f111f86b427f798a1c9"
718,1,8,23.09,23.09,0,0,0,23.1,23.1,0,0.48,"wdbkwtdata.inc","FIADB REF_SPECIES to NBEL BM_REF_SPECIES to NVEL wdbkwtdata.inc","2023-10-16","38548071d5aa652bb90c7f111f86b427f798a1c9"
720,1,8,32.45,33.07,75.13,80.49,15.16,65.9,37.5,0.84,0.475,"wdbkwtdata.inc","FIADB REF_SPECIES to NBEL BM_REF_SPECIES to NVEL wdbkwtdata.inc","2023-10-16","38548071d5aa652bb90c7f111f86b427f798a1c9"
721,1,8,32.45,33.07,75.13,80.49,15.16,65.9,37.5,0.792,0.475,"wdbkwtdata.inc","FIADB REF_SPECIES to NBEL BM_REF_SPECIES to NVEL wdbkwtdata.inc","2023-10-16","38548071d5aa652bb90c7f111f86b427f798a1c9"
722,1,8,32.45,33.07,75.13,80.49,15.16,65.9,37.5,0.84,0.475,"wdbkwtdata.inc","FIADB REF_SPECIES to NBEL BM_REF_SPECIES to NVEL wdbkwtdata.inc","2023-10-16","38548071d5aa652bb90c7f111f86b427f798a1c9"
729,1,8,28.7,37.44,81,84,8,57.5,31.7,0.792,0.477,"wdbkwtdata.inc","FIADB REF_SPECIES to NBEL BM_REF_SPECIES to NVEL wdbkwtdata.inc","2023-10-16","38548071d5aa652bb90c7f111f86b427f798a1c9"
730,1,8,28.7,37.44,81,84,8,57.5,31.7,0.964,0.477,"wdbkwtdata.inc","FIADB REF_SPECIES to NBEL BM_REF_SPECIES to NVEL wdbkwtdata.inc","2023-10-16","38548071d5aa652bb90c7f111f86b427f798a1c9"
731,1,8,28.7,37.44,81.15,84.3,8,57.5,31.7,0.792,0.493,"wdbkwtdata.inc","FIADB REF_SPECIES to NBEL BM_REF_SPECIES to NVEL wdbkwtdata.inc","2023-10-16","38548071d5aa652bb90c7f111f86b427f798a1c9"
732,1,8,28.7,37.44,81,84,8,57.5,31.7,0.964,0.477,"wdbkwtdata.inc","FIADB REF_SPECIES to NBEL BM_REF_SPECIES to NVEL wdbkwtdata.inc","2023-10-16","38548071d5aa652bb90c7f111f86b427f798a1c9"
740,1,6,21.84,28.7,106.33,87.67,18.44,55,27.1,0.691,0.481,"wdbkwtdata.inc","FIADB REF_SPECIES to NBEL BM_REF_SPECIES to NVEL wdbkwtdata.inc","2023-10-16","38548071d5aa652bb90c7f111f86b427f798a1c9"
741,1,6,19.34,31.2,106.77,85.9,22,52.8,26.2,0.691,0.482,"wdbkwtdata.inc","FIADB REF_SPECIES to NBEL BM_REF_SPECIES to NVEL wdbkwtdata.inc","2023-10-16","38548071d5aa652bb90c7f111f86b427f798a1c9"
742,1,6,23.09,23.71,116.57,56.03,22,58.1,28.3,0.691,0.468,"wdbkwtdata.inc","FIADB REF_SPECIES to NBEL BM_REF_SPECIES to NVEL wdbkwtdata.inc","2023-10-16","38548071d5aa652bb90c7f111f86b427f798a1c9"
743,1,6,22.46,36.82,91.42,90.14,14.4,53.1,27.8,0.691,0.48,"wdbkwtdata.inc","FIADB REF_SPECIES to NBEL BM_REF_SPECIES to NVEL wdbkwtdata.inc","2023-10-16","38548071d5aa652bb90c7f111f86b427f798a1c9"
744,1,6,21.84,28.7,106.33,87.67,18.44,55,27.1,0.691,0.481,"wdbkwtdata.inc","FIADB REF_SPECIES to NBEL BM_REF_SPECIES to NVEL wdbkwtdata.inc","2023-10-16","38548071d5aa652bb90c7f111f86b427f798a1c9"
745,1,6,21.84,28.7,106.33,87.67,18.44,55,27.1,0.378,0.478,"wdbkwtdata.inc","FIADB REF_SPECIES to NBEL BM_REF_SPECIES to NVEL wdbkwtdata.inc","2023-10-16","38548071d5aa652bb90c7f111f86b427f798a1c9"
746,1,6,21.84,31.2,128.94,101.92,14.4,59.1,26.3,0.691,0.479,"wdbkwtdata.inc","FIADB REF_SPECIES to NBEL BM_REF_SPECIES to NVEL wdbkwtdata.inc","2023-10-16","38548071d5aa652bb90c7f111f86b427f798a1c9"
747,1,6,19.34,24.96,137.81,100.32,16.3,54.2,23.4,0.378,0.482,"wdbkwtdata.inc","FIADB REF_SPECIES to NBEL BM_REF_SPECIES to NVEL wdbkwtdata.inc","2023-10-16","38548071d5aa652bb90c7f111f86b427f798a1c9"
748,1,6,25.58,25.58,56.34,91.54,22,50.8,31.2,0.378,0.479,"wdbkwtdata.inc","FIADB REF_SPECIES to NBEL BM_REF_SPECIES to NVEL wdbkwtdata.inc","2023-10-16","38548071d5aa652bb90c7f111f86b427f798a1c9"
749,1,6,21.84,28.7,106.33,87.67,18.44,55,27.1,0.378,0.481,"wdbkwtdata.inc","FIADB REF_SPECIES to NBEL BM_REF_SPECIES to NVEL wdbkwtdata.inc","2023-10-16","38548071d5aa652bb90c7f111f86b427f798a1c9"
752,1,6,21.84,28.7,106.33,87.67,18.44,55,27.1,0.691,0.481,"wdbkwtdata.inc","FIADB REF_SPECIES to NBEL BM_REF_SPECIES to NVEL wdbkwtdata.inc","2023-10-16","38548071d5aa652bb90c7f111f86b427f798a1c9"
753,1,6,21.84,28.7,106.33,87.67,18.44,55,27.1,0.691,0.481,"wdbkwtdata.inc","FIADB REF_SPECIES to NBEL BM_REF_SPECIES to NVEL wdbkwtdata.inc","2023-10-16","38548071d5aa652bb90c7f111f86b427f798a1c9"
755,1,10,48.67,40.56,21.22,40.54,15,67.5,54.8,0.651,0.466,"wdbkwtdata.inc","FIADB REF_SPECIES to NBEL BM_REF_SPECIES to NVEL wdbkwtdata.inc","2023-10-16","38548071d5aa652bb90c7f111f86b427f798a1c9"
756,1,10,48.67,40.56,21,41,15,67.5,54.8,0.651,0.459,"wdbkwtdata.inc","FIADB REF_SPECIES to NBEL BM_REF_SPECIES to NVEL wdbkwtdata.inc","2023-10-16","38548071d5aa652bb90c7f111f86b427f798a1c9"
757,1,10,48.67,40.56,21,41,15,67.5,54.8,0.651,0.466,"wdbkwtdata.inc","FIADB REF_SPECIES to NBEL BM_REF_SPECIES to NVEL wdbkwtdata.inc","2023-10-16","38548071d5aa652bb90c7f111f86b427f798a1c9"
758,1,10,48.67,40.56,21,41,15,67.5,54.8,0.651,0.466,"wdbkwtdata.inc","FIADB REF_SPECIES to NBEL BM_REF_SPECIES to NVEL wdbkwtdata.inc","2023-10-16","38548071d5aa652bb90c7f111f86b427f798a1c9"
760,1,8,29.33,39.31,53,91,9.19,51.8,32.9,0.84,0.477,"wdbkwtdata.inc","FIADB REF_SPECIES to NBEL BM_REF_SPECIES to NVEL wdbkwtdata.inc","2023-10-16","38548071d5aa652bb90c7f111f86b427f798a1c9"
761,1,8,29.33,39.31,53,91,9.19,51.8,32.9,0.84,0.477,"wdbkwtdata.inc","FIADB REF_SPECIES to NBEL BM_REF_SPECIES to NVEL wdbkwtdata.inc","2023-10-16","38548071d5aa652bb90c7f111f86b427f798a1c9"
762,1,8,29.33,39.31,53.45,90.78,9.2,51.9,32.9,0.792,0.477,"wdbkwtdata.inc","FIADB REF_SPECIES to NBEL BM_REF_SPECIES to NVEL wdbkwtdata.inc","2023-10-16","38548071d5aa652bb90c7f111f86b427f798a1c9"
763,1,8,29.33,39.31,53,91,9.19,51.8,32.9,0.84,0.477,"wdbkwtdata.inc","FIADB REF_SPECIES to NBEL BM_REF_SPECIES to NVEL wdbkwtdata.inc","2023-10-16","38548071d5aa652bb90c7f111f86b427f798a1c9"
764,1,8,29.33,39.31,53,91,9.19,51.8,32.9,0.84,0.477,"wdbkwtdata.inc","FIADB REF_SPECIES to NBEL BM_REF_SPECIES to NVEL wdbkwtdata.inc","2023-10-16","38548071d5aa652bb90c7f111f86b427f798a1c9"
765,1,8,29.33,39.31,53,91,9.19,51.8,32.9,0.84,0.477,"wdbkwtdata.inc","FIADB REF_SPECIES to NBEL BM_REF_SPECIES to NVEL wdbkwtdata.inc","2023-10-16","38548071d5aa652bb90c7f111f86b427f798a1c9"
766,1,8,29.33,39.31,53,91,9.19,51.8,32.9,0.84,0.477,"wdbkwtdata.inc","FIADB REF_SPECIES to NBEL BM_REF_SPECIES to NVEL wdbkwtdata.inc","2023-10-16","38548071d5aa652bb90c7f111f86b427f798a1c9"
768,1,8,29.33,39.31,53,91,9.19,51.8,32.9,0.964,0.477,"wdbkwtdata.inc","FIADB REF_SPECIES to NBEL BM_REF_SPECIES to NVEL wdbkwtdata.inc","2023-10-16","38548071d5aa652bb90c7f111f86b427f798a1c9"
769,1,8,29.33,39.31,53,91,9.19,51.8,32.9,0.84,0.477,"wdbkwtdata.inc","FIADB REF_SPECIES to NBEL BM_REF_SPECIES to NVEL wdbkwtdata.inc","2023-10-16","38548071d5aa652bb90c7f111f86b427f798a1c9"
770,1,8,29.33,39.31,53,91,9.19,51.8,32.9,0.84,0.477,"wdbkwtdata.inc","FIADB REF_SPECIES to NBEL BM_REF_SPECIES to NVEL wdbkwtdata.inc","2023-10-16","38548071d5aa652bb90c7f111f86b427f798a1c9"
771,1,8,29.33,39.31,53,91,9.19,51.8,32.9,0.84,0.505,"wdbkwtdata.inc","FIADB REF_SPECIES to NBEL BM_REF_SPECIES to NVEL wdbkwtdata.inc","2023-10-16","38548071d5aa652bb90c7f111f86b427f798a1c9"
772,1,8,29.33,39.31,53,91,9.19,51.8,32.9,0.84,0.477,"wdbkwtdata.inc","FIADB REF_SPECIES to NBEL BM_REF_SPECIES to NVEL wdbkwtdata.inc","2023-10-16","38548071d5aa652bb90c7f111f86b427f798a1c9"
773,1,8,29.33,39.31,53,91,9.19,51.8,32.9,0.84,0.477,"wdbkwtdata.inc","FIADB REF_SPECIES to NBEL BM_REF_SPECIES to NVEL wdbkwtdata.inc","2023-10-16","38548071d5aa652bb90c7f111f86b427f798a1c9"
774,1,8,29.33,39.31,53,91,9.19,51.8,32.9,0.84,0.477,"wdbkwtdata.inc","FIADB REF_SPECIES to NBEL BM_REF_SPECIES to NVEL wdbkwtdata.inc","2023-10-16","38548071d5aa652bb90c7f111f86b427f798a1c9"
800,1,9,36.82,36.19,75.27,83,19.12,77.2,43.7,0.932,0.472,"wdbkwtdata.inc","FIADB REF_SPECIES to NBEL BM_REF_SPECIES to NVEL wdbkwtdata.inc","2023-10-16","38548071d5aa652bb90c7f111f86b427f798a1c9"
801,1,9,36.82,36.19,75.27,83,19.12,77.2,43.7,0.774,0.444,"wdbkwtdata.inc","FIADB REF_SPECIES to NBEL BM_REF_SPECIES to NVEL wdbkwtdata.inc","2023-10-16","38548071d5aa652bb90c7f111f86b427f798a1c9"
802,1,9,37.44,34.94,68.27,88.88,16,73.6,43,0.77,0.496,"wdbkwtdata.inc","FIADB REF_SPECIES to NBEL BM_REF_SPECIES to NVEL wdbkwtdata.inc","2023-10-16","38548071d5aa652bb90c7f111f86b427f798a1c9"
803,1,10,36.82,36.19,75.27,83,19.12,77.2,43.7,0.651,0.472,"wdbkwtdata.inc","FIADB REF_SPECIES to NBEL BM_REF_SPECIES to NVEL wdbkwtdata.inc","2023-10-16","38548071d5aa652bb90c7f111f86b427f798a1c9"
804,1,9,39.94,34.32,57.75,89.4,16,73.4,45.4,0.77,0.471,"wdbkwtdata.inc","FIADB REF_SPECIES to NBEL BM_REF_SPECIES to NVEL wdbkwtdata.inc","2023-10-16","38548071d5aa652bb90c7f111f86b427f798a1c9"
805,1,9,43.68,39.94,73.99,90.3,16,88.2,50.1,0.774,0.469,"wdbkwtdata.inc","FIADB REF_SPECIES to NBEL BM_REF_SPECIES to NVEL wdbkwtdata.inc","2023-10-16","38548071d5aa652bb90c7f111f86b427f798a1c9"
806,1,9,37.44,44.3,70.93,48.97,22,78.5,47.2,0.78,0.472,"wdbkwtdata.inc","FIADB REF_SPECIES to NBEL BM_REF_SPECIES to NVEL wdbkwtdata.inc","2023-10-16","38548071d5aa652bb90c7f111f86b427f798a1c9"
807,1,9,36.82,36.19,75.27,83,19.12,77.2,43.7,0.774,0.472,"wdbkwtdata.inc","FIADB REF_SPECIES to NBEL BM_REF_SPECIES to NVEL wdbkwtdata.inc","2023-10-16","38548071d5aa652bb90c7f111f86b427f798a1c9"
808,1,9,36.82,36.19,75.27,83,19.12,77.2,43.7,0.77,0.472,"wdbkwtdata.inc","FIADB REF_SPECIES to NBEL BM_REF_SPECIES to NVEL wdbkwtdata.inc","2023-10-16","38548071d5aa652bb90c7f111f86b427f798a1c9"
809,1,9,36.82,36.19,75.27,83,19.12,77.2,43.7,0.78,0.472,"wdbkwtdata.inc","FIADB REF_SPECIES to NBEL BM_REF_SPECIES to NVEL wdbkwtdata.inc","2023-10-16","38548071d5aa652bb90c7f111f86b427f798a1c9"
810,1,10,36.82,36.19,75.27,83,19.12,77.2,43.7,0.651,0.472,"wdbkwtdata.inc","FIADB REF_SPECIES to NBEL BM_REF_SPECIES to NVEL wdbkwtdata.inc","2023-10-16","38548071d5aa652bb90c7f111f86b427f798a1c9"
811,1,9,36.82,36.19,75.27,83,19.12,77.2,43.7,0.774,0.472,"wdbkwtdata.inc","FIADB REF_SPECIES to NBEL BM_REF_SPECIES to NVEL wdbkwtdata.inc","2023-10-16","38548071d5aa652bb90c7f111f86b427f798a1c9"
812,1,9,32.45,42.43,97.23,48.47,22,77.9,41.8,0.78,0.475,"wdbkwtdata.inc","FIADB REF_SPECIES to NBEL BM_REF_SPECIES to NVEL wdbkwtdata.inc","2023-10-16","38548071d5aa652bb90c7f111f86b427f798a1c9"
813,1,9,38.06,39.31,68.13,90.78,22,80.5,46.7,0.811,0.472,"wdbkwtdata.inc","FIADB REF_SPECIES to NBEL BM_REF_SPECIES to NVEL wdbkwtdata.inc","2023-10-16","38548071d5aa652bb90c7f111f86b427f798a1c9"
814,1,10,38.06,39.31,65.51,65.61,22,77.3,46.7,0.651,0.423,"wdbkwtdata.inc","FIADB REF_SPECIES to NBEL BM_REF_SPECIES to NVEL wdbkwtdata.inc","2023-10-16","38548071d5aa652bb90c7f111f86b427f798a1c9"
815,1,9,39.94,39.31,57.75,65.35,16,73.4,46.2,0.774,0.471,"wdbkwtdata.inc","FIADB REF_SPECIES to NBEL BM_REF_SPECIES to NVEL wdbkwtdata.inc","2023-10-16","38548071d5aa652bb90c7f111f86b427f798a1c9"
816,1,9,36.82,36.19,75.27,83,19.12,77.2,43.7,0.84,0.472,"wdbkwtdata.inc","FIADB REF_SPECIES to NBEL BM_REF_SPECIES to NVEL wdbkwtdata.inc","2023-10-16","38548071d5aa652bb90c7f111f86b427f798a1c9"
817,1,9,36.82,36.19,75.27,83,19.12,77.2,43.7,0.78,0.472,"wdbkwtdata.inc","FIADB REF_SPECIES to NBEL BM_REF_SPECIES to NVEL wdbkwtdata.inc","2023-10-16","38548071d5aa652bb90c7f111f86b427f798a1c9"
818,1,9,31.82,28.08,101.1,88.76,22,75.7,38,0.774,0.475,"wdbkwtdata.inc","FIADB REF_SPECIES to NBEL BM_REF_SPECIES to NVEL wdbkwtdata.inc","2023-10-16","38548071d5aa652bb90c7f111f86b427f798a1c9"
819,1,9,36.82,36.19,75.27,83,19.12,77.2,43.7,0.84,0.472,"wdbkwtdata.inc","FIADB REF_SPECIES to NBEL BM_REF_SPECIES to NVEL wdbkwtdata.inc","2023-10-16","38548071d5aa652bb90c7f111f86b427f798a1c9"
820,1,9,34.94,31.2,83.14,121.16,16,75,39.9,0.78,0.473,"wdbkwtdata.inc","FIADB REF_SPECIES to NBEL BM_REF_SPECIES to NVEL wdbkwtdata.inc","2023-10-16","38548071d5aa652bb90c7f111f86b427f798a1c9"
821,1,9,34.32,34.32,83.56,89.4,16,73.4,39.8,0.774,0.474,"wdbkwtdata.inc","FIADB REF_SPECIES to NBEL BM_REF_SPECIES to NVEL wdbkwtdata.inc","2023-10-16","38548071d5aa652bb90c7f111f86b427f798a1c9"
822,1,9,35.57,31.82,77.12,88.53,22,76.2,42.6,0.722,0.473,"wdbkwtdata.inc","FIADB REF_SPECIES to NBEL BM_REF_SPECIES to NVEL wdbkwtdata.inc","2023-10-16","38548071d5aa652bb90c7f111f86b427f798a1c9"
823,1,9,36.19,33.7,74.07,89.93,16,73.2,41.6,0.77,0.473,"wdbkwtdata.inc","FIADB REF_SPECIES to NBEL BM_REF_SPECIES to NVEL wdbkwtdata.inc","2023-10-16","38548071d5aa652bb90c7f111f86b427f798a1c9"
824,1,9,36.82,36.19,75.27,83,19.12,77.2,43.7,0.78,0.472,"wdbkwtdata.inc","FIADB REF_SPECIES to NBEL BM_REF_SPECIES to NVEL wdbkwtdata.inc","2023-10-16","38548071d5aa652bb90c7f111f86b427f798a1c9"
825,1,9,37.44,31.82,68.27,88.53,23,76.8,44.8,0.77,0.472,"wdbkwtdata.inc","FIADB REF_SPECIES to NBEL BM_REF_SPECIES to NVEL wdbkwtdata.inc","2023-10-16","38548071d5aa652bb90c7f111f86b427f798a1c9"
826,1,9,36.82,36.19,75.27,83,19.12,77.2,43.7,0.77,0.472,"wdbkwtdata.inc","FIADB REF_SPECIES to NBEL BM_REF_SPECIES to NVEL wdbkwtdata.inc","2023-10-16","38548071d5aa652bb90c7f111f86b427f798a1c9"
827,1,9,34.94,38.69,83.14,73.18,16,74.7,41.1,0.78,0.473,"wdbkwtdata.inc","FIADB REF_SPECIES to NBEL BM_REF_SPECIES to NVEL wdbkwtdata.inc","2023-10-16","38548071d5aa652bb90c7f111f86b427f798a1c9"
828,1,9,36.82,36.19,75.27,83,19.12,77.2,43.7,0.78,0.472,"wdbkwtdata.inc","FIADB REF_SPECIES to NBEL BM_REF_SPECIES to NVEL wdbkwtdata.inc","2023-10-16","38548071d5aa652bb90c7f111f86b427f798a1c9"
829,1,10,36.82,36.19,75.27,83,19.12,77.2,43.7,0.651,0.472,"wdbkwtdata.inc","FIADB REF_SPECIES to NBEL BM_REF_SPECIES to NVEL wdbkwtdata.inc","2023-10-16","38548071d5aa652bb90c7f111f86b427f798a1c9"
830,1,9,36.19,37.44,76.83,89.63,22,79.6,44.4,0.78,0.473,"wdbkwtdata.inc","FIADB REF_SPECIES to NBEL BM_REF_SPECIES to NVEL wdbkwtdata.inc","2023-10-16","38548071d5aa652bb90c7f111f86b427f798a1c9"
831,1,9,34.94,36.82,83.14,90.14,16,75.2,40.8,0.78,0.473,"wdbkwtdata.inc","FIADB REF_SPECIES to NBEL BM_REF_SPECIES to NVEL wdbkwtdata.inc","2023-10-16","38548071d5aa652bb90c7f111f86b427f798a1c9"
832,1,9,35.57,33.7,77.12,60.26,23,75.4,43.3,0.722,0.473,"wdbkwtdata.inc","FIADB REF_SPECIES to NBEL BM_REF_SPECIES to NVEL wdbkwtdata.inc","2023-10-16","38548071d5aa652bb90c7f111f86b427f798a1c9"
833,1,9,34.94,42.43,83.14,90.9,20,80.2,43.4,0.811,0.478,"wdbkwtdata.inc","FIADB REF_SPECIES to NBEL BM_REF_SPECIES to NVEL wdbkwtdata.inc","2023-10-16","38548071d5aa652bb90c7f111f86b427f798a1c9"
834,1,9,36.82,36.19,75.27,83,19.12,77.2,43.7,0.811,0.472,"wdbkwtdata.inc","FIADB REF_SPECIES to NBEL BM_REF_SPECIES to NVEL wdbkwtdata.inc","2023-10-16","38548071d5aa652bb90c7f111f86b427f798a1c9"
835,1,9,37.44,31.82,70.93,88.53,22,77.2,44.4,0.722,0.472,"wdbkwtdata.inc","FIADB REF_SPECIES to NBEL BM_REF_SPECIES to NVEL wdbkwtdata.inc","2023-10-16","38548071d5aa652bb90c7f111f86b427f798a1c9"
836,1,9,36.82,36.19,75.27,83,19.12,77.2,43.7,0.722,0.472,"wdbkwtdata.inc","FIADB REF_SPECIES to NBEL BM_REF_SPECIES to NVEL wdbkwtdata.inc","2023-10-16","38548071d5aa652bb90c7f111f86b427f798a1c9"
837,1,9,34.94,37.44,83.14,89.63,18.5,77.1,41.9,0.78,0.473,"wdbkwtdata.inc","FIADB REF_SPECIES to NBEL BM_REF_SPECIES to NVEL wdbkwtdata.inc","2023-10-16","38548071d5aa652bb90c7f111f86b427f798a1c9"
838,1,9,49.92,31.82,52.24,88.53,16,85.6,55,0.722,0.48,"wdbkwtdata.inc","FIADB REF_SPECIES to NBEL BM_REF_SPECIES to NVEL wdbkwtdata.inc","2023-10-16","38548071d5aa652bb90c7f111f86b427f798a1c9"
839,1,9,36.82,36.19,75.27,83,19.12,77.2,43.7,0.774,0.472,"wdbkwtdata.inc","FIADB REF_SPECIES to NBEL BM_REF_SPECIES to NVEL wdbkwtdata.inc","2023-10-16","38548071d5aa652bb90c7f111f86b427f798a1c9"
840,1,9,36.82,36.19,75.27,83,19.12,77.2,43.7,0.722,0.472,"wdbkwtdata.inc","FIADB REF_SPECIES to NBEL BM_REF_SPECIES to NVEL wdbkwtdata.inc","2023-10-16","38548071d5aa652bb90c7f111f86b427f798a1c9"
841,1,9,36.82,36.19,75.27,83,19.12,77.2,43.7,0.722,0.472,"wdbkwtdata.inc","FIADB REF_SPECIES to NBEL BM_REF_SPECIES to NVEL wdbkwtdata.inc","2023-10-16","38548071d5aa652bb90c7f111f86b427f798a1c9"
842,1,9,36.82,36.19,75.27,83,19.12,77.2,43.7,0.84,0.472,"wdbkwtdata.inc","FIADB REF_SPECIES to NBEL BM_REF_SPECIES to NVEL wdbkwtdata.inc","2023-10-16","38548071d5aa652bb90c7f111f86b427f798a1c9"
843,1,10,36.82,36.19,75.27,83,19.12,77.2,43.7,0.651,0.472,"wdbkwtdata.inc","FIADB REF_SPECIES to NBEL BM_REF_SPECIES to NVEL wdbkwtdata.inc","2023-10-16","38548071d5aa652bb90c7f111f86b427f798a1c9"
844,1,9,36.82,36.19,75.27,83,19.12,77.2,43.7,0.722,0.472,"wdbkwtdata.inc","FIADB REF_SPECIES to NBEL BM_REF_SPECIES to NVEL wdbkwtdata.inc","2023-10-16","38548071d5aa652bb90c7f111f86b427f798a1c9"
845,1,9,36.82,36.19,75.27,83,19.12,77.2,43.7,0.84,0.472,"wdbkwtdata.inc","FIADB REF_SPECIES to NBEL BM_REF_SPECIES to NVEL wdbkwtdata.inc","2023-10-16","38548071d5aa652bb90c7f111f86b427f798a1c9"
846,1,10,36.82,36.19,75.27,83,19.12,77.2,43.7,0.651,0.472,"wdbkwtdata.inc","FIADB REF_SPECIES to NBEL BM_REF_SPECIES to NVEL wdbkwtdata.inc","2023-10-16","38548071d5aa652bb90c7f111f86b427f798a1c9"
847,1,10,36.82,36.19,75.27,83,19.12,77.2,43.7,0.651,0.465,"wdbkwtdata.inc","FIADB REF_SPECIES to NBEL BM_REF_SPECIES to NVEL wdbkwtdata.inc","2023-10-16","38548071d5aa652bb90c7f111f86b427f798a1c9"
851,1,9,36.82,36.19,75.27,83,19.12,77.2,43.7,0.651,0.487,"wdbkwtdata.inc","FIADB REF_SPECIES to NBEL BM_REF_SPECIES to NVEL wdbkwtdata.inc","2023-10-16","38548071d5aa652bb90c7f111f86b427f798a1c9"
852,1,8,32.45,33.07,75.13,80.49,15.16,65.9,37.5,0.84,0.475,"wdbkwtdata.inc","FIADB REF_SPECIES to NBEL BM_REF_SPECIES to NVEL wdbkwtdata.inc","2023-10-16","38548071d5aa652bb90c7f111f86b427f798a1c9"
853,1,8,32.45,33.07,75.13,80.49,15.16,65.9,37.5,0.84,0.475,"wdbkwtdata.inc","FIADB REF_SPECIES to NBEL BM_REF_SPECIES to NVEL wdbkwtdata.inc","2023-10-16","38548071d5aa652bb90c7f111f86b427f798a1c9"
854,1,8,32.45,33.07,75.13,80.49,15.16,65.9,37.5,0.84,0.44,"wdbkwtdata.inc","FIADB REF_SPECIES to NBEL BM_REF_SPECIES to NVEL wdbkwtdata.inc","2023-10-16","38548071d5aa652bb90c7f111f86b427f798a1c9"
855,1,8,32.45,33.07,75.13,80.49,15.16,65.9,37.5,0.84,0.475,"wdbkwtdata.inc","FIADB REF_SPECIES to NBEL BM_REF_SPECIES to NVEL wdbkwtdata.inc","2023-10-16","38548071d5aa652bb90c7f111f86b427f798a1c9"
856,1,8,32.45,33.07,75.13,80.49,15.16,65.9,37.5,0.84,0.475,"wdbkwtdata.inc","FIADB REF_SPECIES to NBEL BM_REF_SPECIES to NVEL wdbkwtdata.inc","2023-10-16","38548071d5aa652bb90c7f111f86b427f798a1c9"
857,1,8,32.45,33.07,75.13,80.49,15.16,65.9,37.5,0.84,0.475,"wdbkwtdata.inc","FIADB REF_SPECIES to NBEL BM_REF_SPECIES to NVEL wdbkwtdata.inc","2023-10-16","38548071d5aa652bb90c7f111f86b427f798a1c9"
858,1,8,32.45,33.07,75.13,80.49,15.16,65.9,37.5,0.932,0.475,"wdbkwtdata.inc","FIADB REF_SPECIES to NBEL BM_REF_SPECIES to NVEL wdbkwtdata.inc","2023-10-16","38548071d5aa652bb90c7f111f86b427f798a1c9"
859,1,8,32.45,33.07,75.13,80.49,15.16,65.9,37.5,0.84,0.475,"wdbkwtdata.inc","FIADB REF_SPECIES to NBEL BM_REF_SPECIES to NVEL wdbkwtdata.inc","2023-10-16","38548071d5aa652bb90c7f111f86b427f798a1c9"
860,1,8,32.45,33.07,75.13,80.49,15.16,65.9,37.5,0.84,0.475,"wdbkwtdata.inc","FIADB REF_SPECIES to NBEL BM_REF_SPECIES to NVEL wdbkwtdata.inc","2023-10-16","38548071d5aa652bb90c7f111f86b427f798a1c9"
863,1,8,32.45,33.07,75.13,80.49,15.16,65.9,37.5,0.84,0.475,"wdbkwtdata.inc","FIADB REF_SPECIES to NBEL BM_REF_SPECIES to NVEL wdbkwtdata.inc","2023-10-16","38548071d5aa652bb90c7f111f86b427f798a1c9"
864,1,8,32.45,33.07,75.13,80.49,15.16,65.9,37.5,0.84,0.475,"wdbkwtdata.inc","FIADB REF_SPECIES to NBEL BM_REF_SPECIES to NVEL wdbkwtdata.inc","2023-10-16","38548071d5aa652bb90c7f111f86b427f798a1c9"
865,1,8,32.45,33.07,75.13,80.49,15.16,65.9,37.5,0.84,0.475,"wdbkwtdata.inc","FIADB REF_SPECIES to NBEL BM_REF_SPECIES to NVEL wdbkwtdata.inc","2023-10-16","38548071d5aa652bb90c7f111f86b427f798a1c9"
866,1,8,32.45,33.07,75.13,80.49,15.16,65.9,37.5,0.84,0.475,"wdbkwtdata.inc","FIADB REF_SPECIES to NBEL BM_REF_SPECIES to NVEL wdbkwtdata.inc","2023-10-16","38548071d5aa652bb90c7f111f86b427f798a1c9"
867,1,10,32.45,33.07,75.13,80.49,15.16,65.9,37.5,0.84,0.425,"wdbkwtdata.inc","FIADB REF_SPECIES to NBEL BM_REF_SPECIES to NVEL wdbkwtdata.inc","2023-10-16","38548071d5aa652bb90c7f111f86b427f798a1c9"
868,1,8,32.45,33.07,75.13,80.49,15.16,65.9,37.5,0.84,0.443,"wdbkwtdata.inc","FIADB REF_SPECIES to NBEL BM_REF_SPECIES to NVEL wdbkwtdata.inc","2023-10-16","38548071d5aa652bb90c7f111f86b427f798a1c9"
869,1,8,32.45,33.07,75.13,80.49,15.16,65.9,37.5,0.84,0.475,"wdbkwtdata.inc","FIADB REF_SPECIES to NBEL BM_REF_SPECIES to NVEL wdbkwtdata.inc","2023-10-16","38548071d5aa652bb90c7f111f86b427f798a1c9"
870,1,8,32.45,33.07,75.13,80.49,15.16,65.9,37.5,0.84,0.475,"wdbkwtdata.inc","FIADB REF_SPECIES to NBEL BM_REF_SPECIES to NVEL wdbkwtdata.inc","2023-10-16","38548071d5aa652bb90c7f111f86b427f798a1c9"
873,1,8,32.45,33.07,75.13,80.49,15.16,65.9,37.5,0.84,0.475,"wdbkwtdata.inc","FIADB REF_SPECIES to NBEL BM_REF_SPECIES to NVEL wdbkwtdata.inc","2023-10-16","38548071d5aa652bb90c7f111f86b427f798a1c9"
874,1,8,32.45,33.07,75.13,80.49,15.16,65.9,37.5,0.84,0.475,"wdbkwtdata.inc","FIADB REF_SPECIES to NBEL BM_REF_SPECIES to NVEL wdbkwtdata.inc","2023-10-16","38548071d5aa652bb90c7f111f86b427f798a1c9"
876,1,8,32.45,33.07,75.13,80.49,15.16,65.9,37.5,0.84,0.475,"wdbkwtdata.inc","FIADB REF_SPECIES to NBEL BM_REF_SPECIES to NVEL wdbkwtdata.inc","2023-10-16","38548071d5aa652bb90c7f111f86b427f798a1c9"
877,1,8,32.45,33.07,75.13,80.49,15.16,65.9,37.5,0.84,0.475,"wdbkwtdata.inc","FIADB REF_SPECIES to NBEL BM_REF_SPECIES to NVEL wdbkwtdata.inc","2023-10-16","38548071d5aa652bb90c7f111f86b427f798a1c9"
882,1,8,32.45,33.07,75.13,80.49,15.16,65.9,37.5,0.84,0.475,"wdbkwtdata.inc","FIADB REF_SPECIES to NBEL BM_REF_SPECIES to NVEL wdbkwtdata.inc","2023-10-16","38548071d5aa652bb90c7f111f86b427f798a1c9"
883,1,8,32.45,33.07,75.13,80.49,15.16,65.9,37.5,0.84,0.475,"wdbkwtdata.inc","FIADB REF_SPECIES to NBEL BM_REF_SPECIES to NVEL wdbkwtdata.inc","2023-10-16","38548071d5aa652bb90c7f111f86b427f798a1c9"
884,1,8,32.45,33.07,75.13,80.49,15.16,65.9,37.5,0.84,0.464,"wdbkwtdata.inc","FIADB REF_SPECIES to NBEL BM_REF_SPECIES to NVEL wdbkwtdata.inc","2023-10-16","38548071d5aa652bb90c7f111f86b427f798a1c9"
885,1,8,32.45,33.07,75.13,80.49,15.16,65.9,37.5,0.84,0.475,"wdbkwtdata.inc","FIADB REF_SPECIES to NBEL BM_REF_SPECIES to NVEL wdbkwtdata.inc","2023-10-16","38548071d5aa652bb90c7f111f86b427f798a1c9"
886,1,8,32.45,33.07,75.13,80.49,15.16,65.9,37.5,0.84,0.475,"wdbkwtdata.inc","FIADB REF_SPECIES to NBEL BM_REF_SPECIES to NVEL wdbkwtdata.inc","2023-10-16","38548071d5aa652bb90c7f111f86b427f798a1c9"
887,1,8,32.45,33.07,75.13,80.49,15.16,65.9,37.5,0.84,0.434,"wdbkwtdata.inc","FIADB REF_SPECIES to NBEL BM_REF_SPECIES to NVEL wdbkwtdata.inc","2023-10-16","38548071d5aa652bb90c7f111f86b427f798a1c9"
888,1,8,32.45,33.07,75.13,80.49,15.16,65.9,37.5,0.84,0.475,"wdbkwtdata.inc","FIADB REF_SPECIES to NBEL BM_REF_SPECIES to NVEL wdbkwtdata.inc","2023-10-16","38548071d5aa652bb90c7f111f86b427f798a1c9"
890,1,8,32.45,33.07,75.13,80.49,15.16,65.9,37.5,0.84,0.475,"wdbkwtdata.inc","FIADB REF_SPECIES to NBEL BM_REF_SPECIES to NVEL wdbkwtdata.inc","2023-10-16","38548071d5aa652bb90c7f111f86b427f798a1c9"
891,1,8,32.45,33.07,75.13,80.49,15.16,65.9,37.5,0.84,0.475,"wdbkwtdata.inc","FIADB REF_SPECIES to NBEL BM_REF_SPECIES to NVEL wdbkwtdata.inc","2023-10-16","38548071d5aa652bb90c7f111f86b427f798a1c9"
895,1,8,32.45,33.07,75.13,80.49,15.16,65.9,37.5,0.84,0.475,"wdbkwtdata.inc","FIADB REF_SPECIES to NBEL BM_REF_SPECIES to NVEL wdbkwtdata.inc","2023-10-16","38548071d5aa652bb90c7f111f86b427f798a1c9"
896,1,8,32.45,33.07,75.13,80.49,15.16,65.9,37.5,0.84,0.475,"wdbkwtdata.inc","FIADB REF_SPECIES to NBEL BM_REF_SPECIES to NVEL wdbkwtdata.inc","2023-10-16","38548071d5aa652bb90c7f111f86b427f798a1c9"
897,1,8,32.45,33.07,75.13,80.49,15.16,65.9,37.5,0.84,0.475,"wdbkwtdata.inc","FIADB REF_SPECIES to NBEL BM_REF_SPECIES to NVEL wdbkwtdata.inc","2023-10-16","38548071d5aa652bb90c7f111f86b427f798a1c9"
901,1,8,41.18,18.1,40.83,87.9,15,63.1,43.9,0.932,0.446,"wdbkwtdata.inc","FIADB REF_SPECIES to NBEL BM_REF_SPECIES to NVEL wdbkwtdata.inc","2023-10-16","38548071d5aa652bb90c7f111f86b427f798a1c9"
902,1,10,41.18,18.1,41,88,15,63.2,43.9,0.651,0.47,"wdbkwtdata.inc","FIADB REF_SPECIES to NBEL BM_REF_SPECIES to NVEL wdbkwtdata.inc","2023-10-16","38548071d5aa652bb90c7f111f86b427f798a1c9"
906,1,8,32.45,33.07,75.13,80.49,15.16,65.9,37.5,0.84,0.475,"wdbkwtdata.inc","FIADB REF_SPECIES to NBEL BM_REF_SPECIES to NVEL wdbkwtdata.inc","2023-10-16","38548071d5aa652bb90c7f111f86b427f798a1c9"
907,1,8,32.45,33.07,75.13,80.49,15.16,65.9,37.5,0.84,0.475,"wdbkwtdata.inc","FIADB REF_SPECIES to NBEL BM_REF_SPECIES to NVEL wdbkwtdata.inc","2023-10-16","38548071d5aa652bb90c7f111f86b427f798a1c9"
908,1,8,32.45,33.07,75.13,80.49,15.16,65.9,37.5,0.84,0.428,"wdbkwtdata.inc","FIADB REF_SPECIES to NBEL BM_REF_SPECIES to NVEL wdbkwtdata.inc","2023-10-16","38548071d5aa652bb90c7f111f86b427f798a1c9"
909,1,8,32.45,33.07,75.13,80.49,15.16,65.9,37.5,0.84,0.475,"wdbkwtdata.inc","FIADB REF_SPECIES to NBEL BM_REF_SPECIES to NVEL wdbkwtdata.inc","2023-10-16","38548071d5aa652bb90c7f111f86b427f798a1c9"
911,1,8,32.45,33.07,75.13,80.49,15.16,65.9,37.5,0.792,0.475,"wdbkwtdata.inc","FIADB REF_SPECIES to NBEL BM_REF_SPECIES to NVEL wdbkwtdata.inc","2023-10-16","38548071d5aa652bb90c7f111f86b427f798a1c9"
912,1,8,32.45,33.07,75.13,80.49,15.16,65.9,37.5,0.792,0.475,"wdbkwtdata.inc","FIADB REF_SPECIES to NBEL BM_REF_SPECIES to NVEL wdbkwtdata.inc","2023-10-16","38548071d5aa652bb90c7f111f86b427f798a1c9"
913,1,8,32.45,33.07,75.13,80.49,15.16,65.9,37.5,0.84,0.475,"wdbkwtdata.inc","FIADB REF_SPECIES to NBEL BM_REF_SPECIES to NVEL wdbkwtdata.inc","2023-10-16","38548071d5aa652bb90c7f111f86b427f798a1c9"
914,1,8,32.45,33.07,75.13,80.49,15.16,65.9,37.5,0.84,0.475,"wdbkwtdata.inc","FIADB REF_SPECIES to NBEL BM_REF_SPECIES to NVEL wdbkwtdata.inc","2023-10-16","38548071d5aa652bb90c7f111f86b427f798a1c9"
915,1,8,32.45,33.07,75.13,80.49,15.16,65.9,37.5,0.792,0.475,"wdbkwtdata.inc","FIADB REF_SPECIES to NBEL BM_REF_SPECIES to NVEL wdbkwtdata.inc","2023-10-16","38548071d5aa652bb90c7f111f86b427f798a1c9"
919,1,8,32.45,33.07,75.13,80.49,15.16,65.9,37.5,0.84,0.475,"wdbkwtdata.inc","FIADB REF_SPECIES to NBEL BM_REF_SPECIES to NVEL wdbkwtdata.inc","2023-10-16","38548071d5aa652bb90c7f111f86b427f798a1c9"
920,1,6,22.46,31.2,127,99,16,60.9,27.5,0.84,0.48,"wdbkwtdata.inc","FIADB REF_SPECIES to NBEL BM_REF_SPECIES to NVEL wdbkwtdata.inc","2023-10-16","38548071d5aa652bb90c7f111f86b427f798a1c9"
921,1,6,22.46,31.2,127,99,16,60.9,27.5,0.84,0.48,"wdbkwtdata.inc","FIADB REF_SPECIES to NBEL BM_REF_SPECIES to NVEL wdbkwtdata.inc","2023-10-16","38548071d5aa652bb90c7f111f86b427f798a1c9"
922,1,6,22.46,31.2,127.03,98.72,16,60.9,27.5,0.792,0.48,"wdbkwtdata.inc","FIADB REF_SPECIES to NBEL BM_REF_SPECIES to NVEL wdbkwtdata.inc","2023-10-16","38548071d5aa652bb90c7f111f86b427f798a1c9"
923,1,6,22.46,31.2,127,99,16,60.9,27.5,0.84,0.48,"wdbkwtdata.inc","FIADB REF_SPECIES to NBEL BM_REF_SPECIES to NVEL wdbkwtdata.inc","2023-10-16","38548071d5aa652bb90c7f111f86b427f798a1c9"
924,1,6,22.46,31.2,127,99,16,60.9,27.5,0.792,0.48,"wdbkwtdata.inc","FIADB REF_SPECIES to NBEL BM_REF_SPECIES to NVEL wdbkwtdata.inc","2023-10-16","38548071d5aa652bb90c7f111f86b427f798a1c9"
925,1,6,22.46,31.2,127,99,16,60.9,27.5,0.84,0.48,"wdbkwtdata.inc","FIADB REF_SPECIES to NBEL BM_REF_SPECIES to NVEL wdbkwtdata.inc","2023-10-16","38548071d5aa652bb90c7f111f86b427f798a1c9"
926,1,6,22.46,31.2,127,99,16,60.9,27.5,0.84,0.48,"wdbkwtdata.inc","FIADB REF_SPECIES to NBEL BM_REF_SPECIES to NVEL wdbkwtdata.inc","2023-10-16","38548071d5aa652bb90c7f111f86b427f798a1c9"
927,1,6,22.46,31.2,127,99,16,60.9,27.5,0.792,0.48,"wdbkwtdata.inc","FIADB REF_SPECIES to NBEL BM_REF_SPECIES to NVEL wdbkwtdata.inc","2023-10-16","38548071d5aa652bb90c7f111f86b427f798a1c9"
928,1,6,22.46,31.2,127,99,16,60.9,27.5,0.792,0.48,"wdbkwtdata.inc","FIADB REF_SPECIES to NBEL BM_REF_SPECIES to NVEL wdbkwtdata.inc","2023-10-16","38548071d5aa652bb90c7f111f86b427f798a1c9"
929,1,6,22.46,31.2,127,99,16,60.9,27.5,0.792,0.48,"wdbkwtdata.inc","FIADB REF_SPECIES to NBEL BM_REF_SPECIES to NVEL wdbkwtdata.inc","2023-10-16","38548071d5aa652bb90c7f111f86b427f798a1c9"
931,1,8,26.21,31.2,67.88,89.1,15,52.8,30.9,0.792,0.45,"wdbkwtdata.inc","FIADB REF_SPECIES to NBEL BM_REF_SPECIES to NVEL wdbkwtdata.inc","2023-10-16","38548071d5aa652bb90c7f111f86b427f798a1c9"
934,1,8,32.45,33.07,75.13,80.49,15.16,65.9,37.5,0.84,0.475,"wdbkwtdata.inc","FIADB REF_SPECIES to NBEL BM_REF_SPECIES to NVEL wdbkwtdata.inc","2023-10-16","38548071d5aa652bb90c7f111f86b427f798a1c9"
935,1,8,32.45,33.07,75.13,80.49,15.16,65.9,37.5,0.84,0.475,"wdbkwtdata.inc","FIADB REF_SPECIES to NBEL BM_REF_SPECIES to NVEL wdbkwtdata.inc","2023-10-16","38548071d5aa652bb90c7f111f86b427f798a1c9"
936,1,8,32.45,33.07,75,80,15.2,65.8,37.5,0.84,0.474,"wdbkwtdata.inc","FIADB REF_SPECIES to NBEL BM_REF_SPECIES to NVEL wdbkwtdata.inc","2023-10-16","38548071d5aa652bb90c7f111f86b427f798a1c9"
937,1,8,32.45,33.07,75.13,80.49,15.16,65.9,37.5,0.84,0.475,"wdbkwtdata.inc","FIADB REF_SPECIES to NBEL BM_REF_SPECIES to NVEL wdbkwtdata.inc","2023-10-16","38548071d5aa652bb90c7f111f86b427f798a1c9"
940,1,8,32.45,33.07,75.13,80.49,15.16,65.9,37.5,0.84,0.473,"wdbkwtdata.inc","FIADB REF_SPECIES to NBEL BM_REF_SPECIES to NVEL wdbkwtdata.inc","2023-10-16","38548071d5aa652bb90c7f111f86b427f798a1c9"
950,1,8,19.97,29.95,105,90,10.53,46.9,23.1,0.672,0.482,"wdbkwtdata.inc","FIADB REF_SPECIES to NBEL BM_REF_SPECIES to NVEL wdbkwtdata.inc","2023-10-16","38548071d5aa652bb90c7f111f86b427f798a1c9"
951,1,8,19.97,29.95,105.34,90.31,10.5,47,23.1,0.672,0.482,"wdbkwtdata.inc","FIADB REF_SPECIES to NBEL BM_REF_SPECIES to NVEL wdbkwtdata.inc","2023-10-16","38548071d5aa652bb90c7f111f86b427f798a1c9"
952,1,8,19.97,29.95,105,90,10.53,46.9,23.1,0.672,0.482,"wdbkwtdata.inc","FIADB REF_SPECIES to NBEL BM_REF_SPECIES to NVEL wdbkwtdata.inc","2023-10-16","38548071d5aa652bb90c7f111f86b427f798a1c9"
953,1,8,19.97,29.95,105,90,10.53,46.9,23.1,0.672,0.482,"wdbkwtdata.inc","FIADB REF_SPECIES to NBEL BM_REF_SPECIES to NVEL wdbkwtdata.inc","2023-10-16","38548071d5aa652bb90c7f111f86b427f798a1c9"
970,1,8,33.7,26.83,66,91.08,14,63.1,37.5,0.792,0.474,"wdbkwtdata.inc","FIADB REF_SPECIES to NBEL BM_REF_SPECIES to NVEL wdbkwtdata.inc","2023-10-16","38548071d5aa652bb90c7f111f86b427f798a1c9"
971,1,8,37.44,28.08,41.57,74.51,14,59.9,41.4,0.792,0.472,"wdbkwtdata.inc","FIADB REF_SPECIES to NBEL BM_REF_SPECIES to NVEL wdbkwtdata.inc","2023-10-16","38548071d5aa652bb90c7f111f86b427f798a1c9"
972,1,8,28.7,27.46,94,78.48,14,62.5,32.5,0.792,0.477,"wdbkwtdata.inc","FIADB REF_SPECIES to NBEL BM_REF_SPECIES to NVEL wdbkwtdata.inc","2023-10-16","38548071d5aa652bb90c7f111f86b427f798a1c9"
973,1,8,36.82,28.08,65.69,74.51,14,67.9,40.7,0.792,0.472,"wdbkwtdata.inc","FIADB REF_SPECIES to NBEL BM_REF_SPECIES to NVEL wdbkwtdata.inc","2023-10-16","38548071d5aa652bb90c7f111f86b427f798a1c9"
974,1,8,33.7,26.83,66,91.08,14,63.1,37.5,0.792,0.443,"wdbkwtdata.inc","FIADB REF_SPECIES to NBEL BM_REF_SPECIES to NVEL wdbkwtdata.inc","2023-10-16","38548071d5aa652bb90c7f111f86b427f798a1c9"
975,1,8,29.95,18.1,76.96,170.79,14,59.9,32.5,0.792,0.476,"wdbkwtdata.inc","FIADB REF_SPECIES to NBEL BM_REF_SPECIES to NVEL wdbkwtdata.inc","2023-10-16","38548071d5aa652bb90c7f111f86b427f798a1c9"
976,1,8,33.7,26.83,66,91.08,14,63.1,37.5,0.792,0.474,"wdbkwtdata.inc","FIADB REF_SPECIES to NBEL BM_REF_SPECIES to NVEL wdbkwtdata.inc","2023-10-16","38548071d5aa652bb90c7f111f86b427f798a1c9"
977,1,8,35.57,31.2,51,57.06,14,60.6,39.9,0.932,0.473,"wdbkwtdata.inc","FIADB REF_SPECIES to NBEL BM_REF_SPECIES to NVEL wdbkwtdata.inc","2023-10-16","38548071d5aa652bb90c7f111f86b427f798a1c9"
981,1,8,31.82,34.32,66.55,42.78,15,60.4,37,0.964,0.475,"wdbkwtdata.inc","FIADB REF_SPECIES to NBEL BM_REF_SPECIES to NVEL wdbkwtdata.inc","2023-10-16","38548071d5aa652bb90c7f111f86b427f798a1c9"
982,1,8,32.45,33.07,75.13,80.49,15.16,65.9,37.5,0.84,0.475,"wdbkwtdata.inc","FIADB REF_SPECIES to NBEL BM_REF_SPECIES to NVEL wdbkwtdata.inc","2023-10-16","38548071d5aa652bb90c7f111f86b427f798a1c9"
986,1,8,32.45,33.07,75.13,80.49,15.16,65.9,37.5,0.84,0.475,"wdbkwtdata.inc","FIADB REF_SPECIES to NBEL BM_REF_SPECIES to NVEL wdbkwtdata.inc","2023-10-16","38548071d5aa652bb90c7f111f86b427f798a1c9"
987,1,8,32.45,33.07,75.13,80.49,15.16,65.9,37.5,0.84,0.44,"wdbkwtdata.inc","FIADB REF_SPECIES to NBEL BM_REF_SPECIES to NVEL wdbkwtdata.inc","2023-10-16","38548071d5aa652bb90c7f111f86b427f798a1c9"
988,1,8,32.45,33.07,75.13,80.49,15.16,65.9,37.5,0.84,0.437,"wdbkwtdata.inc","FIADB REF_SPECIES to NBEL BM_REF_SPECIES to NVEL wdbkwtdata.inc","2023-10-16","38548071d5aa652bb90c7f111f86b427f798a1c9"
989,1,8,32.45,33.07,75.13,80.49,15.16,65.9,37.5,0.84,0.427,"wdbkwtdata.inc","FIADB REF_SPECIES to NBEL BM_REF_SPECIES to NVEL wdbkwtdata.inc","2023-10-16","38548071d5aa652bb90c7f111f86b427f798a1c9"
990,1,10,32.45,33.07,75.13,80.49,15.16,65.9,37.5,0.651,0.475,"wdbkwtdata.inc","FIADB REF_SPECIES to NBEL BM_REF_SPECIES to NVEL wdbkwtdata.inc","2023-10-16","38548071d5aa652bb90c7f111f86b427f798a1c9"
991,1,8,32.45,33.07,75.13,80.49,15.16,65.9,37.5,0.84,0.475,"wdbkwtdata.inc","FIADB REF_SPECIES to NBEL BM_REF_SPECIES to NVEL wdbkwtdata.inc","2023-10-16","38548071d5aa652bb90c7f111f86b427f798a1c9"
992,1,8,32.45,33.07,75.13,80.49,15.16,65.9,37.5,0.792,0.475,"wdbkwtdata.inc","FIADB REF_SPECIES to NBEL BM_REF_SPECIES to NVEL wdbkwtdata.inc","2023-10-16","38548071d5aa652bb90c7f111f86b427f798a1c9"
993,1,8,32.45,33.07,75.13,80.49,15.16,65.9,37.5,0.84,0.475,"wdbkwtdata.inc","FIADB REF_SPECIES to NBEL BM_REF_SPECIES to NVEL wdbkwtdata.inc","2023-10-16","38548071d5aa652bb90c7f111f86b427f798a1c9"
994,1,8,32.45,33.07,75.13,80.49,15.16,65.9,37.5,0.84,0.475,"wdbkwtdata.inc","FIADB REF_SPECIES to NBEL BM_REF_SPECIES to NVEL wdbkwtdata.inc","2023-10-16","38548071d5aa652bb90c7f111f86b427f798a1c9"
995,1,8,32.45,33.07,75.13,80.49,15.16,65.9,37.5,0.84,0.475,"wdbkwtdata.inc","FIADB REF_SPECIES to NBEL BM_REF_SPECIES to NVEL wdbkwtdata.inc","2023-10-16","38548071d5aa652bb90c7f111f86b427f798a1c9"
996,1,8,32.45,33.07,75.13,80.49,15.16,65.9,37.5,0.84,0.475,"wdbkwtdata.inc","FIADB REF_SPECIES to NBEL BM_REF_SPECIES to NVEL wdbkwtdata.inc","2023-10-16","38548071d5aa652bb90c7f111f86b427f798a1c9"
997,1,8,32.45,33.07,75.13,80.49,15.16,65.9,37.5,0.84,0.475,"wdbkwtdata.inc","FIADB REF_SPECIES to NBEL BM_REF_SPECIES to NVEL wdbkwtdata.inc","2023-10-16","38548071d5aa652bb90c7f111f86b427f798a1c9"
998,1,8,32.45,33.07,75.13,80.49,15.16,65.9,37.5,0.84,0.475,"wdbkwtdata.inc","FIADB REF_SPECIES to NBEL BM_REF_SPECIES to NVEL wdbkwtdata.inc","2023-10-16","38548071d5aa652bb90c7f111f86b427f798a1c9"
999,1,8,32.45,33.07,75.13,80.49,15.16,65.9,37.5,0.84,0.475,"wdbkwtdata.inc","FIADB REF_SPECIES to NBEL BM_REF_SPECIES to NVEL wdbkwtdata.inc","2023-10-16","38548071d5aa652bb90c7f111f86b427f798a1c9"
5091,1,8,32.45,33.07,75.13,80.49,15.16,65.9,37.5,0.84,0.475,"wdbkwtdata.inc","FIADB REF_SPECIES to NBEL BM_REF_SPECIES to NVEL wdbkwtdata.inc","2023-10-16","38548071d5aa652bb90c7f111f86b427f798a1c9"
5092,1,8,32.45,33.07,75.13,80.49,15.16,65.9,37.5,0.84,0.475,"wdbkwtdata.inc","FIADB REF_SPECIES to NBEL BM_REF_SPECIES to NVEL wdbkwtdata.inc","2023-10-16","38548071d5aa652bb90c7f111f86b427f798a1c9"
5093,1,8,32.45,33.07,75.13,80.49,15.16,65.9,37.5,0.84,0.475,"wdbkwtdata.inc","FIADB REF_SPECIES to NBEL BM_REF_SPECIES to NVEL wdbkwtdata.inc","2023-10-16","38548071d5aa652bb90c7f111f86b427f798a1c9"
5145,1,7,29.33,33.07,70.16,90.54,10.81,56.7,32.9,0.84,0.476,"wdbkwtdata.inc","FIADB REF_SPECIES to NBEL BM_REF_SPECIES to NVEL wdbkwtdata.inc","2023-10-16","38548071d5aa652bb90c7f111f86b427f798a1c9"
5146,1,7,29.33,33.07,70.16,90.54,10.81,56.7,32.9,0.84,0.477,"wdbkwtdata.inc","FIADB REF_SPECIES to NBEL BM_REF_SPECIES to NVEL wdbkwtdata.inc","2023-10-16","38548071d5aa652bb90c7f111f86b427f798a1c9"
5147,1,8,29.33,33.07,70.16,90.54,10.81,56.7,32.9,0.84,0.476,"wdbkwtdata.inc","FIADB REF_SPECIES to NBEL BM_REF_SPECIES to NVEL wdbkwtdata.inc","2023-10-16","38548071d5aa652bb90c7f111f86b427f798a1c9"
5148,1,8,29.33,33.07,70.16,90.54,10.81,56.7,32.9,0.84,0.476,"wdbkwtdata.inc","FIADB REF_SPECIES to NBEL BM_REF_SPECIES to NVEL wdbkwtdata.inc","2023-10-16","38548071d5aa652bb90c7f111f86b427f798a1c9"
5149,1,7,29.33,33.07,70,91,10.9,56.7,32.9,0.841,0.438,"wdbkwtdata.inc","FIADB REF_SPECIES to NBEL BM_REF_SPECIES to NVEL wdbkwtdata.inc","2023-10-16","38548071d5aa652bb90c7f111f86b427f798a1c9"
5150,1,8,29.95,33.07,70,91,11.16,58,33.6,0.805,0.496,"wdbkwtdata.inc","FIADB REF_SPECIES to NBEL BM_REF_SPECIES to NVEL wdbkwtdata.inc","2023-10-16","38548071d5aa652bb90c7f111f86b427f798a1c9"
5151,1,7,29.33,33.07,70.16,90.54,10.81,56.7,32.9,0.84,0.418,"wdbkwtdata.inc","FIADB REF_SPECIES to NBEL BM_REF_SPECIES to NVEL wdbkwtdata.inc","2023-10-16","38548071d5aa652bb90c7f111f86b427f798a1c9"
5152,1,8,29.33,33.07,70.16,90.54,10.81,56.7,32.9,0.84,0.579,"wdbkwtdata.inc","FIADB REF_SPECIES to NBEL BM_REF_SPECIES to NVEL wdbkwtdata.inc","2023-10-16","38548071d5aa652bb90c7f111f86b427f798a1c9"
5154,1,7,29.33,33.07,70.16,90.54,10.81,56.7,32.9,0.84,0.476,"wdbkwtdata.inc","FIADB REF_SPECIES to NBEL BM_REF_SPECIES to NVEL wdbkwtdata.inc","2023-10-16","38548071d5aa652bb90c7f111f86b427f798a1c9"
5155,1,7,0,0,0,0,0,0,0,0,0.476,"wdbkwtdata.inc","FIADB REF_SPECIES to NBEL BM_REF_SPECIES to NVEL wdbkwtdata.inc","2023-10-16","38548071d5aa652bb90c7f111f86b427f798a1c9"
5156,1,7,0,0,0,0,0,0,0,0,0.495,"wdbkwtdata.inc","FIADB REF_SPECIES to NBEL BM_REF_SPECIES to NVEL wdbkwtdata.inc","2023-10-16","38548071d5aa652bb90c7f111f86b427f798a1c9"
5157,1,7,29.33,33.07,70.29,90.57,10.88,56.8,32.9,0.841,0.476,"wdbkwtdata.inc","FIADB REF_SPECIES to NBEL BM_REF_SPECIES to NVEL wdbkwtdata.inc","2023-10-16","38548071d5aa652bb90c7f111f86b427f798a1c9"
5163,1,8,20.59,31.2,143,89,15,58.9,25.3,0.84,0.469,"wdbkwtdata.inc","FIADB REF_SPECIES to NBEL BM_REF_SPECIES to NVEL wdbkwtdata.inc","2023-10-16","38548071d5aa652bb90c7f111f86b427f798a1c9"
5164,1,8,0,0,0,0,0,0,0,0,0.481,"wdbkwtdata.inc","FIADB REF_SPECIES to NBEL BM_REF_SPECIES to NVEL wdbkwtdata.inc","2023-10-16","38548071d5aa652bb90c7f111f86b427f798a1c9"
5188,1,6,23.09,34.94,99,75,11.5,53,27.1,0.75,0.48,"wdbkwtdata.inc","FIADB REF_SPECIES to NBEL BM_REF_SPECIES to NVEL wdbkwtdata.inc","2023-10-16","38548071d5aa652bb90c7f111f86b427f798a1c9"
5189,1,6,0,0,0,0,0,0,0,0,0.48,"wdbkwtdata.inc","FIADB REF_SPECIES to NBEL BM_REF_SPECIES to NVEL wdbkwtdata.inc","2023-10-16","38548071d5aa652bb90c7f111f86b427f798a1c9"
5190,1,6,23.09,34.94,99,75,11.5,53,27.1,0.84,0.48,"wdbkwtdata.inc","FIADB REF_SPECIES to NBEL BM_REF_SPECIES to NVEL wdbkwtdata.inc","2023-10-16","38548071d5aa652bb90c7f111f86b427f798a1c9"
5192,1,6,0,0,0,0,0,0,0,0,0.48,"wdbkwtdata.inc","FIADB REF_SPECIES to NBEL BM_REF_SPECIES to NVEL wdbkwtdata.inc","2023-10-16","38548071d5aa652bb90c7f111f86b427f798a1c9"
5203,1,8,41.18,31.2,48,60,8.6,65.2,43.9,0.84,0.47,"wdbkwtdata.inc","FIADB REF_SPECIES to NBEL BM_REF_SPECIES to NVEL wdbkwtdata.inc","2023-10-16","38548071d5aa652bb90c7f111f86b427f798a1c9"
5232,1,8,0,0,0,0,0,0,0,0,0.465,"wdbkwtdata.inc","FIADB REF_SPECIES to NBEL BM_REF_SPECIES to NVEL wdbkwtdata.inc","2023-10-16","38548071d5aa652bb90c7f111f86b427f798a1c9"
5233,1,8,0,0,0,0,0,0,0,0,0.465,"wdbkwtdata.inc","FIADB REF_SPECIES to NBEL BM_REF_SPECIES to NVEL wdbkwtdata.inc","2023-10-16","38548071d5aa652bb90c7f111f86b427f798a1c9"
5256,1,8,0,0,0,0,0,0,0,0,0.475,"wdbkwtdata.inc","FIADB REF_SPECIES to NBEL BM_REF_SPECIES to NVEL wdbkwtdata.inc","2023-10-16","38548071d5aa652bb90c7f111f86b427f798a1c9"
5259,1,8,0,0,0,0,0,0,0,0,0.465,"wdbkwtdata.inc","FIADB REF_SPECIES to NBEL BM_REF_SPECIES to NVEL wdbkwtdata.inc","2023-10-16","38548071d5aa652bb90c7f111f86b427f798a1c9"
5260,1,7,32.45,33.07,75.12,80.64,15.32,66,37.5,0.84,0.465,"wdbkwtdata.inc","FIADB REF_SPECIES to NBEL BM_REF_SPECIES to NVEL wdbkwtdata.inc","2023-10-16","38548071d5aa652bb90c7f111f86b427f798a1c9"
5261,1,8,32.45,33.07,75.13,80.49,15.16,65.9,37.5,0.84,0.475,"wdbkwtdata.inc","FIADB REF_SPECIES to NBEL BM_REF_SPECIES to NVEL wdbkwtdata.inc","2023-10-16","38548071d5aa652bb90c7f111f86b427f798a1c9"
5279,1,7,31.82,36.19,73.75,54.66,10.94,61.4,35.8,0.84,0.418,"wdbkwtdata.inc","FIADB REF_SPECIES to NBEL BM_REF_SPECIES to NVEL wdbkwtdata.inc","2023-10-16","38548071d5aa652bb90c7f111f86b427f798a1c9"
5280,1,7,0,0,0,0,0,0,0,0,0.461,"wdbkwtdata.inc","FIADB REF_SPECIES to NBEL BM_REF_SPECIES to NVEL wdbkwtdata.inc","2023-10-16","38548071d5aa652bb90c7f111f86b427f798a1c9"
5281,1,7,0,0,0,0,0,0,0,0,0.517,"wdbkwtdata.inc","FIADB REF_SPECIES to NBEL BM_REF_SPECIES to NVEL wdbkwtdata.inc","2023-10-16","38548071d5aa652bb90c7f111f86b427f798a1c9"
5322,1,8,0,0,0,0,0,0,0,0,0.483,"wdbkwtdata.inc","FIADB REF_SPECIES to NBEL BM_REF_SPECIES to NVEL wdbkwtdata.inc","2023-10-16","38548071d5aa652bb90c7f111f86b427f798a1c9"
5328,1,8,32.45,33.07,75.13,80.49,15.16,65.9,37.5,0.792,0.475,"wdbkwtdata.inc","FIADB REF_SPECIES to NBEL BM_REF_SPECIES to NVEL wdbkwtdata.inc","2023-10-16","38548071d5aa652bb90c7f111f86b427f798a1c9"
5329,1,8,0,0,0,0,0,0,0,0,0.475,"wdbkwtdata.inc","FIADB REF_SPECIES to NBEL BM_REF_SPECIES to NVEL wdbkwtdata.inc","2023-10-16","38548071d5aa652bb90c7f111f86b427f798a1c9"
5363,1,8,32.45,33.07,75.12,80.64,15.32,66,37.5,0.84,0.475,"wdbkwtdata.inc","FIADB REF_SPECIES to NBEL BM_REF_SPECIES to NVEL wdbkwtdata.inc","2023-10-16","38548071d5aa652bb90c7f111f86b427f798a1c9"
5364,1,8,0,0,0,0,0,0,0,0,0.475,"wdbkwtdata.inc","FIADB REF_SPECIES to NBEL BM_REF_SPECIES to NVEL wdbkwtdata.inc","2023-10-16","38548071d5aa652bb90c7f111f86b427f798a1c9"
5375,1,8,0,0,0,0,0,0,0,0,0.465,"wdbkwtdata.inc","FIADB REF_SPECIES to NBEL BM_REF_SPECIES to NVEL wdbkwtdata.inc","2023-10-16","38548071d5aa652bb90c7f111f86b427f798a1c9"
5378,1,7,32.45,33.07,75.12,80.64,15.32,66,37.5,0.84,0.475,"wdbkwtdata.inc","FIADB REF_SPECIES to NBEL BM_REF_SPECIES to NVEL wdbkwtdata.inc","2023-10-16","38548071d5aa652bb90c7f111f86b427f798a1c9"
5401,1,8,0,0,0,0,0,0,0,0,0.479,"wdbkwtdata.inc","FIADB REF_SPECIES to NBEL BM_REF_SPECIES to NVEL wdbkwtdata.inc","2023-10-16","38548071d5aa652bb90c7f111f86b427f798a1c9"
5402,1,8,0,0,0,0,0,0,0,0,0.471,"wdbkwtdata.inc","FIADB REF_SPECIES to NBEL BM_REF_SPECIES to NVEL wdbkwtdata.inc","2023-10-16","38548071d5aa652bb90c7f111f86b427f798a1c9"
5411,1,8,0,0,0,0,0,0,0,0,0.478,"wdbkwtdata.inc","FIADB REF_SPECIES to NBEL BM_REF_SPECIES to NVEL wdbkwtdata.inc","2023-10-16","38548071d5aa652bb90c7f111f86b427f798a1c9"
5415,1,8,0,0,0,0,0,0,0,0,0.465,"wdbkwtdata.inc","FIADB REF_SPECIES to NBEL BM_REF_SPECIES to NVEL wdbkwtdata.inc","2023-10-16","38548071d5aa652bb90c7f111f86b427f798a1c9"
5420,0,3,25.58,28.7,78,98,16.2,54.7,30.2,0.628,0.503,"wdbkwtdata.inc","FIADB REF_SPECIES to NBEL BM_REF_SPECIES to NVEL wdbkwtdata.inc","2023-10-16","38548071d5aa652bb90c7f111f86b427f798a1c9"
5421,0,4,25.58,26.21,74.28,70.51,14.47,51.1,29.4,0.84,0.504,"wdbkwtdata.inc","FIADB REF_SPECIES to NBEL BM_REF_SPECIES to NVEL wdbkwtdata.inc","2023-10-16","38548071d5aa652bb90c7f111f86b427f798a1c9"
5423,0,1,25.58,26.21,74.28,70.51,14.47,51.1,29.4,0.84,0.479,"wdbkwtdata.inc","FIADB REF_SPECIES to NBEL BM_REF_SPECIES to NVEL wdbkwtdata.inc","2023-10-16","38548071d5aa652bb90c7f111f86b427f798a1c9"
5432,1,7,32.45,33.07,75.12,80.64,15.32,66,37.5,0.84,0.465,"wdbkwtdata.inc","FIADB REF_SPECIES to NBEL BM_REF_SPECIES to NVEL wdbkwtdata.inc","2023-10-16","38548071d5aa652bb90c7f111f86b427f798a1c9"
5435,1,8,32.45,33.07,75.12,80.64,15.32,66,37.5,0.84,0.452,"wdbkwtdata.inc","FIADB REF_SPECIES to NBEL BM_REF_SPECIES to NVEL wdbkwtdata.inc","2023-10-16","38548071d5aa652bb90c7f111f86b427f798a1c9"
5436,1,8,0,0,0,0,0,0,0,0,0.475,"wdbkwtdata.inc","FIADB REF_SPECIES to NBEL BM_REF_SPECIES to NVEL wdbkwtdata.inc","2023-10-16","38548071d5aa652bb90c7f111f86b427f798a1c9"
5443,0,1,23.09,24.96,77.27,92.32,11.58,46.5,26,0.84,0.498,"wdbkwtdata.inc","FIADB REF_SPECIES to NBEL BM_REF_SPECIES to NVEL wdbkwtdata.inc","2023-10-16","38548071d5aa652bb90c7f111f86b427f798a1c9"
5444,0,1,23.09,24.96,77.27,92.32,11.58,46.5,26,0.84,0.48,"wdbkwtdata.inc","FIADB REF_SPECIES to NBEL BM_REF_SPECIES to NVEL wdbkwtdata.inc","2023-10-16","38548071d5aa652bb90c7f111f86b427f798a1c9"
5462,1,8,0,0,0,0,0,0,0,0,0.457,"wdbkwtdata.inc","FIADB REF_SPECIES to NBEL BM_REF_SPECIES to NVEL wdbkwtdata.inc","2023-10-16","38548071d5aa652bb90c7f111f86b427f798a1c9"
5491,1,8,31.82,28.7,61,86,16,59.8,36.4,0.84,0.475,"wdbkwtdata.inc","FIADB REF_SPECIES to NBEL BM_REF_SPECIES to NVEL wdbkwtdata.inc","2023-10-16","38548071d5aa652bb90c7f111f86b427f798a1c9"
5492,1,8,31.82,28.7,61.08,86.05,16,59.8,36.4,0.84,0.475,"wdbkwtdata.inc","FIADB REF_SPECIES to NBEL BM_REF_SPECIES to NVEL wdbkwtdata.inc","2023-10-16","38548071d5aa652bb90c7f111f86b427f798a1c9"
5493,1,8,34.32,31.2,46,89,16,59.5,39.3,0.936,0.474,"wdbkwtdata.inc","FIADB REF_SPECIES to NBEL BM_REF_SPECIES to NVEL wdbkwtdata.inc","2023-10-16","38548071d5aa652bb90c7f111f86b427f798a1c9"
5523,1,8,0,0,0,0,0,0,0,0,0.474,"wdbkwtdata.inc","FIADB REF_SPECIES to NBEL BM_REF_SPECIES to NVEL wdbkwtdata.inc","2023-10-16","38548071d5aa652bb90c7f111f86b427f798a1c9"
5529,1,8,0,0,0,0,0,0,0,0,0.465,"wdbkwtdata.inc","FIADB REF_SPECIES to NBEL BM_REF_SPECIES to NVEL wdbkwtdata.inc","2023-10-16","38548071d5aa652bb90c7f111f86b427f798a1c9"
5559,1,8,0,0,0,0,0,0,0,0,0.457,"wdbkwtdata.inc","FIADB REF_SPECIES to NBEL BM_REF_SPECIES to NVEL wdbkwtdata.inc","2023-10-16","38548071d5aa652bb90c7f111f86b427f798a1c9"
5591,1,8,38.06,36.19,39.58,90.66,15,63.5,43.5,0.84,0.534,"wdbkwtdata.inc","FIADB REF_SPECIES to NBEL BM_REF_SPECIES to NVEL wdbkwtdata.inc","2023-10-16","38548071d5aa652bb90c7f111f86b427f798a1c9"
5599,1,8,0,0,0,0,0,0,0,0,0.474,"wdbkwtdata.inc","FIADB REF_SPECIES to NBEL BM_REF_SPECIES to NVEL wdbkwtdata.inc","2023-10-16","38548071d5aa652bb90c7f111f86b427f798a1c9"
5600,1,8,34.32,38.69,72,60,9.8,65.1,38.1,0.84,0.474,"wdbkwtdata.inc","FIADB REF_SPECIES to NBEL BM_REF_SPECIES to NVEL wdbkwtdata.inc","2023-10-16","38548071d5aa652bb90c7f111f86b427f798a1c9"
5603,1,8,32.45,33.07,75.13,80.49,15.16,65.9,37.5,0.84,0.475,"wdbkwtdata.inc","FIADB REF_SPECIES to NBEL BM_REF_SPECIES to NVEL wdbkwtdata.inc","2023-10-16","38548071d5aa652bb90c7f111f86b427f798a1c9"
5776,1,8,0,0,0,0,0,0,0,0,0.471,"wdbkwtdata.inc","FIADB REF_SPECIES to NBEL BM_REF_SPECIES to NVEL wdbkwtdata.inc","2023-10-16","38548071d5aa652bb90c7f111f86b427f798a1c9"
5800,0,1,25.58,26.21,74,71,14.3,50.9,29.3,0.952,0.479,"wdbkwtdata.inc","FIADB REF_SPECIES to NBEL BM_REF_SPECIES to NVEL wdbkwtdata.inc","2023-10-16","38548071d5aa652bb90c7f111f86b427f798a1c9"
5818,1,8,32.45,33.07,75.12,80.64,15.32,66,37.5,0.84,0.475,"wdbkwtdata.inc","FIADB REF_SPECIES to NBEL BM_REF_SPECIES to NVEL wdbkwtdata.inc","2023-10-16","38548071d5aa652bb90c7f111f86b427f798a1c9"
5965,1,8,0,0,0,0,0,0,0,0,0.437,"wdbkwtdata.inc","FIADB REF_SPECIES to NBEL BM_REF_SPECIES to NVEL wdbkwtdata.inc","2023-10-16","38548071d5aa652bb90c7f111f86b427f798a1c9"
5983,1,9,32.45,33.07,75.12,80.64,15.32,66,37.5,0.84,0.471,"wdbkwtdata.inc","FIADB REF_SPECIES to NBEL BM_REF_SPECIES to NVEL wdbkwtdata.inc","2023-10-16","38548071d5aa652bb90c7f111f86b427f798a1c9"
6001,1,8,32.45,33.07,75.13,80.49,15.16,65.9,37.5,0.84,0.475,"wdbkwtdata.inc","FIADB REF_SPECIES to NBEL BM_REF_SPECIES to NVEL wdbkwtdata.inc","2023-10-16","38548071d5aa652bb90c7f111f86b427f798a1c9"
6002,1,8,61.25,61.25,0,0,0,61.2,61.2,0,0.411,"wdbkwtdata.inc","FIADB REF_SPECIES to NBEL BM_REF_SPECIES to NVEL wdbkwtdata.inc","2023-10-16","38548071d5aa652bb90c7f111f86b427f798a1c9"
6003,1,8,42.43,42.43,75.13,80.49,15.16,85.9,48.9,0.932,0.446,"wdbkwtdata.inc","FIADB REF_SPECIES to NBEL BM_REF_SPECIES to NVEL wdbkwtdata.inc","2023-10-16","38548071d5aa652bb90c7f111f86b427f798a1c9"
6004,1,8,44.49,44.49,75.13,80.49,15.16,90.1,51.2,0.84,0.468,"wdbkwtdata.inc","FIADB REF_SPECIES to NBEL BM_REF_SPECIES to NVEL wdbkwtdata.inc","2023-10-16","38548071d5aa652bb90c7f111f86b427f798a1c9"
6006,1,8,34.32,34.32,75.13,80.49,15.16,69.5,39.5,0.84,0.474,"wdbkwtdata.inc","FIADB REF_SPECIES to NBEL BM_REF_SPECIES to NVEL wdbkwtdata.inc","2023-10-16","38548071d5aa652bb90c7f111f86b427f798a1c9"
6007,1,8,48.05,48.05,75.13,80.49,15.16,97.3,55.3,0.84,0.466,"wdbkwtdata.inc","FIADB REF_SPECIES to NBEL BM_REF_SPECIES to NVEL wdbkwtdata.inc","2023-10-16","38548071d5aa652bb90c7f111f86b427f798a1c9"
6008,1,8,32.45,33.07,75.13,80.49,15.16,65.9,37.5,0.84,0.475,"wdbkwtdata.inc","FIADB REF_SPECIES to NBEL BM_REF_SPECIES to NVEL wdbkwtdata.inc","2023-10-16","38548071d5aa652bb90c7f111f86b427f798a1c9"
6009,1,8,32.45,33.07,75.13,80.49,15.16,65.9,37.5,0.84,0.452,"wdbkwtdata.inc","FIADB REF_SPECIES to NBEL BM_REF_SPECIES to NVEL wdbkwtdata.inc","2023-10-16","38548071d5aa652bb90c7f111f86b427f798a1c9"
6010,1,8,40.56,40.56,75.13,80.49,15.16,82.1,46.7,0.84,0.394,"wdbkwtdata.inc","FIADB REF_SPECIES to NBEL BM_REF_SPECIES to NVEL wdbkwtdata.inc","2023-10-16","38548071d5aa652bb90c7f111f86b427f798a1c9"
6011,1,8,34.66,34.66,0,0,0,34.7,34.7,0,0.396,"wdbkwtdata.inc","FIADB REF_SPECIES to NBEL BM_REF_SPECIES to NVEL wdbkwtdata.inc","2023-10-16","38548071d5aa652bb90c7f111f86b427f798a1c9"
6012,1,8,32.45,33.07,75.13,80.49,15.16,65.9,37.5,0.84,0.475,"wdbkwtdata.inc","FIADB REF_SPECIES to NBEL BM_REF_SPECIES to NVEL wdbkwtdata.inc","2023-10-16","38548071d5aa652bb90c7f111f86b427f798a1c9"
6013,1,8,32.45,33.07,75.13,80.49,15.16,65.9,37.5,0.84,0.475,"wdbkwtdata.inc","FIADB REF_SPECIES to NBEL BM_REF_SPECIES to NVEL wdbkwtdata.inc","2023-10-16","38548071d5aa652bb90c7f111f86b427f798a1c9"
6014,1,8,48.05,48.05,0,0,0,48,48,0,0.466,"wdbkwtdata.inc","FIADB REF_SPECIES to NBEL BM_REF_SPECIES to NVEL wdbkwtdata.inc","2023-10-16","38548071d5aa652bb90c7f111f86b427f798a1c9"
6015,1,8,32.45,33.07,75.13,80.49,15.16,65.9,37.5,0.84,0.475,"wdbkwtdata.inc","FIADB REF_SPECIES to NBEL BM_REF_SPECIES to NVEL wdbkwtdata.inc","2023-10-16","38548071d5aa652bb90c7f111f86b427f798a1c9"
6016,1,8,0,0,0,0,0,0,0,0,0.404,"wdbkwtdata.inc","FIADB REF_SPECIES to NBEL BM_REF_SPECIES to NVEL wdbkwtdata.inc","2023-10-16","38548071d5aa652bb90c7f111f86b427f798a1c9"
6017,1,8,0,0,0,0,0,0,0,0,0.471,"wdbkwtdata.inc","FIADB REF_SPECIES to NBEL BM_REF_SPECIES to NVEL wdbkwtdata.inc","2023-10-16","38548071d5aa652bb90c7f111f86b427f798a1c9"
6018,1,8,32.45,33.07,75.13,80.49,15.16,65.9,37.5,0.84,0.475,"wdbkwtdata.inc","FIADB REF_SPECIES to NBEL BM_REF_SPECIES to NVEL wdbkwtdata.inc","2023-10-16","38548071d5aa652bb90c7f111f86b427f798a1c9"
6019,1,8,32.45,33.07,75.13,80.49,15.16,65.9,37.5,0.651,0.475,"wdbkwtdata.inc","FIADB REF_SPECIES to NBEL BM_REF_SPECIES to NVEL wdbkwtdata.inc","2023-10-16","38548071d5aa652bb90c7f111f86b427f798a1c9"
6020,1,8,0,0,0,0,0,0,0,0,0.471,"wdbkwtdata.inc","FIADB REF_SPECIES to NBEL BM_REF_SPECIES to NVEL wdbkwtdata.inc","2023-10-16","38548071d5aa652bb90c7f111f86b427f798a1c9"
6021,1,8,32.45,33.07,75.13,80.49,15.16,65.9,37.5,0.84,0.475,"wdbkwtdata.inc","FIADB REF_SPECIES to NBEL BM_REF_SPECIES to NVEL wdbkwtdata.inc","2023-10-16","38548071d5aa652bb90c7f111f86b427f798a1c9"
6023,1,8,32.45,33.07,75.13,80.49,15.16,65.9,37.5,0.84,0.475,"wdbkwtdata.inc","FIADB REF_SPECIES to NBEL BM_REF_SPECIES to NVEL wdbkwtdata.inc","2023-10-16","38548071d5aa652bb90c7f111f86b427f798a1c9"
6025,1,8,32.45,33.07,75.13,80.49,15.16,65.9,37.5,0.84,0.475,"wdbkwtdata.inc","FIADB REF_SPECIES to NBEL BM_REF_SPECIES to NVEL wdbkwtdata.inc","2023-10-16","38548071d5aa652bb90c7f111f86b427f798a1c9"
6026,1,8,32.45,33.07,75.13,80.49,15.16,65.9,37.5,0.84,0.475,"wdbkwtdata.inc","FIADB REF_SPECIES to NBEL BM_REF_SPECIES to NVEL wdbkwtdata.inc","2023-10-16","38548071d5aa652bb90c7f111f86b427f798a1c9"
6028,1,8,32.45,33.07,75.13,80.49,15.16,65.9,37.5,0.84,0.475,"wdbkwtdata.inc","FIADB REF_SPECIES to NBEL BM_REF_SPECIES to NVEL wdbkwtdata.inc","2023-10-16","38548071d5aa652bb90c7f111f86b427f798a1c9"
6029,1,8,42.43,42.43,0,0,0,42.4,42.4,0,0.469,"wdbkwtdata.inc","FIADB REF_SPECIES to NBEL BM_REF_SPECIES to NVEL wdbkwtdata.inc","2023-10-16","38548071d5aa652bb90c7f111f86b427f798a1c9"
6032,1,8,32.45,33.07,75.13,80.49,15.16,65.9,37.5,0.84,0.475,"wdbkwtdata.inc","FIADB REF_SPECIES to NBEL BM_REF_SPECIES to NVEL wdbkwtdata.inc","2023-10-16","38548071d5aa652bb90c7f111f86b427f798a1c9"
6034,1,8,32.45,33.07,75.13,80.49,15.16,65.9,37.5,0.84,0.453,"wdbkwtdata.inc","FIADB REF_SPECIES to NBEL BM_REF_SPECIES to NVEL wdbkwtdata.inc","2023-10-16","38548071d5aa652bb90c7f111f86b427f798a1c9"
6035,1,8,32.45,33.07,75.13,80.49,15.16,65.9,37.5,0.84,0.475,"wdbkwtdata.inc","FIADB REF_SPECIES to NBEL BM_REF_SPECIES to NVEL wdbkwtdata.inc","2023-10-16","38548071d5aa652bb90c7f111f86b427f798a1c9"
6036,1,8,32.45,33.07,75.13,80.49,15.16,65.9,37.5,0.84,0.475,"wdbkwtdata.inc","FIADB REF_SPECIES to NBEL BM_REF_SPECIES to NVEL wdbkwtdata.inc","2023-10-16","38548071d5aa652bb90c7f111f86b427f798a1c9"
6037,1,8,32.45,33.07,75.13,80.49,15.16,65.9,37.5,0.84,0.475,"wdbkwtdata.inc","FIADB REF_SPECIES to NBEL BM_REF_SPECIES to NVEL wdbkwtdata.inc","2023-10-16","38548071d5aa652bb90c7f111f86b427f798a1c9"
6042,1,8,41.18,41.18,75.13,80.49,15.16,83.4,47.4,0.84,0.47,"wdbkwtdata.inc","FIADB REF_SPECIES to NBEL BM_REF_SPECIES to NVEL wdbkwtdata.inc","2023-10-16","38548071d5aa652bb90c7f111f86b427f798a1c9"
6043,1,8,41.18,41.18,75.13,80.49,15.16,83.4,47.4,0.84,0.47,"wdbkwtdata.inc","FIADB REF_SPECIES to NBEL BM_REF_SPECIES to NVEL wdbkwtdata.inc","2023-10-16","38548071d5aa652bb90c7f111f86b427f798a1c9"
6044,1,8,41.18,41.18,75.13,80.49,15.16,83.4,47.4,0.84,0.47,"wdbkwtdata.inc","FIADB REF_SPECIES to NBEL BM_REF_SPECIES to NVEL wdbkwtdata.inc","2023-10-16","38548071d5aa652bb90c7f111f86b427f798a1c9"
6046,1,8,41.18,41.18,75.13,80.49,15.16,83.4,47.4,0.84,0.47,"wdbkwtdata.inc","FIADB REF_SPECIES to NBEL BM_REF_SPECIES to NVEL wdbkwtdata.inc","2023-10-16","38548071d5aa652bb90c7f111f86b427f798a1c9"
6047,1,8,41.18,41.18,0,0,0,41.2,41.2,0,0.47,"wdbkwtdata.inc","FIADB REF_SPECIES to NBEL BM_REF_SPECIES to NVEL wdbkwtdata.inc","2023-10-16","38548071d5aa652bb90c7f111f86b427f798a1c9"
6048,1,8,41.37,41.37,75.13,80.49,15.16,83.8,47.6,0.84,0.47,"wdbkwtdata.inc","FIADB REF_SPECIES to NBEL BM_REF_SPECIES to NVEL wdbkwtdata.inc","2023-10-16","38548071d5aa652bb90c7f111f86b427f798a1c9"
6049,1,8,48.09,48.09,0,0,0,48.1,48.1,0,0.466,"wdbkwtdata.inc","FIADB REF_SPECIES to NBEL BM_REF_SPECIES to NVEL wdbkwtdata.inc","2023-10-16","38548071d5aa652bb90c7f111f86b427f798a1c9"
6051,1,8,23.37,23.37,0,0,0,23.4,23.4,0,0.48,"wdbkwtdata.inc","FIADB REF_SPECIES to NBEL BM_REF_SPECIES to NVEL wdbkwtdata.inc","2023-10-16","38548071d5aa652bb90c7f111f86b427f798a1c9"
6053,1,8,32.45,33.07,75.13,80.49,15.16,65.9,37.5,0.84,0.475,"wdbkwtdata.inc","FIADB REF_SPECIES to NBEL BM_REF_SPECIES to NVEL wdbkwtdata.inc","2023-10-16","38548071d5aa652bb90c7f111f86b427f798a1c9"
6055,1,8,32.45,33.07,75.13,80.49,15.16,65.9,37.5,0.84,0.475,"wdbkwtdata.inc","FIADB REF_SPECIES to NBEL BM_REF_SPECIES to NVEL wdbkwtdata.inc","2023-10-16","38548071d5aa652bb90c7f111f86b427f798a1c9"
6056,1,8,32.45,33.07,75.13,80.49,15.16,65.9,37.5,0.84,0.475,"wdbkwtdata.inc","FIADB REF_SPECIES to NBEL BM_REF_SPECIES to NVEL wdbkwtdata.inc","2023-10-16","38548071d5aa652bb90c7f111f86b427f798a1c9"
6057,1,8,18.72,18.72,75.13,80.49,15.16,37.9,21.6,0.84,0.483,"wdbkwtdata.inc","FIADB REF_SPECIES to NBEL BM_REF_SPECIES to NVEL wdbkwtdata.inc","2023-10-16","38548071d5aa652bb90c7f111f86b427f798a1c9"
6058,1,8,17.73,17.73,75.13,80.49,15.16,35.9,20.4,0.84,0.483,"wdbkwtdata.inc","FIADB REF_SPECIES to NBEL BM_REF_SPECIES to NVEL wdbkwtdata.inc","2023-10-16","38548071d5aa652bb90c7f111f86b427f798a1c9"
6059,1,8,32.45,33.07,75.13,80.49,15.16,65.9,37.5,0.84,0.475,"wdbkwtdata.inc","FIADB REF_SPECIES to NBEL BM_REF_SPECIES to NVEL wdbkwtdata.inc","2023-10-16","38548071d5aa652bb90c7f111f86b427f798a1c9"
6060,1,8,32.45,33.07,75.13,80.49,15.16,65.9,37.5,0.84,0.475,"wdbkwtdata.inc","FIADB REF_SPECIES to NBEL BM_REF_SPECIES to NVEL wdbkwtdata.inc","2023-10-16","38548071d5aa652bb90c7f111f86b427f798a1c9"
6061,1,8,28.7,28.7,0,0,0,28.7,28.7,0,0.477,"wdbkwtdata.inc","FIADB REF_SPECIES to NBEL BM_REF_SPECIES to NVEL wdbkwtdata.inc","2023-10-16","38548071d5aa652bb90c7f111f86b427f798a1c9"
6062,1,8,35.57,35.57,75.13,80.49,15.16,72,41,0.84,0.473,"wdbkwtdata.inc","FIADB REF_SPECIES to NBEL BM_REF_SPECIES to NVEL wdbkwtdata.inc","2023-10-16","38548071d5aa652bb90c7f111f86b427f798a1c9"
6063,1,8,33.58,33.58,75.13,80.49,15.16,68,38.7,0.84,0.474,"wdbkwtdata.inc","FIADB REF_SPECIES to NBEL BM_REF_SPECIES to NVEL wdbkwtdata.inc","2023-10-16","38548071d5aa652bb90c7f111f86b427f798a1c9"
6064,1,8,32.45,33.07,75.13,80.49,15.16,65.9,37.5,0.84,0.475,"wdbkwtdata.inc","FIADB REF_SPECIES to NBEL BM_REF_SPECIES to NVEL wdbkwtdata.inc","2023-10-16","38548071d5aa652bb90c7f111f86b427f798a1c9"
6066,1,8,32.45,33.07,75.13,80.49,15.16,65.9,37.5,0.84,0.475,"wdbkwtdata.inc","FIADB REF_SPECIES to NBEL BM_REF_SPECIES to NVEL wdbkwtdata.inc","2023-10-16","38548071d5aa652bb90c7f111f86b427f798a1c9"
6069,1,8,58.62,58.62,0,0,0,58.6,58.6,0,0.46,"wdbkwtdata.inc","FIADB REF_SPECIES to NBEL BM_REF_SPECIES to NVEL wdbkwtdata.inc","2023-10-16","38548071d5aa652bb90c7f111f86b427f798a1c9"
6073,1,8,58.62,58.62,0,0,0,58.6,58.6,0,0.46,"wdbkwtdata.inc","FIADB REF_SPECIES to NBEL BM_REF_SPECIES to NVEL wdbkwtdata.inc","2023-10-16","38548071d5aa652bb90c7f111f86b427f798a1c9"
6075,1,8,32.45,33.07,75.13,80.49,15.16,65.9,37.5,0.84,0.475,"wdbkwtdata.inc","FIADB REF_SPECIES to NBEL BM_REF_SPECIES to NVEL wdbkwtdata.inc","2023-10-16","38548071d5aa652bb90c7f111f86b427f798a1c9"
6077,1,8,23,23,0,0,0,23,23,0,0.48,"wdbkwtdata.inc","FIADB REF_SPECIES to NBEL BM_REF_SPECIES to NVEL wdbkwtdata.inc","2023-10-16","38548071d5aa652bb90c7f111f86b427f798a1c9"
6078,1,8,26.83,26.83,0,0,0,26.8,26.8,0,0.478,"wdbkwtdata.inc","FIADB REF_SPECIES to NBEL BM_REF_SPECIES to NVEL wdbkwtdata.inc","2023-10-16","38548071d5aa652bb90c7f111f86b427f798a1c9"
6080,1,8,32.45,33.07,75.13,80.49,15.16,65.9,37.5,0.84,0.475,"wdbkwtdata.inc","FIADB REF_SPECIES to NBEL BM_REF_SPECIES to NVEL wdbkwtdata.inc","2023-10-16","38548071d5aa652bb90c7f111f86b427f798a1c9"
6082,1,8,32.45,33.07,75.13,80.49,15.16,65.9,37.5,0.84,0.475,"wdbkwtdata.inc","FIADB REF_SPECIES to NBEL BM_REF_SPECIES to NVEL wdbkwtdata.inc","2023-10-16","38548071d5aa652bb90c7f111f86b427f798a1c9"
6083,1,8,31.82,31.82,75.13,80.49,15.16,64.4,36.6,0.84,0.475,"wdbkwtdata.inc","FIADB REF_SPECIES to NBEL BM_REF_SPECIES to NVEL wdbkwtdata.inc","2023-10-16","38548071d5aa652bb90c7f111f86b427f798a1c9"
6084,1,8,31.82,31.82,75.13,80.49,15.16,64.4,36.6,0.84,0.475,"wdbkwtdata.inc","FIADB REF_SPECIES to NBEL BM_REF_SPECIES to NVEL wdbkwtdata.inc","2023-10-16","38548071d5aa652bb90c7f111f86b427f798a1c9"
6085,1,8,31.82,31.82,75.13,80.49,15.16,64.4,36.6,0.84,0.475,"wdbkwtdata.inc","FIADB REF_SPECIES to NBEL BM_REF_SPECIES to NVEL wdbkwtdata.inc","2023-10-16","38548071d5aa652bb90c7f111f86b427f798a1c9"
6086,1,8,24.07,24.07,0,0,0,24.1,24.1,0,0.479,"wdbkwtdata.inc","FIADB REF_SPECIES to NBEL BM_REF_SPECIES to NVEL wdbkwtdata.inc","2023-10-16","38548071d5aa652bb90c7f111f86b427f798a1c9"
6088,1,8,31.2,31.2,75.13,80.49,15.16,63.2,35.9,0.84,0.476,"wdbkwtdata.inc","FIADB REF_SPECIES to NBEL BM_REF_SPECIES to NVEL wdbkwtdata.inc","2023-10-16","38548071d5aa652bb90c7f111f86b427f798a1c9"
6089,1,8,31.2,31.2,75.13,80.49,15.16,63.2,35.9,0.84,0.476,"wdbkwtdata.inc","FIADB REF_SPECIES to NBEL BM_REF_SPECIES to NVEL wdbkwtdata.inc","2023-10-16","38548071d5aa652bb90c7f111f86b427f798a1c9"
6090,1,8,31.2,31.2,75.13,80.49,15.16,63.2,35.9,0.84,0.476,"wdbkwtdata.inc","FIADB REF_SPECIES to NBEL BM_REF_SPECIES to NVEL wdbkwtdata.inc","2023-10-16","38548071d5aa652bb90c7f111f86b427f798a1c9"
6091,1,8,24.96,24.96,75.13,80.49,15.16,50.5,28.7,0.84,0.479,"wdbkwtdata.inc","FIADB REF_SPECIES to NBEL BM_REF_SPECIES to NVEL wdbkwtdata.inc","2023-10-16","38548071d5aa652bb90c7f111f86b427f798a1c9"
6092,1,8,32.45,33.07,75.13,80.49,15.16,65.9,37.5,0.84,0.475,"wdbkwtdata.inc","FIADB REF_SPECIES to NBEL BM_REF_SPECIES to NVEL wdbkwtdata.inc","2023-10-16","38548071d5aa652bb90c7f111f86b427f798a1c9"
6093,1,8,32.45,33.07,75.13,80.49,15.16,65.9,37.5,0.84,0.475,"wdbkwtdata.inc","FIADB REF_SPECIES to NBEL BM_REF_SPECIES to NVEL wdbkwtdata.inc","2023-10-16","38548071d5aa652bb90c7f111f86b427f798a1c9"
6095,1,8,34.92,34.92,0,0,0,34.9,34.9,0,0.473,"wdbkwtdata.inc","FIADB REF_SPECIES to NBEL BM_REF_SPECIES to NVEL wdbkwtdata.inc","2023-10-16","38548071d5aa652bb90c7f111f86b427f798a1c9"
6096,1,8,24.18,24.18,75.13,80.49,15.16,49,27.8,0.84,0.479,"wdbkwtdata.inc","FIADB REF_SPECIES to NBEL BM_REF_SPECIES to NVEL wdbkwtdata.inc","2023-10-16","38548071d5aa652bb90c7f111f86b427f798a1c9"
6097,1,8,24.18,24.18,0,0,0,24.2,24.2,0,0.479,"wdbkwtdata.inc","FIADB REF_SPECIES to NBEL BM_REF_SPECIES to NVEL wdbkwtdata.inc","2023-10-16","38548071d5aa652bb90c7f111f86b427f798a1c9"
6101,1,8,32.45,33.07,75.13,80.49,15.16,65.9,37.5,0.84,0.475,"wdbkwtdata.inc","FIADB REF_SPECIES to NBEL BM_REF_SPECIES to NVEL wdbkwtdata.inc","2023-10-16","38548071d5aa652bb90c7f111f86b427f798a1c9"
6103,1,8,32.45,33.07,75.13,80.49,15.16,65.9,37.5,0.84,0.475,"wdbkwtdata.inc","FIADB REF_SPECIES to NBEL BM_REF_SPECIES to NVEL wdbkwtdata.inc","2023-10-16","38548071d5aa652bb90c7f111f86b427f798a1c9"
6106,1,8,32.45,33.07,75.13,80.49,15.16,65.9,37.5,0.84,0.475,"wdbkwtdata.inc","FIADB REF_SPECIES to NBEL BM_REF_SPECIES to NVEL wdbkwtdata.inc","2023-10-16","38548071d5aa652bb90c7f111f86b427f798a1c9"
6107,1,8,32.45,33.07,75.13,80.49,15.16,65.9,37.5,0.84,0.475,"wdbkwtdata.inc","FIADB REF_SPECIES to NBEL BM_REF_SPECIES to NVEL wdbkwtdata.inc","2023-10-16","38548071d5aa652bb90c7f111f86b427f798a1c9"
6108,1,8,48.05,48.05,75.13,80.49,15.16,97.3,55.3,0.84,0.466,"wdbkwtdata.inc","FIADB REF_SPECIES to NBEL BM_REF_SPECIES to NVEL wdbkwtdata.inc","2023-10-16","38548071d5aa652bb90c7f111f86b427f798a1c9"
6109,1,8,47.83,47.83,0,0,0,47.8,47.8,0,0.466,"wdbkwtdata.inc","FIADB REF_SPECIES to NBEL BM_REF_SPECIES to NVEL wdbkwtdata.inc","2023-10-16","38548071d5aa652bb90c7f111f86b427f798a1c9"
6111,1,8,32.45,33.07,75.13,80.49,15.16,65.9,37.5,0.84,0.475,"wdbkwtdata.inc","FIADB REF_SPECIES to NBEL BM_REF_SPECIES to NVEL wdbkwtdata.inc","2023-10-16","38548071d5aa652bb90c7f111f86b427f798a1c9"
6114,1,8,32.45,33.07,75.13,80.49,15.16,65.9,37.5,0.84,0.475,"wdbkwtdata.inc","FIADB REF_SPECIES to NBEL BM_REF_SPECIES to NVEL wdbkwtdata.inc","2023-10-16","38548071d5aa652bb90c7f111f86b427f798a1c9"
6118,1,8,31.2,31.2,0,0,0,31.2,31.2,0,0.476,"wdbkwtdata.inc","FIADB REF_SPECIES to NBEL BM_REF_SPECIES to NVEL wdbkwtdata.inc","2023-10-16","38548071d5aa652bb90c7f111f86b427f798a1c9"
6120,1,8,32.45,33.07,75.13,80.49,15.16,65.9,37.5,0.84,0.475,"wdbkwtdata.inc","FIADB REF_SPECIES to NBEL BM_REF_SPECIES to NVEL wdbkwtdata.inc","2023-10-16","38548071d5aa652bb90c7f111f86b427f798a1c9"
6124,1,8,32.45,33.07,75.13,80.49,15.16,65.9,37.5,0.84,0.475,"wdbkwtdata.inc","FIADB REF_SPECIES to NBEL BM_REF_SPECIES to NVEL wdbkwtdata.inc","2023-10-16","38548071d5aa652bb90c7f111f86b427f798a1c9"
6125,1,8,32.45,33.07,75.13,80.49,15.16,65.9,37.5,0.84,0.475,"wdbkwtdata.inc","FIADB REF_SPECIES to NBEL BM_REF_SPECIES to NVEL wdbkwtdata.inc","2023-10-16","38548071d5aa652bb90c7f111f86b427f798a1c9"
6127,1,8,32.45,33.07,75.13,80.49,15.16,65.9,37.5,0.84,0.475,"wdbkwtdata.inc","FIADB REF_SPECIES to NBEL BM_REF_SPECIES to NVEL wdbkwtdata.inc","2023-10-16","38548071d5aa652bb90c7f111f86b427f798a1c9"
6128,1,8,32.45,33.07,75.13,80.49,15.16,65.9,37.5,0.84,0.475,"wdbkwtdata.inc","FIADB REF_SPECIES to NBEL BM_REF_SPECIES to NVEL wdbkwtdata.inc","2023-10-16","38548071d5aa652bb90c7f111f86b427f798a1c9"
6129,1,8,32.45,33.07,75.13,80.49,15.16,65.9,37.5,0.84,0.475,"wdbkwtdata.inc","FIADB REF_SPECIES to NBEL BM_REF_SPECIES to NVEL wdbkwtdata.inc","2023-10-16","38548071d5aa652bb90c7f111f86b427f798a1c9"
6130,1,8,31.2,31.2,0,0,0,31.2,31.2,0,0.476,"wdbkwtdata.inc","FIADB REF_SPECIES to NBEL BM_REF_SPECIES to NVEL wdbkwtdata.inc","2023-10-16","38548071d5aa652bb90c7f111f86b427f798a1c9"
6131,1,8,32.45,33.07,75.13,80.49,15.16,65.9,37.5,0.84,0.475,"wdbkwtdata.inc","FIADB REF_SPECIES to NBEL BM_REF_SPECIES to NVEL wdbkwtdata.inc","2023-10-16","38548071d5aa652bb90c7f111f86b427f798a1c9"
6135,1,8,41.81,41.81,0,0,0,41.8,41.8,0,0.47,"wdbkwtdata.inc","FIADB REF_SPECIES to NBEL BM_REF_SPECIES to NVEL wdbkwtdata.inc","2023-10-16","38548071d5aa652bb90c7f111f86b427f798a1c9"
6137,1,8,32.45,33.07,75.13,80.49,15.16,65.9,37.5,0.84,0.475,"wdbkwtdata.inc","FIADB REF_SPECIES to NBEL BM_REF_SPECIES to NVEL wdbkwtdata.inc","2023-10-16","38548071d5aa652bb90c7f111f86b427f798a1c9"
6138,1,8,38.95,38.95,75.13,80.49,15.16,78.9,44.9,0.84,0.471,"wdbkwtdata.inc","FIADB REF_SPECIES to NBEL BM_REF_SPECIES to NVEL wdbkwtdata.inc","2023-10-16","38548071d5aa652bb90c7f111f86b427f798a1c9"
6139,1,8,41.81,41.81,75.13,80.49,15.16,84.7,48.1,0.84,0.47,"wdbkwtdata.inc","FIADB REF_SPECIES to NBEL BM_REF_SPECIES to NVEL wdbkwtdata.inc","2023-10-16","38548071d5aa652bb90c7f111f86b427f798a1c9"
6142,1,8,38.95,38.95,75.13,80.49,15.16,78.9,44.9,0.84,0.471,"wdbkwtdata.inc","FIADB REF_SPECIES to NBEL BM_REF_SPECIES to NVEL wdbkwtdata.inc","2023-10-16","38548071d5aa652bb90c7f111f86b427f798a1c9"
6143,1,8,38.95,38.95,75.13,80.49,15.16,78.9,44.9,0.84,0.471,"wdbkwtdata.inc","FIADB REF_SPECIES to NBEL BM_REF_SPECIES to NVEL wdbkwtdata.inc","2023-10-16","38548071d5aa652bb90c7f111f86b427f798a1c9"
6144,1,8,38.95,38.95,0,0,0,39,39,0,0.471,"wdbkwtdata.inc","FIADB REF_SPECIES to NBEL BM_REF_SPECIES to NVEL wdbkwtdata.inc","2023-10-16","38548071d5aa652bb90c7f111f86b427f798a1c9"
6145,1,8,38.95,38.95,75.13,80.49,15.16,78.9,44.9,0.84,0.471,"wdbkwtdata.inc","FIADB REF_SPECIES to NBEL BM_REF_SPECIES to NVEL wdbkwtdata.inc","2023-10-16","38548071d5aa652bb90c7f111f86b427f798a1c9"
6146,1,8,32.45,33.07,75.13,80.49,15.16,65.9,37.5,0.84,0.475,"wdbkwtdata.inc","FIADB REF_SPECIES to NBEL BM_REF_SPECIES to NVEL wdbkwtdata.inc","2023-10-16","38548071d5aa652bb90c7f111f86b427f798a1c9"
6147,1,8,32.45,33.07,75.13,80.49,15.16,65.9,37.5,0.84,0.475,"wdbkwtdata.inc","FIADB REF_SPECIES to NBEL BM_REF_SPECIES to NVEL wdbkwtdata.inc","2023-10-16","38548071d5aa652bb90c7f111f86b427f798a1c9"
6148,1,8,40.56,40.56,0,0,0,40.6,40.6,0,0.47,"wdbkwtdata.inc","FIADB REF_SPECIES to NBEL BM_REF_SPECIES to NVEL wdbkwtdata.inc","2023-10-16","38548071d5aa652bb90c7f111f86b427f798a1c9"
6149,1,8,32.45,33.07,75.13,80.49,15.16,65.9,37.5,0.84,0.475,"wdbkwtdata.inc","FIADB REF_SPECIES to NBEL BM_REF_SPECIES to NVEL wdbkwtdata.inc","2023-10-16","38548071d5aa652bb90c7f111f86b427f798a1c9"
6150,1,8,32.45,33.07,75.13,80.49,15.16,65.9,37.5,0.84,0.475,"wdbkwtdata.inc","FIADB REF_SPECIES to NBEL BM_REF_SPECIES to NVEL wdbkwtdata.inc","2023-10-16","38548071d5aa652bb90c7f111f86b427f798a1c9"
6151,1,8,32.45,33.07,75.13,80.49,15.16,65.9,37.5,0.84,0.475,"wdbkwtdata.inc","FIADB REF_SPECIES to NBEL BM_REF_SPECIES to NVEL wdbkwtdata.inc","2023-10-16","38548071d5aa652bb90c7f111f86b427f798a1c9"
6152,1,8,32.45,33.07,75.13,80.49,15.16,65.9,37.5,0.84,0.475,"wdbkwtdata.inc","FIADB REF_SPECIES to NBEL BM_REF_SPECIES to NVEL wdbkwtdata.inc","2023-10-16","38548071d5aa652bb90c7f111f86b427f798a1c9"
6154,0,4,32.45,33.07,75.13,80.49,15.16,65.9,37.5,0.458,0.475,"wdbkwtdata.inc","FIADB REF_SPECIES to NBEL BM_REF_SPECIES to NVEL wdbkwtdata.inc","2023-10-16","38548071d5aa652bb90c7f111f86b427f798a1c9"
6155,0,4,25.58,26.21,74.28,70.51,14.47,51.1,29.4,0.458,0.479,"wdbkwtdata.inc","FIADB REF_SPECIES to NBEL BM_REF_SPECIES to NVEL wdbkwtdata.inc","2023-10-16","38548071d5aa652bb90c7f111f86b427f798a1c9"
6156,0,4,25.58,26.21,74.29,70.5,14.31,51,29.3,0.458,0.479,"wdbkwtdata.inc","FIADB REF_SPECIES to NBEL BM_REF_SPECIES to NVEL wdbkwtdata.inc","2023-10-16","38548071d5aa652bb90c7f111f86b427f798a1c9"
6157,0,4,32.45,33.07,75.13,80.49,15.16,65.9,37.5,0.458,0.475,"wdbkwtdata.inc","FIADB REF_SPECIES to NBEL BM_REF_SPECIES to NVEL wdbkwtdata.inc","2023-10-16","38548071d5aa652bb90c7f111f86b427f798a1c9"
6158,0,4,27.8,27.8,0,0,0,27.8,27.8,0.458,0.477,"wdbkwtdata.inc","FIADB REF_SPECIES to NBEL BM_REF_SPECIES to NVEL wdbkwtdata.inc","2023-10-16","38548071d5aa652bb90c7f111f86b427f798a1c9"
6159,1,8,51.58,51.58,75.13,80.49,15.16,104.4,59.4,0.84,0.464,"wdbkwtdata.inc","FIADB REF_SPECIES to NBEL BM_REF_SPECIES to NVEL wdbkwtdata.inc","2023-10-16","38548071d5aa652bb90c7f111f86b427f798a1c9"
6160,1,8,32.45,33.07,75.13,80.49,15.16,65.9,37.5,0.84,0.475,"wdbkwtdata.inc","FIADB REF_SPECIES to NBEL BM_REF_SPECIES to NVEL wdbkwtdata.inc","2023-10-16","38548071d5aa652bb90c7f111f86b427f798a1c9"
6161,1,8,38.69,38.69,75.13,80.49,15.16,78.3,44.6,0.84,0.471,"wdbkwtdata.inc","FIADB REF_SPECIES to NBEL BM_REF_SPECIES to NVEL wdbkwtdata.inc","2023-10-16","38548071d5aa652bb90c7f111f86b427f798a1c9"
6162,1,8,32.45,33.07,75.13,80.49,15.16,65.9,37.5,0.84,0.475,"wdbkwtdata.inc","FIADB REF_SPECIES to NBEL BM_REF_SPECIES to NVEL wdbkwtdata.inc","2023-10-16","38548071d5aa652bb90c7f111f86b427f798a1c9"
6163,1,8,32.45,33.07,75.13,80.49,15.16,65.9,37.5,0.84,0.475,"wdbkwtdata.inc","FIADB REF_SPECIES to NBEL BM_REF_SPECIES to NVEL wdbkwtdata.inc","2023-10-16","38548071d5aa652bb90c7f111f86b427f798a1c9"
6164,1,8,32.45,33.07,75.13,80.49,15.16,65.9,37.5,0.84,0.475,"wdbkwtdata.inc","FIADB REF_SPECIES to NBEL BM_REF_SPECIES to NVEL wdbkwtdata.inc","2023-10-16","38548071d5aa652bb90c7f111f86b427f798a1c9"
6165,1,8,32.45,33.07,75.13,80.49,15.16,65.9,37.5,0.84,0.475,"wdbkwtdata.inc","FIADB REF_SPECIES to NBEL BM_REF_SPECIES to NVEL wdbkwtdata.inc","2023-10-16","38548071d5aa652bb90c7f111f86b427f798a1c9"
6166,1,8,38.69,38.69,0,0,0,38.7,38.7,0,0.471,"wdbkwtdata.inc","FIADB REF_SPECIES to NBEL BM_REF_SPECIES to NVEL wdbkwtdata.inc","2023-10-16","38548071d5aa652bb90c7f111f86b427f798a1c9"
6167,1,8,29.95,29.95,75.13,80.49,15.16,60.7,34.5,0.84,0.476,"wdbkwtdata.inc","FIADB REF_SPECIES to NBEL BM_REF_SPECIES to NVEL wdbkwtdata.inc","2023-10-16","38548071d5aa652bb90c7f111f86b427f798a1c9"
6169,1,8,29.95,29.95,0,0,0,30,30,0,0.476,"wdbkwtdata.inc","FIADB REF_SPECIES to NBEL BM_REF_SPECIES to NVEL wdbkwtdata.inc","2023-10-16","38548071d5aa652bb90c7f111f86b427f798a1c9"
6171,1,8,32.45,33.07,75.13,80.49,15.16,65.9,37.5,0.84,0.475,"wdbkwtdata.inc","FIADB REF_SPECIES to NBEL BM_REF_SPECIES to NVEL wdbkwtdata.inc","2023-10-16","38548071d5aa652bb90c7f111f86b427f798a1c9"
6173,1,8,32.45,33.07,75.13,80.49,15.16,65.9,37.5,0.84,0.475,"wdbkwtdata.inc","FIADB REF_SPECIES to NBEL BM_REF_SPECIES to NVEL wdbkwtdata.inc","2023-10-16","38548071d5aa652bb90c7f111f86b427f798a1c9"
6175,1,8,30.2,30.2,75.13,80.49,15.16,61.2,34.8,0.84,0.476,"wdbkwtdata.inc","FIADB REF_SPECIES to NBEL BM_REF_SPECIES to NVEL wdbkwtdata.inc","2023-10-16","38548071d5aa652bb90c7f111f86b427f798a1c9"
6176,1,8,30.2,30.2,0,0,0,30.2,30.2,0,0.476,"wdbkwtdata.inc","FIADB REF_SPECIES to NBEL BM_REF_SPECIES to NVEL wdbkwtdata.inc","2023-10-16","38548071d5aa652bb90c7f111f86b427f798a1c9"
6177,1,8,34.32,34.32,0,0,0,34.3,34.3,0,0.474,"wdbkwtdata.inc","FIADB REF_SPECIES to NBEL BM_REF_SPECIES to NVEL wdbkwtdata.inc","2023-10-16","38548071d5aa652bb90c7f111f86b427f798a1c9"
6178,1,8,30.2,30.2,0,0,0,30.2,30.2,0,0.476,"wdbkwtdata.inc","FIADB REF_SPECIES to NBEL BM_REF_SPECIES to NVEL wdbkwtdata.inc","2023-10-16","38548071d5aa652bb90c7f111f86b427f798a1c9"
6179,1,8,39.49,39.49,75.13,80.49,15.16,80,45.5,0.84,0.471,"wdbkwtdata.inc","FIADB REF_SPECIES to NBEL BM_REF_SPECIES to NVEL wdbkwtdata.inc","2023-10-16","38548071d5aa652bb90c7f111f86b427f798a1c9"
6180,1,8,36.19,37.44,66,60,15,69.1,41.8,0.964,0.473,"wdbkwtdata.inc","FIADB REF_SPECIES to NBEL BM_REF_SPECIES to NVEL wdbkwtdata.inc","2023-10-16","38548071d5aa652bb90c7f111f86b427f798a1c9"
6181,1,8,28.08,28.08,0,0,0,28.1,28.1,0,0.477,"wdbkwtdata.inc","FIADB REF_SPECIES to NBEL BM_REF_SPECIES to NVEL wdbkwtdata.inc","2023-10-16","38548071d5aa652bb90c7f111f86b427f798a1c9"
6184,1,8,42.74,42.74,75.13,80.49,15.16,86.6,49.2,0.84,0.469,"wdbkwtdata.inc","FIADB REF_SPECIES to NBEL BM_REF_SPECIES to NVEL wdbkwtdata.inc","2023-10-16","38548071d5aa652bb90c7f111f86b427f798a1c9"
6185,1,8,42.43,42.43,0,0,0,42.4,42.4,0,0.469,"wdbkwtdata.inc","FIADB REF_SPECIES to NBEL BM_REF_SPECIES to NVEL wdbkwtdata.inc","2023-10-16","38548071d5aa652bb90c7f111f86b427f798a1c9"
6186,1,8,42.43,42.43,75.13,80.49,15.16,85.9,48.9,0.84,0.469,"wdbkwtdata.inc","FIADB REF_SPECIES to NBEL BM_REF_SPECIES to NVEL wdbkwtdata.inc","2023-10-16","38548071d5aa652bb90c7f111f86b427f798a1c9"
6187,1,8,42.43,42.43,75.13,80.49,15.16,85.9,48.9,0.84,0.469,"wdbkwtdata.inc","FIADB REF_SPECIES to NBEL BM_REF_SPECIES to NVEL wdbkwtdata.inc","2023-10-16","38548071d5aa652bb90c7f111f86b427f798a1c9"
6188,1,8,42.43,42.43,0,0,0,42.4,42.4,0,0.469,"wdbkwtdata.inc","FIADB REF_SPECIES to NBEL BM_REF_SPECIES to NVEL wdbkwtdata.inc","2023-10-16","38548071d5aa652bb90c7f111f86b427f798a1c9"
6189,1,8,42.43,42.43,0,0,0,42.4,42.4,0,0.469,"wdbkwtdata.inc","FIADB REF_SPECIES to NBEL BM_REF_SPECIES to NVEL wdbkwtdata.inc","2023-10-16","38548071d5aa652bb90c7f111f86b427f798a1c9"
6190,1,8,42.43,42.43,0,0,0,42.4,42.4,0,0.469,"wdbkwtdata.inc","FIADB REF_SPECIES to NBEL BM_REF_SPECIES to NVEL wdbkwtdata.inc","2023-10-16","38548071d5aa652bb90c7f111f86b427f798a1c9"
6193,1,8,40.56,40.56,75.13,80.49,15.16,82.1,46.7,0.84,0.47,"wdbkwtdata.inc","FIADB REF_SPECIES to NBEL BM_REF_SPECIES to NVEL wdbkwtdata.inc","2023-10-16","38548071d5aa652bb90c7f111f86b427f798a1c9"
6197,1,8,26.21,26.21,75.13,80.49,15.16,53.1,30.2,0.84,0.478,"wdbkwtdata.inc","FIADB REF_SPECIES to NBEL BM_REF_SPECIES to NVEL wdbkwtdata.inc","2023-10-16","38548071d5aa652bb90c7f111f86b427f798a1c9"
6198,1,8,32.45,33.07,75.13,80.49,15.16,65.9,37.5,0.84,0.475,"wdbkwtdata.inc","FIADB REF_SPECIES to NBEL BM_REF_SPECIES to NVEL wdbkwtdata.inc","2023-10-16","38548071d5aa652bb90c7f111f86b427f798a1c9"
6199,1,8,34.94,34.94,0,0,0,34.9,34.9,0,0.473,"wdbkwtdata.inc","FIADB REF_SPECIES to NBEL BM_REF_SPECIES to NVEL wdbkwtdata.inc","2023-10-16","38548071d5aa652bb90c7f111f86b427f798a1c9"
6200,1,8,33.07,33.07,0,0,0,33.1,33.1,0,0.474,"wdbkwtdata.inc","FIADB REF_SPECIES to NBEL BM_REF_SPECIES to NVEL wdbkwtdata.inc","2023-10-16","38548071d5aa652bb90c7f111f86b427f798a1c9"
6203,1,8,40.56,40.56,75.13,80.49,15.16,82.1,46.7,0.84,0.426,"wdbkwtdata.inc","FIADB REF_SPECIES to NBEL BM_REF_SPECIES to NVEL wdbkwtdata.inc","2023-10-16","38548071d5aa652bb90c7f111f86b427f798a1c9"
6205,1,8,40.56,40.56,0,0,0,40.6,40.6,0,0.47,"wdbkwtdata.inc","FIADB REF_SPECIES to NBEL BM_REF_SPECIES to NVEL wdbkwtdata.inc","2023-10-16","38548071d5aa652bb90c7f111f86b427f798a1c9"
6206,1,8,32.45,33.07,75.13,80.49,15.16,65.9,37.5,0.84,0.475,"wdbkwtdata.inc","FIADB REF_SPECIES to NBEL BM_REF_SPECIES to NVEL wdbkwtdata.inc","2023-10-16","38548071d5aa652bb90c7f111f86b427f798a1c9"
6208,1,8,36.19,36.19,75.13,80.49,15.16,73.3,41.7,0.84,0.473,"wdbkwtdata.inc","FIADB REF_SPECIES to NBEL BM_REF_SPECIES to NVEL wdbkwtdata.inc","2023-10-16","38548071d5aa652bb90c7f111f86b427f798a1c9"
6212,0,1,30.58,19.97,56.98,81.38,14,53.1,33.4,0.84,0.424,"wdbkwtdata.inc","FIADB REF_SPECIES to NBEL BM_REF_SPECIES to NVEL wdbkwtdata.inc","2023-10-16","38548071d5aa652bb90c7f111f86b427f798a1c9"
6213,1,8,40.56,40.56,75.13,80.49,15.16,82.1,46.7,0.84,0.47,"wdbkwtdata.inc","FIADB REF_SPECIES to NBEL BM_REF_SPECIES to NVEL wdbkwtdata.inc","2023-10-16","38548071d5aa652bb90c7f111f86b427f798a1c9"
6215,1,8,31.2,31.2,75.13,80.49,15.16,63.2,35.9,0.84,0.476,"wdbkwtdata.inc","FIADB REF_SPECIES to NBEL BM_REF_SPECIES to NVEL wdbkwtdata.inc","2023-10-16","38548071d5aa652bb90c7f111f86b427f798a1c9"
6216,1,8,32.45,33.07,75.13,80.49,15.16,65.9,37.5,0.84,0.475,"wdbkwtdata.inc","FIADB REF_SPECIES to NBEL BM_REF_SPECIES to NVEL wdbkwtdata.inc","2023-10-16","38548071d5aa652bb90c7f111f86b427f798a1c9"
6217,1,8,32.45,33.07,75.13,80.49,15.16,65.9,37.5,0.84,0.475,"wdbkwtdata.inc","FIADB REF_SPECIES to NBEL BM_REF_SPECIES to NVEL wdbkwtdata.inc","2023-10-16","38548071d5aa652bb90c7f111f86b427f798a1c9"
6218,1,8,32.45,33.07,75.13,80.49,15.16,65.9,37.5,0.84,0.475,"wdbkwtdata.inc","FIADB REF_SPECIES to NBEL BM_REF_SPECIES to NVEL wdbkwtdata.inc","2023-10-16","38548071d5aa652bb90c7f111f86b427f798a1c9"
6219,1,8,32.45,33.07,75.13,80.49,15.16,65.9,37.5,0.84,0.475,"wdbkwtdata.inc","FIADB REF_SPECIES to NBEL BM_REF_SPECIES to NVEL wdbkwtdata.inc","2023-10-16","38548071d5aa652bb90c7f111f86b427f798a1c9"
6220,1,8,32.45,33.07,75.13,80.49,15.16,65.9,37.5,0.84,0.475,"wdbkwtdata.inc","FIADB REF_SPECIES to NBEL BM_REF_SPECIES to NVEL wdbkwtdata.inc","2023-10-16","38548071d5aa652bb90c7f111f86b427f798a1c9"
6221,1,8,26.83,26.83,75.13,80.49,15.16,54.3,30.9,0.84,0.395,"wdbkwtdata.inc","FIADB REF_SPECIES to NBEL BM_REF_SPECIES to NVEL wdbkwtdata.inc","2023-10-16","38548071d5aa652bb90c7f111f86b427f798a1c9"
6222,1,8,29.28,29.28,75.13,80.49,15.16,59.3,33.7,0.84,0.477,"wdbkwtdata.inc","FIADB REF_SPECIES to NBEL BM_REF_SPECIES to NVEL wdbkwtdata.inc","2023-10-16","38548071d5aa652bb90c7f111f86b427f798a1c9"
6223,1,8,29.28,29.28,0,0,0,29.3,29.3,0,0.477,"wdbkwtdata.inc","FIADB REF_SPECIES to NBEL BM_REF_SPECIES to NVEL wdbkwtdata.inc","2023-10-16","38548071d5aa652bb90c7f111f86b427f798a1c9"
6224,1,8,32.45,33.07,75.13,80.49,15.16,65.9,37.5,0.84,0.475,"wdbkwtdata.inc","FIADB REF_SPECIES to NBEL BM_REF_SPECIES to NVEL wdbkwtdata.inc","2023-10-16","38548071d5aa652bb90c7f111f86b427f798a1c9"
6225,1,8,42.98,42.98,0,0,0,43,43,0,0.469,"wdbkwtdata.inc","FIADB REF_SPECIES to NBEL BM_REF_SPECIES to NVEL wdbkwtdata.inc","2023-10-16","38548071d5aa652bb90c7f111f86b427f798a1c9"
6226,1,8,32.45,33.07,75.13,80.49,15.16,65.9,37.5,0.84,0.475,"wdbkwtdata.inc","FIADB REF_SPECIES to NBEL BM_REF_SPECIES to NVEL wdbkwtdata.inc","2023-10-16","38548071d5aa652bb90c7f111f86b427f798a1c9"
6227,1,8,32.45,33.07,75.13,80.49,15.16,65.9,37.5,0.84,0.475,"wdbkwtdata.inc","FIADB REF_SPECIES to NBEL BM_REF_SPECIES to NVEL wdbkwtdata.inc","2023-10-16","38548071d5aa652bb90c7f111f86b427f798a1c9"
6228,1,8,32.45,33.07,75.13,80.49,15.16,65.9,37.5,0.84,0.475,"wdbkwtdata.inc","FIADB REF_SPECIES to NBEL BM_REF_SPECIES to NVEL wdbkwtdata.inc","2023-10-16","38548071d5aa652bb90c7f111f86b427f798a1c9"
6229,1,8,32.45,33.07,75.13,80.49,15.16,65.9,37.5,0.84,0.475,"wdbkwtdata.inc","FIADB REF_SPECIES to NBEL BM_REF_SPECIES to NVEL wdbkwtdata.inc","2023-10-16","38548071d5aa652bb90c7f111f86b427f798a1c9"
6230,1,8,42.98,42.98,0,0,0,43,43,0,0.469,"wdbkwtdata.inc","FIADB REF_SPECIES to NBEL BM_REF_SPECIES to NVEL wdbkwtdata.inc","2023-10-16","38548071d5aa652bb90c7f111f86b427f798a1c9"
6231,1,8,32.45,33.07,75.13,80.49,15.16,65.9,37.5,0.84,0.475,"wdbkwtdata.inc","FIADB REF_SPECIES to NBEL BM_REF_SPECIES to NVEL wdbkwtdata.inc","2023-10-16","38548071d5aa652bb90c7f111f86b427f798a1c9"
6232,1,8,32.45,33.07,75.13,80.49,15.16,65.9,37.5,0.84,0.475,"wdbkwtdata.inc","FIADB REF_SPECIES to NBEL BM_REF_SPECIES to NVEL wdbkwtdata.inc","2023-10-16","38548071d5aa652bb90c7f111f86b427f798a1c9"
6233,1,8,32.45,33.07,75.13,80.49,15.16,65.9,37.5,0.84,0.475,"wdbkwtdata.inc","FIADB REF_SPECIES to NBEL BM_REF_SPECIES to NVEL wdbkwtdata.inc","2023-10-16","38548071d5aa652bb90c7f111f86b427f798a1c9"
6234,1,8,0,0,0,0,0,0,0,0,0.465,"wdbkwtdata.inc","FIADB REF_SPECIES to NBEL BM_REF_SPECIES to NVEL wdbkwtdata.inc","2023-10-16","38548071d5aa652bb90c7f111f86b427f798a1c9"
6235,1,8,32.45,33.07,75.13,80.49,15.16,65.9,37.5,0.84,0.475,"wdbkwtdata.inc","FIADB REF_SPECIES to NBEL BM_REF_SPECIES to NVEL wdbkwtdata.inc","2023-10-16","38548071d5aa652bb90c7f111f86b427f798a1c9"
6236,1,8,36.82,36.82,75.13,80.49,15.16,74.5,42.4,0.84,0.447,"wdbkwtdata.inc","FIADB REF_SPECIES to NBEL BM_REF_SPECIES to NVEL wdbkwtdata.inc","2023-10-16","38548071d5aa652bb90c7f111f86b427f798a1c9"
6237,1,8,36,36,0,0,0,36,36,0,0.473,"wdbkwtdata.inc","FIADB REF_SPECIES to NBEL BM_REF_SPECIES to NVEL wdbkwtdata.inc","2023-10-16","38548071d5aa652bb90c7f111f86b427f798a1c9"
6238,1,8,32.45,33.07,75.13,80.49,15.16,65.9,37.5,0.84,0.475,"wdbkwtdata.inc","FIADB REF_SPECIES to NBEL BM_REF_SPECIES to NVEL wdbkwtdata.inc","2023-10-16","38548071d5aa652bb90c7f111f86b427f798a1c9"
6239,1,8,19.97,19.97,0,0,0,20,20,0,0.482,"wdbkwtdata.inc","FIADB REF_SPECIES to NBEL BM_REF_SPECIES to NVEL wdbkwtdata.inc","2023-10-16","38548071d5aa652bb90c7f111f86b427f798a1c9"
6240,1,8,32.45,33.07,75.13,80.49,15.16,65.9,37.5,0.84,0.475,"wdbkwtdata.inc","FIADB REF_SPECIES to NBEL BM_REF_SPECIES to NVEL wdbkwtdata.inc","2023-10-16","38548071d5aa652bb90c7f111f86b427f798a1c9"
6241,1,8,0,0,0,0,0,0,0,0,0.474,"wdbkwtdata.inc","FIADB REF_SPECIES to NBEL BM_REF_SPECIES to NVEL wdbkwtdata.inc","2023-10-16","38548071d5aa652bb90c7f111f86b427f798a1c9"
6242,1,8,40.56,40.56,0,0,0,40.6,40.6,0,0.47,"wdbkwtdata.inc","FIADB REF_SPECIES to NBEL BM_REF_SPECIES to NVEL wdbkwtdata.inc","2023-10-16","38548071d5aa652bb90c7f111f86b427f798a1c9"
6243,1,8,40.56,40.56,75.13,80.49,15.16,82.1,46.7,0.84,0.47,"wdbkwtdata.inc","FIADB REF_SPECIES to NBEL BM_REF_SPECIES to NVEL wdbkwtdata.inc","2023-10-16","38548071d5aa652bb90c7f111f86b427f798a1c9"
6244,1,8,40.56,40.56,75.13,80.49,15.16,82.1,46.7,0.84,0.47,"wdbkwtdata.inc","FIADB REF_SPECIES to NBEL BM_REF_SPECIES to NVEL wdbkwtdata.inc","2023-10-16","38548071d5aa652bb90c7f111f86b427f798a1c9"
6245,1,8,40.56,40.56,0,0,0,40.6,40.6,0,0.47,"wdbkwtdata.inc","FIADB REF_SPECIES to NBEL BM_REF_SPECIES to NVEL wdbkwtdata.inc","2023-10-16","38548071d5aa652bb90c7f111f86b427f798a1c9"
6246,1,8,40.56,40.56,0,0,0,40.6,40.6,0,0.47,"wdbkwtdata.inc","FIADB REF_SPECIES to NBEL BM_REF_SPECIES to NVEL wdbkwtdata.inc","2023-10-16","38548071d5aa652bb90c7f111f86b427f798a1c9"
6247,1,8,32.45,33.07,75.13,80.49,15.16,65.9,37.5,0.84,0.475,"wdbkwtdata.inc","FIADB REF_SPECIES to NBEL BM_REF_SPECIES to NVEL wdbkwtdata.inc","2023-10-16","38548071d5aa652bb90c7f111f86b427f798a1c9"
6248,1,8,31.2,31.2,0,0,0,31.2,31.2,0,0.476,"wdbkwtdata.inc","FIADB REF_SPECIES to NBEL BM_REF_SPECIES to NVEL wdbkwtdata.inc","2023-10-16","38548071d5aa652bb90c7f111f86b427f798a1c9"
6250,1,8,22.71,22.71,0,0,0,22.7,22.7,0,0.48,"wdbkwtdata.inc","FIADB REF_SPECIES to NBEL BM_REF_SPECIES to NVEL wdbkwtdata.inc","2023-10-16","38548071d5aa652bb90c7f111f86b427f798a1c9"
6251,1,8,32.45,33.07,75.13,80.49,15.16,65.9,37.5,0.84,0.475,"wdbkwtdata.inc","FIADB REF_SPECIES to NBEL BM_REF_SPECIES to NVEL wdbkwtdata.inc","2023-10-16","38548071d5aa652bb90c7f111f86b427f798a1c9"
6252,1,8,32.45,33.07,75.13,80.49,15.16,65.9,37.5,0.84,0.475,"wdbkwtdata.inc","FIADB REF_SPECIES to NBEL BM_REF_SPECIES to NVEL wdbkwtdata.inc","2023-10-16","38548071d5aa652bb90c7f111f86b427f798a1c9"
6253,1,8,32.45,33.07,75.13,80.49,15.16,65.9,37.5,0.84,0.475,"wdbkwtdata.inc","FIADB REF_SPECIES to NBEL BM_REF_SPECIES to NVEL wdbkwtdata.inc","2023-10-16","38548071d5aa652bb90c7f111f86b427f798a1c9"
6255,1,8,32.45,33.07,75.13,80.49,15.16,65.9,37.5,0.84,0.475,"wdbkwtdata.inc","FIADB REF_SPECIES to NBEL BM_REF_SPECIES to NVEL wdbkwtdata.inc","2023-10-16","38548071d5aa652bb90c7f111f86b427f798a1c9"
6257,1,8,32.45,33.07,75.13,80.49,15.16,65.9,37.5,0.84,0.475,"wdbkwtdata.inc","FIADB REF_SPECIES to NBEL BM_REF_SPECIES to NVEL wdbkwtdata.inc","2023-10-16","38548071d5aa652bb90c7f111f86b427f798a1c9"
6258,1,8,32.45,33.07,75.13,80.49,15.16,65.9,37.5,0.84,0.475,"wdbkwtdata.inc","FIADB REF_SPECIES to NBEL BM_REF_SPECIES to NVEL wdbkwtdata.inc","2023-10-16","38548071d5aa652bb90c7f111f86b427f798a1c9"
6259,1,8,32.45,33.07,75.13,80.49,15.16,65.9,37.5,0.84,0.475,"wdbkwtdata.inc","FIADB REF_SPECIES to NBEL BM_REF_SPECIES to NVEL wdbkwtdata.inc","2023-10-16","38548071d5aa652bb90c7f111f86b427f798a1c9"
6260,1,8,13.1,13.1,75.13,80.49,15.16,26.5,15.1,0.84,0.486,"wdbkwtdata.inc","FIADB REF_SPECIES to NBEL BM_REF_SPECIES to NVEL wdbkwtdata.inc","2023-10-16","38548071d5aa652bb90c7f111f86b427f798a1c9"
6262,1,8,18.1,18.1,75.13,80.49,15.14,36.6,20.8,0.833,0.483,"wdbkwtdata.inc","FIADB REF_SPECIES to NBEL BM_REF_SPECIES to NVEL wdbkwtdata.inc","2023-10-16","38548071d5aa652bb90c7f111f86b427f798a1c9"
6264,1,8,27.46,27.46,0,0,0,27.5,27.5,0,0.478,"wdbkwtdata.inc","FIADB REF_SPECIES to NBEL BM_REF_SPECIES to NVEL wdbkwtdata.inc","2023-10-16","38548071d5aa652bb90c7f111f86b427f798a1c9"
6266,1,8,46.18,46.18,75.13,80.49,15.16,93.5,53.2,0.84,0.447,"wdbkwtdata.inc","FIADB REF_SPECIES to NBEL BM_REF_SPECIES to NVEL wdbkwtdata.inc","2023-10-16","38548071d5aa652bb90c7f111f86b427f798a1c9"
6267,1,8,46.18,46.18,0,0,0,46.2,46.2,0,0.467,"wdbkwtdata.inc","FIADB REF_SPECIES to NBEL BM_REF_SPECIES to NVEL wdbkwtdata.inc","2023-10-16","38548071d5aa652bb90c7f111f86b427f798a1c9"
6268,1,8,46.18,46.18,75.13,80.49,15.16,93.5,53.2,0.84,0.467,"wdbkwtdata.inc","FIADB REF_SPECIES to NBEL BM_REF_SPECIES to NVEL wdbkwtdata.inc","2023-10-16","38548071d5aa652bb90c7f111f86b427f798a1c9"
6269,1,8,47.42,47.42,0,0,0,47.4,47.4,0,0.466,"wdbkwtdata.inc","FIADB REF_SPECIES to NBEL BM_REF_SPECIES to NVEL wdbkwtdata.inc","2023-10-16","38548071d5aa652bb90c7f111f86b427f798a1c9"
6270,1,8,32.45,33.07,75.13,80.49,15.16,65.9,37.5,0.84,0.475,"wdbkwtdata.inc","FIADB REF_SPECIES to NBEL BM_REF_SPECIES to NVEL wdbkwtdata.inc","2023-10-16","38548071d5aa652bb90c7f111f86b427f798a1c9"
6272,1,8,32.45,33.07,75.13,80.49,15.16,65.9,37.5,0.84,0.475,"wdbkwtdata.inc","FIADB REF_SPECIES to NBEL BM_REF_SPECIES to NVEL wdbkwtdata.inc","2023-10-16","38548071d5aa652bb90c7f111f86b427f798a1c9"
6273,1,8,32.45,33.07,75.13,80.49,15.16,65.9,37.5,0.84,0.475,"wdbkwtdata.inc","FIADB REF_SPECIES to NBEL BM_REF_SPECIES to NVEL wdbkwtdata.inc","2023-10-16","38548071d5aa652bb90c7f111f86b427f798a1c9"
6274,1,8,32.45,33.07,75.13,80.49,15.16,65.9,37.5,0.84,0.475,"wdbkwtdata.inc","FIADB REF_SPECIES to NBEL BM_REF_SPECIES to NVEL wdbkwtdata.inc","2023-10-16","38548071d5aa652bb90c7f111f86b427f798a1c9"
6275,1,8,32.45,33.07,75.13,80.49,15.16,65.9,37.5,0.84,0.475,"wdbkwtdata.inc","FIADB REF_SPECIES to NBEL BM_REF_SPECIES to NVEL wdbkwtdata.inc","2023-10-16","38548071d5aa652bb90c7f111f86b427f798a1c9"
6277,1,8,25.58,25.58,75.13,80.49,15.16,51.8,29.5,0.84,0.479,"wdbkwtdata.inc","FIADB REF_SPECIES to NBEL BM_REF_SPECIES to NVEL wdbkwtdata.inc","2023-10-16","38548071d5aa652bb90c7f111f86b427f798a1c9"
6278,1,8,25.58,25.58,75.13,80.49,15.16,51.8,29.5,0.84,0.479,"wdbkwtdata.inc","FIADB REF_SPECIES to NBEL BM_REF_SPECIES to NVEL wdbkwtdata.inc","2023-10-16","38548071d5aa652bb90c7f111f86b427f798a1c9"
6279,1,8,25.58,25.58,75.13,80.49,15.16,51.8,29.5,0.84,0.479,"wdbkwtdata.inc","FIADB REF_SPECIES to NBEL BM_REF_SPECIES to NVEL wdbkwtdata.inc","2023-10-16","38548071d5aa652bb90c7f111f86b427f798a1c9"
6280,1,8,25.58,25.58,0,0,0,25.6,25.6,0,0.479,"wdbkwtdata.inc","FIADB REF_SPECIES to NBEL BM_REF_SPECIES to NVEL wdbkwtdata.inc","2023-10-16","38548071d5aa652bb90c7f111f86b427f798a1c9"
6283,1,8,32.45,33.07,75.13,80.49,15.16,65.9,37.5,0.84,0.475,"wdbkwtdata.inc","FIADB REF_SPECIES to NBEL BM_REF_SPECIES to NVEL wdbkwtdata.inc","2023-10-16","38548071d5aa652bb90c7f111f86b427f798a1c9"
6284,1,8,32.45,33.07,75.13,80.49,15.16,65.9,37.5,0.84,0.475,"wdbkwtdata.inc","FIADB REF_SPECIES to NBEL BM_REF_SPECIES to NVEL wdbkwtdata.inc","2023-10-16","38548071d5aa652bb90c7f111f86b427f798a1c9"
6286,1,8,17.47,17.47,75.13,80.49,15.16,35.4,20.1,0.84,0.483,"wdbkwtdata.inc","FIADB REF_SPECIES to NBEL BM_REF_SPECIES to NVEL wdbkwtdata.inc","2023-10-16","38548071d5aa652bb90c7f111f86b427f798a1c9"
6294,1,8,32.45,33.07,75.13,80.49,15.16,65.9,37.5,0.84,0.475,"wdbkwtdata.inc","FIADB REF_SPECIES to NBEL BM_REF_SPECIES to NVEL wdbkwtdata.inc","2023-10-16","38548071d5aa652bb90c7f111f86b427f798a1c9"
6295,1,8,32.45,33.07,75.13,80.49,15.16,65.9,37.5,0.84,0.475,"wdbkwtdata.inc","FIADB REF_SPECIES to NBEL BM_REF_SPECIES to NVEL wdbkwtdata.inc","2023-10-16","38548071d5aa652bb90c7f111f86b427f798a1c9"
6297,1,8,32.45,33.07,75.13,80.49,15.16,65.9,37.5,0.84,0.475,"wdbkwtdata.inc","FIADB REF_SPECIES to NBEL BM_REF_SPECIES to NVEL wdbkwtdata.inc","2023-10-16","38548071d5aa652bb90c7f111f86b427f798a1c9"
6299,1,8,31.2,31.2,0,0,0,31.2,31.2,0,0.476,"wdbkwtdata.inc","FIADB REF_SPECIES to NBEL BM_REF_SPECIES to NVEL wdbkwtdata.inc","2023-10-16","38548071d5aa652bb90c7f111f86b427f798a1c9"
6303,1,8,32.45,33.07,75.13,80.49,15.16,65.9,37.5,0.84,0.475,"wdbkwtdata.inc","FIADB REF_SPECIES to NBEL BM_REF_SPECIES to NVEL wdbkwtdata.inc","2023-10-16","38548071d5aa652bb90c7f111f86b427f798a1c9"
6304,1,8,32.45,33.07,75.13,80.49,15.16,65.9,37.5,0.84,0.475,"wdbkwtdata.inc","FIADB REF_SPECIES to NBEL BM_REF_SPECIES to NVEL wdbkwtdata.inc","2023-10-16","38548071d5aa652bb90c7f111f86b427f798a1c9"
6306,1,8,32.45,33.07,75.13,80.49,15.16,65.9,37.5,0.84,0.475,"wdbkwtdata.inc","FIADB REF_SPECIES to NBEL BM_REF_SPECIES to NVEL wdbkwtdata.inc","2023-10-16","38548071d5aa652bb90c7f111f86b427f798a1c9"
6308,1,8,32.45,33.07,75.13,80.49,15.16,65.9,37.5,0.84,0.477,"wdbkwtdata.inc","FIADB REF_SPECIES to NBEL BM_REF_SPECIES to NVEL wdbkwtdata.inc","2023-10-16","38548071d5aa652bb90c7f111f86b427f798a1c9"
6311,1,8,32.45,33.07,75.13,80.49,15.16,65.9,37.5,0.84,0.475,"wdbkwtdata.inc","FIADB REF_SPECIES to NBEL BM_REF_SPECIES to NVEL wdbkwtdata.inc","2023-10-16","38548071d5aa652bb90c7f111f86b427f798a1c9"
6313,1,8,32.45,33.07,75.13,80.49,15.16,65.9,37.5,0.84,0.475,"wdbkwtdata.inc","FIADB REF_SPECIES to NBEL BM_REF_SPECIES to NVEL wdbkwtdata.inc","2023-10-16","38548071d5aa652bb90c7f111f86b427f798a1c9"
6315,1,8,32.45,33.07,75.13,80.49,15.16,65.9,37.5,0.84,0.475,"wdbkwtdata.inc","FIADB REF_SPECIES to NBEL BM_REF_SPECIES to NVEL wdbkwtdata.inc","2023-10-16","38548071d5aa652bb90c7f111f86b427f798a1c9"
6316,1,8,32.45,33.07,75.13,80.49,15.16,65.9,37.5,0.84,0.475,"wdbkwtdata.inc","FIADB REF_SPECIES to NBEL BM_REF_SPECIES to NVEL wdbkwtdata.inc","2023-10-16","38548071d5aa652bb90c7f111f86b427f798a1c9"
6317,1,8,32.45,33.07,75.13,80.49,15.16,65.9,37.5,0.84,0.475,"wdbkwtdata.inc","FIADB REF_SPECIES to NBEL BM_REF_SPECIES to NVEL wdbkwtdata.inc","2023-10-16","38548071d5aa652bb90c7f111f86b427f798a1c9"
6318,1,8,60.1,60.1,0,0,0,60.1,60.1,0,0.459,"wdbkwtdata.inc","FIADB REF_SPECIES to NBEL BM_REF_SPECIES to NVEL wdbkwtdata.inc","2023-10-16","38548071d5aa652bb90c7f111f86b427f798a1c9"
6319,1,8,32.45,33.07,75.13,80.49,15.16,65.9,37.5,0.84,0.475,"wdbkwtdata.inc","FIADB REF_SPECIES to NBEL BM_REF_SPECIES to NVEL wdbkwtdata.inc","2023-10-16","38548071d5aa652bb90c7f111f86b427f798a1c9"
6320,1,8,32.45,33.07,75.13,80.49,15.16,65.9,37.5,0.84,0.475,"wdbkwtdata.inc","FIADB REF_SPECIES to NBEL BM_REF_SPECIES to NVEL wdbkwtdata.inc","2023-10-16","38548071d5aa652bb90c7f111f86b427f798a1c9"
6325,1,8,32.45,33.07,75.13,80.49,15.16,65.9,37.5,0.84,0.475,"wdbkwtdata.inc","FIADB REF_SPECIES to NBEL BM_REF_SPECIES to NVEL wdbkwtdata.inc","2023-10-16","38548071d5aa652bb90c7f111f86b427f798a1c9"
6326,1,8,32.45,33.07,75.13,80.49,15.16,65.9,37.5,0.84,0.475,"wdbkwtdata.inc","FIADB REF_SPECIES to NBEL BM_REF_SPECIES to NVEL wdbkwtdata.inc","2023-10-16","38548071d5aa652bb90c7f111f86b427f798a1c9"
6328,1,8,32.45,33.07,75.13,80.49,15.16,65.9,37.5,0.84,0.475,"wdbkwtdata.inc","FIADB REF_SPECIES to NBEL BM_REF_SPECIES to NVEL wdbkwtdata.inc","2023-10-16","38548071d5aa652bb90c7f111f86b427f798a1c9"
6329,1,8,32.45,33.07,75.13,80.49,15.16,65.9,37.5,0.84,0.475,"wdbkwtdata.inc","FIADB REF_SPECIES to NBEL BM_REF_SPECIES to NVEL wdbkwtdata.inc","2023-10-16","38548071d5aa652bb90c7f111f86b427f798a1c9"
6331,0,4,25.58,26.21,74.29,70.5,14.31,51,29.3,0.458,0.479,"wdbkwtdata.inc","FIADB REF_SPECIES to NBEL BM_REF_SPECIES to NVEL wdbkwtdata.inc","2023-10-16","38548071d5aa652bb90c7f111f86b427f798a1c9"
6337,1,8,32.45,33.07,75.13,80.49,15.16,65.9,37.5,0.84,0.475,"wdbkwtdata.inc","FIADB REF_SPECIES to NBEL BM_REF_SPECIES to NVEL wdbkwtdata.inc","2023-10-16","38548071d5aa652bb90c7f111f86b427f798a1c9"
6338,1,8,32.45,33.07,75.13,80.49,15.16,65.9,37.5,0.84,0.475,"wdbkwtdata.inc","FIADB REF_SPECIES to NBEL BM_REF_SPECIES to NVEL wdbkwtdata.inc","2023-10-16","38548071d5aa652bb90c7f111f86b427f798a1c9"
6341,1,8,32.45,33.07,75.13,80.49,15.16,65.9,37.5,0.84,0.475,"wdbkwtdata.inc","FIADB REF_SPECIES to NBEL BM_REF_SPECIES to NVEL wdbkwtdata.inc","2023-10-16","38548071d5aa652bb90c7f111f86b427f798a1c9"
6342,1,8,31.2,31.2,75.13,80.49,15.16,63.2,35.9,0.84,0.476,"wdbkwtdata.inc","FIADB REF_SPECIES to NBEL BM_REF_SPECIES to NVEL wdbkwtdata.inc","2023-10-16","38548071d5aa652bb90c7f111f86b427f798a1c9"
6343,1,8,35.46,35.46,75.13,80.49,15.16,71.8,40.8,0.84,0.473,"wdbkwtdata.inc","FIADB REF_SPECIES to NBEL BM_REF_SPECIES to NVEL wdbkwtdata.inc","2023-10-16","38548071d5aa652bb90c7f111f86b427f798a1c9"
6344,1,8,26.83,26.83,75.13,80.49,15.16,54.3,30.9,0.84,0.478,"wdbkwtdata.inc","FIADB REF_SPECIES to NBEL BM_REF_SPECIES to NVEL wdbkwtdata.inc","2023-10-16","38548071d5aa652bb90c7f111f86b427f798a1c9"
6345,1,8,35.46,35.46,0,0,0,35.5,35.5,0,0.473,"wdbkwtdata.inc","FIADB REF_SPECIES to NBEL BM_REF_SPECIES to NVEL wdbkwtdata.inc","2023-10-16","38548071d5aa652bb90c7f111f86b427f798a1c9"
6346,1,8,32.45,33.07,75.13,80.49,15.16,65.9,37.5,0.84,0.475,"wdbkwtdata.inc","FIADB REF_SPECIES to NBEL BM_REF_SPECIES to NVEL wdbkwtdata.inc","2023-10-16","38548071d5aa652bb90c7f111f86b427f798a1c9"
6347,1,8,31.2,31.2,0,0,0,31.2,31.2,0,0.476,"wdbkwtdata.inc","FIADB REF_SPECIES to NBEL BM_REF_SPECIES to NVEL wdbkwtdata.inc","2023-10-16","38548071d5aa652bb90c7f111f86b427f798a1c9"
6350,1,8,32.45,33.07,75.13,80.49,15.16,65.9,37.5,0.84,0.475,"wdbkwtdata.inc","FIADB REF_SPECIES to NBEL BM_REF_SPECIES to NVEL wdbkwtdata.inc","2023-10-16","38548071d5aa652bb90c7f111f86b427f798a1c9"
6351,1,8,32.45,33.07,75.13,80.49,15.16,65.9,37.5,0.84,0.475,"wdbkwtdata.inc","FIADB REF_SPECIES to NBEL BM_REF_SPECIES to NVEL wdbkwtdata.inc","2023-10-16","38548071d5aa652bb90c7f111f86b427f798a1c9"
6352,1,8,32.45,33.07,75.13,80.49,15.16,65.9,37.5,0.84,0.475,"wdbkwtdata.inc","FIADB REF_SPECIES to NBEL BM_REF_SPECIES to NVEL wdbkwtdata.inc","2023-10-16","38548071d5aa652bb90c7f111f86b427f798a1c9"
6353,1,8,32.45,33.07,75.13,80.49,15.16,65.9,37.5,0.84,0.475,"wdbkwtdata.inc","FIADB REF_SPECIES to NBEL BM_REF_SPECIES to NVEL wdbkwtdata.inc","2023-10-16","38548071d5aa652bb90c7f111f86b427f798a1c9"
6354,1,8,32.45,33.07,75.13,80.49,15.16,65.9,37.5,0.84,0.475,"wdbkwtdata.inc","FIADB REF_SPECIES to NBEL BM_REF_SPECIES to NVEL wdbkwtdata.inc","2023-10-16","38548071d5aa652bb90c7f111f86b427f798a1c9"
6355,1,8,32.45,33.07,75.13,80.49,15.16,65.9,37.5,0.84,0.475,"wdbkwtdata.inc","FIADB REF_SPECIES to NBEL BM_REF_SPECIES to NVEL wdbkwtdata.inc","2023-10-16","38548071d5aa652bb90c7f111f86b427f798a1c9"
6356,1,8,32.45,33.07,75.13,80.49,15.16,65.9,37.5,0.84,0.475,"wdbkwtdata.inc","FIADB REF_SPECIES to NBEL BM_REF_SPECIES to NVEL wdbkwtdata.inc","2023-10-16","38548071d5aa652bb90c7f111f86b427f798a1c9"
6358,1,8,32.45,33.07,75.13,80.49,15.16,65.9,37.5,0.84,0.475,"wdbkwtdata.inc","FIADB REF_SPECIES to NBEL BM_REF_SPECIES to NVEL wdbkwtdata.inc","2023-10-16","38548071d5aa652bb90c7f111f86b427f798a1c9"
6359,1,8,32.45,33.07,75.13,80.49,15.16,65.9,37.5,0.84,0.475,"wdbkwtdata.inc","FIADB REF_SPECIES to NBEL BM_REF_SPECIES to NVEL wdbkwtdata.inc","2023-10-16","38548071d5aa652bb90c7f111f86b427f798a1c9"
6360,1,8,32.45,33.07,75.13,80.49,15.16,65.9,37.5,0.84,0.475,"wdbkwtdata.inc","FIADB REF_SPECIES to NBEL BM_REF_SPECIES to NVEL wdbkwtdata.inc","2023-10-16","38548071d5aa652bb90c7f111f86b427f798a1c9"
6366,1,8,23.09,23.09,75.13,80.49,15.16,46.8,26.6,0.84,0.48,"wdbkwtdata.inc","FIADB REF_SPECIES to NBEL BM_REF_SPECIES to NVEL wdbkwtdata.inc","2023-10-16","38548071d5aa652bb90c7f111f86b427f798a1c9"
6367,1,8,23.09,23.09,75.13,80.49,15.16,46.8,26.6,0.84,0.48,"wdbkwtdata.inc","FIADB REF_SPECIES to NBEL BM_REF_SPECIES to NVEL wdbkwtdata.inc","2023-10-16","38548071d5aa652bb90c7f111f86b427f798a1c9"
6370,1,8,32.45,33.07,75.13,80.49,15.16,65.9,37.5,0.84,0.475,"wdbkwtdata.inc","FIADB REF_SPECIES to NBEL BM_REF_SPECIES to NVEL wdbkwtdata.inc","2023-10-16","38548071d5aa652bb90c7f111f86b427f798a1c9"
6372,1,8,30.58,30.58,75.13,80.49,15.16,61.9,35.2,0.84,0.476,"wdbkwtdata.inc","FIADB REF_SPECIES to NBEL BM_REF_SPECIES to NVEL wdbkwtdata.inc","2023-10-16","38548071d5aa652bb90c7f111f86b427f798a1c9"
6373,1,8,30.58,30.58,75.13,80.49,15.16,61.9,35.2,0.84,0.476,"wdbkwtdata.inc","FIADB REF_SPECIES to NBEL BM_REF_SPECIES to NVEL wdbkwtdata.inc","2023-10-16","38548071d5aa652bb90c7f111f86b427f798a1c9"
6374,1,8,34.92,34.92,0,0,0,34.9,34.9,0,0.473,"wdbkwtdata.inc","FIADB REF_SPECIES to NBEL BM_REF_SPECIES to NVEL wdbkwtdata.inc","2023-10-16","38548071d5aa652bb90c7f111f86b427f798a1c9"
6375,1,8,30.58,30.58,75.13,80.49,15.16,61.9,35.2,0.84,0.476,"wdbkwtdata.inc","FIADB REF_SPECIES to NBEL BM_REF_SPECIES to NVEL wdbkwtdata.inc","2023-10-16","38548071d5aa652bb90c7f111f86b427f798a1c9"
6377,1,8,30.58,30.58,0,0,0,30.6,30.6,0,0.476,"wdbkwtdata.inc","FIADB REF_SPECIES to NBEL BM_REF_SPECIES to NVEL wdbkwtdata.inc","2023-10-16","38548071d5aa652bb90c7f111f86b427f798a1c9"
6378,1,8,33.7,33.7,75.13,80.49,15.16,68.2,38.8,0.84,0.474,"wdbkwtdata.inc","FIADB REF_SPECIES to NBEL BM_REF_SPECIES to NVEL wdbkwtdata.inc","2023-10-16","38548071d5aa652bb90c7f111f86b427f798a1c9"
6379,1,8,27.46,27.46,75.13,80.49,15.16,55.6,31.6,0.84,0.478,"wdbkwtdata.inc","FIADB REF_SPECIES to NBEL BM_REF_SPECIES to NVEL wdbkwtdata.inc","2023-10-16","38548071d5aa652bb90c7f111f86b427f798a1c9"
6380,1,8,32.45,33.07,75.13,80.49,15.16,65.9,37.5,0.84,0.475,"wdbkwtdata.inc","FIADB REF_SPECIES to NBEL BM_REF_SPECIES to NVEL wdbkwtdata.inc","2023-10-16","38548071d5aa652bb90c7f111f86b427f798a1c9"
6381,1,8,45.08,45.08,0,0,0,45.1,45.1,0,0.468,"wdbkwtdata.inc","FIADB REF_SPECIES to NBEL BM_REF_SPECIES to NVEL wdbkwtdata.inc","2023-10-16","38548071d5aa652bb90c7f111f86b427f798a1c9"
6383,1,8,32.45,33.07,75.13,80.49,15.16,65.9,37.5,0.84,0.475,"wdbkwtdata.inc","FIADB REF_SPECIES to NBEL BM_REF_SPECIES to NVEL wdbkwtdata.inc","2023-10-16","38548071d5aa652bb90c7f111f86b427f798a1c9"
6384,1,8,32.45,33.07,75.13,80.49,15.16,65.9,37.5,0.84,0.475,"wdbkwtdata.inc","FIADB REF_SPECIES to NBEL BM_REF_SPECIES to NVEL wdbkwtdata.inc","2023-10-16","38548071d5aa652bb90c7f111f86b427f798a1c9"
6386,1,8,32.45,33.07,75.13,80.49,15.16,65.9,37.5,0.84,0.475,"wdbkwtdata.inc","FIADB REF_SPECIES to NBEL BM_REF_SPECIES to NVEL wdbkwtdata.inc","2023-10-16","38548071d5aa652bb90c7f111f86b427f798a1c9"
6387,1,8,32.45,33.07,75.13,80.49,15.16,65.9,37.5,0.84,0.475,"wdbkwtdata.inc","FIADB REF_SPECIES to NBEL BM_REF_SPECIES to NVEL wdbkwtdata.inc","2023-10-16","38548071d5aa652bb90c7f111f86b427f798a1c9"
6389,1,8,32.45,33.07,75.13,80.49,15.16,65.9,37.5,0.84,0.475,"wdbkwtdata.inc","FIADB REF_SPECIES to NBEL BM_REF_SPECIES to NVEL wdbkwtdata.inc","2023-10-16","38548071d5aa652bb90c7f111f86b427f798a1c9"
6390,1,8,32.45,33.07,75.13,80.49,15.16,65.9,37.5,0.84,0.475,"wdbkwtdata.inc","FIADB REF_SPECIES to NBEL BM_REF_SPECIES to NVEL wdbkwtdata.inc","2023-10-16","38548071d5aa652bb90c7f111f86b427f798a1c9"
6393,1,8,32.45,33.07,75.13,80.49,15.16,65.9,37.5,0.84,0.475,"wdbkwtdata.inc","FIADB REF_SPECIES to NBEL BM_REF_SPECIES to NVEL wdbkwtdata.inc","2023-10-16","38548071d5aa652bb90c7f111f86b427f798a1c9"
6395,1,8,32.45,33.07,75.13,80.49,15.16,65.9,37.5,0.84,0.475,"wdbkwtdata.inc","FIADB REF_SPECIES to NBEL BM_REF_SPECIES to NVEL wdbkwtdata.inc","2023-10-16","38548071d5aa652bb90c7f111f86b427f798a1c9"
6396,1,8,9.98,9.98,75.13,80.49,15.16,20.2,11.5,0.84,0.487,"wdbkwtdata.inc","FIADB REF_SPECIES to NBEL BM_REF_SPECIES to NVEL wdbkwtdata.inc","2023-10-16","38548071d5aa652bb90c7f111f86b427f798a1c9"
6397,1,8,31.2,31.2,0,0,0,31.2,31.2,0,0.476,"wdbkwtdata.inc","FIADB REF_SPECIES to NBEL BM_REF_SPECIES to NVEL wdbkwtdata.inc","2023-10-16","38548071d5aa652bb90c7f111f86b427f798a1c9"
6398,1,8,31.2,31.2,0,0,0,31.2,31.2,0,0.476,"wdbkwtdata.inc","FIADB REF_SPECIES to NBEL BM_REF_SPECIES to NVEL wdbkwtdata.inc","2023-10-16","38548071d5aa652bb90c7f111f86b427f798a1c9"
6399,1,8,29.95,29.95,0,0,0,30,30,0,0.476,"wdbkwtdata.inc","FIADB REF_SPECIES to NBEL BM_REF_SPECIES to NVEL wdbkwtdata.inc","2023-10-16","38548071d5aa652bb90c7f111f86b427f798a1c9"
6400,1,8,29.95,29.95,0,0,0,30,30,0,0.476,"wdbkwtdata.inc","FIADB REF_SPECIES to NBEL BM_REF_SPECIES to NVEL wdbkwtdata.inc","2023-10-16","38548071d5aa652bb90c7f111f86b427f798a1c9"
6401,1,8,29.95,29.95,0,0,0,30,30,0,0.476,"wdbkwtdata.inc","FIADB REF_SPECIES to NBEL BM_REF_SPECIES to NVEL wdbkwtdata.inc","2023-10-16","38548071d5aa652bb90c7f111f86b427f798a1c9"
6402,1,8,32.45,33.07,75.13,80.49,15.16,65.9,37.5,0.84,0.475,"wdbkwtdata.inc","FIADB REF_SPECIES to NBEL BM_REF_SPECIES to NVEL wdbkwtdata.inc","2023-10-16","38548071d5aa652bb90c7f111f86b427f798a1c9"
6403,1,8,32.45,33.07,75.13,80.49,15.16,65.9,37.5,0.84,0.475,"wdbkwtdata.inc","FIADB REF_SPECIES to NBEL BM_REF_SPECIES to NVEL wdbkwtdata.inc","2023-10-16","38548071d5aa652bb90c7f111f86b427f798a1c9"
6405,1,8,38.68,38.68,75.13,80.49,15.16,78.3,44.5,0.84,0.471,"wdbkwtdata.inc","FIADB REF_SPECIES to NBEL BM_REF_SPECIES to NVEL wdbkwtdata.inc","2023-10-16","38548071d5aa652bb90c7f111f86b427f798a1c9"
6406,1,8,32.45,33.07,75.13,80.49,15.16,65.9,37.5,0.84,0.475,"wdbkwtdata.inc","FIADB REF_SPECIES to NBEL BM_REF_SPECIES to NVEL wdbkwtdata.inc","2023-10-16","38548071d5aa652bb90c7f111f86b427f798a1c9"
6407,1,8,32.45,33.07,75.13,80.49,15.16,65.9,37.5,0.84,0.475,"wdbkwtdata.inc","FIADB REF_SPECIES to NBEL BM_REF_SPECIES to NVEL wdbkwtdata.inc","2023-10-16","38548071d5aa652bb90c7f111f86b427f798a1c9"
6408,1,8,38.68,38.68,75.13,80.49,15.16,78.3,44.5,0.84,0.471,"wdbkwtdata.inc","FIADB REF_SPECIES to NBEL BM_REF_SPECIES to NVEL wdbkwtdata.inc","2023-10-16","38548071d5aa652bb90c7f111f86b427f798a1c9"
6410,1,8,32.45,33.07,75.13,80.49,15.16,65.9,37.5,0.84,0.475,"wdbkwtdata.inc","FIADB REF_SPECIES to NBEL BM_REF_SPECIES to NVEL wdbkwtdata.inc","2023-10-16","38548071d5aa652bb90c7f111f86b427f798a1c9"
6415,1,8,32.45,33.07,75.13,80.49,15.16,65.9,37.5,0.84,0.475,"wdbkwtdata.inc","FIADB REF_SPECIES to NBEL BM_REF_SPECIES to NVEL wdbkwtdata.inc","2023-10-16","38548071d5aa652bb90c7f111f86b427f798a1c9"
6417,1,8,32.45,33.07,75.13,80.49,15.16,65.9,37.5,0.84,0.475,"wdbkwtdata.inc","FIADB REF_SPECIES to NBEL BM_REF_SPECIES to NVEL wdbkwtdata.inc","2023-10-16","38548071d5aa652bb90c7f111f86b427f798a1c9"
6418,1,8,32.45,33.07,75.13,80.49,15.16,65.9,37.5,0.84,0.475,"wdbkwtdata.inc","FIADB REF_SPECIES to NBEL BM_REF_SPECIES to NVEL wdbkwtdata.inc","2023-10-16","38548071d5aa652bb90c7f111f86b427f798a1c9"
6419,1,8,32.45,33.07,75.13,80.49,15.16,65.9,37.5,0.84,0.475,"wdbkwtdata.inc","FIADB REF_SPECIES to NBEL BM_REF_SPECIES to NVEL wdbkwtdata.inc","2023-10-16","38548071d5aa652bb90c7f111f86b427f798a1c9"
6420,1,8,37.44,37.44,0,0,0,37.4,37.4,0,0.48,"wdbkwtdata.inc","FIADB REF_SPECIES to NBEL BM_REF_SPECIES to NVEL wdbkwtdata.inc","2023-10-16","38548071d5aa652bb90c7f111f86b427f798a1c9"
6422,1,8,44.3,44.3,0,0,0,44.3,44.3,0,0.468,"wdbkwtdata.inc","FIADB REF_SPECIES to NBEL BM_REF_SPECIES to NVEL wdbkwtdata.inc","2023-10-16","38548071d5aa652bb90c7f111f86b427f798a1c9"
6425,1,8,32.45,33.07,75.13,80.49,15.16,65.9,37.5,0.84,0.475,"wdbkwtdata.inc","FIADB REF_SPECIES to NBEL BM_REF_SPECIES to NVEL wdbkwtdata.inc","2023-10-16","38548071d5aa652bb90c7f111f86b427f798a1c9"
6427,1,8,32.45,33.07,75.13,80.49,15.16,65.9,37.5,0.84,0.475,"wdbkwtdata.inc","FIADB REF_SPECIES to NBEL BM_REF_SPECIES to NVEL wdbkwtdata.inc","2023-10-16","38548071d5aa652bb90c7f111f86b427f798a1c9"
6429,1,8,32.45,33.07,75.13,80.49,15.16,65.9,37.5,0.84,0.475,"wdbkwtdata.inc","FIADB REF_SPECIES to NBEL BM_REF_SPECIES to NVEL wdbkwtdata.inc","2023-10-16","38548071d5aa652bb90c7f111f86b427f798a1c9"
6430,1,8,32.45,33.07,75.13,80.49,15.16,65.9,37.5,0.84,0.468,"wdbkwtdata.inc","FIADB REF_SPECIES to NBEL BM_REF_SPECIES to NVEL wdbkwtdata.inc","2023-10-16","38548071d5aa652bb90c7f111f86b427f798a1c9"
6433,1,8,32.45,33.07,75.13,80.49,15.16,65.9,37.5,0.84,0.475,"wdbkwtdata.inc","FIADB REF_SPECIES to NBEL BM_REF_SPECIES to NVEL wdbkwtdata.inc","2023-10-16","38548071d5aa652bb90c7f111f86b427f798a1c9"
6434,1,8,32.45,33.07,75.13,80.49,15.16,65.9,37.5,0.84,0.432,"wdbkwtdata.inc","FIADB REF_SPECIES to NBEL BM_REF_SPECIES to NVEL wdbkwtdata.inc","2023-10-16","38548071d5aa652bb90c7f111f86b427f798a1c9"
6437,1,8,51.58,51.58,75.13,80.49,15.16,104.4,59.4,0.84,0.464,"wdbkwtdata.inc","FIADB REF_SPECIES to NBEL BM_REF_SPECIES to NVEL wdbkwtdata.inc","2023-10-16","38548071d5aa652bb90c7f111f86b427f798a1c9"
6438,1,8,0,0,0,0,0,0,0,0,0.475,"wdbkwtdata.inc","FIADB REF_SPECIES to NBEL BM_REF_SPECIES to NVEL wdbkwtdata.inc","2023-10-16","38548071d5aa652bb90c7f111f86b427f798a1c9"
6439,1,8,32.45,33.07,75.13,80.49,15.16,65.9,37.5,0.84,0.475,"wdbkwtdata.inc","FIADB REF_SPECIES to NBEL BM_REF_SPECIES to NVEL wdbkwtdata.inc","2023-10-16","38548071d5aa652bb90c7f111f86b427f798a1c9"
6441,1,8,14.49,14.49,75.13,80.49,15.16,29.3,16.7,0.84,0.44,"wdbkwtdata.inc","FIADB REF_SPECIES to NBEL BM_REF_SPECIES to NVEL wdbkwtdata.inc","2023-10-16","38548071d5aa652bb90c7f111f86b427f798a1c9"
6443,1,8,32.45,33.07,75.13,80.49,15.16,65.9,37.5,0.84,0.475,"wdbkwtdata.inc","FIADB REF_SPECIES to NBEL BM_REF_SPECIES to NVEL wdbkwtdata.inc","2023-10-16","38548071d5aa652bb90c7f111f86b427f798a1c9"
6444,1,8,20.37,20.37,0,0,0,20.4,20.4,0,0.482,"wdbkwtdata.inc","FIADB REF_SPECIES to NBEL BM_REF_SPECIES to NVEL wdbkwtdata.inc","2023-10-16","38548071d5aa652bb90c7f111f86b427f798a1c9"
6445,1,8,32.45,33.07,75.13,80.49,15.16,65.9,37.5,0.84,0.431,"wdbkwtdata.inc","FIADB REF_SPECIES to NBEL BM_REF_SPECIES to NVEL wdbkwtdata.inc","2023-10-16","38548071d5aa652bb90c7f111f86b427f798a1c9"
6447,1,8,32.45,33.07,75.13,80.49,15.16,65.9,37.5,0.84,0.475,"wdbkwtdata.inc","FIADB REF_SPECIES to NBEL BM_REF_SPECIES to NVEL wdbkwtdata.inc","2023-10-16","38548071d5aa652bb90c7f111f86b427f798a1c9"
6448,1,8,32.45,33.07,75.13,80.49,15.16,65.9,37.5,0.84,0.475,"wdbkwtdata.inc","FIADB REF_SPECIES to NBEL BM_REF_SPECIES to NVEL wdbkwtdata.inc","2023-10-16","38548071d5aa652bb90c7f111f86b427f798a1c9"
6449,1,8,32.45,33.07,75.13,80.49,15.16,65.9,37.5,0.84,0.427,"wdbkwtdata.inc","FIADB REF_SPECIES to NBEL BM_REF_SPECIES to NVEL wdbkwtdata.inc","2023-10-16","38548071d5aa652bb90c7f111f86b427f798a1c9"
6452,1,8,31.2,31.2,75.13,80.49,15.16,63.2,35.9,0.84,0.476,"wdbkwtdata.inc","FIADB REF_SPECIES to NBEL BM_REF_SPECIES to NVEL wdbkwtdata.inc","2023-10-16","38548071d5aa652bb90c7f111f86b427f798a1c9"
6454,1,8,32.45,33.07,75.13,80.49,15.16,65.9,37.5,0.84,0.475,"wdbkwtdata.inc","FIADB REF_SPECIES to NBEL BM_REF_SPECIES to NVEL wdbkwtdata.inc","2023-10-16","38548071d5aa652bb90c7f111f86b427f798a1c9"
6457,1,8,32.45,33.07,75.13,80.49,15.16,65.9,37.5,0.84,0.475,"wdbkwtdata.inc","FIADB REF_SPECIES to NBEL BM_REF_SPECIES to NVEL wdbkwtdata.inc","2023-10-16","38548071d5aa652bb90c7f111f86b427f798a1c9"
6458,1,8,30.58,30.58,64,90,15,58.9,35.2,0.792,0.396,"wdbkwtdata.inc","FIADB REF_SPECIES to NBEL BM_REF_SPECIES to NVEL wdbkwtdata.inc","2023-10-16","38548071d5aa652bb90c7f111f86b427f798a1c9"
6459,1,8,23.73,23.73,75.13,80.49,15.16,48,27.3,0.84,0.48,"wdbkwtdata.inc","FIADB REF_SPECIES to NBEL BM_REF_SPECIES to NVEL wdbkwtdata.inc","2023-10-16","38548071d5aa652bb90c7f111f86b427f798a1c9"
6460,1,8,24.18,24.18,75.13,80.49,15.16,49,27.8,0.84,0.479,"wdbkwtdata.inc","FIADB REF_SPECIES to NBEL BM_REF_SPECIES to NVEL wdbkwtdata.inc","2023-10-16","38548071d5aa652bb90c7f111f86b427f798a1c9"
6461,1,8,23.71,23.71,75.13,80.49,15.16,48,27.3,0.84,0.48,"wdbkwtdata.inc","FIADB REF_SPECIES to NBEL BM_REF_SPECIES to NVEL wdbkwtdata.inc","2023-10-16","38548071d5aa652bb90c7f111f86b427f798a1c9"
6462,1,8,17.47,17.47,75.13,80.49,15.16,35.4,20.1,0.84,0.483,"wdbkwtdata.inc","FIADB REF_SPECIES to NBEL BM_REF_SPECIES to NVEL wdbkwtdata.inc","2023-10-16","38548071d5aa652bb90c7f111f86b427f798a1c9"
6463,1,8,23.73,23.73,75.13,80.49,15.16,48,27.3,0.84,0.48,"wdbkwtdata.inc","FIADB REF_SPECIES to NBEL BM_REF_SPECIES to NVEL wdbkwtdata.inc","2023-10-16","38548071d5aa652bb90c7f111f86b427f798a1c9"
6468,1,8,32.45,33.07,75.13,80.49,15.16,65.9,37.5,0.84,0.475,"wdbkwtdata.inc","FIADB REF_SPECIES to NBEL BM_REF_SPECIES to NVEL wdbkwtdata.inc","2023-10-16","38548071d5aa652bb90c7f111f86b427f798a1c9"
6469,1,8,32.45,33.07,75.13,80.49,15.16,65.9,37.5,0.84,0.475,"wdbkwtdata.inc","FIADB REF_SPECIES to NBEL BM_REF_SPECIES to NVEL wdbkwtdata.inc","2023-10-16","38548071d5aa652bb90c7f111f86b427f798a1c9"
6470,1,8,33.7,33.7,0,0,0,33.7,33.7,0,0.474,"wdbkwtdata.inc","FIADB REF_SPECIES to NBEL BM_REF_SPECIES to NVEL wdbkwtdata.inc","2023-10-16","38548071d5aa652bb90c7f111f86b427f798a1c9"
6472,1,8,48.67,48.67,75.13,80.49,15.16,98.6,56.1,0.84,0.498,"wdbkwtdata.inc","FIADB REF_SPECIES to NBEL BM_REF_SPECIES to NVEL wdbkwtdata.inc","2023-10-16","38548071d5aa652bb90c7f111f86b427f798a1c9"
6473,1,8,27.46,27.46,0,0,0,27.5,27.5,0,0.478,"wdbkwtdata.inc","FIADB REF_SPECIES to NBEL BM_REF_SPECIES to NVEL wdbkwtdata.inc","2023-10-16","38548071d5aa652bb90c7f111f86b427f798a1c9"
6474,1,8,32.45,33.07,75.13,80.49,15.16,65.9,37.5,0.84,0.475,"wdbkwtdata.inc","FIADB REF_SPECIES to NBEL BM_REF_SPECIES to NVEL wdbkwtdata.inc","2023-10-16","38548071d5aa652bb90c7f111f86b427f798a1c9"
6475,1,8,32.45,33.07,75.13,80.49,15.16,65.9,37.5,0.84,0.475,"wdbkwtdata.inc","FIADB REF_SPECIES to NBEL BM_REF_SPECIES to NVEL wdbkwtdata.inc","2023-10-16","38548071d5aa652bb90c7f111f86b427f798a1c9"
6477,1,8,32.45,33.07,75.13,80.49,15.16,65.9,37.5,0.84,0.475,"wdbkwtdata.inc","FIADB REF_SPECIES to NBEL BM_REF_SPECIES to NVEL wdbkwtdata.inc","2023-10-16","38548071d5aa652bb90c7f111f86b427f798a1c9"
6478,1,8,27.46,27.46,0,0,0,27.5,27.5,0,0.478,"wdbkwtdata.inc","FIADB REF_SPECIES to NBEL BM_REF_SPECIES to NVEL wdbkwtdata.inc","2023-10-16","38548071d5aa652bb90c7f111f86b427f798a1c9"
6479,1,8,0,0,0,0,0,0,0,0,0.471,"wdbkwtdata.inc","FIADB REF_SPECIES to NBEL BM_REF_SPECIES to NVEL wdbkwtdata.inc","2023-10-16","38548071d5aa652bb90c7f111f86b427f798a1c9"
6480,1,8,32.45,33.07,75.13,80.49,15.16,65.9,37.5,0.84,0.475,"wdbkwtdata.inc","FIADB REF_SPECIES to NBEL BM_REF_SPECIES to NVEL wdbkwtdata.inc","2023-10-16","38548071d5aa652bb90c7f111f86b427f798a1c9"
6481,1,8,32.45,33.07,75.13,80.49,15.16,65.9,37.5,0.84,0.475,"wdbkwtdata.inc","FIADB REF_SPECIES to NBEL BM_REF_SPECIES to NVEL wdbkwtdata.inc","2023-10-16","38548071d5aa652bb90c7f111f86b427f798a1c9"
6482,1,8,30.09,30.09,0,0,0,30.1,30.1,0,0.476,"wdbkwtdata.inc","FIADB REF_SPECIES to NBEL BM_REF_SPECIES to NVEL wdbkwtdata.inc","2023-10-16","38548071d5aa652bb90c7f111f86b427f798a1c9"
6483,1,8,30.09,30.09,75.13,80.49,15.16,60.9,34.6,0.84,0.476,"wdbkwtdata.inc","FIADB REF_SPECIES to NBEL BM_REF_SPECIES to NVEL wdbkwtdata.inc","2023-10-16","38548071d5aa652bb90c7f111f86b427f798a1c9"
6492,1,8,30.09,30.09,0,0,0,30.1,30.1,0,0.476,"wdbkwtdata.inc","FIADB REF_SPECIES to NBEL BM_REF_SPECIES to NVEL wdbkwtdata.inc","2023-10-16","38548071d5aa652bb90c7f111f86b427f798a1c9"
6493,1,8,30.09,30.09,0,0,0,30.1,30.1,0,0.476,"wdbkwtdata.inc","FIADB REF_SPECIES to NBEL BM_REF_SPECIES to NVEL wdbkwtdata.inc","2023-10-16","38548071d5aa652bb90c7f111f86b427f798a1c9"
6494,1,8,30.09,30.09,0,0,0,30.1,30.1,0,0.476,"wdbkwtdata.inc","FIADB REF_SPECIES to NBEL BM_REF_SPECIES to NVEL wdbkwtdata.inc","2023-10-16","38548071d5aa652bb90c7f111f86b427f798a1c9"
6495,1,8,30.09,30.09,0,0,0,30.1,30.1,0,0.476,"wdbkwtdata.inc","FIADB REF_SPECIES to NBEL BM_REF_SPECIES to NVEL wdbkwtdata.inc","2023-10-16","38548071d5aa652bb90c7f111f86b427f798a1c9"
6496,1,8,30.09,30.09,75.13,80.49,15.16,60.9,34.6,0.84,0.476,"wdbkwtdata.inc","FIADB REF_SPECIES to NBEL BM_REF_SPECIES to NVEL wdbkwtdata.inc","2023-10-16","38548071d5aa652bb90c7f111f86b427f798a1c9"
6497,1,8,29.95,29.95,0,0,0,30,30,0,0.476,"wdbkwtdata.inc","FIADB REF_SPECIES to NBEL BM_REF_SPECIES to NVEL wdbkwtdata.inc","2023-10-16","38548071d5aa652bb90c7f111f86b427f798a1c9"
6498,1,8,29.95,29.95,0,0,0,30,30,0,0.476,"wdbkwtdata.inc","FIADB REF_SPECIES to NBEL BM_REF_SPECIES to NVEL wdbkwtdata.inc","2023-10-16","38548071d5aa652bb90c7f111f86b427f798a1c9"
6499,1,8,29.95,29.95,0,0,0,30,30,0,0.476,"wdbkwtdata.inc","FIADB REF_SPECIES to NBEL BM_REF_SPECIES to NVEL wdbkwtdata.inc","2023-10-16","38548071d5aa652bb90c7f111f86b427f798a1c9"
6500,1,8,29.95,29.95,75.13,80.49,15.16,60.7,34.5,0.84,0.476,"wdbkwtdata.inc","FIADB REF_SPECIES to NBEL BM_REF_SPECIES to NVEL wdbkwtdata.inc","2023-10-16","38548071d5aa652bb90c7f111f86b427f798a1c9"
6503,1,8,29.95,29.95,0,0,0,30,30,0,0.476,"wdbkwtdata.inc","FIADB REF_SPECIES to NBEL BM_REF_SPECIES to NVEL wdbkwtdata.inc","2023-10-16","38548071d5aa652bb90c7f111f86b427f798a1c9"
6504,1,8,29.95,29.95,75.13,80.49,15.16,60.7,34.5,0.84,0.476,"wdbkwtdata.inc","FIADB REF_SPECIES to NBEL BM_REF_SPECIES to NVEL wdbkwtdata.inc","2023-10-16","38548071d5aa652bb90c7f111f86b427f798a1c9"
6507,1,8,29.33,29.33,0,0,0,29.3,29.3,0,0.477,"wdbkwtdata.inc","FIADB REF_SPECIES to NBEL BM_REF_SPECIES to NVEL wdbkwtdata.inc","2023-10-16","38548071d5aa652bb90c7f111f86b427f798a1c9"
6508,1,8,29.33,29.33,0,0,0,29.3,29.3,0,0.477,"wdbkwtdata.inc","FIADB REF_SPECIES to NBEL BM_REF_SPECIES to NVEL wdbkwtdata.inc","2023-10-16","38548071d5aa652bb90c7f111f86b427f798a1c9"
6509,1,8,29.33,29.33,75.13,80.49,15.16,59.4,33.8,0.84,0.477,"wdbkwtdata.inc","FIADB REF_SPECIES to NBEL BM_REF_SPECIES to NVEL wdbkwtdata.inc","2023-10-16","38548071d5aa652bb90c7f111f86b427f798a1c9"
6510,1,8,29.33,29.33,75.13,80.49,15.16,59.4,33.8,0.84,0.477,"wdbkwtdata.inc","FIADB REF_SPECIES to NBEL BM_REF_SPECIES to NVEL wdbkwtdata.inc","2023-10-16","38548071d5aa652bb90c7f111f86b427f798a1c9"
6511,1,8,32.45,33.07,75,80,15.2,65.8,37.5,0.792,0.475,"wdbkwtdata.inc","FIADB REF_SPECIES to NBEL BM_REF_SPECIES to NVEL wdbkwtdata.inc","2023-10-16","38548071d5aa652bb90c7f111f86b427f798a1c9"
6513,1,8,29.33,29.33,0,0,0,29.3,29.3,0,0.477,"wdbkwtdata.inc","FIADB REF_SPECIES to NBEL BM_REF_SPECIES to NVEL wdbkwtdata.inc","2023-10-16","38548071d5aa652bb90c7f111f86b427f798a1c9"
6514,1,8,29.33,29.33,75.13,80.49,15.16,59.4,33.8,0.84,0.477,"wdbkwtdata.inc","FIADB REF_SPECIES to NBEL BM_REF_SPECIES to NVEL wdbkwtdata.inc","2023-10-16","38548071d5aa652bb90c7f111f86b427f798a1c9"
6516,1,8,32.45,33.07,75.12,80.64,15.32,66,37.5,0.84,0.502,"wdbkwtdata.inc","FIADB REF_SPECIES to NBEL BM_REF_SPECIES to NVEL wdbkwtdata.inc","2023-10-16","38548071d5aa652bb90c7f111f86b427f798a1c9"
6517,1,8,31.2,31.2,75.13,80.49,15.16,63.2,35.9,0.84,0.476,"wdbkwtdata.inc","FIADB REF_SPECIES to NBEL BM_REF_SPECIES to NVEL wdbkwtdata.inc","2023-10-16","38548071d5aa652bb90c7f111f86b427f798a1c9"
6518,1,8,31.2,31.2,0,0,0,31.2,31.2,0,0.476,"wdbkwtdata.inc","FIADB REF_SPECIES to NBEL BM_REF_SPECIES to NVEL wdbkwtdata.inc","2023-10-16","38548071d5aa652bb90c7f111f86b427f798a1c9"
6519,1,8,32.45,33.07,75.13,80.49,15.16,65.9,37.5,0.84,0.475,"wdbkwtdata.inc","FIADB REF_SPECIES to NBEL BM_REF_SPECIES to NVEL wdbkwtdata.inc","2023-10-16","38548071d5aa652bb90c7f111f86b427f798a1c9"
6520,1,8,32.45,33.07,75.13,80.49,15.16,65.9,37.5,0.84,0.475,"wdbkwtdata.inc","FIADB REF_SPECIES to NBEL BM_REF_SPECIES to NVEL wdbkwtdata.inc","2023-10-16","38548071d5aa652bb90c7f111f86b427f798a1c9"
6521,1,8,32.45,33.07,75.13,80.49,15.16,65.9,37.5,0.84,0.475,"wdbkwtdata.inc","FIADB REF_SPECIES to NBEL BM_REF_SPECIES to NVEL wdbkwtdata.inc","2023-10-16","38548071d5aa652bb90c7f111f86b427f798a1c9"
6522,1,8,32.45,33.07,75.13,80.49,15.16,65.9,37.5,0.84,0.475,"wdbkwtdata.inc","FIADB REF_SPECIES to NBEL BM_REF_SPECIES to NVEL wdbkwtdata.inc","2023-10-16","38548071d5aa652bb90c7f111f86b427f798a1c9"
6523,1,8,32.45,33.07,75.13,80.49,15.16,65.9,37.5,0.84,0.475,"wdbkwtdata.inc","FIADB REF_SPECIES to NBEL BM_REF_SPECIES to NVEL wdbkwtdata.inc","2023-10-16","38548071d5aa652bb90c7f111f86b427f798a1c9"
6524,1,8,32.45,33.07,75.13,80.49,15.16,65.9,37.5,0.84,0.474,"wdbkwtdata.inc","FIADB REF_SPECIES to NBEL BM_REF_SPECIES to NVEL wdbkwtdata.inc","2023-10-16","38548071d5aa652bb90c7f111f86b427f798a1c9"
6525,1,8,41.81,41.81,0,0,0,41.8,41.8,0,0.47,"wdbkwtdata.inc","FIADB REF_SPECIES to NBEL BM_REF_SPECIES to NVEL wdbkwtdata.inc","2023-10-16","38548071d5aa652bb90c7f111f86b427f798a1c9"
6526,1,8,32.45,33.07,75.13,80.49,15.16,65.9,37.5,0.84,0.475,"wdbkwtdata.inc","FIADB REF_SPECIES to NBEL BM_REF_SPECIES to NVEL wdbkwtdata.inc","2023-10-16","38548071d5aa652bb90c7f111f86b427f798a1c9"
6528,1,8,32.45,33.07,75.13,80.49,15.16,65.9,37.5,0.84,0.475,"wdbkwtdata.inc","FIADB REF_SPECIES to NBEL BM_REF_SPECIES to NVEL wdbkwtdata.inc","2023-10-16","38548071d5aa652bb90c7f111f86b427f798a1c9"
6529,1,8,32.45,33.07,75.13,80.49,15.16,65.9,37.5,0.84,0.475,"wdbkwtdata.inc","FIADB REF_SPECIES to NBEL BM_REF_SPECIES to NVEL wdbkwtdata.inc","2023-10-16","38548071d5aa652bb90c7f111f86b427f798a1c9"
6532,1,8,32.45,33.07,75.13,80.49,15.16,65.9,37.5,0.84,0.475,"wdbkwtdata.inc","FIADB REF_SPECIES to NBEL BM_REF_SPECIES to NVEL wdbkwtdata.inc","2023-10-16","38548071d5aa652bb90c7f111f86b427f798a1c9"
6533,0,5,0,0,0,0,0,0,0,0,0.48,"wdbkwtdata.inc","FIADB REF_SPECIES to NBEL BM_REF_SPECIES to NVEL wdbkwtdata.inc","2023-10-16","38548071d5aa652bb90c7f111f86b427f798a1c9"
6535,1,8,32.45,33.07,75.13,80.49,15.16,65.9,37.5,0.84,0.475,"wdbkwtdata.inc","FIADB REF_SPECIES to NBEL BM_REF_SPECIES to NVEL wdbkwtdata.inc","2023-10-16","38548071d5aa652bb90c7f111f86b427f798a1c9"
6538,0,5,22.46,27.46,59.22,80.51,12.55,42,25.9,0.84,0.48,"wdbkwtdata.inc","FIADB REF_SPECIES to NBEL BM_REF_SPECIES to NVEL wdbkwtdata.inc","2023-10-16","38548071d5aa652bb90c7f111f86b427f798a1c9"
6539,1,8,32.45,33.07,75.13,80.49,15.16,65.9,37.5,0.84,0.475,"wdbkwtdata.inc","FIADB REF_SPECIES to NBEL BM_REF_SPECIES to NVEL wdbkwtdata.inc","2023-10-16","38548071d5aa652bb90c7f111f86b427f798a1c9"
6541,1,8,32.45,33.07,75.13,80.49,15.16,65.9,37.5,0.84,0.44,"wdbkwtdata.inc","FIADB REF_SPECIES to NBEL BM_REF_SPECIES to NVEL wdbkwtdata.inc","2023-10-16","38548071d5aa652bb90c7f111f86b427f798a1c9"
6542,1,8,32.45,33.07,75.13,80.49,15.16,65.9,37.5,0.84,0.475,"wdbkwtdata.inc","FIADB REF_SPECIES to NBEL BM_REF_SPECIES to NVEL wdbkwtdata.inc","2023-10-16","38548071d5aa652bb90c7f111f86b427f798a1c9"
6543,1,8,32.45,33.07,75.13,80.49,15.16,65.9,37.5,0.84,0.475,"wdbkwtdata.inc","FIADB REF_SPECIES to NBEL BM_REF_SPECIES to NVEL wdbkwtdata.inc","2023-10-16","38548071d5aa652bb90c7f111f86b427f798a1c9"
6545,1,8,13.1,13.1,0,0,0,13.1,13.1,0,0.486,"wdbkwtdata.inc","FIADB REF_SPECIES to NBEL BM_REF_SPECIES to NVEL wdbkwtdata.inc","2023-10-16","38548071d5aa652bb90c7f111f86b427f798a1c9"
6546,1,8,11.86,11.86,75.13,80.49,15.16,24,13.7,0.84,0.486,"wdbkwtdata.inc","FIADB REF_SPECIES to NBEL BM_REF_SPECIES to NVEL wdbkwtdata.inc","2023-10-16","38548071d5aa652bb90c7f111f86b427f798a1c9"
6547,1,8,13.73,13.73,75.13,80.49,15.16,27.8,15.8,0.84,0.485,"wdbkwtdata.inc","FIADB REF_SPECIES to NBEL BM_REF_SPECIES to NVEL wdbkwtdata.inc","2023-10-16","38548071d5aa652bb90c7f111f86b427f798a1c9"
6548,1,8,13.1,13.1,75.13,80.49,15.16,26.5,15.1,0.84,0.486,"wdbkwtdata.inc","FIADB REF_SPECIES to NBEL BM_REF_SPECIES to NVEL wdbkwtdata.inc","2023-10-16","38548071d5aa652bb90c7f111f86b427f798a1c9"
6549,1,8,13.1,13.1,75.13,80.49,15.16,26.5,15.1,0.84,0.486,"wdbkwtdata.inc","FIADB REF_SPECIES to NBEL BM_REF_SPECIES to NVEL wdbkwtdata.inc","2023-10-16","38548071d5aa652bb90c7f111f86b427f798a1c9"
6552,1,8,33.7,33.7,0,0,0,33.7,33.7,0,0.474,"wdbkwtdata.inc","FIADB REF_SPECIES to NBEL BM_REF_SPECIES to NVEL wdbkwtdata.inc","2023-10-16","38548071d5aa652bb90c7f111f86b427f798a1c9"
6553,1,8,33.7,33.7,0,0,0,33.7,33.7,0,0.474,"wdbkwtdata.inc","FIADB REF_SPECIES to NBEL BM_REF_SPECIES to NVEL wdbkwtdata.inc","2023-10-16","38548071d5aa652bb90c7f111f86b427f798a1c9"
6554,1,8,32.45,33.07,75.13,80.49,15.16,65.9,37.5,0.84,0.475,"wdbkwtdata.inc","FIADB REF_SPECIES to NBEL BM_REF_SPECIES to NVEL wdbkwtdata.inc","2023-10-16","38548071d5aa652bb90c7f111f86b427f798a1c9"
6555,1,8,28.7,28.7,75.13,80.49,15.16,58.1,33.1,0.84,0.477,"wdbkwtdata.inc","FIADB REF_SPECIES to NBEL BM_REF_SPECIES to NVEL wdbkwtdata.inc","2023-10-16","38548071d5aa652bb90c7f111f86b427f798a1c9"
6557,1,8,29.33,29.33,75.13,80.49,15.16,59.4,33.8,0.84,0.477,"wdbkwtdata.inc","FIADB REF_SPECIES to NBEL BM_REF_SPECIES to NVEL wdbkwtdata.inc","2023-10-16","38548071d5aa652bb90c7f111f86b427f798a1c9"
6559,1,8,32.45,33.07,75.13,80.49,15.16,65.9,37.5,0.84,0.475,"wdbkwtdata.inc","FIADB REF_SPECIES to NBEL BM_REF_SPECIES to NVEL wdbkwtdata.inc","2023-10-16","38548071d5aa652bb90c7f111f86b427f798a1c9"
6560,1,8,32.45,33.07,75.13,80.49,15.16,65.9,37.5,0.84,0.475,"wdbkwtdata.inc","FIADB REF_SPECIES to NBEL BM_REF_SPECIES to NVEL wdbkwtdata.inc","2023-10-16","38548071d5aa652bb90c7f111f86b427f798a1c9"
6561,1,8,29.33,29.33,0,0,0,29.3,29.3,0,0.477,"wdbkwtdata.inc","FIADB REF_SPECIES to NBEL BM_REF_SPECIES to NVEL wdbkwtdata.inc","2023-10-16","38548071d5aa652bb90c7f111f86b427f798a1c9"
6562,1,8,29.33,29.33,0,0,0,29.3,29.3,0,0.477,"wdbkwtdata.inc","FIADB REF_SPECIES to NBEL BM_REF_SPECIES to NVEL wdbkwtdata.inc","2023-10-16","38548071d5aa652bb90c7f111f86b427f798a1c9"
6563,1,8,29.33,29.33,75.13,80.49,15.16,59.4,33.8,0.84,0.477,"wdbkwtdata.inc","FIADB REF_SPECIES to NBEL BM_REF_SPECIES to NVEL wdbkwtdata.inc","2023-10-16","38548071d5aa652bb90c7f111f86b427f798a1c9"
6564,1,8,32.45,33.07,75.13,80.49,15.16,65.9,37.5,0.84,0.475,"wdbkwtdata.inc","FIADB REF_SPECIES to NBEL BM_REF_SPECIES to NVEL wdbkwtdata.inc","2023-10-16","38548071d5aa652bb90c7f111f86b427f798a1c9"
6565,1,8,32.45,33.07,75.13,80.49,15.16,65.9,37.5,0.84,0.475,"wdbkwtdata.inc","FIADB REF_SPECIES to NBEL BM_REF_SPECIES to NVEL wdbkwtdata.inc","2023-10-16","38548071d5aa652bb90c7f111f86b427f798a1c9"
6567,1,8,32.45,33.07,75.13,80.49,15.16,65.9,37.5,0.84,0.475,"wdbkwtdata.inc","FIADB REF_SPECIES to NBEL BM_REF_SPECIES to NVEL wdbkwtdata.inc","2023-10-16","38548071d5aa652bb90c7f111f86b427f798a1c9"
6568,1,8,40.56,40.56,0,0,0,40.6,40.6,0,0.47,"wdbkwtdata.inc","FIADB REF_SPECIES to NBEL BM_REF_SPECIES to NVEL wdbkwtdata.inc","2023-10-16","38548071d5aa652bb90c7f111f86b427f798a1c9"
6569,1,8,32.45,33.07,75.13,80.49,15.16,65.9,37.5,0.84,0.475,"wdbkwtdata.inc","FIADB REF_SPECIES to NBEL BM_REF_SPECIES to NVEL wdbkwtdata.inc","2023-10-16","38548071d5aa652bb90c7f111f86b427f798a1c9"
6570,1,8,36.27,36.27,0,0,0,36.3,36.3,0,0.473,"wdbkwtdata.inc","FIADB REF_SPECIES to NBEL BM_REF_SPECIES to NVEL wdbkwtdata.inc","2023-10-16","38548071d5aa652bb90c7f111f86b427f798a1c9"
6572,1,8,43.68,43.68,75.13,80.49,15.16,88.4,50.3,0.84,0.469,"wdbkwtdata.inc","FIADB REF_SPECIES to NBEL BM_REF_SPECIES to NVEL wdbkwtdata.inc","2023-10-16","38548071d5aa652bb90c7f111f86b427f798a1c9"
6573,1,8,32.45,33.07,75.13,80.49,15.16,65.9,37.5,0.84,0.475,"wdbkwtdata.inc","FIADB REF_SPECIES to NBEL BM_REF_SPECIES to NVEL wdbkwtdata.inc","2023-10-16","38548071d5aa652bb90c7f111f86b427f798a1c9"
6574,1,8,32.45,33.07,75.13,80.49,15.16,65.9,37.5,0.84,0.475,"wdbkwtdata.inc","FIADB REF_SPECIES to NBEL BM_REF_SPECIES to NVEL wdbkwtdata.inc","2023-10-16","38548071d5aa652bb90c7f111f86b427f798a1c9"
6575,1,8,32.45,33.07,75.13,80.49,15.16,65.9,37.5,0.84,0.475,"wdbkwtdata.inc","FIADB REF_SPECIES to NBEL BM_REF_SPECIES to NVEL wdbkwtdata.inc","2023-10-16","38548071d5aa652bb90c7f111f86b427f798a1c9"
6576,1,8,32.45,33.07,75.13,80.49,15.16,65.9,37.5,0.84,0.475,"wdbkwtdata.inc","FIADB REF_SPECIES to NBEL BM_REF_SPECIES to NVEL wdbkwtdata.inc","2023-10-16","38548071d5aa652bb90c7f111f86b427f798a1c9"
6577,1,8,32.45,33.07,75.13,80.49,15.16,65.9,37.5,0.84,0.475,"wdbkwtdata.inc","FIADB REF_SPECIES to NBEL BM_REF_SPECIES to NVEL wdbkwtdata.inc","2023-10-16","38548071d5aa652bb90c7f111f86b427f798a1c9"
6578,1,8,43.68,43.68,0,0,0,43.7,43.7,0,0.469,"wdbkwtdata.inc","FIADB REF_SPECIES to NBEL BM_REF_SPECIES to NVEL wdbkwtdata.inc","2023-10-16","38548071d5aa652bb90c7f111f86b427f798a1c9"
6579,1,8,43.68,43.68,75.13,80.49,15.16,88.4,50.3,0.84,0.469,"wdbkwtdata.inc","FIADB REF_SPECIES to NBEL BM_REF_SPECIES to NVEL wdbkwtdata.inc","2023-10-16","38548071d5aa652bb90c7f111f86b427f798a1c9"
6580,1,8,43.68,43.68,0,0,0,43.7,43.7,0,0.469,"wdbkwtdata.inc","FIADB REF_SPECIES to NBEL BM_REF_SPECIES to NVEL wdbkwtdata.inc","2023-10-16","38548071d5aa652bb90c7f111f86b427f798a1c9"
6581,1,8,32.45,33.07,75.13,80.49,15.16,65.9,37.5,0.84,0.475,"wdbkwtdata.inc","FIADB REF_SPECIES to NBEL BM_REF_SPECIES to NVEL wdbkwtdata.inc","2023-10-16","38548071d5aa652bb90c7f111f86b427f798a1c9"
6582,1,8,32.45,33.07,75.13,80.49,15.16,65.9,37.5,0.84,0.475,"wdbkwtdata.inc","FIADB REF_SPECIES to NBEL BM_REF_SPECIES to NVEL wdbkwtdata.inc","2023-10-16","38548071d5aa652bb90c7f111f86b427f798a1c9"
6583,1,8,43.68,43.68,75.13,80.49,15.16,88.4,50.3,0.84,0.469,"wdbkwtdata.inc","FIADB REF_SPECIES to NBEL BM_REF_SPECIES to NVEL wdbkwtdata.inc","2023-10-16","38548071d5aa652bb90c7f111f86b427f798a1c9"
6584,1,8,32.45,33.07,75.13,80.49,15.16,65.9,37.5,0.84,0.475,"wdbkwtdata.inc","FIADB REF_SPECIES to NBEL BM_REF_SPECIES to NVEL wdbkwtdata.inc","2023-10-16","38548071d5aa652bb90c7f111f86b427f798a1c9"
6586,1,8,21.84,21.84,75.13,80.49,15.16,44.2,25.2,0.84,0.481,"wdbkwtdata.inc","FIADB REF_SPECIES to NBEL BM_REF_SPECIES to NVEL wdbkwtdata.inc","2023-10-16","38548071d5aa652bb90c7f111f86b427f798a1c9"
6588,1,8,21.84,21.84,0,0,0,21.8,21.8,0,0.481,"wdbkwtdata.inc","FIADB REF_SPECIES to NBEL BM_REF_SPECIES to NVEL wdbkwtdata.inc","2023-10-16","38548071d5aa652bb90c7f111f86b427f798a1c9"
6589,1,8,21.84,21.84,75.13,80.49,15.16,44.2,25.2,0.84,0.481,"wdbkwtdata.inc","FIADB REF_SPECIES to NBEL BM_REF_SPECIES to NVEL wdbkwtdata.inc","2023-10-16","38548071d5aa652bb90c7f111f86b427f798a1c9"
6590,1,8,21.84,21.84,75.13,80.49,15.16,44.2,25.2,0.84,0.481,"wdbkwtdata.inc","FIADB REF_SPECIES to NBEL BM_REF_SPECIES to NVEL wdbkwtdata.inc","2023-10-16","38548071d5aa652bb90c7f111f86b427f798a1c9"
6591,1,8,21.84,21.84,0,0,0,21.8,21.8,0,0.481,"wdbkwtdata.inc","FIADB REF_SPECIES to NBEL BM_REF_SPECIES to NVEL wdbkwtdata.inc","2023-10-16","38548071d5aa652bb90c7f111f86b427f798a1c9"
6592,1,8,21.84,21.84,0,0,0,21.8,21.8,0,0.481,"wdbkwtdata.inc","FIADB REF_SPECIES to NBEL BM_REF_SPECIES to NVEL wdbkwtdata.inc","2023-10-16","38548071d5aa652bb90c7f111f86b427f798a1c9"
6593,1,8,36.19,36.19,75.13,80.49,15.16,73.3,41.7,0.84,0.473,"wdbkwtdata.inc","FIADB REF_SPECIES to NBEL BM_REF_SPECIES to NVEL wdbkwtdata.inc","2023-10-16","38548071d5aa652bb90c7f111f86b427f798a1c9"
6594,1,8,36.19,36.19,0,0,0,36.2,36.2,0,0.473,"wdbkwtdata.inc","FIADB REF_SPECIES to NBEL BM_REF_SPECIES to NVEL wdbkwtdata.inc","2023-10-16","38548071d5aa652bb90c7f111f86b427f798a1c9"
6595,1,8,36.19,36.19,0,0,0,36.2,36.2,0,0.473,"wdbkwtdata.inc","FIADB REF_SPECIES to NBEL BM_REF_SPECIES to NVEL wdbkwtdata.inc","2023-10-16","38548071d5aa652bb90c7f111f86b427f798a1c9"
6596,1,8,31.2,31.2,0,0,0,31.2,31.2,0,0.476,"wdbkwtdata.inc","FIADB REF_SPECIES to NBEL BM_REF_SPECIES to NVEL wdbkwtdata.inc","2023-10-16","38548071d5aa652bb90c7f111f86b427f798a1c9"
6597,1,8,31.2,31.2,0,0,0,31.2,31.2,0,0.476,"wdbkwtdata.inc","FIADB REF_SPECIES to NBEL BM_REF_SPECIES to NVEL wdbkwtdata.inc","2023-10-16","38548071d5aa652bb90c7f111f86b427f798a1c9"
6601,1,8,31.2,31.2,0,0,0,31.2,31.2,0,0.476,"wdbkwtdata.inc","FIADB REF_SPECIES to NBEL BM_REF_SPECIES to NVEL wdbkwtdata.inc","2023-10-16","38548071d5aa652bb90c7f111f86b427f798a1c9"
6604,1,8,31.2,31.2,0,0,0,31.2,31.2,0,0.476,"wdbkwtdata.inc","FIADB REF_SPECIES to NBEL BM_REF_SPECIES to NVEL wdbkwtdata.inc","2023-10-16","38548071d5aa652bb90c7f111f86b427f798a1c9"
6605,1,8,31.2,31.2,0,0,0,31.2,31.2,0,0.476,"wdbkwtdata.inc","FIADB REF_SPECIES to NBEL BM_REF_SPECIES to NVEL wdbkwtdata.inc","2023-10-16","38548071d5aa652bb90c7f111f86b427f798a1c9"
6606,1,8,31.2,31.2,0,0,0,31.2,31.2,0,0.476,"wdbkwtdata.inc","FIADB REF_SPECIES to NBEL BM_REF_SPECIES to NVEL wdbkwtdata.inc","2023-10-16","38548071d5aa652bb90c7f111f86b427f798a1c9"
6610,1,8,31.2,31.2,0,0,0,31.2,31.2,0,0.476,"wdbkwtdata.inc","FIADB REF_SPECIES to NBEL BM_REF_SPECIES to NVEL wdbkwtdata.inc","2023-10-16","38548071d5aa652bb90c7f111f86b427f798a1c9"
6611,1,8,31.2,31.2,0,0,0,31.2,31.2,0,0.476,"wdbkwtdata.inc","FIADB REF_SPECIES to NBEL BM_REF_SPECIES to NVEL wdbkwtdata.inc","2023-10-16","38548071d5aa652bb90c7f111f86b427f798a1c9"
6612,1,8,31.2,31.2,0,0,0,31.2,31.2,0,0.476,"wdbkwtdata.inc","FIADB REF_SPECIES to NBEL BM_REF_SPECIES to NVEL wdbkwtdata.inc","2023-10-16","38548071d5aa652bb90c7f111f86b427f798a1c9"
6613,1,8,31.2,31.2,0,0,0,31.2,31.2,0,0.476,"wdbkwtdata.inc","FIADB REF_SPECIES to NBEL BM_REF_SPECIES to NVEL wdbkwtdata.inc","2023-10-16","38548071d5aa652bb90c7f111f86b427f798a1c9"
6614,1,8,31.2,31.2,0,0,0,31.2,31.2,0,0.476,"wdbkwtdata.inc","FIADB REF_SPECIES to NBEL BM_REF_SPECIES to NVEL wdbkwtdata.inc","2023-10-16","38548071d5aa652bb90c7f111f86b427f798a1c9"
6615,1,8,31.2,31.2,0,0,0,31.2,31.2,0,0.476,"wdbkwtdata.inc","FIADB REF_SPECIES to NBEL BM_REF_SPECIES to NVEL wdbkwtdata.inc","2023-10-16","38548071d5aa652bb90c7f111f86b427f798a1c9"
6616,1,8,31.2,31.2,0,0,0,31.2,31.2,0,0.476,"wdbkwtdata.inc","FIADB REF_SPECIES to NBEL BM_REF_SPECIES to NVEL wdbkwtdata.inc","2023-10-16","38548071d5aa652bb90c7f111f86b427f798a1c9"
6620,1,8,31.2,31.2,0,0,0,31.2,31.2,0,0.476,"wdbkwtdata.inc","FIADB REF_SPECIES to NBEL BM_REF_SPECIES to NVEL wdbkwtdata.inc","2023-10-16","38548071d5aa652bb90c7f111f86b427f798a1c9"
6621,1,8,31.2,31.2,0,0,0,31.2,31.2,0,0.476,"wdbkwtdata.inc","FIADB REF_SPECIES to NBEL BM_REF_SPECIES to NVEL wdbkwtdata.inc","2023-10-16","38548071d5aa652bb90c7f111f86b427f798a1c9"
6622,1,8,31.2,31.2,0,0,0,31.2,31.2,0,0.476,"wdbkwtdata.inc","FIADB REF_SPECIES to NBEL BM_REF_SPECIES to NVEL wdbkwtdata.inc","2023-10-16","38548071d5aa652bb90c7f111f86b427f798a1c9"
6625,1,8,31.2,31.2,0,0,0,31.2,31.2,0,0.476,"wdbkwtdata.inc","FIADB REF_SPECIES to NBEL BM_REF_SPECIES to NVEL wdbkwtdata.inc","2023-10-16","38548071d5aa652bb90c7f111f86b427f798a1c9"
6626,1,8,31.2,31.2,0,0,0,31.2,31.2,0,0.476,"wdbkwtdata.inc","FIADB REF_SPECIES to NBEL BM_REF_SPECIES to NVEL wdbkwtdata.inc","2023-10-16","38548071d5aa652bb90c7f111f86b427f798a1c9"
6627,1,8,31.2,31.2,0,0,0,31.2,31.2,0,0.476,"wdbkwtdata.inc","FIADB REF_SPECIES to NBEL BM_REF_SPECIES to NVEL wdbkwtdata.inc","2023-10-16","38548071d5aa652bb90c7f111f86b427f798a1c9"
6628,1,8,31.2,31.2,0,0,0,31.2,31.2,0,0.476,"wdbkwtdata.inc","FIADB REF_SPECIES to NBEL BM_REF_SPECIES to NVEL wdbkwtdata.inc","2023-10-16","38548071d5aa652bb90c7f111f86b427f798a1c9"
6629,1,8,31.2,31.2,0,0,0,31.2,31.2,0,0.476,"wdbkwtdata.inc","FIADB REF_SPECIES to NBEL BM_REF_SPECIES to NVEL wdbkwtdata.inc","2023-10-16","38548071d5aa652bb90c7f111f86b427f798a1c9"
6630,1,8,31.2,31.2,0,0,0,31.2,31.2,0,0.476,"wdbkwtdata.inc","FIADB REF_SPECIES to NBEL BM_REF_SPECIES to NVEL wdbkwtdata.inc","2023-10-16","38548071d5aa652bb90c7f111f86b427f798a1c9"
6631,1,8,32.45,33.07,75.13,80.49,15.16,65.9,37.5,0.84,0.475,"wdbkwtdata.inc","FIADB REF_SPECIES to NBEL BM_REF_SPECIES to NVEL wdbkwtdata.inc","2023-10-16","38548071d5aa652bb90c7f111f86b427f798a1c9"
6632,1,8,33.7,33.7,0,0,0,33.7,33.7,0,0.474,"wdbkwtdata.inc","FIADB REF_SPECIES to NBEL BM_REF_SPECIES to NVEL wdbkwtdata.inc","2023-10-16","38548071d5aa652bb90c7f111f86b427f798a1c9"
6633,1,8,37.88,37.88,0,0,0,37.9,37.9,0,0.472,"wdbkwtdata.inc","FIADB REF_SPECIES to NBEL BM_REF_SPECIES to NVEL wdbkwtdata.inc","2023-10-16","38548071d5aa652bb90c7f111f86b427f798a1c9"
6634,1,8,33.7,33.7,0,0,0,33.7,33.7,0,0.474,"wdbkwtdata.inc","FIADB REF_SPECIES to NBEL BM_REF_SPECIES to NVEL wdbkwtdata.inc","2023-10-16","38548071d5aa652bb90c7f111f86b427f798a1c9"
6635,1,8,33.7,33.7,0,0,0,33.7,33.7,0,0.474,"wdbkwtdata.inc","FIADB REF_SPECIES to NBEL BM_REF_SPECIES to NVEL wdbkwtdata.inc","2023-10-16","38548071d5aa652bb90c7f111f86b427f798a1c9"
6636,1,8,33.7,33.7,0,0,0,33.7,33.7,0,0.474,"wdbkwtdata.inc","FIADB REF_SPECIES to NBEL BM_REF_SPECIES to NVEL wdbkwtdata.inc","2023-10-16","38548071d5aa652bb90c7f111f86b427f798a1c9"
6637,1,8,32.45,33.07,75.13,80.49,15.16,65.9,37.5,0.84,0.475,"wdbkwtdata.inc","FIADB REF_SPECIES to NBEL BM_REF_SPECIES to NVEL wdbkwtdata.inc","2023-10-16","38548071d5aa652bb90c7f111f86b427f798a1c9"
6639,1,8,32.45,33.07,75.13,80.49,15.16,65.9,37.5,0.84,0.475,"wdbkwtdata.inc","FIADB REF_SPECIES to NBEL BM_REF_SPECIES to NVEL wdbkwtdata.inc","2023-10-16","38548071d5aa652bb90c7f111f86b427f798a1c9"
6641,1,8,32.45,33.07,75.13,80.49,15.16,65.9,37.5,0.84,0.475,"wdbkwtdata.inc","FIADB REF_SPECIES to NBEL BM_REF_SPECIES to NVEL wdbkwtdata.inc","2023-10-16","38548071d5aa652bb90c7f111f86b427f798a1c9"
6642,1,8,32.45,33.07,75.13,80.49,15.16,65.9,37.5,0.84,0.475,"wdbkwtdata.inc","FIADB REF_SPECIES to NBEL BM_REF_SPECIES to NVEL wdbkwtdata.inc","2023-10-16","38548071d5aa652bb90c7f111f86b427f798a1c9"
6644,1,8,32.45,33.07,75.13,80.49,15.16,65.9,37.5,0.84,0.475,"wdbkwtdata.inc","FIADB REF_SPECIES to NBEL BM_REF_SPECIES to NVEL wdbkwtdata.inc","2023-10-16","38548071d5aa652bb90c7f111f86b427f798a1c9"
6645,1,8,32.45,33.07,75.13,80.49,15.16,65.9,37.5,0.84,0.475,"wdbkwtdata.inc","FIADB REF_SPECIES to NBEL BM_REF_SPECIES to NVEL wdbkwtdata.inc","2023-10-16","38548071d5aa652bb90c7f111f86b427f798a1c9"
6646,1,8,32.45,33.07,75.13,80.49,15.16,65.9,37.5,0.84,0.475,"wdbkwtdata.inc","FIADB REF_SPECIES to NBEL BM_REF_SPECIES to NVEL wdbkwtdata.inc","2023-10-16","38548071d5aa652bb90c7f111f86b427f798a1c9"
6648,1,8,32.45,33.07,75.13,80.49,15.16,65.9,37.5,0.84,0.475,"wdbkwtdata.inc","FIADB REF_SPECIES to NBEL BM_REF_SPECIES to NVEL wdbkwtdata.inc","2023-10-16","38548071d5aa652bb90c7f111f86b427f798a1c9"
6650,1,8,32.45,33.07,75.13,80.49,15.16,65.9,37.5,0.84,0.475,"wdbkwtdata.inc","FIADB REF_SPECIES to NBEL BM_REF_SPECIES to NVEL wdbkwtdata.inc","2023-10-16","38548071d5aa652bb90c7f111f86b427f798a1c9"
6651,1,8,32.45,33.07,75.13,80.49,15.16,65.9,37.5,0.84,0.475,"wdbkwtdata.inc","FIADB REF_SPECIES to NBEL BM_REF_SPECIES to NVEL wdbkwtdata.inc","2023-10-16","38548071d5aa652bb90c7f111f86b427f798a1c9"
6652,1,8,34.94,34.94,0,0,0,34.9,34.9,0,0.473,"wdbkwtdata.inc","FIADB REF_SPECIES to NBEL BM_REF_SPECIES to NVEL wdbkwtdata.inc","2023-10-16","38548071d5aa652bb90c7f111f86b427f798a1c9"
6653,1,8,32.45,33.07,75.13,80.49,15.16,65.9,37.5,0.84,0.475,"wdbkwtdata.inc","FIADB REF_SPECIES to NBEL BM_REF_SPECIES to NVEL wdbkwtdata.inc","2023-10-16","38548071d5aa652bb90c7f111f86b427f798a1c9"
6655,1,8,32.45,33.07,75.13,80.49,15.16,65.9,37.5,0.84,0.475,"wdbkwtdata.inc","FIADB REF_SPECIES to NBEL BM_REF_SPECIES to NVEL wdbkwtdata.inc","2023-10-16","38548071d5aa652bb90c7f111f86b427f798a1c9"
6658,1,8,32.45,33.07,75.13,80.49,15.16,65.9,37.5,0.84,0.475,"wdbkwtdata.inc","FIADB REF_SPECIES to NBEL BM_REF_SPECIES to NVEL wdbkwtdata.inc","2023-10-16","38548071d5aa652bb90c7f111f86b427f798a1c9"
6660,1,8,32.45,33.07,75.13,80.49,15.16,65.9,37.5,0.84,0.475,"wdbkwtdata.inc","FIADB REF_SPECIES to NBEL BM_REF_SPECIES to NVEL wdbkwtdata.inc","2023-10-16","38548071d5aa652bb90c7f111f86b427f798a1c9"
6661,1,8,32.45,33.07,75.13,80.49,15.16,65.9,37.5,0.84,0.475,"wdbkwtdata.inc","FIADB REF_SPECIES to NBEL BM_REF_SPECIES to NVEL wdbkwtdata.inc","2023-10-16","38548071d5aa652bb90c7f111f86b427f798a1c9"
6662,1,8,32.45,33.07,75.13,80.49,15.16,65.9,37.5,0.84,0.475,"wdbkwtdata.inc","FIADB REF_SPECIES to NBEL BM_REF_SPECIES to NVEL wdbkwtdata.inc","2023-10-16","38548071d5aa652bb90c7f111f86b427f798a1c9"
6663,1,8,32.45,33.07,75.13,80.49,15.16,65.9,37.5,0.84,0.475,"wdbkwtdata.inc","FIADB REF_SPECIES to NBEL BM_REF_SPECIES to NVEL wdbkwtdata.inc","2023-10-16","38548071d5aa652bb90c7f111f86b427f798a1c9"
6664,1,8,32.45,33.07,75.13,80.49,15.16,65.9,37.5,0.84,0.475,"wdbkwtdata.inc","FIADB REF_SPECIES to NBEL BM_REF_SPECIES to NVEL wdbkwtdata.inc","2023-10-16","38548071d5aa652bb90c7f111f86b427f798a1c9"
6665,1,8,32.45,33.07,75.13,80.49,15.16,65.9,37.5,0.84,0.475,"wdbkwtdata.inc","FIADB REF_SPECIES to NBEL BM_REF_SPECIES to NVEL wdbkwtdata.inc","2023-10-16","38548071d5aa652bb90c7f111f86b427f798a1c9"
6666,1,8,32.45,33.07,75.13,80.49,15.16,65.9,37.5,0.84,0.475,"wdbkwtdata.inc","FIADB REF_SPECIES to NBEL BM_REF_SPECIES to NVEL wdbkwtdata.inc","2023-10-16","38548071d5aa652bb90c7f111f86b427f798a1c9"
6668,1,8,32.45,33.07,75.13,80.49,15.16,65.9,37.5,0.84,0.475,"wdbkwtdata.inc","FIADB REF_SPECIES to NBEL BM_REF_SPECIES to NVEL wdbkwtdata.inc","2023-10-16","38548071d5aa652bb90c7f111f86b427f798a1c9"
6669,1,8,32.45,33.07,75.13,80.49,15.16,65.9,37.5,0.84,0.475,"wdbkwtdata.inc","FIADB REF_SPECIES to NBEL BM_REF_SPECIES to NVEL wdbkwtdata.inc","2023-10-16","38548071d5aa652bb90c7f111f86b427f798a1c9"
6670,1,8,32.45,33.07,75.13,80.49,15.16,65.9,37.5,0.84,0.475,"wdbkwtdata.inc","FIADB REF_SPECIES to NBEL BM_REF_SPECIES to NVEL wdbkwtdata.inc","2023-10-16","38548071d5aa652bb90c7f111f86b427f798a1c9"
6671,1,8,32.45,33.07,75.13,80.49,15.16,65.9,37.5,0.84,0.475,"wdbkwtdata.inc","FIADB REF_SPECIES to NBEL BM_REF_SPECIES to NVEL wdbkwtdata.inc","2023-10-16","38548071d5aa652bb90c7f111f86b427f798a1c9"
6673,1,8,32.45,33.07,75.13,80.49,15.16,65.9,37.5,0.84,0.475,"wdbkwtdata.inc","FIADB REF_SPECIES to NBEL BM_REF_SPECIES to NVEL wdbkwtdata.inc","2023-10-16","38548071d5aa652bb90c7f111f86b427f798a1c9"
6679,1,8,32.45,33.07,75.13,80.49,15.16,65.9,37.5,0.84,0.475,"wdbkwtdata.inc","FIADB REF_SPECIES to NBEL BM_REF_SPECIES to NVEL wdbkwtdata.inc","2023-10-16","38548071d5aa652bb90c7f111f86b427f798a1c9"
6681,1,8,29.95,29.95,0,0,0,30,30,0,0.476,"wdbkwtdata.inc","FIADB REF_SPECIES to NBEL BM_REF_SPECIES to NVEL wdbkwtdata.inc","2023-10-16","38548071d5aa652bb90c7f111f86b427f798a1c9"
6683,1,8,32.45,33.07,75.13,80.49,15.16,65.9,37.5,0.84,0.475,"wdbkwtdata.inc","FIADB REF_SPECIES to NBEL BM_REF_SPECIES to NVEL wdbkwtdata.inc","2023-10-16","38548071d5aa652bb90c7f111f86b427f798a1c9"
6684,1,8,32.45,33.07,75.13,80.49,15.16,65.9,37.5,0.84,0.454,"wdbkwtdata.inc","FIADB REF_SPECIES to NBEL BM_REF_SPECIES to NVEL wdbkwtdata.inc","2023-10-16","38548071d5aa652bb90c7f111f86b427f798a1c9"
6685,1,8,32.45,33.07,75.13,80.49,15.16,65.9,37.5,0.84,0.475,"wdbkwtdata.inc","FIADB REF_SPECIES to NBEL BM_REF_SPECIES to NVEL wdbkwtdata.inc","2023-10-16","38548071d5aa652bb90c7f111f86b427f798a1c9"
6686,1,8,32.45,33.07,75.13,80.49,15.16,65.9,37.5,0.84,0.475,"wdbkwtdata.inc","FIADB REF_SPECIES to NBEL BM_REF_SPECIES to NVEL wdbkwtdata.inc","2023-10-16","38548071d5aa652bb90c7f111f86b427f798a1c9"
6687,1,8,38.68,38.68,75.13,80.49,15.16,78.3,44.5,0.84,0.471,"wdbkwtdata.inc","FIADB REF_SPECIES to NBEL BM_REF_SPECIES to NVEL wdbkwtdata.inc","2023-10-16","38548071d5aa652bb90c7f111f86b427f798a1c9"
6688,1,8,32.45,33.07,75.13,80.49,15.16,65.9,37.5,0.84,0.475,"wdbkwtdata.inc","FIADB REF_SPECIES to NBEL BM_REF_SPECIES to NVEL wdbkwtdata.inc","2023-10-16","38548071d5aa652bb90c7f111f86b427f798a1c9"
6689,1,8,32.45,33.07,75.13,80.49,15.16,65.9,37.5,0.84,0.475,"wdbkwtdata.inc","FIADB REF_SPECIES to NBEL BM_REF_SPECIES to NVEL wdbkwtdata.inc","2023-10-16","38548071d5aa652bb90c7f111f86b427f798a1c9"
6691,1,8,21.22,21.22,75.13,80.49,15.16,43,24.4,0.84,0.481,"wdbkwtdata.inc","FIADB REF_SPECIES to NBEL BM_REF_SPECIES to NVEL wdbkwtdata.inc","2023-10-16","38548071d5aa652bb90c7f111f86b427f798a1c9"
6693,1,8,32.45,33.07,75.13,80.49,15.16,65.9,37.5,0.84,0.475,"wdbkwtdata.inc","FIADB REF_SPECIES to NBEL BM_REF_SPECIES to NVEL wdbkwtdata.inc","2023-10-16","38548071d5aa652bb90c7f111f86b427f798a1c9"
6694,1,8,43.68,43.68,0,0,0,43.7,43.7,0,0.469,"wdbkwtdata.inc","FIADB REF_SPECIES to NBEL BM_REF_SPECIES to NVEL wdbkwtdata.inc","2023-10-16","38548071d5aa652bb90c7f111f86b427f798a1c9"
6696,1,8,29.95,38.06,0,0,10.24,33.8,33.8,0.845,0.476,"wdbkwtdata.inc","FIADB REF_SPECIES to NBEL BM_REF_SPECIES to NVEL wdbkwtdata.inc","2023-10-16","38548071d5aa652bb90c7f111f86b427f798a1c9"
6697,1,8,43.68,43.68,75.13,80.49,15.16,88.4,50.3,0.84,0.469,"wdbkwtdata.inc","FIADB REF_SPECIES to NBEL BM_REF_SPECIES to NVEL wdbkwtdata.inc","2023-10-16","38548071d5aa652bb90c7f111f86b427f798a1c9"
6699,1,8,43.68,43.68,0,0,0,43.7,43.7,0,0.469,"wdbkwtdata.inc","FIADB REF_SPECIES to NBEL BM_REF_SPECIES to NVEL wdbkwtdata.inc","2023-10-16","38548071d5aa652bb90c7f111f86b427f798a1c9"
6700,1,8,32.45,33.07,75.13,80.49,15.16,65.9,37.5,0.84,0.475,"wdbkwtdata.inc","FIADB REF_SPECIES to NBEL BM_REF_SPECIES to NVEL wdbkwtdata.inc","2023-10-16","38548071d5aa652bb90c7f111f86b427f798a1c9"
6702,1,8,49.92,49.92,0,0,0,49.9,49.9,0,0.465,"wdbkwtdata.inc","FIADB REF_SPECIES to NBEL BM_REF_SPECIES to NVEL wdbkwtdata.inc","2023-10-16","38548071d5aa652bb90c7f111f86b427f798a1c9"
6703,1,8,21.22,21.22,75.13,80.49,15.16,43,24.4,0.84,0.481,"wdbkwtdata.inc","FIADB REF_SPECIES to NBEL BM_REF_SPECIES to NVEL wdbkwtdata.inc","2023-10-16","38548071d5aa652bb90c7f111f86b427f798a1c9"
6705,1,8,32.45,33.07,75.13,80.49,15.16,65.9,37.5,0.84,0.475,"wdbkwtdata.inc","FIADB REF_SPECIES to NBEL BM_REF_SPECIES to NVEL wdbkwtdata.inc","2023-10-16","38548071d5aa652bb90c7f111f86b427f798a1c9"
6706,1,8,32.45,33.07,75.13,80.49,15.16,65.9,37.5,0.84,0.475,"wdbkwtdata.inc","FIADB REF_SPECIES to NBEL BM_REF_SPECIES to NVEL wdbkwtdata.inc","2023-10-16","38548071d5aa652bb90c7f111f86b427f798a1c9"
6707,1,8,29.33,39.31,53,91,9.2,51.8,32.9,0.84,0.476,"wdbkwtdata.inc","FIADB REF_SPECIES to NBEL BM_REF_SPECIES to NVEL wdbkwtdata.inc","2023-10-16","38548071d5aa652bb90c7f111f86b427f798a1c9"
6708,1,8,29.33,39.31,53,91,9.19,51.8,32.9,0.84,0.477,"wdbkwtdata.inc","FIADB REF_SPECIES to NBEL BM_REF_SPECIES to NVEL wdbkwtdata.inc","2023-10-16","38548071d5aa652bb90c7f111f86b427f798a1c9"
6709,1,8,43.06,43.06,0,0,0,43.1,43.1,0,0.469,"wdbkwtdata.inc","FIADB REF_SPECIES to NBEL BM_REF_SPECIES to NVEL wdbkwtdata.inc","2023-10-16","38548071d5aa652bb90c7f111f86b427f798a1c9"
6710,1,8,32.45,33.07,75.13,80.49,15.16,65.9,37.5,0.84,0.475,"wdbkwtdata.inc","FIADB REF_SPECIES to NBEL BM_REF_SPECIES to NVEL wdbkwtdata.inc","2023-10-16","38548071d5aa652bb90c7f111f86b427f798a1c9"
6711,1,8,32.45,33.07,75.13,80.49,15.16,65.9,37.5,0.84,0.475,"wdbkwtdata.inc","FIADB REF_SPECIES to NBEL BM_REF_SPECIES to NVEL wdbkwtdata.inc","2023-10-16","38548071d5aa652bb90c7f111f86b427f798a1c9"
6712,1,8,32.45,33.07,75.13,80.49,15.16,65.9,37.5,0.84,0.475,"wdbkwtdata.inc","FIADB REF_SPECIES to NBEL BM_REF_SPECIES to NVEL wdbkwtdata.inc","2023-10-16","38548071d5aa652bb90c7f111f86b427f798a1c9"
6714,1,8,32.45,33.07,75.13,80.49,15.16,65.9,37.5,0.84,0.475,"wdbkwtdata.inc","FIADB REF_SPECIES to NBEL BM_REF_SPECIES to NVEL wdbkwtdata.inc","2023-10-16","38548071d5aa652bb90c7f111f86b427f798a1c9"
6716,1,8,29.95,29.95,75.13,80.49,15.16,60.7,34.5,0.84,0.476,"wdbkwtdata.inc","FIADB REF_SPECIES to NBEL BM_REF_SPECIES to NVEL wdbkwtdata.inc","2023-10-16","38548071d5aa652bb90c7f111f86b427f798a1c9"
6717,1,8,44.87,44.87,0,0,0,44.9,44.9,0,0.468,"wdbkwtdata.inc","FIADB REF_SPECIES to NBEL BM_REF_SPECIES to NVEL wdbkwtdata.inc","2023-10-16","38548071d5aa652bb90c7f111f86b427f798a1c9"
6718,1,8,44.87,44.87,75.13,80.49,15.16,90.8,51.7,0.84,0.468,"wdbkwtdata.inc","FIADB REF_SPECIES to NBEL BM_REF_SPECIES to NVEL wdbkwtdata.inc","2023-10-16","38548071d5aa652bb90c7f111f86b427f798a1c9"
6719,1,8,44.87,44.87,75.13,80.49,15.16,90.8,51.7,0.84,0.468,"wdbkwtdata.inc","FIADB REF_SPECIES to NBEL BM_REF_SPECIES to NVEL wdbkwtdata.inc","2023-10-16","38548071d5aa652bb90c7f111f86b427f798a1c9"
6720,1,8,44.87,44.87,75.13,80.49,15.16,90.8,51.7,0.84,0.468,"wdbkwtdata.inc","FIADB REF_SPECIES to NBEL BM_REF_SPECIES to NVEL wdbkwtdata.inc","2023-10-16","38548071d5aa652bb90c7f111f86b427f798a1c9"
6721,1,8,29.95,29.95,75.13,80.49,15.16,60.7,34.5,0.84,0.476,"wdbkwtdata.inc","FIADB REF_SPECIES to NBEL BM_REF_SPECIES to NVEL wdbkwtdata.inc","2023-10-16","38548071d5aa652bb90c7f111f86b427f798a1c9"
6722,1,8,29.95,29.95,75.13,80.49,15.16,60.7,34.5,0.84,0.476,"wdbkwtdata.inc","FIADB REF_SPECIES to NBEL BM_REF_SPECIES to NVEL wdbkwtdata.inc","2023-10-16","38548071d5aa652bb90c7f111f86b427f798a1c9"
6724,1,8,29.95,29.95,75.13,80.49,15.16,60.7,34.5,0.84,0.476,"wdbkwtdata.inc","FIADB REF_SPECIES to NBEL BM_REF_SPECIES to NVEL wdbkwtdata.inc","2023-10-16","38548071d5aa652bb90c7f111f86b427f798a1c9"
6726,1,8,44.87,44.87,0,0,0,44.9,44.9,0,0.468,"wdbkwtdata.inc","FIADB REF_SPECIES to NBEL BM_REF_SPECIES to NVEL wdbkwtdata.inc","2023-10-16","38548071d5aa652bb90c7f111f86b427f798a1c9"
6728,1,8,32.45,33.07,75.13,80.49,15.16,65.9,37.5,0.84,0.475,"wdbkwtdata.inc","FIADB REF_SPECIES to NBEL BM_REF_SPECIES to NVEL wdbkwtdata.inc","2023-10-16","38548071d5aa652bb90c7f111f86b427f798a1c9"
6729,1,8,29.58,29.58,0,0,0,29.6,29.6,0,0.476,"wdbkwtdata.inc","FIADB REF_SPECIES to NBEL BM_REF_SPECIES to NVEL wdbkwtdata.inc","2023-10-16","38548071d5aa652bb90c7f111f86b427f798a1c9"
6730,1,8,32.45,33.07,75.13,80.49,15.16,65.9,37.5,0.84,0.475,"wdbkwtdata.inc","FIADB REF_SPECIES to NBEL BM_REF_SPECIES to NVEL wdbkwtdata.inc","2023-10-16","38548071d5aa652bb90c7f111f86b427f798a1c9"
6731,1,8,32.45,33.07,75.13,80.49,15.16,65.9,37.5,0.84,0.45,"wdbkwtdata.inc","FIADB REF_SPECIES to NBEL BM_REF_SPECIES to NVEL wdbkwtdata.inc","2023-10-16","38548071d5aa652bb90c7f111f86b427f798a1c9"
6733,1,8,23.71,23.71,75.13,80.49,15.16,48,27.3,0.84,0.48,"wdbkwtdata.inc","FIADB REF_SPECIES to NBEL BM_REF_SPECIES to NVEL wdbkwtdata.inc","2023-10-16","38548071d5aa652bb90c7f111f86b427f798a1c9"
6735,1,8,32.45,33.07,75.13,80.49,15.16,65.9,37.5,0.84,0.475,"wdbkwtdata.inc","FIADB REF_SPECIES to NBEL BM_REF_SPECIES to NVEL wdbkwtdata.inc","2023-10-16","38548071d5aa652bb90c7f111f86b427f798a1c9"
6736,1,8,29.58,29.58,75.13,80.49,15.16,59.9,34.1,0.84,0.476,"wdbkwtdata.inc","FIADB REF_SPECIES to NBEL BM_REF_SPECIES to NVEL wdbkwtdata.inc","2023-10-16","38548071d5aa652bb90c7f111f86b427f798a1c9"
6737,1,8,32.45,33.07,75.13,80.49,15.16,65.9,37.5,0.84,0.475,"wdbkwtdata.inc","FIADB REF_SPECIES to NBEL BM_REF_SPECIES to NVEL wdbkwtdata.inc","2023-10-16","38548071d5aa652bb90c7f111f86b427f798a1c9"
6738,1,8,32.45,33.07,75.13,80.49,15.16,65.9,37.5,0.84,0.475,"wdbkwtdata.inc","FIADB REF_SPECIES to NBEL BM_REF_SPECIES to NVEL wdbkwtdata.inc","2023-10-16","38548071d5aa652bb90c7f111f86b427f798a1c9"
6739,1,8,32.45,33.07,75.13,80.49,15.16,65.9,37.5,0.84,0.475,"wdbkwtdata.inc","FIADB REF_SPECIES to NBEL BM_REF_SPECIES to NVEL wdbkwtdata.inc","2023-10-16","38548071d5aa652bb90c7f111f86b427f798a1c9"
6741,1,8,29.58,29.58,0,0,0,29.6,29.6,0,0.476,"wdbkwtdata.inc","FIADB REF_SPECIES to NBEL BM_REF_SPECIES to NVEL wdbkwtdata.inc","2023-10-16","38548071d5aa652bb90c7f111f86b427f798a1c9"
6742,1,8,30.09,30.09,75.13,80.49,15.16,60.9,34.6,0.84,0.476,"wdbkwtdata.inc","FIADB REF_SPECIES to NBEL BM_REF_SPECIES to NVEL wdbkwtdata.inc","2023-10-16","38548071d5aa652bb90c7f111f86b427f798a1c9"
6743,1,8,32.45,33.07,75.13,80.49,15.16,65.9,37.5,0.84,0.475,"wdbkwtdata.inc","FIADB REF_SPECIES to NBEL BM_REF_SPECIES to NVEL wdbkwtdata.inc","2023-10-16","38548071d5aa652bb90c7f111f86b427f798a1c9"
6744,1,8,31.2,31.2,75.13,80.49,15.16,63.2,35.9,0.84,0.476,"wdbkwtdata.inc","FIADB REF_SPECIES to NBEL BM_REF_SPECIES to NVEL wdbkwtdata.inc","2023-10-16","38548071d5aa652bb90c7f111f86b427f798a1c9"
6745,1,8,31.2,31.2,0,0,0,31.2,31.2,0,0.476,"wdbkwtdata.inc","FIADB REF_SPECIES to NBEL BM_REF_SPECIES to NVEL wdbkwtdata.inc","2023-10-16","38548071d5aa652bb90c7f111f86b427f798a1c9"
6746,1,8,32.45,33.07,75.13,80.49,15.16,65.9,37.5,0.84,0.475,"wdbkwtdata.inc","FIADB REF_SPECIES to NBEL BM_REF_SPECIES to NVEL wdbkwtdata.inc","2023-10-16","38548071d5aa652bb90c7f111f86b427f798a1c9"
6747,1,8,32.45,33.07,75.13,80.49,15.16,65.9,37.5,0.84,0.475,"wdbkwtdata.inc","FIADB REF_SPECIES to NBEL BM_REF_SPECIES to NVEL wdbkwtdata.inc","2023-10-16","38548071d5aa652bb90c7f111f86b427f798a1c9"
6748,1,8,38.06,36.19,40,91,15,63.7,43.5,0.912,0.472,"wdbkwtdata.inc","FIADB REF_SPECIES to NBEL BM_REF_SPECIES to NVEL wdbkwtdata.inc","2023-10-16","38548071d5aa652bb90c7f111f86b427f798a1c9"
6749,1,8,52.81,52.81,0,0,0,52.8,52.8,0,0.463,"wdbkwtdata.inc","FIADB REF_SPECIES to NBEL BM_REF_SPECIES to NVEL wdbkwtdata.inc","2023-10-16","38548071d5aa652bb90c7f111f86b427f798a1c9"
6750,1,8,32.45,33.07,75.13,80.49,15.16,65.9,37.5,0.84,0.475,"wdbkwtdata.inc","FIADB REF_SPECIES to NBEL BM_REF_SPECIES to NVEL wdbkwtdata.inc","2023-10-16","38548071d5aa652bb90c7f111f86b427f798a1c9"
6751,1,8,52.81,52.81,0,0,0,52.8,52.8,0,0.463,"wdbkwtdata.inc","FIADB REF_SPECIES to NBEL BM_REF_SPECIES to NVEL wdbkwtdata.inc","2023-10-16","38548071d5aa652bb90c7f111f86b427f798a1c9"
6752,1,8,44.95,44.95,0,0,0,45,45,0,0.468,"wdbkwtdata.inc","FIADB REF_SPECIES to NBEL BM_REF_SPECIES to NVEL wdbkwtdata.inc","2023-10-16","38548071d5aa652bb90c7f111f86b427f798a1c9"
6754,1,8,37.07,37.07,0,0,0,37.1,37.1,0,0.445,"wdbkwtdata.inc","FIADB REF_SPECIES to NBEL BM_REF_SPECIES to NVEL wdbkwtdata.inc","2023-10-16","38548071d5aa652bb90c7f111f86b427f798a1c9"
6755,1,8,37.07,37.07,0,0,0,37.1,37.1,0,0.472,"wdbkwtdata.inc","FIADB REF_SPECIES to NBEL BM_REF_SPECIES to NVEL wdbkwtdata.inc","2023-10-16","38548071d5aa652bb90c7f111f86b427f798a1c9"
6756,1,8,32.45,33.07,75.13,80.49,15.16,65.9,37.5,0.84,0.475,"wdbkwtdata.inc","FIADB REF_SPECIES to NBEL BM_REF_SPECIES to NVEL wdbkwtdata.inc","2023-10-16","38548071d5aa652bb90c7f111f86b427f798a1c9"
6758,1,8,26.86,26.86,75.13,80.49,15.16,54.4,30.9,0.84,0.478,"wdbkwtdata.inc","FIADB REF_SPECIES to NBEL BM_REF_SPECIES to NVEL wdbkwtdata.inc","2023-10-16","38548071d5aa652bb90c7f111f86b427f798a1c9"
6759,1,8,0,0,0,0,0,0,0,0,0.457,"wdbkwtdata.inc","FIADB REF_SPECIES to NBEL BM_REF_SPECIES to NVEL wdbkwtdata.inc","2023-10-16","38548071d5aa652bb90c7f111f86b427f798a1c9"
6760,1,8,44.3,44.3,0,0,0,44.3,44.3,0.84,0.436,"wdbkwtdata.inc","FIADB REF_SPECIES to NBEL BM_REF_SPECIES to NVEL wdbkwtdata.inc","2023-10-16","38548071d5aa652bb90c7f111f86b427f798a1c9"
6761,1,8,32.45,33.07,75.13,80.49,15.16,65.9,37.5,0.84,0.475,"wdbkwtdata.inc","FIADB REF_SPECIES to NBEL BM_REF_SPECIES to NVEL wdbkwtdata.inc","2023-10-16","38548071d5aa652bb90c7f111f86b427f798a1c9"
6762,1,8,32.45,33.07,75.13,80.49,15.16,65.9,37.5,0.84,0.475,"wdbkwtdata.inc","FIADB REF_SPECIES to NBEL BM_REF_SPECIES to NVEL wdbkwtdata.inc","2023-10-16","38548071d5aa652bb90c7f111f86b427f798a1c9"
6763,1,8,32.45,33.07,75.13,80.49,15.16,65.9,37.5,0.84,0.475,"wdbkwtdata.inc","FIADB REF_SPECIES to NBEL BM_REF_SPECIES to NVEL wdbkwtdata.inc","2023-10-16","38548071d5aa652bb90c7f111f86b427f798a1c9"
6765,1,8,32.45,33.07,75.13,80.49,15.16,65.9,37.5,0.84,0.475,"wdbkwtdata.inc","FIADB REF_SPECIES to NBEL BM_REF_SPECIES to NVEL wdbkwtdata.inc","2023-10-16","38548071d5aa652bb90c7f111f86b427f798a1c9"
6767,1,8,32.45,33.07,75.13,80.49,15.16,65.9,37.5,0.84,0.475,"wdbkwtdata.inc","FIADB REF_SPECIES to NBEL BM_REF_SPECIES to NVEL wdbkwtdata.inc","2023-10-16","38548071d5aa652bb90c7f111f86b427f798a1c9"
6768,1,9,0,0,0,0,0,0,0,0,0.472,"wdbkwtdata.inc","FIADB REF_SPECIES to NBEL BM_REF_SPECIES to NVEL wdbkwtdata.inc","2023-10-16","38548071d5aa652bb90c7f111f86b427f798a1c9"
6769,1,8,47.42,47.42,75.13,80.49,15.16,96,54.6,0.84,0.466,"wdbkwtdata.inc","FIADB REF_SPECIES to NBEL BM_REF_SPECIES to NVEL wdbkwtdata.inc","2023-10-16","38548071d5aa652bb90c7f111f86b427f798a1c9"
6771,1,8,42.06,42.06,0,0,0,42.1,42.1,0,0.469,"wdbkwtdata.inc","FIADB REF_SPECIES to NBEL BM_REF_SPECIES to NVEL wdbkwtdata.inc","2023-10-16","38548071d5aa652bb90c7f111f86b427f798a1c9"
6772,1,8,32.45,33.07,75.13,80.49,15.16,65.9,37.5,0.84,0.475,"wdbkwtdata.inc","FIADB REF_SPECIES to NBEL BM_REF_SPECIES to NVEL wdbkwtdata.inc","2023-10-16","38548071d5aa652bb90c7f111f86b427f798a1c9"
6773,1,8,32.45,33.07,75.13,80.49,15.16,65.9,37.5,0.84,0.475,"wdbkwtdata.inc","FIADB REF_SPECIES to NBEL BM_REF_SPECIES to NVEL wdbkwtdata.inc","2023-10-16","38548071d5aa652bb90c7f111f86b427f798a1c9"
6774,1,8,32.45,33.07,75.13,80.49,15.16,65.9,37.5,0.84,0.475,"wdbkwtdata.inc","FIADB REF_SPECIES to NBEL BM_REF_SPECIES to NVEL wdbkwtdata.inc","2023-10-16","38548071d5aa652bb90c7f111f86b427f798a1c9"
6775,1,8,32.45,33.07,75.13,80.49,15.16,65.9,37.5,0.84,0.475,"wdbkwtdata.inc","FIADB REF_SPECIES to NBEL BM_REF_SPECIES to NVEL wdbkwtdata.inc","2023-10-16","38548071d5aa652bb90c7f111f86b427f798a1c9"
6778,1,8,35.92,35.92,0,0,0,35.9,35.9,0,0.473,"wdbkwtdata.inc","FIADB REF_SPECIES to NBEL BM_REF_SPECIES to NVEL wdbkwtdata.inc","2023-10-16","38548071d5aa652bb90c7f111f86b427f798a1c9"
6779,1,8,35.92,35.92,0,0,0,35.9,35.9,0,0.473,"wdbkwtdata.inc","FIADB REF_SPECIES to NBEL BM_REF_SPECIES to NVEL wdbkwtdata.inc","2023-10-16","38548071d5aa652bb90c7f111f86b427f798a1c9"
6781,1,8,35.92,35.92,0,0,0,35.9,35.9,0,0.473,"wdbkwtdata.inc","FIADB REF_SPECIES to NBEL BM_REF_SPECIES to NVEL wdbkwtdata.inc","2023-10-16","38548071d5aa652bb90c7f111f86b427f798a1c9"
6782,1,9,36.19,37.44,76.83,89.63,22,79.6,44.4,0.78,0.472,"wdbkwtdata.inc","FIADB REF_SPECIES to NBEL BM_REF_SPECIES to NVEL wdbkwtdata.inc","2023-10-16","38548071d5aa652bb90c7f111f86b427f798a1c9"
6783,1,8,35.92,35.92,0,0,0,35.9,35.9,0,0.473,"wdbkwtdata.inc","FIADB REF_SPECIES to NBEL BM_REF_SPECIES to NVEL wdbkwtdata.inc","2023-10-16","38548071d5aa652bb90c7f111f86b427f798a1c9"
6784,1,8,35.92,35.92,0,0,0,35.9,35.9,0,0.473,"wdbkwtdata.inc","FIADB REF_SPECIES to NBEL BM_REF_SPECIES to NVEL wdbkwtdata.inc","2023-10-16","38548071d5aa652bb90c7f111f86b427f798a1c9"
6785,1,9,36.82,36.19,75.3,82.95,19.12,77.2,43.7,0.84,0.472,"wdbkwtdata.inc","FIADB REF_SPECIES to NBEL BM_REF_SPECIES to NVEL wdbkwtdata.inc","2023-10-16","38548071d5aa652bb90c7f111f86b427f798a1c9"
6786,0,4,25.58,26.21,74.29,70.5,14.31,51,29.3,0.458,0.526,"wdbkwtdata.inc","FIADB REF_SPECIES to NBEL BM_REF_SPECIES to NVEL wdbkwtdata.inc","2023-10-16","38548071d5aa652bb90c7f111f86b427f798a1c9"
6787,0,4,19.34,19.34,75.13,80.49,15.16,39.2,22.3,0.84,0.482,"wdbkwtdata.inc","FIADB REF_SPECIES to NBEL BM_REF_SPECIES to NVEL wdbkwtdata.inc","2023-10-16","38548071d5aa652bb90c7f111f86b427f798a1c9"
6788,0,4,25.58,26.21,74.29,70.5,14.31,51,29.3,0.458,0.48,"wdbkwtdata.inc","FIADB REF_SPECIES to NBEL BM_REF_SPECIES to NVEL wdbkwtdata.inc","2023-10-16","38548071d5aa652bb90c7f111f86b427f798a1c9"
6790,1,8,32.45,33.07,75.13,80.49,15.16,65.9,37.5,0.84,0.475,"wdbkwtdata.inc","FIADB REF_SPECIES to NBEL BM_REF_SPECIES to NVEL wdbkwtdata.inc","2023-10-16","38548071d5aa652bb90c7f111f86b427f798a1c9"
6791,1,9,36.82,0,0,0,0,36.8,36.8,0.722,0.472,"wdbkwtdata.inc","FIADB REF_SPECIES to NBEL BM_REF_SPECIES to NVEL wdbkwtdata.inc","2023-10-16","38548071d5aa652bb90c7f111f86b427f798a1c9"
6792,1,8,32.45,33.07,75.13,80.49,15.16,65.9,37.5,0.84,0.475,"wdbkwtdata.inc","FIADB REF_SPECIES to NBEL BM_REF_SPECIES to NVEL wdbkwtdata.inc","2023-10-16","38548071d5aa652bb90c7f111f86b427f798a1c9"
6794,1,9,0,0,0,0,0,0,0,0,0.463,"wdbkwtdata.inc","FIADB REF_SPECIES to NBEL BM_REF_SPECIES to NVEL wdbkwtdata.inc","2023-10-16","38548071d5aa652bb90c7f111f86b427f798a1c9"
6795,0,4,25.58,26.21,74.29,70.5,14.31,51,29.3,0.458,0.479,"wdbkwtdata.inc","FIADB REF_SPECIES to NBEL BM_REF_SPECIES to NVEL wdbkwtdata.inc","2023-10-16","38548071d5aa652bb90c7f111f86b427f798a1c9"
6796,0,4,25.58,26.21,74.29,70.5,14.31,51,29.3,0.458,0.479,"wdbkwtdata.inc","FIADB REF_SPECIES to NBEL BM_REF_SPECIES to NVEL wdbkwtdata.inc","2023-10-16","38548071d5aa652bb90c7f111f86b427f798a1c9"
6797,1,9,36.82,36.19,75.3,82.95,19.12,77.2,43.7,0.84,0.472,"wdbkwtdata.inc","FIADB REF_SPECIES to NBEL BM_REF_SPECIES to NVEL wdbkwtdata.inc","2023-10-16","38548071d5aa652bb90c7f111f86b427f798a1c9"
6799,1,9,37.44,36.19,75.3,82.95,19.12,78.3,44.4,0.762,0.472,"wdbkwtdata.inc","FIADB REF_SPECIES to NBEL BM_REF_SPECIES to NVEL wdbkwtdata.inc","2023-10-16","38548071d5aa652bb90c7f111f86b427f798a1c9"
6800,1,8,31.2,31.2,0,0,0,31.2,31.2,0,0.476,"wdbkwtdata.inc","FIADB REF_SPECIES to NBEL BM_REF_SPECIES to NVEL wdbkwtdata.inc","2023-10-16","38548071d5aa652bb90c7f111f86b427f798a1c9"
6801,1,8,31.2,31.2,0,0,0,31.2,31.2,0,0.476,"wdbkwtdata.inc","FIADB REF_SPECIES to NBEL BM_REF_SPECIES to NVEL wdbkwtdata.inc","2023-10-16","38548071d5aa652bb90c7f111f86b427f798a1c9"
6802,1,8,31.2,31.2,0,0,0,31.2,31.2,0,0.476,"wdbkwtdata.inc","FIADB REF_SPECIES to NBEL BM_REF_SPECIES to NVEL wdbkwtdata.inc","2023-10-16","38548071d5aa652bb90c7f111f86b427f798a1c9"
6805,1,8,31.2,31.2,0,0,0,31.2,31.2,0,0.476,"wdbkwtdata.inc","FIADB REF_SPECIES to NBEL BM_REF_SPECIES to NVEL wdbkwtdata.inc","2023-10-16","38548071d5aa652bb90c7f111f86b427f798a1c9"
6806,1,8,31.2,31.2,0,0,0,31.2,31.2,0,0.476,"wdbkwtdata.inc","FIADB REF_SPECIES to NBEL BM_REF_SPECIES to NVEL wdbkwtdata.inc","2023-10-16","38548071d5aa652bb90c7f111f86b427f798a1c9"
6807,1,8,31.2,31.2,0,0,0,31.2,31.2,0,0.476,"wdbkwtdata.inc","FIADB REF_SPECIES to NBEL BM_REF_SPECIES to NVEL wdbkwtdata.inc","2023-10-16","38548071d5aa652bb90c7f111f86b427f798a1c9"
6810,1,8,31.2,31.2,0,0,0,31.2,31.2,0,0.476,"wdbkwtdata.inc","FIADB REF_SPECIES to NBEL BM_REF_SPECIES to NVEL wdbkwtdata.inc","2023-10-16","38548071d5aa652bb90c7f111f86b427f798a1c9"
6811,1,8,31.2,31.2,0,0,0,31.2,31.2,0,0.476,"wdbkwtdata.inc","FIADB REF_SPECIES to NBEL BM_REF_SPECIES to NVEL wdbkwtdata.inc","2023-10-16","38548071d5aa652bb90c7f111f86b427f798a1c9"
6812,1,8,31.2,31.2,0,0,0,31.2,31.2,0,0.476,"wdbkwtdata.inc","FIADB REF_SPECIES to NBEL BM_REF_SPECIES to NVEL wdbkwtdata.inc","2023-10-16","38548071d5aa652bb90c7f111f86b427f798a1c9"
6813,1,8,31.2,31.2,0,0,0,31.2,31.2,0,0.476,"wdbkwtdata.inc","FIADB REF_SPECIES to NBEL BM_REF_SPECIES to NVEL wdbkwtdata.inc","2023-10-16","38548071d5aa652bb90c7f111f86b427f798a1c9"
6814,1,8,31.2,31.2,0,0,0,31.2,31.2,0,0.476,"wdbkwtdata.inc","FIADB REF_SPECIES to NBEL BM_REF_SPECIES to NVEL wdbkwtdata.inc","2023-10-16","38548071d5aa652bb90c7f111f86b427f798a1c9"
6815,1,8,31.2,31.2,0,0,0,31.2,31.2,0,0.476,"wdbkwtdata.inc","FIADB REF_SPECIES to NBEL BM_REF_SPECIES to NVEL wdbkwtdata.inc","2023-10-16","38548071d5aa652bb90c7f111f86b427f798a1c9"
6818,1,8,31.2,31.2,0,0,0,31.2,31.2,0,0.476,"wdbkwtdata.inc","FIADB REF_SPECIES to NBEL BM_REF_SPECIES to NVEL wdbkwtdata.inc","2023-10-16","38548071d5aa652bb90c7f111f86b427f798a1c9"
6819,1,8,31.2,31.2,0,0,0,31.2,31.2,0,0.476,"wdbkwtdata.inc","FIADB REF_SPECIES to NBEL BM_REF_SPECIES to NVEL wdbkwtdata.inc","2023-10-16","38548071d5aa652bb90c7f111f86b427f798a1c9"
6822,1,8,31.2,31.2,0,0,0,31.2,31.2,0,0.476,"wdbkwtdata.inc","FIADB REF_SPECIES to NBEL BM_REF_SPECIES to NVEL wdbkwtdata.inc","2023-10-16","38548071d5aa652bb90c7f111f86b427f798a1c9"
6823,1,8,31.2,31.2,0,0,0,31.2,31.2,0,0.476,"wdbkwtdata.inc","FIADB REF_SPECIES to NBEL BM_REF_SPECIES to NVEL wdbkwtdata.inc","2023-10-16","38548071d5aa652bb90c7f111f86b427f798a1c9"
6824,1,8,31.2,31.2,0,0,0,31.2,31.2,0,0.476,"wdbkwtdata.inc","FIADB REF_SPECIES to NBEL BM_REF_SPECIES to NVEL wdbkwtdata.inc","2023-10-16","38548071d5aa652bb90c7f111f86b427f798a1c9"
6825,1,8,31.2,31.2,0,0,0,31.2,31.2,0,0.476,"wdbkwtdata.inc","FIADB REF_SPECIES to NBEL BM_REF_SPECIES to NVEL wdbkwtdata.inc","2023-10-16","38548071d5aa652bb90c7f111f86b427f798a1c9"
6826,1,8,31.2,31.2,0,0,0,31.2,31.2,0,0.476,"wdbkwtdata.inc","FIADB REF_SPECIES to NBEL BM_REF_SPECIES to NVEL wdbkwtdata.inc","2023-10-16","38548071d5aa652bb90c7f111f86b427f798a1c9"
6827,1,8,31.2,31.2,0,0,0,31.2,31.2,0,0.476,"wdbkwtdata.inc","FIADB REF_SPECIES to NBEL BM_REF_SPECIES to NVEL wdbkwtdata.inc","2023-10-16","38548071d5aa652bb90c7f111f86b427f798a1c9"
6828,1,8,31.2,31.2,0,0,0,31.2,31.2,0,0.476,"wdbkwtdata.inc","FIADB REF_SPECIES to NBEL BM_REF_SPECIES to NVEL wdbkwtdata.inc","2023-10-16","38548071d5aa652bb90c7f111f86b427f798a1c9"
6829,1,8,31.2,31.2,0,0,0,31.2,31.2,0,0.476,"wdbkwtdata.inc","FIADB REF_SPECIES to NBEL BM_REF_SPECIES to NVEL wdbkwtdata.inc","2023-10-16","38548071d5aa652bb90c7f111f86b427f798a1c9"
6830,1,8,31.2,31.2,0,0,0,31.2,31.2,0,0.476,"wdbkwtdata.inc","FIADB REF_SPECIES to NBEL BM_REF_SPECIES to NVEL wdbkwtdata.inc","2023-10-16","38548071d5aa652bb90c7f111f86b427f798a1c9"
6833,1,8,31.2,31.2,0,0,0,31.2,31.2,0,0.476,"wdbkwtdata.inc","FIADB REF_SPECIES to NBEL BM_REF_SPECIES to NVEL wdbkwtdata.inc","2023-10-16","38548071d5aa652bb90c7f111f86b427f798a1c9"
6834,1,8,32.45,33.07,75.13,80.49,15.16,65.9,37.5,0.84,0.475,"wdbkwtdata.inc","FIADB REF_SPECIES to NBEL BM_REF_SPECIES to NVEL wdbkwtdata.inc","2023-10-16","38548071d5aa652bb90c7f111f86b427f798a1c9"
6835,1,8,32.45,33.07,75.13,80.49,15.16,65.9,37.5,0.84,0.475,"wdbkwtdata.inc","FIADB REF_SPECIES to NBEL BM_REF_SPECIES to NVEL wdbkwtdata.inc","2023-10-16","38548071d5aa652bb90c7f111f86b427f798a1c9"
6837,1,8,36.19,37.44,66,60,15,69.1,41.8,0.964,0.476,"wdbkwtdata.inc","FIADB REF_SPECIES to NBEL BM_REF_SPECIES to NVEL wdbkwtdata.inc","2023-10-16","38548071d5aa652bb90c7f111f86b427f798a1c9"
6838,1,8,31.2,31.2,75.13,80.49,15.16,63.2,35.9,0.84,0.476,"wdbkwtdata.inc","FIADB REF_SPECIES to NBEL BM_REF_SPECIES to NVEL wdbkwtdata.inc","2023-10-16","38548071d5aa652bb90c7f111f86b427f798a1c9"
6839,1,8,32.45,33.07,75.13,80.49,15.16,65.9,37.5,0.84,0.475,"wdbkwtdata.inc","FIADB REF_SPECIES to NBEL BM_REF_SPECIES to NVEL wdbkwtdata.inc","2023-10-16","38548071d5aa652bb90c7f111f86b427f798a1c9"
6840,1,8,31.2,31.2,75.13,80.49,15.16,63.2,35.9,0.84,0.476,"wdbkwtdata.inc","FIADB REF_SPECIES to NBEL BM_REF_SPECIES to NVEL wdbkwtdata.inc","2023-10-16","38548071d5aa652bb90c7f111f86b427f798a1c9"
6841,1,8,31.2,31.2,0,0,0,31.2,31.2,0,0.476,"wdbkwtdata.inc","FIADB REF_SPECIES to NBEL BM_REF_SPECIES to NVEL wdbkwtdata.inc","2023-10-16","38548071d5aa652bb90c7f111f86b427f798a1c9"
6842,1,8,31.2,31.2,75.13,80.49,15.16,63.2,35.9,0.84,0.476,"wdbkwtdata.inc","FIADB REF_SPECIES to NBEL BM_REF_SPECIES to NVEL wdbkwtdata.inc","2023-10-16","38548071d5aa652bb90c7f111f86b427f798a1c9"
6843,1,8,32.45,33.07,75.13,80.49,15.16,65.9,37.5,0.84,0.475,"wdbkwtdata.inc","FIADB REF_SPECIES to NBEL BM_REF_SPECIES to NVEL wdbkwtdata.inc","2023-10-16","38548071d5aa652bb90c7f111f86b427f798a1c9"
6844,1,8,31.2,31.2,75.13,80.49,15.16,63.2,35.9,0.84,0.476,"wdbkwtdata.inc","FIADB REF_SPECIES to NBEL BM_REF_SPECIES to NVEL wdbkwtdata.inc","2023-10-16","38548071d5aa652bb90c7f111f86b427f798a1c9"
6847,1,8,31.2,31.2,75.13,80.49,15.16,63.2,35.9,0.84,0.476,"wdbkwtdata.inc","FIADB REF_SPECIES to NBEL BM_REF_SPECIES to NVEL wdbkwtdata.inc","2023-10-16","38548071d5aa652bb90c7f111f86b427f798a1c9"
6848,1,8,32.45,33.07,75.13,80.49,15.16,65.9,37.5,0.84,0.475,"wdbkwtdata.inc","FIADB REF_SPECIES to NBEL BM_REF_SPECIES to NVEL wdbkwtdata.inc","2023-10-16","38548071d5aa652bb90c7f111f86b427f798a1c9"
6849,1,8,31.2,31.2,0,0,0,31.2,31.2,0,0.476,"wdbkwtdata.inc","FIADB REF_SPECIES to NBEL BM_REF_SPECIES to NVEL wdbkwtdata.inc","2023-10-16","38548071d5aa652bb90c7f111f86b427f798a1c9"
6850,1,8,32.45,33.07,75.13,80.49,15.16,65.9,37.5,0.84,0.475,"wdbkwtdata.inc","FIADB REF_SPECIES to NBEL BM_REF_SPECIES to NVEL wdbkwtdata.inc","2023-10-16","38548071d5aa652bb90c7f111f86b427f798a1c9"
6852,1,8,32.45,33.07,75.13,80.49,15.16,65.9,37.5,0.84,0.475,"wdbkwtdata.inc","FIADB REF_SPECIES to NBEL BM_REF_SPECIES to NVEL wdbkwtdata.inc","2023-10-16","38548071d5aa652bb90c7f111f86b427f798a1c9"
6853,1,8,31.2,31.2,0,0,0,31.2,31.2,0,0.476,"wdbkwtdata.inc","FIADB REF_SPECIES to NBEL BM_REF_SPECIES to NVEL wdbkwtdata.inc","2023-10-16","38548071d5aa652bb90c7f111f86b427f798a1c9"
6854,1,8,31.2,31.2,75.13,80.49,15.16,63.2,35.9,0.84,0.476,"wdbkwtdata.inc","FIADB REF_SPECIES to NBEL BM_REF_SPECIES to NVEL wdbkwtdata.inc","2023-10-16","38548071d5aa652bb90c7f111f86b427f798a1c9"
6855,1,8,40.56,40.56,75.13,80.49,15.16,82.1,46.7,0.84,0.47,"wdbkwtdata.inc","FIADB REF_SPECIES to NBEL BM_REF_SPECIES to NVEL wdbkwtdata.inc","2023-10-16","38548071d5aa652bb90c7f111f86b427f798a1c9"
6856,1,8,32.45,33.07,75.13,80.49,15.16,65.9,37.5,0.84,0.448,"wdbkwtdata.inc","FIADB REF_SPECIES to NBEL BM_REF_SPECIES to NVEL wdbkwtdata.inc","2023-10-16","38548071d5aa652bb90c7f111f86b427f798a1c9"
6857,1,8,32.45,33.07,75.13,80.49,15.16,65.9,37.5,0.84,0.475,"wdbkwtdata.inc","FIADB REF_SPECIES to NBEL BM_REF_SPECIES to NVEL wdbkwtdata.inc","2023-10-16","38548071d5aa652bb90c7f111f86b427f798a1c9"
6858,1,8,45.55,45.55,75.13,80.49,15.16,92.2,52.5,0.84,0.467,"wdbkwtdata.inc","FIADB REF_SPECIES to NBEL BM_REF_SPECIES to NVEL wdbkwtdata.inc","2023-10-16","38548071d5aa652bb90c7f111f86b427f798a1c9"
6859,1,8,32.45,33.07,75.13,80.49,15.16,65.9,37.5,0.84,0.475,"wdbkwtdata.inc","FIADB REF_SPECIES to NBEL BM_REF_SPECIES to NVEL wdbkwtdata.inc","2023-10-16","38548071d5aa652bb90c7f111f86b427f798a1c9"
6860,1,8,27.46,27.46,0,0,0,27.5,27.5,0,0.478,"wdbkwtdata.inc","FIADB REF_SPECIES to NBEL BM_REF_SPECIES to NVEL wdbkwtdata.inc","2023-10-16","38548071d5aa652bb90c7f111f86b427f798a1c9"
6862,1,8,32.45,33.07,75.13,80.49,15.16,65.9,37.5,0.84,0.475,"wdbkwtdata.inc","FIADB REF_SPECIES to NBEL BM_REF_SPECIES to NVEL wdbkwtdata.inc","2023-10-16","38548071d5aa652bb90c7f111f86b427f798a1c9"
6863,1,8,31.2,31.2,75.13,80.49,15.16,63.2,35.9,0.84,0.476,"wdbkwtdata.inc","FIADB REF_SPECIES to NBEL BM_REF_SPECIES to NVEL wdbkwtdata.inc","2023-10-16","38548071d5aa652bb90c7f111f86b427f798a1c9"
6864,1,8,31.2,31.2,0,0,0,31.2,31.2,0,0.476,"wdbkwtdata.inc","FIADB REF_SPECIES to NBEL BM_REF_SPECIES to NVEL wdbkwtdata.inc","2023-10-16","38548071d5aa652bb90c7f111f86b427f798a1c9"
6865,1,8,31.2,31.2,75.13,80.49,15.16,63.2,35.9,0.84,0.476,"wdbkwtdata.inc","FIADB REF_SPECIES to NBEL BM_REF_SPECIES to NVEL wdbkwtdata.inc","2023-10-16","38548071d5aa652bb90c7f111f86b427f798a1c9"
6866,1,8,31.2,31.2,75.13,80.49,15.16,63.2,35.9,0.84,0.476,"wdbkwtdata.inc","FIADB REF_SPECIES to NBEL BM_REF_SPECIES to NVEL wdbkwtdata.inc","2023-10-16","38548071d5aa652bb90c7f111f86b427f798a1c9"
6867,1,8,32.45,33.07,75.13,80.49,15.16,65.9,37.5,0.84,0.51,"wdbkwtdata.inc","FIADB REF_SPECIES to NBEL BM_REF_SPECIES to NVEL wdbkwtdata.inc","2023-10-16","38548071d5aa652bb90c7f111f86b427f798a1c9"
6868,1,8,32.45,33.07,75.13,80.49,15.16,65.9,37.5,0.84,0.457,"wdbkwtdata.inc","FIADB REF_SPECIES to NBEL BM_REF_SPECIES to NVEL wdbkwtdata.inc","2023-10-16","38548071d5aa652bb90c7f111f86b427f798a1c9"
6869,1,8,32.45,33.07,75.13,80.49,15.16,65.9,37.5,0.84,0.475,"wdbkwtdata.inc","FIADB REF_SPECIES to NBEL BM_REF_SPECIES to NVEL wdbkwtdata.inc","2023-10-16","38548071d5aa652bb90c7f111f86b427f798a1c9"
6870,1,8,32.45,33.07,75.13,80.49,15.16,65.9,37.5,0.84,0.475,"wdbkwtdata.inc","FIADB REF_SPECIES to NBEL BM_REF_SPECIES to NVEL wdbkwtdata.inc","2023-10-16","38548071d5aa652bb90c7f111f86b427f798a1c9"
6871,1,8,32.45,33.07,75.13,80.49,15.16,65.9,37.5,0.84,0.475,"wdbkwtdata.inc","FIADB REF_SPECIES to NBEL BM_REF_SPECIES to NVEL wdbkwtdata.inc","2023-10-16","38548071d5aa652bb90c7f111f86b427f798a1c9"
6872,1,8,32.45,33.07,75.13,80.49,15.16,65.9,37.5,0.84,0.475,"wdbkwtdata.inc","FIADB REF_SPECIES to NBEL BM_REF_SPECIES to NVEL wdbkwtdata.inc","2023-10-16","38548071d5aa652bb90c7f111f86b427f798a1c9"
6873,1,8,32.45,33.07,75.13,80.49,15.16,65.9,37.5,0.84,0.475,"wdbkwtdata.inc","FIADB REF_SPECIES to NBEL BM_REF_SPECIES to NVEL wdbkwtdata.inc","2023-10-16","38548071d5aa652bb90c7f111f86b427f798a1c9"
6875,1,8,31.2,31.2,0,0,0,31.2,31.2,0,0.476,"wdbkwtdata.inc","FIADB REF_SPECIES to NBEL BM_REF_SPECIES to NVEL wdbkwtdata.inc","2023-10-16","38548071d5aa652bb90c7f111f86b427f798a1c9"
6876,1,8,31.2,31.2,0,0,0,31.2,31.2,0,0.476,"wdbkwtdata.inc","FIADB REF_SPECIES to NBEL BM_REF_SPECIES to NVEL wdbkwtdata.inc","2023-10-16","38548071d5aa652bb90c7f111f86b427f798a1c9"
6877,1,8,31.2,31.2,0,0,0,31.2,31.2,0,0.476,"wdbkwtdata.inc","FIADB REF_SPECIES to NBEL BM_REF_SPECIES to NVEL wdbkwtdata.inc","2023-10-16","38548071d5aa652bb90c7f111f86b427f798a1c9"
6880,1,8,31.2,31.2,0,0,0,31.2,31.2,0,0.476,"wdbkwtdata.inc","FIADB REF_SPECIES to NBEL BM_REF_SPECIES to NVEL wdbkwtdata.inc","2023-10-16","38548071d5aa652bb90c7f111f86b427f798a1c9"
6881,1,8,31.2,31.2,0,0,0,31.2,31.2,0,0.476,"wdbkwtdata.inc","FIADB REF_SPECIES to NBEL BM_REF_SPECIES to NVEL wdbkwtdata.inc","2023-10-16","38548071d5aa652bb90c7f111f86b427f798a1c9"
6882,1,8,31.2,31.2,0,0,0,31.2,31.2,0,0.476,"wdbkwtdata.inc","FIADB REF_SPECIES to NBEL BM_REF_SPECIES to NVEL wdbkwtdata.inc","2023-10-16","38548071d5aa652bb90c7f111f86b427f798a1c9"
6883,1,8,32.45,33.07,75.13,80.49,15.16,65.9,37.5,0.84,0.475,"wdbkwtdata.inc","FIADB REF_SPECIES to NBEL BM_REF_SPECIES to NVEL wdbkwtdata.inc","2023-10-16","38548071d5aa652bb90c7f111f86b427f798a1c9"
6884,1,8,27.88,27.88,0,0,0,27.9,27.9,0,0.477,"wdbkwtdata.inc","FIADB REF_SPECIES to NBEL BM_REF_SPECIES to NVEL wdbkwtdata.inc","2023-10-16","38548071d5aa652bb90c7f111f86b427f798a1c9"
6885,1,8,12.89,12.89,75.13,80.49,15.16,26.1,14.8,0.84,0.486,"wdbkwtdata.inc","FIADB REF_SPECIES to NBEL BM_REF_SPECIES to NVEL wdbkwtdata.inc","2023-10-16","38548071d5aa652bb90c7f111f86b427f798a1c9"
6886,1,8,12.89,12.89,75.13,80.49,15.16,26.1,14.8,0.84,0.486,"wdbkwtdata.inc","FIADB REF_SPECIES to NBEL BM_REF_SPECIES to NVEL wdbkwtdata.inc","2023-10-16","38548071d5aa652bb90c7f111f86b427f798a1c9"
6887,1,8,12.89,12.89,75.13,80.49,15.16,26.1,14.8,0.84,0.486,"wdbkwtdata.inc","FIADB REF_SPECIES to NBEL BM_REF_SPECIES to NVEL wdbkwtdata.inc","2023-10-16","38548071d5aa652bb90c7f111f86b427f798a1c9"
6888,1,8,32.45,33.07,75.13,80.49,15.16,65.9,37.5,0.84,0.461,"wdbkwtdata.inc","FIADB REF_SPECIES to NBEL BM_REF_SPECIES to NVEL wdbkwtdata.inc","2023-10-16","38548071d5aa652bb90c7f111f86b427f798a1c9"
6889,1,8,32.45,33.07,75.13,80.49,15.16,65.9,37.5,0.84,0.475,"wdbkwtdata.inc","FIADB REF_SPECIES to NBEL BM_REF_SPECIES to NVEL wdbkwtdata.inc","2023-10-16","38548071d5aa652bb90c7f111f86b427f798a1c9"
6891,1,8,29.95,29.95,0,0,0,30,30,0,0.476,"wdbkwtdata.inc","FIADB REF_SPECIES to NBEL BM_REF_SPECIES to NVEL wdbkwtdata.inc","2023-10-16","38548071d5aa652bb90c7f111f86b427f798a1c9"
6896,1,8,32.45,33.07,75.13,80.49,15.16,65.9,37.5,0.84,0.475,"wdbkwtdata.inc","FIADB REF_SPECIES to NBEL BM_REF_SPECIES to NVEL wdbkwtdata.inc","2023-10-16","38548071d5aa652bb90c7f111f86b427f798a1c9"
6898,1,8,28.08,28.08,75.13,80.49,15.16,56.9,32.3,0.84,0.477,"wdbkwtdata.inc","FIADB REF_SPECIES to NBEL BM_REF_SPECIES to NVEL wdbkwtdata.inc","2023-10-16","38548071d5aa652bb90c7f111f86b427f798a1c9"
6899,1,8,32.45,33.07,75.13,80.49,15.16,65.9,37.5,0.84,0.475,"wdbkwtdata.inc","FIADB REF_SPECIES to NBEL BM_REF_SPECIES to NVEL wdbkwtdata.inc","2023-10-16","38548071d5aa652bb90c7f111f86b427f798a1c9"
6900,1,8,54.91,54.91,0,0,0,54.9,54.9,0,0.462,"wdbkwtdata.inc","FIADB REF_SPECIES to NBEL BM_REF_SPECIES to NVEL wdbkwtdata.inc","2023-10-16","38548071d5aa652bb90c7f111f86b427f798a1c9"
6902,1,8,46.18,46.18,75.13,80.49,15.16,93.5,53.2,0.84,0.467,"wdbkwtdata.inc","FIADB REF_SPECIES to NBEL BM_REF_SPECIES to NVEL wdbkwtdata.inc","2023-10-16","38548071d5aa652bb90c7f111f86b427f798a1c9"
6903,1,8,43.68,43.68,0,0,0,43.7,43.7,0,0.469,"wdbkwtdata.inc","FIADB REF_SPECIES to NBEL BM_REF_SPECIES to NVEL wdbkwtdata.inc","2023-10-16","38548071d5aa652bb90c7f111f86b427f798a1c9"
6904,1,8,43.68,43.68,0,0,0,43.7,43.7,0,0.469,"wdbkwtdata.inc","FIADB REF_SPECIES to NBEL BM_REF_SPECIES to NVEL wdbkwtdata.inc","2023-10-16","38548071d5aa652bb90c7f111f86b427f798a1c9"
6905,1,8,61.15,61.15,75.13,80.49,15.16,123.8,70.4,0.84,0.459,"wdbkwtdata.inc","FIADB REF_SPECIES to NBEL BM_REF_SPECIES to NVEL wdbkwtdata.inc","2023-10-16","38548071d5aa652bb90c7f111f86b427f798a1c9"
6906,1,8,43.68,43.68,0,0,0,43.7,43.7,0,0.469,"wdbkwtdata.inc","FIADB REF_SPECIES to NBEL BM_REF_SPECIES to NVEL wdbkwtdata.inc","2023-10-16","38548071d5aa652bb90c7f111f86b427f798a1c9"
6907,1,8,39.94,31.2,58,89,15,71.9,44.6,0.84,0.474,"wdbkwtdata.inc","FIADB REF_SPECIES to NBEL BM_REF_SPECIES to NVEL wdbkwtdata.inc","2023-10-16","38548071d5aa652bb90c7f111f86b427f798a1c9"
6909,1,8,32.45,33.07,75.13,80.49,15.16,65.9,37.5,0.84,0.475,"wdbkwtdata.inc","FIADB REF_SPECIES to NBEL BM_REF_SPECIES to NVEL wdbkwtdata.inc","2023-10-16","38548071d5aa652bb90c7f111f86b427f798a1c9"
6910,1,8,39.94,31.2,58,89,15,71.9,44.6,0.84,0.469,"wdbkwtdata.inc","FIADB REF_SPECIES to NBEL BM_REF_SPECIES to NVEL wdbkwtdata.inc","2023-10-16","38548071d5aa652bb90c7f111f86b427f798a1c9"
6911,1,8,46.18,46.18,75.13,80.49,15.16,93.5,53.2,0.84,0.467,"wdbkwtdata.inc","FIADB REF_SPECIES to NBEL BM_REF_SPECIES to NVEL wdbkwtdata.inc","2023-10-16","38548071d5aa652bb90c7f111f86b427f798a1c9"
6912,1,8,32.45,33.07,75.13,80.49,15.16,65.9,37.5,0.84,0.475,"wdbkwtdata.inc","FIADB REF_SPECIES to NBEL BM_REF_SPECIES to NVEL wdbkwtdata.inc","2023-10-16","38548071d5aa652bb90c7f111f86b427f798a1c9"
6918,1,8,32.45,33.07,75.12,80.64,15.32,66,37.5,0.84,0.475,"wdbkwtdata.inc","FIADB REF_SPECIES to NBEL BM_REF_SPECIES to NVEL wdbkwtdata.inc","2023-10-16","38548071d5aa652bb90c7f111f86b427f798a1c9"
6921,1,8,40.12,40.12,75.13,80.49,15.16,81.2,46.2,0.84,0.47,"wdbkwtdata.inc","FIADB REF_SPECIES to NBEL BM_REF_SPECIES to NVEL wdbkwtdata.inc","2023-10-16","38548071d5aa652bb90c7f111f86b427f798a1c9"
6923,1,8,32.45,33.07,75.13,80.49,15.16,65.9,37.5,0.84,0.475,"wdbkwtdata.inc","FIADB REF_SPECIES to NBEL BM_REF_SPECIES to NVEL wdbkwtdata.inc","2023-10-16","38548071d5aa652bb90c7f111f86b427f798a1c9"
6924,1,8,0,0,0,0,0,0,0,0,0.478,"wdbkwtdata.inc","FIADB REF_SPECIES to NBEL BM_REF_SPECIES to NVEL wdbkwtdata.inc","2023-10-16","38548071d5aa652bb90c7f111f86b427f798a1c9"
6927,1,8,32.45,33.07,75.13,80.49,15.16,65.9,37.5,0.84,0.475,"wdbkwtdata.inc","FIADB REF_SPECIES to NBEL BM_REF_SPECIES to NVEL wdbkwtdata.inc","2023-10-16","38548071d5aa652bb90c7f111f86b427f798a1c9"
6928,1,8,19.97,19.97,75.13,80.49,15.16,40.4,23,0.84,0.482,"wdbkwtdata.inc","FIADB REF_SPECIES to NBEL BM_REF_SPECIES to NVEL wdbkwtdata.inc","2023-10-16","38548071d5aa652bb90c7f111f86b427f798a1c9"
6930,1,8,32.45,33.07,75.13,80.49,15.16,65.9,37.5,0.84,0.475,"wdbkwtdata.inc","FIADB REF_SPECIES to NBEL BM_REF_SPECIES to NVEL wdbkwtdata.inc","2023-10-16","38548071d5aa652bb90c7f111f86b427f798a1c9"
6932,1,8,32.45,33.07,75.13,80.49,15.16,65.9,37.5,0.84,0.475,"wdbkwtdata.inc","FIADB REF_SPECIES to NBEL BM_REF_SPECIES to NVEL wdbkwtdata.inc","2023-10-16","38548071d5aa652bb90c7f111f86b427f798a1c9"
6933,1,8,25.79,25.79,75.13,80.49,15.16,52.2,29.7,0.84,0.479,"wdbkwtdata.inc","FIADB REF_SPECIES to NBEL BM_REF_SPECIES to NVEL wdbkwtdata.inc","2023-10-16","38548071d5aa652bb90c7f111f86b427f798a1c9"
6934,1,8,32.45,33.07,75.13,80.49,15.16,65.9,37.5,0.84,0.475,"wdbkwtdata.inc","FIADB REF_SPECIES to NBEL BM_REF_SPECIES to NVEL wdbkwtdata.inc","2023-10-16","38548071d5aa652bb90c7f111f86b427f798a1c9"
6935,1,8,44.62,44.62,75.13,80.49,15.16,90.3,51.4,0.84,0.468,"wdbkwtdata.inc","FIADB REF_SPECIES to NBEL BM_REF_SPECIES to NVEL wdbkwtdata.inc","2023-10-16","38548071d5aa652bb90c7f111f86b427f798a1c9"
6936,1,8,44.62,44.62,75.13,80.49,15.16,90.3,51.4,0.84,0.468,"wdbkwtdata.inc","FIADB REF_SPECIES to NBEL BM_REF_SPECIES to NVEL wdbkwtdata.inc","2023-10-16","38548071d5aa652bb90c7f111f86b427f798a1c9"
6937,1,8,32.45,33.07,75.13,80.49,15.16,65.9,37.5,0.84,0.475,"wdbkwtdata.inc","FIADB REF_SPECIES to NBEL BM_REF_SPECIES to NVEL wdbkwtdata.inc","2023-10-16","38548071d5aa652bb90c7f111f86b427f798a1c9"
6938,1,8,32.45,33.07,75.13,80.49,15.16,65.9,37.5,0.84,0.475,"wdbkwtdata.inc","FIADB REF_SPECIES to NBEL BM_REF_SPECIES to NVEL wdbkwtdata.inc","2023-10-16","38548071d5aa652bb90c7f111f86b427f798a1c9"
6939,1,8,32.45,33.07,75.13,80.49,15.16,65.9,37.5,0.84,0.475,"wdbkwtdata.inc","FIADB REF_SPECIES to NBEL BM_REF_SPECIES to NVEL wdbkwtdata.inc","2023-10-16","38548071d5aa652bb90c7f111f86b427f798a1c9"
6940,1,8,32.45,33.07,75.13,80.49,15.16,65.9,37.5,0.84,0.475,"wdbkwtdata.inc","FIADB REF_SPECIES to NBEL BM_REF_SPECIES to NVEL wdbkwtdata.inc","2023-10-16","38548071d5aa652bb90c7f111f86b427f798a1c9"
6941,1,8,44.59,44.59,75.13,80.49,15.16,90.3,51.4,0.84,0.468,"wdbkwtdata.inc","FIADB REF_SPECIES to NBEL BM_REF_SPECIES to NVEL wdbkwtdata.inc","2023-10-16","38548071d5aa652bb90c7f111f86b427f798a1c9"
6942,1,8,44.59,44.59,75.13,80.49,15.16,90.3,51.4,0.84,0.468,"wdbkwtdata.inc","FIADB REF_SPECIES to NBEL BM_REF_SPECIES to NVEL wdbkwtdata.inc","2023-10-16","38548071d5aa652bb90c7f111f86b427f798a1c9"
6943,1,8,44.59,44.59,0,0,0,44.6,44.6,0,0.468,"wdbkwtdata.inc","FIADB REF_SPECIES to NBEL BM_REF_SPECIES to NVEL wdbkwtdata.inc","2023-10-16","38548071d5aa652bb90c7f111f86b427f798a1c9"
6944,1,8,40.56,40.56,0,0,0,40.6,40.6,0,0.47,"wdbkwtdata.inc","FIADB REF_SPECIES to NBEL BM_REF_SPECIES to NVEL wdbkwtdata.inc","2023-10-16","38548071d5aa652bb90c7f111f86b427f798a1c9"
6945,1,8,40.56,40.56,0,0,0,40.6,40.6,0,0.47,"wdbkwtdata.inc","FIADB REF_SPECIES to NBEL BM_REF_SPECIES to NVEL wdbkwtdata.inc","2023-10-16","38548071d5aa652bb90c7f111f86b427f798a1c9"
6946,1,8,40.56,40.56,0,0,0,40.6,40.6,0,0.47,"wdbkwtdata.inc","FIADB REF_SPECIES to NBEL BM_REF_SPECIES to NVEL wdbkwtdata.inc","2023-10-16","38548071d5aa652bb90c7f111f86b427f798a1c9"
6947,1,8,40.56,40.56,0,0,0,40.6,40.6,0,0.47,"wdbkwtdata.inc","FIADB REF_SPECIES to NBEL BM_REF_SPECIES to NVEL wdbkwtdata.inc","2023-10-16","38548071d5aa652bb90c7f111f86b427f798a1c9"
6948,1,8,40.56,40.56,0,0,0,40.6,40.6,0,0.47,"wdbkwtdata.inc","FIADB REF_SPECIES to NBEL BM_REF_SPECIES to NVEL wdbkwtdata.inc","2023-10-16","38548071d5aa652bb90c7f111f86b427f798a1c9"
6949,1,8,44.62,44.62,75.13,80.49,15.16,90.3,51.4,0.84,0.468,"wdbkwtdata.inc","FIADB REF_SPECIES to NBEL BM_REF_SPECIES to NVEL wdbkwtdata.inc","2023-10-16","38548071d5aa652bb90c7f111f86b427f798a1c9"
6952,1,8,40.56,40.56,0,0,0,40.6,40.6,0,0.47,"wdbkwtdata.inc","FIADB REF_SPECIES to NBEL BM_REF_SPECIES to NVEL wdbkwtdata.inc","2023-10-16","38548071d5aa652bb90c7f111f86b427f798a1c9"
6953,1,8,40.56,40.56,0,0,0,40.6,40.6,0,0.47,"wdbkwtdata.inc","FIADB REF_SPECIES to NBEL BM_REF_SPECIES to NVEL wdbkwtdata.inc","2023-10-16","38548071d5aa652bb90c7f111f86b427f798a1c9"
6954,1,6,0,0,0,0,0,0,0,0,0.48,"wdbkwtdata.inc","FIADB REF_SPECIES to NBEL BM_REF_SPECIES to NVEL wdbkwtdata.inc","2023-10-16","38548071d5aa652bb90c7f111f86b427f798a1c9"
6955,1,6,22.46,31.2,127,99,16,60.9,27.5,0.792,0.48,"wdbkwtdata.inc","FIADB REF_SPECIES to NBEL BM_REF_SPECIES to NVEL wdbkwtdata.inc","2023-10-16","38548071d5aa652bb90c7f111f86b427f798a1c9"
6957,1,8,40.56,40.56,0,0,0,40.6,40.6,0,0.47,"wdbkwtdata.inc","FIADB REF_SPECIES to NBEL BM_REF_SPECIES to NVEL wdbkwtdata.inc","2023-10-16","38548071d5aa652bb90c7f111f86b427f798a1c9"
6958,1,8,40.56,40.56,75.13,80.49,15.16,82.1,46.7,0.84,0.47,"wdbkwtdata.inc","FIADB REF_SPECIES to NBEL BM_REF_SPECIES to NVEL wdbkwtdata.inc","2023-10-16","38548071d5aa652bb90c7f111f86b427f798a1c9"
6959,1,6,0,0,0,0,0,0,0,0,0.48,"wdbkwtdata.inc","FIADB REF_SPECIES to NBEL BM_REF_SPECIES to NVEL wdbkwtdata.inc","2023-10-16","38548071d5aa652bb90c7f111f86b427f798a1c9"
6961,1,8,32.45,33.07,75.13,80.49,15.16,65.9,37.5,0.84,0.475,"wdbkwtdata.inc","FIADB REF_SPECIES to NBEL BM_REF_SPECIES to NVEL wdbkwtdata.inc","2023-10-16","38548071d5aa652bb90c7f111f86b427f798a1c9"
6963,1,6,0,0,0,0,0,0,0,0,0.48,"wdbkwtdata.inc","FIADB REF_SPECIES to NBEL BM_REF_SPECIES to NVEL wdbkwtdata.inc","2023-10-16","38548071d5aa652bb90c7f111f86b427f798a1c9"
6965,1,8,30.09,30.09,0,0,0,30.1,30.1,0,0.476,"wdbkwtdata.inc","FIADB REF_SPECIES to NBEL BM_REF_SPECIES to NVEL wdbkwtdata.inc","2023-10-16","38548071d5aa652bb90c7f111f86b427f798a1c9"
6966,1,8,32.45,33.07,75.13,80.49,15.16,65.9,37.5,0.84,0.475,"wdbkwtdata.inc","FIADB REF_SPECIES to NBEL BM_REF_SPECIES to NVEL wdbkwtdata.inc","2023-10-16","38548071d5aa652bb90c7f111f86b427f798a1c9"
6967,1,6,0,0,0,0,0,0,0,0,0.472,"wdbkwtdata.inc","FIADB REF_SPECIES to NBEL BM_REF_SPECIES to NVEL wdbkwtdata.inc","2023-10-16","38548071d5aa652bb90c7f111f86b427f798a1c9"
6968,1,8,36.19,36.19,75.13,80.49,15.16,73.3,41.7,0.84,0.473,"wdbkwtdata.inc","FIADB REF_SPECIES to NBEL BM_REF_SPECIES to NVEL wdbkwtdata.inc","2023-10-16","38548071d5aa652bb90c7f111f86b427f798a1c9"
6969,1,8,36.19,36.19,75.13,80.49,15.16,73.3,41.7,0.84,0.473,"wdbkwtdata.inc","FIADB REF_SPECIES to NBEL BM_REF_SPECIES to NVEL wdbkwtdata.inc","2023-10-16","38548071d5aa652bb90c7f111f86b427f798a1c9"
6970,1,8,32.77,32.77,75.13,80.49,15.16,66.4,37.7,0.84,0.475,"wdbkwtdata.inc","FIADB REF_SPECIES to NBEL BM_REF_SPECIES to NVEL wdbkwtdata.inc","2023-10-16","38548071d5aa652bb90c7f111f86b427f798a1c9"
6971,1,8,36.19,36.19,75.13,80.49,15.16,73.3,41.7,0.84,0.473,"wdbkwtdata.inc","FIADB REF_SPECIES to NBEL BM_REF_SPECIES to NVEL wdbkwtdata.inc","2023-10-16","38548071d5aa652bb90c7f111f86b427f798a1c9"
6972,1,8,33.95,33.95,75.13,80.49,15.16,68.7,39.1,0.84,0.474,"wdbkwtdata.inc","FIADB REF_SPECIES to NBEL BM_REF_SPECIES to NVEL wdbkwtdata.inc","2023-10-16","38548071d5aa652bb90c7f111f86b427f798a1c9"
6973,1,8,29.95,29.95,0,0,0,30,30,0,0.447,"wdbkwtdata.inc","FIADB REF_SPECIES to NBEL BM_REF_SPECIES to NVEL wdbkwtdata.inc","2023-10-16","38548071d5aa652bb90c7f111f86b427f798a1c9"
6974,1,8,29.95,29.95,75.13,80.49,15.16,60.7,34.5,0.84,0.476,"wdbkwtdata.inc","FIADB REF_SPECIES to NBEL BM_REF_SPECIES to NVEL wdbkwtdata.inc","2023-10-16","38548071d5aa652bb90c7f111f86b427f798a1c9"
6975,1,8,29.95,29.95,0,0,0,30,30,0,0.476,"wdbkwtdata.inc","FIADB REF_SPECIES to NBEL BM_REF_SPECIES to NVEL wdbkwtdata.inc","2023-10-16","38548071d5aa652bb90c7f111f86b427f798a1c9"
6976,1,8,29.95,29.95,75.13,80.49,15.16,60.7,34.5,0.84,0.476,"wdbkwtdata.inc","FIADB REF_SPECIES to NBEL BM_REF_SPECIES to NVEL wdbkwtdata.inc","2023-10-16","38548071d5aa652bb90c7f111f86b427f798a1c9"
6977,1,8,29.95,29.95,75.13,80.49,15.16,60.7,34.5,0.84,0.476,"wdbkwtdata.inc","FIADB REF_SPECIES to NBEL BM_REF_SPECIES to NVEL wdbkwtdata.inc","2023-10-16","38548071d5aa652bb90c7f111f86b427f798a1c9"
6978,1,8,29.95,29.95,75.13,80.49,15.16,60.7,34.5,0.84,0.476,"wdbkwtdata.inc","FIADB REF_SPECIES to NBEL BM_REF_SPECIES to NVEL wdbkwtdata.inc","2023-10-16","38548071d5aa652bb90c7f111f86b427f798a1c9"
6979,1,8,29.95,29.95,75.13,80.49,15.16,60.7,34.5,0.84,0.476,"wdbkwtdata.inc","FIADB REF_SPECIES to NBEL BM_REF_SPECIES to NVEL wdbkwtdata.inc","2023-10-16","38548071d5aa652bb90c7f111f86b427f798a1c9"
6980,1,8,29.95,29.95,75.13,80.49,15.16,60.7,34.5,0.84,0.476,"wdbkwtdata.inc","FIADB REF_SPECIES to NBEL BM_REF_SPECIES to NVEL wdbkwtdata.inc","2023-10-16","38548071d5aa652bb90c7f111f86b427f798a1c9"
6981,1,8,29.95,29.95,0,0,0,30,30,0,0.476,"wdbkwtdata.inc","FIADB REF_SPECIES to NBEL BM_REF_SPECIES to NVEL wdbkwtdata.inc","2023-10-16","38548071d5aa652bb90c7f111f86b427f798a1c9"
6982,1,8,29.95,29.95,75.13,80.49,15.16,60.7,34.5,0.84,0.476,"wdbkwtdata.inc","FIADB REF_SPECIES to NBEL BM_REF_SPECIES to NVEL wdbkwtdata.inc","2023-10-16","38548071d5aa652bb90c7f111f86b427f798a1c9"
6983,1,8,29.95,29.95,75.13,80.49,15.16,60.7,34.5,0.84,0.476,"wdbkwtdata.inc","FIADB REF_SPECIES to NBEL BM_REF_SPECIES to NVEL wdbkwtdata.inc","2023-10-16","38548071d5aa652bb90c7f111f86b427f798a1c9"
6984,1,8,29.95,29.95,0,0,0,30,30,0,0.476,"wdbkwtdata.inc","FIADB REF_SPECIES to NBEL BM_REF_SPECIES to NVEL wdbkwtdata.inc","2023-10-16","38548071d5aa652bb90c7f111f86b427f798a1c9"
6985,1,8,29.95,29.95,75.13,80.49,15.16,60.7,34.5,0.84,0.476,"wdbkwtdata.inc","FIADB REF_SPECIES to NBEL BM_REF_SPECIES to NVEL wdbkwtdata.inc","2023-10-16","38548071d5aa652bb90c7f111f86b427f798a1c9"
6990,1,8,41.37,41.37,75.13,80.49,15.16,83.8,47.6,0.84,0.47,"wdbkwtdata.inc","FIADB REF_SPECIES to NBEL BM_REF_SPECIES to NVEL wdbkwtdata.inc","2023-10-16","38548071d5aa652bb90c7f111f86b427f798a1c9"
6991,1,8,0,0,0,0,0,0,0,0,0.476,"wdbkwtdata.inc","FIADB REF_SPECIES to NBEL BM_REF_SPECIES to NVEL wdbkwtdata.inc","2023-10-16","38548071d5aa652bb90c7f111f86b427f798a1c9"
6992,1,8,31.2,31.2,0,0,0,31.2,31.2,0,0.476,"wdbkwtdata.inc","FIADB REF_SPECIES to NBEL BM_REF_SPECIES to NVEL wdbkwtdata.inc","2023-10-16","38548071d5aa652bb90c7f111f86b427f798a1c9"
6994,1,8,40.29,40.29,0,0,0,40.3,40.3,0,0.47,"wdbkwtdata.inc","FIADB REF_SPECIES to NBEL BM_REF_SPECIES to NVEL wdbkwtdata.inc","2023-10-16","38548071d5aa652bb90c7f111f86b427f798a1c9"
6996,1,8,32.45,33.07,75.13,80.49,15.16,65.9,37.5,0.84,0.448,"wdbkwtdata.inc","FIADB REF_SPECIES to NBEL BM_REF_SPECIES to NVEL wdbkwtdata.inc","2023-10-16","38548071d5aa652bb90c7f111f86b427f798a1c9"
6997,1,8,32.45,33.07,75.13,80.49,15.16,65.9,37.5,0.84,0.475,"wdbkwtdata.inc","FIADB REF_SPECIES to NBEL BM_REF_SPECIES to NVEL wdbkwtdata.inc","2023-10-16","38548071d5aa652bb90c7f111f86b427f798a1c9"
6998,1,8,32.45,33.07,75.13,80.49,15.16,65.9,37.5,0.84,0.444,"wdbkwtdata.inc","FIADB REF_SPECIES to NBEL BM_REF_SPECIES to NVEL wdbkwtdata.inc","2023-10-16","38548071d5aa652bb90c7f111f86b427f798a1c9"
6999,1,8,32.45,33.07,75.13,80.49,15.16,65.9,37.5,0.84,0.475,"wdbkwtdata.inc","FIADB REF_SPECIES to NBEL BM_REF_SPECIES to NVEL wdbkwtdata.inc","2023-10-16","38548071d5aa652bb90c7f111f86b427f798a1c9"
7000,1,8,32.45,33.07,75.13,80.49,15.16,65.9,37.5,0.84,0.475,"wdbkwtdata.inc","FIADB REF_SPECIES to NBEL BM_REF_SPECIES to NVEL wdbkwtdata.inc","2023-10-16","38548071d5aa652bb90c7f111f86b427f798a1c9"
7003,1,8,32.45,33.07,75.13,80.49,15.16,65.9,37.5,0.84,0.475,"wdbkwtdata.inc","FIADB REF_SPECIES to NBEL BM_REF_SPECIES to NVEL wdbkwtdata.inc","2023-10-16","38548071d5aa652bb90c7f111f86b427f798a1c9"
7004,1,8,32.45,33.07,75.13,80.49,15.16,65.9,37.5,0.84,0.475,"wdbkwtdata.inc","FIADB REF_SPECIES to NBEL BM_REF_SPECIES to NVEL wdbkwtdata.inc","2023-10-16","38548071d5aa652bb90c7f111f86b427f798a1c9"
7005,1,8,32.45,33.07,75.13,80.49,15.16,65.9,37.5,0.84,0.475,"wdbkwtdata.inc","FIADB REF_SPECIES to NBEL BM_REF_SPECIES to NVEL wdbkwtdata.inc","2023-10-16","38548071d5aa652bb90c7f111f86b427f798a1c9"
7006,1,8,32.45,33.07,75.13,80.49,15.16,65.9,37.5,0.84,0.475,"wdbkwtdata.inc","FIADB REF_SPECIES to NBEL BM_REF_SPECIES to NVEL wdbkwtdata.inc","2023-10-16","38548071d5aa652bb90c7f111f86b427f798a1c9"
7007,1,8,32.45,33.07,75.13,80.49,15.16,65.9,37.5,0.84,0.475,"wdbkwtdata.inc","FIADB REF_SPECIES to NBEL BM_REF_SPECIES to NVEL wdbkwtdata.inc","2023-10-16","38548071d5aa652bb90c7f111f86b427f798a1c9"
7008,1,8,32.45,33.07,75.13,80.49,15.16,65.9,37.5,0.84,0.475,"wdbkwtdata.inc","FIADB REF_SPECIES to NBEL BM_REF_SPECIES to NVEL wdbkwtdata.inc","2023-10-16","38548071d5aa652bb90c7f111f86b427f798a1c9"
7011,1,8,32.45,33.07,75.13,80.49,15.16,65.9,37.5,0.84,0.475,"wdbkwtdata.inc","FIADB REF_SPECIES to NBEL BM_REF_SPECIES to NVEL wdbkwtdata.inc","2023-10-16","38548071d5aa652bb90c7f111f86b427f798a1c9"
7012,1,8,16.1,16.1,75.13,80.49,15.16,32.6,18.5,0.84,0.484,"wdbkwtdata.inc","FIADB REF_SPECIES to NBEL BM_REF_SPECIES to NVEL wdbkwtdata.inc","2023-10-16","38548071d5aa652bb90c7f111f86b427f798a1c9"
7013,1,8,16.1,16.1,0,0,0,16.1,16.1,0,0.484,"wdbkwtdata.inc","FIADB REF_SPECIES to NBEL BM_REF_SPECIES to NVEL wdbkwtdata.inc","2023-10-16","38548071d5aa652bb90c7f111f86b427f798a1c9"
7014,1,8,14.35,14.35,0,0,0,14.4,14.4,0,0.485,"wdbkwtdata.inc","FIADB REF_SPECIES to NBEL BM_REF_SPECIES to NVEL wdbkwtdata.inc","2023-10-16","38548071d5aa652bb90c7f111f86b427f798a1c9"
7015,1,8,32.45,33.07,75.13,80.49,15.16,65.9,37.5,0.84,0.475,"wdbkwtdata.inc","FIADB REF_SPECIES to NBEL BM_REF_SPECIES to NVEL wdbkwtdata.inc","2023-10-16","38548071d5aa652bb90c7f111f86b427f798a1c9"
7016,1,8,32.45,33.07,75.13,80.49,15.16,65.9,37.5,0.84,0.475,"wdbkwtdata.inc","FIADB REF_SPECIES to NBEL BM_REF_SPECIES to NVEL wdbkwtdata.inc","2023-10-16","38548071d5aa652bb90c7f111f86b427f798a1c9"
7017,1,8,26.21,26.21,0,0,0,26.2,26.2,0,0.478,"wdbkwtdata.inc","FIADB REF_SPECIES to NBEL BM_REF_SPECIES to NVEL wdbkwtdata.inc","2023-10-16","38548071d5aa652bb90c7f111f86b427f798a1c9"
7019,1,8,32.45,33.07,75.13,80.49,15.16,65.9,37.5,0.84,0.475,"wdbkwtdata.inc","FIADB REF_SPECIES to NBEL BM_REF_SPECIES to NVEL wdbkwtdata.inc","2023-10-16","38548071d5aa652bb90c7f111f86b427f798a1c9"
7021,1,8,32.45,33.07,75.13,80.49,15.16,65.9,37.5,0.84,0.475,"wdbkwtdata.inc","FIADB REF_SPECIES to NBEL BM_REF_SPECIES to NVEL wdbkwtdata.inc","2023-10-16","38548071d5aa652bb90c7f111f86b427f798a1c9"
7022,1,8,32.45,33.07,75.13,80.49,15.16,65.9,37.5,0.84,0.475,"wdbkwtdata.inc","FIADB REF_SPECIES to NBEL BM_REF_SPECIES to NVEL wdbkwtdata.inc","2023-10-16","38548071d5aa652bb90c7f111f86b427f798a1c9"
7023,1,8,0,0,0,0,0,0,0,0,0.474,"wdbkwtdata.inc","FIADB REF_SPECIES to NBEL BM_REF_SPECIES to NVEL wdbkwtdata.inc","2023-10-16","38548071d5aa652bb90c7f111f86b427f798a1c9"
7024,1,8,32.45,33.07,75.13,80.49,15.16,65.9,37.5,0.84,0.475,"wdbkwtdata.inc","FIADB REF_SPECIES to NBEL BM_REF_SPECIES to NVEL wdbkwtdata.inc","2023-10-16","38548071d5aa652bb90c7f111f86b427f798a1c9"
7025,1,8,39.87,39.87,0,0,0,39.9,39.9,0,0.471,"wdbkwtdata.inc","FIADB REF_SPECIES to NBEL BM_REF_SPECIES to NVEL wdbkwtdata.inc","2023-10-16","38548071d5aa652bb90c7f111f86b427f798a1c9"
7026,1,8,50.26,50.26,0,0,0,50.3,50.3,0,0.465,"wdbkwtdata.inc","FIADB REF_SPECIES to NBEL BM_REF_SPECIES to NVEL wdbkwtdata.inc","2023-10-16","38548071d5aa652bb90c7f111f86b427f798a1c9"
7028,1,8,41,41,0,0,0,41,41,0,0.47,"wdbkwtdata.inc","FIADB REF_SPECIES to NBEL BM_REF_SPECIES to NVEL wdbkwtdata.inc","2023-10-16","38548071d5aa652bb90c7f111f86b427f798a1c9"
7030,1,8,32.45,33.07,75.13,80.49,15.16,65.9,37.5,0.84,0.475,"wdbkwtdata.inc","FIADB REF_SPECIES to NBEL BM_REF_SPECIES to NVEL wdbkwtdata.inc","2023-10-16","38548071d5aa652bb90c7f111f86b427f798a1c9"
7031,1,8,56.55,56.55,0,0,0,56.6,56.6,0,0.461,"wdbkwtdata.inc","FIADB REF_SPECIES to NBEL BM_REF_SPECIES to NVEL wdbkwtdata.inc","2023-10-16","38548071d5aa652bb90c7f111f86b427f798a1c9"
7032,1,8,57.77,57.77,0,0,0,57.8,57.8,0,0.461,"wdbkwtdata.inc","FIADB REF_SPECIES to NBEL BM_REF_SPECIES to NVEL wdbkwtdata.inc","2023-10-16","38548071d5aa652bb90c7f111f86b427f798a1c9"
7033,1,8,38,38,0,0,0,38,38,0,0.472,"wdbkwtdata.inc","FIADB REF_SPECIES to NBEL BM_REF_SPECIES to NVEL wdbkwtdata.inc","2023-10-16","38548071d5aa652bb90c7f111f86b427f798a1c9"
7034,1,8,32.45,33.07,75.13,80.49,15.16,65.9,37.5,0.84,0.475,"wdbkwtdata.inc","FIADB REF_SPECIES to NBEL BM_REF_SPECIES to NVEL wdbkwtdata.inc","2023-10-16","38548071d5aa652bb90c7f111f86b427f798a1c9"
7035,1,8,0,0,0,0,0,0,0,0,0.47,"wdbkwtdata.inc","FIADB REF_SPECIES to NBEL BM_REF_SPECIES to NVEL wdbkwtdata.inc","2023-10-16","38548071d5aa652bb90c7f111f86b427f798a1c9"
7036,1,8,32.45,33.07,75.13,80.49,15.16,65.9,37.5,0.84,0.475,"wdbkwtdata.inc","FIADB REF_SPECIES to NBEL BM_REF_SPECIES to NVEL wdbkwtdata.inc","2023-10-16","38548071d5aa652bb90c7f111f86b427f798a1c9"
7038,1,8,54.16,54.16,0,0,0,54.2,54.2,0,0.463,"wdbkwtdata.inc","FIADB REF_SPECIES to NBEL BM_REF_SPECIES to NVEL wdbkwtdata.inc","2023-10-16","38548071d5aa652bb90c7f111f86b427f798a1c9"
7039,1,8,46.07,46.07,0,0,0,46.1,46.1,0,0.467,"wdbkwtdata.inc","FIADB REF_SPECIES to NBEL BM_REF_SPECIES to NVEL wdbkwtdata.inc","2023-10-16","38548071d5aa652bb90c7f111f86b427f798a1c9"
7040,1,8,32.45,33.07,75.13,80.49,15.16,65.9,37.5,0.84,0.475,"wdbkwtdata.inc","FIADB REF_SPECIES to NBEL BM_REF_SPECIES to NVEL wdbkwtdata.inc","2023-10-16","38548071d5aa652bb90c7f111f86b427f798a1c9"
7041,1,8,51.58,51.58,0,0,0,51.6,51.6,0,0.464,"wdbkwtdata.inc","FIADB REF_SPECIES to NBEL BM_REF_SPECIES to NVEL wdbkwtdata.inc","2023-10-16","38548071d5aa652bb90c7f111f86b427f798a1c9"
7043,1,8,32.45,33.07,75.13,80.49,15.16,65.9,37.5,0.84,0.475,"wdbkwtdata.inc","FIADB REF_SPECIES to NBEL BM_REF_SPECIES to NVEL wdbkwtdata.inc","2023-10-16","38548071d5aa652bb90c7f111f86b427f798a1c9"
7044,1,8,44.06,44.06,0,0,0,44.1,44.1,0,0.468,"wdbkwtdata.inc","FIADB REF_SPECIES to NBEL BM_REF_SPECIES to NVEL wdbkwtdata.inc","2023-10-16","38548071d5aa652bb90c7f111f86b427f798a1c9"
7045,1,8,51.69,51.69,0,0,0,51.7,51.7,0,0.464,"wdbkwtdata.inc","FIADB REF_SPECIES to NBEL BM_REF_SPECIES to NVEL wdbkwtdata.inc","2023-10-16","38548071d5aa652bb90c7f111f86b427f798a1c9"
7046,1,8,32.45,33.07,75.13,80.49,15.16,65.9,37.5,0.84,0.475,"wdbkwtdata.inc","FIADB REF_SPECIES to NBEL BM_REF_SPECIES to NVEL wdbkwtdata.inc","2023-10-16","38548071d5aa652bb90c7f111f86b427f798a1c9"
7047,1,8,45.58,45.58,75.13,80.49,15.16,92.3,52.5,0.84,0.467,"wdbkwtdata.inc","FIADB REF_SPECIES to NBEL BM_REF_SPECIES to NVEL wdbkwtdata.inc","2023-10-16","38548071d5aa652bb90c7f111f86b427f798a1c9"
7048,1,8,58.56,58.56,0,0,0,58.6,58.6,0,0.46,"wdbkwtdata.inc","FIADB REF_SPECIES to NBEL BM_REF_SPECIES to NVEL wdbkwtdata.inc","2023-10-16","38548071d5aa652bb90c7f111f86b427f798a1c9"
7049,1,8,32.45,33.07,75.13,80.49,15.16,65.9,37.5,0.84,0.475,"wdbkwtdata.inc","FIADB REF_SPECIES to NBEL BM_REF_SPECIES to NVEL wdbkwtdata.inc","2023-10-16","38548071d5aa652bb90c7f111f86b427f798a1c9"
7051,1,8,32.45,33.07,75.13,80.49,15.16,65.9,37.5,0.84,0.475,"wdbkwtdata.inc","FIADB REF_SPECIES to NBEL BM_REF_SPECIES to NVEL wdbkwtdata.inc","2023-10-16","38548071d5aa652bb90c7f111f86b427f798a1c9"
7052,1,8,51.58,51.58,0,0,0,51.6,51.6,0,0.464,"wdbkwtdata.inc","FIADB REF_SPECIES to NBEL BM_REF_SPECIES to NVEL wdbkwtdata.inc","2023-10-16","38548071d5aa652bb90c7f111f86b427f798a1c9"
7053,1,8,32.45,33.07,75.13,80.49,15.16,65.9,37.5,0.84,0.475,"wdbkwtdata.inc","FIADB REF_SPECIES to NBEL BM_REF_SPECIES to NVEL wdbkwtdata.inc","2023-10-16","38548071d5aa652bb90c7f111f86b427f798a1c9"
7054,1,8,32.45,33.07,75.13,80.49,15.16,65.9,37.5,0.84,0.475,"wdbkwtdata.inc","FIADB REF_SPECIES to NBEL BM_REF_SPECIES to NVEL wdbkwtdata.inc","2023-10-16","38548071d5aa652bb90c7f111f86b427f798a1c9"
7056,1,8,51.62,51.62,0,0,0,51.6,51.6,0,0.464,"wdbkwtdata.inc","FIADB REF_SPECIES to NBEL BM_REF_SPECIES to NVEL wdbkwtdata.inc","2023-10-16","38548071d5aa652bb90c7f111f86b427f798a1c9"
7057,1,8,37.39,37.39,0,0,0,37.4,37.4,0,0.472,"wdbkwtdata.inc","FIADB REF_SPECIES to NBEL BM_REF_SPECIES to NVEL wdbkwtdata.inc","2023-10-16","38548071d5aa652bb90c7f111f86b427f798a1c9"
7059,1,8,45.55,45.55,0,0,0,45.6,45.6,0,0.467,"wdbkwtdata.inc","FIADB REF_SPECIES to NBEL BM_REF_SPECIES to NVEL wdbkwtdata.inc","2023-10-16","38548071d5aa652bb90c7f111f86b427f798a1c9"
7060,1,8,32.45,33.07,75.13,80.49,15.16,65.9,37.5,0.84,0.475,"wdbkwtdata.inc","FIADB REF_SPECIES to NBEL BM_REF_SPECIES to NVEL wdbkwtdata.inc","2023-10-16","38548071d5aa652bb90c7f111f86b427f798a1c9"
7061,1,8,32.45,33.07,75.13,80.49,15.16,65.9,37.5,0.84,0.475,"wdbkwtdata.inc","FIADB REF_SPECIES to NBEL BM_REF_SPECIES to NVEL wdbkwtdata.inc","2023-10-16","38548071d5aa652bb90c7f111f86b427f798a1c9"
7062,1,8,32.45,33.07,75.13,80.49,15.16,65.9,37.5,0.84,0.475,"wdbkwtdata.inc","FIADB REF_SPECIES to NBEL BM_REF_SPECIES to NVEL wdbkwtdata.inc","2023-10-16","38548071d5aa652bb90c7f111f86b427f798a1c9"
7063,1,8,32.45,33.07,75.13,80.49,15.16,65.9,37.5,0.84,0.475,"wdbkwtdata.inc","FIADB REF_SPECIES to NBEL BM_REF_SPECIES to NVEL wdbkwtdata.inc","2023-10-16","38548071d5aa652bb90c7f111f86b427f798a1c9"
7065,1,8,45.55,45.55,0,0,0,45.6,45.6,0,0.467,"wdbkwtdata.inc","FIADB REF_SPECIES to NBEL BM_REF_SPECIES to NVEL wdbkwtdata.inc","2023-10-16","38548071d5aa652bb90c7f111f86b427f798a1c9"
7066,1,8,32.45,33.07,75.13,80.49,15.16,65.9,37.5,0.84,0.475,"wdbkwtdata.inc","FIADB REF_SPECIES to NBEL BM_REF_SPECIES to NVEL wdbkwtdata.inc","2023-10-16","38548071d5aa652bb90c7f111f86b427f798a1c9"
7067,1,8,32.45,33.07,75.13,80.49,15.16,65.9,37.5,0.84,0.475,"wdbkwtdata.inc","FIADB REF_SPECIES to NBEL BM_REF_SPECIES to NVEL wdbkwtdata.inc","2023-10-16","38548071d5aa652bb90c7f111f86b427f798a1c9"
7068,1,8,32.45,33.07,75.13,80.49,15.16,65.9,37.5,0.84,0.475,"wdbkwtdata.inc","FIADB REF_SPECIES to NBEL BM_REF_SPECIES to NVEL wdbkwtdata.inc","2023-10-16","38548071d5aa652bb90c7f111f86b427f798a1c9"
7069,1,8,32.45,33.07,75.13,80.49,15.16,65.9,37.5,0.84,0.475,"wdbkwtdata.inc","FIADB REF_SPECIES to NBEL BM_REF_SPECIES to NVEL wdbkwtdata.inc","2023-10-16","38548071d5aa652bb90c7f111f86b427f798a1c9"
7071,1,8,32.45,33.07,75.13,80.49,15.16,65.9,37.5,0.84,0.475,"wdbkwtdata.inc","FIADB REF_SPECIES to NBEL BM_REF_SPECIES to NVEL wdbkwtdata.inc","2023-10-16","38548071d5aa652bb90c7f111f86b427f798a1c9"
7072,1,8,32.45,33.07,75.13,80.49,15.16,65.9,37.5,0.84,0.475,"wdbkwtdata.inc","FIADB REF_SPECIES to NBEL BM_REF_SPECIES to NVEL wdbkwtdata.inc","2023-10-16","38548071d5aa652bb90c7f111f86b427f798a1c9"
7075,1,8,32.45,33.07,75.13,80.49,15.16,65.9,37.5,0.84,0.475,"wdbkwtdata.inc","FIADB REF_SPECIES to NBEL BM_REF_SPECIES to NVEL wdbkwtdata.inc","2023-10-16","38548071d5aa652bb90c7f111f86b427f798a1c9"
7076,1,8,32.45,33.07,75.13,80.49,15.16,65.9,37.5,0.84,0.475,"wdbkwtdata.inc","FIADB REF_SPECIES to NBEL BM_REF_SPECIES to NVEL wdbkwtdata.inc","2023-10-16","38548071d5aa652bb90c7f111f86b427f798a1c9"
7078,1,8,45.55,45.55,75.13,80.49,15.16,92.2,52.5,0.84,0.467,"wdbkwtdata.inc","FIADB REF_SPECIES to NBEL BM_REF_SPECIES to NVEL wdbkwtdata.inc","2023-10-16","38548071d5aa652bb90c7f111f86b427f798a1c9"
7079,1,8,45.55,45.55,0,0,0,45.6,45.6,0,0.467,"wdbkwtdata.inc","FIADB REF_SPECIES to NBEL BM_REF_SPECIES to NVEL wdbkwtdata.inc","2023-10-16","38548071d5aa652bb90c7f111f86b427f798a1c9"
7081,1,8,32.45,33.07,75.13,80.49,15.16,65.9,37.5,0.84,0.475,"wdbkwtdata.inc","FIADB REF_SPECIES to NBEL BM_REF_SPECIES to NVEL wdbkwtdata.inc","2023-10-16","38548071d5aa652bb90c7f111f86b427f798a1c9"
7082,1,8,45.55,45.55,75.13,80.49,15.16,92.2,52.5,0.84,0.505,"wdbkwtdata.inc","FIADB REF_SPECIES to NBEL BM_REF_SPECIES to NVEL wdbkwtdata.inc","2023-10-16","38548071d5aa652bb90c7f111f86b427f798a1c9"
7083,1,8,32.45,0,0,0,0,32.4,32.4,0.792,0.475,"wdbkwtdata.inc","FIADB REF_SPECIES to NBEL BM_REF_SPECIES to NVEL wdbkwtdata.inc","2023-10-16","38548071d5aa652bb90c7f111f86b427f798a1c9"
7084,1,8,32.45,33.07,75.13,80.49,15.16,65.9,37.5,0.84,0.475,"wdbkwtdata.inc","FIADB REF_SPECIES to NBEL BM_REF_SPECIES to NVEL wdbkwtdata.inc","2023-10-16","38548071d5aa652bb90c7f111f86b427f798a1c9"
7086,1,8,45.55,45.55,0,0,0,45.6,45.6,0,0.467,"wdbkwtdata.inc","FIADB REF_SPECIES to NBEL BM_REF_SPECIES to NVEL wdbkwtdata.inc","2023-10-16","38548071d5aa652bb90c7f111f86b427f798a1c9"
7087,1,8,45.55,45.55,75.13,80.49,15.16,92.2,52.5,0.84,0.467,"wdbkwtdata.inc","FIADB REF_SPECIES to NBEL BM_REF_SPECIES to NVEL wdbkwtdata.inc","2023-10-16","38548071d5aa652bb90c7f111f86b427f798a1c9"
7088,1,8,45.55,45.55,75.13,80.49,15.16,92.2,52.5,0.84,0.467,"wdbkwtdata.inc","FIADB REF_SPECIES to NBEL BM_REF_SPECIES to NVEL wdbkwtdata.inc","2023-10-16","38548071d5aa652bb90c7f111f86b427f798a1c9"
7089,1,8,32.45,33.07,75.13,80.49,15.16,65.9,37.5,0.84,0.475,"wdbkwtdata.inc","FIADB REF_SPECIES to NBEL BM_REF_SPECIES to NVEL wdbkwtdata.inc","2023-10-16","38548071d5aa652bb90c7f111f86b427f798a1c9"
7090,1,8,32.45,33.07,75.13,80.49,15.16,65.9,37.5,0.84,0.475,"wdbkwtdata.inc","FIADB REF_SPECIES to NBEL BM_REF_SPECIES to NVEL wdbkwtdata.inc","2023-10-16","38548071d5aa652bb90c7f111f86b427f798a1c9"
7091,1,8,45.55,45.55,75.13,80.49,15.16,92.2,52.5,0.84,0.467,"wdbkwtdata.inc","FIADB REF_SPECIES to NBEL BM_REF_SPECIES to NVEL wdbkwtdata.inc","2023-10-16","38548071d5aa652bb90c7f111f86b427f798a1c9"
7092,1,8,32.45,33.07,75.12,80.64,15.32,66,37.5,0.84,0.476,"wdbkwtdata.inc","FIADB REF_SPECIES to NBEL BM_REF_SPECIES to NVEL wdbkwtdata.inc","2023-10-16","38548071d5aa652bb90c7f111f86b427f798a1c9"
7093,1,8,32.45,33.07,75.13,80.49,15.16,65.9,37.5,0.84,0.475,"wdbkwtdata.inc","FIADB REF_SPECIES to NBEL BM_REF_SPECIES to NVEL wdbkwtdata.inc","2023-10-16","38548071d5aa652bb90c7f111f86b427f798a1c9"
7094,1,8,32.45,33.07,75.13,80.49,15.16,65.9,37.5,0.84,0.475,"wdbkwtdata.inc","FIADB REF_SPECIES to NBEL BM_REF_SPECIES to NVEL wdbkwtdata.inc","2023-10-16","38548071d5aa652bb90c7f111f86b427f798a1c9"
7096,1,8,45.55,45.55,75.13,80.49,15.16,92.2,52.5,0.84,0.467,"wdbkwtdata.inc","FIADB REF_SPECIES to NBEL BM_REF_SPECIES to NVEL wdbkwtdata.inc","2023-10-16","38548071d5aa652bb90c7f111f86b427f798a1c9"
7098,1,8,32.45,33.07,75.13,80.49,15.16,65.9,37.5,0.84,0.475,"wdbkwtdata.inc","FIADB REF_SPECIES to NBEL BM_REF_SPECIES to NVEL wdbkwtdata.inc","2023-10-16","38548071d5aa652bb90c7f111f86b427f798a1c9"
7099,1,8,45.55,45.55,75.13,80.49,15.16,92.2,52.5,0.84,0.467,"wdbkwtdata.inc","FIADB REF_SPECIES to NBEL BM_REF_SPECIES to NVEL wdbkwtdata.inc","2023-10-16","38548071d5aa652bb90c7f111f86b427f798a1c9"
7100,1,8,32.45,33.07,75.13,80.49,15.16,65.9,37.5,0.84,0.475,"wdbkwtdata.inc","FIADB REF_SPECIES to NBEL BM_REF_SPECIES to NVEL wdbkwtdata.inc","2023-10-16","38548071d5aa652bb90c7f111f86b427f798a1c9"
7101,1,8,45.55,45.55,0,0,0,45.6,45.6,0,0.467,"wdbkwtdata.inc","FIADB REF_SPECIES to NBEL BM_REF_SPECIES to NVEL wdbkwtdata.inc","2023-10-16","38548071d5aa652bb90c7f111f86b427f798a1c9"
7102,1,8,45.55,45.55,75.13,80.49,15.16,92.2,52.5,0.84,0.467,"wdbkwtdata.inc","FIADB REF_SPECIES to NBEL BM_REF_SPECIES to NVEL wdbkwtdata.inc","2023-10-16","38548071d5aa652bb90c7f111f86b427f798a1c9"
7103,1,8,32.45,33.07,75.13,80.49,15.16,65.9,37.5,0.84,0.475,"wdbkwtdata.inc","FIADB REF_SPECIES to NBEL BM_REF_SPECIES to NVEL wdbkwtdata.inc","2023-10-16","38548071d5aa652bb90c7f111f86b427f798a1c9"
7104,1,8,32.45,33.07,75.13,80.49,15.16,65.9,37.5,0.84,0.475,"wdbkwtdata.inc","FIADB REF_SPECIES to NBEL BM_REF_SPECIES to NVEL wdbkwtdata.inc","2023-10-16","38548071d5aa652bb90c7f111f86b427f798a1c9"
7105,1,8,32.45,33.07,75.13,80.49,15.16,65.9,37.5,0.84,0.475,"wdbkwtdata.inc","FIADB REF_SPECIES to NBEL BM_REF_SPECIES to NVEL wdbkwtdata.inc","2023-10-16","38548071d5aa652bb90c7f111f86b427f798a1c9"
7109,1,8,32.45,33.07,75.13,80.49,15.16,65.9,37.5,0.84,0.475,"wdbkwtdata.inc","FIADB REF_SPECIES to NBEL BM_REF_SPECIES to NVEL wdbkwtdata.inc","2023-10-16","38548071d5aa652bb90c7f111f86b427f798a1c9"
7110,1,8,28.08,28.08,0,0,0,28.1,28.1,0,0.477,"wdbkwtdata.inc","FIADB REF_SPECIES to NBEL BM_REF_SPECIES to NVEL wdbkwtdata.inc","2023-10-16","38548071d5aa652bb90c7f111f86b427f798a1c9"
7111,1,8,32.45,33.07,75.13,80.49,15.16,65.9,37.5,0.84,0.475,"wdbkwtdata.inc","FIADB REF_SPECIES to NBEL BM_REF_SPECIES to NVEL wdbkwtdata.inc","2023-10-16","38548071d5aa652bb90c7f111f86b427f798a1c9"
7112,1,8,32.45,33.07,75.13,80.49,15.16,65.9,37.5,0.84,0.475,"wdbkwtdata.inc","FIADB REF_SPECIES to NBEL BM_REF_SPECIES to NVEL wdbkwtdata.inc","2023-10-16","38548071d5aa652bb90c7f111f86b427f798a1c9"
7113,1,8,32.45,33.07,75.13,80.49,15.16,65.9,37.5,0.84,0.475,"wdbkwtdata.inc","FIADB REF_SPECIES to NBEL BM_REF_SPECIES to NVEL wdbkwtdata.inc","2023-10-16","38548071d5aa652bb90c7f111f86b427f798a1c9"
7114,1,8,28.08,28.08,0,0,0,28.1,28.1,0,0.477,"wdbkwtdata.inc","FIADB REF_SPECIES to NBEL BM_REF_SPECIES to NVEL wdbkwtdata.inc","2023-10-16","38548071d5aa652bb90c7f111f86b427f798a1c9"
7115,1,8,28.08,28.08,0,0,0,28.1,28.1,0,0.477,"wdbkwtdata.inc","FIADB REF_SPECIES to NBEL BM_REF_SPECIES to NVEL wdbkwtdata.inc","2023-10-16","38548071d5aa652bb90c7f111f86b427f798a1c9"
7116,1,8,32.45,33.07,75.13,80.49,15.16,65.9,37.5,0.84,0.475,"wdbkwtdata.inc","FIADB REF_SPECIES to NBEL BM_REF_SPECIES to NVEL wdbkwtdata.inc","2023-10-16","38548071d5aa652bb90c7f111f86b427f798a1c9"
7117,1,8,43.06,43.06,75.13,80.49,15.16,87.2,49.6,0.84,0.469,"wdbkwtdata.inc","FIADB REF_SPECIES to NBEL BM_REF_SPECIES to NVEL wdbkwtdata.inc","2023-10-16","38548071d5aa652bb90c7f111f86b427f798a1c9"
7119,1,8,31.2,31.2,0,0,0,31.2,31.2,0,0.476,"wdbkwtdata.inc","FIADB REF_SPECIES to NBEL BM_REF_SPECIES to NVEL wdbkwtdata.inc","2023-10-16","38548071d5aa652bb90c7f111f86b427f798a1c9"
7120,1,8,31.2,31.2,0,0,0,31.2,31.2,0,0.476,"wdbkwtdata.inc","FIADB REF_SPECIES to NBEL BM_REF_SPECIES to NVEL wdbkwtdata.inc","2023-10-16","38548071d5aa652bb90c7f111f86b427f798a1c9"
7123,1,8,24.34,24.34,0,0,0,24.3,24.3,0,0.479,"wdbkwtdata.inc","FIADB REF_SPECIES to NBEL BM_REF_SPECIES to NVEL wdbkwtdata.inc","2023-10-16","38548071d5aa652bb90c7f111f86b427f798a1c9"
7124,1,8,24.34,24.34,0,0,0,24.3,24.3,0,0.479,"wdbkwtdata.inc","FIADB REF_SPECIES to NBEL BM_REF_SPECIES to NVEL wdbkwtdata.inc","2023-10-16","38548071d5aa652bb90c7f111f86b427f798a1c9"
7125,1,8,24.34,24.34,0,0,0,24.3,24.3,0,0.479,"wdbkwtdata.inc","FIADB REF_SPECIES to NBEL BM_REF_SPECIES to NVEL wdbkwtdata.inc","2023-10-16","38548071d5aa652bb90c7f111f86b427f798a1c9"
7126,1,8,24.34,24.34,0,0,0,24.3,24.3,0,0.479,"wdbkwtdata.inc","FIADB REF_SPECIES to NBEL BM_REF_SPECIES to NVEL wdbkwtdata.inc","2023-10-16","38548071d5aa652bb90c7f111f86b427f798a1c9"
7127,1,8,24.34,24.34,75.13,80.49,15.16,49.3,28,0.84,0.479,"wdbkwtdata.inc","FIADB REF_SPECIES to NBEL BM_REF_SPECIES to NVEL wdbkwtdata.inc","2023-10-16","38548071d5aa652bb90c7f111f86b427f798a1c9"
7128,1,8,24.34,24.34,0,0,0,24.3,24.3,0,0.479,"wdbkwtdata.inc","FIADB REF_SPECIES to NBEL BM_REF_SPECIES to NVEL wdbkwtdata.inc","2023-10-16","38548071d5aa652bb90c7f111f86b427f798a1c9"
7129,1,8,23.71,23.71,75.13,80.49,15.16,48,27.3,0.84,0.48,"wdbkwtdata.inc","FIADB REF_SPECIES to NBEL BM_REF_SPECIES to NVEL wdbkwtdata.inc","2023-10-16","38548071d5aa652bb90c7f111f86b427f798a1c9"
7131,1,8,44.86,44.86,0,0,0,44.9,44.9,0,0.468,"wdbkwtdata.inc","FIADB REF_SPECIES to NBEL BM_REF_SPECIES to NVEL wdbkwtdata.inc","2023-10-16","38548071d5aa652bb90c7f111f86b427f798a1c9"
7132,1,8,44.86,44.86,0,0,0,44.9,44.9,0,0.468,"wdbkwtdata.inc","FIADB REF_SPECIES to NBEL BM_REF_SPECIES to NVEL wdbkwtdata.inc","2023-10-16","38548071d5aa652bb90c7f111f86b427f798a1c9"
7133,1,8,29.95,29.95,75.13,80.49,15.16,60.7,34.5,0.84,0.476,"wdbkwtdata.inc","FIADB REF_SPECIES to NBEL BM_REF_SPECIES to NVEL wdbkwtdata.inc","2023-10-16","38548071d5aa652bb90c7f111f86b427f798a1c9"
7135,1,8,32.45,33.07,75.13,80.49,15.16,65.9,37.5,0.84,0.475,"wdbkwtdata.inc","FIADB REF_SPECIES to NBEL BM_REF_SPECIES to NVEL wdbkwtdata.inc","2023-10-16","38548071d5aa652bb90c7f111f86b427f798a1c9"
7136,1,8,32.45,33.07,75.13,80.49,15.16,65.9,37.5,0.84,0.475,"wdbkwtdata.inc","FIADB REF_SPECIES to NBEL BM_REF_SPECIES to NVEL wdbkwtdata.inc","2023-10-16","38548071d5aa652bb90c7f111f86b427f798a1c9"
7137,1,8,32.45,33.07,75.13,80.49,15.16,65.9,37.5,0.84,0.475,"wdbkwtdata.inc","FIADB REF_SPECIES to NBEL BM_REF_SPECIES to NVEL wdbkwtdata.inc","2023-10-16","38548071d5aa652bb90c7f111f86b427f798a1c9"
7141,1,8,51.58,51.58,75.13,80.49,15.16,104.4,59.4,0.84,0.464,"wdbkwtdata.inc","FIADB REF_SPECIES to NBEL BM_REF_SPECIES to NVEL wdbkwtdata.inc","2023-10-16","38548071d5aa652bb90c7f111f86b427f798a1c9"
7142,1,8,46.18,46.18,75.13,80.49,15.16,93.5,53.2,0.84,0.467,"wdbkwtdata.inc","FIADB REF_SPECIES to NBEL BM_REF_SPECIES to NVEL wdbkwtdata.inc","2023-10-16","38548071d5aa652bb90c7f111f86b427f798a1c9"
7143,1,8,46.18,46.18,75.13,80.49,15.16,93.5,53.2,0.84,0.467,"wdbkwtdata.inc","FIADB REF_SPECIES to NBEL BM_REF_SPECIES to NVEL wdbkwtdata.inc","2023-10-16","38548071d5aa652bb90c7f111f86b427f798a1c9"
7144,1,8,26.83,26.83,75.13,80.49,15.16,54.3,30.9,0.84,0.478,"wdbkwtdata.inc","FIADB REF_SPECIES to NBEL BM_REF_SPECIES to NVEL wdbkwtdata.inc","2023-10-16","38548071d5aa652bb90c7f111f86b427f798a1c9"
7145,1,8,26.83,26.83,0,0,0,26.8,26.8,0,0.478,"wdbkwtdata.inc","FIADB REF_SPECIES to NBEL BM_REF_SPECIES to NVEL wdbkwtdata.inc","2023-10-16","38548071d5aa652bb90c7f111f86b427f798a1c9"
7146,1,8,32.45,33.07,75.13,80.49,15.16,65.9,37.5,0.84,0.464,"wdbkwtdata.inc","FIADB REF_SPECIES to NBEL BM_REF_SPECIES to NVEL wdbkwtdata.inc","2023-10-16","38548071d5aa652bb90c7f111f86b427f798a1c9"
7147,1,8,32.45,33.07,75.13,80.49,15.16,65.9,37.5,0.84,0.475,"wdbkwtdata.inc","FIADB REF_SPECIES to NBEL BM_REF_SPECIES to NVEL wdbkwtdata.inc","2023-10-16","38548071d5aa652bb90c7f111f86b427f798a1c9"
7148,1,8,32.45,33.07,75.13,80.49,15.16,65.9,37.5,0.84,0.475,"wdbkwtdata.inc","FIADB REF_SPECIES to NBEL BM_REF_SPECIES to NVEL wdbkwtdata.inc","2023-10-16","38548071d5aa652bb90c7f111f86b427f798a1c9"
7149,1,8,32.45,33.07,75.13,80.49,15.16,65.9,37.5,0.84,0.475,"wdbkwtdata.inc","FIADB REF_SPECIES to NBEL BM_REF_SPECIES to NVEL wdbkwtdata.inc","2023-10-16","38548071d5aa652bb90c7f111f86b427f798a1c9"
7150,1,8,32.45,33.07,75.13,80.49,15.16,65.9,37.5,0.84,0.475,"wdbkwtdata.inc","FIADB REF_SPECIES to NBEL BM_REF_SPECIES to NVEL wdbkwtdata.inc","2023-10-16","38548071d5aa652bb90c7f111f86b427f798a1c9"
7151,1,8,32.45,33.07,75.13,80.49,15.16,65.9,37.5,0.84,0.475,"wdbkwtdata.inc","FIADB REF_SPECIES to NBEL BM_REF_SPECIES to NVEL wdbkwtdata.inc","2023-10-16","38548071d5aa652bb90c7f111f86b427f798a1c9"
7152,1,8,27.46,27.46,75.13,80.49,15.16,55.6,31.6,0.84,0.478,"wdbkwtdata.inc","FIADB REF_SPECIES to NBEL BM_REF_SPECIES to NVEL wdbkwtdata.inc","2023-10-16","38548071d5aa652bb90c7f111f86b427f798a1c9"
7153,1,8,32.45,33.07,75.13,80.49,15.16,65.9,37.5,0.84,0.475,"wdbkwtdata.inc","FIADB REF_SPECIES to NBEL BM_REF_SPECIES to NVEL wdbkwtdata.inc","2023-10-16","38548071d5aa652bb90c7f111f86b427f798a1c9"
7154,1,8,32.45,33.07,75.13,80.49,15.16,65.9,37.5,0.84,0.475,"wdbkwtdata.inc","FIADB REF_SPECIES to NBEL BM_REF_SPECIES to NVEL wdbkwtdata.inc","2023-10-16","38548071d5aa652bb90c7f111f86b427f798a1c9"
7155,1,8,32.45,33.07,75.13,80.49,15.16,65.9,37.5,0.84,0.454,"wdbkwtdata.inc","FIADB REF_SPECIES to NBEL BM_REF_SPECIES to NVEL wdbkwtdata.inc","2023-10-16","38548071d5aa652bb90c7f111f86b427f798a1c9"
7156,1,8,24.96,24.96,75.13,80.49,15.16,50.5,28.7,0.84,0.479,"wdbkwtdata.inc","FIADB REF_SPECIES to NBEL BM_REF_SPECIES to NVEL wdbkwtdata.inc","2023-10-16","38548071d5aa652bb90c7f111f86b427f798a1c9"
7158,1,8,32.45,33.07,75.13,80.49,15.16,65.9,37.5,0.84,0.475,"wdbkwtdata.inc","FIADB REF_SPECIES to NBEL BM_REF_SPECIES to NVEL wdbkwtdata.inc","2023-10-16","38548071d5aa652bb90c7f111f86b427f798a1c9"
7159,1,8,32.45,33.07,75.13,80.49,15.16,65.9,37.5,0.84,0.475,"wdbkwtdata.inc","FIADB REF_SPECIES to NBEL BM_REF_SPECIES to NVEL wdbkwtdata.inc","2023-10-16","38548071d5aa652bb90c7f111f86b427f798a1c9"
7160,1,8,32.45,33.07,75.13,80.49,15.16,65.9,37.5,0.84,0.475,"wdbkwtdata.inc","FIADB REF_SPECIES to NBEL BM_REF_SPECIES to NVEL wdbkwtdata.inc","2023-10-16","38548071d5aa652bb90c7f111f86b427f798a1c9"
7162,1,8,32.45,33.07,75.13,80.49,15.16,65.9,37.5,0.84,0.475,"wdbkwtdata.inc","FIADB REF_SPECIES to NBEL BM_REF_SPECIES to NVEL wdbkwtdata.inc","2023-10-16","38548071d5aa652bb90c7f111f86b427f798a1c9"
7163,1,8,30.86,30.86,75.13,80.49,15.16,62.5,35.5,0.84,0.476,"wdbkwtdata.inc","FIADB REF_SPECIES to NBEL BM_REF_SPECIES to NVEL wdbkwtdata.inc","2023-10-16","38548071d5aa652bb90c7f111f86b427f798a1c9"
7164,1,8,32.45,33.07,75.13,80.49,15.16,65.9,37.5,0.84,0.475,"wdbkwtdata.inc","FIADB REF_SPECIES to NBEL BM_REF_SPECIES to NVEL wdbkwtdata.inc","2023-10-16","38548071d5aa652bb90c7f111f86b427f798a1c9"
7165,1,8,24.96,24.96,75.13,80.49,15.16,50.5,28.7,0.84,0.479,"wdbkwtdata.inc","FIADB REF_SPECIES to NBEL BM_REF_SPECIES to NVEL wdbkwtdata.inc","2023-10-16","38548071d5aa652bb90c7f111f86b427f798a1c9"
7166,1,8,32.45,33.07,75.13,80.49,15.16,65.9,37.5,0.84,0.475,"wdbkwtdata.inc","FIADB REF_SPECIES to NBEL BM_REF_SPECIES to NVEL wdbkwtdata.inc","2023-10-16","38548071d5aa652bb90c7f111f86b427f798a1c9"
7167,1,8,26.83,26.83,75.13,80.49,15.16,54.3,30.9,0.84,0.478,"wdbkwtdata.inc","FIADB REF_SPECIES to NBEL BM_REF_SPECIES to NVEL wdbkwtdata.inc","2023-10-16","38548071d5aa652bb90c7f111f86b427f798a1c9"
7168,1,8,24.96,24.96,0,0,0,25,25,0,0.479,"wdbkwtdata.inc","FIADB REF_SPECIES to NBEL BM_REF_SPECIES to NVEL wdbkwtdata.inc","2023-10-16","38548071d5aa652bb90c7f111f86b427f798a1c9"
7169,1,8,24.96,24.96,75.13,80.49,15.16,50.5,28.7,0.84,0.479,"wdbkwtdata.inc","FIADB REF_SPECIES to NBEL BM_REF_SPECIES to NVEL wdbkwtdata.inc","2023-10-16","38548071d5aa652bb90c7f111f86b427f798a1c9"
7171,1,8,24.96,24.96,75.13,80.49,15.16,50.5,28.7,0.84,0.479,"wdbkwtdata.inc","FIADB REF_SPECIES to NBEL BM_REF_SPECIES to NVEL wdbkwtdata.inc","2023-10-16","38548071d5aa652bb90c7f111f86b427f798a1c9"
7173,1,8,32.45,33.07,75.13,80.49,15.16,65.9,37.5,0.84,0.475,"wdbkwtdata.inc","FIADB REF_SPECIES to NBEL BM_REF_SPECIES to NVEL wdbkwtdata.inc","2023-10-16","38548071d5aa652bb90c7f111f86b427f798a1c9"
7174,1,8,32.45,33.07,75.13,80.49,15.16,65.9,37.5,0.84,0.475,"wdbkwtdata.inc","FIADB REF_SPECIES to NBEL BM_REF_SPECIES to NVEL wdbkwtdata.inc","2023-10-16","38548071d5aa652bb90c7f111f86b427f798a1c9"
7175,1,8,26.59,26.59,0,0,0,26.6,26.6,0,0.478,"wdbkwtdata.inc","FIADB REF_SPECIES to NBEL BM_REF_SPECIES to NVEL wdbkwtdata.inc","2023-10-16","38548071d5aa652bb90c7f111f86b427f798a1c9"
7176,1,8,24.96,24.96,75.13,80.49,15.16,50.5,28.7,0.84,0.479,"wdbkwtdata.inc","FIADB REF_SPECIES to NBEL BM_REF_SPECIES to NVEL wdbkwtdata.inc","2023-10-16","38548071d5aa652bb90c7f111f86b427f798a1c9"
7177,1,8,32.45,33.07,75.13,80.49,15.16,65.9,37.5,0.84,0.475,"wdbkwtdata.inc","FIADB REF_SPECIES to NBEL BM_REF_SPECIES to NVEL wdbkwtdata.inc","2023-10-16","38548071d5aa652bb90c7f111f86b427f798a1c9"
7178,1,8,24.96,24.96,75.13,80.49,15.16,50.5,28.7,0.84,0.479,"wdbkwtdata.inc","FIADB REF_SPECIES to NBEL BM_REF_SPECIES to NVEL wdbkwtdata.inc","2023-10-16","38548071d5aa652bb90c7f111f86b427f798a1c9"
7179,1,8,21.49,21.49,75.13,80.49,15.16,43.5,24.7,0.84,0.481,"wdbkwtdata.inc","FIADB REF_SPECIES to NBEL BM_REF_SPECIES to NVEL wdbkwtdata.inc","2023-10-16","38548071d5aa652bb90c7f111f86b427f798a1c9"
7180,1,8,37.07,37.07,75.13,80.49,15.16,75.1,42.7,0.84,0.472,"wdbkwtdata.inc","FIADB REF_SPECIES to NBEL BM_REF_SPECIES to NVEL wdbkwtdata.inc","2023-10-16","38548071d5aa652bb90c7f111f86b427f798a1c9"
7181,1,8,32.45,33.07,75.12,80.64,15.32,66,37.5,0.84,0.475,"wdbkwtdata.inc","FIADB REF_SPECIES to NBEL BM_REF_SPECIES to NVEL wdbkwtdata.inc","2023-10-16","38548071d5aa652bb90c7f111f86b427f798a1c9"
7182,1,8,40.56,40.56,0,0,0,40.6,40.6,0,0.47,"wdbkwtdata.inc","FIADB REF_SPECIES to NBEL BM_REF_SPECIES to NVEL wdbkwtdata.inc","2023-10-16","38548071d5aa652bb90c7f111f86b427f798a1c9"
7184,1,8,32.45,33.07,75.13,80.49,15.16,65.9,37.5,0.84,0.475,"wdbkwtdata.inc","FIADB REF_SPECIES to NBEL BM_REF_SPECIES to NVEL wdbkwtdata.inc","2023-10-16","38548071d5aa652bb90c7f111f86b427f798a1c9"
7185,1,8,32.45,33.07,75.13,80.49,15.16,65.9,37.5,0.84,0.475,"wdbkwtdata.inc","FIADB REF_SPECIES to NBEL BM_REF_SPECIES to NVEL wdbkwtdata.inc","2023-10-16","38548071d5aa652bb90c7f111f86b427f798a1c9"
7186,1,8,46.8,46.8,75.13,80.49,15.16,94.8,53.9,0.84,0.467,"wdbkwtdata.inc","FIADB REF_SPECIES to NBEL BM_REF_SPECIES to NVEL wdbkwtdata.inc","2023-10-16","38548071d5aa652bb90c7f111f86b427f798a1c9"
7188,1,8,29.33,29.33,75.13,80.49,15.16,59.4,33.8,0.84,0.477,"wdbkwtdata.inc","FIADB REF_SPECIES to NBEL BM_REF_SPECIES to NVEL wdbkwtdata.inc","2023-10-16","38548071d5aa652bb90c7f111f86b427f798a1c9"
7190,1,8,32.45,33.07,75.13,80.49,15.16,65.9,37.5,0.84,0.475,"wdbkwtdata.inc","FIADB REF_SPECIES to NBEL BM_REF_SPECIES to NVEL wdbkwtdata.inc","2023-10-16","38548071d5aa652bb90c7f111f86b427f798a1c9"
7191,1,8,30.09,30.09,0,0,0,30.1,30.1,0,0.476,"wdbkwtdata.inc","FIADB REF_SPECIES to NBEL BM_REF_SPECIES to NVEL wdbkwtdata.inc","2023-10-16","38548071d5aa652bb90c7f111f86b427f798a1c9"
7192,1,8,30.09,30.09,0,0,0,30.1,30.1,0,0.476,"wdbkwtdata.inc","FIADB REF_SPECIES to NBEL BM_REF_SPECIES to NVEL wdbkwtdata.inc","2023-10-16","38548071d5aa652bb90c7f111f86b427f798a1c9"
7193,1,8,30.09,30.09,0,0,0,30.1,30.1,0,0.476,"wdbkwtdata.inc","FIADB REF_SPECIES to NBEL BM_REF_SPECIES to NVEL wdbkwtdata.inc","2023-10-16","38548071d5aa652bb90c7f111f86b427f798a1c9"
7194,1,8,32.45,33.07,75.13,80.49,15.16,65.9,37.5,0.84,0.475,"wdbkwtdata.inc","FIADB REF_SPECIES to NBEL BM_REF_SPECIES to NVEL wdbkwtdata.inc","2023-10-16","38548071d5aa652bb90c7f111f86b427f798a1c9"
7195,1,8,32.45,33.07,75.13,80.49,15.16,65.9,37.5,0.84,0.475,"wdbkwtdata.inc","FIADB REF_SPECIES to NBEL BM_REF_SPECIES to NVEL wdbkwtdata.inc","2023-10-16","38548071d5aa652bb90c7f111f86b427f798a1c9"
7196,1,8,32.45,33.07,75.13,80.49,15.16,65.9,37.5,0.84,0.475,"wdbkwtdata.inc","FIADB REF_SPECIES to NBEL BM_REF_SPECIES to NVEL wdbkwtdata.inc","2023-10-16","38548071d5aa652bb90c7f111f86b427f798a1c9"
7198,1,8,32.45,33.07,75.13,80.49,15.16,65.9,37.5,0.84,0.475,"wdbkwtdata.inc","FIADB REF_SPECIES to NBEL BM_REF_SPECIES to NVEL wdbkwtdata.inc","2023-10-16","38548071d5aa652bb90c7f111f86b427f798a1c9"
7199,1,8,0,0,0,0,0,0,0,0,0.474,"wdbkwtdata.inc","FIADB REF_SPECIES to NBEL BM_REF_SPECIES to NVEL wdbkwtdata.inc","2023-10-16","38548071d5aa652bb90c7f111f86b427f798a1c9"
7200,1,8,41.81,41.81,0,0,0,41.8,41.8,0,0.47,"wdbkwtdata.inc","FIADB REF_SPECIES to NBEL BM_REF_SPECIES to NVEL wdbkwtdata.inc","2023-10-16","38548071d5aa652bb90c7f111f86b427f798a1c9"
7202,1,8,32.45,33.07,75.13,80.49,15.16,65.9,37.5,0.84,0.475,"wdbkwtdata.inc","FIADB REF_SPECIES to NBEL BM_REF_SPECIES to NVEL wdbkwtdata.inc","2023-10-16","38548071d5aa652bb90c7f111f86b427f798a1c9"
7203,1,8,0,0,0,0,0,0,0,0,0.465,"wdbkwtdata.inc","FIADB REF_SPECIES to NBEL BM_REF_SPECIES to NVEL wdbkwtdata.inc","2023-10-16","38548071d5aa652bb90c7f111f86b427f798a1c9"
7205,1,8,0,0,0,0,0,0,0,0,0.475,"wdbkwtdata.inc","FIADB REF_SPECIES to NBEL BM_REF_SPECIES to NVEL wdbkwtdata.inc","2023-10-16","38548071d5aa652bb90c7f111f86b427f798a1c9"
7206,1,8,32.45,33.07,75.13,80.49,15.16,65.9,37.5,0.84,0.44,"wdbkwtdata.inc","FIADB REF_SPECIES to NBEL BM_REF_SPECIES to NVEL wdbkwtdata.inc","2023-10-16","38548071d5aa652bb90c7f111f86b427f798a1c9"
7207,1,8,43.43,43.43,0,0,0,43.4,43.4,0,0.469,"wdbkwtdata.inc","FIADB REF_SPECIES to NBEL BM_REF_SPECIES to NVEL wdbkwtdata.inc","2023-10-16","38548071d5aa652bb90c7f111f86b427f798a1c9"
7208,1,8,43.43,43.43,75.13,80.49,15.16,87.9,50,0.84,0.469,"wdbkwtdata.inc","FIADB REF_SPECIES to NBEL BM_REF_SPECIES to NVEL wdbkwtdata.inc","2023-10-16","38548071d5aa652bb90c7f111f86b427f798a1c9"
7209,1,8,43.43,43.43,75.13,80.49,15.16,87.9,50,0.84,0.469,"wdbkwtdata.inc","FIADB REF_SPECIES to NBEL BM_REF_SPECIES to NVEL wdbkwtdata.inc","2023-10-16","38548071d5aa652bb90c7f111f86b427f798a1c9"
7210,1,8,32.45,33.07,75.13,80.49,15.16,65.9,37.5,0.84,0.485,"wdbkwtdata.inc","FIADB REF_SPECIES to NBEL BM_REF_SPECIES to NVEL wdbkwtdata.inc","2023-10-16","38548071d5aa652bb90c7f111f86b427f798a1c9"
7211,1,8,32.45,33.07,75.13,80.49,15.16,65.9,37.5,0.84,0.475,"wdbkwtdata.inc","FIADB REF_SPECIES to NBEL BM_REF_SPECIES to NVEL wdbkwtdata.inc","2023-10-16","38548071d5aa652bb90c7f111f86b427f798a1c9"
7212,1,8,32.45,33.07,75.13,80.49,15.16,65.9,37.5,0.84,0.475,"wdbkwtdata.inc","FIADB REF_SPECIES to NBEL BM_REF_SPECIES to NVEL wdbkwtdata.inc","2023-10-16","38548071d5aa652bb90c7f111f86b427f798a1c9"
7213,1,8,32.45,33.07,75.13,80.49,15.16,65.9,37.5,0.84,0.475,"wdbkwtdata.inc","FIADB REF_SPECIES to NBEL BM_REF_SPECIES to NVEL wdbkwtdata.inc","2023-10-16","38548071d5aa652bb90c7f111f86b427f798a1c9"
7214,1,8,32.45,33.07,75.13,80.49,15.16,65.9,37.5,0.84,0.475,"wdbkwtdata.inc","FIADB REF_SPECIES to NBEL BM_REF_SPECIES to NVEL wdbkwtdata.inc","2023-10-16","38548071d5aa652bb90c7f111f86b427f798a1c9"
7215,1,8,45.47,45.47,75.13,80.49,15.16,92.1,52.4,0.84,0.467,"wdbkwtdata.inc","FIADB REF_SPECIES to NBEL BM_REF_SPECIES to NVEL wdbkwtdata.inc","2023-10-16","38548071d5aa652bb90c7f111f86b427f798a1c9"
7216,1,8,46.8,46.8,75.13,80.49,15.16,94.8,53.9,0.84,0.467,"wdbkwtdata.inc","FIADB REF_SPECIES to NBEL BM_REF_SPECIES to NVEL wdbkwtdata.inc","2023-10-16","38548071d5aa652bb90c7f111f86b427f798a1c9"
7217,1,8,45.47,45.47,75.13,80.49,15.16,92.1,52.4,0.84,0.467,"wdbkwtdata.inc","FIADB REF_SPECIES to NBEL BM_REF_SPECIES to NVEL wdbkwtdata.inc","2023-10-16","38548071d5aa652bb90c7f111f86b427f798a1c9"
7218,1,8,32.45,33.07,75.13,80.49,15.16,65.9,37.5,0.84,0.475,"wdbkwtdata.inc","FIADB REF_SPECIES to NBEL BM_REF_SPECIES to NVEL wdbkwtdata.inc","2023-10-16","38548071d5aa652bb90c7f111f86b427f798a1c9"
7219,1,8,45.47,45.47,75.13,80.49,15.16,92.1,52.4,0.84,0.467,"wdbkwtdata.inc","FIADB REF_SPECIES to NBEL BM_REF_SPECIES to NVEL wdbkwtdata.inc","2023-10-16","38548071d5aa652bb90c7f111f86b427f798a1c9"
7220,1,8,45.49,45.49,75.13,80.49,15.16,92.1,52.4,0.84,0.467,"wdbkwtdata.inc","FIADB REF_SPECIES to NBEL BM_REF_SPECIES to NVEL wdbkwtdata.inc","2023-10-16","38548071d5aa652bb90c7f111f86b427f798a1c9"
7221,1,8,45.47,45.47,75.13,80.49,15.16,92.1,52.4,0.84,0.467,"wdbkwtdata.inc","FIADB REF_SPECIES to NBEL BM_REF_SPECIES to NVEL wdbkwtdata.inc","2023-10-16","38548071d5aa652bb90c7f111f86b427f798a1c9"
7223,1,8,32.45,33.07,75.13,80.49,15.16,65.9,37.5,0.84,0.475,"wdbkwtdata.inc","FIADB REF_SPECIES to NBEL BM_REF_SPECIES to NVEL wdbkwtdata.inc","2023-10-16","38548071d5aa652bb90c7f111f86b427f798a1c9"
7224,1,8,41.37,41.37,0,0,0,41.4,41.4,0,0.47,"wdbkwtdata.inc","FIADB REF_SPECIES to NBEL BM_REF_SPECIES to NVEL wdbkwtdata.inc","2023-10-16","38548071d5aa652bb90c7f111f86b427f798a1c9"
7225,1,8,41.37,41.37,0,0,0,41.4,41.4,0,0.47,"wdbkwtdata.inc","FIADB REF_SPECIES to NBEL BM_REF_SPECIES to NVEL wdbkwtdata.inc","2023-10-16","38548071d5aa652bb90c7f111f86b427f798a1c9"
7226,1,8,41.37,41.37,0,0,0,41.4,41.4,0,0.47,"wdbkwtdata.inc","FIADB REF_SPECIES to NBEL BM_REF_SPECIES to NVEL wdbkwtdata.inc","2023-10-16","38548071d5aa652bb90c7f111f86b427f798a1c9"
7227,1,8,41.37,41.37,0,0,0,41.4,41.4,0,0.47,"wdbkwtdata.inc","FIADB REF_SPECIES to NBEL BM_REF_SPECIES to NVEL wdbkwtdata.inc","2023-10-16","38548071d5aa652bb90c7f111f86b427f798a1c9"
7228,1,8,41.37,41.37,0,0,0,41.4,41.4,0,0.47,"wdbkwtdata.inc","FIADB REF_SPECIES to NBEL BM_REF_SPECIES to NVEL wdbkwtdata.inc","2023-10-16","38548071d5aa652bb90c7f111f86b427f798a1c9"
7229,1,8,32.45,32.45,75.13,80.49,15.16,65.7,37.4,0.84,0.475,"wdbkwtdata.inc","FIADB REF_SPECIES to NBEL BM_REF_SPECIES to NVEL wdbkwtdata.inc","2023-10-16","38548071d5aa652bb90c7f111f86b427f798a1c9"
7231,1,8,32.45,33.07,75.13,80.49,15.16,65.9,37.5,0.84,0.475,"wdbkwtdata.inc","FIADB REF_SPECIES to NBEL BM_REF_SPECIES to NVEL wdbkwtdata.inc","2023-10-16","38548071d5aa652bb90c7f111f86b427f798a1c9"
7233,1,8,40.29,40.29,0,0,0,40.3,40.3,0,0.47,"wdbkwtdata.inc","FIADB REF_SPECIES to NBEL BM_REF_SPECIES to NVEL wdbkwtdata.inc","2023-10-16","38548071d5aa652bb90c7f111f86b427f798a1c9"
7235,1,8,32.45,33.07,75.13,80.49,15.16,65.9,37.5,0.84,0.475,"wdbkwtdata.inc","FIADB REF_SPECIES to NBEL BM_REF_SPECIES to NVEL wdbkwtdata.inc","2023-10-16","38548071d5aa652bb90c7f111f86b427f798a1c9"
7237,1,8,32.45,33.07,75.13,80.49,15.16,65.9,37.5,0.84,0.475,"wdbkwtdata.inc","FIADB REF_SPECIES to NBEL BM_REF_SPECIES to NVEL wdbkwtdata.inc","2023-10-16","38548071d5aa652bb90c7f111f86b427f798a1c9"
7239,1,8,32.45,33.07,75.13,80.49,15.16,65.9,37.5,0.84,0.475,"wdbkwtdata.inc","FIADB REF_SPECIES to NBEL BM_REF_SPECIES to NVEL wdbkwtdata.inc","2023-10-16","38548071d5aa652bb90c7f111f86b427f798a1c9"
7241,1,8,28.08,28.08,75.13,80.49,15.16,56.9,32.3,0.84,0.477,"wdbkwtdata.inc","FIADB REF_SPECIES to NBEL BM_REF_SPECIES to NVEL wdbkwtdata.inc","2023-10-16","38548071d5aa652bb90c7f111f86b427f798a1c9"
7243,1,8,32.45,33.07,75.12,80.64,15.32,66,37.5,0.84,0.465,"wdbkwtdata.inc","FIADB REF_SPECIES to NBEL BM_REF_SPECIES to NVEL wdbkwtdata.inc","2023-10-16","38548071d5aa652bb90c7f111f86b427f798a1c9"
7245,1,8,32.45,33.07,75.13,80.49,15.16,65.9,37.5,0.84,0.416,"wdbkwtdata.inc","FIADB REF_SPECIES to NBEL BM_REF_SPECIES to NVEL wdbkwtdata.inc","2023-10-16","38548071d5aa652bb90c7f111f86b427f798a1c9"
7246,1,8,0,0,0,0,0,0,0,0,0.456,"wdbkwtdata.inc","FIADB REF_SPECIES to NBEL BM_REF_SPECIES to NVEL wdbkwtdata.inc","2023-10-16","38548071d5aa652bb90c7f111f86b427f798a1c9"
7247,1,8,34.94,34.94,75.13,80.49,15.16,70.8,40.2,0.84,0.473,"wdbkwtdata.inc","FIADB REF_SPECIES to NBEL BM_REF_SPECIES to NVEL wdbkwtdata.inc","2023-10-16","38548071d5aa652bb90c7f111f86b427f798a1c9"
7248,1,8,34.94,34.94,75.13,80.49,15.16,70.8,40.2,0.84,0.473,"wdbkwtdata.inc","FIADB REF_SPECIES to NBEL BM_REF_SPECIES to NVEL wdbkwtdata.inc","2023-10-16","38548071d5aa652bb90c7f111f86b427f798a1c9"
7249,1,8,34.94,34.94,75.13,80.49,15.16,70.8,40.2,0.84,0.473,"wdbkwtdata.inc","FIADB REF_SPECIES to NBEL BM_REF_SPECIES to NVEL wdbkwtdata.inc","2023-10-16","38548071d5aa652bb90c7f111f86b427f798a1c9"
7250,1,8,34.94,34.94,75.13,80.49,15.16,70.8,40.2,0.84,0.473,"wdbkwtdata.inc","FIADB REF_SPECIES to NBEL BM_REF_SPECIES to NVEL wdbkwtdata.inc","2023-10-16","38548071d5aa652bb90c7f111f86b427f798a1c9"
7251,1,8,29.28,29.28,75.13,80.49,15.16,59.3,33.7,0.84,0.477,"wdbkwtdata.inc","FIADB REF_SPECIES to NBEL BM_REF_SPECIES to NVEL wdbkwtdata.inc","2023-10-16","38548071d5aa652bb90c7f111f86b427f798a1c9"
7252,1,8,30.58,30.58,75.13,80.49,15.16,61.9,35.2,0.84,0.476,"wdbkwtdata.inc","FIADB REF_SPECIES to NBEL BM_REF_SPECIES to NVEL wdbkwtdata.inc","2023-10-16","38548071d5aa652bb90c7f111f86b427f798a1c9"
7253,1,8,29.28,29.28,75.13,80.49,15.16,59.3,33.7,0.84,0.477,"wdbkwtdata.inc","FIADB REF_SPECIES to NBEL BM_REF_SPECIES to NVEL wdbkwtdata.inc","2023-10-16","38548071d5aa652bb90c7f111f86b427f798a1c9"
7254,1,8,38.06,38.06,0,0,0,38.1,38.1,0,0.472,"wdbkwtdata.inc","FIADB REF_SPECIES to NBEL BM_REF_SPECIES to NVEL wdbkwtdata.inc","2023-10-16","38548071d5aa652bb90c7f111f86b427f798a1c9"
7255,1,8,0,0,0,0,0,0,0,0,0.456,"wdbkwtdata.inc","FIADB REF_SPECIES to NBEL BM_REF_SPECIES to NVEL wdbkwtdata.inc","2023-10-16","38548071d5aa652bb90c7f111f86b427f798a1c9"
7256,1,8,32.45,33.07,75.13,80.49,15.16,65.9,37.5,0.84,0.475,"wdbkwtdata.inc","FIADB REF_SPECIES to NBEL BM_REF_SPECIES to NVEL wdbkwtdata.inc","2023-10-16","38548071d5aa652bb90c7f111f86b427f798a1c9"
7257,1,8,34.94,34.94,75.13,80.49,15.16,70.8,40.2,0.84,0.473,"wdbkwtdata.inc","FIADB REF_SPECIES to NBEL BM_REF_SPECIES to NVEL wdbkwtdata.inc","2023-10-16","38548071d5aa652bb90c7f111f86b427f798a1c9"
7258,1,8,32.45,33.07,75.13,80.49,15.16,65.9,37.5,0.84,0.475,"wdbkwtdata.inc","FIADB REF_SPECIES to NBEL BM_REF_SPECIES to NVEL wdbkwtdata.inc","2023-10-16","38548071d5aa652bb90c7f111f86b427f798a1c9"
7260,1,8,23.71,23.71,75.13,80.49,15.16,48,27.3,0.84,0.48,"wdbkwtdata.inc","FIADB REF_SPECIES to NBEL BM_REF_SPECIES to NVEL wdbkwtdata.inc","2023-10-16","38548071d5aa652bb90c7f111f86b427f798a1c9"
7262,1,8,32.45,33.07,75.13,80.49,15.16,65.9,37.5,0.84,0.475,"wdbkwtdata.inc","FIADB REF_SPECIES to NBEL BM_REF_SPECIES to NVEL wdbkwtdata.inc","2023-10-16","38548071d5aa652bb90c7f111f86b427f798a1c9"
7264,1,8,32.45,33.07,75.13,80.49,15.16,65.9,37.5,0.84,0.475,"wdbkwtdata.inc","FIADB REF_SPECIES to NBEL BM_REF_SPECIES to NVEL wdbkwtdata.inc","2023-10-16","38548071d5aa652bb90c7f111f86b427f798a1c9"
7268,1,8,32.45,33.07,75.13,80.49,15.16,65.9,37.5,0.84,0.475,"wdbkwtdata.inc","FIADB REF_SPECIES to NBEL BM_REF_SPECIES to NVEL wdbkwtdata.inc","2023-10-16","38548071d5aa652bb90c7f111f86b427f798a1c9"
7272,1,8,34.56,34.56,0,0,0,34.6,34.6,0,0.474,"wdbkwtdata.inc","FIADB REF_SPECIES to NBEL BM_REF_SPECIES to NVEL wdbkwtdata.inc","2023-10-16","38548071d5aa652bb90c7f111f86b427f798a1c9"
7273,1,8,32.45,33.07,75.13,80.49,15.16,65.9,37.5,0.84,0.475,"wdbkwtdata.inc","FIADB REF_SPECIES to NBEL BM_REF_SPECIES to NVEL wdbkwtdata.inc","2023-10-16","38548071d5aa652bb90c7f111f86b427f798a1c9"
7274,1,8,34.56,34.56,0,0,0,34.6,34.6,0,0.474,"wdbkwtdata.inc","FIADB REF_SPECIES to NBEL BM_REF_SPECIES to NVEL wdbkwtdata.inc","2023-10-16","38548071d5aa652bb90c7f111f86b427f798a1c9"
7275,1,8,28.7,28.7,0,0,0,28.7,28.7,0,0.477,"wdbkwtdata.inc","FIADB REF_SPECIES to NBEL BM_REF_SPECIES to NVEL wdbkwtdata.inc","2023-10-16","38548071d5aa652bb90c7f111f86b427f798a1c9"
7279,1,8,32.45,33.07,75.13,80.49,15.16,65.9,37.5,0.84,0.475,"wdbkwtdata.inc","FIADB REF_SPECIES to NBEL BM_REF_SPECIES to NVEL wdbkwtdata.inc","2023-10-16","38548071d5aa652bb90c7f111f86b427f798a1c9"
7280,1,8,32.45,33.07,75.13,80.49,15.16,65.9,37.5,0.84,0.475,"wdbkwtdata.inc","FIADB REF_SPECIES to NBEL BM_REF_SPECIES to NVEL wdbkwtdata.inc","2023-10-16","38548071d5aa652bb90c7f111f86b427f798a1c9"
7282,1,8,35.04,35.04,75.13,80.49,15.16,71,40.4,0.84,0.473,"wdbkwtdata.inc","FIADB REF_SPECIES to NBEL BM_REF_SPECIES to NVEL wdbkwtdata.inc","2023-10-16","38548071d5aa652bb90c7f111f86b427f798a1c9"
7285,1,8,32.45,33.07,75.13,80.49,15.16,65.9,37.5,0.84,0.475,"wdbkwtdata.inc","FIADB REF_SPECIES to NBEL BM_REF_SPECIES to NVEL wdbkwtdata.inc","2023-10-16","38548071d5aa652bb90c7f111f86b427f798a1c9"
7286,1,8,32.45,33.07,75.13,80.49,15.16,65.9,37.5,0.84,0.475,"wdbkwtdata.inc","FIADB REF_SPECIES to NBEL BM_REF_SPECIES to NVEL wdbkwtdata.inc","2023-10-16","38548071d5aa652bb90c7f111f86b427f798a1c9"
7288,1,8,32.45,33.07,75.13,80.49,15.16,65.9,37.5,0.84,0.475,"wdbkwtdata.inc","FIADB REF_SPECIES to NBEL BM_REF_SPECIES to NVEL wdbkwtdata.inc","2023-10-16","38548071d5aa652bb90c7f111f86b427f798a1c9"
7290,1,8,32.45,33.07,75.13,80.49,15.16,65.9,37.5,0.84,0.487,"wdbkwtdata.inc","FIADB REF_SPECIES to NBEL BM_REF_SPECIES to NVEL wdbkwtdata.inc","2023-10-16","38548071d5aa652bb90c7f111f86b427f798a1c9"
7294,1,8,32.45,33.07,75.13,80.49,15.16,65.9,37.5,0.84,0.475,"wdbkwtdata.inc","FIADB REF_SPECIES to NBEL BM_REF_SPECIES to NVEL wdbkwtdata.inc","2023-10-16","38548071d5aa652bb90c7f111f86b427f798a1c9"
7295,1,8,32.45,33.07,75.13,80.49,15.16,65.9,37.5,0.84,0.475,"wdbkwtdata.inc","FIADB REF_SPECIES to NBEL BM_REF_SPECIES to NVEL wdbkwtdata.inc","2023-10-16","38548071d5aa652bb90c7f111f86b427f798a1c9"
7298,1,8,32.45,33.07,75.13,80.49,15.16,65.9,37.5,0.84,0.42,"wdbkwtdata.inc","FIADB REF_SPECIES to NBEL BM_REF_SPECIES to NVEL wdbkwtdata.inc","2023-10-16","38548071d5aa652bb90c7f111f86b427f798a1c9"
7299,1,8,32.45,33.07,75.13,80.49,15.16,65.9,37.5,0.84,0.475,"wdbkwtdata.inc","FIADB REF_SPECIES to NBEL BM_REF_SPECIES to NVEL wdbkwtdata.inc","2023-10-16","38548071d5aa652bb90c7f111f86b427f798a1c9"
7300,1,8,32.45,33.07,75.13,80.49,15.16,65.9,37.5,0.84,0.475,"wdbkwtdata.inc","FIADB REF_SPECIES to NBEL BM_REF_SPECIES to NVEL wdbkwtdata.inc","2023-10-16","38548071d5aa652bb90c7f111f86b427f798a1c9"
7302,1,8,32.45,33.07,75.13,80.49,15.16,65.9,37.5,0.84,0.475,"wdbkwtdata.inc","FIADB REF_SPECIES to NBEL BM_REF_SPECIES to NVEL wdbkwtdata.inc","2023-10-16","38548071d5aa652bb90c7f111f86b427f798a1c9"
7303,1,8,32.45,33.07,75.13,80.49,15.16,65.9,37.5,0.84,0.475,"wdbkwtdata.inc","FIADB REF_SPECIES to NBEL BM_REF_SPECIES to NVEL wdbkwtdata.inc","2023-10-16","38548071d5aa652bb90c7f111f86b427f798a1c9"
7305,1,8,32.45,33.07,75.13,80.49,15.16,65.9,37.5,0.84,0.475,"wdbkwtdata.inc","FIADB REF_SPECIES to NBEL BM_REF_SPECIES to NVEL wdbkwtdata.inc","2023-10-16","38548071d5aa652bb90c7f111f86b427f798a1c9"
7306,1,8,32.45,33.07,75.13,80.49,15.16,65.9,37.5,0.84,0.475,"wdbkwtdata.inc","FIADB REF_SPECIES to NBEL BM_REF_SPECIES to NVEL wdbkwtdata.inc","2023-10-16","38548071d5aa652bb90c7f111f86b427f798a1c9"
7307,1,8,36.82,36.82,75.13,80.49,15.16,74.5,42.4,0.84,0.472,"wdbkwtdata.inc","FIADB REF_SPECIES to NBEL BM_REF_SPECIES to NVEL wdbkwtdata.inc","2023-10-16","38548071d5aa652bb90c7f111f86b427f798a1c9"
7309,1,8,32.45,33.07,75.13,80.49,15.16,65.9,37.5,0.84,0.475,"wdbkwtdata.inc","FIADB REF_SPECIES to NBEL BM_REF_SPECIES to NVEL wdbkwtdata.inc","2023-10-16","38548071d5aa652bb90c7f111f86b427f798a1c9"
7311,1,8,33.47,33.47,0,0,0,33.5,33.5,0,0.474,"wdbkwtdata.inc","FIADB REF_SPECIES to NBEL BM_REF_SPECIES to NVEL wdbkwtdata.inc","2023-10-16","38548071d5aa652bb90c7f111f86b427f798a1c9"
7312,1,8,33.47,33.47,0,0,0,33.5,33.5,0,0.474,"wdbkwtdata.inc","FIADB REF_SPECIES to NBEL BM_REF_SPECIES to NVEL wdbkwtdata.inc","2023-10-16","38548071d5aa652bb90c7f111f86b427f798a1c9"
7313,1,8,29.95,29.95,75.13,80.49,15.16,60.7,34.5,0.84,0.476,"wdbkwtdata.inc","FIADB REF_SPECIES to NBEL BM_REF_SPECIES to NVEL wdbkwtdata.inc","2023-10-16","38548071d5aa652bb90c7f111f86b427f798a1c9"
7315,1,8,32.45,33.07,75.13,80.49,15.16,65.9,37.5,0.84,0.475,"wdbkwtdata.inc","FIADB REF_SPECIES to NBEL BM_REF_SPECIES to NVEL wdbkwtdata.inc","2023-10-16","38548071d5aa652bb90c7f111f86b427f798a1c9"
7317,1,8,32.45,33.07,75.13,80.49,15.16,65.9,37.5,0.84,0.475,"wdbkwtdata.inc","FIADB REF_SPECIES to NBEL BM_REF_SPECIES to NVEL wdbkwtdata.inc","2023-10-16","38548071d5aa652bb90c7f111f86b427f798a1c9"
7319,1,8,14.78,14.78,0,0,0,14.8,14.8,0,0.485,"wdbkwtdata.inc","FIADB REF_SPECIES to NBEL BM_REF_SPECIES to NVEL wdbkwtdata.inc","2023-10-16","38548071d5aa652bb90c7f111f86b427f798a1c9"
7321,1,8,32.45,33.07,75.13,80.49,15.16,65.9,37.5,0.84,0.424,"wdbkwtdata.inc","FIADB REF_SPECIES to NBEL BM_REF_SPECIES to NVEL wdbkwtdata.inc","2023-10-16","38548071d5aa652bb90c7f111f86b427f798a1c9"
7327,1,8,32.45,33.07,75.13,80.49,15.16,65.9,37.5,0.84,0.475,"wdbkwtdata.inc","FIADB REF_SPECIES to NBEL BM_REF_SPECIES to NVEL wdbkwtdata.inc","2023-10-16","38548071d5aa652bb90c7f111f86b427f798a1c9"
7328,1,8,26.21,0,0,0,0,26.2,26.2,0.792,0.447,"wdbkwtdata.inc","FIADB REF_SPECIES to NBEL BM_REF_SPECIES to NVEL wdbkwtdata.inc","2023-10-16","38548071d5aa652bb90c7f111f86b427f798a1c9"
7329,1,8,0,0,0,0,0,0,0,0,0.465,"wdbkwtdata.inc","FIADB REF_SPECIES to NBEL BM_REF_SPECIES to NVEL wdbkwtdata.inc","2023-10-16","38548071d5aa652bb90c7f111f86b427f798a1c9"
7330,1,8,32.45,33.07,75.13,80.49,15.16,65.9,37.5,0.84,0.475,"wdbkwtdata.inc","FIADB REF_SPECIES to NBEL BM_REF_SPECIES to NVEL wdbkwtdata.inc","2023-10-16","38548071d5aa652bb90c7f111f86b427f798a1c9"
7331,1,8,0,0,0,0,0,0,0,0,0.465,"wdbkwtdata.inc","FIADB REF_SPECIES to NBEL BM_REF_SPECIES to NVEL wdbkwtdata.inc","2023-10-16","38548071d5aa652bb90c7f111f86b427f798a1c9"
7332,1,8,44.3,44.3,0,0,0,44.3,44.3,0,0.468,"wdbkwtdata.inc","FIADB REF_SPECIES to NBEL BM_REF_SPECIES to NVEL wdbkwtdata.inc","2023-10-16","38548071d5aa652bb90c7f111f86b427f798a1c9"
7333,1,8,32.45,33.07,75.13,80.49,15.16,65.9,37.5,0.84,0.475,"wdbkwtdata.inc","FIADB REF_SPECIES to NBEL BM_REF_SPECIES to NVEL wdbkwtdata.inc","2023-10-16","38548071d5aa652bb90c7f111f86b427f798a1c9"
7334,1,8,30.58,30.58,75.13,80.49,15.16,61.9,35.2,0.84,0.476,"wdbkwtdata.inc","FIADB REF_SPECIES to NBEL BM_REF_SPECIES to NVEL wdbkwtdata.inc","2023-10-16","38548071d5aa652bb90c7f111f86b427f798a1c9"
7335,1,8,0,0,0,0,0,0,0,0,0.467,"wdbkwtdata.inc","FIADB REF_SPECIES to NBEL BM_REF_SPECIES to NVEL wdbkwtdata.inc","2023-10-16","38548071d5aa652bb90c7f111f86b427f798a1c9"
7336,1,8,32.45,33.07,75.13,80.49,15.16,65.9,37.5,0.84,0.475,"wdbkwtdata.inc","FIADB REF_SPECIES to NBEL BM_REF_SPECIES to NVEL wdbkwtdata.inc","2023-10-16","38548071d5aa652bb90c7f111f86b427f798a1c9"
7338,1,8,37.07,37.07,0,0,0,37.1,37.1,0,0.472,"wdbkwtdata.inc","FIADB REF_SPECIES to NBEL BM_REF_SPECIES to NVEL wdbkwtdata.inc","2023-10-16","38548071d5aa652bb90c7f111f86b427f798a1c9"
7340,1,8,37.07,37.07,0,0,0,37.1,37.1,0,0.472,"wdbkwtdata.inc","FIADB REF_SPECIES to NBEL BM_REF_SPECIES to NVEL wdbkwtdata.inc","2023-10-16","38548071d5aa652bb90c7f111f86b427f798a1c9"
7341,1,8,32.45,33.07,75.13,80.49,15.16,65.9,37.5,0.84,0.475,"wdbkwtdata.inc","FIADB REF_SPECIES to NBEL BM_REF_SPECIES to NVEL wdbkwtdata.inc","2023-10-16","38548071d5aa652bb90c7f111f86b427f798a1c9"
7343,1,8,23.71,23.71,75.13,80.49,15.16,48,27.3,0.84,0.48,"wdbkwtdata.inc","FIADB REF_SPECIES to NBEL BM_REF_SPECIES to NVEL wdbkwtdata.inc","2023-10-16","38548071d5aa652bb90c7f111f86b427f798a1c9"
7344,1,8,23.71,23.71,75.13,80.49,15.16,48,27.3,0.84,0.48,"wdbkwtdata.inc","FIADB REF_SPECIES to NBEL BM_REF_SPECIES to NVEL wdbkwtdata.inc","2023-10-16","38548071d5aa652bb90c7f111f86b427f798a1c9"
7345,1,8,23.71,23.71,0,0,0,23.7,23.7,0,0.48,"wdbkwtdata.inc","FIADB REF_SPECIES to NBEL BM_REF_SPECIES to NVEL wdbkwtdata.inc","2023-10-16","38548071d5aa652bb90c7f111f86b427f798a1c9"
7346,1,8,23.71,23.71,75.13,80.49,15.16,48,27.3,0.84,0.48,"wdbkwtdata.inc","FIADB REF_SPECIES to NBEL BM_REF_SPECIES to NVEL wdbkwtdata.inc","2023-10-16","38548071d5aa652bb90c7f111f86b427f798a1c9"
7347,1,8,32.45,33.07,75.13,80.49,15.16,65.9,37.5,0.84,0.475,"wdbkwtdata.inc","FIADB REF_SPECIES to NBEL BM_REF_SPECIES to NVEL wdbkwtdata.inc","2023-10-16","38548071d5aa652bb90c7f111f86b427f798a1c9"
7349,1,8,14.98,14.98,75.13,80.49,15.16,30.3,17.2,0.84,0.451,"wdbkwtdata.inc","FIADB REF_SPECIES to NBEL BM_REF_SPECIES to NVEL wdbkwtdata.inc","2023-10-16","38548071d5aa652bb90c7f111f86b427f798a1c9"
7350,1,8,11.86,11.86,0,0,0,11.9,11.9,0,0.486,"wdbkwtdata.inc","FIADB REF_SPECIES to NBEL BM_REF_SPECIES to NVEL wdbkwtdata.inc","2023-10-16","38548071d5aa652bb90c7f111f86b427f798a1c9"
7353,1,8,32.45,33.07,75.13,80.49,15.16,65.9,37.5,0.84,0.475,"wdbkwtdata.inc","FIADB REF_SPECIES to NBEL BM_REF_SPECIES to NVEL wdbkwtdata.inc","2023-10-16","38548071d5aa652bb90c7f111f86b427f798a1c9"
7354,1,8,32.45,33.07,75.13,80.49,15.16,65.9,37.5,0.84,0.475,"wdbkwtdata.inc","FIADB REF_SPECIES to NBEL BM_REF_SPECIES to NVEL wdbkwtdata.inc","2023-10-16","38548071d5aa652bb90c7f111f86b427f798a1c9"
7355,1,8,32.45,33.07,75.13,80.49,15.16,65.9,37.5,0.84,0.475,"wdbkwtdata.inc","FIADB REF_SPECIES to NBEL BM_REF_SPECIES to NVEL wdbkwtdata.inc","2023-10-16","38548071d5aa652bb90c7f111f86b427f798a1c9"
7357,1,8,32.45,33.07,75.13,80.49,15.16,65.9,37.5,0.84,0.475,"wdbkwtdata.inc","FIADB REF_SPECIES to NBEL BM_REF_SPECIES to NVEL wdbkwtdata.inc","2023-10-16","38548071d5aa652bb90c7f111f86b427f798a1c9"
7359,1,8,48.09,48.09,75.13,80.49,15.16,97.4,55.4,0.84,0.481,"wdbkwtdata.inc","FIADB REF_SPECIES to NBEL BM_REF_SPECIES to NVEL wdbkwtdata.inc","2023-10-16","38548071d5aa652bb90c7f111f86b427f798a1c9"
7360,1,8,40.56,40.56,75.13,80.49,15.16,82.1,46.7,0.84,0.47,"wdbkwtdata.inc","FIADB REF_SPECIES to NBEL BM_REF_SPECIES to NVEL wdbkwtdata.inc","2023-10-16","38548071d5aa652bb90c7f111f86b427f798a1c9"
7362,1,8,40.56,40.56,0,0,0,40.6,40.6,0,0.47,"wdbkwtdata.inc","FIADB REF_SPECIES to NBEL BM_REF_SPECIES to NVEL wdbkwtdata.inc","2023-10-16","38548071d5aa652bb90c7f111f86b427f798a1c9"
7363,1,8,17.47,17.47,75.13,80.49,15.16,35.4,20.1,0.84,0.483,"wdbkwtdata.inc","FIADB REF_SPECIES to NBEL BM_REF_SPECIES to NVEL wdbkwtdata.inc","2023-10-16","38548071d5aa652bb90c7f111f86b427f798a1c9"
7364,1,8,17.47,17.47,75.13,80.49,15.16,35.4,20.1,0.84,0.483,"wdbkwtdata.inc","FIADB REF_SPECIES to NBEL BM_REF_SPECIES to NVEL wdbkwtdata.inc","2023-10-16","38548071d5aa652bb90c7f111f86b427f798a1c9"
7365,1,8,15.6,15.6,75.13,80.49,15.16,31.6,18,0.84,0.484,"wdbkwtdata.inc","FIADB REF_SPECIES to NBEL BM_REF_SPECIES to NVEL wdbkwtdata.inc","2023-10-16","38548071d5aa652bb90c7f111f86b427f798a1c9"
7366,1,8,32.45,33.07,75.13,80.49,15.16,65.9,37.5,0.84,0.475,"wdbkwtdata.inc","FIADB REF_SPECIES to NBEL BM_REF_SPECIES to NVEL wdbkwtdata.inc","2023-10-16","38548071d5aa652bb90c7f111f86b427f798a1c9"
7367,1,8,17.47,17.47,0,0,0,17.5,17.5,0,0.483,"wdbkwtdata.inc","FIADB REF_SPECIES to NBEL BM_REF_SPECIES to NVEL wdbkwtdata.inc","2023-10-16","38548071d5aa652bb90c7f111f86b427f798a1c9"
7368,1,8,17.47,17.47,75.13,80.49,15.16,35.4,20.1,0.84,0.483,"wdbkwtdata.inc","FIADB REF_SPECIES to NBEL BM_REF_SPECIES to NVEL wdbkwtdata.inc","2023-10-16","38548071d5aa652bb90c7f111f86b427f798a1c9"
7370,1,8,40.56,40.56,0,0,0,40.6,40.6,0,0.47,"wdbkwtdata.inc","FIADB REF_SPECIES to NBEL BM_REF_SPECIES to NVEL wdbkwtdata.inc","2023-10-16","38548071d5aa652bb90c7f111f86b427f798a1c9"
7371,1,8,40.56,40.56,0,0,0,40.6,40.6,0,0.47,"wdbkwtdata.inc","FIADB REF_SPECIES to NBEL BM_REF_SPECIES to NVEL wdbkwtdata.inc","2023-10-16","38548071d5aa652bb90c7f111f86b427f798a1c9"
7372,1,8,40.56,40.56,0,0,0,40.6,40.6,0,0.47,"wdbkwtdata.inc","FIADB REF_SPECIES to NBEL BM_REF_SPECIES to NVEL wdbkwtdata.inc","2023-10-16","38548071d5aa652bb90c7f111f86b427f798a1c9"
7373,1,8,40.56,40.56,0,0,0,40.6,40.6,0,0.47,"wdbkwtdata.inc","FIADB REF_SPECIES to NBEL BM_REF_SPECIES to NVEL wdbkwtdata.inc","2023-10-16","38548071d5aa652bb90c7f111f86b427f798a1c9"
7374,1,8,38.06,38.06,0,0,0,38.1,38.1,0,0.472,"wdbkwtdata.inc","FIADB REF_SPECIES to NBEL BM_REF_SPECIES to NVEL wdbkwtdata.inc","2023-10-16","38548071d5aa652bb90c7f111f86b427f798a1c9"
7376,1,8,38.06,38.06,0,0,0,38.1,38.1,0,0.472,"wdbkwtdata.inc","FIADB REF_SPECIES to NBEL BM_REF_SPECIES to NVEL wdbkwtdata.inc","2023-10-16","38548071d5aa652bb90c7f111f86b427f798a1c9"
7377,1,8,29.95,29.95,75.13,80.49,15.16,60.7,34.5,0.84,0.476,"wdbkwtdata.inc","FIADB REF_SPECIES to NBEL BM_REF_SPECIES to NVEL wdbkwtdata.inc","2023-10-16","38548071d5aa652bb90c7f111f86b427f798a1c9"
7381,1,8,30.58,30.58,0,0,0,30.6,30.6,0,0.483,"wdbkwtdata.inc","FIADB REF_SPECIES to NBEL BM_REF_SPECIES to NVEL wdbkwtdata.inc","2023-10-16","38548071d5aa652bb90c7f111f86b427f798a1c9"
7384,1,8,30.14,30.14,0,0,0,30.1,30.1,0,0.476,"wdbkwtdata.inc","FIADB REF_SPECIES to NBEL BM_REF_SPECIES to NVEL wdbkwtdata.inc","2023-10-16","38548071d5aa652bb90c7f111f86b427f798a1c9"
7385,1,8,30.14,30.14,0,0,0,30.1,30.1,0,0.476,"wdbkwtdata.inc","FIADB REF_SPECIES to NBEL BM_REF_SPECIES to NVEL wdbkwtdata.inc","2023-10-16","38548071d5aa652bb90c7f111f86b427f798a1c9"
7386,1,8,30.14,30.14,0,0,0,30.1,30.1,0,0.476,"wdbkwtdata.inc","FIADB REF_SPECIES to NBEL BM_REF_SPECIES to NVEL wdbkwtdata.inc","2023-10-16","38548071d5aa652bb90c7f111f86b427f798a1c9"
7387,1,8,30.14,30.14,0,0,0,30.1,30.1,0,0.476,"wdbkwtdata.inc","FIADB REF_SPECIES to NBEL BM_REF_SPECIES to NVEL wdbkwtdata.inc","2023-10-16","38548071d5aa652bb90c7f111f86b427f798a1c9"
7388,1,8,30.14,30.14,75.13,80.49,15.16,61,34.7,0.84,0.476,"wdbkwtdata.inc","FIADB REF_SPECIES to NBEL BM_REF_SPECIES to NVEL wdbkwtdata.inc","2023-10-16","38548071d5aa652bb90c7f111f86b427f798a1c9"
7389,1,8,30.14,30.14,0,0,0,30.1,30.1,0,0.476,"wdbkwtdata.inc","FIADB REF_SPECIES to NBEL BM_REF_SPECIES to NVEL wdbkwtdata.inc","2023-10-16","38548071d5aa652bb90c7f111f86b427f798a1c9"
7390,1,8,30.14,30.14,0,0,0,30.1,30.1,0,0.476,"wdbkwtdata.inc","FIADB REF_SPECIES to NBEL BM_REF_SPECIES to NVEL wdbkwtdata.inc","2023-10-16","38548071d5aa652bb90c7f111f86b427f798a1c9"
7391,1,8,30.14,30.14,0,0,0,30.1,30.1,0,0.476,"wdbkwtdata.inc","FIADB REF_SPECIES to NBEL BM_REF_SPECIES to NVEL wdbkwtdata.inc","2023-10-16","38548071d5aa652bb90c7f111f86b427f798a1c9"
7392,1,8,30.14,30.14,0,0,0,30.1,30.1,0,0.476,"wdbkwtdata.inc","FIADB REF_SPECIES to NBEL BM_REF_SPECIES to NVEL wdbkwtdata.inc","2023-10-16","38548071d5aa652bb90c7f111f86b427f798a1c9"
7393,1,8,26.59,26.59,0,0,0,26.6,26.6,0,0.478,"wdbkwtdata.inc","FIADB REF_SPECIES to NBEL BM_REF_SPECIES to NVEL wdbkwtdata.inc","2023-10-16","38548071d5aa652bb90c7f111f86b427f798a1c9"
7397,1,8,26.59,26.59,0,0,0,26.6,26.6,0,0.478,"wdbkwtdata.inc","FIADB REF_SPECIES to NBEL BM_REF_SPECIES to NVEL wdbkwtdata.inc","2023-10-16","38548071d5aa652bb90c7f111f86b427f798a1c9"
7401,1,8,26.59,26.59,0,0,0,26.6,26.6,0,0.478,"wdbkwtdata.inc","FIADB REF_SPECIES to NBEL BM_REF_SPECIES to NVEL wdbkwtdata.inc","2023-10-16","38548071d5aa652bb90c7f111f86b427f798a1c9"
7402,1,8,26.59,26.59,0,0,0,26.6,26.6,0,0.478,"wdbkwtdata.inc","FIADB REF_SPECIES to NBEL BM_REF_SPECIES to NVEL wdbkwtdata.inc","2023-10-16","38548071d5aa652bb90c7f111f86b427f798a1c9"
7403,1,8,32.45,33.07,75.13,80.49,15.16,65.9,37.5,0.84,0.475,"wdbkwtdata.inc","FIADB REF_SPECIES to NBEL BM_REF_SPECIES to NVEL wdbkwtdata.inc","2023-10-16","38548071d5aa652bb90c7f111f86b427f798a1c9"
7404,1,8,26.59,26.59,75.13,80.49,15.16,53.9,30.6,0.84,0.478,"wdbkwtdata.inc","FIADB REF_SPECIES to NBEL BM_REF_SPECIES to NVEL wdbkwtdata.inc","2023-10-16","38548071d5aa652bb90c7f111f86b427f798a1c9"
7407,1,8,19.97,19.97,75.13,80.49,15.16,40.4,23,0.84,0.482,"wdbkwtdata.inc","FIADB REF_SPECIES to NBEL BM_REF_SPECIES to NVEL wdbkwtdata.inc","2023-10-16","38548071d5aa652bb90c7f111f86b427f798a1c9"
7408,1,8,26.59,26.59,0,0,0,26.6,26.6,0,0.478,"wdbkwtdata.inc","FIADB REF_SPECIES to NBEL BM_REF_SPECIES to NVEL wdbkwtdata.inc","2023-10-16","38548071d5aa652bb90c7f111f86b427f798a1c9"
7409,1,8,32.45,33.07,75.13,80.49,15.16,65.9,37.5,0.84,0.475,"wdbkwtdata.inc","FIADB REF_SPECIES to NBEL BM_REF_SPECIES to NVEL wdbkwtdata.inc","2023-10-16","38548071d5aa652bb90c7f111f86b427f798a1c9"
7410,1,8,32.45,33.07,75.13,80.49,15.16,65.9,37.5,0.84,0.475,"wdbkwtdata.inc","FIADB REF_SPECIES to NBEL BM_REF_SPECIES to NVEL wdbkwtdata.inc","2023-10-16","38548071d5aa652bb90c7f111f86b427f798a1c9"
7411,1,8,26.59,26.59,75.13,80.49,15.16,53.9,30.6,0.84,0.478,"wdbkwtdata.inc","FIADB REF_SPECIES to NBEL BM_REF_SPECIES to NVEL wdbkwtdata.inc","2023-10-16","38548071d5aa652bb90c7f111f86b427f798a1c9"
7412,1,8,32.45,33.07,75.13,80.49,15.16,65.9,37.5,0.84,0.475,"wdbkwtdata.inc","FIADB REF_SPECIES to NBEL BM_REF_SPECIES to NVEL wdbkwtdata.inc","2023-10-16","38548071d5aa652bb90c7f111f86b427f798a1c9"
7413,1,8,26.59,26.59,0,0,0,26.6,26.6,0,0.478,"wdbkwtdata.inc","FIADB REF_SPECIES to NBEL BM_REF_SPECIES to NVEL wdbkwtdata.inc","2023-10-16","38548071d5aa652bb90c7f111f86b427f798a1c9"
7418,1,8,32.45,33.07,75.13,80.49,15.16,65.9,37.5,0.84,0.475,"wdbkwtdata.inc","FIADB REF_SPECIES to NBEL BM_REF_SPECIES to NVEL wdbkwtdata.inc","2023-10-16","38548071d5aa652bb90c7f111f86b427f798a1c9"
7420,1,8,32.45,33.07,75.13,80.49,15.16,65.9,37.5,0.84,0.475,"wdbkwtdata.inc","FIADB REF_SPECIES to NBEL BM_REF_SPECIES to NVEL wdbkwtdata.inc","2023-10-16","38548071d5aa652bb90c7f111f86b427f798a1c9"
7422,1,8,32.45,33.07,75.13,80.49,15.16,65.9,37.5,0.84,0.475,"wdbkwtdata.inc","FIADB REF_SPECIES to NBEL BM_REF_SPECIES to NVEL wdbkwtdata.inc","2023-10-16","38548071d5aa652bb90c7f111f86b427f798a1c9"
7424,1,8,45.4,45.4,0,0,0,45.4,45.4,0,0.468,"wdbkwtdata.inc","FIADB REF_SPECIES to NBEL BM_REF_SPECIES to NVEL wdbkwtdata.inc","2023-10-16","38548071d5aa652bb90c7f111f86b427f798a1c9"
7427,1,8,24.96,24.96,75.13,80.49,15.16,50.5,28.7,0.84,0.479,"wdbkwtdata.inc","FIADB REF_SPECIES to NBEL BM_REF_SPECIES to NVEL wdbkwtdata.inc","2023-10-16","38548071d5aa652bb90c7f111f86b427f798a1c9"
7428,1,8,24.96,24.96,0,0,0,25,25,0,0.479,"wdbkwtdata.inc","FIADB REF_SPECIES to NBEL BM_REF_SPECIES to NVEL wdbkwtdata.inc","2023-10-16","38548071d5aa652bb90c7f111f86b427f798a1c9"
7429,1,8,24.96,24.96,75.13,80.49,15.16,50.5,28.7,0.84,0.479,"wdbkwtdata.inc","FIADB REF_SPECIES to NBEL BM_REF_SPECIES to NVEL wdbkwtdata.inc","2023-10-16","38548071d5aa652bb90c7f111f86b427f798a1c9"
7430,1,8,24.96,24.96,75.13,80.49,15.16,50.5,28.7,0.84,0.479,"wdbkwtdata.inc","FIADB REF_SPECIES to NBEL BM_REF_SPECIES to NVEL wdbkwtdata.inc","2023-10-16","38548071d5aa652bb90c7f111f86b427f798a1c9"
7431,1,8,24.96,24.96,75.13,80.49,15.16,50.5,28.7,0.84,0.479,"wdbkwtdata.inc","FIADB REF_SPECIES to NBEL BM_REF_SPECIES to NVEL wdbkwtdata.inc","2023-10-16","38548071d5aa652bb90c7f111f86b427f798a1c9"
7432,1,8,0,0,0,0,0,0,0,0,0.465,"wdbkwtdata.inc","FIADB REF_SPECIES to NBEL BM_REF_SPECIES to NVEL wdbkwtdata.inc","2023-10-16","38548071d5aa652bb90c7f111f86b427f798a1c9"
7433,1,8,32.45,33.07,75.13,80.49,15.16,65.9,37.5,0.84,0.475,"wdbkwtdata.inc","FIADB REF_SPECIES to NBEL BM_REF_SPECIES to NVEL wdbkwtdata.inc","2023-10-16","38548071d5aa652bb90c7f111f86b427f798a1c9"
7434,1,8,32.45,33.07,75.13,80.49,15.16,65.9,37.5,0.84,0.46,"wdbkwtdata.inc","FIADB REF_SPECIES to NBEL BM_REF_SPECIES to NVEL wdbkwtdata.inc","2023-10-16","38548071d5aa652bb90c7f111f86b427f798a1c9"
7438,1,8,32.45,33.07,75.13,80.49,15.16,65.9,37.5,0.84,0.475,"wdbkwtdata.inc","FIADB REF_SPECIES to NBEL BM_REF_SPECIES to NVEL wdbkwtdata.inc","2023-10-16","38548071d5aa652bb90c7f111f86b427f798a1c9"
7440,1,8,33.7,33.7,0,0,0,33.7,33.7,0,0.474,"wdbkwtdata.inc","FIADB REF_SPECIES to NBEL BM_REF_SPECIES to NVEL wdbkwtdata.inc","2023-10-16","38548071d5aa652bb90c7f111f86b427f798a1c9"
7441,1,8,33.7,33.7,0,0,0,33.7,33.7,0,0.474,"wdbkwtdata.inc","FIADB REF_SPECIES to NBEL BM_REF_SPECIES to NVEL wdbkwtdata.inc","2023-10-16","38548071d5aa652bb90c7f111f86b427f798a1c9"
7442,1,8,32.45,33.07,75.13,80.49,15.16,65.9,37.5,0.84,0.475,"wdbkwtdata.inc","FIADB REF_SPECIES to NBEL BM_REF_SPECIES to NVEL wdbkwtdata.inc","2023-10-16","38548071d5aa652bb90c7f111f86b427f798a1c9"
7445,1,8,32.45,33.07,75.13,80.49,15.16,65.9,37.5,0.84,0.475,"wdbkwtdata.inc","FIADB REF_SPECIES to NBEL BM_REF_SPECIES to NVEL wdbkwtdata.inc","2023-10-16","38548071d5aa652bb90c7f111f86b427f798a1c9"
7446,1,8,32.45,33.07,75.13,80.49,15.16,65.9,37.5,0.84,0.475,"wdbkwtdata.inc","FIADB REF_SPECIES to NBEL BM_REF_SPECIES to NVEL wdbkwtdata.inc","2023-10-16","38548071d5aa652bb90c7f111f86b427f798a1c9"
7448,1,8,61.46,61.46,0,0,0,61.5,61.5,0,0.459,"wdbkwtdata.inc","FIADB REF_SPECIES to NBEL BM_REF_SPECIES to NVEL wdbkwtdata.inc","2023-10-16","38548071d5aa652bb90c7f111f86b427f798a1c9"
7453,1,8,29.95,29.95,75.13,80.49,15.16,60.7,34.5,0.84,0.476,"wdbkwtdata.inc","FIADB REF_SPECIES to NBEL BM_REF_SPECIES to NVEL wdbkwtdata.inc","2023-10-16","38548071d5aa652bb90c7f111f86b427f798a1c9"
7454,1,8,32.45,33.07,75.12,80.64,15.32,66,37.5,0.84,0.475,"wdbkwtdata.inc","FIADB REF_SPECIES to NBEL BM_REF_SPECIES to NVEL wdbkwtdata.inc","2023-10-16","38548071d5aa652bb90c7f111f86b427f798a1c9"
7455,1,8,32.45,33.07,75.13,80.49,15.16,65.9,37.5,0.84,0.475,"wdbkwtdata.inc","FIADB REF_SPECIES to NBEL BM_REF_SPECIES to NVEL wdbkwtdata.inc","2023-10-16","38548071d5aa652bb90c7f111f86b427f798a1c9"
7456,1,8,32.45,33.07,75.13,80.49,15.16,65.9,37.5,0.84,0.475,"wdbkwtdata.inc","FIADB REF_SPECIES to NBEL BM_REF_SPECIES to NVEL wdbkwtdata.inc","2023-10-16","38548071d5aa652bb90c7f111f86b427f798a1c9"
7457,1,8,32.45,33.07,75.13,80.49,15.16,65.9,37.5,0.84,0.475,"wdbkwtdata.inc","FIADB REF_SPECIES to NBEL BM_REF_SPECIES to NVEL wdbkwtdata.inc","2023-10-16","38548071d5aa652bb90c7f111f86b427f798a1c9"
7458,1,8,32.45,33.07,75.13,80.49,15.16,65.9,37.5,0.84,0.475,"wdbkwtdata.inc","FIADB REF_SPECIES to NBEL BM_REF_SPECIES to NVEL wdbkwtdata.inc","2023-10-16","38548071d5aa652bb90c7f111f86b427f798a1c9"
7459,1,8,32.45,33.07,75.13,80.49,15.16,65.9,37.5,0.84,0.475,"wdbkwtdata.inc","FIADB REF_SPECIES to NBEL BM_REF_SPECIES to NVEL wdbkwtdata.inc","2023-10-16","38548071d5aa652bb90c7f111f86b427f798a1c9"
7460,1,8,29.95,29.95,75.13,80.49,15.16,60.7,34.5,0.84,0.476,"wdbkwtdata.inc","FIADB REF_SPECIES to NBEL BM_REF_SPECIES to NVEL wdbkwtdata.inc","2023-10-16","38548071d5aa652bb90c7f111f86b427f798a1c9"
7462,1,8,32.45,33.07,75.13,80.49,15.16,65.9,37.5,0.84,0.475,"wdbkwtdata.inc","FIADB REF_SPECIES to NBEL BM_REF_SPECIES to NVEL wdbkwtdata.inc","2023-10-16","38548071d5aa652bb90c7f111f86b427f798a1c9"
7463,1,8,32.45,33.07,75.13,80.49,15.16,65.9,37.5,0.84,0.475,"wdbkwtdata.inc","FIADB REF_SPECIES to NBEL BM_REF_SPECIES to NVEL wdbkwtdata.inc","2023-10-16","38548071d5aa652bb90c7f111f86b427f798a1c9"
7464,1,8,32.45,32.45,0,0,15.14,37.4,37.4,0.85,0.475,"wdbkwtdata.inc","FIADB REF_SPECIES to NBEL BM_REF_SPECIES to NVEL wdbkwtdata.inc","2023-10-16","38548071d5aa652bb90c7f111f86b427f798a1c9"
7465,1,8,32.45,33.07,75.13,80.49,15.16,65.9,37.5,0.84,0.475,"wdbkwtdata.inc","FIADB REF_SPECIES to NBEL BM_REF_SPECIES to NVEL wdbkwtdata.inc","2023-10-16","38548071d5aa652bb90c7f111f86b427f798a1c9"
7466,1,8,32.45,33.07,75.13,80.49,15.16,65.9,37.5,0.84,0.475,"wdbkwtdata.inc","FIADB REF_SPECIES to NBEL BM_REF_SPECIES to NVEL wdbkwtdata.inc","2023-10-16","38548071d5aa652bb90c7f111f86b427f798a1c9"
7467,1,8,32.45,33.07,75.13,80.49,15.16,65.9,37.5,0.84,0.475,"wdbkwtdata.inc","FIADB REF_SPECIES to NBEL BM_REF_SPECIES to NVEL wdbkwtdata.inc","2023-10-16","38548071d5aa652bb90c7f111f86b427f798a1c9"
7469,1,8,32.45,33.07,0,0,15.19,37.5,37.5,0.85,0.475,"wdbkwtdata.inc","FIADB REF_SPECIES to NBEL BM_REF_SPECIES to NVEL wdbkwtdata.inc","2023-10-16","38548071d5aa652bb90c7f111f86b427f798a1c9"
7470,1,8,32.45,33.07,75.13,80.49,15.16,65.9,37.5,0.84,0.475,"wdbkwtdata.inc","FIADB REF_SPECIES to NBEL BM_REF_SPECIES to NVEL wdbkwtdata.inc","2023-10-16","38548071d5aa652bb90c7f111f86b427f798a1c9"
7471,1,8,32.45,33.07,75.13,80.49,15.16,65.9,37.5,0.84,0.475,"wdbkwtdata.inc","FIADB REF_SPECIES to NBEL BM_REF_SPECIES to NVEL wdbkwtdata.inc","2023-10-16","38548071d5aa652bb90c7f111f86b427f798a1c9"
7472,1,8,32.45,33.07,75.13,80.49,15.16,65.9,37.5,0.84,0.475,"wdbkwtdata.inc","FIADB REF_SPECIES to NBEL BM_REF_SPECIES to NVEL wdbkwtdata.inc","2023-10-16","38548071d5aa652bb90c7f111f86b427f798a1c9"
7474,1,8,32.45,33.07,75.13,80.49,15.16,65.9,37.5,0.84,0.45,"wdbkwtdata.inc","FIADB REF_SPECIES to NBEL BM_REF_SPECIES to NVEL wdbkwtdata.inc","2023-10-16","38548071d5aa652bb90c7f111f86b427f798a1c9"
7475,1,8,27.46,27.46,75.13,80.49,15.16,55.6,31.6,0.84,0.478,"wdbkwtdata.inc","FIADB REF_SPECIES to NBEL BM_REF_SPECIES to NVEL wdbkwtdata.inc","2023-10-16","38548071d5aa652bb90c7f111f86b427f798a1c9"
7477,1,8,44.55,44.55,75.13,80.49,15.16,90.2,51.3,0.84,0.468,"wdbkwtdata.inc","FIADB REF_SPECIES to NBEL BM_REF_SPECIES to NVEL wdbkwtdata.inc","2023-10-16","38548071d5aa652bb90c7f111f86b427f798a1c9"
7479,1,8,32.45,33.07,75.13,80.49,15.16,65.9,37.5,0.84,0.475,"wdbkwtdata.inc","FIADB REF_SPECIES to NBEL BM_REF_SPECIES to NVEL wdbkwtdata.inc","2023-10-16","38548071d5aa652bb90c7f111f86b427f798a1c9"
7481,1,8,32.45,33.07,75.13,80.49,15.16,65.9,37.5,0.84,0.475,"wdbkwtdata.inc","FIADB REF_SPECIES to NBEL BM_REF_SPECIES to NVEL wdbkwtdata.inc","2023-10-16","38548071d5aa652bb90c7f111f86b427f798a1c9"
7482,1,8,32.45,33.07,75.13,80.49,15.16,65.9,37.5,0.84,0.456,"wdbkwtdata.inc","FIADB REF_SPECIES to NBEL BM_REF_SPECIES to NVEL wdbkwtdata.inc","2023-10-16","38548071d5aa652bb90c7f111f86b427f798a1c9"
7483,1,8,24.34,24.34,75.13,80.49,15.16,49.3,28,0.84,0.479,"wdbkwtdata.inc","FIADB REF_SPECIES to NBEL BM_REF_SPECIES to NVEL wdbkwtdata.inc","2023-10-16","38548071d5aa652bb90c7f111f86b427f798a1c9"
7485,1,8,32.45,33.07,75.13,80.49,15.16,65.9,37.5,0.84,0.475,"wdbkwtdata.inc","FIADB REF_SPECIES to NBEL BM_REF_SPECIES to NVEL wdbkwtdata.inc","2023-10-16","38548071d5aa652bb90c7f111f86b427f798a1c9"
7487,1,8,32.45,33.07,75.13,80.49,15.16,65.9,37.5,0.84,0.475,"wdbkwtdata.inc","FIADB REF_SPECIES to NBEL BM_REF_SPECIES to NVEL wdbkwtdata.inc","2023-10-16","38548071d5aa652bb90c7f111f86b427f798a1c9"
7489,0,1,28.08,24.96,36.25,60,12,43.1,31.1,0.631,0.477,"wdbkwtdata.inc","FIADB REF_SPECIES to NBEL BM_REF_SPECIES to NVEL wdbkwtdata.inc","2023-10-16","38548071d5aa652bb90c7f111f86b427f798a1c9"
7490,1,8,32.45,33.07,75.13,80.49,15.16,65.9,37.5,0.84,0.475,"wdbkwtdata.inc","FIADB REF_SPECIES to NBEL BM_REF_SPECIES to NVEL wdbkwtdata.inc","2023-10-16","38548071d5aa652bb90c7f111f86b427f798a1c9"
7491,1,8,32.45,33.07,75.13,80.49,15.16,65.9,37.5,0.84,0.475,"wdbkwtdata.inc","FIADB REF_SPECIES to NBEL BM_REF_SPECIES to NVEL wdbkwtdata.inc","2023-10-16","38548071d5aa652bb90c7f111f86b427f798a1c9"
7492,1,8,32.45,33.07,75.13,80.49,15.16,65.9,37.5,0.84,0.475,"wdbkwtdata.inc","FIADB REF_SPECIES to NBEL BM_REF_SPECIES to NVEL wdbkwtdata.inc","2023-10-16","38548071d5aa652bb90c7f111f86b427f798a1c9"
7493,1,8,32.45,33.07,75.13,80.49,15.16,65.9,37.5,0.84,0.475,"wdbkwtdata.inc","FIADB REF_SPECIES to NBEL BM_REF_SPECIES to NVEL wdbkwtdata.inc","2023-10-16","38548071d5aa652bb90c7f111f86b427f798a1c9"
7494,1,8,16.22,16.22,0,0,0,16.2,16.2,0,0.484,"wdbkwtdata.inc","FIADB REF_SPECIES to NBEL BM_REF_SPECIES to NVEL wdbkwtdata.inc","2023-10-16","38548071d5aa652bb90c7f111f86b427f798a1c9"
7495,1,8,32.45,33.07,75.13,80.49,15.16,65.9,37.5,0.84,0.475,"wdbkwtdata.inc","FIADB REF_SPECIES to NBEL BM_REF_SPECIES to NVEL wdbkwtdata.inc","2023-10-16","38548071d5aa652bb90c7f111f86b427f798a1c9"
7496,1,8,27.46,23.09,92,89,15,59.3,30.9,0.792,0.477,"wdbkwtdata.inc","FIADB REF_SPECIES to NBEL BM_REF_SPECIES to NVEL wdbkwtdata.inc","2023-10-16","38548071d5aa652bb90c7f111f86b427f798a1c9"
7497,1,8,40.56,40.56,75.13,80.49,15.16,82.1,46.7,0.84,0.47,"wdbkwtdata.inc","FIADB REF_SPECIES to NBEL BM_REF_SPECIES to NVEL wdbkwtdata.inc","2023-10-16","38548071d5aa652bb90c7f111f86b427f798a1c9"
7499,1,8,32.45,33.07,75.13,80.49,15.16,65.9,37.5,0.84,0.486,"wdbkwtdata.inc","FIADB REF_SPECIES to NBEL BM_REF_SPECIES to NVEL wdbkwtdata.inc","2023-10-16","38548071d5aa652bb90c7f111f86b427f798a1c9"
7501,1,8,32.45,33.07,75.13,80.49,15.16,65.9,37.5,0.84,0.475,"wdbkwtdata.inc","FIADB REF_SPECIES to NBEL BM_REF_SPECIES to NVEL wdbkwtdata.inc","2023-10-16","38548071d5aa652bb90c7f111f86b427f798a1c9"
7503,1,8,32.45,33.07,75.13,80.49,15.16,65.9,37.5,0.84,0.475,"wdbkwtdata.inc","FIADB REF_SPECIES to NBEL BM_REF_SPECIES to NVEL wdbkwtdata.inc","2023-10-16","38548071d5aa652bb90c7f111f86b427f798a1c9"
7506,1,8,32.45,33.07,75.13,80.49,15.16,65.9,37.5,0.84,0.461,"wdbkwtdata.inc","FIADB REF_SPECIES to NBEL BM_REF_SPECIES to NVEL wdbkwtdata.inc","2023-10-16","38548071d5aa652bb90c7f111f86b427f798a1c9"
7507,1,8,32.45,33.07,75.12,80.64,15.32,66,37.5,0.84,0.474,"wdbkwtdata.inc","FIADB REF_SPECIES to NBEL BM_REF_SPECIES to NVEL wdbkwtdata.inc","2023-10-16","38548071d5aa652bb90c7f111f86b427f798a1c9"
7508,1,8,32.45,33.07,75.13,80.49,15.16,65.9,37.5,0.84,0.475,"wdbkwtdata.inc","FIADB REF_SPECIES to NBEL BM_REF_SPECIES to NVEL wdbkwtdata.inc","2023-10-16","38548071d5aa652bb90c7f111f86b427f798a1c9"
7509,1,8,30.14,30.14,0,0,0,30.1,30.1,0,0.476,"wdbkwtdata.inc","FIADB REF_SPECIES to NBEL BM_REF_SPECIES to NVEL wdbkwtdata.inc","2023-10-16","38548071d5aa652bb90c7f111f86b427f798a1c9"
7510,1,8,30.14,30.14,0,0,0,30.1,30.1,0,0.476,"wdbkwtdata.inc","FIADB REF_SPECIES to NBEL BM_REF_SPECIES to NVEL wdbkwtdata.inc","2023-10-16","38548071d5aa652bb90c7f111f86b427f798a1c9"
7511,1,8,30.14,30.14,0,0,0,30.1,30.1,0,0.476,"wdbkwtdata.inc","FIADB REF_SPECIES to NBEL BM_REF_SPECIES to NVEL wdbkwtdata.inc","2023-10-16","38548071d5aa652bb90c7f111f86b427f798a1c9"
7512,1,8,30.14,30.14,0,0,0,30.1,30.1,0,0.476,"wdbkwtdata.inc","FIADB REF_SPECIES to NBEL BM_REF_SPECIES to NVEL wdbkwtdata.inc","2023-10-16","38548071d5aa652bb90c7f111f86b427f798a1c9"
7513,1,8,30.14,30.14,0,0,0,30.1,30.1,0,0.476,"wdbkwtdata.inc","FIADB REF_SPECIES to NBEL BM_REF_SPECIES to NVEL wdbkwtdata.inc","2023-10-16","38548071d5aa652bb90c7f111f86b427f798a1c9"
7514,1,8,32.45,33.07,75.13,80.49,15.16,65.9,37.5,0.84,0.475,"wdbkwtdata.inc","FIADB REF_SPECIES to NBEL BM_REF_SPECIES to NVEL wdbkwtdata.inc","2023-10-16","38548071d5aa652bb90c7f111f86b427f798a1c9"
7515,1,8,32.45,33.07,75.12,80.64,15.32,66,37.5,0.84,0.459,"wdbkwtdata.inc","FIADB REF_SPECIES to NBEL BM_REF_SPECIES to NVEL wdbkwtdata.inc","2023-10-16","38548071d5aa652bb90c7f111f86b427f798a1c9"
7516,1,8,48.17,48.17,0,0,0,48.2,48.2,0,0.476,"wdbkwtdata.inc","FIADB REF_SPECIES to NBEL BM_REF_SPECIES to NVEL wdbkwtdata.inc","2023-10-16","38548071d5aa652bb90c7f111f86b427f798a1c9"
7517,1,8,48.17,48.17,0,0,0,48.2,48.2,0,0.466,"wdbkwtdata.inc","FIADB REF_SPECIES to NBEL BM_REF_SPECIES to NVEL wdbkwtdata.inc","2023-10-16","38548071d5aa652bb90c7f111f86b427f798a1c9"
7518,1,8,40.29,40.29,0,0,0,40.3,40.3,0,0.47,"wdbkwtdata.inc","FIADB REF_SPECIES to NBEL BM_REF_SPECIES to NVEL wdbkwtdata.inc","2023-10-16","38548071d5aa652bb90c7f111f86b427f798a1c9"
7519,1,8,40.29,40.29,0,0,0,40.3,40.3,0,0.47,"wdbkwtdata.inc","FIADB REF_SPECIES to NBEL BM_REF_SPECIES to NVEL wdbkwtdata.inc","2023-10-16","38548071d5aa652bb90c7f111f86b427f798a1c9"
7520,1,8,40.29,40.29,0,0,0,40.3,40.3,0,0.47,"wdbkwtdata.inc","FIADB REF_SPECIES to NBEL BM_REF_SPECIES to NVEL wdbkwtdata.inc","2023-10-16","38548071d5aa652bb90c7f111f86b427f798a1c9"
7521,1,8,40.29,40.29,0,0,0,40.3,40.3,0,0.47,"wdbkwtdata.inc","FIADB REF_SPECIES to NBEL BM_REF_SPECIES to NVEL wdbkwtdata.inc","2023-10-16","38548071d5aa652bb90c7f111f86b427f798a1c9"
7522,1,8,40.29,40.29,0,0,0,40.3,40.3,0,0.47,"wdbkwtdata.inc","FIADB REF_SPECIES to NBEL BM_REF_SPECIES to NVEL wdbkwtdata.inc","2023-10-16","38548071d5aa652bb90c7f111f86b427f798a1c9"
7523,1,8,40.29,40.29,0,0,0,40.3,40.3,0,0.47,"wdbkwtdata.inc","FIADB REF_SPECIES to NBEL BM_REF_SPECIES to NVEL wdbkwtdata.inc","2023-10-16","38548071d5aa652bb90c7f111f86b427f798a1c9"
7524,1,8,40.29,40.29,0,0,0,40.3,40.3,0,0.47,"wdbkwtdata.inc","FIADB REF_SPECIES to NBEL BM_REF_SPECIES to NVEL wdbkwtdata.inc","2023-10-16","38548071d5aa652bb90c7f111f86b427f798a1c9"
7528,1,8,40.29,40.29,0,0,0,40.3,40.3,0,0.47,"wdbkwtdata.inc","FIADB REF_SPECIES to NBEL BM_REF_SPECIES to NVEL wdbkwtdata.inc","2023-10-16","38548071d5aa652bb90c7f111f86b427f798a1c9"
7529,1,8,40.29,40.29,0,0,0,40.3,40.3,0,0.47,"wdbkwtdata.inc","FIADB REF_SPECIES to NBEL BM_REF_SPECIES to NVEL wdbkwtdata.inc","2023-10-16","38548071d5aa652bb90c7f111f86b427f798a1c9"
7530,1,8,32.45,33.07,75.13,80.49,15.16,65.9,37.5,0.84,0.475,"wdbkwtdata.inc","FIADB REF_SPECIES to NBEL BM_REF_SPECIES to NVEL wdbkwtdata.inc","2023-10-16","38548071d5aa652bb90c7f111f86b427f798a1c9"
7531,1,8,32.45,33.07,75.12,80.64,15.32,66,37.5,0.84,0.475,"wdbkwtdata.inc","FIADB REF_SPECIES to NBEL BM_REF_SPECIES to NVEL wdbkwtdata.inc","2023-10-16","38548071d5aa652bb90c7f111f86b427f798a1c9"
7532,1,8,32.45,33.07,75.13,80.49,15.16,65.9,37.5,0.84,0.475,"wdbkwtdata.inc","FIADB REF_SPECIES to NBEL BM_REF_SPECIES to NVEL wdbkwtdata.inc","2023-10-16","38548071d5aa652bb90c7f111f86b427f798a1c9"
7533,1,8,32.45,33.07,75.13,80.49,15.16,65.9,37.5,0.84,0.476,"wdbkwtdata.inc","FIADB REF_SPECIES to NBEL BM_REF_SPECIES to NVEL wdbkwtdata.inc","2023-10-16","38548071d5aa652bb90c7f111f86b427f798a1c9"
7539,1,8,42.43,42.43,0,0,0,42.4,42.4,0,0.469,"wdbkwtdata.inc","FIADB REF_SPECIES to NBEL BM_REF_SPECIES to NVEL wdbkwtdata.inc","2023-10-16","38548071d5aa652bb90c7f111f86b427f798a1c9"
7541,1,8,32.45,33.07,75.13,80.49,15.16,65.9,37.5,0.84,0.475,"wdbkwtdata.inc","FIADB REF_SPECIES to NBEL BM_REF_SPECIES to NVEL wdbkwtdata.inc","2023-10-16","38548071d5aa652bb90c7f111f86b427f798a1c9"
7543,1,8,29.95,29.95,0,0,0,30,30,0,0.476,"wdbkwtdata.inc","FIADB REF_SPECIES to NBEL BM_REF_SPECIES to NVEL wdbkwtdata.inc","2023-10-16","38548071d5aa652bb90c7f111f86b427f798a1c9"
7550,1,8,32.45,33.07,75.13,80.49,15.16,65.9,37.5,0.84,0.422,"wdbkwtdata.inc","FIADB REF_SPECIES to NBEL BM_REF_SPECIES to NVEL wdbkwtdata.inc","2023-10-16","38548071d5aa652bb90c7f111f86b427f798a1c9"
7552,1,8,32.45,33.07,75.13,80.49,15.16,65.9,37.5,0.84,0.475,"wdbkwtdata.inc","FIADB REF_SPECIES to NBEL BM_REF_SPECIES to NVEL wdbkwtdata.inc","2023-10-16","38548071d5aa652bb90c7f111f86b427f798a1c9"
7556,1,8,32.45,33.07,75.13,80.49,15.16,65.9,37.5,0.84,0.475,"wdbkwtdata.inc","FIADB REF_SPECIES to NBEL BM_REF_SPECIES to NVEL wdbkwtdata.inc","2023-10-16","38548071d5aa652bb90c7f111f86b427f798a1c9"
7558,1,8,51.17,51.17,0,0,0,51.2,51.2,0,0.464,"wdbkwtdata.inc","FIADB REF_SPECIES to NBEL BM_REF_SPECIES to NVEL wdbkwtdata.inc","2023-10-16","38548071d5aa652bb90c7f111f86b427f798a1c9"
7559,1,8,51.17,51.17,0,0,0,51.2,51.2,0,0.464,"wdbkwtdata.inc","FIADB REF_SPECIES to NBEL BM_REF_SPECIES to NVEL wdbkwtdata.inc","2023-10-16","38548071d5aa652bb90c7f111f86b427f798a1c9"
7560,1,8,51.17,51.17,0,0,0,51.2,51.2,0,0.464,"wdbkwtdata.inc","FIADB REF_SPECIES to NBEL BM_REF_SPECIES to NVEL wdbkwtdata.inc","2023-10-16","38548071d5aa652bb90c7f111f86b427f798a1c9"
7561,1,8,64.02,64.02,75.13,80.49,15.16,129.6,73.7,0.84,0.457,"wdbkwtdata.inc","FIADB REF_SPECIES to NBEL BM_REF_SPECIES to NVEL wdbkwtdata.inc","2023-10-16","38548071d5aa652bb90c7f111f86b427f798a1c9"
7562,1,8,51.17,51.17,0,0,0,51.2,51.2,0,0.464,"wdbkwtdata.inc","FIADB REF_SPECIES to NBEL BM_REF_SPECIES to NVEL wdbkwtdata.inc","2023-10-16","38548071d5aa652bb90c7f111f86b427f798a1c9"
7564,1,8,37.44,37.44,75.13,80.49,15.16,75.8,43.1,0.84,0.472,"wdbkwtdata.inc","FIADB REF_SPECIES to NBEL BM_REF_SPECIES to NVEL wdbkwtdata.inc","2023-10-16","38548071d5aa652bb90c7f111f86b427f798a1c9"
7565,1,8,32.45,33.07,75.13,80.49,15.16,65.9,37.5,0.84,0.475,"wdbkwtdata.inc","FIADB REF_SPECIES to NBEL BM_REF_SPECIES to NVEL wdbkwtdata.inc","2023-10-16","38548071d5aa652bb90c7f111f86b427f798a1c9"
7566,1,8,37.44,37.44,0,0,0,37.4,37.4,0,0.472,"wdbkwtdata.inc","FIADB REF_SPECIES to NBEL BM_REF_SPECIES to NVEL wdbkwtdata.inc","2023-10-16","38548071d5aa652bb90c7f111f86b427f798a1c9"
7567,1,8,0,0,0,0,0,0,0,0,0.474,"wdbkwtdata.inc","FIADB REF_SPECIES to NBEL BM_REF_SPECIES to NVEL wdbkwtdata.inc","2023-10-16","38548071d5aa652bb90c7f111f86b427f798a1c9"
7569,1,8,32.45,33.07,75.13,80.49,15.16,65.9,37.5,0.84,0.475,"wdbkwtdata.inc","FIADB REF_SPECIES to NBEL BM_REF_SPECIES to NVEL wdbkwtdata.inc","2023-10-16","38548071d5aa652bb90c7f111f86b427f798a1c9"
7570,1,8,32.45,33.07,75.13,80.49,15.16,65.9,37.5,0.84,0.475,"wdbkwtdata.inc","FIADB REF_SPECIES to NBEL BM_REF_SPECIES to NVEL wdbkwtdata.inc","2023-10-16","38548071d5aa652bb90c7f111f86b427f798a1c9"
7571,1,8,0,0,0,0,0,0,0,0,0.477,"wdbkwtdata.inc","FIADB REF_SPECIES to NBEL BM_REF_SPECIES to NVEL wdbkwtdata.inc","2023-10-16","38548071d5aa652bb90c7f111f86b427f798a1c9"
7573,1,8,32.45,33.07,75.13,80.49,15.16,65.9,37.5,0.84,0.475,"wdbkwtdata.inc","FIADB REF_SPECIES to NBEL BM_REF_SPECIES to NVEL wdbkwtdata.inc","2023-10-16","38548071d5aa652bb90c7f111f86b427f798a1c9"
7574,1,8,32.45,33.07,75.13,80.49,15.16,65.9,37.5,0.84,0.475,"wdbkwtdata.inc","FIADB REF_SPECIES to NBEL BM_REF_SPECIES to NVEL wdbkwtdata.inc","2023-10-16","38548071d5aa652bb90c7f111f86b427f798a1c9"
7575,1,8,35.46,35.46,0,0,15.16,40.8,40.8,0.84,0.473,"wdbkwtdata.inc","FIADB REF_SPECIES to NBEL BM_REF_SPECIES to NVEL wdbkwtdata.inc","2023-10-16","38548071d5aa652bb90c7f111f86b427f798a1c9"
7576,1,8,35.46,35.46,0,0,0,35.5,35.5,0,0.473,"wdbkwtdata.inc","FIADB REF_SPECIES to NBEL BM_REF_SPECIES to NVEL wdbkwtdata.inc","2023-10-16","38548071d5aa652bb90c7f111f86b427f798a1c9"
7577,1,10,34.32,34.94,0,0,15.16,39.6,39.6,0.84,0.474,"wdbkwtdata.inc","FIADB REF_SPECIES to NBEL BM_REF_SPECIES to NVEL wdbkwtdata.inc","2023-10-16","38548071d5aa652bb90c7f111f86b427f798a1c9"
7578,1,10,34.32,34.94,0,0,15.16,39.6,39.6,0.84,0.474,"wdbkwtdata.inc","FIADB REF_SPECIES to NBEL BM_REF_SPECIES to NVEL wdbkwtdata.inc","2023-10-16","38548071d5aa652bb90c7f111f86b427f798a1c9"
7579,1,10,0,0,0,0,0,0,0,0,0.474,"wdbkwtdata.inc","FIADB REF_SPECIES to NBEL BM_REF_SPECIES to NVEL wdbkwtdata.inc","2023-10-16","38548071d5aa652bb90c7f111f86b427f798a1c9"
7580,1,8,0,0,0,0,0,0,0,0,0.465,"wdbkwtdata.inc","FIADB REF_SPECIES to NBEL BM_REF_SPECIES to NVEL wdbkwtdata.inc","2023-10-16","38548071d5aa652bb90c7f111f86b427f798a1c9"
7583,1,8,51.04,51.04,75.13,80.49,15.16,103.4,58.8,0.84,0.464,"wdbkwtdata.inc","FIADB REF_SPECIES to NBEL BM_REF_SPECIES to NVEL wdbkwtdata.inc","2023-10-16","38548071d5aa652bb90c7f111f86b427f798a1c9"
7586,1,8,26.21,26.21,0,0,0,26.2,26.2,0,0.478,"wdbkwtdata.inc","FIADB REF_SPECIES to NBEL BM_REF_SPECIES to NVEL wdbkwtdata.inc","2023-10-16","38548071d5aa652bb90c7f111f86b427f798a1c9"
7587,1,8,26.21,26.21,0,0,0,26.2,26.2,0,0.478,"wdbkwtdata.inc","FIADB REF_SPECIES to NBEL BM_REF_SPECIES to NVEL wdbkwtdata.inc","2023-10-16","38548071d5aa652bb90c7f111f86b427f798a1c9"
7588,1,8,44.3,44.3,0,0,0,44.3,44.3,0,0.468,"wdbkwtdata.inc","FIADB REF_SPECIES to NBEL BM_REF_SPECIES to NVEL wdbkwtdata.inc","2023-10-16","38548071d5aa652bb90c7f111f86b427f798a1c9"
7590,1,8,32.45,33.07,75.13,80.49,15.16,65.9,37.5,0.84,0.475,"wdbkwtdata.inc","FIADB REF_SPECIES to NBEL BM_REF_SPECIES to NVEL wdbkwtdata.inc","2023-10-16","38548071d5aa652bb90c7f111f86b427f798a1c9"
7591,1,8,32.45,33.07,75.13,80.49,15.16,65.9,37.5,0.84,0.475,"wdbkwtdata.inc","FIADB REF_SPECIES to NBEL BM_REF_SPECIES to NVEL wdbkwtdata.inc","2023-10-16","38548071d5aa652bb90c7f111f86b427f798a1c9"
7592,1,8,32.45,33.07,75.13,80.49,15.16,65.9,37.5,0.84,0.475,"wdbkwtdata.inc","FIADB REF_SPECIES to NBEL BM_REF_SPECIES to NVEL wdbkwtdata.inc","2023-10-16","38548071d5aa652bb90c7f111f86b427f798a1c9"
7593,1,10,0,0,0,0,0,0,0,0,0.465,"wdbkwtdata.inc","FIADB REF_SPECIES to NBEL BM_REF_SPECIES to NVEL wdbkwtdata.inc","2023-10-16","38548071d5aa652bb90c7f111f86b427f798a1c9"
7595,1,8,32.45,33.07,75.13,80.49,15.16,65.9,37.5,0.84,0.475,"wdbkwtdata.inc","FIADB REF_SPECIES to NBEL BM_REF_SPECIES to NVEL wdbkwtdata.inc","2023-10-16","38548071d5aa652bb90c7f111f86b427f798a1c9"
7598,1,8,42.87,42.87,0,0,0,42.9,42.9,0,0.466,"wdbkwtdata.inc","FIADB REF_SPECIES to NBEL BM_REF_SPECIES to NVEL wdbkwtdata.inc","2023-10-16","38548071d5aa652bb90c7f111f86b427f798a1c9"
7600,1,8,32.45,33.07,75.13,80.49,15.16,65.9,37.5,0.84,0.516,"wdbkwtdata.inc","FIADB REF_SPECIES to NBEL BM_REF_SPECIES to NVEL wdbkwtdata.inc","2023-10-16","38548071d5aa652bb90c7f111f86b427f798a1c9"
7602,1,8,41.81,41.81,75.13,80.49,15.16,84.7,48.1,0.84,0.47,"wdbkwtdata.inc","FIADB REF_SPECIES to NBEL BM_REF_SPECIES to NVEL wdbkwtdata.inc","2023-10-16","38548071d5aa652bb90c7f111f86b427f798a1c9"
7604,1,8,32.45,33.07,75.13,80.49,15.16,65.9,37.5,0.84,0.475,"wdbkwtdata.inc","FIADB REF_SPECIES to NBEL BM_REF_SPECIES to NVEL wdbkwtdata.inc","2023-10-16","38548071d5aa652bb90c7f111f86b427f798a1c9"
7606,1,8,32.45,33.07,75.13,80.49,15.16,65.9,37.5,0.84,0.475,"wdbkwtdata.inc","FIADB REF_SPECIES to NBEL BM_REF_SPECIES to NVEL wdbkwtdata.inc","2023-10-16","38548071d5aa652bb90c7f111f86b427f798a1c9"
7608,1,8,32.45,33.07,75.13,80.49,15.16,65.9,37.5,0.84,0.475,"wdbkwtdata.inc","FIADB REF_SPECIES to NBEL BM_REF_SPECIES to NVEL wdbkwtdata.inc","2023-10-16","38548071d5aa652bb90c7f111f86b427f798a1c9"
7614,1,8,36.19,36.19,75.13,80.49,15.16,73.3,41.7,0.84,0.473,"wdbkwtdata.inc","FIADB REF_SPECIES to NBEL BM_REF_SPECIES to NVEL wdbkwtdata.inc","2023-10-16","38548071d5aa652bb90c7f111f86b427f798a1c9"
7616,1,8,36.19,36.19,0,0,0,36.2,36.2,0,0.473,"wdbkwtdata.inc","FIADB REF_SPECIES to NBEL BM_REF_SPECIES to NVEL wdbkwtdata.inc","2023-10-16","38548071d5aa652bb90c7f111f86b427f798a1c9"
7617,1,8,36.19,36.19,0,0,0,36.2,36.2,0,0.473,"wdbkwtdata.inc","FIADB REF_SPECIES to NBEL BM_REF_SPECIES to NVEL wdbkwtdata.inc","2023-10-16","38548071d5aa652bb90c7f111f86b427f798a1c9"
7618,1,8,20.59,20.59,75.13,80.49,15.16,41.7,23.7,0.84,0.481,"wdbkwtdata.inc","FIADB REF_SPECIES to NBEL BM_REF_SPECIES to NVEL wdbkwtdata.inc","2023-10-16","38548071d5aa652bb90c7f111f86b427f798a1c9"
7619,1,8,20.59,20.59,75.13,80.49,15.16,41.7,23.7,0.84,0.481,"wdbkwtdata.inc","FIADB REF_SPECIES to NBEL BM_REF_SPECIES to NVEL wdbkwtdata.inc","2023-10-16","38548071d5aa652bb90c7f111f86b427f798a1c9"
7620,1,8,20.59,20.59,75.13,80.49,15.16,41.7,23.7,0.84,0.481,"wdbkwtdata.inc","FIADB REF_SPECIES to NBEL BM_REF_SPECIES to NVEL wdbkwtdata.inc","2023-10-16","38548071d5aa652bb90c7f111f86b427f798a1c9"
7621,1,8,16.85,16.85,75.13,80.49,15.16,34.1,19.4,0.84,0.484,"wdbkwtdata.inc","FIADB REF_SPECIES to NBEL BM_REF_SPECIES to NVEL wdbkwtdata.inc","2023-10-16","38548071d5aa652bb90c7f111f86b427f798a1c9"
7623,1,8,20.59,20.59,75.13,80.49,15.16,41.7,23.7,0.84,0.481,"wdbkwtdata.inc","FIADB REF_SPECIES to NBEL BM_REF_SPECIES to NVEL wdbkwtdata.inc","2023-10-16","38548071d5aa652bb90c7f111f86b427f798a1c9"
7625,1,8,20.59,20.59,75.13,80.49,15.16,41.7,23.7,0.84,0.481,"wdbkwtdata.inc","FIADB REF_SPECIES to NBEL BM_REF_SPECIES to NVEL wdbkwtdata.inc","2023-10-16","38548071d5aa652bb90c7f111f86b427f798a1c9"
7626,1,8,26.83,26.83,75.13,80.49,15.16,54.3,30.9,0.84,0.478,"wdbkwtdata.inc","FIADB REF_SPECIES to NBEL BM_REF_SPECIES to NVEL wdbkwtdata.inc","2023-10-16","38548071d5aa652bb90c7f111f86b427f798a1c9"
7627,1,8,20.59,20.59,75.13,80.49,15.16,41.7,23.7,0.84,0.481,"wdbkwtdata.inc","FIADB REF_SPECIES to NBEL BM_REF_SPECIES to NVEL wdbkwtdata.inc","2023-10-16","38548071d5aa652bb90c7f111f86b427f798a1c9"
7628,1,8,32.45,33.07,75.13,80.49,15.16,65.9,37.5,0.84,0.475,"wdbkwtdata.inc","FIADB REF_SPECIES to NBEL BM_REF_SPECIES to NVEL wdbkwtdata.inc","2023-10-16","38548071d5aa652bb90c7f111f86b427f798a1c9"
7630,1,8,32.45,33.07,75.13,80.49,15.16,65.9,37.5,0.84,0.475,"wdbkwtdata.inc","FIADB REF_SPECIES to NBEL BM_REF_SPECIES to NVEL wdbkwtdata.inc","2023-10-16","38548071d5aa652bb90c7f111f86b427f798a1c9"
7631,1,8,26.83,27.46,91.75,92.75,15,59.4,31,0.792,0.441,"wdbkwtdata.inc","FIADB REF_SPECIES to NBEL BM_REF_SPECIES to NVEL wdbkwtdata.inc","2023-10-16","38548071d5aa652bb90c7f111f86b427f798a1c9"
7632,1,8,32.45,33.07,75.13,80.49,15.16,65.9,37.5,0.84,0.43,"wdbkwtdata.inc","FIADB REF_SPECIES to NBEL BM_REF_SPECIES to NVEL wdbkwtdata.inc","2023-10-16","38548071d5aa652bb90c7f111f86b427f798a1c9"
7633,1,8,32.45,33.07,75.13,80.49,15.16,65.9,37.5,0.84,0.475,"wdbkwtdata.inc","FIADB REF_SPECIES to NBEL BM_REF_SPECIES to NVEL wdbkwtdata.inc","2023-10-16","38548071d5aa652bb90c7f111f86b427f798a1c9"
7634,1,8,26.83,27.46,91.75,92.75,15,59.4,31,0.792,0.478,"wdbkwtdata.inc","FIADB REF_SPECIES to NBEL BM_REF_SPECIES to NVEL wdbkwtdata.inc","2023-10-16","38548071d5aa652bb90c7f111f86b427f798a1c9"
7635,1,8,32.45,33.07,75.13,80.49,15.16,65.9,37.5,0.84,0.475,"wdbkwtdata.inc","FIADB REF_SPECIES to NBEL BM_REF_SPECIES to NVEL wdbkwtdata.inc","2023-10-16","38548071d5aa652bb90c7f111f86b427f798a1c9"
7636,1,8,32.45,33.07,75.13,80.49,15.16,65.9,37.5,0.84,0.475,"wdbkwtdata.inc","FIADB REF_SPECIES to NBEL BM_REF_SPECIES to NVEL wdbkwtdata.inc","2023-10-16","38548071d5aa652bb90c7f111f86b427f798a1c9"
7637,1,8,0,0,0,0,0,0,0,0,0.477,"wdbkwtdata.inc","FIADB REF_SPECIES to NBEL BM_REF_SPECIES to NVEL wdbkwtdata.inc","2023-10-16","38548071d5aa652bb90c7f111f86b427f798a1c9"
7638,1,8,30.58,30.58,0,0,0,30.6,30.6,0,0.476,"wdbkwtdata.inc","FIADB REF_SPECIES to NBEL BM_REF_SPECIES to NVEL wdbkwtdata.inc","2023-10-16","38548071d5aa652bb90c7f111f86b427f798a1c9"
7639,1,8,34.94,34.94,0,0,0,34.9,34.9,0,0.473,"wdbkwtdata.inc","FIADB REF_SPECIES to NBEL BM_REF_SPECIES to NVEL wdbkwtdata.inc","2023-10-16","38548071d5aa652bb90c7f111f86b427f798a1c9"
7641,1,8,30.58,30.58,0,0,0,30.6,30.6,0,0.476,"wdbkwtdata.inc","FIADB REF_SPECIES to NBEL BM_REF_SPECIES to NVEL wdbkwtdata.inc","2023-10-16","38548071d5aa652bb90c7f111f86b427f798a1c9"
7642,1,8,30.58,30.58,75.13,80.49,15.16,61.9,35.2,0.84,0.476,"wdbkwtdata.inc","FIADB REF_SPECIES to NBEL BM_REF_SPECIES to NVEL wdbkwtdata.inc","2023-10-16","38548071d5aa652bb90c7f111f86b427f798a1c9"
7643,1,8,32.45,33.07,75.13,80.49,15.16,65.9,37.5,0.84,0.475,"wdbkwtdata.inc","FIADB REF_SPECIES to NBEL BM_REF_SPECIES to NVEL wdbkwtdata.inc","2023-10-16","38548071d5aa652bb90c7f111f86b427f798a1c9"
7644,1,8,32.45,33.07,75.13,80.49,15.16,65.9,37.5,0.84,0.475,"wdbkwtdata.inc","FIADB REF_SPECIES to NBEL BM_REF_SPECIES to NVEL wdbkwtdata.inc","2023-10-16","38548071d5aa652bb90c7f111f86b427f798a1c9"
7645,1,8,32.45,33.07,75.13,80.49,15.16,65.9,37.5,0.84,0.475,"wdbkwtdata.inc","FIADB REF_SPECIES to NBEL BM_REF_SPECIES to NVEL wdbkwtdata.inc","2023-10-16","38548071d5aa652bb90c7f111f86b427f798a1c9"
7646,1,8,32.45,33.07,75.13,80.49,15.16,65.9,37.5,0.84,0.475,"wdbkwtdata.inc","FIADB REF_SPECIES to NBEL BM_REF_SPECIES to NVEL wdbkwtdata.inc","2023-10-16","38548071d5aa652bb90c7f111f86b427f798a1c9"
7647,1,8,32.45,33.07,75.13,80.49,15.16,65.9,37.5,0.84,0.475,"wdbkwtdata.inc","FIADB REF_SPECIES to NBEL BM_REF_SPECIES to NVEL wdbkwtdata.inc","2023-10-16","38548071d5aa652bb90c7f111f86b427f798a1c9"
7648,1,8,32.45,33.07,75.13,80.49,15.16,65.9,37.5,0.84,0.475,"wdbkwtdata.inc","FIADB REF_SPECIES to NBEL BM_REF_SPECIES to NVEL wdbkwtdata.inc","2023-10-16","38548071d5aa652bb90c7f111f86b427f798a1c9"
7649,1,8,38.06,31.2,78,69.88,15,75.7,42.7,0.84,0.472,"wdbkwtdata.inc","FIADB REF_SPECIES to NBEL BM_REF_SPECIES to NVEL wdbkwtdata.inc","2023-10-16","38548071d5aa652bb90c7f111f86b427f798a1c9"
7650,1,8,38.06,31.2,78,70,15,75.7,42.7,0.84,0.472,"wdbkwtdata.inc","FIADB REF_SPECIES to NBEL BM_REF_SPECIES to NVEL wdbkwtdata.inc","2023-10-16","38548071d5aa652bb90c7f111f86b427f798a1c9"
7651,1,8,38.06,31.2,78,70,15,75.7,42.7,0.84,0.472,"wdbkwtdata.inc","FIADB REF_SPECIES to NBEL BM_REF_SPECIES to NVEL wdbkwtdata.inc","2023-10-16","38548071d5aa652bb90c7f111f86b427f798a1c9"
7652,1,8,32.45,33.07,75.13,80.49,15.16,65.9,37.5,0.84,0.475,"wdbkwtdata.inc","FIADB REF_SPECIES to NBEL BM_REF_SPECIES to NVEL wdbkwtdata.inc","2023-10-16","38548071d5aa652bb90c7f111f86b427f798a1c9"
7653,1,8,53.73,53.73,0,0,0,53.7,53.7,0,0.463,"wdbkwtdata.inc","FIADB REF_SPECIES to NBEL BM_REF_SPECIES to NVEL wdbkwtdata.inc","2023-10-16","38548071d5aa652bb90c7f111f86b427f798a1c9"
7654,1,8,40.27,40.27,75.13,80.49,15.16,81.6,46.4,0.84,0.47,"wdbkwtdata.inc","FIADB REF_SPECIES to NBEL BM_REF_SPECIES to NVEL wdbkwtdata.inc","2023-10-16","38548071d5aa652bb90c7f111f86b427f798a1c9"
7655,1,8,40.27,40.27,0,0,0,40.3,40.3,0,0.47,"wdbkwtdata.inc","FIADB REF_SPECIES to NBEL BM_REF_SPECIES to NVEL wdbkwtdata.inc","2023-10-16","38548071d5aa652bb90c7f111f86b427f798a1c9"
7657,1,8,32.77,32.77,0,0,0,32.8,32.8,0,0.475,"wdbkwtdata.inc","FIADB REF_SPECIES to NBEL BM_REF_SPECIES to NVEL wdbkwtdata.inc","2023-10-16","38548071d5aa652bb90c7f111f86b427f798a1c9"
7658,1,8,28.08,28.08,75.13,80.49,15.16,56.9,32.3,0.84,0.477,"wdbkwtdata.inc","FIADB REF_SPECIES to NBEL BM_REF_SPECIES to NVEL wdbkwtdata.inc","2023-10-16","38548071d5aa652bb90c7f111f86b427f798a1c9"
7659,1,8,32.24,32.24,75.13,80.49,15.16,65.3,37.1,0.84,0.475,"wdbkwtdata.inc","FIADB REF_SPECIES to NBEL BM_REF_SPECIES to NVEL wdbkwtdata.inc","2023-10-16","38548071d5aa652bb90c7f111f86b427f798a1c9"
7660,1,8,30.09,30.09,0,0,0,30.1,30.1,0,0.476,"wdbkwtdata.inc","FIADB REF_SPECIES to NBEL BM_REF_SPECIES to NVEL wdbkwtdata.inc","2023-10-16","38548071d5aa652bb90c7f111f86b427f798a1c9"
7661,1,8,30.09,30.09,75.13,80.49,15.16,60.9,34.6,0.84,0.476,"wdbkwtdata.inc","FIADB REF_SPECIES to NBEL BM_REF_SPECIES to NVEL wdbkwtdata.inc","2023-10-16","38548071d5aa652bb90c7f111f86b427f798a1c9"
7662,1,8,32.45,33.07,75.13,80.49,15.16,65.9,37.5,0.84,0.475,"wdbkwtdata.inc","FIADB REF_SPECIES to NBEL BM_REF_SPECIES to NVEL wdbkwtdata.inc","2023-10-16","38548071d5aa652bb90c7f111f86b427f798a1c9"
7663,1,8,32.45,33.07,75.13,80.49,15.16,65.9,37.5,0.84,0.475,"wdbkwtdata.inc","FIADB REF_SPECIES to NBEL BM_REF_SPECIES to NVEL wdbkwtdata.inc","2023-10-16","38548071d5aa652bb90c7f111f86b427f798a1c9"
7664,1,8,54.29,54.29,0,0,0,54.3,54.3,0,0.463,"wdbkwtdata.inc","FIADB REF_SPECIES to NBEL BM_REF_SPECIES to NVEL wdbkwtdata.inc","2023-10-16","38548071d5aa652bb90c7f111f86b427f798a1c9"
7666,1,8,54.29,54.29,0,0,0,54.3,54.3,0,0.463,"wdbkwtdata.inc","FIADB REF_SPECIES to NBEL BM_REF_SPECIES to NVEL wdbkwtdata.inc","2023-10-16","38548071d5aa652bb90c7f111f86b427f798a1c9"
7667,1,8,32.45,33.07,75.13,80.49,15.16,65.9,37.5,0.84,0.475,"wdbkwtdata.inc","FIADB REF_SPECIES to NBEL BM_REF_SPECIES to NVEL wdbkwtdata.inc","2023-10-16","38548071d5aa652bb90c7f111f86b427f798a1c9"
7669,1,8,32.45,33.07,75.13,80.49,15.16,65.9,37.5,0.84,0.475,"wdbkwtdata.inc","FIADB REF_SPECIES to NBEL BM_REF_SPECIES to NVEL wdbkwtdata.inc","2023-10-16","38548071d5aa652bb90c7f111f86b427f798a1c9"
7671,1,8,54.29,54.29,0,0,0,54.3,54.3,0,0.463,"wdbkwtdata.inc","FIADB REF_SPECIES to NBEL BM_REF_SPECIES to NVEL wdbkwtdata.inc","2023-10-16","38548071d5aa652bb90c7f111f86b427f798a1c9"
7672,1,8,54.29,54.29,75.13,80.49,15.16,109.9,62.5,0.84,0.463,"wdbkwtdata.inc","FIADB REF_SPECIES to NBEL BM_REF_SPECIES to NVEL wdbkwtdata.inc","2023-10-16","38548071d5aa652bb90c7f111f86b427f798a1c9"
7673,1,8,32.45,33.07,75.13,80.49,15.16,65.9,37.5,0.84,0.475,"wdbkwtdata.inc","FIADB REF_SPECIES to NBEL BM_REF_SPECIES to NVEL wdbkwtdata.inc","2023-10-16","38548071d5aa652bb90c7f111f86b427f798a1c9"
7674,1,8,32.45,33.07,75.13,80.49,15.16,65.9,37.5,0.84,0.467,"wdbkwtdata.inc","FIADB REF_SPECIES to NBEL BM_REF_SPECIES to NVEL wdbkwtdata.inc","2023-10-16","38548071d5aa652bb90c7f111f86b427f798a1c9"
7677,1,8,32.45,33.07,75.13,80.49,15.16,65.9,37.5,0.84,0.475,"wdbkwtdata.inc","FIADB REF_SPECIES to NBEL BM_REF_SPECIES to NVEL wdbkwtdata.inc","2023-10-16","38548071d5aa652bb90c7f111f86b427f798a1c9"
7679,1,8,48.05,48.05,75.13,80.49,15.16,97.3,55.3,0.84,0.466,"wdbkwtdata.inc","FIADB REF_SPECIES to NBEL BM_REF_SPECIES to NVEL wdbkwtdata.inc","2023-10-16","38548071d5aa652bb90c7f111f86b427f798a1c9"
7680,1,8,31.2,31.2,0,0,0,31.2,31.2,0,0.476,"wdbkwtdata.inc","FIADB REF_SPECIES to NBEL BM_REF_SPECIES to NVEL wdbkwtdata.inc","2023-10-16","38548071d5aa652bb90c7f111f86b427f798a1c9"
7682,1,8,32.45,33.07,75.13,80.49,15.16,65.9,37.5,0.84,0.475,"wdbkwtdata.inc","FIADB REF_SPECIES to NBEL BM_REF_SPECIES to NVEL wdbkwtdata.inc","2023-10-16","38548071d5aa652bb90c7f111f86b427f798a1c9"
7684,1,8,32.45,33.07,75.13,80.49,15.16,65.9,37.5,0.84,0.475,"wdbkwtdata.inc","FIADB REF_SPECIES to NBEL BM_REF_SPECIES to NVEL wdbkwtdata.inc","2023-10-16","38548071d5aa652bb90c7f111f86b427f798a1c9"
7688,1,8,32.45,33.07,75.13,80.49,15.16,65.9,37.5,0.84,0.475,"wdbkwtdata.inc","FIADB REF_SPECIES to NBEL BM_REF_SPECIES to NVEL wdbkwtdata.inc","2023-10-16","38548071d5aa652bb90c7f111f86b427f798a1c9"
7689,1,8,32.45,33.07,75.13,80.49,15.16,65.9,37.5,0.84,0.475,"wdbkwtdata.inc","FIADB REF_SPECIES to NBEL BM_REF_SPECIES to NVEL wdbkwtdata.inc","2023-10-16","38548071d5aa652bb90c7f111f86b427f798a1c9"
7694,1,8,0,0,0,0,0,0,0,0,0.475,"wdbkwtdata.inc","FIADB REF_SPECIES to NBEL BM_REF_SPECIES to NVEL wdbkwtdata.inc","2023-10-16","38548071d5aa652bb90c7f111f86b427f798a1c9"
7695,1,8,32.45,33.07,75.13,80.49,15.16,65.9,37.5,0.84,0.475,"wdbkwtdata.inc","FIADB REF_SPECIES to NBEL BM_REF_SPECIES to NVEL wdbkwtdata.inc","2023-10-16","38548071d5aa652bb90c7f111f86b427f798a1c9"
7697,1,8,32.45,33.07,75.13,80.49,15.16,65.9,37.5,0.84,0.475,"wdbkwtdata.inc","FIADB REF_SPECIES to NBEL BM_REF_SPECIES to NVEL wdbkwtdata.inc","2023-10-16","38548071d5aa652bb90c7f111f86b427f798a1c9"
7698,1,8,32.45,33.07,75.13,80.49,15.16,65.9,37.5,0.84,0.475,"wdbkwtdata.inc","FIADB REF_SPECIES to NBEL BM_REF_SPECIES to NVEL wdbkwtdata.inc","2023-10-16","38548071d5aa652bb90c7f111f86b427f798a1c9"
7699,1,8,32.45,33.07,75.13,80.49,15.16,65.9,37.5,0.84,0.475,"wdbkwtdata.inc","FIADB REF_SPECIES to NBEL BM_REF_SPECIES to NVEL wdbkwtdata.inc","2023-10-16","38548071d5aa652bb90c7f111f86b427f798a1c9"
7700,1,8,46.8,46.8,75.13,80.49,15.16,94.8,53.9,0.84,0.467,"wdbkwtdata.inc","FIADB REF_SPECIES to NBEL BM_REF_SPECIES to NVEL wdbkwtdata.inc","2023-10-16","38548071d5aa652bb90c7f111f86b427f798a1c9"
7702,1,8,32.45,33.07,75.13,80.49,15.16,65.9,37.5,0.84,0.475,"wdbkwtdata.inc","FIADB REF_SPECIES to NBEL BM_REF_SPECIES to NVEL wdbkwtdata.inc","2023-10-16","38548071d5aa652bb90c7f111f86b427f798a1c9"
7704,1,8,24.34,24.34,75.13,80.49,15.16,49.3,28,0.84,0.479,"wdbkwtdata.inc","FIADB REF_SPECIES to NBEL BM_REF_SPECIES to NVEL wdbkwtdata.inc","2023-10-16","38548071d5aa652bb90c7f111f86b427f798a1c9"
7705,1,8,24.34,24.34,0,0,0,24.3,24.3,0,0.479,"wdbkwtdata.inc","FIADB REF_SPECIES to NBEL BM_REF_SPECIES to NVEL wdbkwtdata.inc","2023-10-16","38548071d5aa652bb90c7f111f86b427f798a1c9"
7706,1,8,24.34,24.34,0,0,0,24.3,24.3,0,0.479,"wdbkwtdata.inc","FIADB REF_SPECIES to NBEL BM_REF_SPECIES to NVEL wdbkwtdata.inc","2023-10-16","38548071d5aa652bb90c7f111f86b427f798a1c9"
7709,1,8,41.63,41.63,75.13,80.49,15.16,84.3,47.9,0.84,0.47,"wdbkwtdata.inc","FIADB REF_SPECIES to NBEL BM_REF_SPECIES to NVEL wdbkwtdata.inc","2023-10-16","38548071d5aa652bb90c7f111f86b427f798a1c9"
7710,1,8,21.22,21.22,75.13,80.49,15.16,43,24.4,0.84,0.481,"wdbkwtdata.inc","FIADB REF_SPECIES to NBEL BM_REF_SPECIES to NVEL wdbkwtdata.inc","2023-10-16","38548071d5aa652bb90c7f111f86b427f798a1c9"
7712,1,8,28.7,28.7,0,0,0,28.7,28.7,0,0.477,"wdbkwtdata.inc","FIADB REF_SPECIES to NBEL BM_REF_SPECIES to NVEL wdbkwtdata.inc","2023-10-16","38548071d5aa652bb90c7f111f86b427f798a1c9"
7713,1,8,28.7,28.7,75.13,80.49,15.16,58.1,33.1,0.84,0.477,"wdbkwtdata.inc","FIADB REF_SPECIES to NBEL BM_REF_SPECIES to NVEL wdbkwtdata.inc","2023-10-16","38548071d5aa652bb90c7f111f86b427f798a1c9"
7715,1,8,0,0,0,0,0,0,0,0,0.474,"wdbkwtdata.inc","FIADB REF_SPECIES to NBEL BM_REF_SPECIES to NVEL wdbkwtdata.inc","2023-10-16","38548071d5aa652bb90c7f111f86b427f798a1c9"
7716,1,8,26.21,26.21,0,0,0,26.2,26.2,0,0.478,"wdbkwtdata.inc","FIADB REF_SPECIES to NBEL BM_REF_SPECIES to NVEL wdbkwtdata.inc","2023-10-16","38548071d5aa652bb90c7f111f86b427f798a1c9"
7717,1,8,32.45,33.07,75.13,80.49,15.16,65.9,37.5,0.84,0.475,"wdbkwtdata.inc","FIADB REF_SPECIES to NBEL BM_REF_SPECIES to NVEL wdbkwtdata.inc","2023-10-16","38548071d5aa652bb90c7f111f86b427f798a1c9"
7719,1,8,28.37,28.37,0,0,0,28.4,28.4,0,0.477,"wdbkwtdata.inc","FIADB REF_SPECIES to NBEL BM_REF_SPECIES to NVEL wdbkwtdata.inc","2023-10-16","38548071d5aa652bb90c7f111f86b427f798a1c9"
7720,1,8,28.37,28.37,0,0,0,28.4,28.4,0,0.477,"wdbkwtdata.inc","FIADB REF_SPECIES to NBEL BM_REF_SPECIES to NVEL wdbkwtdata.inc","2023-10-16","38548071d5aa652bb90c7f111f86b427f798a1c9"
7721,1,8,28.37,28.37,0,0,0,28.4,28.4,0,0.477,"wdbkwtdata.inc","FIADB REF_SPECIES to NBEL BM_REF_SPECIES to NVEL wdbkwtdata.inc","2023-10-16","38548071d5aa652bb90c7f111f86b427f798a1c9"
7722,1,8,28.37,28.37,0,0,0,28.4,28.4,0,0.477,"wdbkwtdata.inc","FIADB REF_SPECIES to NBEL BM_REF_SPECIES to NVEL wdbkwtdata.inc","2023-10-16","38548071d5aa652bb90c7f111f86b427f798a1c9"
7723,1,8,28.37,28.37,0,0,0,28.4,28.4,0,0.477,"wdbkwtdata.inc","FIADB REF_SPECIES to NBEL BM_REF_SPECIES to NVEL wdbkwtdata.inc","2023-10-16","38548071d5aa652bb90c7f111f86b427f798a1c9"
7724,1,8,28.37,28.37,75.13,80.49,15.16,57.4,32.7,0.84,0.477,"wdbkwtdata.inc","FIADB REF_SPECIES to NBEL BM_REF_SPECIES to NVEL wdbkwtdata.inc","2023-10-16","38548071d5aa652bb90c7f111f86b427f798a1c9"
7725,1,8,28.37,28.37,75.13,80.49,15.16,57.4,32.7,0.84,0.477,"wdbkwtdata.inc","FIADB REF_SPECIES to NBEL BM_REF_SPECIES to NVEL wdbkwtdata.inc","2023-10-16","38548071d5aa652bb90c7f111f86b427f798a1c9"
7726,1,8,28.37,28.37,0,0,0,28.4,28.4,0,0.477,"wdbkwtdata.inc","FIADB REF_SPECIES to NBEL BM_REF_SPECIES to NVEL wdbkwtdata.inc","2023-10-16","38548071d5aa652bb90c7f111f86b427f798a1c9"
7727,1,8,28.37,28.37,0,0,0,28.4,28.4,0,0.477,"wdbkwtdata.inc","FIADB REF_SPECIES to NBEL BM_REF_SPECIES to NVEL wdbkwtdata.inc","2023-10-16","38548071d5aa652bb90c7f111f86b427f798a1c9"
7728,1,8,28.37,28.37,0,0,0,28.4,28.4,0,0.477,"wdbkwtdata.inc","FIADB REF_SPECIES to NBEL BM_REF_SPECIES to NVEL wdbkwtdata.inc","2023-10-16","38548071d5aa652bb90c7f111f86b427f798a1c9"
7729,1,8,28.37,28.37,75.13,80.49,15.16,57.4,32.7,0.84,0.477,"wdbkwtdata.inc","FIADB REF_SPECIES to NBEL BM_REF_SPECIES to NVEL wdbkwtdata.inc","2023-10-16","38548071d5aa652bb90c7f111f86b427f798a1c9"
7730,1,8,28.37,28.37,0,0,0,28.4,28.4,0,0.477,"wdbkwtdata.inc","FIADB REF_SPECIES to NBEL BM_REF_SPECIES to NVEL wdbkwtdata.inc","2023-10-16","38548071d5aa652bb90c7f111f86b427f798a1c9"
7731,1,8,28.37,28.37,0,0,0,28.4,28.4,0,0.477,"wdbkwtdata.inc","FIADB REF_SPECIES to NBEL BM_REF_SPECIES to NVEL wdbkwtdata.inc","2023-10-16","38548071d5aa652bb90c7f111f86b427f798a1c9"
7732,1,8,28.37,28.37,75.13,80.49,15.16,57.4,32.7,0.84,0.477,"wdbkwtdata.inc","FIADB REF_SPECIES to NBEL BM_REF_SPECIES to NVEL wdbkwtdata.inc","2023-10-16","38548071d5aa652bb90c7f111f86b427f798a1c9"
7733,1,8,28.37,28.37,0,0,0,28.4,28.4,0,0.477,"wdbkwtdata.inc","FIADB REF_SPECIES to NBEL BM_REF_SPECIES to NVEL wdbkwtdata.inc","2023-10-16","38548071d5aa652bb90c7f111f86b427f798a1c9"
7734,1,8,28.37,28.37,0,0,0,28.4,28.4,0,0.477,"wdbkwtdata.inc","FIADB REF_SPECIES to NBEL BM_REF_SPECIES to NVEL wdbkwtdata.inc","2023-10-16","38548071d5aa652bb90c7f111f86b427f798a1c9"
7735,1,8,28.37,28.37,0,0,0,28.4,28.4,0,0.477,"wdbkwtdata.inc","FIADB REF_SPECIES to NBEL BM_REF_SPECIES to NVEL wdbkwtdata.inc","2023-10-16","38548071d5aa652bb90c7f111f86b427f798a1c9"
7736,1,8,28.37,28.37,0,0,0,28.4,28.4,0,0.477,"wdbkwtdata.inc","FIADB REF_SPECIES to NBEL BM_REF_SPECIES to NVEL wdbkwtdata.inc","2023-10-16","38548071d5aa652bb90c7f111f86b427f798a1c9"
7737,1,8,28.37,28.37,75.13,80.49,15.16,57.4,32.7,0.84,0.477,"wdbkwtdata.inc","FIADB REF_SPECIES to NBEL BM_REF_SPECIES to NVEL wdbkwtdata.inc","2023-10-16","38548071d5aa652bb90c7f111f86b427f798a1c9"
7738,1,8,28.37,28.37,75.13,80.49,15.16,57.4,32.7,0.84,0.477,"wdbkwtdata.inc","FIADB REF_SPECIES to NBEL BM_REF_SPECIES to NVEL wdbkwtdata.inc","2023-10-16","38548071d5aa652bb90c7f111f86b427f798a1c9"
7739,1,8,28.37,28.37,0,0,0,28.4,28.4,0,0.477,"wdbkwtdata.inc","FIADB REF_SPECIES to NBEL BM_REF_SPECIES to NVEL wdbkwtdata.inc","2023-10-16","38548071d5aa652bb90c7f111f86b427f798a1c9"
7740,1,8,28.37,28.37,0,0,0,28.4,28.4,0,0.477,"wdbkwtdata.inc","FIADB REF_SPECIES to NBEL BM_REF_SPECIES to NVEL wdbkwtdata.inc","2023-10-16","38548071d5aa652bb90c7f111f86b427f798a1c9"
7741,1,8,28.37,28.37,0,0,0,28.4,28.4,0,0.477,"wdbkwtdata.inc","FIADB REF_SPECIES to NBEL BM_REF_SPECIES to NVEL wdbkwtdata.inc","2023-10-16","38548071d5aa652bb90c7f111f86b427f798a1c9"
7742,1,8,28.37,28.37,75.13,80.49,15.16,57.4,32.7,0.84,0.477,"wdbkwtdata.inc","FIADB REF_SPECIES to NBEL BM_REF_SPECIES to NVEL wdbkwtdata.inc","2023-10-16","38548071d5aa652bb90c7f111f86b427f798a1c9"
7743,1,8,28.37,28.37,0,0,0,28.4,28.4,0,0.477,"wdbkwtdata.inc","FIADB REF_SPECIES to NBEL BM_REF_SPECIES to NVEL wdbkwtdata.inc","2023-10-16","38548071d5aa652bb90c7f111f86b427f798a1c9"
7744,1,8,28.37,28.37,0,0,0,28.4,28.4,0,0.477,"wdbkwtdata.inc","FIADB REF_SPECIES to NBEL BM_REF_SPECIES to NVEL wdbkwtdata.inc","2023-10-16","38548071d5aa652bb90c7f111f86b427f798a1c9"
7745,1,8,28.37,28.37,0,0,0,28.4,28.4,0,0.477,"wdbkwtdata.inc","FIADB REF_SPECIES to NBEL BM_REF_SPECIES to NVEL wdbkwtdata.inc","2023-10-16","38548071d5aa652bb90c7f111f86b427f798a1c9"
7746,1,8,28.37,28.37,75.13,80.49,15.16,57.4,32.7,0.84,0.477,"wdbkwtdata.inc","FIADB REF_SPECIES to NBEL BM_REF_SPECIES to NVEL wdbkwtdata.inc","2023-10-16","38548071d5aa652bb90c7f111f86b427f798a1c9"
7747,1,8,28.37,28.37,0,0,0,28.4,28.4,0,0.477,"wdbkwtdata.inc","FIADB REF_SPECIES to NBEL BM_REF_SPECIES to NVEL wdbkwtdata.inc","2023-10-16","38548071d5aa652bb90c7f111f86b427f798a1c9"
7748,1,8,28.37,28.37,0,0,0,28.4,28.4,0,0.477,"wdbkwtdata.inc","FIADB REF_SPECIES to NBEL BM_REF_SPECIES to NVEL wdbkwtdata.inc","2023-10-16","38548071d5aa652bb90c7f111f86b427f798a1c9"
7749,1,8,28.37,28.37,75.13,80.49,15.16,57.4,32.7,0.84,0.477,"wdbkwtdata.inc","FIADB REF_SPECIES to NBEL BM_REF_SPECIES to NVEL wdbkwtdata.inc","2023-10-16","38548071d5aa652bb90c7f111f86b427f798a1c9"
7750,1,8,24.96,24.96,0,0,0,25,25,0,0.479,"wdbkwtdata.inc","FIADB REF_SPECIES to NBEL BM_REF_SPECIES to NVEL wdbkwtdata.inc","2023-10-16","38548071d5aa652bb90c7f111f86b427f798a1c9"
7751,1,8,28.37,28.37,75.13,80.49,15.16,57.4,32.7,0.84,0.477,"wdbkwtdata.inc","FIADB REF_SPECIES to NBEL BM_REF_SPECIES to NVEL wdbkwtdata.inc","2023-10-16","38548071d5aa652bb90c7f111f86b427f798a1c9"
7752,1,8,28.37,28.37,0,0,0,28.4,28.4,0,0.477,"wdbkwtdata.inc","FIADB REF_SPECIES to NBEL BM_REF_SPECIES to NVEL wdbkwtdata.inc","2023-10-16","38548071d5aa652bb90c7f111f86b427f798a1c9"
7753,1,8,28.37,28.37,75.13,80.49,15.16,57.4,32.7,0.84,0.477,"wdbkwtdata.inc","FIADB REF_SPECIES to NBEL BM_REF_SPECIES to NVEL wdbkwtdata.inc","2023-10-16","38548071d5aa652bb90c7f111f86b427f798a1c9"
7754,1,8,28.37,28.37,75.13,80.49,15.16,57.4,32.7,0.84,0.477,"wdbkwtdata.inc","FIADB REF_SPECIES to NBEL BM_REF_SPECIES to NVEL wdbkwtdata.inc","2023-10-16","38548071d5aa652bb90c7f111f86b427f798a1c9"
7755,1,8,28.37,28.37,0,0,0,28.4,28.4,0,0.477,"wdbkwtdata.inc","FIADB REF_SPECIES to NBEL BM_REF_SPECIES to NVEL wdbkwtdata.inc","2023-10-16","38548071d5aa652bb90c7f111f86b427f798a1c9"
7756,1,8,28.37,28.37,0,0,0,28.4,28.4,0,0.477,"wdbkwtdata.inc","FIADB REF_SPECIES to NBEL BM_REF_SPECIES to NVEL wdbkwtdata.inc","2023-10-16","38548071d5aa652bb90c7f111f86b427f798a1c9"
7757,1,8,28.37,28.37,0,0,0,28.4,28.4,0,0.477,"wdbkwtdata.inc","FIADB REF_SPECIES to NBEL BM_REF_SPECIES to NVEL wdbkwtdata.inc","2023-10-16","38548071d5aa652bb90c7f111f86b427f798a1c9"
7758,1,8,28.37,28.37,0,0,0,28.4,28.4,0,0.477,"wdbkwtdata.inc","FIADB REF_SPECIES to NBEL BM_REF_SPECIES to NVEL wdbkwtdata.inc","2023-10-16","38548071d5aa652bb90c7f111f86b427f798a1c9"
7759,1,8,36.5,36.5,0,0,0,36.5,36.5,0,0.473,"wdbkwtdata.inc","FIADB REF_SPECIES to NBEL BM_REF_SPECIES to NVEL wdbkwtdata.inc","2023-10-16","38548071d5aa652bb90c7f111f86b427f798a1c9"
7763,1,8,32.45,33.07,75.13,80.49,15.16,65.9,37.5,0.84,0.475,"wdbkwtdata.inc","FIADB REF_SPECIES to NBEL BM_REF_SPECIES to NVEL wdbkwtdata.inc","2023-10-16","38548071d5aa652bb90c7f111f86b427f798a1c9"
7764,1,8,32.45,33.07,75.13,80.49,15.16,65.9,37.5,0.84,0.475,"wdbkwtdata.inc","FIADB REF_SPECIES to NBEL BM_REF_SPECIES to NVEL wdbkwtdata.inc","2023-10-16","38548071d5aa652bb90c7f111f86b427f798a1c9"
7766,1,8,19.97,19.97,75.13,80.49,15.16,40.4,23,0.84,0.482,"wdbkwtdata.inc","FIADB REF_SPECIES to NBEL BM_REF_SPECIES to NVEL wdbkwtdata.inc","2023-10-16","38548071d5aa652bb90c7f111f86b427f798a1c9"
7767,1,8,19.97,19.97,75.13,80.49,15.16,40.4,23,0.84,0.482,"wdbkwtdata.inc","FIADB REF_SPECIES to NBEL BM_REF_SPECIES to NVEL wdbkwtdata.inc","2023-10-16","38548071d5aa652bb90c7f111f86b427f798a1c9"
7768,1,8,32.45,33.07,75.13,80.49,15.16,65.9,37.5,0.84,0.475,"wdbkwtdata.inc","FIADB REF_SPECIES to NBEL BM_REF_SPECIES to NVEL wdbkwtdata.inc","2023-10-16","38548071d5aa652bb90c7f111f86b427f798a1c9"
7769,1,8,19.97,19.97,75.13,80.49,15.16,40.4,23,0.84,0.482,"wdbkwtdata.inc","FIADB REF_SPECIES to NBEL BM_REF_SPECIES to NVEL wdbkwtdata.inc","2023-10-16","38548071d5aa652bb90c7f111f86b427f798a1c9"
7770,1,8,19.97,19.97,75.13,80.49,15.16,40.4,23,0.84,0.482,"wdbkwtdata.inc","FIADB REF_SPECIES to NBEL BM_REF_SPECIES to NVEL wdbkwtdata.inc","2023-10-16","38548071d5aa652bb90c7f111f86b427f798a1c9"
7771,1,8,27.46,27.46,75.13,80.49,15.16,55.6,31.6,0.84,0.478,"wdbkwtdata.inc","FIADB REF_SPECIES to NBEL BM_REF_SPECIES to NVEL wdbkwtdata.inc","2023-10-16","38548071d5aa652bb90c7f111f86b427f798a1c9"
7774,1,8,35.19,35.19,75.13,80.49,15.16,71.3,40.5,0.84,0.473,"wdbkwtdata.inc","FIADB REF_SPECIES to NBEL BM_REF_SPECIES to NVEL wdbkwtdata.inc","2023-10-16","38548071d5aa652bb90c7f111f86b427f798a1c9"
7776,1,8,25.58,25.58,75.13,80.49,15.16,51.8,29.5,0.84,0.479,"wdbkwtdata.inc","FIADB REF_SPECIES to NBEL BM_REF_SPECIES to NVEL wdbkwtdata.inc","2023-10-16","38548071d5aa652bb90c7f111f86b427f798a1c9"
7777,1,8,25.58,25.58,75.13,80.49,15.16,51.8,29.5,0.84,0.479,"wdbkwtdata.inc","FIADB REF_SPECIES to NBEL BM_REF_SPECIES to NVEL wdbkwtdata.inc","2023-10-16","38548071d5aa652bb90c7f111f86b427f798a1c9"
7778,1,8,25.58,25.58,0,0,0,25.6,25.6,0,0.479,"wdbkwtdata.inc","FIADB REF_SPECIES to NBEL BM_REF_SPECIES to NVEL wdbkwtdata.inc","2023-10-16","38548071d5aa652bb90c7f111f86b427f798a1c9"
7779,0,4,25.58,26.21,74.28,70.51,14.47,51.1,29.4,0.84,0.501,"wdbkwtdata.inc","FIADB REF_SPECIES to NBEL BM_REF_SPECIES to NVEL wdbkwtdata.inc","2023-10-16","38548071d5aa652bb90c7f111f86b427f798a1c9"
7781,1,8,47.42,47.42,0,0,0,47.4,47.4,0,0.466,"wdbkwtdata.inc","FIADB REF_SPECIES to NBEL BM_REF_SPECIES to NVEL wdbkwtdata.inc","2023-10-16","38548071d5aa652bb90c7f111f86b427f798a1c9"
7782,1,8,43.06,43.06,0,0,0,43.1,43.1,0,0.469,"wdbkwtdata.inc","FIADB REF_SPECIES to NBEL BM_REF_SPECIES to NVEL wdbkwtdata.inc","2023-10-16","38548071d5aa652bb90c7f111f86b427f798a1c9"
7783,1,8,43.06,43.06,75.13,80.49,15.16,87.2,49.6,0.84,0.469,"wdbkwtdata.inc","FIADB REF_SPECIES to NBEL BM_REF_SPECIES to NVEL wdbkwtdata.inc","2023-10-16","38548071d5aa652bb90c7f111f86b427f798a1c9"
7792,1,8,44.93,44.93,0,0,0,44.9,44.9,0,0.468,"wdbkwtdata.inc","FIADB REF_SPECIES to NBEL BM_REF_SPECIES to NVEL wdbkwtdata.inc","2023-10-16","38548071d5aa652bb90c7f111f86b427f798a1c9"
7793,1,8,44.93,44.93,0,0,0,44.9,44.9,0,0.468,"wdbkwtdata.inc","FIADB REF_SPECIES to NBEL BM_REF_SPECIES to NVEL wdbkwtdata.inc","2023-10-16","38548071d5aa652bb90c7f111f86b427f798a1c9"
7794,1,8,44.93,44.93,0,0,0,44.9,44.9,0,0.468,"wdbkwtdata.inc","FIADB REF_SPECIES to NBEL BM_REF_SPECIES to NVEL wdbkwtdata.inc","2023-10-16","38548071d5aa652bb90c7f111f86b427f798a1c9"
7795,1,8,44.93,44.93,0,0,0,44.9,44.9,0,0.468,"wdbkwtdata.inc","FIADB REF_SPECIES to NBEL BM_REF_SPECIES to NVEL wdbkwtdata.inc","2023-10-16","38548071d5aa652bb90c7f111f86b427f798a1c9"
7798,1,8,29.95,29.95,75.13,80.49,15.16,60.7,34.5,0.84,0.476,"wdbkwtdata.inc","FIADB REF_SPECIES to NBEL BM_REF_SPECIES to NVEL wdbkwtdata.inc","2023-10-16","38548071d5aa652bb90c7f111f86b427f798a1c9"
7799,1,8,29.95,29.95,0,0,0,30,30,0,0.476,"wdbkwtdata.inc","FIADB REF_SPECIES to NBEL BM_REF_SPECIES to NVEL wdbkwtdata.inc","2023-10-16","38548071d5aa652bb90c7f111f86b427f798a1c9"
7800,1,8,29.95,29.95,0,0,0,30,30,0,0.476,"wdbkwtdata.inc","FIADB REF_SPECIES to NBEL BM_REF_SPECIES to NVEL wdbkwtdata.inc","2023-10-16","38548071d5aa652bb90c7f111f86b427f798a1c9"
7801,1,8,28.08,28.08,75.13,80.49,15.16,56.9,32.3,0.84,0.428,"wdbkwtdata.inc","FIADB REF_SPECIES to NBEL BM_REF_SPECIES to NVEL wdbkwtdata.inc","2023-10-16","38548071d5aa652bb90c7f111f86b427f798a1c9"
7803,1,8,32.45,33.07,75.13,80.49,15.16,65.9,37.5,0.84,0.475,"wdbkwtdata.inc","FIADB REF_SPECIES to NBEL BM_REF_SPECIES to NVEL wdbkwtdata.inc","2023-10-16","38548071d5aa652bb90c7f111f86b427f798a1c9"
7804,1,8,32.45,33.07,75.13,80.49,15.16,65.9,37.5,0.84,0.475,"wdbkwtdata.inc","FIADB REF_SPECIES to NBEL BM_REF_SPECIES to NVEL wdbkwtdata.inc","2023-10-16","38548071d5aa652bb90c7f111f86b427f798a1c9"
7805,1,8,24.96,24.96,75.13,80.49,15.16,50.5,28.7,0.84,0.479,"wdbkwtdata.inc","FIADB REF_SPECIES to NBEL BM_REF_SPECIES to NVEL wdbkwtdata.inc","2023-10-16","38548071d5aa652bb90c7f111f86b427f798a1c9"
7806,1,8,32.45,33.07,75.13,80.49,15.16,65.9,37.5,0.84,0.475,"wdbkwtdata.inc","FIADB REF_SPECIES to NBEL BM_REF_SPECIES to NVEL wdbkwtdata.inc","2023-10-16","38548071d5aa652bb90c7f111f86b427f798a1c9"
7807,1,8,32.45,33.07,75.13,80.49,15.16,65.9,37.5,0.84,0.475,"wdbkwtdata.inc","FIADB REF_SPECIES to NBEL BM_REF_SPECIES to NVEL wdbkwtdata.inc","2023-10-16","38548071d5aa652bb90c7f111f86b427f798a1c9"
7808,1,8,32.45,33.07,75.13,80.49,15.16,65.9,37.5,0.84,0.475,"wdbkwtdata.inc","FIADB REF_SPECIES to NBEL BM_REF_SPECIES to NVEL wdbkwtdata.inc","2023-10-16","38548071d5aa652bb90c7f111f86b427f798a1c9"
7810,1,8,32.45,33.07,75.13,80.49,15.16,65.9,37.5,0.84,0.512,"wdbkwtdata.inc","FIADB REF_SPECIES to NBEL BM_REF_SPECIES to NVEL wdbkwtdata.inc","2023-10-16","38548071d5aa652bb90c7f111f86b427f798a1c9"
7812,1,8,32.45,33.07,75.13,80.49,15.16,65.9,37.5,0.84,0.475,"wdbkwtdata.inc","FIADB REF_SPECIES to NBEL BM_REF_SPECIES to NVEL wdbkwtdata.inc","2023-10-16","38548071d5aa652bb90c7f111f86b427f798a1c9"
7813,1,8,32.45,33.07,75.13,80.49,15.16,65.9,37.5,0.84,0.475,"wdbkwtdata.inc","FIADB REF_SPECIES to NBEL BM_REF_SPECIES to NVEL wdbkwtdata.inc","2023-10-16","38548071d5aa652bb90c7f111f86b427f798a1c9"
7814,1,8,32.45,33.07,75.13,80.49,15.16,65.9,37.5,0.84,0.475,"wdbkwtdata.inc","FIADB REF_SPECIES to NBEL BM_REF_SPECIES to NVEL wdbkwtdata.inc","2023-10-16","38548071d5aa652bb90c7f111f86b427f798a1c9"
7815,1,8,32.45,33.07,75.13,80.49,15.16,65.9,37.5,0.84,0.475,"wdbkwtdata.inc","FIADB REF_SPECIES to NBEL BM_REF_SPECIES to NVEL wdbkwtdata.inc","2023-10-16","38548071d5aa652bb90c7f111f86b427f798a1c9"
7816,1,8,32.45,33.07,75.13,80.49,15.16,65.9,37.5,0.84,0.475,"wdbkwtdata.inc","FIADB REF_SPECIES to NBEL BM_REF_SPECIES to NVEL wdbkwtdata.inc","2023-10-16","38548071d5aa652bb90c7f111f86b427f798a1c9"
7817,1,8,32.45,33.07,75.13,80.49,15.16,65.9,37.5,0.84,0.475,"wdbkwtdata.inc","FIADB REF_SPECIES to NBEL BM_REF_SPECIES to NVEL wdbkwtdata.inc","2023-10-16","38548071d5aa652bb90c7f111f86b427f798a1c9"
7818,1,8,32.45,33.07,75.13,80.49,15.16,65.9,37.5,0.84,0.475,"wdbkwtdata.inc","FIADB REF_SPECIES to NBEL BM_REF_SPECIES to NVEL wdbkwtdata.inc","2023-10-16","38548071d5aa652bb90c7f111f86b427f798a1c9"
7819,1,8,32.45,33.07,75.13,80.49,15.16,65.9,37.5,0.84,0.475,"wdbkwtdata.inc","FIADB REF_SPECIES to NBEL BM_REF_SPECIES to NVEL wdbkwtdata.inc","2023-10-16","38548071d5aa652bb90c7f111f86b427f798a1c9"
7821,1,8,32.45,33.07,75.13,80.49,15.16,65.9,37.5,0.84,0.475,"wdbkwtdata.inc","FIADB REF_SPECIES to NBEL BM_REF_SPECIES to NVEL wdbkwtdata.inc","2023-10-16","38548071d5aa652bb90c7f111f86b427f798a1c9"
7822,1,8,32.45,33.07,75.13,80.49,15.16,65.9,37.5,0.84,0.475,"wdbkwtdata.inc","FIADB REF_SPECIES to NBEL BM_REF_SPECIES to NVEL wdbkwtdata.inc","2023-10-16","38548071d5aa652bb90c7f111f86b427f798a1c9"
7823,1,8,32.45,33.07,75.13,80.49,15.16,65.9,37.5,0.84,0.475,"wdbkwtdata.inc","FIADB REF_SPECIES to NBEL BM_REF_SPECIES to NVEL wdbkwtdata.inc","2023-10-16","38548071d5aa652bb90c7f111f86b427f798a1c9"
7824,1,8,41.18,41.18,0,0,0,41.2,41.2,0,0.47,"wdbkwtdata.inc","FIADB REF_SPECIES to NBEL BM_REF_SPECIES to NVEL wdbkwtdata.inc","2023-10-16","38548071d5aa652bb90c7f111f86b427f798a1c9"
7828,1,8,32.45,33.07,75.13,80.49,15.16,65.9,37.5,0.84,0.475,"wdbkwtdata.inc","FIADB REF_SPECIES to NBEL BM_REF_SPECIES to NVEL wdbkwtdata.inc","2023-10-16","38548071d5aa652bb90c7f111f86b427f798a1c9"
7829,1,8,32.45,33.07,75.13,80.49,15.16,65.9,37.5,0.84,0.475,"wdbkwtdata.inc","FIADB REF_SPECIES to NBEL BM_REF_SPECIES to NVEL wdbkwtdata.inc","2023-10-16","38548071d5aa652bb90c7f111f86b427f798a1c9"
7831,1,8,45.34,45.34,75.13,80.49,15.16,91.8,52.2,0.84,0.468,"wdbkwtdata.inc","FIADB REF_SPECIES to NBEL BM_REF_SPECIES to NVEL wdbkwtdata.inc","2023-10-16","38548071d5aa652bb90c7f111f86b427f798a1c9"
7833,1,8,32.45,33.07,75.13,80.49,15.16,65.9,37.5,0.84,0.475,"wdbkwtdata.inc","FIADB REF_SPECIES to NBEL BM_REF_SPECIES to NVEL wdbkwtdata.inc","2023-10-16","38548071d5aa652bb90c7f111f86b427f798a1c9"
7835,1,8,51.07,51.07,0,0,0,51.1,51.1,0,0.464,"wdbkwtdata.inc","FIADB REF_SPECIES to NBEL BM_REF_SPECIES to NVEL wdbkwtdata.inc","2023-10-16","38548071d5aa652bb90c7f111f86b427f798a1c9"
7839,1,8,32.45,33.07,75.13,80.49,15.16,65.9,37.5,0.84,0.475,"wdbkwtdata.inc","FIADB REF_SPECIES to NBEL BM_REF_SPECIES to NVEL wdbkwtdata.inc","2023-10-16","38548071d5aa652bb90c7f111f86b427f798a1c9"
7841,1,8,40.56,40.56,0,0,0,40.6,40.6,0,0.47,"wdbkwtdata.inc","FIADB REF_SPECIES to NBEL BM_REF_SPECIES to NVEL wdbkwtdata.inc","2023-10-16","38548071d5aa652bb90c7f111f86b427f798a1c9"
7842,1,8,40.56,40.56,0,0,0,40.6,40.6,0,0.47,"wdbkwtdata.inc","FIADB REF_SPECIES to NBEL BM_REF_SPECIES to NVEL wdbkwtdata.inc","2023-10-16","38548071d5aa652bb90c7f111f86b427f798a1c9"
7845,1,8,32.45,33.07,75.13,80.49,15.16,65.9,37.5,0.84,0.475,"wdbkwtdata.inc","FIADB REF_SPECIES to NBEL BM_REF_SPECIES to NVEL wdbkwtdata.inc","2023-10-16","38548071d5aa652bb90c7f111f86b427f798a1c9"
7846,1,8,33.7,33.7,75.13,80.49,15.16,68.2,38.8,0.84,0.474,"wdbkwtdata.inc","FIADB REF_SPECIES to NBEL BM_REF_SPECIES to NVEL wdbkwtdata.inc","2023-10-16","38548071d5aa652bb90c7f111f86b427f798a1c9"
7847,1,8,32.45,33.07,75.13,80.49,15.16,65.9,37.5,0.84,0.475,"wdbkwtdata.inc","FIADB REF_SPECIES to NBEL BM_REF_SPECIES to NVEL wdbkwtdata.inc","2023-10-16","38548071d5aa652bb90c7f111f86b427f798a1c9"
7848,1,8,33.7,33.7,0,0,0,33.7,33.7,0,0.474,"wdbkwtdata.inc","FIADB REF_SPECIES to NBEL BM_REF_SPECIES to NVEL wdbkwtdata.inc","2023-10-16","38548071d5aa652bb90c7f111f86b427f798a1c9"
7849,1,8,32.45,33.07,75.13,80.49,15.16,65.9,37.5,0.84,0.475,"wdbkwtdata.inc","FIADB REF_SPECIES to NBEL BM_REF_SPECIES to NVEL wdbkwtdata.inc","2023-10-16","38548071d5aa652bb90c7f111f86b427f798a1c9"
7850,1,8,30.58,30.58,75.13,80.49,15.16,61.9,35.2,0.84,0.476,"wdbkwtdata.inc","FIADB REF_SPECIES to NBEL BM_REF_SPECIES to NVEL wdbkwtdata.inc","2023-10-16","38548071d5aa652bb90c7f111f86b427f798a1c9"
7851,1,8,30.58,30.58,75.13,80.49,15.16,61.9,35.2,0.84,0.476,"wdbkwtdata.inc","FIADB REF_SPECIES to NBEL BM_REF_SPECIES to NVEL wdbkwtdata.inc","2023-10-16","38548071d5aa652bb90c7f111f86b427f798a1c9"
7852,1,8,30.58,30.58,75.13,80.49,15.16,61.9,35.2,0.84,0.476,"wdbkwtdata.inc","FIADB REF_SPECIES to NBEL BM_REF_SPECIES to NVEL wdbkwtdata.inc","2023-10-16","38548071d5aa652bb90c7f111f86b427f798a1c9"
7853,1,8,30.58,30.58,75.13,80.49,15.16,61.9,35.2,0.84,0.476,"wdbkwtdata.inc","FIADB REF_SPECIES to NBEL BM_REF_SPECIES to NVEL wdbkwtdata.inc","2023-10-16","38548071d5aa652bb90c7f111f86b427f798a1c9"
7855,1,8,32.45,33.07,75.13,80.49,15.16,65.9,37.5,0.84,0.475,"wdbkwtdata.inc","FIADB REF_SPECIES to NBEL BM_REF_SPECIES to NVEL wdbkwtdata.inc","2023-10-16","38548071d5aa652bb90c7f111f86b427f798a1c9"
7857,1,8,32.45,33.07,75.13,80.49,15.16,65.9,37.5,0.84,0.475,"wdbkwtdata.inc","FIADB REF_SPECIES to NBEL BM_REF_SPECIES to NVEL wdbkwtdata.inc","2023-10-16","38548071d5aa652bb90c7f111f86b427f798a1c9"
7861,1,8,32.45,33.07,75.13,80.49,15.16,65.9,37.5,0.84,0.475,"wdbkwtdata.inc","FIADB REF_SPECIES to NBEL BM_REF_SPECIES to NVEL wdbkwtdata.inc","2023-10-16","38548071d5aa652bb90c7f111f86b427f798a1c9"
7862,1,8,32.45,33.07,75.13,80.49,15.16,65.9,37.5,0.84,0.475,"wdbkwtdata.inc","FIADB REF_SPECIES to NBEL BM_REF_SPECIES to NVEL wdbkwtdata.inc","2023-10-16","38548071d5aa652bb90c7f111f86b427f798a1c9"
7863,1,8,32.45,33.07,75.13,80.49,15.16,65.9,37.5,0.84,0.475,"wdbkwtdata.inc","FIADB REF_SPECIES to NBEL BM_REF_SPECIES to NVEL wdbkwtdata.inc","2023-10-16","38548071d5aa652bb90c7f111f86b427f798a1c9"
7865,1,8,25.58,25.58,0,0,0,25.6,25.6,0,0.479,"wdbkwtdata.inc","FIADB REF_SPECIES to NBEL BM_REF_SPECIES to NVEL wdbkwtdata.inc","2023-10-16","38548071d5aa652bb90c7f111f86b427f798a1c9"
7867,1,8,32.45,33.07,75.13,80.49,15.16,65.9,37.5,0.84,0.442,"wdbkwtdata.inc","FIADB REF_SPECIES to NBEL BM_REF_SPECIES to NVEL wdbkwtdata.inc","2023-10-16","38548071d5aa652bb90c7f111f86b427f798a1c9"
7868,1,8,18.72,18.72,0,0,0,18.7,18.7,0,0.483,"wdbkwtdata.inc","FIADB REF_SPECIES to NBEL BM_REF_SPECIES to NVEL wdbkwtdata.inc","2023-10-16","38548071d5aa652bb90c7f111f86b427f798a1c9"
7869,1,8,32.45,33.07,75.13,80.49,15.16,65.9,37.5,0.84,0.475,"wdbkwtdata.inc","FIADB REF_SPECIES to NBEL BM_REF_SPECIES to NVEL wdbkwtdata.inc","2023-10-16","38548071d5aa652bb90c7f111f86b427f798a1c9"
7870,1,8,39.69,39.69,75.13,80.49,15.16,80.4,45.7,0.84,0.471,"wdbkwtdata.inc","FIADB REF_SPECIES to NBEL BM_REF_SPECIES to NVEL wdbkwtdata.inc","2023-10-16","38548071d5aa652bb90c7f111f86b427f798a1c9"
7872,1,8,31.2,31.2,75.13,80.49,15.16,63.2,35.9,0.84,0.476,"wdbkwtdata.inc","FIADB REF_SPECIES to NBEL BM_REF_SPECIES to NVEL wdbkwtdata.inc","2023-10-16","38548071d5aa652bb90c7f111f86b427f798a1c9"
7873,1,8,31.2,31.2,0,0,0,31.2,31.2,0,0.476,"wdbkwtdata.inc","FIADB REF_SPECIES to NBEL BM_REF_SPECIES to NVEL wdbkwtdata.inc","2023-10-16","38548071d5aa652bb90c7f111f86b427f798a1c9"
7874,1,8,31.2,31.2,75.13,80.49,15.16,63.2,35.9,0.84,0.476,"wdbkwtdata.inc","FIADB REF_SPECIES to NBEL BM_REF_SPECIES to NVEL wdbkwtdata.inc","2023-10-16","38548071d5aa652bb90c7f111f86b427f798a1c9"
7875,1,8,31.2,31.2,0,0,0,31.2,31.2,0,0.476,"wdbkwtdata.inc","FIADB REF_SPECIES to NBEL BM_REF_SPECIES to NVEL wdbkwtdata.inc","2023-10-16","38548071d5aa652bb90c7f111f86b427f798a1c9"
7876,1,8,31.2,31.2,75.13,80.49,15.16,63.2,35.9,0.84,0.476,"wdbkwtdata.inc","FIADB REF_SPECIES to NBEL BM_REF_SPECIES to NVEL wdbkwtdata.inc","2023-10-16","38548071d5aa652bb90c7f111f86b427f798a1c9"
7877,1,8,31.2,31.2,0,0,0,31.2,31.2,0,0.476,"wdbkwtdata.inc","FIADB REF_SPECIES to NBEL BM_REF_SPECIES to NVEL wdbkwtdata.inc","2023-10-16","38548071d5aa652bb90c7f111f86b427f798a1c9"
7878,1,8,31.2,31.2,0,0,0,31.2,31.2,0,0.476,"wdbkwtdata.inc","FIADB REF_SPECIES to NBEL BM_REF_SPECIES to NVEL wdbkwtdata.inc","2023-10-16","38548071d5aa652bb90c7f111f86b427f798a1c9"
7879,1,8,31.2,31.2,0,0,0,31.2,31.2,0,0.476,"wdbkwtdata.inc","FIADB REF_SPECIES to NBEL BM_REF_SPECIES to NVEL wdbkwtdata.inc","2023-10-16","38548071d5aa652bb90c7f111f86b427f798a1c9"
7880,1,8,40.56,40.56,75.13,80.49,15.16,82.1,46.7,0.84,0.47,"wdbkwtdata.inc","FIADB REF_SPECIES to NBEL BM_REF_SPECIES to NVEL wdbkwtdata.inc","2023-10-16","38548071d5aa652bb90c7f111f86b427f798a1c9"
7881,1,8,40.56,40.56,0,0,0,40.6,40.6,0,0.47,"wdbkwtdata.inc","FIADB REF_SPECIES to NBEL BM_REF_SPECIES to NVEL wdbkwtdata.inc","2023-10-16","38548071d5aa652bb90c7f111f86b427f798a1c9"
7882,1,8,40.56,40.56,0,0,0,40.6,40.6,0,0.47,"wdbkwtdata.inc","FIADB REF_SPECIES to NBEL BM_REF_SPECIES to NVEL wdbkwtdata.inc","2023-10-16","38548071d5aa652bb90c7f111f86b427f798a1c9"
7883,1,8,54.96,54.96,75.13,80.49,15.16,111.3,63.3,0.84,0.462,"wdbkwtdata.inc","FIADB REF_SPECIES to NBEL BM_REF_SPECIES to NVEL wdbkwtdata.inc","2023-10-16","38548071d5aa652bb90c7f111f86b427f798a1c9"
7884,1,8,54.96,54.96,0,0,0,55,55,0,0.462,"wdbkwtdata.inc","FIADB REF_SPECIES to NBEL BM_REF_SPECIES to NVEL wdbkwtdata.inc","2023-10-16","38548071d5aa652bb90c7f111f86b427f798a1c9"
7886,1,8,32.45,33.07,75.13,80.49,15.16,65.9,37.5,0.84,0.475,"wdbkwtdata.inc","FIADB REF_SPECIES to NBEL BM_REF_SPECIES to NVEL wdbkwtdata.inc","2023-10-16","38548071d5aa652bb90c7f111f86b427f798a1c9"
7887,1,8,32.45,33.07,75.13,80.49,15.16,65.9,37.5,0.84,0.475,"wdbkwtdata.inc","FIADB REF_SPECIES to NBEL BM_REF_SPECIES to NVEL wdbkwtdata.inc","2023-10-16","38548071d5aa652bb90c7f111f86b427f798a1c9"
7888,1,8,32.45,33.07,75.13,80.49,15.16,65.9,37.5,0.84,0.475,"wdbkwtdata.inc","FIADB REF_SPECIES to NBEL BM_REF_SPECIES to NVEL wdbkwtdata.inc","2023-10-16","38548071d5aa652bb90c7f111f86b427f798a1c9"
7889,1,8,32.45,33.07,75.13,80.49,15.16,65.9,37.5,0.84,0.475,"wdbkwtdata.inc","FIADB REF_SPECIES to NBEL BM_REF_SPECIES to NVEL wdbkwtdata.inc","2023-10-16","38548071d5aa652bb90c7f111f86b427f798a1c9"
7890,1,8,32.45,33.07,75.13,80.49,15.16,65.9,37.5,0.84,0.475,"wdbkwtdata.inc","FIADB REF_SPECIES to NBEL BM_REF_SPECIES to NVEL wdbkwtdata.inc","2023-10-16","38548071d5aa652bb90c7f111f86b427f798a1c9"
7891,1,8,32.45,33.07,75.13,80.49,15.16,65.9,37.5,0.84,0.475,"wdbkwtdata.inc","FIADB REF_SPECIES to NBEL BM_REF_SPECIES to NVEL wdbkwtdata.inc","2023-10-16","38548071d5aa652bb90c7f111f86b427f798a1c9"
7892,1,8,51.04,51.04,0,0,0,51,51,0,0.464,"wdbkwtdata.inc","FIADB REF_SPECIES to NBEL BM_REF_SPECIES to NVEL wdbkwtdata.inc","2023-10-16","38548071d5aa652bb90c7f111f86b427f798a1c9"
7893,1,8,32.45,33.07,75.13,80.49,15.16,65.9,37.5,0.84,0.475,"wdbkwtdata.inc","FIADB REF_SPECIES to NBEL BM_REF_SPECIES to NVEL wdbkwtdata.inc","2023-10-16","38548071d5aa652bb90c7f111f86b427f798a1c9"
7894,1,8,32.45,33.07,75.13,80.49,15.16,65.9,37.5,0.84,0.475,"wdbkwtdata.inc","FIADB REF_SPECIES to NBEL BM_REF_SPECIES to NVEL wdbkwtdata.inc","2023-10-16","38548071d5aa652bb90c7f111f86b427f798a1c9"
7895,1,8,32.45,33.07,75.13,80.49,15.16,65.9,37.5,0.84,0.475,"wdbkwtdata.inc","FIADB REF_SPECIES to NBEL BM_REF_SPECIES to NVEL wdbkwtdata.inc","2023-10-16","38548071d5aa652bb90c7f111f86b427f798a1c9"
7899,1,8,43.41,43.41,0,0,0,43.4,43.4,0,0.469,"wdbkwtdata.inc","FIADB REF_SPECIES to NBEL BM_REF_SPECIES to NVEL wdbkwtdata.inc","2023-10-16","38548071d5aa652bb90c7f111f86b427f798a1c9"
7900,1,8,33.7,33.7,0,0,0,33.7,33.7,0,0.474,"wdbkwtdata.inc","FIADB REF_SPECIES to NBEL BM_REF_SPECIES to NVEL wdbkwtdata.inc","2023-10-16","38548071d5aa652bb90c7f111f86b427f798a1c9"
7902,1,8,27.46,27.46,75.13,80.49,15.16,55.6,31.6,0.84,0.478,"wdbkwtdata.inc","FIADB REF_SPECIES to NBEL BM_REF_SPECIES to NVEL wdbkwtdata.inc","2023-10-16","38548071d5aa652bb90c7f111f86b427f798a1c9"
7903,1,8,27.46,27.46,75.13,80.49,15.16,55.6,31.6,0.84,0.478,"wdbkwtdata.inc","FIADB REF_SPECIES to NBEL BM_REF_SPECIES to NVEL wdbkwtdata.inc","2023-10-16","38548071d5aa652bb90c7f111f86b427f798a1c9"
7904,1,8,27.46,27.46,0,0,0,27.5,27.5,0,0.478,"wdbkwtdata.inc","FIADB REF_SPECIES to NBEL BM_REF_SPECIES to NVEL wdbkwtdata.inc","2023-10-16","38548071d5aa652bb90c7f111f86b427f798a1c9"
7905,1,8,32.45,33.07,75.13,80.49,15.16,65.9,37.5,0.84,0.475,"wdbkwtdata.inc","FIADB REF_SPECIES to NBEL BM_REF_SPECIES to NVEL wdbkwtdata.inc","2023-10-16","38548071d5aa652bb90c7f111f86b427f798a1c9"
7906,1,8,27.46,27.46,75.13,80.49,15.16,55.6,31.6,0.84,0.478,"wdbkwtdata.inc","FIADB REF_SPECIES to NBEL BM_REF_SPECIES to NVEL wdbkwtdata.inc","2023-10-16","38548071d5aa652bb90c7f111f86b427f798a1c9"
7907,1,8,32.45,33.07,75.13,80.49,15.16,65.9,37.5,0.84,0.475,"wdbkwtdata.inc","FIADB REF_SPECIES to NBEL BM_REF_SPECIES to NVEL wdbkwtdata.inc","2023-10-16","38548071d5aa652bb90c7f111f86b427f798a1c9"
7910,1,8,33.07,33.07,0,0,0,33.1,33.1,0,0.474,"wdbkwtdata.inc","FIADB REF_SPECIES to NBEL BM_REF_SPECIES to NVEL wdbkwtdata.inc","2023-10-16","38548071d5aa652bb90c7f111f86b427f798a1c9"
7911,1,8,32.45,33.07,75.13,80.49,15.16,65.9,37.5,0.84,0.475,"wdbkwtdata.inc","FIADB REF_SPECIES to NBEL BM_REF_SPECIES to NVEL wdbkwtdata.inc","2023-10-16","38548071d5aa652bb90c7f111f86b427f798a1c9"
7912,1,8,32.45,33.07,75.13,80.49,15.16,65.9,37.5,0.84,0.475,"wdbkwtdata.inc","FIADB REF_SPECIES to NBEL BM_REF_SPECIES to NVEL wdbkwtdata.inc","2023-10-16","38548071d5aa652bb90c7f111f86b427f798a1c9"
7913,1,8,46.8,46.8,0,0,0,46.8,46.8,0,0.467,"wdbkwtdata.inc","FIADB REF_SPECIES to NBEL BM_REF_SPECIES to NVEL wdbkwtdata.inc","2023-10-16","38548071d5aa652bb90c7f111f86b427f798a1c9"
7914,1,8,46.8,46.8,0,0,0,46.8,46.8,0,0.467,"wdbkwtdata.inc","FIADB REF_SPECIES to NBEL BM_REF_SPECIES to NVEL wdbkwtdata.inc","2023-10-16","38548071d5aa652bb90c7f111f86b427f798a1c9"
7915,1,8,46.8,46.8,0,0,0,46.8,46.8,0,0.467,"wdbkwtdata.inc","FIADB REF_SPECIES to NBEL BM_REF_SPECIES to NVEL wdbkwtdata.inc","2023-10-16","38548071d5aa652bb90c7f111f86b427f798a1c9"
7916,1,8,46.8,46.8,0,0,0,46.8,46.8,0,0.467,"wdbkwtdata.inc","FIADB REF_SPECIES to NBEL BM_REF_SPECIES to NVEL wdbkwtdata.inc","2023-10-16","38548071d5aa652bb90c7f111f86b427f798a1c9"
7918,1,8,46.8,46.8,0,0,0,46.8,46.8,0,0.467,"wdbkwtdata.inc","FIADB REF_SPECIES to NBEL BM_REF_SPECIES to NVEL wdbkwtdata.inc","2023-10-16","38548071d5aa652bb90c7f111f86b427f798a1c9"
7919,1,8,46.8,46.8,0,0,0,46.8,46.8,0,0.467,"wdbkwtdata.inc","FIADB REF_SPECIES to NBEL BM_REF_SPECIES to NVEL wdbkwtdata.inc","2023-10-16","38548071d5aa652bb90c7f111f86b427f798a1c9"
7920,1,8,46.8,46.8,0,0,0,46.8,46.8,0,0.467,"wdbkwtdata.inc","FIADB REF_SPECIES to NBEL BM_REF_SPECIES to NVEL wdbkwtdata.inc","2023-10-16","38548071d5aa652bb90c7f111f86b427f798a1c9"
7921,1,8,33.07,33.07,75.13,80.49,15.16,67,38.1,0.84,0.474,"wdbkwtdata.inc","FIADB REF_SPECIES to NBEL BM_REF_SPECIES to NVEL wdbkwtdata.inc","2023-10-16","38548071d5aa652bb90c7f111f86b427f798a1c9"
7922,1,8,33.07,33.07,75.13,80.49,15.16,67,38.1,0.84,0.474,"wdbkwtdata.inc","FIADB REF_SPECIES to NBEL BM_REF_SPECIES to NVEL wdbkwtdata.inc","2023-10-16","38548071d5aa652bb90c7f111f86b427f798a1c9"
7923,1,8,46.8,46.8,0,0,0,46.8,46.8,0,0.467,"wdbkwtdata.inc","FIADB REF_SPECIES to NBEL BM_REF_SPECIES to NVEL wdbkwtdata.inc","2023-10-16","38548071d5aa652bb90c7f111f86b427f798a1c9"
7924,1,8,46.8,46.8,0,0,0,46.8,46.8,0,0.467,"wdbkwtdata.inc","FIADB REF_SPECIES to NBEL BM_REF_SPECIES to NVEL wdbkwtdata.inc","2023-10-16","38548071d5aa652bb90c7f111f86b427f798a1c9"
7925,1,8,46.8,46.8,75.13,80.49,15.16,94.8,53.9,0.84,0.467,"wdbkwtdata.inc","FIADB REF_SPECIES to NBEL BM_REF_SPECIES to NVEL wdbkwtdata.inc","2023-10-16","38548071d5aa652bb90c7f111f86b427f798a1c9"
7926,1,8,33.07,33.07,75.13,80.49,15.16,67,38.1,0.84,0.474,"wdbkwtdata.inc","FIADB REF_SPECIES to NBEL BM_REF_SPECIES to NVEL wdbkwtdata.inc","2023-10-16","38548071d5aa652bb90c7f111f86b427f798a1c9"
7927,1,8,33.07,33.07,75.13,80.49,15.16,67,38.1,0.84,0.474,"wdbkwtdata.inc","FIADB REF_SPECIES to NBEL BM_REF_SPECIES to NVEL wdbkwtdata.inc","2023-10-16","38548071d5aa652bb90c7f111f86b427f798a1c9"
7928,1,8,46.8,46.8,0,0,0,46.8,46.8,0,0.467,"wdbkwtdata.inc","FIADB REF_SPECIES to NBEL BM_REF_SPECIES to NVEL wdbkwtdata.inc","2023-10-16","38548071d5aa652bb90c7f111f86b427f798a1c9"
7929,1,8,49.3,49.3,75.13,80.49,15.16,99.8,56.8,0.84,0.465,"wdbkwtdata.inc","FIADB REF_SPECIES to NBEL BM_REF_SPECIES to NVEL wdbkwtdata.inc","2023-10-16","38548071d5aa652bb90c7f111f86b427f798a1c9"
7932,1,8,32.45,33.07,75.13,80.49,15.16,65.9,37.5,0.84,0.475,"wdbkwtdata.inc","FIADB REF_SPECIES to NBEL BM_REF_SPECIES to NVEL wdbkwtdata.inc","2023-10-16","38548071d5aa652bb90c7f111f86b427f798a1c9"
7933,1,8,32.45,33.07,75.13,80.49,15.16,65.9,37.5,0.84,0.475,"wdbkwtdata.inc","FIADB REF_SPECIES to NBEL BM_REF_SPECIES to NVEL wdbkwtdata.inc","2023-10-16","38548071d5aa652bb90c7f111f86b427f798a1c9"
7934,1,8,32.45,33.07,75.13,80.49,15.16,65.9,37.5,0.84,0.475,"wdbkwtdata.inc","FIADB REF_SPECIES to NBEL BM_REF_SPECIES to NVEL wdbkwtdata.inc","2023-10-16","38548071d5aa652bb90c7f111f86b427f798a1c9"
7935,1,8,32.45,33.07,75.13,80.49,15.16,65.9,37.5,0.84,0.475,"wdbkwtdata.inc","FIADB REF_SPECIES to NBEL BM_REF_SPECIES to NVEL wdbkwtdata.inc","2023-10-16","38548071d5aa652bb90c7f111f86b427f798a1c9"
7936,1,8,32.45,33.07,75.13,80.49,15.16,65.9,37.5,0.84,0.475,"wdbkwtdata.inc","FIADB REF_SPECIES to NBEL BM_REF_SPECIES to NVEL wdbkwtdata.inc","2023-10-16","38548071d5aa652bb90c7f111f86b427f798a1c9"
7939,1,8,32.45,33.07,75.13,80.49,15.16,65.9,37.5,0.84,0.475,"wdbkwtdata.inc","FIADB REF_SPECIES to NBEL BM_REF_SPECIES to NVEL wdbkwtdata.inc","2023-10-16","38548071d5aa652bb90c7f111f86b427f798a1c9"
7940,1,8,32.45,33.07,75.13,80.49,15.16,65.9,37.5,0.84,0.475,"wdbkwtdata.inc","FIADB REF_SPECIES to NBEL BM_REF_SPECIES to NVEL wdbkwtdata.inc","2023-10-16","38548071d5aa652bb90c7f111f86b427f798a1c9"
7942,1,8,33.07,33.07,75.13,80.49,15.16,67,38.1,0.84,0.474,"wdbkwtdata.inc","FIADB REF_SPECIES to NBEL BM_REF_SPECIES to NVEL wdbkwtdata.inc","2023-10-16","38548071d5aa652bb90c7f111f86b427f798a1c9"
7944,1,8,32.45,33.07,75.13,80.49,15.16,65.9,37.5,0.84,0.475,"wdbkwtdata.inc","FIADB REF_SPECIES to NBEL BM_REF_SPECIES to NVEL wdbkwtdata.inc","2023-10-16","38548071d5aa652bb90c7f111f86b427f798a1c9"
7946,1,8,32.45,33.07,75.13,80.49,15.16,65.9,37.5,0.84,0.475,"wdbkwtdata.inc","FIADB REF_SPECIES to NBEL BM_REF_SPECIES to NVEL wdbkwtdata.inc","2023-10-16","38548071d5aa652bb90c7f111f86b427f798a1c9"
7948,1,8,41.81,41.81,75.13,80.49,15.16,84.7,48.1,0.84,0.47,"wdbkwtdata.inc","FIADB REF_SPECIES to NBEL BM_REF_SPECIES to NVEL wdbkwtdata.inc","2023-10-16","38548071d5aa652bb90c7f111f86b427f798a1c9"
7952,1,8,38.52,38.52,75.13,80.49,15.16,78,44.4,0.84,0.42,"wdbkwtdata.inc","FIADB REF_SPECIES to NBEL BM_REF_SPECIES to NVEL wdbkwtdata.inc","2023-10-16","38548071d5aa652bb90c7f111f86b427f798a1c9"
7953,1,8,32.45,33.07,75.13,80.49,15.16,65.9,37.5,0.84,0.475,"wdbkwtdata.inc","FIADB REF_SPECIES to NBEL BM_REF_SPECIES to NVEL wdbkwtdata.inc","2023-10-16","38548071d5aa652bb90c7f111f86b427f798a1c9"
7954,1,8,21.22,21.22,0,0,0,21.2,21.2,0,0.481,"wdbkwtdata.inc","FIADB REF_SPECIES to NBEL BM_REF_SPECIES to NVEL wdbkwtdata.inc","2023-10-16","38548071d5aa652bb90c7f111f86b427f798a1c9"
7956,1,8,32.45,33.07,75.13,80.49,15.16,65.9,37.5,0.84,0.475,"wdbkwtdata.inc","FIADB REF_SPECIES to NBEL BM_REF_SPECIES to NVEL wdbkwtdata.inc","2023-10-16","38548071d5aa652bb90c7f111f86b427f798a1c9"
7958,1,8,42.87,42.87,0,0,0,42.9,42.9,0,0.469,"wdbkwtdata.inc","FIADB REF_SPECIES to NBEL BM_REF_SPECIES to NVEL wdbkwtdata.inc","2023-10-16","38548071d5aa652bb90c7f111f86b427f798a1c9"
7960,1,8,41.36,41.36,75.13,80.49,15.16,83.8,47.6,0.84,0.47,"wdbkwtdata.inc","FIADB REF_SPECIES to NBEL BM_REF_SPECIES to NVEL wdbkwtdata.inc","2023-10-16","38548071d5aa652bb90c7f111f86b427f798a1c9"
7961,1,8,41.36,41.36,0,0,0,41.4,41.4,0,0.47,"wdbkwtdata.inc","FIADB REF_SPECIES to NBEL BM_REF_SPECIES to NVEL wdbkwtdata.inc","2023-10-16","38548071d5aa652bb90c7f111f86b427f798a1c9"
7962,1,8,21.22,21.22,75.13,80.49,15.16,43,24.4,0.84,0.481,"wdbkwtdata.inc","FIADB REF_SPECIES to NBEL BM_REF_SPECIES to NVEL wdbkwtdata.inc","2023-10-16","38548071d5aa652bb90c7f111f86b427f798a1c9"
7964,1,8,27.46,27.46,0,0,0,27.5,27.5,0,0.478,"wdbkwtdata.inc","FIADB REF_SPECIES to NBEL BM_REF_SPECIES to NVEL wdbkwtdata.inc","2023-10-16","38548071d5aa652bb90c7f111f86b427f798a1c9"
7965,1,8,27.46,27.46,0,0,0,27.5,27.5,0,0.478,"wdbkwtdata.inc","FIADB REF_SPECIES to NBEL BM_REF_SPECIES to NVEL wdbkwtdata.inc","2023-10-16","38548071d5aa652bb90c7f111f86b427f798a1c9"
7966,1,8,27.46,27.46,0,0,0,27.5,27.5,0,0.478,"wdbkwtdata.inc","FIADB REF_SPECIES to NBEL BM_REF_SPECIES to NVEL wdbkwtdata.inc","2023-10-16","38548071d5aa652bb90c7f111f86b427f798a1c9"
7967,1,8,27.46,27.46,0,0,0,27.5,27.5,0,0.478,"wdbkwtdata.inc","FIADB REF_SPECIES to NBEL BM_REF_SPECIES to NVEL wdbkwtdata.inc","2023-10-16","38548071d5aa652bb90c7f111f86b427f798a1c9"
7968,1,8,27.46,27.46,0,0,0,27.5,27.5,0,0.478,"wdbkwtdata.inc","FIADB REF_SPECIES to NBEL BM_REF_SPECIES to NVEL wdbkwtdata.inc","2023-10-16","38548071d5aa652bb90c7f111f86b427f798a1c9"
7969,1,8,27.46,27.46,0,0,0,27.5,27.5,0,0.478,"wdbkwtdata.inc","FIADB REF_SPECIES to NBEL BM_REF_SPECIES to NVEL wdbkwtdata.inc","2023-10-16","38548071d5aa652bb90c7f111f86b427f798a1c9"
7970,1,8,27.46,27.46,0,0,0,27.5,27.5,0,0.478,"wdbkwtdata.inc","FIADB REF_SPECIES to NBEL BM_REF_SPECIES to NVEL wdbkwtdata.inc","2023-10-16","38548071d5aa652bb90c7f111f86b427f798a1c9"
7971,1,8,29.95,29.95,0,0,0,30,30,0,0.476,"wdbkwtdata.inc","FIADB REF_SPECIES to NBEL BM_REF_SPECIES to NVEL wdbkwtdata.inc","2023-10-16","38548071d5aa652bb90c7f111f86b427f798a1c9"
7972,1,8,29.95,29.95,0,0,0,30,30,0,0.476,"wdbkwtdata.inc","FIADB REF_SPECIES to NBEL BM_REF_SPECIES to NVEL wdbkwtdata.inc","2023-10-16","38548071d5aa652bb90c7f111f86b427f798a1c9"
7974,1,8,29.95,29.95,75.13,80.49,15.16,60.7,34.5,0.84,0.476,"wdbkwtdata.inc","FIADB REF_SPECIES to NBEL BM_REF_SPECIES to NVEL wdbkwtdata.inc","2023-10-16","38548071d5aa652bb90c7f111f86b427f798a1c9"
7976,1,8,32.45,33.07,75.13,80.49,15.16,65.9,37.5,0.84,0.475,"wdbkwtdata.inc","FIADB REF_SPECIES to NBEL BM_REF_SPECIES to NVEL wdbkwtdata.inc","2023-10-16","38548071d5aa652bb90c7f111f86b427f798a1c9"
7977,1,8,46.47,46.47,0,0,0,46.5,46.5,0,0.467,"wdbkwtdata.inc","FIADB REF_SPECIES to NBEL BM_REF_SPECIES to NVEL wdbkwtdata.inc","2023-10-16","38548071d5aa652bb90c7f111f86b427f798a1c9"
7978,1,8,46.47,46.47,75.13,80.49,15.16,94.1,53.5,0.84,0.467,"wdbkwtdata.inc","FIADB REF_SPECIES to NBEL BM_REF_SPECIES to NVEL wdbkwtdata.inc","2023-10-16","38548071d5aa652bb90c7f111f86b427f798a1c9"
7980,1,8,32.45,33.07,75.13,80.49,15.16,65.9,37.5,0.84,0.484,"wdbkwtdata.inc","FIADB REF_SPECIES to NBEL BM_REF_SPECIES to NVEL wdbkwtdata.inc","2023-10-16","38548071d5aa652bb90c7f111f86b427f798a1c9"
7982,1,8,28.7,28.7,0,0,0,28.7,28.7,0,0.477,"wdbkwtdata.inc","FIADB REF_SPECIES to NBEL BM_REF_SPECIES to NVEL wdbkwtdata.inc","2023-10-16","38548071d5aa652bb90c7f111f86b427f798a1c9"
7983,1,8,28.7,28.7,0,0,0,28.7,28.7,0,0.477,"wdbkwtdata.inc","FIADB REF_SPECIES to NBEL BM_REF_SPECIES to NVEL wdbkwtdata.inc","2023-10-16","38548071d5aa652bb90c7f111f86b427f798a1c9"
7984,1,8,28.7,28.7,0,0,0,28.7,28.7,0,0.477,"wdbkwtdata.inc","FIADB REF_SPECIES to NBEL BM_REF_SPECIES to NVEL wdbkwtdata.inc","2023-10-16","38548071d5aa652bb90c7f111f86b427f798a1c9"
7985,1,8,28.7,28.7,0,0,0,28.7,28.7,0,0.477,"wdbkwtdata.inc","FIADB REF_SPECIES to NBEL BM_REF_SPECIES to NVEL wdbkwtdata.inc","2023-10-16","38548071d5aa652bb90c7f111f86b427f798a1c9"
7986,1,8,28.7,28.7,0,0,0,28.7,28.7,0,0.477,"wdbkwtdata.inc","FIADB REF_SPECIES to NBEL BM_REF_SPECIES to NVEL wdbkwtdata.inc","2023-10-16","38548071d5aa652bb90c7f111f86b427f798a1c9"
7987,1,8,28.7,28.7,75.13,80.49,15.16,58.1,33.1,0.84,0.477,"wdbkwtdata.inc","FIADB REF_SPECIES to NBEL BM_REF_SPECIES to NVEL wdbkwtdata.inc","2023-10-16","38548071d5aa652bb90c7f111f86b427f798a1c9"
7990,1,8,32.45,33.07,75.13,80.49,15.16,65.9,37.5,0.84,0.475,"wdbkwtdata.inc","FIADB REF_SPECIES to NBEL BM_REF_SPECIES to NVEL wdbkwtdata.inc","2023-10-16","38548071d5aa652bb90c7f111f86b427f798a1c9"
7991,1,8,32.45,33.07,75.13,80.49,15.16,65.9,37.5,0.84,0.475,"wdbkwtdata.inc","FIADB REF_SPECIES to NBEL BM_REF_SPECIES to NVEL wdbkwtdata.inc","2023-10-16","38548071d5aa652bb90c7f111f86b427f798a1c9"
7994,1,8,32.45,33.07,75.13,80.49,15.16,65.9,37.5,0.84,0.475,"wdbkwtdata.inc","FIADB REF_SPECIES to NBEL BM_REF_SPECIES to NVEL wdbkwtdata.inc","2023-10-16","38548071d5aa652bb90c7f111f86b427f798a1c9"
7996,1,8,32.45,33.07,75.13,80.49,15.16,65.9,37.5,0.84,0.475,"wdbkwtdata.inc","FIADB REF_SPECIES to NBEL BM_REF_SPECIES to NVEL wdbkwtdata.inc","2023-10-16","38548071d5aa652bb90c7f111f86b427f798a1c9"
7997,1,8,32.45,33.07,75.13,80.49,15.16,65.9,37.5,0.84,0.475,"wdbkwtdata.inc","FIADB REF_SPECIES to NBEL BM_REF_SPECIES to NVEL wdbkwtdata.inc","2023-10-16","38548071d5aa652bb90c7f111f86b427f798a1c9"
7999,1,8,32.45,33.07,75.13,80.49,15.16,65.9,37.5,0.84,0.475,"wdbkwtdata.inc","FIADB REF_SPECIES to NBEL BM_REF_SPECIES to NVEL wdbkwtdata.inc","2023-10-16","38548071d5aa652bb90c7f111f86b427f798a1c9"
8000,1,8,31.2,31.2,0,0,0,31.2,31.2,0,0.476,"wdbkwtdata.inc","FIADB REF_SPECIES to NBEL BM_REF_SPECIES to NVEL wdbkwtdata.inc","2023-10-16","38548071d5aa652bb90c7f111f86b427f798a1c9"
8001,1,8,32.45,33.07,75.13,80.49,15.16,65.9,37.5,0.84,0.475,"wdbkwtdata.inc","FIADB REF_SPECIES to NBEL BM_REF_SPECIES to NVEL wdbkwtdata.inc","2023-10-16","38548071d5aa652bb90c7f111f86b427f798a1c9"
8003,1,8,32.45,33.07,75.13,80.49,15.16,65.9,37.5,0.84,0.475,"wdbkwtdata.inc","FIADB REF_SPECIES to NBEL BM_REF_SPECIES to NVEL wdbkwtdata.inc","2023-10-16","38548071d5aa652bb90c7f111f86b427f798a1c9"
8004,1,8,32.45,33.07,75.13,80.49,15.16,65.9,37.5,0.84,0.475,"wdbkwtdata.inc","FIADB REF_SPECIES to NBEL BM_REF_SPECIES to NVEL wdbkwtdata.inc","2023-10-16","38548071d5aa652bb90c7f111f86b427f798a1c9"
8007,1,8,46.8,46.8,0,0,0,46.8,46.8,0,0.467,"wdbkwtdata.inc","FIADB REF_SPECIES to NBEL BM_REF_SPECIES to NVEL wdbkwtdata.inc","2023-10-16","38548071d5aa652bb90c7f111f86b427f798a1c9"
8008,1,8,17.19,17.19,0,0,0,17.2,17.2,0,0.483,"wdbkwtdata.inc","FIADB REF_SPECIES to NBEL BM_REF_SPECIES to NVEL wdbkwtdata.inc","2023-10-16","38548071d5aa652bb90c7f111f86b427f798a1c9"
8009,1,8,17.19,17.19,75.13,80.49,15.16,34.8,19.8,0.84,0.483,"wdbkwtdata.inc","FIADB REF_SPECIES to NBEL BM_REF_SPECIES to NVEL wdbkwtdata.inc","2023-10-16","38548071d5aa652bb90c7f111f86b427f798a1c9"
8010,1,8,17.19,17.19,0,0,0,17.2,17.2,0,0.483,"wdbkwtdata.inc","FIADB REF_SPECIES to NBEL BM_REF_SPECIES to NVEL wdbkwtdata.inc","2023-10-16","38548071d5aa652bb90c7f111f86b427f798a1c9"
8011,1,8,27.46,27.46,75.13,80.49,15.16,55.6,31.6,0.84,0.478,"wdbkwtdata.inc","FIADB REF_SPECIES to NBEL BM_REF_SPECIES to NVEL wdbkwtdata.inc","2023-10-16","38548071d5aa652bb90c7f111f86b427f798a1c9"
8013,1,8,33.7,33.7,0,0,0,33.7,33.7,0,0.474,"wdbkwtdata.inc","FIADB REF_SPECIES to NBEL BM_REF_SPECIES to NVEL wdbkwtdata.inc","2023-10-16","38548071d5aa652bb90c7f111f86b427f798a1c9"
8014,1,8,33.7,33.7,0,0,0,33.7,33.7,0,0.474,"wdbkwtdata.inc","FIADB REF_SPECIES to NBEL BM_REF_SPECIES to NVEL wdbkwtdata.inc","2023-10-16","38548071d5aa652bb90c7f111f86b427f798a1c9"
8015,1,8,33.7,33.7,0,0,0,33.7,33.7,0,0.474,"wdbkwtdata.inc","FIADB REF_SPECIES to NBEL BM_REF_SPECIES to NVEL wdbkwtdata.inc","2023-10-16","38548071d5aa652bb90c7f111f86b427f798a1c9"
8018,1,8,33.7,33.7,0,0,0,33.7,33.7,0,0.474,"wdbkwtdata.inc","FIADB REF_SPECIES to NBEL BM_REF_SPECIES to NVEL wdbkwtdata.inc","2023-10-16","38548071d5aa652bb90c7f111f86b427f798a1c9"
8019,1,8,26.83,26.83,75.13,80.49,15.16,54.3,30.9,0.84,0.478,"wdbkwtdata.inc","FIADB REF_SPECIES to NBEL BM_REF_SPECIES to NVEL wdbkwtdata.inc","2023-10-16","38548071d5aa652bb90c7f111f86b427f798a1c9"
8020,1,8,32.45,33.07,75.13,80.49,15.16,65.9,37.5,0.84,0.475,"wdbkwtdata.inc","FIADB REF_SPECIES to NBEL BM_REF_SPECIES to NVEL wdbkwtdata.inc","2023-10-16","38548071d5aa652bb90c7f111f86b427f798a1c9"
8022,1,8,23.09,23.09,75.13,80.49,15.16,46.8,26.6,0.84,0.48,"wdbkwtdata.inc","FIADB REF_SPECIES to NBEL BM_REF_SPECIES to NVEL wdbkwtdata.inc","2023-10-16","38548071d5aa652bb90c7f111f86b427f798a1c9"
8023,1,8,23.09,23.09,75.13,80.49,15.16,46.8,26.6,0.84,0.48,"wdbkwtdata.inc","FIADB REF_SPECIES to NBEL BM_REF_SPECIES to NVEL wdbkwtdata.inc","2023-10-16","38548071d5aa652bb90c7f111f86b427f798a1c9"
8024,1,8,23.09,23.09,75.13,80.49,15.16,46.8,26.6,0.84,0.48,"wdbkwtdata.inc","FIADB REF_SPECIES to NBEL BM_REF_SPECIES to NVEL wdbkwtdata.inc","2023-10-16","38548071d5aa652bb90c7f111f86b427f798a1c9"
8027,1,8,32.45,33.07,75.13,80.49,15.16,65.9,37.5,0.84,0.475,"wdbkwtdata.inc","FIADB REF_SPECIES to NBEL BM_REF_SPECIES to NVEL wdbkwtdata.inc","2023-10-16","38548071d5aa652bb90c7f111f86b427f798a1c9"
8029,1,8,32.45,33.07,75.13,80.49,15.16,65.9,37.5,0.84,0.475,"wdbkwtdata.inc","FIADB REF_SPECIES to NBEL BM_REF_SPECIES to NVEL wdbkwtdata.inc","2023-10-16","38548071d5aa652bb90c7f111f86b427f798a1c9"
8030,1,8,32.45,33.07,75.13,80.49,15.16,65.9,37.5,0.84,0.475,"wdbkwtdata.inc","FIADB REF_SPECIES to NBEL BM_REF_SPECIES to NVEL wdbkwtdata.inc","2023-10-16","38548071d5aa652bb90c7f111f86b427f798a1c9"
8032,1,8,32.45,33.07,75.13,80.49,15.16,65.9,37.5,0.84,0.475,"wdbkwtdata.inc","FIADB REF_SPECIES to NBEL BM_REF_SPECIES to NVEL wdbkwtdata.inc","2023-10-16","38548071d5aa652bb90c7f111f86b427f798a1c9"
8033,1,8,32.45,33.07,75.13,80.49,15.16,65.9,37.5,0.84,0.475,"wdbkwtdata.inc","FIADB REF_SPECIES to NBEL BM_REF_SPECIES to NVEL wdbkwtdata.inc","2023-10-16","38548071d5aa652bb90c7f111f86b427f798a1c9"
8034,1,8,32.45,33.07,75.13,80.49,15.16,65.9,37.5,0.84,0.475,"wdbkwtdata.inc","FIADB REF_SPECIES to NBEL BM_REF_SPECIES to NVEL wdbkwtdata.inc","2023-10-16","38548071d5aa652bb90c7f111f86b427f798a1c9"
8036,1,8,23.09,23.09,0,0,0,23.1,23.1,0,0.418,"wdbkwtdata.inc","FIADB REF_SPECIES to NBEL BM_REF_SPECIES to NVEL wdbkwtdata.inc","2023-10-16","38548071d5aa652bb90c7f111f86b427f798a1c9"
8037,1,8,32.45,33.07,75.13,80.49,15.16,65.9,37.5,0.84,0.475,"wdbkwtdata.inc","FIADB REF_SPECIES to NBEL BM_REF_SPECIES to NVEL wdbkwtdata.inc","2023-10-16","38548071d5aa652bb90c7f111f86b427f798a1c9"
8044,1,8,26.86,26.86,75.13,80.49,15.16,54.4,30.9,0.84,0.478,"wdbkwtdata.inc","FIADB REF_SPECIES to NBEL BM_REF_SPECIES to NVEL wdbkwtdata.inc","2023-10-16","38548071d5aa652bb90c7f111f86b427f798a1c9"
8045,1,8,32.45,33.07,75.13,80.49,15.16,65.9,37.5,0.84,0.475,"wdbkwtdata.inc","FIADB REF_SPECIES to NBEL BM_REF_SPECIES to NVEL wdbkwtdata.inc","2023-10-16","38548071d5aa652bb90c7f111f86b427f798a1c9"
8047,1,8,32.45,33.07,75.13,80.49,15.16,65.9,37.5,0.84,0.475,"wdbkwtdata.inc","FIADB REF_SPECIES to NBEL BM_REF_SPECIES to NVEL wdbkwtdata.inc","2023-10-16","38548071d5aa652bb90c7f111f86b427f798a1c9"
8049,1,8,32.45,33.07,75.13,80.49,15.16,65.9,37.5,0.84,0.475,"wdbkwtdata.inc","FIADB REF_SPECIES to NBEL BM_REF_SPECIES to NVEL wdbkwtdata.inc","2023-10-16","38548071d5aa652bb90c7f111f86b427f798a1c9"
8051,1,8,32.45,33.07,75.13,80.49,15.16,65.9,37.5,0.84,0.462,"wdbkwtdata.inc","FIADB REF_SPECIES to NBEL BM_REF_SPECIES to NVEL wdbkwtdata.inc","2023-10-16","38548071d5aa652bb90c7f111f86b427f798a1c9"
8053,1,8,20.65,20.65,75.13,80.49,15.16,41.8,23.8,0.84,0.481,"wdbkwtdata.inc","FIADB REF_SPECIES to NBEL BM_REF_SPECIES to NVEL wdbkwtdata.inc","2023-10-16","38548071d5aa652bb90c7f111f86b427f798a1c9"
8054,1,8,20.65,20.65,75.13,80.49,15.16,41.8,23.8,0.84,0.481,"wdbkwtdata.inc","FIADB REF_SPECIES to NBEL BM_REF_SPECIES to NVEL wdbkwtdata.inc","2023-10-16","38548071d5aa652bb90c7f111f86b427f798a1c9"
8055,1,8,20.65,20.65,75.13,80.49,15.16,41.8,23.8,0.84,0.481,"wdbkwtdata.inc","FIADB REF_SPECIES to NBEL BM_REF_SPECIES to NVEL wdbkwtdata.inc","2023-10-16","38548071d5aa652bb90c7f111f86b427f798a1c9"
8056,1,8,20.65,20.65,0,0,0,20.6,20.6,0,0.481,"wdbkwtdata.inc","FIADB REF_SPECIES to NBEL BM_REF_SPECIES to NVEL wdbkwtdata.inc","2023-10-16","38548071d5aa652bb90c7f111f86b427f798a1c9"
8057,1,8,20.65,20.65,0,0,0,20.6,20.6,0,0.481,"wdbkwtdata.inc","FIADB REF_SPECIES to NBEL BM_REF_SPECIES to NVEL wdbkwtdata.inc","2023-10-16","38548071d5aa652bb90c7f111f86b427f798a1c9"
8058,1,8,20.65,20.65,75.13,80.49,15.16,41.8,23.8,0.84,0.481,"wdbkwtdata.inc","FIADB REF_SPECIES to NBEL BM_REF_SPECIES to NVEL wdbkwtdata.inc","2023-10-16","38548071d5aa652bb90c7f111f86b427f798a1c9"
8059,1,8,20.65,20.65,0,0,0,20.6,20.6,0,0.481,"wdbkwtdata.inc","FIADB REF_SPECIES to NBEL BM_REF_SPECIES to NVEL wdbkwtdata.inc","2023-10-16","38548071d5aa652bb90c7f111f86b427f798a1c9"
8060,1,8,20.65,20.65,75.13,80.49,15.16,41.8,23.8,0.84,0.481,"wdbkwtdata.inc","FIADB REF_SPECIES to NBEL BM_REF_SPECIES to NVEL wdbkwtdata.inc","2023-10-16","38548071d5aa652bb90c7f111f86b427f798a1c9"
8061,1,8,20.65,20.65,0,0,0,20.6,20.6,0,0.481,"wdbkwtdata.inc","FIADB REF_SPECIES to NBEL BM_REF_SPECIES to NVEL wdbkwtdata.inc","2023-10-16","38548071d5aa652bb90c7f111f86b427f798a1c9"
8062,1,8,20.65,20.65,0,0,0,20.6,20.6,0,0.481,"wdbkwtdata.inc","FIADB REF_SPECIES to NBEL BM_REF_SPECIES to NVEL wdbkwtdata.inc","2023-10-16","38548071d5aa652bb90c7f111f86b427f798a1c9"
8063,1,8,20.65,20.65,0,0,0,20.6,20.6,0,0.481,"wdbkwtdata.inc","FIADB REF_SPECIES to NBEL BM_REF_SPECIES to NVEL wdbkwtdata.inc","2023-10-16","38548071d5aa652bb90c7f111f86b427f798a1c9"
8064,1,8,20.65,20.65,0,0,0,20.6,20.6,0,0.481,"wdbkwtdata.inc","FIADB REF_SPECIES to NBEL BM_REF_SPECIES to NVEL wdbkwtdata.inc","2023-10-16","38548071d5aa652bb90c7f111f86b427f798a1c9"
8065,1,8,20.65,20.65,0,0,0,20.6,20.6,0,0.481,"wdbkwtdata.inc","FIADB REF_SPECIES to NBEL BM_REF_SPECIES to NVEL wdbkwtdata.inc","2023-10-16","38548071d5aa652bb90c7f111f86b427f798a1c9"
8066,1,8,20.65,20.65,0,0,0,20.6,20.6,0,0.481,"wdbkwtdata.inc","FIADB REF_SPECIES to NBEL BM_REF_SPECIES to NVEL wdbkwtdata.inc","2023-10-16","38548071d5aa652bb90c7f111f86b427f798a1c9"
8067,1,8,20.65,20.65,75.13,80.49,15.16,41.8,23.8,0.84,0.481,"wdbkwtdata.inc","FIADB REF_SPECIES to NBEL BM_REF_SPECIES to NVEL wdbkwtdata.inc","2023-10-16","38548071d5aa652bb90c7f111f86b427f798a1c9"
8068,1,8,20.65,20.65,0,0,0,20.6,20.6,0,0.481,"wdbkwtdata.inc","FIADB REF_SPECIES to NBEL BM_REF_SPECIES to NVEL wdbkwtdata.inc","2023-10-16","38548071d5aa652bb90c7f111f86b427f798a1c9"
8069,1,8,20.65,20.65,0,0,0,20.6,20.6,0,0.481,"wdbkwtdata.inc","FIADB REF_SPECIES to NBEL BM_REF_SPECIES to NVEL wdbkwtdata.inc","2023-10-16","38548071d5aa652bb90c7f111f86b427f798a1c9"
8070,1,8,20.65,20.65,0,0,0,20.6,20.6,0,0.481,"wdbkwtdata.inc","FIADB REF_SPECIES to NBEL BM_REF_SPECIES to NVEL wdbkwtdata.inc","2023-10-16","38548071d5aa652bb90c7f111f86b427f798a1c9"
8071,1,8,20.65,20.65,0,0,0,20.6,20.6,0,0.481,"wdbkwtdata.inc","FIADB REF_SPECIES to NBEL BM_REF_SPECIES to NVEL wdbkwtdata.inc","2023-10-16","38548071d5aa652bb90c7f111f86b427f798a1c9"
8072,1,8,20.65,20.65,75.13,80.49,15.16,41.8,23.8,0.84,0.481,"wdbkwtdata.inc","FIADB REF_SPECIES to NBEL BM_REF_SPECIES to NVEL wdbkwtdata.inc","2023-10-16","38548071d5aa652bb90c7f111f86b427f798a1c9"
8073,1,8,20.65,20.65,0,0,0,20.6,20.6,0,0.481,"wdbkwtdata.inc","FIADB REF_SPECIES to NBEL BM_REF_SPECIES to NVEL wdbkwtdata.inc","2023-10-16","38548071d5aa652bb90c7f111f86b427f798a1c9"
8074,1,8,34.32,34.32,75.13,80.49,15.16,69.5,39.5,0.84,0.474,"wdbkwtdata.inc","FIADB REF_SPECIES to NBEL BM_REF_SPECIES to NVEL wdbkwtdata.inc","2023-10-16","38548071d5aa652bb90c7f111f86b427f798a1c9"
8075,1,8,20.65,20.65,0,0,0,20.6,20.6,0,0.481,"wdbkwtdata.inc","FIADB REF_SPECIES to NBEL BM_REF_SPECIES to NVEL wdbkwtdata.inc","2023-10-16","38548071d5aa652bb90c7f111f86b427f798a1c9"
8076,1,8,20.65,20.65,75.13,80.49,15.16,41.8,23.8,0.84,0.481,"wdbkwtdata.inc","FIADB REF_SPECIES to NBEL BM_REF_SPECIES to NVEL wdbkwtdata.inc","2023-10-16","38548071d5aa652bb90c7f111f86b427f798a1c9"
8077,1,8,20.65,20.65,0,0,0,20.6,20.6,0,0.481,"wdbkwtdata.inc","FIADB REF_SPECIES to NBEL BM_REF_SPECIES to NVEL wdbkwtdata.inc","2023-10-16","38548071d5aa652bb90c7f111f86b427f798a1c9"
8078,1,8,20.65,20.65,75.13,80.49,15.16,41.8,23.8,0.84,0.481,"wdbkwtdata.inc","FIADB REF_SPECIES to NBEL BM_REF_SPECIES to NVEL wdbkwtdata.inc","2023-10-16","38548071d5aa652bb90c7f111f86b427f798a1c9"
8079,1,8,20.65,20.65,75.13,80.49,15.16,41.8,23.8,0.84,0.481,"wdbkwtdata.inc","FIADB REF_SPECIES to NBEL BM_REF_SPECIES to NVEL wdbkwtdata.inc","2023-10-16","38548071d5aa652bb90c7f111f86b427f798a1c9"
8080,1,8,20.65,20.65,0,0,0,20.6,20.6,0,0.481,"wdbkwtdata.inc","FIADB REF_SPECIES to NBEL BM_REF_SPECIES to NVEL wdbkwtdata.inc","2023-10-16","38548071d5aa652bb90c7f111f86b427f798a1c9"
8081,1,8,20.65,20.65,0,0,0,20.6,20.6,0,0.481,"wdbkwtdata.inc","FIADB REF_SPECIES to NBEL BM_REF_SPECIES to NVEL wdbkwtdata.inc","2023-10-16","38548071d5aa652bb90c7f111f86b427f798a1c9"
8082,1,8,20.65,20.65,0,0,0,20.6,20.6,0,0.481,"wdbkwtdata.inc","FIADB REF_SPECIES to NBEL BM_REF_SPECIES to NVEL wdbkwtdata.inc","2023-10-16","38548071d5aa652bb90c7f111f86b427f798a1c9"
8083,1,8,20.65,20.65,0,0,0,20.6,20.6,0,0.481,"wdbkwtdata.inc","FIADB REF_SPECIES to NBEL BM_REF_SPECIES to NVEL wdbkwtdata.inc","2023-10-16","38548071d5aa652bb90c7f111f86b427f798a1c9"
8084,1,8,20.65,20.65,75.13,80.49,15.16,41.8,23.8,0.84,0.481,"wdbkwtdata.inc","FIADB REF_SPECIES to NBEL BM_REF_SPECIES to NVEL wdbkwtdata.inc","2023-10-16","38548071d5aa652bb90c7f111f86b427f798a1c9"
8085,1,8,20.65,20.65,75.13,80.49,15.16,41.8,23.8,0.84,0.481,"wdbkwtdata.inc","FIADB REF_SPECIES to NBEL BM_REF_SPECIES to NVEL wdbkwtdata.inc","2023-10-16","38548071d5aa652bb90c7f111f86b427f798a1c9"
8086,1,8,20.65,20.65,0,0,0,20.6,20.6,0,0.481,"wdbkwtdata.inc","FIADB REF_SPECIES to NBEL BM_REF_SPECIES to NVEL wdbkwtdata.inc","2023-10-16","38548071d5aa652bb90c7f111f86b427f798a1c9"
8087,1,8,20.65,20.65,0,0,0,20.6,20.6,0,0.481,"wdbkwtdata.inc","FIADB REF_SPECIES to NBEL BM_REF_SPECIES to NVEL wdbkwtdata.inc","2023-10-16","38548071d5aa652bb90c7f111f86b427f798a1c9"
8088,1,8,32.45,33.07,75.13,80.49,15.16,65.9,37.5,0.84,0.475,"wdbkwtdata.inc","FIADB REF_SPECIES to NBEL BM_REF_SPECIES to NVEL wdbkwtdata.inc","2023-10-16","38548071d5aa652bb90c7f111f86b427f798a1c9"
8090,1,8,20.65,20.65,0,0,0,20.6,20.6,0,0.481,"wdbkwtdata.inc","FIADB REF_SPECIES to NBEL BM_REF_SPECIES to NVEL wdbkwtdata.inc","2023-10-16","38548071d5aa652bb90c7f111f86b427f798a1c9"
8091,1,8,29.33,29.33,75.13,80.49,15.16,59.4,33.8,0.84,0.477,"wdbkwtdata.inc","FIADB REF_SPECIES to NBEL BM_REF_SPECIES to NVEL wdbkwtdata.inc","2023-10-16","38548071d5aa652bb90c7f111f86b427f798a1c9"
8092,1,8,20.65,20.65,0,0,0,20.6,20.6,0,0.481,"wdbkwtdata.inc","FIADB REF_SPECIES to NBEL BM_REF_SPECIES to NVEL wdbkwtdata.inc","2023-10-16","38548071d5aa652bb90c7f111f86b427f798a1c9"
8099,1,8,32.45,33.07,75.13,80.49,15.16,65.9,37.5,0.84,0.475,"wdbkwtdata.inc","FIADB REF_SPECIES to NBEL BM_REF_SPECIES to NVEL wdbkwtdata.inc","2023-10-16","38548071d5aa652bb90c7f111f86b427f798a1c9"
8103,1,8,40.56,40.56,0,0,0,40.6,40.6,0,0.47,"wdbkwtdata.inc","FIADB REF_SPECIES to NBEL BM_REF_SPECIES to NVEL wdbkwtdata.inc","2023-10-16","38548071d5aa652bb90c7f111f86b427f798a1c9"
8104,1,8,43.06,43.06,75.13,80.49,15.16,87.2,49.6,0.84,0.469,"wdbkwtdata.inc","FIADB REF_SPECIES to NBEL BM_REF_SPECIES to NVEL wdbkwtdata.inc","2023-10-16","38548071d5aa652bb90c7f111f86b427f798a1c9"
8105,1,8,43.06,43.06,75.13,80.49,15.16,87.2,49.6,0.84,0.469,"wdbkwtdata.inc","FIADB REF_SPECIES to NBEL BM_REF_SPECIES to NVEL wdbkwtdata.inc","2023-10-16","38548071d5aa652bb90c7f111f86b427f798a1c9"
8106,1,8,32.45,33.07,75.13,80.49,15.16,65.9,37.5,0.84,0.475,"wdbkwtdata.inc","FIADB REF_SPECIES to NBEL BM_REF_SPECIES to NVEL wdbkwtdata.inc","2023-10-16","38548071d5aa652bb90c7f111f86b427f798a1c9"
8107,1,8,25.58,25.58,0,0,0,25.6,25.6,0,0.479,"wdbkwtdata.inc","FIADB REF_SPECIES to NBEL BM_REF_SPECIES to NVEL wdbkwtdata.inc","2023-10-16","38548071d5aa652bb90c7f111f86b427f798a1c9"
8108,1,8,25.58,25.58,0,0,0,25.6,25.6,0,0.479,"wdbkwtdata.inc","FIADB REF_SPECIES to NBEL BM_REF_SPECIES to NVEL wdbkwtdata.inc","2023-10-16","38548071d5aa652bb90c7f111f86b427f798a1c9"
8110,1,8,32.45,33.07,75.13,80.49,15.16,65.9,37.5,0.84,0.475,"wdbkwtdata.inc","FIADB REF_SPECIES to NBEL BM_REF_SPECIES to NVEL wdbkwtdata.inc","2023-10-16","38548071d5aa652bb90c7f111f86b427f798a1c9"
8111,1,8,32.45,33.07,75.13,80.49,15.16,65.9,37.5,0.84,0.365,"wdbkwtdata.inc","FIADB REF_SPECIES to NBEL BM_REF_SPECIES to NVEL wdbkwtdata.inc","2023-10-16","38548071d5aa652bb90c7f111f86b427f798a1c9"
8112,1,8,37.56,37.56,0,0,0,37.6,37.6,0,0.472,"wdbkwtdata.inc","FIADB REF_SPECIES to NBEL BM_REF_SPECIES to NVEL wdbkwtdata.inc","2023-10-16","38548071d5aa652bb90c7f111f86b427f798a1c9"
8113,1,8,32.45,33.07,75.13,80.49,15.16,65.9,37.5,0.84,0.475,"wdbkwtdata.inc","FIADB REF_SPECIES to NBEL BM_REF_SPECIES to NVEL wdbkwtdata.inc","2023-10-16","38548071d5aa652bb90c7f111f86b427f798a1c9"
8114,1,8,32.45,33.07,75.13,80.49,15.16,65.9,37.5,0.84,0.475,"wdbkwtdata.inc","FIADB REF_SPECIES to NBEL BM_REF_SPECIES to NVEL wdbkwtdata.inc","2023-10-16","38548071d5aa652bb90c7f111f86b427f798a1c9"
8115,1,8,0,0,0,0,0,0,0,0,0.473,"wdbkwtdata.inc","FIADB REF_SPECIES to NBEL BM_REF_SPECIES to NVEL wdbkwtdata.inc","2023-10-16","38548071d5aa652bb90c7f111f86b427f798a1c9"
8121,1,8,32.45,33.07,75.13,80.49,15.16,65.9,37.5,0.84,0.475,"wdbkwtdata.inc","FIADB REF_SPECIES to NBEL BM_REF_SPECIES to NVEL wdbkwtdata.inc","2023-10-16","38548071d5aa652bb90c7f111f86b427f798a1c9"
8123,1,8,58.66,58.66,75.13,80.49,15.16,118.8,67.5,0.84,0.486,"wdbkwtdata.inc","FIADB REF_SPECIES to NBEL BM_REF_SPECIES to NVEL wdbkwtdata.inc","2023-10-16","38548071d5aa652bb90c7f111f86b427f798a1c9"
8125,1,8,32.45,33.07,75.13,80.49,15.16,65.9,37.5,0.84,0.475,"wdbkwtdata.inc","FIADB REF_SPECIES to NBEL BM_REF_SPECIES to NVEL wdbkwtdata.inc","2023-10-16","38548071d5aa652bb90c7f111f86b427f798a1c9"
8127,1,8,32.45,33.07,75.13,80.49,15.16,65.9,37.5,0.84,0.475,"wdbkwtdata.inc","FIADB REF_SPECIES to NBEL BM_REF_SPECIES to NVEL wdbkwtdata.inc","2023-10-16","38548071d5aa652bb90c7f111f86b427f798a1c9"
8129,1,8,43.52,43.52,75.13,80.49,15.16,88.1,50.1,0.84,0.469,"wdbkwtdata.inc","FIADB REF_SPECIES to NBEL BM_REF_SPECIES to NVEL wdbkwtdata.inc","2023-10-16","38548071d5aa652bb90c7f111f86b427f798a1c9"
8131,1,8,25.58,25.58,75.13,80.49,15.16,51.8,29.5,0.84,0.479,"wdbkwtdata.inc","FIADB REF_SPECIES to NBEL BM_REF_SPECIES to NVEL wdbkwtdata.inc","2023-10-16","38548071d5aa652bb90c7f111f86b427f798a1c9"
8134,1,8,32.45,33.07,75.13,80.49,15.16,65.9,37.5,0.84,0.475,"wdbkwtdata.inc","FIADB REF_SPECIES to NBEL BM_REF_SPECIES to NVEL wdbkwtdata.inc","2023-10-16","38548071d5aa652bb90c7f111f86b427f798a1c9"
8138,1,8,32.45,33.07,75.13,80.49,15.16,65.9,37.5,0.84,0.475,"wdbkwtdata.inc","FIADB REF_SPECIES to NBEL BM_REF_SPECIES to NVEL wdbkwtdata.inc","2023-10-16","38548071d5aa652bb90c7f111f86b427f798a1c9"
8141,1,8,32.45,33.07,75.13,80.49,15.16,65.9,37.5,0.84,0.475,"wdbkwtdata.inc","FIADB REF_SPECIES to NBEL BM_REF_SPECIES to NVEL wdbkwtdata.inc","2023-10-16","38548071d5aa652bb90c7f111f86b427f798a1c9"
8143,1,8,32.45,33.07,75.13,80.49,15.16,65.9,37.5,0.84,0.475,"wdbkwtdata.inc","FIADB REF_SPECIES to NBEL BM_REF_SPECIES to NVEL wdbkwtdata.inc","2023-10-16","38548071d5aa652bb90c7f111f86b427f798a1c9"
8144,1,8,32.45,33.07,75.13,80.49,15.16,65.9,37.5,0.84,0.475,"wdbkwtdata.inc","FIADB REF_SPECIES to NBEL BM_REF_SPECIES to NVEL wdbkwtdata.inc","2023-10-16","38548071d5aa652bb90c7f111f86b427f798a1c9"
8146,1,8,32.45,32.45,75.13,80.49,15.16,65.7,37.4,0.84,0.475,"wdbkwtdata.inc","FIADB REF_SPECIES to NBEL BM_REF_SPECIES to NVEL wdbkwtdata.inc","2023-10-16","38548071d5aa652bb90c7f111f86b427f798a1c9"
8150,1,8,29.95,29.95,75.13,80.49,15.14,60.6,34.5,0.833,0.476,"wdbkwtdata.inc","FIADB REF_SPECIES to NBEL BM_REF_SPECIES to NVEL wdbkwtdata.inc","2023-10-16","38548071d5aa652bb90c7f111f86b427f798a1c9"
8151,1,8,29.95,29.95,75.13,80.49,15.14,60.6,34.5,0.833,0.476,"wdbkwtdata.inc","FIADB REF_SPECIES to NBEL BM_REF_SPECIES to NVEL wdbkwtdata.inc","2023-10-16","38548071d5aa652bb90c7f111f86b427f798a1c9"
8152,1,8,29.95,29.95,0,0,15.14,34.5,34.5,0.833,0.476,"wdbkwtdata.inc","FIADB REF_SPECIES to NBEL BM_REF_SPECIES to NVEL wdbkwtdata.inc","2023-10-16","38548071d5aa652bb90c7f111f86b427f798a1c9"
8153,1,8,29.95,29.95,0,0,0,30,30,0,0.476,"wdbkwtdata.inc","FIADB REF_SPECIES to NBEL BM_REF_SPECIES to NVEL wdbkwtdata.inc","2023-10-16","38548071d5aa652bb90c7f111f86b427f798a1c9"
8154,1,8,32.45,33.07,75.12,80.64,15.32,66,37.5,0.84,0.475,"wdbkwtdata.inc","FIADB REF_SPECIES to NBEL BM_REF_SPECIES to NVEL wdbkwtdata.inc","2023-10-16","38548071d5aa652bb90c7f111f86b427f798a1c9"
8155,1,8,43.74,43.74,0,0,0,43.7,43.7,0.84,0.468,"wdbkwtdata.inc","FIADB REF_SPECIES to NBEL BM_REF_SPECIES to NVEL wdbkwtdata.inc","2023-10-16","38548071d5aa652bb90c7f111f86b427f798a1c9"
8156,1,8,0,0,0,0,0,0,0,0,0.468,"wdbkwtdata.inc","FIADB REF_SPECIES to NBEL BM_REF_SPECIES to NVEL wdbkwtdata.inc","2023-10-16","38548071d5aa652bb90c7f111f86b427f798a1c9"
8157,1,8,32.45,33.07,75.13,80.49,15.16,65.9,37.5,0.84,0.475,"wdbkwtdata.inc","FIADB REF_SPECIES to NBEL BM_REF_SPECIES to NVEL wdbkwtdata.inc","2023-10-16","38548071d5aa652bb90c7f111f86b427f798a1c9"
8159,1,8,36.19,36.19,0,0,0,36.2,36.2,0,0.473,"wdbkwtdata.inc","FIADB REF_SPECIES to NBEL BM_REF_SPECIES to NVEL wdbkwtdata.inc","2023-10-16","38548071d5aa652bb90c7f111f86b427f798a1c9"
8160,1,8,32.45,33.07,75.13,80.49,15.16,65.9,37.5,0.84,0.475,"wdbkwtdata.inc","FIADB REF_SPECIES to NBEL BM_REF_SPECIES to NVEL wdbkwtdata.inc","2023-10-16","38548071d5aa652bb90c7f111f86b427f798a1c9"
8162,1,8,32.45,33.07,75.13,80.49,15.16,65.9,37.5,0.84,0.475,"wdbkwtdata.inc","FIADB REF_SPECIES to NBEL BM_REF_SPECIES to NVEL wdbkwtdata.inc","2023-10-16","38548071d5aa652bb90c7f111f86b427f798a1c9"
8164,1,8,32.45,33.07,75.13,80.49,15.16,65.9,37.5,0.84,0.475,"wdbkwtdata.inc","FIADB REF_SPECIES to NBEL BM_REF_SPECIES to NVEL wdbkwtdata.inc","2023-10-16","38548071d5aa652bb90c7f111f86b427f798a1c9"
8167,1,8,32.45,33.07,75.13,80.49,15.16,65.9,37.5,0.84,0.475,"wdbkwtdata.inc","FIADB REF_SPECIES to NBEL BM_REF_SPECIES to NVEL wdbkwtdata.inc","2023-10-16","38548071d5aa652bb90c7f111f86b427f798a1c9"
8169,1,8,32.45,33.07,75.13,80.49,15.16,65.9,37.5,0.84,0.475,"wdbkwtdata.inc","FIADB REF_SPECIES to NBEL BM_REF_SPECIES to NVEL wdbkwtdata.inc","2023-10-16","38548071d5aa652bb90c7f111f86b427f798a1c9"
8171,1,8,32.45,33.07,75.13,80.49,15.16,65.9,37.5,0.84,0.475,"wdbkwtdata.inc","FIADB REF_SPECIES to NBEL BM_REF_SPECIES to NVEL wdbkwtdata.inc","2023-10-16","38548071d5aa652bb90c7f111f86b427f798a1c9"
8173,1,8,32.45,33.07,75.13,80.49,15.16,65.9,37.5,0.84,0.475,"wdbkwtdata.inc","FIADB REF_SPECIES to NBEL BM_REF_SPECIES to NVEL wdbkwtdata.inc","2023-10-16","38548071d5aa652bb90c7f111f86b427f798a1c9"
8175,1,8,32.45,33.07,75.13,80.49,15.16,65.9,37.5,0.84,0.475,"wdbkwtdata.inc","FIADB REF_SPECIES to NBEL BM_REF_SPECIES to NVEL wdbkwtdata.inc","2023-10-16","38548071d5aa652bb90c7f111f86b427f798a1c9"
8177,1,8,32.45,33.07,75.13,80.49,15.16,65.9,37.5,0.84,0.475,"wdbkwtdata.inc","FIADB REF_SPECIES to NBEL BM_REF_SPECIES to NVEL wdbkwtdata.inc","2023-10-16","38548071d5aa652bb90c7f111f86b427f798a1c9"
8178,1,8,32.45,33.07,75.13,80.49,15.16,65.9,37.5,0.84,0.475,"wdbkwtdata.inc","FIADB REF_SPECIES to NBEL BM_REF_SPECIES to NVEL wdbkwtdata.inc","2023-10-16","38548071d5aa652bb90c7f111f86b427f798a1c9"
8180,1,8,56.16,56.16,0,0,0,56.2,56.2,0,0.462,"wdbkwtdata.inc","FIADB REF_SPECIES to NBEL BM_REF_SPECIES to NVEL wdbkwtdata.inc","2023-10-16","38548071d5aa652bb90c7f111f86b427f798a1c9"
8181,1,8,29.95,29.95,75.13,80.49,15.16,60.7,34.5,0.84,0.476,"wdbkwtdata.inc","FIADB REF_SPECIES to NBEL BM_REF_SPECIES to NVEL wdbkwtdata.inc","2023-10-16","38548071d5aa652bb90c7f111f86b427f798a1c9"
8182,0,8,32.45,33.07,75.13,80.49,15.16,65.9,37.5,0.84,0.475,"wdbkwtdata.inc","FIADB REF_SPECIES to NBEL BM_REF_SPECIES to NVEL wdbkwtdata.inc","2023-10-16","38548071d5aa652bb90c7f111f86b427f798a1c9"
8183,0,4,25.58,26.21,74.29,70.5,14.31,51,29.3,0.458,0.511,"wdbkwtdata.inc","FIADB REF_SPECIES to NBEL BM_REF_SPECIES to NVEL wdbkwtdata.inc","2023-10-16","38548071d5aa652bb90c7f111f86b427f798a1c9"
8184,0,4,25.58,26.21,74.29,70.5,14.31,51,29.3,0.458,0.479,"wdbkwtdata.inc","FIADB REF_SPECIES to NBEL BM_REF_SPECIES to NVEL wdbkwtdata.inc","2023-10-16","38548071d5aa652bb90c7f111f86b427f798a1c9"
8185,0,4,25.58,26.21,74.29,70.5,14.31,51,29.3,0.458,0.479,"wdbkwtdata.inc","FIADB REF_SPECIES to NBEL BM_REF_SPECIES to NVEL wdbkwtdata.inc","2023-10-16","38548071d5aa652bb90c7f111f86b427f798a1c9"
8186,0,4,25.58,26.21,74.29,70.5,14.31,51,29.3,0.458,0.479,"wdbkwtdata.inc","FIADB REF_SPECIES to NBEL BM_REF_SPECIES to NVEL wdbkwtdata.inc","2023-10-16","38548071d5aa652bb90c7f111f86b427f798a1c9"
8187,0,4,25.58,26.21,74.29,70.5,14.31,51,29.3,0.458,0.482,"wdbkwtdata.inc","FIADB REF_SPECIES to NBEL BM_REF_SPECIES to NVEL wdbkwtdata.inc","2023-10-16","38548071d5aa652bb90c7f111f86b427f798a1c9"
8188,0,8,25.58,25.58,75.13,80.49,15.16,51.8,29.5,0.84,0.479,"wdbkwtdata.inc","FIADB REF_SPECIES to NBEL BM_REF_SPECIES to NVEL wdbkwtdata.inc","2023-10-16","38548071d5aa652bb90c7f111f86b427f798a1c9"
8189,0,4,26.83,24.96,76.22,68.37,16.13,54.1,30.9,0.84,0.471,"wdbkwtdata.inc","FIADB REF_SPECIES to NBEL BM_REF_SPECIES to NVEL wdbkwtdata.inc","2023-10-16","38548071d5aa652bb90c7f111f86b427f798a1c9"
8190,1,8,32.45,33.07,75.13,80.49,15.16,65.9,37.5,0.84,0.475,"wdbkwtdata.inc","FIADB REF_SPECIES to NBEL BM_REF_SPECIES to NVEL wdbkwtdata.inc","2023-10-16","38548071d5aa652bb90c7f111f86b427f798a1c9"
8191,1,8,32.45,33.07,75.13,80.49,15.16,65.9,37.5,0.84,0.475,"wdbkwtdata.inc","FIADB REF_SPECIES to NBEL BM_REF_SPECIES to NVEL wdbkwtdata.inc","2023-10-16","38548071d5aa652bb90c7f111f86b427f798a1c9"
8192,1,8,32.45,33.07,75.13,80.49,15.16,65.9,37.5,0.84,0.475,"wdbkwtdata.inc","FIADB REF_SPECIES to NBEL BM_REF_SPECIES to NVEL wdbkwtdata.inc","2023-10-16","38548071d5aa652bb90c7f111f86b427f798a1c9"
8193,1,8,32.45,33.07,75.13,80.49,15.16,65.9,37.5,0.84,0.475,"wdbkwtdata.inc","FIADB REF_SPECIES to NBEL BM_REF_SPECIES to NVEL wdbkwtdata.inc","2023-10-16","38548071d5aa652bb90c7f111f86b427f798a1c9"
8194,1,8,32.45,33.07,75.13,80.49,15.16,65.9,37.5,0.84,0.475,"wdbkwtdata.inc","FIADB REF_SPECIES to NBEL BM_REF_SPECIES to NVEL wdbkwtdata.inc","2023-10-16","38548071d5aa652bb90c7f111f86b427f798a1c9"
8195,1,8,32.45,33.07,75.13,80.49,15.16,65.9,37.5,0.84,0.475,"wdbkwtdata.inc","FIADB REF_SPECIES to NBEL BM_REF_SPECIES to NVEL wdbkwtdata.inc","2023-10-16","38548071d5aa652bb90c7f111f86b427f798a1c9"
8196,1,8,32.45,33.07,75.13,80.49,15.16,65.9,37.5,0.84,0.475,"wdbkwtdata.inc","FIADB REF_SPECIES to NBEL BM_REF_SPECIES to NVEL wdbkwtdata.inc","2023-10-16","38548071d5aa652bb90c7f111f86b427f798a1c9"
8197,0,4,0,0,0,0,0,0,0,0,0.478,"wdbkwtdata.inc","FIADB REF_SPECIES to NBEL BM_REF_SPECIES to NVEL wdbkwtdata.inc","2023-10-16","38548071d5aa652bb90c7f111f86b427f798a1c9"
8198,0,4,26.83,24.96,76.13,68.38,16.13,54,30.9,0.352,0.472,"wdbkwtdata.inc","FIADB REF_SPECIES to NBEL BM_REF_SPECIES to NVEL wdbkwtdata.inc","2023-10-16","38548071d5aa652bb90c7f111f86b427f798a1c9"
8199,1,8,32.45,33.07,75.13,80.49,15.16,65.9,37.5,0.84,0.475,"wdbkwtdata.inc","FIADB REF_SPECIES to NBEL BM_REF_SPECIES to NVEL wdbkwtdata.inc","2023-10-16","38548071d5aa652bb90c7f111f86b427f798a1c9"
8200,0,4,0,0,0,0,0,0,0,0,0.478,"wdbkwtdata.inc","FIADB REF_SPECIES to NBEL BM_REF_SPECIES to NVEL wdbkwtdata.inc","2023-10-16","38548071d5aa652bb90c7f111f86b427f798a1c9"
8201,1,4,26.83,24.96,76.13,68.38,16.13,54,30.9,0.352,0.478,"wdbkwtdata.inc","FIADB REF_SPECIES to NBEL BM_REF_SPECIES to NVEL wdbkwtdata.inc","2023-10-16","38548071d5aa652bb90c7f111f86b427f798a1c9"
8202,1,4,26.83,24.96,76.13,68.38,16.13,54,30.9,0.352,0.478,"wdbkwtdata.inc","FIADB REF_SPECIES to NBEL BM_REF_SPECIES to NVEL wdbkwtdata.inc","2023-10-16","38548071d5aa652bb90c7f111f86b427f798a1c9"
8203,1,4,0,0,0,0,0,0,0,0,0.52,"wdbkwtdata.inc","FIADB REF_SPECIES to NBEL BM_REF_SPECIES to NVEL wdbkwtdata.inc","2023-10-16","38548071d5aa652bb90c7f111f86b427f798a1c9"
8205,1,8,18.72,18.72,75.13,80.49,15.16,37.9,21.6,0.84,0.483,"wdbkwtdata.inc","FIADB REF_SPECIES to NBEL BM_REF_SPECIES to NVEL wdbkwtdata.inc","2023-10-16","38548071d5aa652bb90c7f111f86b427f798a1c9"
8206,1,8,18.72,18.72,75.13,80.49,15.16,37.9,21.6,0.84,0.483,"wdbkwtdata.inc","FIADB REF_SPECIES to NBEL BM_REF_SPECIES to NVEL wdbkwtdata.inc","2023-10-16","38548071d5aa652bb90c7f111f86b427f798a1c9"
8207,1,8,20.59,20.59,0,0,0,20.6,20.6,0,0.481,"wdbkwtdata.inc","FIADB REF_SPECIES to NBEL BM_REF_SPECIES to NVEL wdbkwtdata.inc","2023-10-16","38548071d5aa652bb90c7f111f86b427f798a1c9"
8208,1,8,32.45,33.07,75.13,80.49,15.16,65.9,37.5,0.84,0.475,"wdbkwtdata.inc","FIADB REF_SPECIES to NBEL BM_REF_SPECIES to NVEL wdbkwtdata.inc","2023-10-16","38548071d5aa652bb90c7f111f86b427f798a1c9"
8210,1,8,36.82,36.82,0,0,0,36.8,36.8,0,0.472,"wdbkwtdata.inc","FIADB REF_SPECIES to NBEL BM_REF_SPECIES to NVEL wdbkwtdata.inc","2023-10-16","38548071d5aa652bb90c7f111f86b427f798a1c9"
8211,1,8,32.45,33.07,75.13,80.49,15.16,65.9,37.5,0.84,0.475,"wdbkwtdata.inc","FIADB REF_SPECIES to NBEL BM_REF_SPECIES to NVEL wdbkwtdata.inc","2023-10-16","38548071d5aa652bb90c7f111f86b427f798a1c9"
8212,1,8,18.8,18.8,75.13,80.49,15.16,38.1,21.7,0.84,0.482,"wdbkwtdata.inc","FIADB REF_SPECIES to NBEL BM_REF_SPECIES to NVEL wdbkwtdata.inc","2023-10-16","38548071d5aa652bb90c7f111f86b427f798a1c9"
8213,1,8,18.8,18.8,75.13,80.49,15.16,38.1,21.7,0.84,0.482,"wdbkwtdata.inc","FIADB REF_SPECIES to NBEL BM_REF_SPECIES to NVEL wdbkwtdata.inc","2023-10-16","38548071d5aa652bb90c7f111f86b427f798a1c9"
8214,1,8,18.8,18.8,75.13,80.49,15.16,38.1,21.7,0.84,0.482,"wdbkwtdata.inc","FIADB REF_SPECIES to NBEL BM_REF_SPECIES to NVEL wdbkwtdata.inc","2023-10-16","38548071d5aa652bb90c7f111f86b427f798a1c9"
8215,1,8,18.8,18.8,0,0,0,18.8,18.8,0,0.482,"wdbkwtdata.inc","FIADB REF_SPECIES to NBEL BM_REF_SPECIES to NVEL wdbkwtdata.inc","2023-10-16","38548071d5aa652bb90c7f111f86b427f798a1c9"
8216,1,8,32.45,33.07,75.13,80.49,15.16,65.9,37.5,0.84,0.475,"wdbkwtdata.inc","FIADB REF_SPECIES to NBEL BM_REF_SPECIES to NVEL wdbkwtdata.inc","2023-10-16","38548071d5aa652bb90c7f111f86b427f798a1c9"
8217,1,8,14.98,14.98,75.13,80.49,15.16,30.3,17.2,0.84,0.485,"wdbkwtdata.inc","FIADB REF_SPECIES to NBEL BM_REF_SPECIES to NVEL wdbkwtdata.inc","2023-10-16","38548071d5aa652bb90c7f111f86b427f798a1c9"
8218,1,8,18.8,18.8,0,0,0,18.8,18.8,0,0.482,"wdbkwtdata.inc","FIADB REF_SPECIES to NBEL BM_REF_SPECIES to NVEL wdbkwtdata.inc","2023-10-16","38548071d5aa652bb90c7f111f86b427f798a1c9"
8219,1,8,32.45,33.07,75.12,80.64,15.32,66,37.5,0.84,0.418,"wdbkwtdata.inc","FIADB REF_SPECIES to NBEL BM_REF_SPECIES to NVEL wdbkwtdata.inc","2023-10-16","38548071d5aa652bb90c7f111f86b427f798a1c9"
8220,1,8,32.45,33.07,75.13,80.49,15.16,65.9,37.5,0.84,0.454,"wdbkwtdata.inc","FIADB REF_SPECIES to NBEL BM_REF_SPECIES to NVEL wdbkwtdata.inc","2023-10-16","38548071d5aa652bb90c7f111f86b427f798a1c9"
8222,1,8,35.57,35.57,75.13,80.49,15.14,72,41,0.833,0.473,"wdbkwtdata.inc","FIADB REF_SPECIES to NBEL BM_REF_SPECIES to NVEL wdbkwtdata.inc","2023-10-16","38548071d5aa652bb90c7f111f86b427f798a1c9"
8223,1,8,32.45,33.07,75.13,80.49,15.16,65.9,37.5,0.84,0.475,"wdbkwtdata.inc","FIADB REF_SPECIES to NBEL BM_REF_SPECIES to NVEL wdbkwtdata.inc","2023-10-16","38548071d5aa652bb90c7f111f86b427f798a1c9"
8224,1,8,35.57,35.57,0,0,0,35.6,35.6,0,0.473,"wdbkwtdata.inc","FIADB REF_SPECIES to NBEL BM_REF_SPECIES to NVEL wdbkwtdata.inc","2023-10-16","38548071d5aa652bb90c7f111f86b427f798a1c9"
8225,1,8,35.57,35.57,75.13,80.49,15.16,72,41,0.84,0.473,"wdbkwtdata.inc","FIADB REF_SPECIES to NBEL BM_REF_SPECIES to NVEL wdbkwtdata.inc","2023-10-16","38548071d5aa652bb90c7f111f86b427f798a1c9"
8226,1,8,35.57,35.57,0,0,0,35.6,35.6,0,0.473,"wdbkwtdata.inc","FIADB REF_SPECIES to NBEL BM_REF_SPECIES to NVEL wdbkwtdata.inc","2023-10-16","38548071d5aa652bb90c7f111f86b427f798a1c9"
8227,1,8,35.57,35.57,0,0,0,35.6,35.6,0,0.473,"wdbkwtdata.inc","FIADB REF_SPECIES to NBEL BM_REF_SPECIES to NVEL wdbkwtdata.inc","2023-10-16","38548071d5aa652bb90c7f111f86b427f798a1c9"
8228,1,8,35.57,35.57,0,0,0,35.6,35.6,0,0.473,"wdbkwtdata.inc","FIADB REF_SPECIES to NBEL BM_REF_SPECIES to NVEL wdbkwtdata.inc","2023-10-16","38548071d5aa652bb90c7f111f86b427f798a1c9"
8229,1,8,35.57,35.57,0,0,0,35.6,35.6,0,0.473,"wdbkwtdata.inc","FIADB REF_SPECIES to NBEL BM_REF_SPECIES to NVEL wdbkwtdata.inc","2023-10-16","38548071d5aa652bb90c7f111f86b427f798a1c9"
8230,1,8,35.57,35.57,0,0,0,35.6,35.6,0,0.473,"wdbkwtdata.inc","FIADB REF_SPECIES to NBEL BM_REF_SPECIES to NVEL wdbkwtdata.inc","2023-10-16","38548071d5aa652bb90c7f111f86b427f798a1c9"
8231,1,8,35.57,35.57,75.13,80.49,15.16,72,41,0.84,0.473,"wdbkwtdata.inc","FIADB REF_SPECIES to NBEL BM_REF_SPECIES to NVEL wdbkwtdata.inc","2023-10-16","38548071d5aa652bb90c7f111f86b427f798a1c9"
8232,1,8,35.57,35.57,75.13,80.49,15.16,72,41,0.84,0.473,"wdbkwtdata.inc","FIADB REF_SPECIES to NBEL BM_REF_SPECIES to NVEL wdbkwtdata.inc","2023-10-16","38548071d5aa652bb90c7f111f86b427f798a1c9"
8233,1,8,35.57,35.57,0,0,0,35.6,35.6,0,0.473,"wdbkwtdata.inc","FIADB REF_SPECIES to NBEL BM_REF_SPECIES to NVEL wdbkwtdata.inc","2023-10-16","38548071d5aa652bb90c7f111f86b427f798a1c9"
8234,1,8,35.57,35.57,0,0,0,35.6,35.6,0,0.473,"wdbkwtdata.inc","FIADB REF_SPECIES to NBEL BM_REF_SPECIES to NVEL wdbkwtdata.inc","2023-10-16","38548071d5aa652bb90c7f111f86b427f798a1c9"
8235,1,8,35.57,35.57,0,0,0,35.6,35.6,0,0.473,"wdbkwtdata.inc","FIADB REF_SPECIES to NBEL BM_REF_SPECIES to NVEL wdbkwtdata.inc","2023-10-16","38548071d5aa652bb90c7f111f86b427f798a1c9"
8236,1,8,33.47,33.47,0,0,0,33.5,33.5,0,0.474,"wdbkwtdata.inc","FIADB REF_SPECIES to NBEL BM_REF_SPECIES to NVEL wdbkwtdata.inc","2023-10-16","38548071d5aa652bb90c7f111f86b427f798a1c9"
8238,1,8,35.57,35.57,75.13,80.49,15.16,72,41,0.84,0.473,"wdbkwtdata.inc","FIADB REF_SPECIES to NBEL BM_REF_SPECIES to NVEL wdbkwtdata.inc","2023-10-16","38548071d5aa652bb90c7f111f86b427f798a1c9"
8239,1,8,35.57,35.57,0,0,0,35.6,35.6,0,0.473,"wdbkwtdata.inc","FIADB REF_SPECIES to NBEL BM_REF_SPECIES to NVEL wdbkwtdata.inc","2023-10-16","38548071d5aa652bb90c7f111f86b427f798a1c9"
8240,1,8,46.47,46.47,0,0,0,46.5,46.5,0,0.467,"wdbkwtdata.inc","FIADB REF_SPECIES to NBEL BM_REF_SPECIES to NVEL wdbkwtdata.inc","2023-10-16","38548071d5aa652bb90c7f111f86b427f798a1c9"
8241,1,8,39.49,39.49,0,0,0,39.5,39.5,0,0.471,"wdbkwtdata.inc","FIADB REF_SPECIES to NBEL BM_REF_SPECIES to NVEL wdbkwtdata.inc","2023-10-16","38548071d5aa652bb90c7f111f86b427f798a1c9"
8242,1,8,42.87,42.87,75.13,80.49,15.16,86.8,49.4,0.84,0.469,"wdbkwtdata.inc","FIADB REF_SPECIES to NBEL BM_REF_SPECIES to NVEL wdbkwtdata.inc","2023-10-16","38548071d5aa652bb90c7f111f86b427f798a1c9"
8243,1,8,42.87,42.87,0,0,0,42.9,42.9,0,0.469,"wdbkwtdata.inc","FIADB REF_SPECIES to NBEL BM_REF_SPECIES to NVEL wdbkwtdata.inc","2023-10-16","38548071d5aa652bb90c7f111f86b427f798a1c9"
8244,1,8,42.87,42.87,0,0,0,42.9,42.9,0,0.469,"wdbkwtdata.inc","FIADB REF_SPECIES to NBEL BM_REF_SPECIES to NVEL wdbkwtdata.inc","2023-10-16","38548071d5aa652bb90c7f111f86b427f798a1c9"
8246,1,8,42.87,42.87,75.13,80.49,15.16,86.8,49.4,0.84,0.469,"wdbkwtdata.inc","FIADB REF_SPECIES to NBEL BM_REF_SPECIES to NVEL wdbkwtdata.inc","2023-10-16","38548071d5aa652bb90c7f111f86b427f798a1c9"
8247,1,8,42.87,42.87,0,0,0,42.9,42.9,0,0.469,"wdbkwtdata.inc","FIADB REF_SPECIES to NBEL BM_REF_SPECIES to NVEL wdbkwtdata.inc","2023-10-16","38548071d5aa652bb90c7f111f86b427f798a1c9"
8248,1,8,42.87,42.87,75.13,80.49,15.16,86.8,49.4,0.84,0.469,"wdbkwtdata.inc","FIADB REF_SPECIES to NBEL BM_REF_SPECIES to NVEL wdbkwtdata.inc","2023-10-16","38548071d5aa652bb90c7f111f86b427f798a1c9"
8249,0,4,25.58,26.21,74.29,70.5,14.31,51,29.3,0.458,0.479,"wdbkwtdata.inc","FIADB REF_SPECIES to NBEL BM_REF_SPECIES to NVEL wdbkwtdata.inc","2023-10-16","38548071d5aa652bb90c7f111f86b427f798a1c9"
8250,1,8,38.69,38.69,0,0,0,38.7,38.7,0,0.471,"wdbkwtdata.inc","FIADB REF_SPECIES to NBEL BM_REF_SPECIES to NVEL wdbkwtdata.inc","2023-10-16","38548071d5aa652bb90c7f111f86b427f798a1c9"
8251,1,8,38.69,38.69,0,0,0,38.7,38.7,0,0.471,"wdbkwtdata.inc","FIADB REF_SPECIES to NBEL BM_REF_SPECIES to NVEL wdbkwtdata.inc","2023-10-16","38548071d5aa652bb90c7f111f86b427f798a1c9"
8252,1,8,38.69,38.69,0,0,0,38.7,38.7,0,0.471,"wdbkwtdata.inc","FIADB REF_SPECIES to NBEL BM_REF_SPECIES to NVEL wdbkwtdata.inc","2023-10-16","38548071d5aa652bb90c7f111f86b427f798a1c9"
8253,1,8,28.7,37.44,81,84,8,57.5,31.7,0.792,0.477,"wdbkwtdata.inc","FIADB REF_SPECIES to NBEL BM_REF_SPECIES to NVEL wdbkwtdata.inc","2023-10-16","38548071d5aa652bb90c7f111f86b427f798a1c9"
8254,1,8,0,0,0,0,0,0,0,0,0.477,"wdbkwtdata.inc","FIADB REF_SPECIES to NBEL BM_REF_SPECIES to NVEL wdbkwtdata.inc","2023-10-16","38548071d5aa652bb90c7f111f86b427f798a1c9"
8255,1,8,32.45,33.07,75.13,80.49,15.16,65.9,37.5,0.84,0.475,"wdbkwtdata.inc","FIADB REF_SPECIES to NBEL BM_REF_SPECIES to NVEL wdbkwtdata.inc","2023-10-16","38548071d5aa652bb90c7f111f86b427f798a1c9"
8256,1,8,28.7,37.44,0,0,8,31.7,31.7,0.878,0.477,"wdbkwtdata.inc","FIADB REF_SPECIES to NBEL BM_REF_SPECIES to NVEL wdbkwtdata.inc","2023-10-16","38548071d5aa652bb90c7f111f86b427f798a1c9"
8257,1,8,31.2,31.2,75.13,80.49,15.16,63.2,35.9,0.84,0.476,"wdbkwtdata.inc","FIADB REF_SPECIES to NBEL BM_REF_SPECIES to NVEL wdbkwtdata.inc","2023-10-16","38548071d5aa652bb90c7f111f86b427f798a1c9"
8258,1,8,31.2,31.2,0,0,0,31.2,31.2,0,0.476,"wdbkwtdata.inc","FIADB REF_SPECIES to NBEL BM_REF_SPECIES to NVEL wdbkwtdata.inc","2023-10-16","38548071d5aa652bb90c7f111f86b427f798a1c9"
8259,1,8,31.2,31.2,0,0,0,31.2,31.2,0,0.476,"wdbkwtdata.inc","FIADB REF_SPECIES to NBEL BM_REF_SPECIES to NVEL wdbkwtdata.inc","2023-10-16","38548071d5aa652bb90c7f111f86b427f798a1c9"
8260,1,8,31.2,31.2,0,0,0,31.2,31.2,0,0.476,"wdbkwtdata.inc","FIADB REF_SPECIES to NBEL BM_REF_SPECIES to NVEL wdbkwtdata.inc","2023-10-16","38548071d5aa652bb90c7f111f86b427f798a1c9"
8261,1,8,31.2,31.2,0,0,0,31.2,31.2,0,0.476,"wdbkwtdata.inc","FIADB REF_SPECIES to NBEL BM_REF_SPECIES to NVEL wdbkwtdata.inc","2023-10-16","38548071d5aa652bb90c7f111f86b427f798a1c9"
8262,1,8,31.2,31.2,75.13,80.49,15.16,63.2,35.9,0.84,0.476,"wdbkwtdata.inc","FIADB REF_SPECIES to NBEL BM_REF_SPECIES to NVEL wdbkwtdata.inc","2023-10-16","38548071d5aa652bb90c7f111f86b427f798a1c9"
8263,1,8,31.2,31.2,75.13,80.49,15.16,63.2,35.9,0.84,0.476,"wdbkwtdata.inc","FIADB REF_SPECIES to NBEL BM_REF_SPECIES to NVEL wdbkwtdata.inc","2023-10-16","38548071d5aa652bb90c7f111f86b427f798a1c9"
8266,1,8,32.45,33.07,75.13,80.49,15.16,65.9,37.5,0.84,0.475,"wdbkwtdata.inc","FIADB REF_SPECIES to NBEL BM_REF_SPECIES to NVEL wdbkwtdata.inc","2023-10-16","38548071d5aa652bb90c7f111f86b427f798a1c9"
8268,1,8,32.45,33.07,75.13,80.49,15.16,65.9,37.5,0.84,0.475,"wdbkwtdata.inc","FIADB REF_SPECIES to NBEL BM_REF_SPECIES to NVEL wdbkwtdata.inc","2023-10-16","38548071d5aa652bb90c7f111f86b427f798a1c9"
8269,1,8,32.45,33.07,75.13,80.49,15.16,65.9,37.5,0.84,0.475,"wdbkwtdata.inc","FIADB REF_SPECIES to NBEL BM_REF_SPECIES to NVEL wdbkwtdata.inc","2023-10-16","38548071d5aa652bb90c7f111f86b427f798a1c9"
8271,1,8,32.45,33.07,75.13,80.49,15.16,65.9,37.5,0.84,0.475,"wdbkwtdata.inc","FIADB REF_SPECIES to NBEL BM_REF_SPECIES to NVEL wdbkwtdata.inc","2023-10-16","38548071d5aa652bb90c7f111f86b427f798a1c9"
8272,1,8,31.2,31.2,0,0,0,31.2,31.2,0,0.476,"wdbkwtdata.inc","FIADB REF_SPECIES to NBEL BM_REF_SPECIES to NVEL wdbkwtdata.inc","2023-10-16","38548071d5aa652bb90c7f111f86b427f798a1c9"
8273,1,8,32.45,33.07,75.13,80.49,15.16,65.9,37.5,0.84,0.475,"wdbkwtdata.inc","FIADB REF_SPECIES to NBEL BM_REF_SPECIES to NVEL wdbkwtdata.inc","2023-10-16","38548071d5aa652bb90c7f111f86b427f798a1c9"
8274,0,4,0,0,0,0,0,0,0,0,0.475,"wdbkwtdata.inc","FIADB REF_SPECIES to NBEL BM_REF_SPECIES to NVEL wdbkwtdata.inc","2023-10-16","38548071d5aa652bb90c7f111f86b427f798a1c9"
8275,1,8,32.45,33.07,75.13,80.49,15.16,65.9,37.5,0.84,0.475,"wdbkwtdata.inc","FIADB REF_SPECIES to NBEL BM_REF_SPECIES to NVEL wdbkwtdata.inc","2023-10-16","38548071d5aa652bb90c7f111f86b427f798a1c9"
8276,1,8,32.45,33.07,75.13,80.49,15.16,65.9,37.5,0.84,0.475,"wdbkwtdata.inc","FIADB REF_SPECIES to NBEL BM_REF_SPECIES to NVEL wdbkwtdata.inc","2023-10-16","38548071d5aa652bb90c7f111f86b427f798a1c9"
8279,1,8,32.45,33.07,75.13,80.49,15.16,65.9,37.5,0.84,0.475,"wdbkwtdata.inc","FIADB REF_SPECIES to NBEL BM_REF_SPECIES to NVEL wdbkwtdata.inc","2023-10-16","38548071d5aa652bb90c7f111f86b427f798a1c9"
8280,1,8,32.45,33.07,75.13,80.49,15.16,65.9,37.5,0.84,0.475,"wdbkwtdata.inc","FIADB REF_SPECIES to NBEL BM_REF_SPECIES to NVEL wdbkwtdata.inc","2023-10-16","38548071d5aa652bb90c7f111f86b427f798a1c9"
8283,1,8,21.49,21.49,75.13,80.49,15.16,43.5,24.7,0.84,0.481,"wdbkwtdata.inc","FIADB REF_SPECIES to NBEL BM_REF_SPECIES to NVEL wdbkwtdata.inc","2023-10-16","38548071d5aa652bb90c7f111f86b427f798a1c9"
8284,1,8,32.45,33.07,75.13,80.49,15.16,65.9,37.5,0.84,0.475,"wdbkwtdata.inc","FIADB REF_SPECIES to NBEL BM_REF_SPECIES to NVEL wdbkwtdata.inc","2023-10-16","38548071d5aa652bb90c7f111f86b427f798a1c9"
8285,1,8,21.49,21.49,75.13,80.49,15.16,43.5,24.7,0.84,0.481,"wdbkwtdata.inc","FIADB REF_SPECIES to NBEL BM_REF_SPECIES to NVEL wdbkwtdata.inc","2023-10-16","38548071d5aa652bb90c7f111f86b427f798a1c9"
8286,1,8,19.97,19.97,75.13,80.49,15.16,40.4,23,0.84,0.482,"wdbkwtdata.inc","FIADB REF_SPECIES to NBEL BM_REF_SPECIES to NVEL wdbkwtdata.inc","2023-10-16","38548071d5aa652bb90c7f111f86b427f798a1c9"
8287,1,8,21.49,21.49,75.13,80.49,15.16,43.5,24.7,0.84,0.481,"wdbkwtdata.inc","FIADB REF_SPECIES to NBEL BM_REF_SPECIES to NVEL wdbkwtdata.inc","2023-10-16","38548071d5aa652bb90c7f111f86b427f798a1c9"
8288,1,8,21.49,21.49,0,0,0,21.5,21.5,0,0.481,"wdbkwtdata.inc","FIADB REF_SPECIES to NBEL BM_REF_SPECIES to NVEL wdbkwtdata.inc","2023-10-16","38548071d5aa652bb90c7f111f86b427f798a1c9"
8289,1,8,21.49,21.49,75.13,80.49,15.16,43.5,24.7,0.84,0.481,"wdbkwtdata.inc","FIADB REF_SPECIES to NBEL BM_REF_SPECIES to NVEL wdbkwtdata.inc","2023-10-16","38548071d5aa652bb90c7f111f86b427f798a1c9"
8290,1,8,37.07,37.07,75.13,80.49,15.16,75.1,42.7,0.84,0.472,"wdbkwtdata.inc","FIADB REF_SPECIES to NBEL BM_REF_SPECIES to NVEL wdbkwtdata.inc","2023-10-16","38548071d5aa652bb90c7f111f86b427f798a1c9"
8292,1,8,29.95,29.95,75.13,80.49,15.16,60.7,34.5,0.84,0.476,"wdbkwtdata.inc","FIADB REF_SPECIES to NBEL BM_REF_SPECIES to NVEL wdbkwtdata.inc","2023-10-16","38548071d5aa652bb90c7f111f86b427f798a1c9"
8293,1,8,29.95,29.95,75.13,80.49,15.16,60.7,34.5,0.84,0.476,"wdbkwtdata.inc","FIADB REF_SPECIES to NBEL BM_REF_SPECIES to NVEL wdbkwtdata.inc","2023-10-16","38548071d5aa652bb90c7f111f86b427f798a1c9"
8294,1,8,29.95,29.95,0,0,0,30,30,0,0.476,"wdbkwtdata.inc","FIADB REF_SPECIES to NBEL BM_REF_SPECIES to NVEL wdbkwtdata.inc","2023-10-16","38548071d5aa652bb90c7f111f86b427f798a1c9"
8295,1,8,36.1,36.1,75.13,80.49,15.16,73.1,41.6,0.84,0.473,"wdbkwtdata.inc","FIADB REF_SPECIES to NBEL BM_REF_SPECIES to NVEL wdbkwtdata.inc","2023-10-16","38548071d5aa652bb90c7f111f86b427f798a1c9"
8296,1,8,33.07,33.07,0,0,15.14,38.1,38.1,0.833,0.474,"wdbkwtdata.inc","FIADB REF_SPECIES to NBEL BM_REF_SPECIES to NVEL wdbkwtdata.inc","2023-10-16","38548071d5aa652bb90c7f111f86b427f798a1c9"
8297,1,8,53.04,53.04,0,0,0,53,53,0,0.463,"wdbkwtdata.inc","FIADB REF_SPECIES to NBEL BM_REF_SPECIES to NVEL wdbkwtdata.inc","2023-10-16","38548071d5aa652bb90c7f111f86b427f798a1c9"
8298,1,8,45.99,45.99,75.13,80.49,15.16,93.1,53,0.84,0.467,"wdbkwtdata.inc","FIADB REF_SPECIES to NBEL BM_REF_SPECIES to NVEL wdbkwtdata.inc","2023-10-16","38548071d5aa652bb90c7f111f86b427f798a1c9"
8299,1,8,49.3,49.3,0,0,0,49.3,49.3,0,0.466,"wdbkwtdata.inc","FIADB REF_SPECIES to NBEL BM_REF_SPECIES to NVEL wdbkwtdata.inc","2023-10-16","38548071d5aa652bb90c7f111f86b427f798a1c9"
8300,1,8,32.45,33.07,75.13,80.49,15.16,65.9,37.5,0.84,0.475,"wdbkwtdata.inc","FIADB REF_SPECIES to NBEL BM_REF_SPECIES to NVEL wdbkwtdata.inc","2023-10-16","38548071d5aa652bb90c7f111f86b427f798a1c9"
8301,1,8,32.45,33.07,75.13,80.49,15.16,65.9,37.5,0.84,0.475,"wdbkwtdata.inc","FIADB REF_SPECIES to NBEL BM_REF_SPECIES to NVEL wdbkwtdata.inc","2023-10-16","38548071d5aa652bb90c7f111f86b427f798a1c9"
8302,1,8,32.45,33.07,75.13,80.49,15.16,65.9,37.5,0.84,0.475,"wdbkwtdata.inc","FIADB REF_SPECIES to NBEL BM_REF_SPECIES to NVEL wdbkwtdata.inc","2023-10-16","38548071d5aa652bb90c7f111f86b427f798a1c9"
8303,1,8,38.68,38.68,75.13,80.49,15.16,78.3,44.5,0.84,0.471,"wdbkwtdata.inc","FIADB REF_SPECIES to NBEL BM_REF_SPECIES to NVEL wdbkwtdata.inc","2023-10-16","38548071d5aa652bb90c7f111f86b427f798a1c9"
8304,1,8,45.99,45.99,0,0,0,46,46,0,0.467,"wdbkwtdata.inc","FIADB REF_SPECIES to NBEL BM_REF_SPECIES to NVEL wdbkwtdata.inc","2023-10-16","38548071d5aa652bb90c7f111f86b427f798a1c9"
8305,1,8,32.45,33.07,75.13,80.49,15.16,65.9,37.5,0.84,0.475,"wdbkwtdata.inc","FIADB REF_SPECIES to NBEL BM_REF_SPECIES to NVEL wdbkwtdata.inc","2023-10-16","38548071d5aa652bb90c7f111f86b427f798a1c9"
8306,1,8,45.99,45.99,75.13,80.49,15.16,93.1,53,0.84,0.467,"wdbkwtdata.inc","FIADB REF_SPECIES to NBEL BM_REF_SPECIES to NVEL wdbkwtdata.inc","2023-10-16","38548071d5aa652bb90c7f111f86b427f798a1c9"
8307,1,8,35.57,35.57,75.13,80.49,15.16,72,41,0.84,0.473,"wdbkwtdata.inc","FIADB REF_SPECIES to NBEL BM_REF_SPECIES to NVEL wdbkwtdata.inc","2023-10-16","38548071d5aa652bb90c7f111f86b427f798a1c9"
8308,1,8,35.57,35.57,0,0,0,35.6,35.6,0,0.473,"wdbkwtdata.inc","FIADB REF_SPECIES to NBEL BM_REF_SPECIES to NVEL wdbkwtdata.inc","2023-10-16","38548071d5aa652bb90c7f111f86b427f798a1c9"
8309,1,8,34.32,34.32,75.13,80.49,15.16,69.5,39.5,0.84,0.474,"wdbkwtdata.inc","FIADB REF_SPECIES to NBEL BM_REF_SPECIES to NVEL wdbkwtdata.inc","2023-10-16","38548071d5aa652bb90c7f111f86b427f798a1c9"
8310,1,8,35.57,35.57,75.13,80.49,15.16,72,41,0.84,0.473,"wdbkwtdata.inc","FIADB REF_SPECIES to NBEL BM_REF_SPECIES to NVEL wdbkwtdata.inc","2023-10-16","38548071d5aa652bb90c7f111f86b427f798a1c9"
8311,1,8,32.45,33.07,75.13,80.49,15.16,65.9,37.5,0.84,0.475,"wdbkwtdata.inc","FIADB REF_SPECIES to NBEL BM_REF_SPECIES to NVEL wdbkwtdata.inc","2023-10-16","38548071d5aa652bb90c7f111f86b427f798a1c9"
8313,1,6,0,0,0,0,0,0,0,0,0.481,"wdbkwtdata.inc","FIADB REF_SPECIES to NBEL BM_REF_SPECIES to NVEL wdbkwtdata.inc","2023-10-16","38548071d5aa652bb90c7f111f86b427f798a1c9"
8314,1,6,0,0,0,0,0,0,0,0,0.481,"wdbkwtdata.inc","FIADB REF_SPECIES to NBEL BM_REF_SPECIES to NVEL wdbkwtdata.inc","2023-10-16","38548071d5aa652bb90c7f111f86b427f798a1c9"
8315,1,8,29.95,29.95,0,0,0,30,30,0,0.476,"wdbkwtdata.inc","FIADB REF_SPECIES to NBEL BM_REF_SPECIES to NVEL wdbkwtdata.inc","2023-10-16","38548071d5aa652bb90c7f111f86b427f798a1c9"
8316,1,8,29.95,29.95,0,0,0,30,30,0,0.476,"wdbkwtdata.inc","FIADB REF_SPECIES to NBEL BM_REF_SPECIES to NVEL wdbkwtdata.inc","2023-10-16","38548071d5aa652bb90c7f111f86b427f798a1c9"
8317,1,8,29.95,29.95,0,0,0,30,30,0,0.476,"wdbkwtdata.inc","FIADB REF_SPECIES to NBEL BM_REF_SPECIES to NVEL wdbkwtdata.inc","2023-10-16","38548071d5aa652bb90c7f111f86b427f798a1c9"
8318,1,8,29.95,29.95,75.13,80.49,15.16,60.7,34.5,0.84,0.476,"wdbkwtdata.inc","FIADB REF_SPECIES to NBEL BM_REF_SPECIES to NVEL wdbkwtdata.inc","2023-10-16","38548071d5aa652bb90c7f111f86b427f798a1c9"
8319,1,8,29.95,29.95,75.13,80.49,15.16,60.7,34.5,0.84,0.476,"wdbkwtdata.inc","FIADB REF_SPECIES to NBEL BM_REF_SPECIES to NVEL wdbkwtdata.inc","2023-10-16","38548071d5aa652bb90c7f111f86b427f798a1c9"
8320,1,8,29.95,29.95,0,0,0,30,30,0,0.476,"wdbkwtdata.inc","FIADB REF_SPECIES to NBEL BM_REF_SPECIES to NVEL wdbkwtdata.inc","2023-10-16","38548071d5aa652bb90c7f111f86b427f798a1c9"
8321,1,8,29.95,29.95,0,0,0,30,30,0,0.476,"wdbkwtdata.inc","FIADB REF_SPECIES to NBEL BM_REF_SPECIES to NVEL wdbkwtdata.inc","2023-10-16","38548071d5aa652bb90c7f111f86b427f798a1c9"
8322,1,8,29.95,29.95,75.13,80.49,15.16,60.7,34.5,0.84,0.476,"wdbkwtdata.inc","FIADB REF_SPECIES to NBEL BM_REF_SPECIES to NVEL wdbkwtdata.inc","2023-10-16","38548071d5aa652bb90c7f111f86b427f798a1c9"
8323,1,8,29.95,29.95,0,0,0,30,30,0,0.476,"wdbkwtdata.inc","FIADB REF_SPECIES to NBEL BM_REF_SPECIES to NVEL wdbkwtdata.inc","2023-10-16","38548071d5aa652bb90c7f111f86b427f798a1c9"
8324,1,8,29.95,29.95,0,0,0,30,30,0,0.476,"wdbkwtdata.inc","FIADB REF_SPECIES to NBEL BM_REF_SPECIES to NVEL wdbkwtdata.inc","2023-10-16","38548071d5aa652bb90c7f111f86b427f798a1c9"
8325,1,8,29.95,29.95,0,0,0,30,30,0,0.476,"wdbkwtdata.inc","FIADB REF_SPECIES to NBEL BM_REF_SPECIES to NVEL wdbkwtdata.inc","2023-10-16","38548071d5aa652bb90c7f111f86b427f798a1c9"
8326,1,8,29.95,29.95,0,0,0,30,30,0,0.476,"wdbkwtdata.inc","FIADB REF_SPECIES to NBEL BM_REF_SPECIES to NVEL wdbkwtdata.inc","2023-10-16","38548071d5aa652bb90c7f111f86b427f798a1c9"
8327,1,8,29.95,29.95,0,0,0,30,30,0,0.476,"wdbkwtdata.inc","FIADB REF_SPECIES to NBEL BM_REF_SPECIES to NVEL wdbkwtdata.inc","2023-10-16","38548071d5aa652bb90c7f111f86b427f798a1c9"
8328,1,8,29.95,29.95,75.13,80.49,15.16,60.7,34.5,0.84,0.476,"wdbkwtdata.inc","FIADB REF_SPECIES to NBEL BM_REF_SPECIES to NVEL wdbkwtdata.inc","2023-10-16","38548071d5aa652bb90c7f111f86b427f798a1c9"
8329,1,8,29.95,29.95,0,0,0,30,30,0,0.476,"wdbkwtdata.inc","FIADB REF_SPECIES to NBEL BM_REF_SPECIES to NVEL wdbkwtdata.inc","2023-10-16","38548071d5aa652bb90c7f111f86b427f798a1c9"
8330,1,8,29.95,29.95,0,0,0,30,30,0,0.476,"wdbkwtdata.inc","FIADB REF_SPECIES to NBEL BM_REF_SPECIES to NVEL wdbkwtdata.inc","2023-10-16","38548071d5aa652bb90c7f111f86b427f798a1c9"
8331,1,8,29.95,29.95,0,0,0,30,30,0,0.476,"wdbkwtdata.inc","FIADB REF_SPECIES to NBEL BM_REF_SPECIES to NVEL wdbkwtdata.inc","2023-10-16","38548071d5aa652bb90c7f111f86b427f798a1c9"
8336,1,8,29.95,29.95,0,0,0,30,30,0,0.476,"wdbkwtdata.inc","FIADB REF_SPECIES to NBEL BM_REF_SPECIES to NVEL wdbkwtdata.inc","2023-10-16","38548071d5aa652bb90c7f111f86b427f798a1c9"
8337,1,8,29.95,29.95,75.13,80.49,15.16,60.7,34.5,0.84,0.476,"wdbkwtdata.inc","FIADB REF_SPECIES to NBEL BM_REF_SPECIES to NVEL wdbkwtdata.inc","2023-10-16","38548071d5aa652bb90c7f111f86b427f798a1c9"
8338,1,8,29.95,29.95,75.13,80.49,15.16,60.7,34.5,0.84,0.476,"wdbkwtdata.inc","FIADB REF_SPECIES to NBEL BM_REF_SPECIES to NVEL wdbkwtdata.inc","2023-10-16","38548071d5aa652bb90c7f111f86b427f798a1c9"
8339,1,8,29.95,29.95,0,0,0,30,30,0,0.476,"wdbkwtdata.inc","FIADB REF_SPECIES to NBEL BM_REF_SPECIES to NVEL wdbkwtdata.inc","2023-10-16","38548071d5aa652bb90c7f111f86b427f798a1c9"
8340,1,8,32.45,33.07,75.13,80.49,15.16,65.9,37.5,0.84,0.475,"wdbkwtdata.inc","FIADB REF_SPECIES to NBEL BM_REF_SPECIES to NVEL wdbkwtdata.inc","2023-10-16","38548071d5aa652bb90c7f111f86b427f798a1c9"
8341,1,8,21.22,21.22,75.13,80.49,15.16,43,24.4,0.84,0.481,"wdbkwtdata.inc","FIADB REF_SPECIES to NBEL BM_REF_SPECIES to NVEL wdbkwtdata.inc","2023-10-16","38548071d5aa652bb90c7f111f86b427f798a1c9"
8342,1,8,32.45,33.07,75.13,80.49,15.16,65.9,37.5,0.84,0.475,"wdbkwtdata.inc","FIADB REF_SPECIES to NBEL BM_REF_SPECIES to NVEL wdbkwtdata.inc","2023-10-16","38548071d5aa652bb90c7f111f86b427f798a1c9"
8343,1,8,49.92,49.92,0,0,0,49.9,49.9,0,0.465,"wdbkwtdata.inc","FIADB REF_SPECIES to NBEL BM_REF_SPECIES to NVEL wdbkwtdata.inc","2023-10-16","38548071d5aa652bb90c7f111f86b427f798a1c9"
8344,1,8,32.45,33.07,75.13,80.49,15.16,65.9,37.5,0.84,0.475,"wdbkwtdata.inc","FIADB REF_SPECIES to NBEL BM_REF_SPECIES to NVEL wdbkwtdata.inc","2023-10-16","38548071d5aa652bb90c7f111f86b427f798a1c9"
8345,1,8,29.33,39.31,53,91,9.19,51.8,32.9,0.84,0.477,"wdbkwtdata.inc","FIADB REF_SPECIES to NBEL BM_REF_SPECIES to NVEL wdbkwtdata.inc","2023-10-16","38548071d5aa652bb90c7f111f86b427f798a1c9"
8346,1,8,32.45,33.07,75.13,80.49,15.16,65.9,37.5,0.84,0.475,"wdbkwtdata.inc","FIADB REF_SPECIES to NBEL BM_REF_SPECIES to NVEL wdbkwtdata.inc","2023-10-16","38548071d5aa652bb90c7f111f86b427f798a1c9"
8347,1,8,32.45,33.07,75.13,80.49,15.16,65.9,37.5,0.84,0.475,"wdbkwtdata.inc","FIADB REF_SPECIES to NBEL BM_REF_SPECIES to NVEL wdbkwtdata.inc","2023-10-16","38548071d5aa652bb90c7f111f86b427f798a1c9"
8348,1,8,29.33,39.31,53,91,9.2,51.8,32.9,0.84,0.476,"wdbkwtdata.inc","FIADB REF_SPECIES to NBEL BM_REF_SPECIES to NVEL wdbkwtdata.inc","2023-10-16","38548071d5aa652bb90c7f111f86b427f798a1c9"
8349,1,8,32.45,33.07,75.13,80.49,15.16,65.9,37.5,0.84,0.475,"wdbkwtdata.inc","FIADB REF_SPECIES to NBEL BM_REF_SPECIES to NVEL wdbkwtdata.inc","2023-10-16","38548071d5aa652bb90c7f111f86b427f798a1c9"
8350,1,8,32.45,33.07,75.13,80.49,15.16,65.9,37.5,0.84,0.609,"wdbkwtdata.inc","FIADB REF_SPECIES to NBEL BM_REF_SPECIES to NVEL wdbkwtdata.inc","2023-10-16","38548071d5aa652bb90c7f111f86b427f798a1c9"
8351,1,10,0,0,0,0,0,0,0,0,0.476,"wdbkwtdata.inc","FIADB REF_SPECIES to NBEL BM_REF_SPECIES to NVEL wdbkwtdata.inc","2023-10-16","38548071d5aa652bb90c7f111f86b427f798a1c9"
8352,1,8,32.45,33.07,75.13,80.49,15.16,65.9,37.5,0.84,0.475,"wdbkwtdata.inc","FIADB REF_SPECIES to NBEL BM_REF_SPECIES to NVEL wdbkwtdata.inc","2023-10-16","38548071d5aa652bb90c7f111f86b427f798a1c9"
8353,1,8,32.45,33.07,75.13,80.49,15.16,65.9,37.5,0.84,0.475,"wdbkwtdata.inc","FIADB REF_SPECIES to NBEL BM_REF_SPECIES to NVEL wdbkwtdata.inc","2023-10-16","38548071d5aa652bb90c7f111f86b427f798a1c9"
8354,1,8,32.45,33.07,75.13,80.49,15.16,65.9,37.5,0.84,0.475,"wdbkwtdata.inc","FIADB REF_SPECIES to NBEL BM_REF_SPECIES to NVEL wdbkwtdata.inc","2023-10-16","38548071d5aa652bb90c7f111f86b427f798a1c9"
8355,1,8,43.06,43.06,75.13,80.49,15.16,87.2,49.6,0.84,0.469,"wdbkwtdata.inc","FIADB REF_SPECIES to NBEL BM_REF_SPECIES to NVEL wdbkwtdata.inc","2023-10-16","38548071d5aa652bb90c7f111f86b427f798a1c9"
8356,1,8,32.45,33.07,75.13,80.49,15.16,65.9,37.5,0.84,0.438,"wdbkwtdata.inc","FIADB REF_SPECIES to NBEL BM_REF_SPECIES to NVEL wdbkwtdata.inc","2023-10-16","38548071d5aa652bb90c7f111f86b427f798a1c9"
8357,1,8,29.33,39.31,53,91,9.2,51.8,32.9,0.84,0.476,"wdbkwtdata.inc","FIADB REF_SPECIES to NBEL BM_REF_SPECIES to NVEL wdbkwtdata.inc","2023-10-16","38548071d5aa652bb90c7f111f86b427f798a1c9"
8358,1,8,32.45,33.07,75.13,80.49,15.16,65.9,37.5,0.84,0.475,"wdbkwtdata.inc","FIADB REF_SPECIES to NBEL BM_REF_SPECIES to NVEL wdbkwtdata.inc","2023-10-16","38548071d5aa652bb90c7f111f86b427f798a1c9"
8359,1,8,32.45,33.07,75.13,80.49,15.16,65.9,37.5,0.84,0.475,"wdbkwtdata.inc","FIADB REF_SPECIES to NBEL BM_REF_SPECIES to NVEL wdbkwtdata.inc","2023-10-16","38548071d5aa652bb90c7f111f86b427f798a1c9"
8360,1,8,29.33,39.31,53,91,9.19,51.8,32.9,0.84,0.477,"wdbkwtdata.inc","FIADB REF_SPECIES to NBEL BM_REF_SPECIES to NVEL wdbkwtdata.inc","2023-10-16","38548071d5aa652bb90c7f111f86b427f798a1c9"
8361,1,8,32.45,33.07,75.13,80.49,15.16,65.9,37.5,0.84,0.475,"wdbkwtdata.inc","FIADB REF_SPECIES to NBEL BM_REF_SPECIES to NVEL wdbkwtdata.inc","2023-10-16","38548071d5aa652bb90c7f111f86b427f798a1c9"
8362,1,8,32.45,33.07,75.13,80.49,15.16,65.9,37.5,0.84,0.475,"wdbkwtdata.inc","FIADB REF_SPECIES to NBEL BM_REF_SPECIES to NVEL wdbkwtdata.inc","2023-10-16","38548071d5aa652bb90c7f111f86b427f798a1c9"
8363,1,8,32.45,33.07,75.13,80.49,15.16,65.9,37.5,0.84,0.475,"wdbkwtdata.inc","FIADB REF_SPECIES to NBEL BM_REF_SPECIES to NVEL wdbkwtdata.inc","2023-10-16","38548071d5aa652bb90c7f111f86b427f798a1c9"
8364,1,8,32.45,33.07,75.13,80.49,15.16,65.9,37.5,0.84,0.475,"wdbkwtdata.inc","FIADB REF_SPECIES to NBEL BM_REF_SPECIES to NVEL wdbkwtdata.inc","2023-10-16","38548071d5aa652bb90c7f111f86b427f798a1c9"
8365,1,8,33.7,33.7,75.13,80.49,15.16,68.2,38.8,0.84,0.474,"wdbkwtdata.inc","FIADB REF_SPECIES to NBEL BM_REF_SPECIES to NVEL wdbkwtdata.inc","2023-10-16","38548071d5aa652bb90c7f111f86b427f798a1c9"
8366,1,8,32.45,32.45,75.13,80.49,15.16,65.7,37.4,0.84,0.475,"wdbkwtdata.inc","FIADB REF_SPECIES to NBEL BM_REF_SPECIES to NVEL wdbkwtdata.inc","2023-10-16","38548071d5aa652bb90c7f111f86b427f798a1c9"
8367,1,8,32.45,33.07,75.13,80.49,15.16,65.9,37.5,0.84,0.475,"wdbkwtdata.inc","FIADB REF_SPECIES to NBEL BM_REF_SPECIES to NVEL wdbkwtdata.inc","2023-10-16","38548071d5aa652bb90c7f111f86b427f798a1c9"
8368,1,8,32.45,33.07,75.13,80.49,15.16,65.9,37.5,0.84,0.475,"wdbkwtdata.inc","FIADB REF_SPECIES to NBEL BM_REF_SPECIES to NVEL wdbkwtdata.inc","2023-10-16","38548071d5aa652bb90c7f111f86b427f798a1c9"
8369,1,8,32.45,32.45,0,0,0,32.4,32.4,0,0.475,"wdbkwtdata.inc","FIADB REF_SPECIES to NBEL BM_REF_SPECIES to NVEL wdbkwtdata.inc","2023-10-16","38548071d5aa652bb90c7f111f86b427f798a1c9"
8370,1,8,32.45,32.45,75.13,80.49,15.16,65.7,37.4,0.84,0.475,"wdbkwtdata.inc","FIADB REF_SPECIES to NBEL BM_REF_SPECIES to NVEL wdbkwtdata.inc","2023-10-16","38548071d5aa652bb90c7f111f86b427f798a1c9"
8373,1,8,33.7,33.7,75.13,80.49,15.16,68.2,38.8,0.84,0.474,"wdbkwtdata.inc","FIADB REF_SPECIES to NBEL BM_REF_SPECIES to NVEL wdbkwtdata.inc","2023-10-16","38548071d5aa652bb90c7f111f86b427f798a1c9"
8377,1,8,32.45,32.45,0,0,0,32.4,32.4,0,0.475,"wdbkwtdata.inc","FIADB REF_SPECIES to NBEL BM_REF_SPECIES to NVEL wdbkwtdata.inc","2023-10-16","38548071d5aa652bb90c7f111f86b427f798a1c9"
8382,1,8,32.45,32.45,0,0,0,32.4,32.4,0,0.475,"wdbkwtdata.inc","FIADB REF_SPECIES to NBEL BM_REF_SPECIES to NVEL wdbkwtdata.inc","2023-10-16","38548071d5aa652bb90c7f111f86b427f798a1c9"
8386,1,8,32.45,32.45,0,0,0,32.4,32.4,0,0.475,"wdbkwtdata.inc","FIADB REF_SPECIES to NBEL BM_REF_SPECIES to NVEL wdbkwtdata.inc","2023-10-16","38548071d5aa652bb90c7f111f86b427f798a1c9"
8387,1,8,32.45,32.45,75.13,80.49,15.16,65.7,37.4,0.84,0.475,"wdbkwtdata.inc","FIADB REF_SPECIES to NBEL BM_REF_SPECIES to NVEL wdbkwtdata.inc","2023-10-16","38548071d5aa652bb90c7f111f86b427f798a1c9"
8388,1,8,32.45,32.45,75.13,80.49,15.16,65.7,37.4,0.84,0.475,"wdbkwtdata.inc","FIADB REF_SPECIES to NBEL BM_REF_SPECIES to NVEL wdbkwtdata.inc","2023-10-16","38548071d5aa652bb90c7f111f86b427f798a1c9"
8389,1,8,32.45,33.07,75.13,80.49,15.16,65.9,37.5,0.84,0.475,"wdbkwtdata.inc","FIADB REF_SPECIES to NBEL BM_REF_SPECIES to NVEL wdbkwtdata.inc","2023-10-16","38548071d5aa652bb90c7f111f86b427f798a1c9"
8390,1,8,32.45,32.45,75.13,80.49,15.16,65.7,37.4,0.84,0.475,"wdbkwtdata.inc","FIADB REF_SPECIES to NBEL BM_REF_SPECIES to NVEL wdbkwtdata.inc","2023-10-16","38548071d5aa652bb90c7f111f86b427f798a1c9"
8391,1,8,32.45,33.07,75.13,80.49,15.16,65.9,37.5,0.84,0.475,"wdbkwtdata.inc","FIADB REF_SPECIES to NBEL BM_REF_SPECIES to NVEL wdbkwtdata.inc","2023-10-16","38548071d5aa652bb90c7f111f86b427f798a1c9"
8392,1,8,32.45,32.45,75.13,80.49,15.16,65.7,37.4,0.84,0.475,"wdbkwtdata.inc","FIADB REF_SPECIES to NBEL BM_REF_SPECIES to NVEL wdbkwtdata.inc","2023-10-16","38548071d5aa652bb90c7f111f86b427f798a1c9"
8393,1,8,32.45,32.45,0,0,0,32.4,32.4,0,0.475,"wdbkwtdata.inc","FIADB REF_SPECIES to NBEL BM_REF_SPECIES to NVEL wdbkwtdata.inc","2023-10-16","38548071d5aa652bb90c7f111f86b427f798a1c9"
8394,1,8,32.45,33.07,75.13,80.49,15.16,65.9,37.5,0.84,0.475,"wdbkwtdata.inc","FIADB REF_SPECIES to NBEL BM_REF_SPECIES to NVEL wdbkwtdata.inc","2023-10-16","38548071d5aa652bb90c7f111f86b427f798a1c9"
8395,1,8,32.45,33.07,75.13,80.49,15.16,65.9,37.5,0.84,0.492,"wdbkwtdata.inc","FIADB REF_SPECIES to NBEL BM_REF_SPECIES to NVEL wdbkwtdata.inc","2023-10-16","38548071d5aa652bb90c7f111f86b427f798a1c9"
8397,1,8,32.45,33.07,75.13,80.49,15.16,65.9,37.5,0.84,0.475,"wdbkwtdata.inc","FIADB REF_SPECIES to NBEL BM_REF_SPECIES to NVEL wdbkwtdata.inc","2023-10-16","38548071d5aa652bb90c7f111f86b427f798a1c9"
8398,1,8,32.45,32.45,75.13,80.49,15.16,65.7,37.4,0.84,0.475,"wdbkwtdata.inc","FIADB REF_SPECIES to NBEL BM_REF_SPECIES to NVEL wdbkwtdata.inc","2023-10-16","38548071d5aa652bb90c7f111f86b427f798a1c9"
8399,1,8,32.45,32.45,0,0,0,32.4,32.4,0,0.475,"wdbkwtdata.inc","FIADB REF_SPECIES to NBEL BM_REF_SPECIES to NVEL wdbkwtdata.inc","2023-10-16","38548071d5aa652bb90c7f111f86b427f798a1c9"
8400,1,8,32.45,32.45,75.13,80.49,15.16,65.7,37.4,0.84,0.475,"wdbkwtdata.inc","FIADB REF_SPECIES to NBEL BM_REF_SPECIES to NVEL wdbkwtdata.inc","2023-10-16","38548071d5aa652bb90c7f111f86b427f798a1c9"
8401,1,8,32.45,32.45,0,0,0,32.4,32.4,0,0.475,"wdbkwtdata.inc","FIADB REF_SPECIES to NBEL BM_REF_SPECIES to NVEL wdbkwtdata.inc","2023-10-16","38548071d5aa652bb90c7f111f86b427f798a1c9"
8402,1,8,54.26,54.26,75.13,80.49,15.16,109.9,62.5,0.84,0.463,"wdbkwtdata.inc","FIADB REF_SPECIES to NBEL BM_REF_SPECIES to NVEL wdbkwtdata.inc","2023-10-16","38548071d5aa652bb90c7f111f86b427f798a1c9"
8403,1,8,0,0,0,0,0,0,0,0,0.465,"wdbkwtdata.inc","FIADB REF_SPECIES to NBEL BM_REF_SPECIES to NVEL wdbkwtdata.inc","2023-10-16","38548071d5aa652bb90c7f111f86b427f798a1c9"
8404,1,8,33.07,33.07,75.13,80.49,15.16,67,38.1,0.84,0.474,"wdbkwtdata.inc","FIADB REF_SPECIES to NBEL BM_REF_SPECIES to NVEL wdbkwtdata.inc","2023-10-16","38548071d5aa652bb90c7f111f86b427f798a1c9"
8405,1,8,33.07,33.07,0,0,0,33.1,33.1,0,0.474,"wdbkwtdata.inc","FIADB REF_SPECIES to NBEL BM_REF_SPECIES to NVEL wdbkwtdata.inc","2023-10-16","38548071d5aa652bb90c7f111f86b427f798a1c9"
8406,1,8,33.07,33.07,0,0,0,33.1,33.1,0,0.474,"wdbkwtdata.inc","FIADB REF_SPECIES to NBEL BM_REF_SPECIES to NVEL wdbkwtdata.inc","2023-10-16","38548071d5aa652bb90c7f111f86b427f798a1c9"
8407,1,8,32.45,33.07,75.13,80.49,15.16,65.9,37.5,0.84,0.475,"wdbkwtdata.inc","FIADB REF_SPECIES to NBEL BM_REF_SPECIES to NVEL wdbkwtdata.inc","2023-10-16","38548071d5aa652bb90c7f111f86b427f798a1c9"
8408,1,8,32.45,33.07,75.13,80.49,15.16,65.9,37.5,0.84,0.475,"wdbkwtdata.inc","FIADB REF_SPECIES to NBEL BM_REF_SPECIES to NVEL wdbkwtdata.inc","2023-10-16","38548071d5aa652bb90c7f111f86b427f798a1c9"
8409,1,8,32.45,33.07,75.13,80.49,15.16,65.9,37.5,0.84,0.475,"wdbkwtdata.inc","FIADB REF_SPECIES to NBEL BM_REF_SPECIES to NVEL wdbkwtdata.inc","2023-10-16","38548071d5aa652bb90c7f111f86b427f798a1c9"
8410,1,8,32.45,33.07,75.13,80.49,15.16,65.9,37.5,0.84,0.475,"wdbkwtdata.inc","FIADB REF_SPECIES to NBEL BM_REF_SPECIES to NVEL wdbkwtdata.inc","2023-10-16","38548071d5aa652bb90c7f111f86b427f798a1c9"
8411,1,8,0,0,0,0,0,0,0,0,0.465,"wdbkwtdata.inc","FIADB REF_SPECIES to NBEL BM_REF_SPECIES to NVEL wdbkwtdata.inc","2023-10-16","38548071d5aa652bb90c7f111f86b427f798a1c9"
8412,1,8,29.95,29.95,75.13,80.49,15.16,60.7,34.5,0.84,0.476,"wdbkwtdata.inc","FIADB REF_SPECIES to NBEL BM_REF_SPECIES to NVEL wdbkwtdata.inc","2023-10-16","38548071d5aa652bb90c7f111f86b427f798a1c9"
8413,1,8,32.45,32.45,75.13,80.49,15.16,65.7,37.4,0.84,0.475,"wdbkwtdata.inc","FIADB REF_SPECIES to NBEL BM_REF_SPECIES to NVEL wdbkwtdata.inc","2023-10-16","38548071d5aa652bb90c7f111f86b427f798a1c9"
8415,1,8,29.95,29.95,0,0,0,30,30,0,0.476,"wdbkwtdata.inc","FIADB REF_SPECIES to NBEL BM_REF_SPECIES to NVEL wdbkwtdata.inc","2023-10-16","38548071d5aa652bb90c7f111f86b427f798a1c9"
8416,1,8,29.95,29.95,75.13,80.49,15.16,60.7,34.5,0.84,0.476,"wdbkwtdata.inc","FIADB REF_SPECIES to NBEL BM_REF_SPECIES to NVEL wdbkwtdata.inc","2023-10-16","38548071d5aa652bb90c7f111f86b427f798a1c9"
8418,1,8,29.95,29.95,0,0,0,30,30,0,0.476,"wdbkwtdata.inc","FIADB REF_SPECIES to NBEL BM_REF_SPECIES to NVEL wdbkwtdata.inc","2023-10-16","38548071d5aa652bb90c7f111f86b427f798a1c9"
8419,1,8,32.45,33.07,75.13,80.49,15.16,65.9,37.5,0.84,0.475,"wdbkwtdata.inc","FIADB REF_SPECIES to NBEL BM_REF_SPECIES to NVEL wdbkwtdata.inc","2023-10-16","38548071d5aa652bb90c7f111f86b427f798a1c9"
8420,1,8,32.45,33.07,75.12,80.64,15.32,66,37.5,0.84,0.473,"wdbkwtdata.inc","FIADB REF_SPECIES to NBEL BM_REF_SPECIES to NVEL wdbkwtdata.inc","2023-10-16","38548071d5aa652bb90c7f111f86b427f798a1c9"
8421,1,8,34.94,33.7,75.12,80.64,15.6,70.7,40.2,0.833,0.473,"wdbkwtdata.inc","FIADB REF_SPECIES to NBEL BM_REF_SPECIES to NVEL wdbkwtdata.inc","2023-10-16","38548071d5aa652bb90c7f111f86b427f798a1c9"
8422,1,8,32.45,33.07,75.13,80.49,15.16,65.9,37.5,0.84,0.475,"wdbkwtdata.inc","FIADB REF_SPECIES to NBEL BM_REF_SPECIES to NVEL wdbkwtdata.inc","2023-10-16","38548071d5aa652bb90c7f111f86b427f798a1c9"
8423,1,8,34.94,33.7,75.12,80.64,15.6,70.7,40.2,0.833,0.473,"wdbkwtdata.inc","FIADB REF_SPECIES to NBEL BM_REF_SPECIES to NVEL wdbkwtdata.inc","2023-10-16","38548071d5aa652bb90c7f111f86b427f798a1c9"
8424,1,8,48.05,48.05,0,0,0,48,48,0,0.466,"wdbkwtdata.inc","FIADB REF_SPECIES to NBEL BM_REF_SPECIES to NVEL wdbkwtdata.inc","2023-10-16","38548071d5aa652bb90c7f111f86b427f798a1c9"
8425,1,8,32.45,33.07,75.13,80.49,15.16,65.9,37.5,0.84,0.475,"wdbkwtdata.inc","FIADB REF_SPECIES to NBEL BM_REF_SPECIES to NVEL wdbkwtdata.inc","2023-10-16","38548071d5aa652bb90c7f111f86b427f798a1c9"
8426,1,8,34.94,33.7,75.12,80.64,15.6,70.7,40.2,0.833,0.473,"wdbkwtdata.inc","FIADB REF_SPECIES to NBEL BM_REF_SPECIES to NVEL wdbkwtdata.inc","2023-10-16","38548071d5aa652bb90c7f111f86b427f798a1c9"
8427,1,9,36.82,36.19,75,83,19.1,77.1,43.7,0.932,0.472,"wdbkwtdata.inc","FIADB REF_SPECIES to NBEL BM_REF_SPECIES to NVEL wdbkwtdata.inc","2023-10-16","38548071d5aa652bb90c7f111f86b427f798a1c9"
8429,1,9,37.44,34.94,68.27,88.88,16,73.6,43,0.77,0.472,"wdbkwtdata.inc","FIADB REF_SPECIES to NBEL BM_REF_SPECIES to NVEL wdbkwtdata.inc","2023-10-16","38548071d5aa652bb90c7f111f86b427f798a1c9"
8430,1,8,40.12,40.12,0,0,0,40.1,40.1,0,0.47,"wdbkwtdata.inc","FIADB REF_SPECIES to NBEL BM_REF_SPECIES to NVEL wdbkwtdata.inc","2023-10-16","38548071d5aa652bb90c7f111f86b427f798a1c9"
8431,1,8,28.9,28.9,0,0,0,28.9,28.9,0,0.477,"wdbkwtdata.inc","FIADB REF_SPECIES to NBEL BM_REF_SPECIES to NVEL wdbkwtdata.inc","2023-10-16","38548071d5aa652bb90c7f111f86b427f798a1c9"
8432,1,8,28.9,28.9,0,0,0,28.9,28.9,0,0.477,"wdbkwtdata.inc","FIADB REF_SPECIES to NBEL BM_REF_SPECIES to NVEL wdbkwtdata.inc","2023-10-16","38548071d5aa652bb90c7f111f86b427f798a1c9"
8433,1,8,32.45,33.07,75.13,80.49,15.16,65.9,37.5,0.84,0.475,"wdbkwtdata.inc","FIADB REF_SPECIES to NBEL BM_REF_SPECIES to NVEL wdbkwtdata.inc","2023-10-16","38548071d5aa652bb90c7f111f86b427f798a1c9"
8434,1,8,28.9,28.9,0,0,0,28.9,28.9,0,0.477,"wdbkwtdata.inc","FIADB REF_SPECIES to NBEL BM_REF_SPECIES to NVEL wdbkwtdata.inc","2023-10-16","38548071d5aa652bb90c7f111f86b427f798a1c9"
8435,1,8,28.9,28.9,75.13,80.49,15.16,58.5,33.3,0.84,0.477,"wdbkwtdata.inc","FIADB REF_SPECIES to NBEL BM_REF_SPECIES to NVEL wdbkwtdata.inc","2023-10-16","38548071d5aa652bb90c7f111f86b427f798a1c9"
8436,1,8,32.45,33.07,75.13,80.49,15.16,65.9,37.5,0.84,0.475,"wdbkwtdata.inc","FIADB REF_SPECIES to NBEL BM_REF_SPECIES to NVEL wdbkwtdata.inc","2023-10-16","38548071d5aa652bb90c7f111f86b427f798a1c9"
8437,1,9,0,0,0,0,0,0,0,0,0.472,"wdbkwtdata.inc","FIADB REF_SPECIES to NBEL BM_REF_SPECIES to NVEL wdbkwtdata.inc","2023-10-16","38548071d5aa652bb90c7f111f86b427f798a1c9"
8438,1,9,37.44,36.19,75.3,82.95,19.12,78.3,44.4,0.762,0.472,"wdbkwtdata.inc","FIADB REF_SPECIES to NBEL BM_REF_SPECIES to NVEL wdbkwtdata.inc","2023-10-16","38548071d5aa652bb90c7f111f86b427f798a1c9"
8439,1,8,32.45,33.07,75.13,80.49,15.16,65.9,37.5,0.84,0.475,"wdbkwtdata.inc","FIADB REF_SPECIES to NBEL BM_REF_SPECIES to NVEL wdbkwtdata.inc","2023-10-16","38548071d5aa652bb90c7f111f86b427f798a1c9"
8440,1,8,25.58,25.58,75.13,80.49,15.16,51.8,29.5,0.84,0.479,"wdbkwtdata.inc","FIADB REF_SPECIES to NBEL BM_REF_SPECIES to NVEL wdbkwtdata.inc","2023-10-16","38548071d5aa652bb90c7f111f86b427f798a1c9"
8441,1,9,36.82,0,0,0,0,36.8,36.8,0.722,0.472,"wdbkwtdata.inc","FIADB REF_SPECIES to NBEL BM_REF_SPECIES to NVEL wdbkwtdata.inc","2023-10-16","38548071d5aa652bb90c7f111f86b427f798a1c9"
8442,1,8,25.58,25.58,0,0,0,25.6,25.6,0,0.479,"wdbkwtdata.inc","FIADB REF_SPECIES to NBEL BM_REF_SPECIES to NVEL wdbkwtdata.inc","2023-10-16","38548071d5aa652bb90c7f111f86b427f798a1c9"
8443,1,8,25.58,25.58,0,0,0,25.6,25.6,0,0.479,"wdbkwtdata.inc","FIADB REF_SPECIES to NBEL BM_REF_SPECIES to NVEL wdbkwtdata.inc","2023-10-16","38548071d5aa652bb90c7f111f86b427f798a1c9"
8444,1,8,32.45,33.07,75.13,80.49,15.16,65.9,37.5,0.84,0.475,"wdbkwtdata.inc","FIADB REF_SPECIES to NBEL BM_REF_SPECIES to NVEL wdbkwtdata.inc","2023-10-16","38548071d5aa652bb90c7f111f86b427f798a1c9"
8445,1,8,32.45,33.07,75.13,80.49,15.16,65.9,37.5,0.84,0.475,"wdbkwtdata.inc","FIADB REF_SPECIES to NBEL BM_REF_SPECIES to NVEL wdbkwtdata.inc","2023-10-16","38548071d5aa652bb90c7f111f86b427f798a1c9"
8447,1,8,32.45,33.07,75.13,80.49,15.16,65.9,37.5,0.84,0.475,"wdbkwtdata.inc","FIADB REF_SPECIES to NBEL BM_REF_SPECIES to NVEL wdbkwtdata.inc","2023-10-16","38548071d5aa652bb90c7f111f86b427f798a1c9"
8449,1,9,36.82,31.2,83,121,16,78.4,41.8,0.78,0.48,"wdbkwtdata.inc","FIADB REF_SPECIES to NBEL BM_REF_SPECIES to NVEL wdbkwtdata.inc","2023-10-16","38548071d5aa652bb90c7f111f86b427f798a1c9"
8450,1,9,0,0,0,0,0,0,0,0,0.472,"wdbkwtdata.inc","FIADB REF_SPECIES to NBEL BM_REF_SPECIES to NVEL wdbkwtdata.inc","2023-10-16","38548071d5aa652bb90c7f111f86b427f798a1c9"
8453,1,9,0,0,0,0,0,0,0,0,0.472,"wdbkwtdata.inc","FIADB REF_SPECIES to NBEL BM_REF_SPECIES to NVEL wdbkwtdata.inc","2023-10-16","38548071d5aa652bb90c7f111f86b427f798a1c9"
8455,1,9,0,0,0,0,0,0,0,0,0.472,"wdbkwtdata.inc","FIADB REF_SPECIES to NBEL BM_REF_SPECIES to NVEL wdbkwtdata.inc","2023-10-16","38548071d5aa652bb90c7f111f86b427f798a1c9"
8456,1,8,39.94,39.94,0,0,0,39.9,39.9,0,0.471,"wdbkwtdata.inc","FIADB REF_SPECIES to NBEL BM_REF_SPECIES to NVEL wdbkwtdata.inc","2023-10-16","38548071d5aa652bb90c7f111f86b427f798a1c9"
8457,1,9,0,0,0,0,0,0,0,0,0.472,"wdbkwtdata.inc","FIADB REF_SPECIES to NBEL BM_REF_SPECIES to NVEL wdbkwtdata.inc","2023-10-16","38548071d5aa652bb90c7f111f86b427f798a1c9"
8458,1,8,52.11,52.11,75.13,80.49,15.16,105.5,60,0.84,0.464,"wdbkwtdata.inc","FIADB REF_SPECIES to NBEL BM_REF_SPECIES to NVEL wdbkwtdata.inc","2023-10-16","38548071d5aa652bb90c7f111f86b427f798a1c9"
8459,1,9,0,0,0,0,0,0,0,0,0.472,"wdbkwtdata.inc","FIADB REF_SPECIES to NBEL BM_REF_SPECIES to NVEL wdbkwtdata.inc","2023-10-16","38548071d5aa652bb90c7f111f86b427f798a1c9"
8460,1,8,53.04,53.04,75.13,80.49,15.16,107.4,61.1,0.84,0.463,"wdbkwtdata.inc","FIADB REF_SPECIES to NBEL BM_REF_SPECIES to NVEL wdbkwtdata.inc","2023-10-16","38548071d5aa652bb90c7f111f86b427f798a1c9"
8461,1,9,0,0,0,0,0,0,0,0,0.472,"wdbkwtdata.inc","FIADB REF_SPECIES to NBEL BM_REF_SPECIES to NVEL wdbkwtdata.inc","2023-10-16","38548071d5aa652bb90c7f111f86b427f798a1c9"
8462,1,8,48.09,48.09,75.13,80.49,15.16,97.4,55.4,0.84,0.466,"wdbkwtdata.inc","FIADB REF_SPECIES to NBEL BM_REF_SPECIES to NVEL wdbkwtdata.inc","2023-10-16","38548071d5aa652bb90c7f111f86b427f798a1c9"
8463,1,8,53.04,53.04,75.13,80.49,15.16,107.4,61.1,0.84,0.463,"wdbkwtdata.inc","FIADB REF_SPECIES to NBEL BM_REF_SPECIES to NVEL wdbkwtdata.inc","2023-10-16","38548071d5aa652bb90c7f111f86b427f798a1c9"
8464,1,8,52.42,52.42,75.13,80.49,15.16,106.1,60.4,0.84,0.464,"wdbkwtdata.inc","FIADB REF_SPECIES to NBEL BM_REF_SPECIES to NVEL wdbkwtdata.inc","2023-10-16","38548071d5aa652bb90c7f111f86b427f798a1c9"
8465,1,8,48.62,48.62,0,0,0,48.6,48.6,0,0.466,"wdbkwtdata.inc","FIADB REF_SPECIES to NBEL BM_REF_SPECIES to NVEL wdbkwtdata.inc","2023-10-16","38548071d5aa652bb90c7f111f86b427f798a1c9"
8466,1,8,48.62,48.62,75.13,80.49,15.16,98.5,56,0.84,0.466,"wdbkwtdata.inc","FIADB REF_SPECIES to NBEL BM_REF_SPECIES to NVEL wdbkwtdata.inc","2023-10-16","38548071d5aa652bb90c7f111f86b427f798a1c9"
8467,1,8,29.12,29.12,0,0,0,29.1,29.1,0,0.477,"wdbkwtdata.inc","FIADB REF_SPECIES to NBEL BM_REF_SPECIES to NVEL wdbkwtdata.inc","2023-10-16","38548071d5aa652bb90c7f111f86b427f798a1c9"
8468,1,8,29.12,29.12,0,0,0,29.1,29.1,0,0.477,"wdbkwtdata.inc","FIADB REF_SPECIES to NBEL BM_REF_SPECIES to NVEL wdbkwtdata.inc","2023-10-16","38548071d5aa652bb90c7f111f86b427f798a1c9"
8469,1,8,23.09,23.09,75.13,80.49,15.16,46.8,26.6,0.84,0.48,"wdbkwtdata.inc","FIADB REF_SPECIES to NBEL BM_REF_SPECIES to NVEL wdbkwtdata.inc","2023-10-16","38548071d5aa652bb90c7f111f86b427f798a1c9"
8470,1,8,0,0,0,0,0,0,0,0,0.456,"wdbkwtdata.inc","FIADB REF_SPECIES to NBEL BM_REF_SPECIES to NVEL wdbkwtdata.inc","2023-10-16","38548071d5aa652bb90c7f111f86b427f798a1c9"
8471,1,9,0,0,0,0,0,0,0,0,0.465,"wdbkwtdata.inc","FIADB REF_SPECIES to NBEL BM_REF_SPECIES to NVEL wdbkwtdata.inc","2023-10-16","38548071d5aa652bb90c7f111f86b427f798a1c9"
8472,1,8,32.45,33.07,75.13,80.49,15.16,65.9,37.5,0.84,0.475,"wdbkwtdata.inc","FIADB REF_SPECIES to NBEL BM_REF_SPECIES to NVEL wdbkwtdata.inc","2023-10-16","38548071d5aa652bb90c7f111f86b427f798a1c9"
8473,1,8,30.09,30.09,0,0,0,30.1,30.1,0,0.476,"wdbkwtdata.inc","FIADB REF_SPECIES to NBEL BM_REF_SPECIES to NVEL wdbkwtdata.inc","2023-10-16","38548071d5aa652bb90c7f111f86b427f798a1c9"
8474,1,8,41.18,41.18,75.13,80.49,15.16,83.4,47.4,0.84,0.47,"wdbkwtdata.inc","FIADB REF_SPECIES to NBEL BM_REF_SPECIES to NVEL wdbkwtdata.inc","2023-10-16","38548071d5aa652bb90c7f111f86b427f798a1c9"
8475,1,8,0,0,0,0,0,0,0,0,0.478,"wdbkwtdata.inc","FIADB REF_SPECIES to NBEL BM_REF_SPECIES to NVEL wdbkwtdata.inc","2023-10-16","38548071d5aa652bb90c7f111f86b427f798a1c9"
8476,1,8,32.45,33.07,75.13,80.49,15.16,65.9,37.5,0.84,0.475,"wdbkwtdata.inc","FIADB REF_SPECIES to NBEL BM_REF_SPECIES to NVEL wdbkwtdata.inc","2023-10-16","38548071d5aa652bb90c7f111f86b427f798a1c9"
8477,1,8,32.45,33.07,75.12,80.64,15.32,66,37.5,0.84,0.478,"wdbkwtdata.inc","FIADB REF_SPECIES to NBEL BM_REF_SPECIES to NVEL wdbkwtdata.inc","2023-10-16","38548071d5aa652bb90c7f111f86b427f798a1c9"
8478,1,8,32.45,33.07,75.13,80.49,15.16,65.9,37.5,0.84,0.475,"wdbkwtdata.inc","FIADB REF_SPECIES to NBEL BM_REF_SPECIES to NVEL wdbkwtdata.inc","2023-10-16","38548071d5aa652bb90c7f111f86b427f798a1c9"
8479,1,8,26.83,26.83,0,0,15.14,30.9,30.9,0.833,0.478,"wdbkwtdata.inc","FIADB REF_SPECIES to NBEL BM_REF_SPECIES to NVEL wdbkwtdata.inc","2023-10-16","38548071d5aa652bb90c7f111f86b427f798a1c9"
8480,1,8,19.97,19.97,0,0,0,20,20,0,0.482,"wdbkwtdata.inc","FIADB REF_SPECIES to NBEL BM_REF_SPECIES to NVEL wdbkwtdata.inc","2023-10-16","38548071d5aa652bb90c7f111f86b427f798a1c9"
8481,1,8,32.45,33.07,75.13,80.49,15.16,65.9,37.5,0.84,0.475,"wdbkwtdata.inc","FIADB REF_SPECIES to NBEL BM_REF_SPECIES to NVEL wdbkwtdata.inc","2023-10-16","38548071d5aa652bb90c7f111f86b427f798a1c9"
8483,1,8,32.45,33.07,75.13,80.49,15.16,65.9,37.5,0.84,0.475,"wdbkwtdata.inc","FIADB REF_SPECIES to NBEL BM_REF_SPECIES to NVEL wdbkwtdata.inc","2023-10-16","38548071d5aa652bb90c7f111f86b427f798a1c9"
8484,1,8,32.45,33.07,75.13,80.49,15.16,65.9,37.5,0.84,0.475,"wdbkwtdata.inc","FIADB REF_SPECIES to NBEL BM_REF_SPECIES to NVEL wdbkwtdata.inc","2023-10-16","38548071d5aa652bb90c7f111f86b427f798a1c9"
8485,1,8,32.45,33.07,75.13,80.49,15.16,65.9,37.5,0.84,0.475,"wdbkwtdata.inc","FIADB REF_SPECIES to NBEL BM_REF_SPECIES to NVEL wdbkwtdata.inc","2023-10-16","38548071d5aa652bb90c7f111f86b427f798a1c9"
8486,1,8,0,0,0,0,0,0,0,0,0.47,"wdbkwtdata.inc","FIADB REF_SPECIES to NBEL BM_REF_SPECIES to NVEL wdbkwtdata.inc","2023-10-16","38548071d5aa652bb90c7f111f86b427f798a1c9"
8487,1,9,37.44,36.19,75.3,82.95,19.12,78.3,44.4,0.762,0.472,"wdbkwtdata.inc","FIADB REF_SPECIES to NBEL BM_REF_SPECIES to NVEL wdbkwtdata.inc","2023-10-16","38548071d5aa652bb90c7f111f86b427f798a1c9"
8489,1,8,32.45,33.07,75.13,80.49,15.16,65.9,37.5,0.84,0.475,"wdbkwtdata.inc","FIADB REF_SPECIES to NBEL BM_REF_SPECIES to NVEL wdbkwtdata.inc","2023-10-16","38548071d5aa652bb90c7f111f86b427f798a1c9"
8490,1,8,32.45,33.07,75.13,80.49,15.16,65.9,37.5,0.84,0.475,"wdbkwtdata.inc","FIADB REF_SPECIES to NBEL BM_REF_SPECIES to NVEL wdbkwtdata.inc","2023-10-16","38548071d5aa652bb90c7f111f86b427f798a1c9"
8491,1,8,29.95,29.95,0,0,0,30,30,0,0.476,"wdbkwtdata.inc","FIADB REF_SPECIES to NBEL BM_REF_SPECIES to NVEL wdbkwtdata.inc","2023-10-16","38548071d5aa652bb90c7f111f86b427f798a1c9"
8492,1,9,0,0,0,0,0,0,0,0,0.472,"wdbkwtdata.inc","FIADB REF_SPECIES to NBEL BM_REF_SPECIES to NVEL wdbkwtdata.inc","2023-10-16","38548071d5aa652bb90c7f111f86b427f798a1c9"
8494,1,8,32.45,33.07,75.13,80.49,15.16,65.9,37.5,0.84,0.475,"wdbkwtdata.inc","FIADB REF_SPECIES to NBEL BM_REF_SPECIES to NVEL wdbkwtdata.inc","2023-10-16","38548071d5aa652bb90c7f111f86b427f798a1c9"
8495,1,8,0,0,0,0,0,0,0,0,0.475,"wdbkwtdata.inc","FIADB REF_SPECIES to NBEL BM_REF_SPECIES to NVEL wdbkwtdata.inc","2023-10-16","38548071d5aa652bb90c7f111f86b427f798a1c9"
8499,1,8,32.45,33.07,75.13,80.49,15.16,65.9,37.5,0.84,0.475,"wdbkwtdata.inc","FIADB REF_SPECIES to NBEL BM_REF_SPECIES to NVEL wdbkwtdata.inc","2023-10-16","38548071d5aa652bb90c7f111f86b427f798a1c9"
8501,1,8,32.45,33.07,75.13,80.49,15.16,65.9,37.5,0.84,0.475,"wdbkwtdata.inc","FIADB REF_SPECIES to NBEL BM_REF_SPECIES to NVEL wdbkwtdata.inc","2023-10-16","38548071d5aa652bb90c7f111f86b427f798a1c9"
8502,1,6,22.46,31.2,127,99,16,60.9,27.5,0.84,0.48,"wdbkwtdata.inc","FIADB REF_SPECIES to NBEL BM_REF_SPECIES to NVEL wdbkwtdata.inc","2023-10-16","38548071d5aa652bb90c7f111f86b427f798a1c9"
8503,1,8,23.71,23.71,0,0,0,23.7,23.7,0,0.48,"wdbkwtdata.inc","FIADB REF_SPECIES to NBEL BM_REF_SPECIES to NVEL wdbkwtdata.inc","2023-10-16","38548071d5aa652bb90c7f111f86b427f798a1c9"
8504,1,8,32.45,33.07,75.13,80.49,15.16,65.9,37.5,0.84,0.424,"wdbkwtdata.inc","FIADB REF_SPECIES to NBEL BM_REF_SPECIES to NVEL wdbkwtdata.inc","2023-10-16","38548071d5aa652bb90c7f111f86b427f798a1c9"
8505,1,8,32.45,33.07,75.13,80.49,15.16,65.9,37.5,0.84,0.475,"wdbkwtdata.inc","FIADB REF_SPECIES to NBEL BM_REF_SPECIES to NVEL wdbkwtdata.inc","2023-10-16","38548071d5aa652bb90c7f111f86b427f798a1c9"
8506,1,8,42.06,42.06,0,0,0,42.1,42.1,0,0.469,"wdbkwtdata.inc","FIADB REF_SPECIES to NBEL BM_REF_SPECIES to NVEL wdbkwtdata.inc","2023-10-16","38548071d5aa652bb90c7f111f86b427f798a1c9"
8507,1,6,0,0,0,0,0,0,0,0,0.48,"wdbkwtdata.inc","FIADB REF_SPECIES to NBEL BM_REF_SPECIES to NVEL wdbkwtdata.inc","2023-10-16","38548071d5aa652bb90c7f111f86b427f798a1c9"
8508,1,6,0,0,0,0,0,0,0,0,0.48,"wdbkwtdata.inc","FIADB REF_SPECIES to NBEL BM_REF_SPECIES to NVEL wdbkwtdata.inc","2023-10-16","38548071d5aa652bb90c7f111f86b427f798a1c9"
8509,1,8,32.45,33.07,75.13,80.49,15.16,65.9,37.5,0.84,0.475,"wdbkwtdata.inc","FIADB REF_SPECIES to NBEL BM_REF_SPECIES to NVEL wdbkwtdata.inc","2023-10-16","38548071d5aa652bb90c7f111f86b427f798a1c9"
8510,1,8,26.77,26.77,0,0,0,26.8,26.8,0,0.478,"wdbkwtdata.inc","FIADB REF_SPECIES to NBEL BM_REF_SPECIES to NVEL wdbkwtdata.inc","2023-10-16","38548071d5aa652bb90c7f111f86b427f798a1c9"
8511,1,9,36.82,36.19,75.27,83,19.12,77.2,43.7,0.84,0.472,"wdbkwtdata.inc","FIADB REF_SPECIES to NBEL BM_REF_SPECIES to NVEL wdbkwtdata.inc","2023-10-16","38548071d5aa652bb90c7f111f86b427f798a1c9"
8512,1,9,36.82,36.19,75.27,83,19.12,77.2,43.7,0.84,0.424,"wdbkwtdata.inc","FIADB REF_SPECIES to NBEL BM_REF_SPECIES to NVEL wdbkwtdata.inc","2023-10-16","38548071d5aa652bb90c7f111f86b427f798a1c9"
8513,1,9,36.82,36.19,75.27,83,19.12,77.2,43.7,0.78,0.472,"wdbkwtdata.inc","FIADB REF_SPECIES to NBEL BM_REF_SPECIES to NVEL wdbkwtdata.inc","2023-10-16","38548071d5aa652bb90c7f111f86b427f798a1c9"
8514,1,9,36.82,36.19,75.27,83,19.12,77.2,43.7,0.84,0.472,"wdbkwtdata.inc","FIADB REF_SPECIES to NBEL BM_REF_SPECIES to NVEL wdbkwtdata.inc","2023-10-16","38548071d5aa652bb90c7f111f86b427f798a1c9"
8515,1,8,24.34,24.34,75.13,80.49,15.16,49.3,28,0.84,0.479,"wdbkwtdata.inc","FIADB REF_SPECIES to NBEL BM_REF_SPECIES to NVEL wdbkwtdata.inc","2023-10-16","38548071d5aa652bb90c7f111f86b427f798a1c9"
8516,1,8,47.39,47.39,75.13,80.49,15.16,96,54.6,0.84,0.466,"wdbkwtdata.inc","FIADB REF_SPECIES to NBEL BM_REF_SPECIES to NVEL wdbkwtdata.inc","2023-10-16","38548071d5aa652bb90c7f111f86b427f798a1c9"
8517,1,8,47.39,47.39,75.13,80.49,15.16,96,54.6,0.84,0.466,"wdbkwtdata.inc","FIADB REF_SPECIES to NBEL BM_REF_SPECIES to NVEL wdbkwtdata.inc","2023-10-16","38548071d5aa652bb90c7f111f86b427f798a1c9"
8518,1,8,32.45,33.07,75.13,80.49,15.16,65.9,37.5,0.84,0.475,"wdbkwtdata.inc","FIADB REF_SPECIES to NBEL BM_REF_SPECIES to NVEL wdbkwtdata.inc","2023-10-16","38548071d5aa652bb90c7f111f86b427f798a1c9"
8519,1,6,0,0,0,0,0,0,0,0,0.48,"wdbkwtdata.inc","FIADB REF_SPECIES to NBEL BM_REF_SPECIES to NVEL wdbkwtdata.inc","2023-10-16","38548071d5aa652bb90c7f111f86b427f798a1c9"
8521,1,8,47.39,47.39,0,0,0,47.4,47.4,0,0.466,"wdbkwtdata.inc","FIADB REF_SPECIES to NBEL BM_REF_SPECIES to NVEL wdbkwtdata.inc","2023-10-16","38548071d5aa652bb90c7f111f86b427f798a1c9"
8522,1,8,47.39,47.39,75.13,80.49,15.16,96,54.6,0.84,0.466,"wdbkwtdata.inc","FIADB REF_SPECIES to NBEL BM_REF_SPECIES to NVEL wdbkwtdata.inc","2023-10-16","38548071d5aa652bb90c7f111f86b427f798a1c9"
8523,1,6,0,0,0,0,0,0,0,0,0.48,"wdbkwtdata.inc","FIADB REF_SPECIES to NBEL BM_REF_SPECIES to NVEL wdbkwtdata.inc","2023-10-16","38548071d5aa652bb90c7f111f86b427f798a1c9"
8524,1,6,0,0,0,0,0,0,0,0,0.48,"wdbkwtdata.inc","FIADB REF_SPECIES to NBEL BM_REF_SPECIES to NVEL wdbkwtdata.inc","2023-10-16","38548071d5aa652bb90c7f111f86b427f798a1c9"
8525,1,8,47.39,47.39,75.13,80.49,15.16,96,54.6,0.84,0.466,"wdbkwtdata.inc","FIADB REF_SPECIES to NBEL BM_REF_SPECIES to NVEL wdbkwtdata.inc","2023-10-16","38548071d5aa652bb90c7f111f86b427f798a1c9"
8526,1,8,47.39,47.39,75.13,80.49,15.16,96,54.6,0.84,0.466,"wdbkwtdata.inc","FIADB REF_SPECIES to NBEL BM_REF_SPECIES to NVEL wdbkwtdata.inc","2023-10-16","38548071d5aa652bb90c7f111f86b427f798a1c9"
8527,1,8,0,0,0,0,0,0,0,0,0.476,"wdbkwtdata.inc","FIADB REF_SPECIES to NBEL BM_REF_SPECIES to NVEL wdbkwtdata.inc","2023-10-16","38548071d5aa652bb90c7f111f86b427f798a1c9"
8528,1,8,43.68,43.68,75.13,80.49,15.16,88.4,50.3,0.84,0.469,"wdbkwtdata.inc","FIADB REF_SPECIES to NBEL BM_REF_SPECIES to NVEL wdbkwtdata.inc","2023-10-16","38548071d5aa652bb90c7f111f86b427f798a1c9"
8529,1,8,32.45,33.07,75.13,80.49,15.16,65.9,37.5,0.84,0.475,"wdbkwtdata.inc","FIADB REF_SPECIES to NBEL BM_REF_SPECIES to NVEL wdbkwtdata.inc","2023-10-16","38548071d5aa652bb90c7f111f86b427f798a1c9"
8531,1,8,43.68,43.68,0,0,0,43.7,43.7,0,0.469,"wdbkwtdata.inc","FIADB REF_SPECIES to NBEL BM_REF_SPECIES to NVEL wdbkwtdata.inc","2023-10-16","38548071d5aa652bb90c7f111f86b427f798a1c9"
8532,1,8,43.68,43.68,0,0,0,43.7,43.7,0,0.469,"wdbkwtdata.inc","FIADB REF_SPECIES to NBEL BM_REF_SPECIES to NVEL wdbkwtdata.inc","2023-10-16","38548071d5aa652bb90c7f111f86b427f798a1c9"
8533,1,8,32.45,33.07,75.13,80.49,15.16,65.9,37.5,0.84,0.487,"wdbkwtdata.inc","FIADB REF_SPECIES to NBEL BM_REF_SPECIES to NVEL wdbkwtdata.inc","2023-10-16","38548071d5aa652bb90c7f111f86b427f798a1c9"
8534,1,8,24.96,24.96,0,0,0,25,25,0,0.479,"wdbkwtdata.inc","FIADB REF_SPECIES to NBEL BM_REF_SPECIES to NVEL wdbkwtdata.inc","2023-10-16","38548071d5aa652bb90c7f111f86b427f798a1c9"
8535,1,8,32.45,33.07,75.13,80.49,15.16,65.9,37.5,0.84,0.475,"wdbkwtdata.inc","FIADB REF_SPECIES to NBEL BM_REF_SPECIES to NVEL wdbkwtdata.inc","2023-10-16","38548071d5aa652bb90c7f111f86b427f798a1c9"
8536,1,8,32.45,33.07,75.13,80.49,15.16,65.9,37.5,0.84,0.475,"wdbkwtdata.inc","FIADB REF_SPECIES to NBEL BM_REF_SPECIES to NVEL wdbkwtdata.inc","2023-10-16","38548071d5aa652bb90c7f111f86b427f798a1c9"
8544,1,8,40.56,40.56,0,0,0,40.6,40.6,0,0.47,"wdbkwtdata.inc","FIADB REF_SPECIES to NBEL BM_REF_SPECIES to NVEL wdbkwtdata.inc","2023-10-16","38548071d5aa652bb90c7f111f86b427f798a1c9"
8546,1,8,32.45,33.07,75.13,80.49,15.16,65.9,37.5,0.84,0.475,"wdbkwtdata.inc","FIADB REF_SPECIES to NBEL BM_REF_SPECIES to NVEL wdbkwtdata.inc","2023-10-16","38548071d5aa652bb90c7f111f86b427f798a1c9"
8548,1,8,31.2,31.2,75.13,80.49,15.16,63.2,35.9,0.84,0.476,"wdbkwtdata.inc","FIADB REF_SPECIES to NBEL BM_REF_SPECIES to NVEL wdbkwtdata.inc","2023-10-16","38548071d5aa652bb90c7f111f86b427f798a1c9"
8549,1,8,31.2,31.2,75.13,80.49,15.16,63.2,35.9,0.84,0.476,"wdbkwtdata.inc","FIADB REF_SPECIES to NBEL BM_REF_SPECIES to NVEL wdbkwtdata.inc","2023-10-16","38548071d5aa652bb90c7f111f86b427f798a1c9"
8550,1,8,31.2,31.2,0,0,0,31.2,31.2,0,0.476,"wdbkwtdata.inc","FIADB REF_SPECIES to NBEL BM_REF_SPECIES to NVEL wdbkwtdata.inc","2023-10-16","38548071d5aa652bb90c7f111f86b427f798a1c9"
8551,1,8,31.2,31.2,0,0,0,31.2,31.2,0,0.476,"wdbkwtdata.inc","FIADB REF_SPECIES to NBEL BM_REF_SPECIES to NVEL wdbkwtdata.inc","2023-10-16","38548071d5aa652bb90c7f111f86b427f798a1c9"
8552,1,8,31.2,31.2,0,0,0,31.2,31.2,0,0.476,"wdbkwtdata.inc","FIADB REF_SPECIES to NBEL BM_REF_SPECIES to NVEL wdbkwtdata.inc","2023-10-16","38548071d5aa652bb90c7f111f86b427f798a1c9"
8553,1,8,26.08,26.08,75.13,80.49,15.16,52.8,30,0.84,0.478,"wdbkwtdata.inc","FIADB REF_SPECIES to NBEL BM_REF_SPECIES to NVEL wdbkwtdata.inc","2023-10-16","38548071d5aa652bb90c7f111f86b427f798a1c9"
8554,1,8,32.45,33.07,75.13,80.49,15.16,65.9,37.5,0.84,0.475,"wdbkwtdata.inc","FIADB REF_SPECIES to NBEL BM_REF_SPECIES to NVEL wdbkwtdata.inc","2023-10-16","38548071d5aa652bb90c7f111f86b427f798a1c9"
8555,1,8,43.68,43.68,75.13,80.49,15.16,88.4,50.3,0.84,0.469,"wdbkwtdata.inc","FIADB REF_SPECIES to NBEL BM_REF_SPECIES to NVEL wdbkwtdata.inc","2023-10-16","38548071d5aa652bb90c7f111f86b427f798a1c9"
8556,1,8,32.45,33.07,75.13,80.49,15.16,65.9,37.5,0.84,0.475,"wdbkwtdata.inc","FIADB REF_SPECIES to NBEL BM_REF_SPECIES to NVEL wdbkwtdata.inc","2023-10-16","38548071d5aa652bb90c7f111f86b427f798a1c9"
8557,1,8,32.45,33.07,75.13,80.49,15.16,65.9,37.5,0.84,0.475,"wdbkwtdata.inc","FIADB REF_SPECIES to NBEL BM_REF_SPECIES to NVEL wdbkwtdata.inc","2023-10-16","38548071d5aa652bb90c7f111f86b427f798a1c9"
8558,1,8,32.45,33.07,75.13,80.49,15.16,65.9,37.5,0.84,0.475,"wdbkwtdata.inc","FIADB REF_SPECIES to NBEL BM_REF_SPECIES to NVEL wdbkwtdata.inc","2023-10-16","38548071d5aa652bb90c7f111f86b427f798a1c9"
8559,1,8,25.79,25.79,0,0,0,25.8,25.8,0,0.479,"wdbkwtdata.inc","FIADB REF_SPECIES to NBEL BM_REF_SPECIES to NVEL wdbkwtdata.inc","2023-10-16","38548071d5aa652bb90c7f111f86b427f798a1c9"
8560,1,8,31.2,31.2,75.13,80.49,15.16,63.2,35.9,0.84,0.476,"wdbkwtdata.inc","FIADB REF_SPECIES to NBEL BM_REF_SPECIES to NVEL wdbkwtdata.inc","2023-10-16","38548071d5aa652bb90c7f111f86b427f798a1c9"
8561,1,8,32.45,33.07,75.13,80.49,15.16,65.9,37.5,0.84,0.424,"wdbkwtdata.inc","FIADB REF_SPECIES to NBEL BM_REF_SPECIES to NVEL wdbkwtdata.inc","2023-10-16","38548071d5aa652bb90c7f111f86b427f798a1c9"
8563,1,8,32.45,33.07,75.13,80.49,15.16,65.9,37.5,0.84,0.475,"wdbkwtdata.inc","FIADB REF_SPECIES to NBEL BM_REF_SPECIES to NVEL wdbkwtdata.inc","2023-10-16","38548071d5aa652bb90c7f111f86b427f798a1c9"
8565,1,8,32.45,33.07,75.13,80.49,15.16,65.9,37.5,0.84,0.463,"wdbkwtdata.inc","FIADB REF_SPECIES to NBEL BM_REF_SPECIES to NVEL wdbkwtdata.inc","2023-10-16","38548071d5aa652bb90c7f111f86b427f798a1c9"
8567,1,8,32.45,33.07,75.13,80.49,15.16,65.9,37.5,0.84,0.475,"wdbkwtdata.inc","FIADB REF_SPECIES to NBEL BM_REF_SPECIES to NVEL wdbkwtdata.inc","2023-10-16","38548071d5aa652bb90c7f111f86b427f798a1c9"
8571,1,8,32.45,33.07,75.13,80.49,15.16,65.9,37.5,0.84,0.475,"wdbkwtdata.inc","FIADB REF_SPECIES to NBEL BM_REF_SPECIES to NVEL wdbkwtdata.inc","2023-10-16","38548071d5aa652bb90c7f111f86b427f798a1c9"
8572,1,8,32.45,33.07,75.13,80.49,15.16,65.9,37.5,0.84,0.475,"wdbkwtdata.inc","FIADB REF_SPECIES to NBEL BM_REF_SPECIES to NVEL wdbkwtdata.inc","2023-10-16","38548071d5aa652bb90c7f111f86b427f798a1c9"
8573,1,8,32.45,33.07,75.13,80.49,15.16,65.9,37.5,0.84,0.475,"wdbkwtdata.inc","FIADB REF_SPECIES to NBEL BM_REF_SPECIES to NVEL wdbkwtdata.inc","2023-10-16","38548071d5aa652bb90c7f111f86b427f798a1c9"
8577,1,8,43.06,43.06,75.13,80.49,15.16,87.2,49.6,0.84,0.469,"wdbkwtdata.inc","FIADB REF_SPECIES to NBEL BM_REF_SPECIES to NVEL wdbkwtdata.inc","2023-10-16","38548071d5aa652bb90c7f111f86b427f798a1c9"
8583,1,8,41.18,41.18,75.13,80.49,15.16,83.4,47.4,0.84,0.47,"wdbkwtdata.inc","FIADB REF_SPECIES to NBEL BM_REF_SPECIES to NVEL wdbkwtdata.inc","2023-10-16","38548071d5aa652bb90c7f111f86b427f798a1c9"
8585,1,8,32.45,33.07,75.13,80.49,15.16,65.9,37.5,0.84,0.475,"wdbkwtdata.inc","FIADB REF_SPECIES to NBEL BM_REF_SPECIES to NVEL wdbkwtdata.inc","2023-10-16","38548071d5aa652bb90c7f111f86b427f798a1c9"
8586,1,8,19.97,19.97,75.13,80.49,15.16,40.4,23,0.84,0.482,"wdbkwtdata.inc","FIADB REF_SPECIES to NBEL BM_REF_SPECIES to NVEL wdbkwtdata.inc","2023-10-16","38548071d5aa652bb90c7f111f86b427f798a1c9"
8588,1,8,32.45,33.07,75.13,80.49,15.16,65.9,37.5,0.84,0.475,"wdbkwtdata.inc","FIADB REF_SPECIES to NBEL BM_REF_SPECIES to NVEL wdbkwtdata.inc","2023-10-16","38548071d5aa652bb90c7f111f86b427f798a1c9"
8589,1,8,32.45,33.07,75.13,80.49,15.16,65.9,37.5,0.84,0.475,"wdbkwtdata.inc","FIADB REF_SPECIES to NBEL BM_REF_SPECIES to NVEL wdbkwtdata.inc","2023-10-16","38548071d5aa652bb90c7f111f86b427f798a1c9"
8590,1,8,35.57,35.57,0,0,0,35.6,35.6,0,0.473,"wdbkwtdata.inc","FIADB REF_SPECIES to NBEL BM_REF_SPECIES to NVEL wdbkwtdata.inc","2023-10-16","38548071d5aa652bb90c7f111f86b427f798a1c9"
8591,1,8,32.45,33.07,75.13,80.49,15.16,65.9,37.5,0.84,0.475,"wdbkwtdata.inc","FIADB REF_SPECIES to NBEL BM_REF_SPECIES to NVEL wdbkwtdata.inc","2023-10-16","38548071d5aa652bb90c7f111f86b427f798a1c9"
8592,1,8,35.57,35.57,75.13,80.49,15.16,72,41,0.84,0.473,"wdbkwtdata.inc","FIADB REF_SPECIES to NBEL BM_REF_SPECIES to NVEL wdbkwtdata.inc","2023-10-16","38548071d5aa652bb90c7f111f86b427f798a1c9"
8594,1,8,32.45,33.07,75.13,80.49,15.16,65.9,37.5,0.84,0.475,"wdbkwtdata.inc","FIADB REF_SPECIES to NBEL BM_REF_SPECIES to NVEL wdbkwtdata.inc","2023-10-16","38548071d5aa652bb90c7f111f86b427f798a1c9"
8595,1,8,35.57,35.57,75.13,80.49,15.16,72,41,0.84,0.473,"wdbkwtdata.inc","FIADB REF_SPECIES to NBEL BM_REF_SPECIES to NVEL wdbkwtdata.inc","2023-10-16","38548071d5aa652bb90c7f111f86b427f798a1c9"
8596,1,8,32.45,33.07,75.13,80.49,15.16,65.9,37.5,0.84,0.48,"wdbkwtdata.inc","FIADB REF_SPECIES to NBEL BM_REF_SPECIES to NVEL wdbkwtdata.inc","2023-10-16","38548071d5aa652bb90c7f111f86b427f798a1c9"
8597,1,8,32.45,33.07,75.13,80.49,15.16,65.9,37.5,0.84,0.475,"wdbkwtdata.inc","FIADB REF_SPECIES to NBEL BM_REF_SPECIES to NVEL wdbkwtdata.inc","2023-10-16","38548071d5aa652bb90c7f111f86b427f798a1c9"
8598,1,8,35.57,35.57,75.13,80.49,15.16,72,41,0.84,0.473,"wdbkwtdata.inc","FIADB REF_SPECIES to NBEL BM_REF_SPECIES to NVEL wdbkwtdata.inc","2023-10-16","38548071d5aa652bb90c7f111f86b427f798a1c9"
8599,1,8,32.45,33.07,75.13,80.49,15.16,65.9,37.5,0.84,0.475,"wdbkwtdata.inc","FIADB REF_SPECIES to NBEL BM_REF_SPECIES to NVEL wdbkwtdata.inc","2023-10-16","38548071d5aa652bb90c7f111f86b427f798a1c9"
8600,1,8,32.45,33.07,75.13,80.49,15.16,65.9,37.5,0.84,0.475,"wdbkwtdata.inc","FIADB REF_SPECIES to NBEL BM_REF_SPECIES to NVEL wdbkwtdata.inc","2023-10-16","38548071d5aa652bb90c7f111f86b427f798a1c9"
8601,1,8,19.97,19.97,0,0,0,20,20,0,0.482,"wdbkwtdata.inc","FIADB REF_SPECIES to NBEL BM_REF_SPECIES to NVEL wdbkwtdata.inc","2023-10-16","38548071d5aa652bb90c7f111f86b427f798a1c9"
8603,1,8,19.97,19.97,75.13,80.49,15.16,40.4,23,0.84,0.482,"wdbkwtdata.inc","FIADB REF_SPECIES to NBEL BM_REF_SPECIES to NVEL wdbkwtdata.inc","2023-10-16","38548071d5aa652bb90c7f111f86b427f798a1c9"
8605,1,8,32.45,33.07,75.13,80.49,15.16,65.9,37.5,0.84,0.475,"wdbkwtdata.inc","FIADB REF_SPECIES to NBEL BM_REF_SPECIES to NVEL wdbkwtdata.inc","2023-10-16","38548071d5aa652bb90c7f111f86b427f798a1c9"
8606,1,8,26.83,26.83,0,0,0,26.8,26.8,0,0.478,"wdbkwtdata.inc","FIADB REF_SPECIES to NBEL BM_REF_SPECIES to NVEL wdbkwtdata.inc","2023-10-16","38548071d5aa652bb90c7f111f86b427f798a1c9"
8607,1,8,26.83,26.83,0,0,0,26.8,26.8,0,0.478,"wdbkwtdata.inc","FIADB REF_SPECIES to NBEL BM_REF_SPECIES to NVEL wdbkwtdata.inc","2023-10-16","38548071d5aa652bb90c7f111f86b427f798a1c9"
8608,1,8,31.2,31.2,75.13,80.49,15.16,63.2,35.9,0.84,0.476,"wdbkwtdata.inc","FIADB REF_SPECIES to NBEL BM_REF_SPECIES to NVEL wdbkwtdata.inc","2023-10-16","38548071d5aa652bb90c7f111f86b427f798a1c9"
8609,1,8,30.14,30.14,75.13,80.49,15.16,61,34.7,0.84,0.476,"wdbkwtdata.inc","FIADB REF_SPECIES to NBEL BM_REF_SPECIES to NVEL wdbkwtdata.inc","2023-10-16","38548071d5aa652bb90c7f111f86b427f798a1c9"
8610,1,8,30.14,30.14,0,0,0,30.1,30.1,0,0.476,"wdbkwtdata.inc","FIADB REF_SPECIES to NBEL BM_REF_SPECIES to NVEL wdbkwtdata.inc","2023-10-16","38548071d5aa652bb90c7f111f86b427f798a1c9"
8611,1,8,32.45,33.07,75.13,80.49,15.16,65.9,37.5,0.84,0.475,"wdbkwtdata.inc","FIADB REF_SPECIES to NBEL BM_REF_SPECIES to NVEL wdbkwtdata.inc","2023-10-16","38548071d5aa652bb90c7f111f86b427f798a1c9"
8612,1,8,32.45,33.07,75.13,80.49,15.16,65.9,37.5,0.84,0.469,"wdbkwtdata.inc","FIADB REF_SPECIES to NBEL BM_REF_SPECIES to NVEL wdbkwtdata.inc","2023-10-16","38548071d5aa652bb90c7f111f86b427f798a1c9"
8613,1,8,32.45,33.07,75.13,80.49,15.16,65.9,37.5,0.84,0.475,"wdbkwtdata.inc","FIADB REF_SPECIES to NBEL BM_REF_SPECIES to NVEL wdbkwtdata.inc","2023-10-16","38548071d5aa652bb90c7f111f86b427f798a1c9"
8614,1,8,32.45,33.07,75.13,80.49,15.16,65.9,37.5,0.84,0.475,"wdbkwtdata.inc","FIADB REF_SPECIES to NBEL BM_REF_SPECIES to NVEL wdbkwtdata.inc","2023-10-16","38548071d5aa652bb90c7f111f86b427f798a1c9"
8615,1,8,0,0,0,0,0,0,0,0,0.474,"wdbkwtdata.inc","FIADB REF_SPECIES to NBEL BM_REF_SPECIES to NVEL wdbkwtdata.inc","2023-10-16","38548071d5aa652bb90c7f111f86b427f798a1c9"
8616,1,8,0,0,0,0,0,0,0,0,0.474,"wdbkwtdata.inc","FIADB REF_SPECIES to NBEL BM_REF_SPECIES to NVEL wdbkwtdata.inc","2023-10-16","38548071d5aa652bb90c7f111f86b427f798a1c9"
8617,1,8,32.45,33.07,75.13,80.49,15.16,65.9,37.5,0.84,0.475,"wdbkwtdata.inc","FIADB REF_SPECIES to NBEL BM_REF_SPECIES to NVEL wdbkwtdata.inc","2023-10-16","38548071d5aa652bb90c7f111f86b427f798a1c9"
8618,1,8,0,0,0,0,0,0,0,0,0.469,"wdbkwtdata.inc","FIADB REF_SPECIES to NBEL BM_REF_SPECIES to NVEL wdbkwtdata.inc","2023-10-16","38548071d5aa652bb90c7f111f86b427f798a1c9"
8619,1,8,32.45,33.07,75.13,80.49,15.16,65.9,37.5,0.84,0.475,"wdbkwtdata.inc","FIADB REF_SPECIES to NBEL BM_REF_SPECIES to NVEL wdbkwtdata.inc","2023-10-16","38548071d5aa652bb90c7f111f86b427f798a1c9"
8620,1,8,32.45,33.07,75.13,80.49,15.16,65.9,37.5,0.84,0.475,"wdbkwtdata.inc","FIADB REF_SPECIES to NBEL BM_REF_SPECIES to NVEL wdbkwtdata.inc","2023-10-16","38548071d5aa652bb90c7f111f86b427f798a1c9"
8621,1,8,32.45,33.07,75.13,80.49,15.16,65.9,37.5,0.835,0.475,"wdbkwtdata.inc","FIADB REF_SPECIES to NBEL BM_REF_SPECIES to NVEL wdbkwtdata.inc","2023-10-16","38548071d5aa652bb90c7f111f86b427f798a1c9"
8622,1,8,32.45,33.07,75.13,80.49,15.16,65.9,37.5,0.84,0.475,"wdbkwtdata.inc","FIADB REF_SPECIES to NBEL BM_REF_SPECIES to NVEL wdbkwtdata.inc","2023-10-16","38548071d5aa652bb90c7f111f86b427f798a1c9"
8623,1,8,32.45,33.07,75.13,80.49,15.16,65.9,37.5,0.84,0.475,"wdbkwtdata.inc","FIADB REF_SPECIES to NBEL BM_REF_SPECIES to NVEL wdbkwtdata.inc","2023-10-16","38548071d5aa652bb90c7f111f86b427f798a1c9"
8624,1,8,32.45,33.07,75.13,80.49,15.16,65.9,37.5,0.84,0.475,"wdbkwtdata.inc","FIADB REF_SPECIES to NBEL BM_REF_SPECIES to NVEL wdbkwtdata.inc","2023-10-16","38548071d5aa652bb90c7f111f86b427f798a1c9"
8626,1,8,32.45,33.07,75.13,80.49,15.16,65.9,37.5,0.84,0.475,"wdbkwtdata.inc","FIADB REF_SPECIES to NBEL BM_REF_SPECIES to NVEL wdbkwtdata.inc","2023-10-16","38548071d5aa652bb90c7f111f86b427f798a1c9"
8627,1,8,32.45,33.07,75.13,80.49,15.16,65.9,37.5,0.84,0.475,"wdbkwtdata.inc","FIADB REF_SPECIES to NBEL BM_REF_SPECIES to NVEL wdbkwtdata.inc","2023-10-16","38548071d5aa652bb90c7f111f86b427f798a1c9"
8628,1,8,21.84,21.84,0,0,0,21.8,21.8,0,0.481,"wdbkwtdata.inc","FIADB REF_SPECIES to NBEL BM_REF_SPECIES to NVEL wdbkwtdata.inc","2023-10-16","38548071d5aa652bb90c7f111f86b427f798a1c9"
8629,1,8,32.45,33.07,75.13,80.49,15.16,65.9,37.5,0.84,0.475,"wdbkwtdata.inc","FIADB REF_SPECIES to NBEL BM_REF_SPECIES to NVEL wdbkwtdata.inc","2023-10-16","38548071d5aa652bb90c7f111f86b427f798a1c9"
8631,1,8,21.84,21.84,0,0,0,21.8,21.8,0,0.481,"wdbkwtdata.inc","FIADB REF_SPECIES to NBEL BM_REF_SPECIES to NVEL wdbkwtdata.inc","2023-10-16","38548071d5aa652bb90c7f111f86b427f798a1c9"
8632,1,8,32.45,33.07,75.13,80.49,15.16,65.9,37.5,0.84,0.475,"wdbkwtdata.inc","FIADB REF_SPECIES to NBEL BM_REF_SPECIES to NVEL wdbkwtdata.inc","2023-10-16","38548071d5aa652bb90c7f111f86b427f798a1c9"
8633,1,8,32.45,33.07,75.13,80.49,15.16,65.9,37.5,0.84,0.475,"wdbkwtdata.inc","FIADB REF_SPECIES to NBEL BM_REF_SPECIES to NVEL wdbkwtdata.inc","2023-10-16","38548071d5aa652bb90c7f111f86b427f798a1c9"
8634,1,8,32.45,33.07,75.13,80.49,15.16,65.9,37.5,0.84,0.475,"wdbkwtdata.inc","FIADB REF_SPECIES to NBEL BM_REF_SPECIES to NVEL wdbkwtdata.inc","2023-10-16","38548071d5aa652bb90c7f111f86b427f798a1c9"
8635,1,8,21.84,21.84,0,0,0,21.8,21.8,0,0.481,"wdbkwtdata.inc","FIADB REF_SPECIES to NBEL BM_REF_SPECIES to NVEL wdbkwtdata.inc","2023-10-16","38548071d5aa652bb90c7f111f86b427f798a1c9"
8636,1,8,32.45,33.07,75.13,80.49,15.16,65.9,37.5,0.84,0.475,"wdbkwtdata.inc","FIADB REF_SPECIES to NBEL BM_REF_SPECIES to NVEL wdbkwtdata.inc","2023-10-16","38548071d5aa652bb90c7f111f86b427f798a1c9"
8639,1,8,24.18,24.18,75.13,80.49,15.16,49,27.8,0.84,0.485,"wdbkwtdata.inc","FIADB REF_SPECIES to NBEL BM_REF_SPECIES to NVEL wdbkwtdata.inc","2023-10-16","38548071d5aa652bb90c7f111f86b427f798a1c9"
8641,1,8,37.72,37.72,75.13,80.49,15.16,76.4,43.4,0.84,0.472,"wdbkwtdata.inc","FIADB REF_SPECIES to NBEL BM_REF_SPECIES to NVEL wdbkwtdata.inc","2023-10-16","38548071d5aa652bb90c7f111f86b427f798a1c9"
8642,1,8,37.72,37.72,0,0,0,37.7,37.7,0,0.472,"wdbkwtdata.inc","FIADB REF_SPECIES to NBEL BM_REF_SPECIES to NVEL wdbkwtdata.inc","2023-10-16","38548071d5aa652bb90c7f111f86b427f798a1c9"
8643,1,8,37.72,37.72,0,0,0,37.7,37.7,0,0.472,"wdbkwtdata.inc","FIADB REF_SPECIES to NBEL BM_REF_SPECIES to NVEL wdbkwtdata.inc","2023-10-16","38548071d5aa652bb90c7f111f86b427f798a1c9"
8644,1,8,32.45,33.07,75.13,80.49,15.16,65.9,37.5,0.84,0.475,"wdbkwtdata.inc","FIADB REF_SPECIES to NBEL BM_REF_SPECIES to NVEL wdbkwtdata.inc","2023-10-16","38548071d5aa652bb90c7f111f86b427f798a1c9"
8645,1,8,14.51,14.51,0,0,0,14.5,14.5,0,0.485,"wdbkwtdata.inc","FIADB REF_SPECIES to NBEL BM_REF_SPECIES to NVEL wdbkwtdata.inc","2023-10-16","38548071d5aa652bb90c7f111f86b427f798a1c9"
8646,1,8,34.32,34.32,75.13,80.49,15.16,69.5,39.5,0.84,0.474,"wdbkwtdata.inc","FIADB REF_SPECIES to NBEL BM_REF_SPECIES to NVEL wdbkwtdata.inc","2023-10-16","38548071d5aa652bb90c7f111f86b427f798a1c9"
8647,1,8,32.45,33.07,75.12,80.64,15.32,66,37.5,0.84,0.468,"wdbkwtdata.inc","FIADB REF_SPECIES to NBEL BM_REF_SPECIES to NVEL wdbkwtdata.inc","2023-10-16","38548071d5aa652bb90c7f111f86b427f798a1c9"
8648,1,8,37.44,37.44,0,0,15.16,43.1,43.1,0.84,0.472,"wdbkwtdata.inc","FIADB REF_SPECIES to NBEL BM_REF_SPECIES to NVEL wdbkwtdata.inc","2023-10-16","38548071d5aa652bb90c7f111f86b427f798a1c9"
8649,1,8,32.45,33.07,75.13,80.49,15.16,65.9,37.5,0.84,0.475,"wdbkwtdata.inc","FIADB REF_SPECIES to NBEL BM_REF_SPECIES to NVEL wdbkwtdata.inc","2023-10-16","38548071d5aa652bb90c7f111f86b427f798a1c9"
8650,1,8,32.45,33.07,75.13,80.49,15.16,65.9,37.5,0.84,0.472,"wdbkwtdata.inc","FIADB REF_SPECIES to NBEL BM_REF_SPECIES to NVEL wdbkwtdata.inc","2023-10-16","38548071d5aa652bb90c7f111f86b427f798a1c9"
8651,1,8,32.45,33.07,75.13,80.49,15.16,65.9,37.5,0.84,0.427,"wdbkwtdata.inc","FIADB REF_SPECIES to NBEL BM_REF_SPECIES to NVEL wdbkwtdata.inc","2023-10-16","38548071d5aa652bb90c7f111f86b427f798a1c9"
8652,1,8,32.45,33.07,75.13,80.49,15.16,65.9,37.5,0.84,0.475,"wdbkwtdata.inc","FIADB REF_SPECIES to NBEL BM_REF_SPECIES to NVEL wdbkwtdata.inc","2023-10-16","38548071d5aa652bb90c7f111f86b427f798a1c9"
8653,1,8,21.84,21.84,0,0,0,21.8,21.8,0,0.481,"wdbkwtdata.inc","FIADB REF_SPECIES to NBEL BM_REF_SPECIES to NVEL wdbkwtdata.inc","2023-10-16","38548071d5aa652bb90c7f111f86b427f798a1c9"
8654,1,8,32.45,33.07,75.13,80.49,15.16,65.9,37.5,0.84,0.475,"wdbkwtdata.inc","FIADB REF_SPECIES to NBEL BM_REF_SPECIES to NVEL wdbkwtdata.inc","2023-10-16","38548071d5aa652bb90c7f111f86b427f798a1c9"
8655,1,8,31.82,31.82,75.13,80.49,15.16,64.4,36.6,0.84,0.475,"wdbkwtdata.inc","FIADB REF_SPECIES to NBEL BM_REF_SPECIES to NVEL wdbkwtdata.inc","2023-10-16","38548071d5aa652bb90c7f111f86b427f798a1c9"
8656,1,8,14.35,14.35,75.13,80.49,15.16,29.1,16.5,0.84,0.485,"wdbkwtdata.inc","FIADB REF_SPECIES to NBEL BM_REF_SPECIES to NVEL wdbkwtdata.inc","2023-10-16","38548071d5aa652bb90c7f111f86b427f798a1c9"
8657,1,8,0,0,0,0,0,0,0,0,0.465,"wdbkwtdata.inc","FIADB REF_SPECIES to NBEL BM_REF_SPECIES to NVEL wdbkwtdata.inc","2023-10-16","38548071d5aa652bb90c7f111f86b427f798a1c9"
8658,1,8,0,0,0,0,0,0,0,0,0.475,"wdbkwtdata.inc","FIADB REF_SPECIES to NBEL BM_REF_SPECIES to NVEL wdbkwtdata.inc","2023-10-16","38548071d5aa652bb90c7f111f86b427f798a1c9"
8659,1,8,0,0,0,0,0,0,0,0,0.475,"wdbkwtdata.inc","FIADB REF_SPECIES to NBEL BM_REF_SPECIES to NVEL wdbkwtdata.inc","2023-10-16","38548071d5aa652bb90c7f111f86b427f798a1c9"
8660,1,8,32.45,33.07,75.13,80.49,15.16,65.9,37.5,0.84,0.475,"wdbkwtdata.inc","FIADB REF_SPECIES to NBEL BM_REF_SPECIES to NVEL wdbkwtdata.inc","2023-10-16","38548071d5aa652bb90c7f111f86b427f798a1c9"
8664,1,8,32.45,33.07,75.13,80.49,15.16,65.9,37.5,0.84,0.47,"wdbkwtdata.inc","FIADB REF_SPECIES to NBEL BM_REF_SPECIES to NVEL wdbkwtdata.inc","2023-10-16","38548071d5aa652bb90c7f111f86b427f798a1c9"
8665,1,8,26.83,26.83,75.13,80.49,15.16,54.3,30.9,0.84,0.478,"wdbkwtdata.inc","FIADB REF_SPECIES to NBEL BM_REF_SPECIES to NVEL wdbkwtdata.inc","2023-10-16","38548071d5aa652bb90c7f111f86b427f798a1c9"
8666,1,8,32.45,33.07,75.13,80.49,15.16,65.9,37.5,0.84,0.475,"wdbkwtdata.inc","FIADB REF_SPECIES to NBEL BM_REF_SPECIES to NVEL wdbkwtdata.inc","2023-10-16","38548071d5aa652bb90c7f111f86b427f798a1c9"
8667,1,8,26.83,26.83,75.13,80.49,15.16,54.3,30.9,0.84,0.478,"wdbkwtdata.inc","FIADB REF_SPECIES to NBEL BM_REF_SPECIES to NVEL wdbkwtdata.inc","2023-10-16","38548071d5aa652bb90c7f111f86b427f798a1c9"
8668,1,8,0,0,0,0,0,0,0,0,0.465,"wdbkwtdata.inc","FIADB REF_SPECIES to NBEL BM_REF_SPECIES to NVEL wdbkwtdata.inc","2023-10-16","38548071d5aa652bb90c7f111f86b427f798a1c9"
8669,1,8,44.39,44.39,0,0,0,44.4,44.4,0,0.468,"wdbkwtdata.inc","FIADB REF_SPECIES to NBEL BM_REF_SPECIES to NVEL wdbkwtdata.inc","2023-10-16","38548071d5aa652bb90c7f111f86b427f798a1c9"
8670,1,8,44.39,44.39,0,0,0,44.4,44.4,0,0.468,"wdbkwtdata.inc","FIADB REF_SPECIES to NBEL BM_REF_SPECIES to NVEL wdbkwtdata.inc","2023-10-16","38548071d5aa652bb90c7f111f86b427f798a1c9"
8671,1,8,44.39,44.39,0,0,0,44.4,44.4,0,0.468,"wdbkwtdata.inc","FIADB REF_SPECIES to NBEL BM_REF_SPECIES to NVEL wdbkwtdata.inc","2023-10-16","38548071d5aa652bb90c7f111f86b427f798a1c9"
8672,1,8,0,0,0,0,0,0,0,0,0.465,"wdbkwtdata.inc","FIADB REF_SPECIES to NBEL BM_REF_SPECIES to NVEL wdbkwtdata.inc","2023-10-16","38548071d5aa652bb90c7f111f86b427f798a1c9"
8673,1,8,32.45,33.07,75.12,80.64,15.32,66,37.5,0.84,0.475,"wdbkwtdata.inc","FIADB REF_SPECIES to NBEL BM_REF_SPECIES to NVEL wdbkwtdata.inc","2023-10-16","38548071d5aa652bb90c7f111f86b427f798a1c9"
8674,1,8,32.45,33.07,75.13,80.49,15.16,65.9,37.5,0.84,0.475,"wdbkwtdata.inc","FIADB REF_SPECIES to NBEL BM_REF_SPECIES to NVEL wdbkwtdata.inc","2023-10-16","38548071d5aa652bb90c7f111f86b427f798a1c9"
8675,1,8,32.45,33.07,75.12,80.64,15.32,66,37.5,0.84,0.465,"wdbkwtdata.inc","FIADB REF_SPECIES to NBEL BM_REF_SPECIES to NVEL wdbkwtdata.inc","2023-10-16","38548071d5aa652bb90c7f111f86b427f798a1c9"
8676,1,8,32.45,33.07,75.13,80.49,15.16,65.9,37.5,0.84,0.475,"wdbkwtdata.inc","FIADB REF_SPECIES to NBEL BM_REF_SPECIES to NVEL wdbkwtdata.inc","2023-10-16","38548071d5aa652bb90c7f111f86b427f798a1c9"
8678,1,8,32.45,33.07,75.13,80.49,15.16,65.9,37.5,0.84,0.475,"wdbkwtdata.inc","FIADB REF_SPECIES to NBEL BM_REF_SPECIES to NVEL wdbkwtdata.inc","2023-10-16","38548071d5aa652bb90c7f111f86b427f798a1c9"
8679,1,8,32.45,33.07,75.13,80.49,15.16,65.9,37.5,0.84,0.463,"wdbkwtdata.inc","FIADB REF_SPECIES to NBEL BM_REF_SPECIES to NVEL wdbkwtdata.inc","2023-10-16","38548071d5aa652bb90c7f111f86b427f798a1c9"
8683,1,8,32.45,33.07,75.13,80.49,15.16,65.9,37.5,0.84,0.475,"wdbkwtdata.inc","FIADB REF_SPECIES to NBEL BM_REF_SPECIES to NVEL wdbkwtdata.inc","2023-10-16","38548071d5aa652bb90c7f111f86b427f798a1c9"
8684,1,8,32.45,33.07,75.13,80.49,15.16,65.9,37.5,0.84,0.475,"wdbkwtdata.inc","FIADB REF_SPECIES to NBEL BM_REF_SPECIES to NVEL wdbkwtdata.inc","2023-10-16","38548071d5aa652bb90c7f111f86b427f798a1c9"
8685,1,8,32.45,33.07,75.13,80.49,15.16,65.9,37.5,0.84,0.475,"wdbkwtdata.inc","FIADB REF_SPECIES to NBEL BM_REF_SPECIES to NVEL wdbkwtdata.inc","2023-10-16","38548071d5aa652bb90c7f111f86b427f798a1c9"
8686,1,8,32.45,33.07,75.13,80.49,15.16,65.9,37.5,0.84,0.475,"wdbkwtdata.inc","FIADB REF_SPECIES to NBEL BM_REF_SPECIES to NVEL wdbkwtdata.inc","2023-10-16","38548071d5aa652bb90c7f111f86b427f798a1c9"
8687,1,8,32.45,32.45,75.13,80.49,15.16,65.7,37.4,0.84,0.475,"wdbkwtdata.inc","FIADB REF_SPECIES to NBEL BM_REF_SPECIES to NVEL wdbkwtdata.inc","2023-10-16","38548071d5aa652bb90c7f111f86b427f798a1c9"
8689,1,8,47.44,47.44,0,0,0,47.4,47.4,0,0.466,"wdbkwtdata.inc","FIADB REF_SPECIES to NBEL BM_REF_SPECIES to NVEL wdbkwtdata.inc","2023-10-16","38548071d5aa652bb90c7f111f86b427f798a1c9"
8690,1,8,46.71,46.71,0,0,0,46.7,46.7,0,0.467,"wdbkwtdata.inc","FIADB REF_SPECIES to NBEL BM_REF_SPECIES to NVEL wdbkwtdata.inc","2023-10-16","38548071d5aa652bb90c7f111f86b427f798a1c9"
8691,1,8,33.7,33.7,0,0,0,33.7,33.7,0,0.474,"wdbkwtdata.inc","FIADB REF_SPECIES to NBEL BM_REF_SPECIES to NVEL wdbkwtdata.inc","2023-10-16","38548071d5aa652bb90c7f111f86b427f798a1c9"
8693,1,8,0,0,0,0,0,0,0,0,0.457,"wdbkwtdata.inc","FIADB REF_SPECIES to NBEL BM_REF_SPECIES to NVEL wdbkwtdata.inc","2023-10-16","38548071d5aa652bb90c7f111f86b427f798a1c9"
8694,1,8,27.46,27.46,75.13,80.49,15.16,55.6,31.6,0.84,0.478,"wdbkwtdata.inc","FIADB REF_SPECIES to NBEL BM_REF_SPECIES to NVEL wdbkwtdata.inc","2023-10-16","38548071d5aa652bb90c7f111f86b427f798a1c9"
8695,1,8,39.49,39.49,0,0,0,39.5,39.5,0,0.471,"wdbkwtdata.inc","FIADB REF_SPECIES to NBEL BM_REF_SPECIES to NVEL wdbkwtdata.inc","2023-10-16","38548071d5aa652bb90c7f111f86b427f798a1c9"
8696,1,8,39.49,39.49,75.13,80.49,15.16,80,45.5,0.84,0.471,"wdbkwtdata.inc","FIADB REF_SPECIES to NBEL BM_REF_SPECIES to NVEL wdbkwtdata.inc","2023-10-16","38548071d5aa652bb90c7f111f86b427f798a1c9"
8697,1,8,39.49,39.49,0,0,0,39.5,39.5,0,0.471,"wdbkwtdata.inc","FIADB REF_SPECIES to NBEL BM_REF_SPECIES to NVEL wdbkwtdata.inc","2023-10-16","38548071d5aa652bb90c7f111f86b427f798a1c9"
8698,1,8,0,0,0,0,0,0,0,0,0.48,"wdbkwtdata.inc","FIADB REF_SPECIES to NBEL BM_REF_SPECIES to NVEL wdbkwtdata.inc","2023-10-16","38548071d5aa652bb90c7f111f86b427f798a1c9"
8699,1,8,39.49,39.49,75.13,80.49,15.16,80,45.5,0.84,0.471,"wdbkwtdata.inc","FIADB REF_SPECIES to NBEL BM_REF_SPECIES to NVEL wdbkwtdata.inc","2023-10-16","38548071d5aa652bb90c7f111f86b427f798a1c9"
8700,1,8,49.97,49.97,75.13,80.49,15.16,101.2,57.5,0.84,0.465,"wdbkwtdata.inc","FIADB REF_SPECIES to NBEL BM_REF_SPECIES to NVEL wdbkwtdata.inc","2023-10-16","38548071d5aa652bb90c7f111f86b427f798a1c9"
8701,1,8,32.45,33.07,75.13,80.49,15.16,65.9,37.5,0.84,0.505,"wdbkwtdata.inc","FIADB REF_SPECIES to NBEL BM_REF_SPECIES to NVEL wdbkwtdata.inc","2023-10-16","38548071d5aa652bb90c7f111f86b427f798a1c9"
8702,1,8,32.45,33.07,75.13,80.49,15.16,65.9,37.5,0.84,0.475,"wdbkwtdata.inc","FIADB REF_SPECIES to NBEL BM_REF_SPECIES to NVEL wdbkwtdata.inc","2023-10-16","38548071d5aa652bb90c7f111f86b427f798a1c9"
8703,1,8,39.49,39.49,0,0,0,39.5,39.5,0,0.471,"wdbkwtdata.inc","FIADB REF_SPECIES to NBEL BM_REF_SPECIES to NVEL wdbkwtdata.inc","2023-10-16","38548071d5aa652bb90c7f111f86b427f798a1c9"
8704,1,8,39.49,39.49,75.13,80.49,15.16,80,45.5,0.84,0.471,"wdbkwtdata.inc","FIADB REF_SPECIES to NBEL BM_REF_SPECIES to NVEL wdbkwtdata.inc","2023-10-16","38548071d5aa652bb90c7f111f86b427f798a1c9"
8705,1,8,39.49,39.49,75.13,80.49,15.16,80,45.5,0.84,0.471,"wdbkwtdata.inc","FIADB REF_SPECIES to NBEL BM_REF_SPECIES to NVEL wdbkwtdata.inc","2023-10-16","38548071d5aa652bb90c7f111f86b427f798a1c9"
8706,1,8,39.49,39.49,75.13,80.49,15.16,80,45.5,0.84,0.471,"wdbkwtdata.inc","FIADB REF_SPECIES to NBEL BM_REF_SPECIES to NVEL wdbkwtdata.inc","2023-10-16","38548071d5aa652bb90c7f111f86b427f798a1c9"
8707,1,8,32.45,33.07,75.13,80.49,15.16,65.9,37.5,0.84,0.475,"wdbkwtdata.inc","FIADB REF_SPECIES to NBEL BM_REF_SPECIES to NVEL wdbkwtdata.inc","2023-10-16","38548071d5aa652bb90c7f111f86b427f798a1c9"
8708,1,8,39.49,39.49,75.13,80.49,15.16,80,45.5,0.84,0.471,"wdbkwtdata.inc","FIADB REF_SPECIES to NBEL BM_REF_SPECIES to NVEL wdbkwtdata.inc","2023-10-16","38548071d5aa652bb90c7f111f86b427f798a1c9"
8709,1,8,32.45,33.07,75.13,80.49,15.16,65.9,37.5,0.84,0.454,"wdbkwtdata.inc","FIADB REF_SPECIES to NBEL BM_REF_SPECIES to NVEL wdbkwtdata.inc","2023-10-16","38548071d5aa652bb90c7f111f86b427f798a1c9"
8710,1,8,32.45,33.07,75.13,80.49,15.16,65.9,37.5,0.84,0.475,"wdbkwtdata.inc","FIADB REF_SPECIES to NBEL BM_REF_SPECIES to NVEL wdbkwtdata.inc","2023-10-16","38548071d5aa652bb90c7f111f86b427f798a1c9"
8712,1,8,32.45,33.07,75.13,80.49,15.16,65.9,37.5,0.84,0.475,"wdbkwtdata.inc","FIADB REF_SPECIES to NBEL BM_REF_SPECIES to NVEL wdbkwtdata.inc","2023-10-16","38548071d5aa652bb90c7f111f86b427f798a1c9"
8713,1,8,32.45,33.07,75.13,80.49,15.16,65.9,37.5,0.84,0.475,"wdbkwtdata.inc","FIADB REF_SPECIES to NBEL BM_REF_SPECIES to NVEL wdbkwtdata.inc","2023-10-16","38548071d5aa652bb90c7f111f86b427f798a1c9"
8714,1,8,36.19,36.19,75.13,80.49,15.16,73.3,41.7,0.84,0.473,"wdbkwtdata.inc","FIADB REF_SPECIES to NBEL BM_REF_SPECIES to NVEL wdbkwtdata.inc","2023-10-16","38548071d5aa652bb90c7f111f86b427f798a1c9"
8715,1,8,32.45,33.07,75.13,80.49,15.16,65.9,37.5,0.84,0.475,"wdbkwtdata.inc","FIADB REF_SPECIES to NBEL BM_REF_SPECIES to NVEL wdbkwtdata.inc","2023-10-16","38548071d5aa652bb90c7f111f86b427f798a1c9"
8716,1,8,32.45,33.07,75.13,80.49,15.16,65.9,37.5,0.84,0.437,"wdbkwtdata.inc","FIADB REF_SPECIES to NBEL BM_REF_SPECIES to NVEL wdbkwtdata.inc","2023-10-16","38548071d5aa652bb90c7f111f86b427f798a1c9"
8717,1,8,32.45,33.07,75.13,80.49,15.16,65.9,37.5,0.84,0.475,"wdbkwtdata.inc","FIADB REF_SPECIES to NBEL BM_REF_SPECIES to NVEL wdbkwtdata.inc","2023-10-16","38548071d5aa652bb90c7f111f86b427f798a1c9"
8718,1,8,50.54,50.54,0,0,0,50.5,50.5,0,0.465,"wdbkwtdata.inc","FIADB REF_SPECIES to NBEL BM_REF_SPECIES to NVEL wdbkwtdata.inc","2023-10-16","38548071d5aa652bb90c7f111f86b427f798a1c9"
8719,1,8,32.45,32.45,0,0,0,32.4,32.4,0,0.475,"wdbkwtdata.inc","FIADB REF_SPECIES to NBEL BM_REF_SPECIES to NVEL wdbkwtdata.inc","2023-10-16","38548071d5aa652bb90c7f111f86b427f798a1c9"
8720,1,8,32.45,33.07,75.13,80.49,15.16,65.9,37.5,0.84,0.475,"wdbkwtdata.inc","FIADB REF_SPECIES to NBEL BM_REF_SPECIES to NVEL wdbkwtdata.inc","2023-10-16","38548071d5aa652bb90c7f111f86b427f798a1c9"
8722,1,8,32.45,32.45,0,0,0,32.4,32.4,0,0.475,"wdbkwtdata.inc","FIADB REF_SPECIES to NBEL BM_REF_SPECIES to NVEL wdbkwtdata.inc","2023-10-16","38548071d5aa652bb90c7f111f86b427f798a1c9"
8723,1,8,32.45,32.45,0,0,0,32.4,32.4,0,0.475,"wdbkwtdata.inc","FIADB REF_SPECIES to NBEL BM_REF_SPECIES to NVEL wdbkwtdata.inc","2023-10-16","38548071d5aa652bb90c7f111f86b427f798a1c9"
8727,1,8,32.45,33.07,75.13,80.49,15.16,65.9,37.5,0.84,0.475,"wdbkwtdata.inc","FIADB REF_SPECIES to NBEL BM_REF_SPECIES to NVEL wdbkwtdata.inc","2023-10-16","38548071d5aa652bb90c7f111f86b427f798a1c9"
8728,1,8,0,0,0,0,0,0,0,0,0.475,"wdbkwtdata.inc","FIADB REF_SPECIES to NBEL BM_REF_SPECIES to NVEL wdbkwtdata.inc","2023-10-16","38548071d5aa652bb90c7f111f86b427f798a1c9"
8729,1,8,32.45,33.07,75.13,80.49,15.16,65.9,37.5,0.84,0.475,"wdbkwtdata.inc","FIADB REF_SPECIES to NBEL BM_REF_SPECIES to NVEL wdbkwtdata.inc","2023-10-16","38548071d5aa652bb90c7f111f86b427f798a1c9"
8737,1,8,41.15,41.15,75.13,80.49,15.16,83.3,47.4,0.84,0.47,"wdbkwtdata.inc","FIADB REF_SPECIES to NBEL BM_REF_SPECIES to NVEL wdbkwtdata.inc","2023-10-16","38548071d5aa652bb90c7f111f86b427f798a1c9"
8738,0,1,37.44,36.82,47,98,4,58,38.9,0.631,0.472,"wdbkwtdata.inc","FIADB REF_SPECIES to NBEL BM_REF_SPECIES to NVEL wdbkwtdata.inc","2023-10-16","38548071d5aa652bb90c7f111f86b427f798a1c9"
8739,0,1,37.44,36.82,47,98,4,58,38.9,0.631,0.472,"wdbkwtdata.inc","FIADB REF_SPECIES to NBEL BM_REF_SPECIES to NVEL wdbkwtdata.inc","2023-10-16","38548071d5aa652bb90c7f111f86b427f798a1c9"
8741,1,8,45.55,45.55,0,0,0,45.6,45.6,0,0.467,"wdbkwtdata.inc","FIADB REF_SPECIES to NBEL BM_REF_SPECIES to NVEL wdbkwtdata.inc","2023-10-16","38548071d5aa652bb90c7f111f86b427f798a1c9"
8743,1,8,32.45,33.07,75.13,80.49,15.16,65.9,37.5,0.84,0.475,"wdbkwtdata.inc","FIADB REF_SPECIES to NBEL BM_REF_SPECIES to NVEL wdbkwtdata.inc","2023-10-16","38548071d5aa652bb90c7f111f86b427f798a1c9"
8744,1,8,32.45,33.07,75.13,80.49,15.16,65.9,37.5,0.84,0.475,"wdbkwtdata.inc","FIADB REF_SPECIES to NBEL BM_REF_SPECIES to NVEL wdbkwtdata.inc","2023-10-16","38548071d5aa652bb90c7f111f86b427f798a1c9"
8745,1,8,36.68,36.68,0,0,0,36.7,36.7,0,0.472,"wdbkwtdata.inc","FIADB REF_SPECIES to NBEL BM_REF_SPECIES to NVEL wdbkwtdata.inc","2023-10-16","38548071d5aa652bb90c7f111f86b427f798a1c9"
8748,1,8,32.45,33.07,75.13,80.49,15.16,65.9,37.5,0.84,0.475,"wdbkwtdata.inc","FIADB REF_SPECIES to NBEL BM_REF_SPECIES to NVEL wdbkwtdata.inc","2023-10-16","38548071d5aa652bb90c7f111f86b427f798a1c9"
8749,1,8,31.37,31.37,75.13,80.49,15.16,63.5,36.1,0.84,0.475,"wdbkwtdata.inc","FIADB REF_SPECIES to NBEL BM_REF_SPECIES to NVEL wdbkwtdata.inc","2023-10-16","38548071d5aa652bb90c7f111f86b427f798a1c9"
8750,1,8,32.45,33.07,75.13,80.49,15.16,65.9,37.5,0.84,0.475,"wdbkwtdata.inc","FIADB REF_SPECIES to NBEL BM_REF_SPECIES to NVEL wdbkwtdata.inc","2023-10-16","38548071d5aa652bb90c7f111f86b427f798a1c9"
8751,1,8,31.37,31.37,0,0,0,31.4,31.4,0,0.475,"wdbkwtdata.inc","FIADB REF_SPECIES to NBEL BM_REF_SPECIES to NVEL wdbkwtdata.inc","2023-10-16","38548071d5aa652bb90c7f111f86b427f798a1c9"
8752,1,8,31.37,31.37,0,0,0,31.4,31.4,0,0.475,"wdbkwtdata.inc","FIADB REF_SPECIES to NBEL BM_REF_SPECIES to NVEL wdbkwtdata.inc","2023-10-16","38548071d5aa652bb90c7f111f86b427f798a1c9"
8753,1,8,32.45,33.07,75.13,80.49,15.16,65.9,37.5,0.84,0.475,"wdbkwtdata.inc","FIADB REF_SPECIES to NBEL BM_REF_SPECIES to NVEL wdbkwtdata.inc","2023-10-16","38548071d5aa652bb90c7f111f86b427f798a1c9"
8754,1,8,32.45,33.07,75.13,80.49,15.16,65.9,37.5,0.84,0.475,"wdbkwtdata.inc","FIADB REF_SPECIES to NBEL BM_REF_SPECIES to NVEL wdbkwtdata.inc","2023-10-16","38548071d5aa652bb90c7f111f86b427f798a1c9"
8755,1,8,24.71,24.71,0,0,0,24.7,24.7,0.84,0.479,"wdbkwtdata.inc","FIADB REF_SPECIES to NBEL BM_REF_SPECIES to NVEL wdbkwtdata.inc","2023-10-16","38548071d5aa652bb90c7f111f86b427f798a1c9"
8756,1,8,32.45,33.07,75.13,80.49,15.16,65.9,37.5,0.84,0.475,"wdbkwtdata.inc","FIADB REF_SPECIES to NBEL BM_REF_SPECIES to NVEL wdbkwtdata.inc","2023-10-16","38548071d5aa652bb90c7f111f86b427f798a1c9"
8757,1,8,32.45,33.07,75.13,80.49,15.16,65.9,37.5,0.84,0.475,"wdbkwtdata.inc","FIADB REF_SPECIES to NBEL BM_REF_SPECIES to NVEL wdbkwtdata.inc","2023-10-16","38548071d5aa652bb90c7f111f86b427f798a1c9"
8758,1,8,29.55,29.55,75.13,80.49,15.16,59.8,34,0.84,0.476,"wdbkwtdata.inc","FIADB REF_SPECIES to NBEL BM_REF_SPECIES to NVEL wdbkwtdata.inc","2023-10-16","38548071d5aa652bb90c7f111f86b427f798a1c9"
8759,1,8,31.37,31.37,75.13,80.49,15.16,63.5,36.1,0.84,0.475,"wdbkwtdata.inc","FIADB REF_SPECIES to NBEL BM_REF_SPECIES to NVEL wdbkwtdata.inc","2023-10-16","38548071d5aa652bb90c7f111f86b427f798a1c9"
8761,1,8,32.45,33.07,75.13,80.49,15.16,65.9,37.5,0.84,0.475,"wdbkwtdata.inc","FIADB REF_SPECIES to NBEL BM_REF_SPECIES to NVEL wdbkwtdata.inc","2023-10-16","38548071d5aa652bb90c7f111f86b427f798a1c9"
8762,1,8,32.45,33.07,75.13,80.49,15.16,65.9,37.5,0.84,0.475,"wdbkwtdata.inc","FIADB REF_SPECIES to NBEL BM_REF_SPECIES to NVEL wdbkwtdata.inc","2023-10-16","38548071d5aa652bb90c7f111f86b427f798a1c9"
8763,1,8,32.45,33.07,75.13,80.49,15.16,65.9,37.5,0.84,0.475,"wdbkwtdata.inc","FIADB REF_SPECIES to NBEL BM_REF_SPECIES to NVEL wdbkwtdata.inc","2023-10-16","38548071d5aa652bb90c7f111f86b427f798a1c9"
8764,1,8,32.45,33.07,75.13,80.49,15.16,65.9,37.5,0.84,0.475,"wdbkwtdata.inc","FIADB REF_SPECIES to NBEL BM_REF_SPECIES to NVEL wdbkwtdata.inc","2023-10-16","38548071d5aa652bb90c7f111f86b427f798a1c9"
8766,1,8,32.45,33.07,75.13,80.49,15.16,65.9,37.5,0.84,0.475,"wdbkwtdata.inc","FIADB REF_SPECIES to NBEL BM_REF_SPECIES to NVEL wdbkwtdata.inc","2023-10-16","38548071d5aa652bb90c7f111f86b427f798a1c9"
8767,1,8,32.45,33.07,75.13,80.49,15.16,65.9,37.5,0.84,0.475,"wdbkwtdata.inc","FIADB REF_SPECIES to NBEL BM_REF_SPECIES to NVEL wdbkwtdata.inc","2023-10-16","38548071d5aa652bb90c7f111f86b427f798a1c9"
8768,1,8,32.45,33.07,75.13,80.49,15.16,65.9,37.5,0.84,0.475,"wdbkwtdata.inc","FIADB REF_SPECIES to NBEL BM_REF_SPECIES to NVEL wdbkwtdata.inc","2023-10-16","38548071d5aa652bb90c7f111f86b427f798a1c9"
8770,1,8,25.58,25.58,0,0,0,25.6,25.6,0,0.479,"wdbkwtdata.inc","FIADB REF_SPECIES to NBEL BM_REF_SPECIES to NVEL wdbkwtdata.inc","2023-10-16","38548071d5aa652bb90c7f111f86b427f798a1c9"
8771,1,8,25.58,25.58,0,0,0,25.6,25.6,0,0.479,"wdbkwtdata.inc","FIADB REF_SPECIES to NBEL BM_REF_SPECIES to NVEL wdbkwtdata.inc","2023-10-16","38548071d5aa652bb90c7f111f86b427f798a1c9"
8772,1,8,25.58,25.58,0,0,0,25.6,25.6,0,0.479,"wdbkwtdata.inc","FIADB REF_SPECIES to NBEL BM_REF_SPECIES to NVEL wdbkwtdata.inc","2023-10-16","38548071d5aa652bb90c7f111f86b427f798a1c9"
8773,1,8,25.58,25.58,0,0,0,25.6,25.6,0,0.479,"wdbkwtdata.inc","FIADB REF_SPECIES to NBEL BM_REF_SPECIES to NVEL wdbkwtdata.inc","2023-10-16","38548071d5aa652bb90c7f111f86b427f798a1c9"
8774,1,8,25.58,25.58,75.13,80.49,15.16,51.8,29.5,0.84,0.479,"wdbkwtdata.inc","FIADB REF_SPECIES to NBEL BM_REF_SPECIES to NVEL wdbkwtdata.inc","2023-10-16","38548071d5aa652bb90c7f111f86b427f798a1c9"
8775,1,8,25.58,25.58,0,0,0,25.6,25.6,0,0.479,"wdbkwtdata.inc","FIADB REF_SPECIES to NBEL BM_REF_SPECIES to NVEL wdbkwtdata.inc","2023-10-16","38548071d5aa652bb90c7f111f86b427f798a1c9"
8776,1,8,25.58,25.58,0,0,0,25.6,25.6,0,0.479,"wdbkwtdata.inc","FIADB REF_SPECIES to NBEL BM_REF_SPECIES to NVEL wdbkwtdata.inc","2023-10-16","38548071d5aa652bb90c7f111f86b427f798a1c9"
8777,1,8,25.58,25.58,0,0,0,25.6,25.6,0,0.479,"wdbkwtdata.inc","FIADB REF_SPECIES to NBEL BM_REF_SPECIES to NVEL wdbkwtdata.inc","2023-10-16","38548071d5aa652bb90c7f111f86b427f798a1c9"
8778,1,8,32.45,33.07,75.13,80.49,15.16,65.9,37.5,0.84,0.475,"wdbkwtdata.inc","FIADB REF_SPECIES to NBEL BM_REF_SPECIES to NVEL wdbkwtdata.inc","2023-10-16","38548071d5aa652bb90c7f111f86b427f798a1c9"
8779,1,8,42.43,42.43,0,0,0,42.4,42.4,0,0.469,"wdbkwtdata.inc","FIADB REF_SPECIES to NBEL BM_REF_SPECIES to NVEL wdbkwtdata.inc","2023-10-16","38548071d5aa652bb90c7f111f86b427f798a1c9"
8780,1,8,32.45,33.07,75.13,80.49,15.16,65.9,37.5,0.84,0.475,"wdbkwtdata.inc","FIADB REF_SPECIES to NBEL BM_REF_SPECIES to NVEL wdbkwtdata.inc","2023-10-16","38548071d5aa652bb90c7f111f86b427f798a1c9"
8781,1,8,32.45,33.07,75.13,80.49,15.16,65.9,37.5,0.84,0.475,"wdbkwtdata.inc","FIADB REF_SPECIES to NBEL BM_REF_SPECIES to NVEL wdbkwtdata.inc","2023-10-16","38548071d5aa652bb90c7f111f86b427f798a1c9"
8783,1,8,32.45,33.07,75.13,80.49,15.16,65.9,37.5,0.84,0.475,"wdbkwtdata.inc","FIADB REF_SPECIES to NBEL BM_REF_SPECIES to NVEL wdbkwtdata.inc","2023-10-16","38548071d5aa652bb90c7f111f86b427f798a1c9"
8784,1,8,32.45,33.07,75.13,80.49,15.16,65.9,37.5,0.84,0.466,"wdbkwtdata.inc","FIADB REF_SPECIES to NBEL BM_REF_SPECIES to NVEL wdbkwtdata.inc","2023-10-16","38548071d5aa652bb90c7f111f86b427f798a1c9"
8786,1,8,32.45,33.07,75.13,80.49,15.16,65.9,37.5,0.84,0.475,"wdbkwtdata.inc","FIADB REF_SPECIES to NBEL BM_REF_SPECIES to NVEL wdbkwtdata.inc","2023-10-16","38548071d5aa652bb90c7f111f86b427f798a1c9"
8787,1,8,32.45,33.07,75.13,80.49,15.16,65.9,37.5,0.84,0.475,"wdbkwtdata.inc","FIADB REF_SPECIES to NBEL BM_REF_SPECIES to NVEL wdbkwtdata.inc","2023-10-16","38548071d5aa652bb90c7f111f86b427f798a1c9"
8788,1,8,38.06,38.06,0,0,0,38.1,38.1,0,0.472,"wdbkwtdata.inc","FIADB REF_SPECIES to NBEL BM_REF_SPECIES to NVEL wdbkwtdata.inc","2023-10-16","38548071d5aa652bb90c7f111f86b427f798a1c9"
8789,1,8,32.45,33.07,75.13,80.49,15.16,65.9,37.5,0.84,0.475,"wdbkwtdata.inc","FIADB REF_SPECIES to NBEL BM_REF_SPECIES to NVEL wdbkwtdata.inc","2023-10-16","38548071d5aa652bb90c7f111f86b427f798a1c9"
8793,1,8,32.45,33.07,75.13,80.49,15.16,65.9,37.5,0.84,0.475,"wdbkwtdata.inc","FIADB REF_SPECIES to NBEL BM_REF_SPECIES to NVEL wdbkwtdata.inc","2023-10-16","38548071d5aa652bb90c7f111f86b427f798a1c9"
8794,1,8,32.45,33.07,75.13,80.49,15.16,65.9,37.5,0.84,0.475,"wdbkwtdata.inc","FIADB REF_SPECIES to NBEL BM_REF_SPECIES to NVEL wdbkwtdata.inc","2023-10-16","38548071d5aa652bb90c7f111f86b427f798a1c9"
8799,1,8,35.63,35.63,75.13,80.49,15.16,72.1,41,0.84,0.473,"wdbkwtdata.inc","FIADB REF_SPECIES to NBEL BM_REF_SPECIES to NVEL wdbkwtdata.inc","2023-10-16","38548071d5aa652bb90c7f111f86b427f798a1c9"
8800,1,8,34.38,34.38,75.13,80.49,15.16,69.6,39.6,0.84,0.474,"wdbkwtdata.inc","FIADB REF_SPECIES to NBEL BM_REF_SPECIES to NVEL wdbkwtdata.inc","2023-10-16","38548071d5aa652bb90c7f111f86b427f798a1c9"
8801,1,8,34.38,34.38,75.13,80.49,15.16,69.6,39.6,0.84,0.474,"wdbkwtdata.inc","FIADB REF_SPECIES to NBEL BM_REF_SPECIES to NVEL wdbkwtdata.inc","2023-10-16","38548071d5aa652bb90c7f111f86b427f798a1c9"
8803,1,8,32.45,33.07,75.13,80.49,15.16,65.9,37.5,0.84,0.475,"wdbkwtdata.inc","FIADB REF_SPECIES to NBEL BM_REF_SPECIES to NVEL wdbkwtdata.inc","2023-10-16","38548071d5aa652bb90c7f111f86b427f798a1c9"
8804,1,8,38.06,38.06,0,0,0,38.1,38.1,0,0.472,"wdbkwtdata.inc","FIADB REF_SPECIES to NBEL BM_REF_SPECIES to NVEL wdbkwtdata.inc","2023-10-16","38548071d5aa652bb90c7f111f86b427f798a1c9"
8805,1,8,38.06,38.06,0,0,0,38.1,38.1,0,0.472,"wdbkwtdata.inc","FIADB REF_SPECIES to NBEL BM_REF_SPECIES to NVEL wdbkwtdata.inc","2023-10-16","38548071d5aa652bb90c7f111f86b427f798a1c9"
8806,1,8,34.38,34.38,75.13,80.49,15.16,69.6,39.6,0.84,0.474,"wdbkwtdata.inc","FIADB REF_SPECIES to NBEL BM_REF_SPECIES to NVEL wdbkwtdata.inc","2023-10-16","38548071d5aa652bb90c7f111f86b427f798a1c9"
8807,1,8,34.38,34.38,75.13,80.49,15.16,69.6,39.6,0.84,0.474,"wdbkwtdata.inc","FIADB REF_SPECIES to NBEL BM_REF_SPECIES to NVEL wdbkwtdata.inc","2023-10-16","38548071d5aa652bb90c7f111f86b427f798a1c9"
8808,1,8,34.38,34.38,75.13,80.49,15.16,69.6,39.6,0.84,0.474,"wdbkwtdata.inc","FIADB REF_SPECIES to NBEL BM_REF_SPECIES to NVEL wdbkwtdata.inc","2023-10-16","38548071d5aa652bb90c7f111f86b427f798a1c9"
8809,1,8,34.38,34.38,75.13,80.49,15.16,69.6,39.6,0.84,0.474,"wdbkwtdata.inc","FIADB REF_SPECIES to NBEL BM_REF_SPECIES to NVEL wdbkwtdata.inc","2023-10-16","38548071d5aa652bb90c7f111f86b427f798a1c9"
8810,1,8,34.38,34.38,75.13,80.49,15.16,69.6,39.6,0.84,0.474,"wdbkwtdata.inc","FIADB REF_SPECIES to NBEL BM_REF_SPECIES to NVEL wdbkwtdata.inc","2023-10-16","38548071d5aa652bb90c7f111f86b427f798a1c9"
8811,1,8,32.45,33.07,75.13,80.49,15.16,65.9,37.5,0.84,0.475,"wdbkwtdata.inc","FIADB REF_SPECIES to NBEL BM_REF_SPECIES to NVEL wdbkwtdata.inc","2023-10-16","38548071d5aa652bb90c7f111f86b427f798a1c9"
8812,1,8,32.45,33.07,75.13,80.49,15.16,65.9,37.5,0.84,0.475,"wdbkwtdata.inc","FIADB REF_SPECIES to NBEL BM_REF_SPECIES to NVEL wdbkwtdata.inc","2023-10-16","38548071d5aa652bb90c7f111f86b427f798a1c9"
8813,1,8,19.97,29.95,105,90,10.5,46.9,23.1,0.672,0.388,"wdbkwtdata.inc","FIADB REF_SPECIES to NBEL BM_REF_SPECIES to NVEL wdbkwtdata.inc","2023-10-16","38548071d5aa652bb90c7f111f86b427f798a1c9"
8814,1,8,19.97,29.95,105,90,10.53,46.9,23.1,0.672,0.482,"wdbkwtdata.inc","FIADB REF_SPECIES to NBEL BM_REF_SPECIES to NVEL wdbkwtdata.inc","2023-10-16","38548071d5aa652bb90c7f111f86b427f798a1c9"
8815,1,8,32.45,33.07,75.13,80.49,15.16,65.9,37.5,0.84,0.475,"wdbkwtdata.inc","FIADB REF_SPECIES to NBEL BM_REF_SPECIES to NVEL wdbkwtdata.inc","2023-10-16","38548071d5aa652bb90c7f111f86b427f798a1c9"
8816,1,8,32.45,33.07,75.13,80.49,15.16,65.9,37.5,0.84,0.475,"wdbkwtdata.inc","FIADB REF_SPECIES to NBEL BM_REF_SPECIES to NVEL wdbkwtdata.inc","2023-10-16","38548071d5aa652bb90c7f111f86b427f798a1c9"
8821,1,8,32.45,33.07,75.13,80.49,15.16,65.9,37.5,0.84,0.456,"wdbkwtdata.inc","FIADB REF_SPECIES to NBEL BM_REF_SPECIES to NVEL wdbkwtdata.inc","2023-10-16","38548071d5aa652bb90c7f111f86b427f798a1c9"
8822,1,8,21.22,21.22,0,0,0,21.2,21.2,0,0.481,"wdbkwtdata.inc","FIADB REF_SPECIES to NBEL BM_REF_SPECIES to NVEL wdbkwtdata.inc","2023-10-16","38548071d5aa652bb90c7f111f86b427f798a1c9"
8823,1,8,21.22,21.22,0,0,0,21.2,21.2,0,0.481,"wdbkwtdata.inc","FIADB REF_SPECIES to NBEL BM_REF_SPECIES to NVEL wdbkwtdata.inc","2023-10-16","38548071d5aa652bb90c7f111f86b427f798a1c9"
8824,1,8,29.33,29.33,75.13,80.49,15.16,59.4,33.8,0.84,0.477,"wdbkwtdata.inc","FIADB REF_SPECIES to NBEL BM_REF_SPECIES to NVEL wdbkwtdata.inc","2023-10-16","38548071d5aa652bb90c7f111f86b427f798a1c9"
8825,1,8,32.45,33.07,75.13,80.49,15.16,65.9,37.5,0.84,0.475,"wdbkwtdata.inc","FIADB REF_SPECIES to NBEL BM_REF_SPECIES to NVEL wdbkwtdata.inc","2023-10-16","38548071d5aa652bb90c7f111f86b427f798a1c9"
8826,1,8,29.33,29.33,0,0,0,29.3,29.3,0,0.477,"wdbkwtdata.inc","FIADB REF_SPECIES to NBEL BM_REF_SPECIES to NVEL wdbkwtdata.inc","2023-10-16","38548071d5aa652bb90c7f111f86b427f798a1c9"
8827,1,8,20.31,20.31,0,0,0,20.3,20.3,0,0.482,"wdbkwtdata.inc","FIADB REF_SPECIES to NBEL BM_REF_SPECIES to NVEL wdbkwtdata.inc","2023-10-16","38548071d5aa652bb90c7f111f86b427f798a1c9"
8828,1,8,32.45,33.07,75.13,80.49,15.16,65.9,37.5,0.84,0.475,"wdbkwtdata.inc","FIADB REF_SPECIES to NBEL BM_REF_SPECIES to NVEL wdbkwtdata.inc","2023-10-16","38548071d5aa652bb90c7f111f86b427f798a1c9"
8829,1,8,32.45,33.07,75.13,80.49,15.16,65.9,37.5,0.84,0.458,"wdbkwtdata.inc","FIADB REF_SPECIES to NBEL BM_REF_SPECIES to NVEL wdbkwtdata.inc","2023-10-16","38548071d5aa652bb90c7f111f86b427f798a1c9"
8830,1,8,0,0,0,0,0,0,0,0,0.465,"wdbkwtdata.inc","FIADB REF_SPECIES to NBEL BM_REF_SPECIES to NVEL wdbkwtdata.inc","2023-10-16","38548071d5aa652bb90c7f111f86b427f798a1c9"
8831,1,8,21.22,21.22,75.13,80.49,15.16,43,24.4,0.84,0.481,"wdbkwtdata.inc","FIADB REF_SPECIES to NBEL BM_REF_SPECIES to NVEL wdbkwtdata.inc","2023-10-16","38548071d5aa652bb90c7f111f86b427f798a1c9"
8832,1,8,20.31,20.31,0,0,0,20.3,20.3,0,0.482,"wdbkwtdata.inc","FIADB REF_SPECIES to NBEL BM_REF_SPECIES to NVEL wdbkwtdata.inc","2023-10-16","38548071d5aa652bb90c7f111f86b427f798a1c9"
8833,1,8,32.45,33.07,75.13,80.49,15.16,65.9,37.5,0.84,0.475,"wdbkwtdata.inc","FIADB REF_SPECIES to NBEL BM_REF_SPECIES to NVEL wdbkwtdata.inc","2023-10-16","38548071d5aa652bb90c7f111f86b427f798a1c9"
8834,1,8,32.45,33.07,75.13,80.49,15.16,65.9,37.5,0.84,0.505,"wdbkwtdata.inc","FIADB REF_SPECIES to NBEL BM_REF_SPECIES to NVEL wdbkwtdata.inc","2023-10-16","38548071d5aa652bb90c7f111f86b427f798a1c9"
8836,1,8,32.45,33.07,75.13,80.49,15.16,65.9,37.5,0.84,0.475,"wdbkwtdata.inc","FIADB REF_SPECIES to NBEL BM_REF_SPECIES to NVEL wdbkwtdata.inc","2023-10-16","38548071d5aa652bb90c7f111f86b427f798a1c9"
8837,1,8,20.95,20.95,75.13,80.49,15.16,42.4,24.1,0.84,0.481,"wdbkwtdata.inc","FIADB REF_SPECIES to NBEL BM_REF_SPECIES to NVEL wdbkwtdata.inc","2023-10-16","38548071d5aa652bb90c7f111f86b427f798a1c9"
8838,1,8,19.97,19.97,75.13,80.49,15.16,40.4,23,0.84,0.482,"wdbkwtdata.inc","FIADB REF_SPECIES to NBEL BM_REF_SPECIES to NVEL wdbkwtdata.inc","2023-10-16","38548071d5aa652bb90c7f111f86b427f798a1c9"
8839,1,8,19.97,19.97,0,0,0,20,20,0,0.482,"wdbkwtdata.inc","FIADB REF_SPECIES to NBEL BM_REF_SPECIES to NVEL wdbkwtdata.inc","2023-10-16","38548071d5aa652bb90c7f111f86b427f798a1c9"
8842,1,8,32.45,33.07,75.13,80.49,15.16,65.9,37.5,0.84,0.475,"wdbkwtdata.inc","FIADB REF_SPECIES to NBEL BM_REF_SPECIES to NVEL wdbkwtdata.inc","2023-10-16","38548071d5aa652bb90c7f111f86b427f798a1c9"
8843,1,8,32.45,33.07,75.13,80.49,15.16,65.9,37.5,0.84,0.475,"wdbkwtdata.inc","FIADB REF_SPECIES to NBEL BM_REF_SPECIES to NVEL wdbkwtdata.inc","2023-10-16","38548071d5aa652bb90c7f111f86b427f798a1c9"
8844,1,8,32.45,33.07,75.13,80.49,15.16,65.9,37.5,0.84,0.475,"wdbkwtdata.inc","FIADB REF_SPECIES to NBEL BM_REF_SPECIES to NVEL wdbkwtdata.inc","2023-10-16","38548071d5aa652bb90c7f111f86b427f798a1c9"
8846,1,8,36,36,75.13,80.49,15.16,72.9,41.5,0.84,0.473,"wdbkwtdata.inc","FIADB REF_SPECIES to NBEL BM_REF_SPECIES to NVEL wdbkwtdata.inc","2023-10-16","38548071d5aa652bb90c7f111f86b427f798a1c9"
8848,1,8,32.45,33.07,75.13,80.49,15.16,65.9,37.5,0.84,0.475,"wdbkwtdata.inc","FIADB REF_SPECIES to NBEL BM_REF_SPECIES to NVEL wdbkwtdata.inc","2023-10-16","38548071d5aa652bb90c7f111f86b427f798a1c9"
8849,1,8,47.49,47.49,75.13,80.49,15.16,96.2,54.7,0.84,0.466,"wdbkwtdata.inc","FIADB REF_SPECIES to NBEL BM_REF_SPECIES to NVEL wdbkwtdata.inc","2023-10-16","38548071d5aa652bb90c7f111f86b427f798a1c9"
8850,1,8,32.45,33.07,75.13,80.49,15.16,65.9,37.5,0.84,0.475,"wdbkwtdata.inc","FIADB REF_SPECIES to NBEL BM_REF_SPECIES to NVEL wdbkwtdata.inc","2023-10-16","38548071d5aa652bb90c7f111f86b427f798a1c9"
8851,1,8,33.7,26.83,66,91.08,14,63.1,37.5,0.81,0.474,"wdbkwtdata.inc","FIADB REF_SPECIES to NBEL BM_REF_SPECIES to NVEL wdbkwtdata.inc","2023-10-16","38548071d5aa652bb90c7f111f86b427f798a1c9"
8852,1,8,33.7,26.83,65.84,91.07,14,63.1,37.5,0.84,0.474,"wdbkwtdata.inc","FIADB REF_SPECIES to NBEL BM_REF_SPECIES to NVEL wdbkwtdata.inc","2023-10-16","38548071d5aa652bb90c7f111f86b427f798a1c9"
8853,1,8,32.45,33.07,75.13,80.49,15.16,65.9,37.5,0.84,0.475,"wdbkwtdata.inc","FIADB REF_SPECIES to NBEL BM_REF_SPECIES to NVEL wdbkwtdata.inc","2023-10-16","38548071d5aa652bb90c7f111f86b427f798a1c9"
8854,1,8,32.45,33.07,75.13,80.49,15.16,65.9,37.5,0.84,0.475,"wdbkwtdata.inc","FIADB REF_SPECIES to NBEL BM_REF_SPECIES to NVEL wdbkwtdata.inc","2023-10-16","38548071d5aa652bb90c7f111f86b427f798a1c9"
8855,1,8,32.45,33.07,75.13,80.49,15.16,65.9,37.5,0.84,0.475,"wdbkwtdata.inc","FIADB REF_SPECIES to NBEL BM_REF_SPECIES to NVEL wdbkwtdata.inc","2023-10-16","38548071d5aa652bb90c7f111f86b427f798a1c9"
8856,1,8,11.23,11.23,75.13,80.49,15.16,22.7,12.9,0.84,0.487,"wdbkwtdata.inc","FIADB REF_SPECIES to NBEL BM_REF_SPECIES to NVEL wdbkwtdata.inc","2023-10-16","38548071d5aa652bb90c7f111f86b427f798a1c9"
8857,1,8,11.23,11.23,0,0,0,11.2,11.2,0,0.487,"wdbkwtdata.inc","FIADB REF_SPECIES to NBEL BM_REF_SPECIES to NVEL wdbkwtdata.inc","2023-10-16","38548071d5aa652bb90c7f111f86b427f798a1c9"
8858,1,8,11.23,11.23,0,0,0,11.2,11.2,0,0.487,"wdbkwtdata.inc","FIADB REF_SPECIES to NBEL BM_REF_SPECIES to NVEL wdbkwtdata.inc","2023-10-16","38548071d5aa652bb90c7f111f86b427f798a1c9"
8859,1,8,32.45,33.07,75.12,80.64,15.32,66,37.5,0.84,0.456,"wdbkwtdata.inc","FIADB REF_SPECIES to NBEL BM_REF_SPECIES to NVEL wdbkwtdata.inc","2023-10-16","38548071d5aa652bb90c7f111f86b427f798a1c9"
8860,1,8,33.07,33.07,0,0,15.14,38.1,38.1,0.833,0.474,"wdbkwtdata.inc","FIADB REF_SPECIES to NBEL BM_REF_SPECIES to NVEL wdbkwtdata.inc","2023-10-16","38548071d5aa652bb90c7f111f86b427f798a1c9"
8861,1,8,32.45,33.07,75.13,80.49,15.16,65.9,37.5,0.84,0.475,"wdbkwtdata.inc","FIADB REF_SPECIES to NBEL BM_REF_SPECIES to NVEL wdbkwtdata.inc","2023-10-16","38548071d5aa652bb90c7f111f86b427f798a1c9"
8862,1,8,33.7,26.83,65.84,91.07,14,63.1,37.5,0.84,0.474,"wdbkwtdata.inc","FIADB REF_SPECIES to NBEL BM_REF_SPECIES to NVEL wdbkwtdata.inc","2023-10-16","38548071d5aa652bb90c7f111f86b427f798a1c9"
8863,1,8,34.32,34.32,75.13,80.49,15.16,69.5,39.5,0.84,0.474,"wdbkwtdata.inc","FIADB REF_SPECIES to NBEL BM_REF_SPECIES to NVEL wdbkwtdata.inc","2023-10-16","38548071d5aa652bb90c7f111f86b427f798a1c9"
8866,1,8,29.95,29.95,75.13,80.49,15.16,60.7,34.5,0.84,0.476,"wdbkwtdata.inc","FIADB REF_SPECIES to NBEL BM_REF_SPECIES to NVEL wdbkwtdata.inc","2023-10-16","38548071d5aa652bb90c7f111f86b427f798a1c9"
8868,1,8,26.83,26.83,75.13,80.49,15.16,54.3,30.9,0.84,0.478,"wdbkwtdata.inc","FIADB REF_SPECIES to NBEL BM_REF_SPECIES to NVEL wdbkwtdata.inc","2023-10-16","38548071d5aa652bb90c7f111f86b427f798a1c9"
8869,1,8,30.09,30.09,0,0,0,30.1,30.1,0,0.476,"wdbkwtdata.inc","FIADB REF_SPECIES to NBEL BM_REF_SPECIES to NVEL wdbkwtdata.inc","2023-10-16","38548071d5aa652bb90c7f111f86b427f798a1c9"
8870,1,8,30.09,30.09,0,0,0,30.1,30.1,0,0.476,"wdbkwtdata.inc","FIADB REF_SPECIES to NBEL BM_REF_SPECIES to NVEL wdbkwtdata.inc","2023-10-16","38548071d5aa652bb90c7f111f86b427f798a1c9"
8871,1,8,32.45,33.07,75.13,80.49,15.16,65.9,37.5,0.84,0.475,"wdbkwtdata.inc","FIADB REF_SPECIES to NBEL BM_REF_SPECIES to NVEL wdbkwtdata.inc","2023-10-16","38548071d5aa652bb90c7f111f86b427f798a1c9"
8872,1,8,40.56,40.56,75.13,80.49,15.16,82.1,46.7,0.84,0.47,"wdbkwtdata.inc","FIADB REF_SPECIES to NBEL BM_REF_SPECIES to NVEL wdbkwtdata.inc","2023-10-16","38548071d5aa652bb90c7f111f86b427f798a1c9"
8873,1,8,32.45,33.07,75.13,80.49,15.16,65.9,37.5,0.84,0.475,"wdbkwtdata.inc","FIADB REF_SPECIES to NBEL BM_REF_SPECIES to NVEL wdbkwtdata.inc","2023-10-16","38548071d5aa652bb90c7f111f86b427f798a1c9"
8874,1,8,32.45,32.45,75.13,80.49,15.16,65.7,37.4,0.84,0.475,"wdbkwtdata.inc","FIADB REF_SPECIES to NBEL BM_REF_SPECIES to NVEL wdbkwtdata.inc","2023-10-16","38548071d5aa652bb90c7f111f86b427f798a1c9"
8875,1,8,32.45,32.45,75.13,80.49,15.16,65.7,37.4,0.84,0.475,"wdbkwtdata.inc","FIADB REF_SPECIES to NBEL BM_REF_SPECIES to NVEL wdbkwtdata.inc","2023-10-16","38548071d5aa652bb90c7f111f86b427f798a1c9"
8876,1,8,32.45,32.45,0,0,0,32.4,32.4,0,0.475,"wdbkwtdata.inc","FIADB REF_SPECIES to NBEL BM_REF_SPECIES to NVEL wdbkwtdata.inc","2023-10-16","38548071d5aa652bb90c7f111f86b427f798a1c9"
8877,1,8,0,0,0,0,0,0,0,0,0.475,"wdbkwtdata.inc","FIADB REF_SPECIES to NBEL BM_REF_SPECIES to NVEL wdbkwtdata.inc","2023-10-16","38548071d5aa652bb90c7f111f86b427f798a1c9"
8878,1,8,32.45,33.07,75.12,80.64,15.32,66,37.5,0.84,0.475,"wdbkwtdata.inc","FIADB REF_SPECIES to NBEL BM_REF_SPECIES to NVEL wdbkwtdata.inc","2023-10-16","38548071d5aa652bb90c7f111f86b427f798a1c9"
8879,1,8,33.07,33.07,0,0,15.14,38.1,38.1,0.833,0.474,"wdbkwtdata.inc","FIADB REF_SPECIES to NBEL BM_REF_SPECIES to NVEL wdbkwtdata.inc","2023-10-16","38548071d5aa652bb90c7f111f86b427f798a1c9"
8880,1,8,0,0,0,0,0,0,0,0,0.475,"wdbkwtdata.inc","FIADB REF_SPECIES to NBEL BM_REF_SPECIES to NVEL wdbkwtdata.inc","2023-10-16","38548071d5aa652bb90c7f111f86b427f798a1c9"
8881,1,8,32.45,33.07,75.13,80.49,15.16,65.9,37.5,0.84,0.475,"wdbkwtdata.inc","FIADB REF_SPECIES to NBEL BM_REF_SPECIES to NVEL wdbkwtdata.inc","2023-10-16","38548071d5aa652bb90c7f111f86b427f798a1c9"
8883,1,8,0,0,0,0,0,0,0,0,0.475,"wdbkwtdata.inc","FIADB REF_SPECIES to NBEL BM_REF_SPECIES to NVEL wdbkwtdata.inc","2023-10-16","38548071d5aa652bb90c7f111f86b427f798a1c9"
8884,1,8,40.56,40.56,0,0,0,40.6,40.6,0,0.47,"wdbkwtdata.inc","FIADB REF_SPECIES to NBEL BM_REF_SPECIES to NVEL wdbkwtdata.inc","2023-10-16","38548071d5aa652bb90c7f111f86b427f798a1c9"
8885,1,8,32.45,33.07,75.13,80.49,15.16,65.9,37.5,0.84,0.475,"wdbkwtdata.inc","FIADB REF_SPECIES to NBEL BM_REF_SPECIES to NVEL wdbkwtdata.inc","2023-10-16","38548071d5aa652bb90c7f111f86b427f798a1c9"
8886,1,8,36.82,36.82,75.13,80.49,15.16,74.5,42.4,0.84,0.472,"wdbkwtdata.inc","FIADB REF_SPECIES to NBEL BM_REF_SPECIES to NVEL wdbkwtdata.inc","2023-10-16","38548071d5aa652bb90c7f111f86b427f798a1c9"
8887,1,8,32.45,33.07,75.13,80.49,15.16,65.9,37.5,0.84,0.475,"wdbkwtdata.inc","FIADB REF_SPECIES to NBEL BM_REF_SPECIES to NVEL wdbkwtdata.inc","2023-10-16","38548071d5aa652bb90c7f111f86b427f798a1c9"
8889,1,8,32.45,32.45,0,0,0,32.4,32.4,0,0.475,"wdbkwtdata.inc","FIADB REF_SPECIES to NBEL BM_REF_SPECIES to NVEL wdbkwtdata.inc","2023-10-16","38548071d5aa652bb90c7f111f86b427f798a1c9"
8890,1,8,32.45,32.45,0,0,0,32.4,32.4,0,0.475,"wdbkwtdata.inc","FIADB REF_SPECIES to NBEL BM_REF_SPECIES to NVEL wdbkwtdata.inc","2023-10-16","38548071d5aa652bb90c7f111f86b427f798a1c9"
8891,1,8,32.45,32.45,75.13,80.49,15.16,65.7,37.4,0.84,0.475,"wdbkwtdata.inc","FIADB REF_SPECIES to NBEL BM_REF_SPECIES to NVEL wdbkwtdata.inc","2023-10-16","38548071d5aa652bb90c7f111f86b427f798a1c9"
8892,1,8,32.45,32.45,75.13,80.49,15.16,65.7,37.4,0.84,0.475,"wdbkwtdata.inc","FIADB REF_SPECIES to NBEL BM_REF_SPECIES to NVEL wdbkwtdata.inc","2023-10-16","38548071d5aa652bb90c7f111f86b427f798a1c9"
8895,1,8,32.45,32.45,75.13,80.49,15.16,65.7,37.4,0.84,0.475,"wdbkwtdata.inc","FIADB REF_SPECIES to NBEL BM_REF_SPECIES to NVEL wdbkwtdata.inc","2023-10-16","38548071d5aa652bb90c7f111f86b427f798a1c9"
8896,1,8,32.45,32.45,0,0,0,32.4,32.4,0,0.475,"wdbkwtdata.inc","FIADB REF_SPECIES to NBEL BM_REF_SPECIES to NVEL wdbkwtdata.inc","2023-10-16","38548071d5aa652bb90c7f111f86b427f798a1c9"
8897,1,8,32.45,32.45,75.13,80.49,15.16,65.7,37.4,0.84,0.475,"wdbkwtdata.inc","FIADB REF_SPECIES to NBEL BM_REF_SPECIES to NVEL wdbkwtdata.inc","2023-10-16","38548071d5aa652bb90c7f111f86b427f798a1c9"
8898,1,8,32.45,32.45,0,0,0,32.4,32.4,0,0.475,"wdbkwtdata.inc","FIADB REF_SPECIES to NBEL BM_REF_SPECIES to NVEL wdbkwtdata.inc","2023-10-16","38548071d5aa652bb90c7f111f86b427f798a1c9"
8899,1,8,32.45,32.45,75.13,80.49,15.16,65.7,37.4,0.84,0.475,"wdbkwtdata.inc","FIADB REF_SPECIES to NBEL BM_REF_SPECIES to NVEL wdbkwtdata.inc","2023-10-16","38548071d5aa652bb90c7f111f86b427f798a1c9"
8900,1,8,32.45,32.45,0,0,0,32.4,32.4,0,0.475,"wdbkwtdata.inc","FIADB REF_SPECIES to NBEL BM_REF_SPECIES to NVEL wdbkwtdata.inc","2023-10-16","38548071d5aa652bb90c7f111f86b427f798a1c9"
8901,1,8,32.45,33.07,75.13,80.49,15.16,65.9,37.5,0.84,0.475,"wdbkwtdata.inc","FIADB REF_SPECIES to NBEL BM_REF_SPECIES to NVEL wdbkwtdata.inc","2023-10-16","38548071d5aa652bb90c7f111f86b427f798a1c9"
8902,1,8,0,0,0,0,0,0,0,0,0.473,"wdbkwtdata.inc","FIADB REF_SPECIES to NBEL BM_REF_SPECIES to NVEL wdbkwtdata.inc","2023-10-16","38548071d5aa652bb90c7f111f86b427f798a1c9"
8903,1,8,32.77,32.77,75.13,80.49,15.16,66.4,37.7,0.84,0.475,"wdbkwtdata.inc","FIADB REF_SPECIES to NBEL BM_REF_SPECIES to NVEL wdbkwtdata.inc","2023-10-16","38548071d5aa652bb90c7f111f86b427f798a1c9"
8904,1,8,38.15,38.15,0,0,0,38.1,38.1,0,0.488,"wdbkwtdata.inc","FIADB REF_SPECIES to NBEL BM_REF_SPECIES to NVEL wdbkwtdata.inc","2023-10-16","38548071d5aa652bb90c7f111f86b427f798a1c9"
8905,1,8,34.73,34.73,0,0,0,34.7,34.7,0,0.474,"wdbkwtdata.inc","FIADB REF_SPECIES to NBEL BM_REF_SPECIES to NVEL wdbkwtdata.inc","2023-10-16","38548071d5aa652bb90c7f111f86b427f798a1c9"
8906,1,8,32.45,33.07,75.13,80.49,15.16,65.9,37.5,0.84,0.475,"wdbkwtdata.inc","FIADB REF_SPECIES to NBEL BM_REF_SPECIES to NVEL wdbkwtdata.inc","2023-10-16","38548071d5aa652bb90c7f111f86b427f798a1c9"
8907,1,8,37,37,0,0,0,37,37,0,0.472,"wdbkwtdata.inc","FIADB REF_SPECIES to NBEL BM_REF_SPECIES to NVEL wdbkwtdata.inc","2023-10-16","38548071d5aa652bb90c7f111f86b427f798a1c9"
8908,1,8,37,37,75.13,80.49,15.16,74.9,42.6,0.84,0.472,"wdbkwtdata.inc","FIADB REF_SPECIES to NBEL BM_REF_SPECIES to NVEL wdbkwtdata.inc","2023-10-16","38548071d5aa652bb90c7f111f86b427f798a1c9"
8909,1,8,37,37,75.13,80.49,15.16,74.9,42.6,0.84,0.472,"wdbkwtdata.inc","FIADB REF_SPECIES to NBEL BM_REF_SPECIES to NVEL wdbkwtdata.inc","2023-10-16","38548071d5aa652bb90c7f111f86b427f798a1c9"
8910,1,8,32.45,33.07,75.13,80.49,15.16,65.9,37.5,0.84,0.475,"wdbkwtdata.inc","FIADB REF_SPECIES to NBEL BM_REF_SPECIES to NVEL wdbkwtdata.inc","2023-10-16","38548071d5aa652bb90c7f111f86b427f798a1c9"
8911,1,8,37,37,0,0,0,37,37,0,0.472,"wdbkwtdata.inc","FIADB REF_SPECIES to NBEL BM_REF_SPECIES to NVEL wdbkwtdata.inc","2023-10-16","38548071d5aa652bb90c7f111f86b427f798a1c9"
8912,1,8,32.45,33.07,75.13,80.49,15.16,65.9,37.5,0.84,0.475,"wdbkwtdata.inc","FIADB REF_SPECIES to NBEL BM_REF_SPECIES to NVEL wdbkwtdata.inc","2023-10-16","38548071d5aa652bb90c7f111f86b427f798a1c9"
8913,1,8,32.45,33.07,75.13,80.49,15.16,65.9,37.5,0.84,0.475,"wdbkwtdata.inc","FIADB REF_SPECIES to NBEL BM_REF_SPECIES to NVEL wdbkwtdata.inc","2023-10-16","38548071d5aa652bb90c7f111f86b427f798a1c9"
8914,1,8,0,0,0,0,0,0,0,0,0.457,"wdbkwtdata.inc","FIADB REF_SPECIES to NBEL BM_REF_SPECIES to NVEL wdbkwtdata.inc","2023-10-16","38548071d5aa652bb90c7f111f86b427f798a1c9"
8915,1,8,37,37,0,0,0,37,37,0,0.472,"wdbkwtdata.inc","FIADB REF_SPECIES to NBEL BM_REF_SPECIES to NVEL wdbkwtdata.inc","2023-10-16","38548071d5aa652bb90c7f111f86b427f798a1c9"
8916,1,8,32.45,33.07,75.13,80.49,15.16,65.9,37.5,0.84,0.475,"wdbkwtdata.inc","FIADB REF_SPECIES to NBEL BM_REF_SPECIES to NVEL wdbkwtdata.inc","2023-10-16","38548071d5aa652bb90c7f111f86b427f798a1c9"
8917,1,8,0,0,0,0,0,0,0,0,0.475,"wdbkwtdata.inc","FIADB REF_SPECIES to NBEL BM_REF_SPECIES to NVEL wdbkwtdata.inc","2023-10-16","38548071d5aa652bb90c7f111f86b427f798a1c9"
8918,1,8,32.45,33.07,75.13,80.49,15.16,65.9,37.5,0.84,0.475,"wdbkwtdata.inc","FIADB REF_SPECIES to NBEL BM_REF_SPECIES to NVEL wdbkwtdata.inc","2023-10-16","38548071d5aa652bb90c7f111f86b427f798a1c9"
8919,1,8,32.45,33.07,75.13,80.49,15.16,65.9,37.5,0.84,0.475,"wdbkwtdata.inc","FIADB REF_SPECIES to NBEL BM_REF_SPECIES to NVEL wdbkwtdata.inc","2023-10-16","38548071d5aa652bb90c7f111f86b427f798a1c9"
8923,1,8,32.45,33.07,75.13,80.49,15.16,65.9,37.5,0.84,0.475,"wdbkwtdata.inc","FIADB REF_SPECIES to NBEL BM_REF_SPECIES to NVEL wdbkwtdata.inc","2023-10-16","38548071d5aa652bb90c7f111f86b427f798a1c9"
8924,1,8,32.45,33.07,75.13,80.49,15.16,65.9,37.5,0.84,0.475,"wdbkwtdata.inc","FIADB REF_SPECIES to NBEL BM_REF_SPECIES to NVEL wdbkwtdata.inc","2023-10-16","38548071d5aa652bb90c7f111f86b427f798a1c9"
8925,1,8,37.44,37.44,0,0,0,37.4,37.4,0,0.472,"wdbkwtdata.inc","FIADB REF_SPECIES to NBEL BM_REF_SPECIES to NVEL wdbkwtdata.inc","2023-10-16","38548071d5aa652bb90c7f111f86b427f798a1c9"
8928,1,8,32.45,33.07,75.13,80.49,15.16,65.9,37.5,0.84,0.475,"wdbkwtdata.inc","FIADB REF_SPECIES to NBEL BM_REF_SPECIES to NVEL wdbkwtdata.inc","2023-10-16","38548071d5aa652bb90c7f111f86b427f798a1c9"
8929,1,8,37.44,37.44,0,0,0,37.4,37.4,0,0.472,"wdbkwtdata.inc","FIADB REF_SPECIES to NBEL BM_REF_SPECIES to NVEL wdbkwtdata.inc","2023-10-16","38548071d5aa652bb90c7f111f86b427f798a1c9"
8930,1,8,37.44,37.44,0,0,0,37.4,37.4,0,0.472,"wdbkwtdata.inc","FIADB REF_SPECIES to NBEL BM_REF_SPECIES to NVEL wdbkwtdata.inc","2023-10-16","38548071d5aa652bb90c7f111f86b427f798a1c9"
8931,1,8,32.45,33.07,75.13,80.49,15.16,65.9,37.5,0.84,0.475,"wdbkwtdata.inc","FIADB REF_SPECIES to NBEL BM_REF_SPECIES to NVEL wdbkwtdata.inc","2023-10-16","38548071d5aa652bb90c7f111f86b427f798a1c9"
8932,1,8,32.45,33.07,75.13,80.49,15.16,65.9,37.5,0.84,0.475,"wdbkwtdata.inc","FIADB REF_SPECIES to NBEL BM_REF_SPECIES to NVEL wdbkwtdata.inc","2023-10-16","38548071d5aa652bb90c7f111f86b427f798a1c9"
8933,1,8,37.44,37.44,0,0,0,37.4,37.4,0,0.472,"wdbkwtdata.inc","FIADB REF_SPECIES to NBEL BM_REF_SPECIES to NVEL wdbkwtdata.inc","2023-10-16","38548071d5aa652bb90c7f111f86b427f798a1c9"
8934,1,8,32.45,33.07,75.13,80.49,15.16,65.9,37.5,0.84,0.475,"wdbkwtdata.inc","FIADB REF_SPECIES to NBEL BM_REF_SPECIES to NVEL wdbkwtdata.inc","2023-10-16","38548071d5aa652bb90c7f111f86b427f798a1c9"
8935,1,8,32.45,33.07,75.13,80.49,15.16,65.9,37.5,0.84,0.475,"wdbkwtdata.inc","FIADB REF_SPECIES to NBEL BM_REF_SPECIES to NVEL wdbkwtdata.inc","2023-10-16","38548071d5aa652bb90c7f111f86b427f798a1c9"
8936,1,8,37.44,37.44,0,0,0,37.4,37.4,0,0.472,"wdbkwtdata.inc","FIADB REF_SPECIES to NBEL BM_REF_SPECIES to NVEL wdbkwtdata.inc","2023-10-16","38548071d5aa652bb90c7f111f86b427f798a1c9"
8937,1,8,32.45,33.07,75.13,80.49,15.16,65.9,37.5,0.84,0.475,"wdbkwtdata.inc","FIADB REF_SPECIES to NBEL BM_REF_SPECIES to NVEL wdbkwtdata.inc","2023-10-16","38548071d5aa652bb90c7f111f86b427f798a1c9"
8938,1,8,32.45,33.07,75.13,80.49,15.16,65.9,37.5,0.84,0.475,"wdbkwtdata.inc","FIADB REF_SPECIES to NBEL BM_REF_SPECIES to NVEL wdbkwtdata.inc","2023-10-16","38548071d5aa652bb90c7f111f86b427f798a1c9"
8939,1,8,32.45,33.07,75.13,80.49,15.16,65.9,37.5,0.84,0.475,"wdbkwtdata.inc","FIADB REF_SPECIES to NBEL BM_REF_SPECIES to NVEL wdbkwtdata.inc","2023-10-16","38548071d5aa652bb90c7f111f86b427f798a1c9"
8940,1,8,32.45,33.07,75.13,80.49,15.16,65.9,37.5,0.84,0.475,"wdbkwtdata.inc","FIADB REF_SPECIES to NBEL BM_REF_SPECIES to NVEL wdbkwtdata.inc","2023-10-16","38548071d5aa652bb90c7f111f86b427f798a1c9"
8941,1,8,32.45,33.07,75.13,80.49,15.16,65.9,37.5,0.84,0.475,"wdbkwtdata.inc","FIADB REF_SPECIES to NBEL BM_REF_SPECIES to NVEL wdbkwtdata.inc","2023-10-16","38548071d5aa652bb90c7f111f86b427f798a1c9"
8942,1,8,32.45,33.07,75.13,80.49,15.16,65.9,37.5,0.84,0.474,"wdbkwtdata.inc","FIADB REF_SPECIES to NBEL BM_REF_SPECIES to NVEL wdbkwtdata.inc","2023-10-16","38548071d5aa652bb90c7f111f86b427f798a1c9"
8943,1,8,32.45,33.07,75.13,80.49,15.16,65.9,37.5,0.84,0.475,"wdbkwtdata.inc","FIADB REF_SPECIES to NBEL BM_REF_SPECIES to NVEL wdbkwtdata.inc","2023-10-16","38548071d5aa652bb90c7f111f86b427f798a1c9"
8944,1,8,34.32,34.94,0,0,15.16,39.6,39.6,0.84,0.438,"wdbkwtdata.inc","FIADB REF_SPECIES to NBEL BM_REF_SPECIES to NVEL wdbkwtdata.inc","2023-10-16","38548071d5aa652bb90c7f111f86b427f798a1c9"
8947,1,8,0,0,0,0,0,0,0,0,0.475,"wdbkwtdata.inc","FIADB REF_SPECIES to NBEL BM_REF_SPECIES to NVEL wdbkwtdata.inc","2023-10-16","38548071d5aa652bb90c7f111f86b427f798a1c9"
