"state","county","division","mountain","province","section","subregion_code","predominant_area_percent","source_page"
1,1,231,1,231,2,123102,95.7,21
1,3,232,1,232,2,123202,100,21
1,5,231,1,231,2,123102,100,21
1,7,231,1,231,2,123102,82.2,21
1,9,231,1,231,3,123103,100,21
1,11,231,1,231,2,123102,100,21
1,13,231,1,231,2,123102,92.7,21
1,15,231,1,231,4,123104,99.4,21
1,17,231,1,231,1,123101,100,21
1,19,231,1,231,3,123103,64.7,21
1,21,231,1,231,2,123102,47.7,21
1,23,231,1,231,2,123102,97.9,21
1,25,231,1,231,2,123102,67.9,21
1,27,231,1,231,4,123104,64.3,21
1,29,231,1,231,4,123104,86.8,21
1,31,232,1,232,2,123202,67,21
1,33,231,1,231,2,123102,51.1,21
1,35,232,1,232,2,123202,89.9,21
1,37,231,1,231,4,123104,50.5,21
1,39,232,1,232,2,123202,99.7,21
1,41,231,1,231,2,123102,94,21
1,43,231,1,231,3,123103,100,21
1,45,231,1,231,2,123102,51.3,21
1,47,231,1,231,2,123102,100,21
1,49,231,1,231,3,123103,98.5,21
1,51,231,1,231,2,123102,55.4,21
1,53,232,1,232,2,123202,100,21
1,55,231,1,231,3,123103,95.7,21
1,57,231,1,231,2,123102,88.8,21
1,59,231,1,231,2,123102,67.9,21
1,61,232,1,232,2,123202,100,21
1,63,231,1,231,2,123102,100,21
1,65,231,1,231,2,123102,100,21
1,67,231,1,231,2,123102,66.7,21
1,69,232,1,232,2,123202,100,21
1,71,221,1,221,8,122108,59.4,21
1,73,231,1,231,3,123103,94.8,21
1,75,231,1,231,2,123102,100,21
1,77,222,1,222,5,122205,52.4,21
1,79,222,1,222,5,122205,53.1,21
1,81,231,1,231,1,123101,100,21
1,83,222,1,222,5,122205,100,21
1,85,231,1,231,2,123102,100,22
1,87,231,1,231,2,123102,81.5,22
1,89,222,1,222,5,122205,97.3,22
1,91,231,1,231,2,123102,100,22
1,93,231,1,231,2,123102,98.1,22
1,95,231,1,231,3,123103,94.2,22
1,97,232,1,232,2,123202,100,22
1,99,232,1,232,2,123202,52.3,22
1,101,231,1,231,2,123102,100,22
1,103,231,1,231,3,123103,66.8,22
1,105,231,1,231,2,123102,100,22
1,107,231,1,231,2,123102,100,22
1,109,231,1,231,2,123102,100,22
1,111,231,1,231,1,123101,94.7,22
1,113,231,1,231,2,123102,69.6,22
1,115,231,1,231,3,123103,50.9,22
1,117,231,1,231,4,123104,94.5,22
1,119,231,1,231,2,123102,100,22
1,121,231,1,231,4,123104,100,22
1,123,231,1,231,1,123101,97.1,22
1,125,231,1,231,2,123102,79.9,22
1,127,231,1,231,3,123103,92.9,22
1,129,232,1,232,2,123202,99.8,22
1,131,231,1,231,2,123102,100,22
1,133,231,1,231,3,123103,79.5,22
4,1,313,1,313,2,131302,47,22
4,3,321,1,321,1,132101,100,22
4,5,313,1,313,1,131301,33.3,22
4,7,313,1,313,3,131303,63.5,22
4,9,321,1,321,1,132101,51.5,22
4,11,321,1,321,1,132101,50.5,22
4,12,322,1,322,2,132202,99.8,22
4,13,322,1,322,2,132202,86.5,22
4,15,322,1,322,1,132201,43.5,22
4,17,313,1,313,2,131302,43.3,22
4,19,322,1,322,2,132202,90.9,22
4,21,322,1,322,2,132202,94.1,22
4,23,322,1,322,2,132202,51.6,22
4,25,313,1,313,3,131303,77.9,22
4,27,322,1,322,2,132202,85.7,22
5,1,234,1,234,1,123401,100,23
5,3,234,1,234,1,123401,55.6,23
5,7,222,1,222,1,122201,100,23
5,9,222,1,222,1,122201,100,23
5,11,231,1,231,5,123105,100,23
5,13,231,1,231,5,123105,100,23
5,15,222,1,222,1,122201,100,23
5,17,234,1,234,1,123401,100,23
5,19,231,1,231,5,123105,63.5,23
5,21,234,1,234,1,123401,98.1,23
5,23,1222,2,222,1,222201,79.4,23
5,25,231,1,231,5,123105,100,23
5,27,231,1,231,5,123105,100,23
5,29,231,1,231,7,123107,95,23
5,31,234,1,234,1,123401,100,23
5,33,1222,2,222,1,222201,99.9,23
5,35,234,1,234,1,123401,100,23
5,37,234,1,234,1,123401,100,23
5,39,231,1,231,5,123105,100,23
5,41,234,1,234,1,123401,100,23
5,43,231,1,231,5,123105,58.4,23
5,45,231,1,231,7,123107,99.7,23
5,47,1222,2,222,1,222201,74.7,23
5,49,222,1,222,1,122201,100,23
5,51,1231,2,231,1,223101,100,23
5,53,231,1,231,5,123105,99.9,23
5,55,234,1,234,1,123401,100,23
5,57,231,1,231,5,123105,93.3,23
5,59,1231,2,231,1,223101,75.3,23
5,61,1231,2,231,1,223101,51.6,23
5,63,222,1,222,1,122201,65.9,23
5,65,222,1,222,1,122201,100,23
5,67,234,1,234,1,123401,97.1,23
5,69,234,1,234,1,123401,58.7,23
5,71,1222,2,222,1,222201,94,23
5,73,231,1,231,5,123105,51.1,23
5,75,234,1,234,1,123401,56,23
5,77,234,1,234,1,123401,100,23
5,79,234,1,234,1,123401,55.3,23
5,81,231,1,231,5,123105,92.4,23
5,83,231,1,231,7,123107,99.4,23
5,85,234,1,234,1,123401,57.8,23
5,87,1222,2,222,1,222201,56.9,23
5,89,222,1,222,1,122201,100,24
5,91,231,1,231,5,123105,52.3,24
5,93,234,1,234,1,123401,100,24
5,95,234,1,234,1,123401,100,24
5,97,1231,2,231,1,223101,100,24
5,99,231,1,231,5,123105,100,24
5,101,1222,2,222,1,222201,79.8,24
5,103,231,1,231,5,123105,100,24
5,105,231,1,231,7,123107,52.8,24
5,107,234,1,234,1,123401,100,24
5,109,1231,2,231,1,223101,67.3,24
5,111,234,1,234,1,123401,100,24
5,113,1231,2,231,1,223101,100,24
5,115,1222,2,222,1,222201,59.7,24
5,117,234,1,234,1,123401,67.7,24
5,119,1231,2,231,1,223101,38.7,24
5,121,222,1,222,1,122201,81.8,24
5,123,234,1,234,1,123401,100,24
5,125,1231,2,231,1,223101,82.1,24
5,127,231,1,231,7,123107,60.8,24
5,129,222,1,222,1,122201,76.8,24
5,131,231,1,231,7,123107,87.4,24
5,133,231,1,231,5,123105,59.3,24
5,135,222,1,222,1,122201,100,24
5,137,222,1,222,1,122201,97.7,24
5,139,231,1,231,5,123105,100,24
5,141,1222,2,222,1,222201,81.7,24
5,143,222,1,222,1,122201,65.3,24
5,145,231,1,231,7,123107,60.3,24
5,147,234,1,234,1,123401,100,24
5,149,231,1,231,7,123107,70.3,24
6,1,261,1,261,1,126101,62.2,24
6,3,1261,2,261,5,226105,92.3,24
6,5,1261,2,261,6,226106,52.9,24
6,7,1261,2,261,6,226106,43.6,24
6,9,1261,2,261,6,226106,52.8,24
6,11,262,1,262,1,126201,55.7,24
6,13,261,1,261,1,126101,45.4,24
6,15,1261,2,261,1,226101,68.1,24
6,17,1261,2,261,5,226105,77.9,24
6,19,262,1,262,1,126201,40.4,24
6,21,262,1,262,1,126201,50.8,24
6,23,1261,2,261,2,226102,34.9,25
6,25,322,1,322,3,132203,70.2,25
6,27,322,1,322,1,132201,75.6,25
6,29,1261,2,261,6,226106,19.9,25
6,31,262,1,262,1,126201,80.8,25
6,33,1261,2,261,2,226102,81.5,25
6,35,1261,2,261,7,226107,58.2,25
6,37,1262,2,262,2,226202,65.5,25
6,39,1261,2,261,5,226105,34,25
6,41,263,1,263,1,126301,98.4,25
6,43,1261,2,261,5,226105,47.4,25
6,45,1261,2,261,2,226102,60.4,25
6,47,262,1,262,1,126201,73.8,25
6,49,1261,2,261,7,226107,86.1,25
6,51,341,1,341,4,134104,74.4,25
6,53,1262,2,262,1,226201,64.9,25
6,55,1261,2,261,3,226103,46,25
6,57,1261,2,261,5,226105,78.3,25
6,59,261,1,261,2,126102,84.7,25
6,61,1261,2,261,5,226105,69.8,25
6,63,1261,2,261,5,226105,87.4,25
6,65,322,1,322,2,132202,35.2,25
6,67,262,1,262,1,126201,95.6,25
6,69,1262,2,262,1,226201,90.9,25
6,71,322,1,322,1,132201,83.9,25
6,73,1262,2,262,2,226202,76.6,25
6,75,261,1,261,1,126101,100,25
6,77,262,1,262,1,126201,87.9,25
6,79,1262,2,262,1,226201,74.4,25
6,81,261,1,261,1,126101,100,25
6,83,1262,2,262,1,226201,46.9,25
6,85,261,1,261,1,126101,75.3,25
6,87,261,1,261,1,126101,100,25
6,89,1261,2,261,4,226104,33.8,25
6,91,1261,2,261,5,226105,96,25
6,93,1261,2,261,1,226101,52.8,25
6,95,262,1,262,1,126201,82,25
6,97,1261,2,261,2,226102,51.4,25
6,99,262,1,262,1,126201,64.8,25
6,101,262,1,262,1,126201,100,25
6,103,1261,2,261,3,226103,21,25
6,105,1261,2,261,1,226101,82,25
6,107,1261,2,261,5,226105,46.2,25
6,109,1261,2,261,5,226105,78.4,26
6,111,1262,2,262,1,226201,29.5,26
6,113,262,1,262,1,126201,74.9,26
6,115,1261,2,261,6,226106,45.1,26
8,1,331,1,331,8,133108,99,26
8,3,331,1,331,10,133110,91.7,26
8,5,331,1,331,9,133109,67.7,26
8,7,1331,2,331,7,233107,91.6,26
8,9,331,1,331,9,133109,67.4,26
8,11,331,1,331,9,133109,98.2,26
8,13,1331,2,331,9,233109,88,26
8,15,1331,2,331,8,233108,76.1,26
8,17,331,1,331,8,133108,66.4,26
8,19,1331,2,331,9,233109,100,26
8,21,1331,2,331,7,233107,77.2,26
8,23,331,1,331,10,133110,86.9,26
8,25,331,1,331,9,133109,100,26
8,27,1331,2,331,6,233106,100,26
8,29,1331,2,331,8,233108,59.2,26
8,31,331,1,331,8,133108,95.9,26
8,33,1331,2,331,7,233107,66,26
8,35,1331,2,331,9,233109,54.1,26
8,37,1331,2,331,8,233108,88.1,26
8,39,331,1,331,9,133109,99.8,26
8,41,331,1,331,9,133109,79.9,26
8,43,1331,2,331,9,233109,45.2,26
8,45,1341,2,341,2,234102,55.2,26
8,47,1331,2,331,9,233109,100,26
8,49,1331,2,331,9,233109,92.7,26
8,51,1331,2,331,8,233108,68.2,26
8,53,1331,2,331,7,233107,100,26
8,55,1331,2,331,6,233106,59.7,26
8,57,1331,2,331,9,233109,91.5,26
8,59,1331,2,331,9,233109,96,26
8,61,331,1,331,8,133108,75.6,26
8,63,331,1,331,8,133108,62.9,26
8,65,1331,2,331,8,233108,87.7,26
8,67,1331,2,331,7,233107,70.5,26
8,69,1331,2,331,9,233109,88,26
8,77,1331,2,331,7,233107,29.4,26
8,79,1331,2,331,7,233107,100,26
8,81,342,1,342,7,134207,51.5,26
8,83,313,1,313,1,131301,63.7,27
8,85,341,1,341,2,134102,61.1,27
8,87,331,1,331,8,133108,100,27
8,89,331,1,331,9,133109,100,27
8,91,1331,2,331,7,233107,97.2,27
8,93,1331,2,331,9,233109,99.8,27
8,95,331,1,331,3,133103,100,27
8,97,1331,2,331,8,233108,100,27
8,99,331,1,331,9,133109,85.7,27
8,101,331,1,331,9,133109,92.4,27
8,103,1341,2,341,2,234102,70.4,27
8,105,1331,2,331,7,233107,95.4,27
8,107,1331,2,331,8,233108,91.8,27
8,109,1331,2,331,7,233107,75.2,27
8,111,1331,2,331,7,233107,100,27
8,113,1331,2,331,7,233107,54,27
8,115,331,1,331,3,133103,100,27
8,117,1331,2,331,9,233109,100,27
8,119,1331,2,331,9,233109,100,27
8,121,331,1,331,8,133108,95.8,27
8,123,331,1,331,8,133108,100,27
8,125,331,1,331,3,133103,96.6,27
9,1,221,1,221,1,122101,100,27
9,3,221,1,221,1,122101,93.1,27
9,5,221,1,221,1,122101,82.9,27
9,7,221,1,221,1,122101,100,27
9,9,221,1,221,1,122101,100,27
9,11,221,1,221,1,122101,100,27
9,13,221,1,221,1,122101,100,27
9,15,221,1,221,1,122101,100,27
10,1,232,1,232,1,123201,95.7,27
10,3,221,1,221,3,122103,70.2,27
10,5,232,1,232,1,123201,100,27
11,1,231,1,231,1,123101,100,27
12,5,232,1,232,4,123204,96.7,27
12,7,232,1,232,2,123202,100,27
12,9,232,1,232,7,123207,87.3,27
12,11,411,1,411,1,141101,100,27
12,13,232,1,232,4,123204,74.4,27
12,15,232,1,232,4,123204,69.2,28
12,17,232,1,232,2,123202,67.8,28
12,19,232,1,232,2,123202,96.3,28
12,21,411,1,411,1,141101,79.1,28
12,23,232,1,232,2,123202,100,28
12,25,411,1,411,1,141101,100,28
12,27,232,1,232,2,123202,86.1,28
12,29,232,1,232,4,123204,99.9,28
12,31,232,1,232,7,123207,89.4,28
12,33,232,1,232,2,123202,58.4,28
12,35,232,1,232,7,123207,77.9,28
12,37,232,1,232,4,123204,100,28
12,39,232,1,232,2,123202,93.9,28
12,41,232,1,232,2,123202,93.7,28
12,43,232,1,232,2,123202,84.4,28
12,45,232,1,232,4,123204,100,28
12,47,232,1,232,2,123202,100,28
12,49,232,1,232,2,123202,100,28
12,51,232,1,232,2,123202,60.4,28
12,53,232,1,232,2,123202,63.7,28
12,55,232,1,232,2,123202,100,28
12,57,232,1,232,2,123202,55.2,28
12,59,232,1,232,2,123202,100,28
12,61,232,1,232,7,123207,67.9,28
12,63,232,1,232,2,123202,100,28
12,65,232,1,232,2,123202,66.6,28
12,67,232,1,232,4,123204,93.3,28
12,69,232,1,232,2,123202,100,28
12,71,232,1,232,4,123204,98.6,28
12,73,232,1,232,2,123202,59.1,28
12,75,232,1,232,2,123202,53.3,28
12,77,232,1,232,4,123204,93.3,28
12,79,232,1,232,2,123202,91.4,28
12,81,232,1,232,4,123204,75.9,28
12,83,232,1,232,2,123202,100,28
12,85,232,1,232,7,123207,63.5,28
12,87,411,1,411,1,141101,100,28
12,89,232,1,232,7,123207,97.3,28
12,91,232,1,232,2,123202,74.3,28
12,93,232,1,232,2,123202,88.5,28
12,95,232,1,232,2,123202,94,28
12,97,232,1,232,2,123202,99.4,28
12,99,411,1,411,1,141101,77.4,28
12,101,232,1,232,2,123202,53.6,29
12,103,232,1,232,4,123204,100,29
12,105,232,1,232,2,123202,100,29
12,107,232,1,232,2,123202,100,29
12,109,232,1,232,7,123207,87.8,29
12,111,232,1,232,7,123207,87.6,29
12,113,232,1,232,2,123202,63.9,29
12,115,232,1,232,4,123204,100,29
12,117,232,1,232,2,123202,90.9,29
12,119,232,1,232,2,123202,100,29
12,121,232,1,232,2,123202,91.5,29
12,123,232,1,232,4,123204,100,29
12,125,232,1,232,2,123202,100,29
12,127,232,1,232,7,123207,59,29
12,129,232,1,232,4,123204,100,29
12,131,232,1,232,2,123202,70.7,29
12,133,232,1,232,2,123202,76,29
13,1,232,1,232,2,123202,86.6,29
13,3,232,1,232,2,123202,100,29
13,5,232,1,232,2,123202,100,29
13,7,232,1,232,2,123202,100,29
13,9,231,1,231,1,123101,100,29
13,11,231,1,231,1,123101,100,29
13,13,231,1,231,1,123101,100,29
13,15,231,1,231,4,123104,92,29
13,17,232,1,232,2,123202,100,29
13,19,232,1,232,2,123202,100,29
13,21,231,1,231,1,123101,100,29
13,23,231,1,231,1,123101,67.1,29
13,25,232,1,232,3,123203,95.8,29
13,27,232,1,232,2,123202,100,29
13,29,232,1,232,3,123203,100,29
13,31,232,1,232,2,123202,74,29
13,33,232,1,232,2,123202,66.8,29
13,35,231,1,231,1,123101,100,29
13,37,232,1,232,2,123202,100,29
13,39,232,1,232,7,123207,66.7,29
13,43,232,1,232,2,123202,100,29
13,45,231,1,231,1,123101,100,29
13,47,231,1,231,3,123103,49.7,29
13,49,232,1,232,7,123207,56.8,29
13,51,232,1,232,3,123203,100,29
13,53,231,1,231,1,123101,66.2,30
13,55,231,1,231,3,123103,86,30
13,57,1221,2,221,4,222104,99.9,30
13,59,231,1,231,1,123101,100,30
13,61,231,1,231,2,123102,73.2,30
13,63,231,1,231,1,123101,100,30
13,65,232,1,232,2,123202,100,30
13,67,231,1,231,1,123101,95.6,30
13,69,232,1,232,2,123202,100,30
13,71,232,1,232,2,123202,100,30
13,73,231,1,231,1,123101,100,30
13,75,232,1,232,2,123202,100,30
13,77,231,1,231,1,123101,100,30
13,79,231,1,231,1,123101,100,30
13,81,232,1,232,2,123202,100,30
13,83,221,1,221,8,122108,63.5,30
13,85,1221,2,221,4,222104,98.4,30
13,87,232,1,232,2,123202,100,30
13,89,231,1,231,1,123101,100,30
13,91,232,1,232,2,123202,100,30
13,93,232,1,232,2,123202,88.8,30
13,95,232,1,232,2,123202,100,30
13,97,231,1,231,1,123101,100,30
13,99,232,1,232,2,123202,100,30
13,101,232,1,232,2,123202,100,30
13,103,232,1,232,3,123203,95.2,30
13,105,231,1,231,1,123101,100,30
13,107,232,1,232,2,123202,100,30
13,109,232,1,232,2,123202,77.4,30
13,111,1221,2,221,4,222104,100,30
13,113,231,1,231,1,123101,100,30
13,115,231,1,231,4,123104,95.8,30
13,117,231,1,231,1,123101,72.6,30
13,119,231,1,231,1,123101,100,30
13,121,231,1,231,1,123101,96.4,30
13,123,1221,2,221,4,222104,100,30
13,125,231,1,231,1,123101,100,30
13,127,232,1,232,3,123203,100,30
13,129,231,1,231,4,123104,95.8,30
13,131,232,1,232,2,123202,100,30
13,133,231,1,231,1,123101,100,30
13,135,231,1,231,1,123101,100,30
13,137,1221,2,221,4,222104,92.1,30
13,139,231,1,231,1,123101,87,31
13,141,231,1,231,1,123101,100,31
13,143,231,1,231,4,123104,74.5,31
13,145,231,1,231,1,123101,100,31
13,147,231,1,231,1,123101,100,31
13,149,231,1,231,1,123101,100,31
13,151,231,1,231,1,123101,100,31
13,153,231,1,231,1,123101,96.6,31
13,155,232,1,232,2,123202,100,31
13,157,231,1,231,1,123101,100,31
13,159,231,1,231,1,123101,100,31
13,161,232,1,232,2,123202,100,31
13,163,231,1,231,1,123101,81.2,31
13,165,232,1,232,2,123202,100,31
13,167,232,1,232,2,123202,69.5,31
13,169,231,1,231,1,123101,100,31
13,171,231,1,231,1,123101,100,31
13,173,232,1,232,2,123202,100,31
13,175,232,1,232,2,123202,74.5,31
13,177,232,1,232,2,123202,100,31
13,179,232,1,232,3,123203,100,31
13,181,231,1,231,1,123101,100,31
13,183,232,1,232,3,123203,100,31
13,185,232,1,232,2,123202,100,31
13,187,1221,2,221,4,222104,100,31
13,189,231,1,231,1,123101,100,31
13,191,232,1,232,3,123203,100,31
13,193,231,1,231,1,123101,87.8,31
13,195,231,1,231,1,123101,100,31
13,197,231,1,231,1,123101,68.8,31
13,199,231,1,231,1,123101,100,31
13,201,232,1,232,2,123202,100,31
13,205,232,1,232,2,123202,100,31
13,207,231,1,231,1,123101,100,31
13,209,232,1,232,2,123202,100,31
13,211,231,1,231,1,123101,100,31
13,213,231,1,231,4,123104,74.2,31
13,215,231,1,231,1,123101,100,31
13,217,231,1,231,1,123101,100,31
13,219,231,1,231,1,123101,100,31
13,221,231,1,231,1,123101,100,31
13,223,231,1,231,1,123101,54.5,31
13,225,231,1,231,1,123101,100,31
13,227,1221,2,221,4,222104,100,32
13,229,232,1,232,2,123202,52.6,32
13,231,231,1,231,1,123101,100,32
13,233,231,1,231,4,123104,100,32
13,235,232,1,232,2,123202,94.1,32
13,237,231,1,231,1,123101,100,32
13,239,231,1,231,2,123102,100,32
13,241,1221,2,221,4,222104,100,32
13,243,231,1,231,2,123102,84.1,32
13,245,231,1,231,1,123101,100,32
13,247,231,1,231,1,123101,100,32
13,249,231,1,231,2,123102,57.8,32
13,251,232,1,232,2,123202,100,32
13,253,232,1,232,2,123202,100,32
13,255,231,1,231,1,123101,100,32
13,257,1221,2,221,4,222104,58.1,32
13,259,231,1,231,2,123102,100,32
13,261,231,1,231,2,123102,56.9,32
13,263,231,1,231,1,123101,100,32
13,265,231,1,231,1,123101,100,32
13,267,232,1,232,2,123202,78.2,32
13,269,231,1,231,1,123101,100,32
13,271,232,1,232,2,123202,100,32
13,273,232,1,232,2,123202,69.8,32
13,275,232,1,232,2,123202,100,32
13,277,232,1,232,2,123202,100,32
13,279,232,1,232,2,123202,100,32
13,281,1221,2,221,4,222104,100,32
13,283,232,1,232,2,123202,100,32
13,285,231,1,231,1,123101,100,32
13,287,232,1,232,2,123202,100,32
13,289,231,1,231,1,123101,100,32
13,291,1221,2,221,4,222104,100,32
13,293,231,1,231,1,123101,100,32
13,295,231,1,231,3,123103,77.4,32
13,297,231,1,231,1,123101,100,32
13,299,232,1,232,2,123202,96.6,32
13,301,231,1,231,1,123101,100,32
13,303,231,1,231,1,123101,99.8,32
13,305,232,1,232,3,123203,100,32
13,307,231,1,231,2,123102,100,32
13,309,232,1,232,2,123202,100,32
13,311,1221,2,221,4,222104,100,32
13,313,231,1,231,4,123104,81.8,33
13,315,232,1,232,2,123202,100,33
13,317,231,1,231,1,123101,100,33
13,319,231,1,231,1,123101,100,33
13,321,232,1,232,2,123202,100,33
16,1,342,1,342,3,134203,100,33
16,3,1332,2,332,7,233207,36.3,33
16,5,342,1,342,2,134202,77.5,33
16,7,1331,2,331,4,233104,68.9,33
16,9,1333,2,333,4,233304,80.5,33
16,11,342,1,342,4,134204,71.6,33
16,13,1332,2,332,6,233206,46.7,33
16,15,1332,2,332,1,233201,93.7,33
16,17,1333,2,333,1,233301,72.4,33
16,19,1331,2,331,4,233104,50.5,33
16,21,1333,2,333,1,233301,77.1,33
16,23,1332,2,332,5,233205,50.7,33
16,25,1332,2,332,1,233201,41.4,33
16,27,342,1,342,3,134203,100,33
16,29,1331,2,331,4,233104,74.5,33
16,31,342,1,342,2,134202,94.4,33
16,33,1332,2,332,5,233205,74.9,33
16,35,1333,2,333,4,233304,90.5,33
16,37,1332,2,332,6,233206,71.1,33
16,39,342,1,342,3,134203,58.9,33
16,41,1331,2,331,4,233104,74.1,33
16,43,342,1,342,4,134204,68.2,33
16,45,342,1,342,3,134203,89.9,33
16,47,342,1,342,3,134203,78.8,33
16,49,1332,2,332,1,233201,69.8,33
16,51,342,1,342,4,134204,93,33
16,53,342,1,342,4,134204,57.8,33
16,55,1333,2,333,4,233304,61.8,33
16,57,331,1,331,1,133101,60.6,33
16,59,1332,2,332,5,233205,62.5,33
16,61,331,1,331,1,133101,100,33
16,63,342,1,342,4,134204,97.2,33
16,65,342,1,342,4,134204,65.2,33
16,67,342,1,342,4,134204,90,33
16,69,331,1,331,1,133101,91,33
16,71,342,1,342,2,134202,100,33
16,73,342,1,342,3,134203,97.3,33
16,75,342,1,342,3,134203,100,34
16,77,342,1,342,2,134202,66.2,34
16,79,1333,2,333,4,233304,100,34
16,81,1331,2,331,4,233104,56.6,34
16,83,342,1,342,3,134203,55,34
16,85,1332,2,332,1,233201,94.9,34
16,87,342,1,342,3,134203,90.5,34
17,1,251,1,251,4,125104,68.7,34
17,3,222,1,222,1,122201,43,34
17,5,222,1,222,7,122207,100,34
17,7,222,1,222,11,122211,100,34
17,9,251,1,251,4,125104,100,34
17,11,251,1,251,4,125104,100,34
17,13,251,1,251,3,125103,94.7,34
17,15,251,1,251,4,125104,75.1,34
17,17,251,1,251,4,125104,100,34
17,19,251,1,251,4,125104,100,34
17,21,251,1,251,4,125104,95.8,34
17,23,222,1,222,7,122207,100,34
17,25,222,1,222,7,122207,100,34
17,27,222,1,222,7,122207,100,34
17,29,251,1,251,4,125104,79.9,34
17,31,222,1,222,11,122211,100,34
17,33,222,1,222,7,122207,100,34
17,35,222,1,222,7,122207,99.3,34
17,37,251,1,251,4,125104,61.6,34
17,39,251,1,251,4,125104,100,34
17,41,251,1,251,4,125104,100,34
17,43,222,1,222,11,122211,100,34
17,45,251,1,251,4,125104,75.3,34
17,47,222,1,222,7,122207,100,34
17,49,222,1,222,7,122207,100,34
17,51,222,1,222,7,122207,100,34
17,53,251,1,251,4,125104,100,34
17,55,222,1,222,7,122207,100,34
17,57,251,1,251,4,125104,100,34
17,59,222,1,222,4,122204,81.2,34
17,61,251,1,251,4,125104,98.6,34
17,63,251,1,251,4,125104,100,34
17,65,222,1,222,7,122207,100,34
17,67,251,1,251,4,125104,63,34
17,69,222,1,222,4,122204,100,34
17,71,251,1,251,3,125103,51,35
17,73,251,1,251,4,125104,100,35
17,75,251,1,251,4,125104,100,35
17,77,222,1,222,4,122204,50.4,35
17,79,222,1,222,7,122207,100,35
17,81,222,1,222,7,122207,100,35
17,83,251,1,251,4,125104,84.1,35
17,85,222,1,222,12,122212,95.7,35
17,87,222,1,222,4,122204,72.8,35
17,89,222,1,222,11,122211,91.4,35
17,91,251,1,251,4,125104,99,35
17,93,251,1,251,4,125104,93.3,35
17,95,251,1,251,4,125104,100,35
17,97,222,1,222,11,122211,100,35
17,99,251,1,251,4,125104,100,35
17,101,222,1,222,7,122207,100,35
17,103,251,1,251,4,125104,100,35
17,105,251,1,251,4,125104,100,35
17,107,251,1,251,4,125104,100,35
17,109,251,1,251,4,125104,100,35
17,111,222,1,222,11,122211,100,35
17,113,251,1,251,4,125104,100,35
17,115,251,1,251,4,125104,100,35
17,117,251,1,251,4,125104,85.7,35
17,119,222,1,222,7,122207,77.7,35
17,121,222,1,222,7,122207,100,35
17,123,251,1,251,4,125104,100,35
17,125,251,1,251,4,125104,100,35
17,127,222,1,222,3,122203,100,35
17,129,251,1,251,4,125104,100,35
17,131,251,1,251,4,125104,73.6,35
17,133,222,1,222,1,122201,79.6,35
17,135,222,1,222,7,122207,68.4,35
17,137,251,1,251,4,125104,100,35
17,139,251,1,251,4,125104,100,35
17,141,251,1,251,4,125104,97.5,35
17,143,251,1,251,4,125104,100,35
17,145,222,1,222,7,122207,98.6,35
17,147,251,1,251,4,125104,100,35
17,149,251,1,251,4,125104,59.6,35
17,151,222,1,222,4,122204,72.9,35
17,153,222,1,222,3,122203,77.3,35
17,155,251,1,251,4,125104,100,35
17,157,222,1,222,1,122201,68.2,36
17,159,222,1,222,7,122207,100,36
17,161,251,1,251,3,125103,61.2,36
17,163,222,1,222,7,122207,89,36
17,165,222,1,222,4,122204,55.7,36
17,167,251,1,251,4,125104,100,36
17,169,251,1,251,4,125104,100,36
17,171,251,1,251,4,125104,100,36
17,173,222,1,222,7,122207,58.8,36
17,175,251,1,251,4,125104,100,36
17,177,251,1,251,4,125104,90.5,36
17,179,251,1,251,4,125104,100,36
17,181,222,1,222,4,122204,54.9,36
17,183,251,1,251,4,125104,88.4,36
17,185,222,1,222,7,122207,100,36
17,187,251,1,251,4,125104,100,36
17,189,222,1,222,7,122207,100,36
17,191,222,1,222,7,122207,100,36
17,193,222,1,222,7,122207,98.9,36
17,195,251,1,251,4,125104,90.5,36
17,197,222,1,222,11,122211,51.2,36
17,199,222,1,222,4,122204,63.7,36
17,201,251,1,251,4,125104,61.7,36
17,203,251,1,251,4,125104,100,36
18,1,222,1,222,8,122208,98.5,36
18,3,222,1,222,8,122208,72.3,36
18,5,222,1,222,6,122206,100,36
18,7,251,1,251,4,125104,100,36
18,9,222,1,222,8,122208,100,36
18,11,222,1,222,8,122208,100,36
18,13,222,1,222,5,122205,79.1,36
18,15,222,1,222,8,122208,86.4,36
18,17,222,1,222,10,122210,83.3,36
18,19,222,1,222,6,122206,88.2,36
18,21,222,1,222,7,122207,95.7,36
18,23,222,1,222,8,122208,100,36
18,25,222,1,222,4,122204,99.6,36
18,27,222,1,222,7,122207,63.2,36
18,29,222,1,222,6,122206,91.3,36
18,31,222,1,222,6,122206,100,36
18,33,222,1,222,10,122210,51.3,36
18,35,222,1,222,8,122208,100,36
18,37,222,1,222,4,122204,100,37
18,39,222,1,222,10,122210,100,37
18,41,222,1,222,6,122206,85.5,37
18,43,222,1,222,5,122205,82.1,37
18,45,222,1,222,8,122208,98.9,37
18,47,222,1,222,6,122206,75.4,37
18,49,222,1,222,10,122210,100,37
18,51,222,1,222,7,122207,65.7,37
18,53,222,1,222,8,122208,100,37
18,55,222,1,222,7,122207,52.5,37
18,57,222,1,222,8,122208,100,37
18,59,222,1,222,8,122208,100,37
18,61,222,1,222,5,122205,79.4,37
18,63,222,1,222,8,122208,100,37
18,65,222,1,222,8,122208,100,37
18,67,222,1,222,8,122208,100,37
18,69,222,1,222,8,122208,95.1,37
18,71,222,1,222,6,122206,61.4,37
18,73,251,1,251,4,125104,100,37
18,75,222,1,222,8,122208,100,37
18,77,222,1,222,6,122206,100,37
18,79,222,1,222,6,122206,100,37
18,81,222,1,222,8,122208,72.6,37
18,83,222,1,222,7,122207,100,37
18,85,222,1,222,10,122210,100,37
18,87,222,1,222,10,122210,100,37
18,89,222,1,222,11,122211,85.8,37
18,91,251,1,251,4,125104,53.5,37
18,93,222,1,222,5,122205,90,37
18,95,222,1,222,8,122208,100,37
18,97,222,1,222,8,122208,100,37
18,99,222,1,222,10,122210,95.4,37
18,101,222,1,222,4,122204,100,37
18,103,222,1,222,10,122210,53.6,37
18,105,222,1,222,5,122205,98.9,37
18,107,222,1,222,8,122208,100,37
18,109,222,1,222,8,122208,51.4,37
18,111,251,1,251,4,125104,100,37
18,113,222,1,222,10,122210,100,37
18,115,222,1,222,6,122206,100,37
18,117,222,1,222,4,122204,82.9,37
18,119,222,1,222,4,122204,69.8,37
18,121,222,1,222,8,122208,91.9,38
18,123,222,1,222,4,122204,100,38
18,125,222,1,222,4,122204,73.7,38
18,127,222,1,222,11,122211,74.9,38
18,129,222,1,222,4,122204,63,38
18,131,251,1,251,4,125104,96.5,38
18,133,222,1,222,8,122208,91.5,38
18,135,222,1,222,8,122208,100,38
18,137,222,1,222,6,122206,100,38
18,139,222,1,222,6,122206,56.4,38
18,141,222,1,222,10,122210,78.5,38
18,143,222,1,222,6,122206,100,38
18,145,222,1,222,8,122208,50.5,38
18,147,222,1,222,4,122204,100,38
18,149,251,1,251,4,125104,98.5,38
18,151,222,1,222,10,122210,100,38
18,153,222,1,222,7,122207,100,38
18,155,222,1,222,6,122206,100,38
18,157,222,1,222,8,122208,77.9,38
18,159,222,1,222,8,122208,100,38
18,161,222,1,222,8,122208,71.2,38
18,163,222,1,222,4,122204,100,38
18,165,222,1,222,8,122208,88.5,38
18,167,222,1,222,7,122207,100,38
18,169,222,1,222,8,122208,58.2,38
18,171,251,1,251,4,125104,83.9,38
18,173,222,1,222,4,122204,100,38
18,175,222,1,222,5,122205,80.5,38
18,177,222,1,222,8,122208,98.1,38
18,179,222,1,222,8,122208,100,38
18,181,251,1,251,4,125104,97.6,38
18,183,222,1,222,10,122210,93.5,38
19,1,251,1,251,3,125103,100,38
19,3,251,1,251,3,125103,100,38
19,5,222,1,222,12,122212,100,38
19,7,251,1,251,3,125103,100,38
19,9,251,1,251,3,125103,100,38
19,11,222,1,222,13,122213,94.1,38
19,13,222,1,222,13,122213,100,38
19,15,251,1,251,2,125102,100,38
19,17,222,1,222,13,122213,100,38
19,19,222,1,222,13,122213,100,38
19,21,251,1,251,2,125102,99.9,39
19,23,222,1,222,13,122213,95.2,39
19,25,251,1,251,2,125102,95.6,39
19,27,251,1,251,3,125103,96.6,39
19,29,251,1,251,3,125103,100,39
19,31,251,1,251,3,125103,88.7,39
19,33,251,1,251,2,125102,79.4,39
19,35,251,1,251,2,125102,85.2,39
19,37,222,1,222,13,122213,100,39
19,39,251,1,251,3,125103,100,39
19,41,251,1,251,2,125102,100,39
19,43,222,1,222,12,122212,84.2,39
19,45,251,1,251,3,125103,99.7,39
19,47,251,1,251,3,125103,100,39
19,49,251,1,251,2,125102,58.6,39
19,51,251,1,251,3,125103,100,39
19,53,251,1,251,3,125103,100,39
19,55,222,1,222,13,122213,100,39
19,57,251,1,251,3,125103,100,39
19,59,251,1,251,2,125102,100,39
19,61,222,1,222,13,122213,65,39
19,63,251,1,251,2,125102,100,39
19,65,222,1,222,13,122213,62.9,39
19,67,222,1,222,13,122213,100,39
19,69,251,1,251,2,125102,99.2,39
19,71,251,1,251,3,125103,100,39
19,73,251,1,251,2,125102,91.6,39
19,75,222,1,222,13,122213,77.7,39
19,77,251,1,251,3,125103,89.8,39
19,79,251,1,251,2,125102,100,39
19,81,251,1,251,2,125102,100,39
19,83,251,1,251,2,125102,96.4,39
19,85,251,1,251,3,125103,100,39
19,87,251,1,251,3,125103,100,39
19,89,222,1,222,13,122213,100,39
19,91,251,1,251,2,125102,100,39
19,93,251,1,251,3,125103,100,39
19,95,251,1,251,3,125103,99.9,39
19,97,222,1,222,12,122212,37,39
19,99,251,1,251,3,125103,85.3,39
19,101,251,1,251,3,125103,100,39
19,103,251,1,251,3,125103,99.2,39
19,105,222,1,222,13,122213,98.4,39
19,107,251,1,251,3,125103,100,40
19,109,251,1,251,2,125102,100,40
19,111,251,1,251,3,125103,100,40
19,113,222,1,222,13,122213,92,40
19,115,251,1,251,3,125103,100,40
19,117,251,1,251,3,125103,100,40
19,119,251,1,251,2,125102,100,40
19,121,251,1,251,3,125103,100,40
19,123,251,1,251,3,125103,100,40
19,125,251,1,251,3,125103,100,40
19,127,251,1,251,3,125103,68,40
19,129,251,1,251,3,125103,100,40
19,131,222,1,222,13,122213,100,40
19,133,251,1,251,3,125103,100,40
19,135,251,1,251,3,125103,100,40
19,137,251,1,251,3,125103,100,40
19,139,251,1,251,3,125103,100,40
19,141,251,1,251,2,125102,100,40
19,143,251,1,251,2,125102,100,40
19,145,251,1,251,3,125103,100,40
19,147,251,1,251,2,125102,100,40
19,149,251,1,251,3,125103,52.1,40
19,151,251,1,251,2,125102,100,40
19,153,251,1,251,2,125102,66.8,40
19,155,251,1,251,3,125103,100,40
19,157,251,1,251,3,125103,100,40
19,159,251,1,251,3,125103,100,40
19,161,251,1,251,3,125103,52,40
19,163,251,1,251,3,125103,100,40
19,165,251,1,251,3,125103,100,40
19,167,251,1,251,2,125102,100,40
19,169,251,1,251,2,125102,100,40
19,171,222,1,222,13,122213,75.9,40
19,173,251,1,251,3,125103,100,40
19,175,251,1,251,3,125103,100,40
19,177,251,1,251,3,125103,100,40
19,179,251,1,251,3,125103,100,40
19,181,251,1,251,3,125103,100,40
19,183,251,1,251,3,125103,100,40
19,185,251,1,251,3,125103,100,40
19,187,251,1,251,2,125102,100,40
19,189,251,1,251,2,125102,100,40
19,191,222,1,222,12,122212,85.6,40
19,193,251,1,251,3,125103,100,41
19,195,251,1,251,2,125102,57.4,41
19,197,251,1,251,2,125102,100,41
20,1,251,1,251,5,125105,100,41
20,3,251,1,251,5,125105,100,41
20,5,251,1,251,3,125103,100,41
20,7,332,1,332,5,133205,100,41
20,9,332,1,332,5,133205,100,41
20,11,251,1,251,5,125105,100,41
20,13,251,1,251,3,125103,100,41
20,15,251,1,251,6,125106,72.4,41
20,17,251,1,251,6,125106,100,41
20,19,251,1,251,6,125106,100,41
20,21,251,1,251,5,125105,99.9,41
20,23,331,1,331,3,133103,100,41
20,25,332,1,332,5,133205,83.3,41
20,27,332,1,332,5,133205,53.5,41
20,29,332,1,332,5,133205,100,41
20,31,251,1,251,5,125105,89.5,41
20,33,332,1,332,5,133205,100,41
20,35,251,1,251,6,125106,78.1,41
20,37,251,1,251,5,125105,100,41
20,39,331,1,331,3,133103,56.5,41
20,41,332,1,332,5,133205,72.2,41
20,43,251,1,251,3,125103,100,41
20,45,251,1,251,3,125103,94.1,41
20,47,332,1,332,5,133205,100,41
20,49,251,1,251,6,125106,100,41
20,51,332,1,332,5,133205,100,41
20,53,332,1,332,5,133205,100,41
20,55,331,1,331,3,133103,45.2,41
20,57,332,1,332,5,133205,100,41
20,59,251,1,251,5,125105,100,41
20,61,251,1,251,6,125106,100,41
20,63,331,1,331,3,133103,93.1,41
20,65,332,1,332,5,133205,100,41
20,67,331,1,331,2,133102,100,41
20,69,331,1,331,2,133102,80.3,41
20,71,331,1,331,3,133103,100,41
20,73,251,1,251,6,125106,100,41
20,75,331,1,331,2,133102,89.3,41
20,77,332,1,332,5,133205,100,41
20,79,332,1,332,5,133205,100,42
20,81,331,1,331,2,133102,100,42
20,83,332,1,332,5,133205,100,42
20,85,251,1,251,6,125106,51.6,42
20,87,251,1,251,3,125103,100,42
20,89,332,1,332,5,133205,100,42
20,91,251,1,251,3,125103,90,42
20,93,331,1,331,2,133102,67.3,42
20,95,332,1,332,5,133205,100,42
20,97,332,1,332,5,133205,100,42
20,99,251,1,251,5,125105,100,42
20,101,331,1,331,3,133103,92,42
20,103,251,1,251,3,125103,100,42
20,105,332,1,332,5,133205,100,42
20,107,251,1,251,5,125105,100,42
20,109,331,1,331,3,133103,100,42
20,111,251,1,251,6,125106,95.8,42
20,113,332,1,332,5,133205,100,42
20,115,332,1,332,5,133205,69.8,42
20,117,251,1,251,7,125107,57.9,42
20,119,331,1,331,2,133102,73.9,42
20,121,251,1,251,5,125105,97.6,42
20,123,332,1,332,5,133205,100,42
20,125,251,1,251,5,125105,50.7,42
20,127,251,1,251,6,125106,100,42
20,129,331,1,331,2,133102,100,42
20,131,251,1,251,3,125103,87.1,42
20,133,251,1,251,5,125105,100,42
20,135,332,1,332,5,133205,98.6,42
20,137,332,1,332,5,133205,100,42
20,139,251,1,251,5,125105,62.6,42
20,141,332,1,332,5,133205,100,42
20,143,332,1,332,5,133205,100,42
20,145,332,1,332,5,133205,100,42
20,147,332,1,332,5,133205,100,42
20,149,251,1,251,6,125106,100,42
20,151,332,1,332,5,133205,100,42
20,153,331,1,331,3,133103,100,42
20,155,332,1,332,5,133205,100,42
20,157,332,1,332,5,133205,97.2,42
20,159,332,1,332,5,133205,100,42
20,161,251,1,251,6,125106,85.6,42
20,163,332,1,332,5,133205,100,42
20,165,332,1,332,5,133205,100,43
20,167,332,1,332,5,133205,100,43
20,169,332,1,332,5,133205,100,43
20,171,331,1,331,3,133103,100,43
20,173,332,1,332,5,133205,100,43
20,175,331,1,331,2,133102,100,43
20,177,251,1,251,3,125103,67.7,43
20,179,331,1,331,3,133103,83.6,43
20,181,331,1,331,3,133103,100,43
20,183,332,1,332,5,133205,100,43
20,185,332,1,332,5,133205,100,43
20,187,331,1,331,2,133102,100,43
20,189,331,1,331,2,133102,100,43
20,191,332,1,332,5,133205,100,43
20,193,331,1,331,3,133103,100,43
20,195,332,1,332,5,133205,100,43
20,197,251,1,251,6,125106,100,43
20,199,331,1,331,3,133103,100,43
20,201,251,1,251,7,125107,86.6,43
20,203,331,1,331,3,133103,100,43
20,205,251,1,251,6,125106,81.6,43
20,207,251,1,251,6,125106,74.5,43
20,209,251,1,251,3,125103,100,43
21,1,222,1,222,5,122205,100,43
21,3,222,1,222,5,122205,100,43
21,5,222,1,222,6,122206,100,43
21,7,222,1,222,3,122203,82.3,43
21,9,222,1,222,5,122205,100,43
21,11,222,1,222,6,122206,62.6,43
21,13,221,1,221,9,122109,59.4,43
21,15,222,1,222,6,122206,100,43
21,17,222,1,222,6,122206,100,43
21,19,221,1,221,5,122105,100,43
21,21,222,1,222,6,122206,100,43
21,23,222,1,222,6,122206,100,43
21,25,221,1,221,8,122108,100,43
21,27,222,1,222,4,122204,100,43
21,29,222,1,222,6,122206,83.6,43
21,31,222,1,222,4,122204,100,43
21,33,222,1,222,4,122204,52.2,43
21,35,222,1,222,3,122203,100,43
21,37,222,1,222,6,122206,100,43
21,39,222,1,222,3,122203,74.8,44
21,41,222,1,222,6,122206,100,44
21,43,221,1,221,5,122105,88.8,44
21,45,222,1,222,5,122205,87.8,44
21,47,222,1,222,4,122204,53.6,44
21,49,222,1,222,6,122206,100,44
21,51,221,1,221,8,122108,100,44
21,53,222,1,222,5,122205,100,44
21,55,222,1,222,4,122204,74.1,44
21,57,222,1,222,5,122205,100,44
21,59,222,1,222,4,122204,100,44
21,61,222,1,222,4,122204,88.4,44
21,63,221,1,221,8,122108,88.4,44
21,65,221,1,221,8,122108,89.1,44
21,67,222,1,222,6,122206,100,44
21,69,222,1,222,6,122206,88.1,44
21,71,221,1,221,5,122105,87.6,44
21,73,222,1,222,6,122206,100,44
21,75,234,1,234,1,123401,64.7,44
21,77,222,1,222,6,122206,100,44
21,79,222,1,222,6,122206,100,44
21,81,222,1,222,6,122206,100,44
21,83,222,1,222,3,122203,100,44
21,85,222,1,222,4,122204,100,44
21,87,222,1,222,5,122205,100,44
21,89,221,1,221,5,122105,100,44
21,91,222,1,222,4,122204,100,44
21,93,222,1,222,5,122205,63.9,44
21,95,221,1,221,9,122109,76.5,44
21,97,222,1,222,6,122206,100,44
21,99,222,1,222,5,122205,67.3,44
21,101,222,1,222,4,122204,100,44
21,103,222,1,222,6,122206,100,44
21,105,222,1,222,3,122203,74,44
21,107,222,1,222,4,122204,100,44
21,109,221,1,221,8,122108,100,44
21,111,222,1,222,6,122206,91,44
21,113,222,1,222,6,122206,100,44
21,115,221,1,221,5,122105,62.2,44
21,117,222,1,222,6,122206,100,44
21,119,221,1,221,8,122108,83.3,44
21,121,221,1,221,8,122108,100,44
21,123,222,1,222,5,122205,88.9,44
21,125,221,1,221,8,122108,100,45
21,127,221,1,221,5,122105,95.2,45
21,129,221,1,221,8,122108,100,45
21,131,221,1,221,8,122108,100,45
21,133,221,1,221,8,122108,51.8,45
21,135,221,1,221,5,122105,58.7,45
21,137,222,1,222,5,122205,51.8,45
21,139,222,1,222,5,122205,55.5,45
21,141,222,1,222,5,122205,52.8,45
21,143,222,1,222,5,122205,100,45
21,145,222,1,222,3,122203,100,45
21,147,221,1,221,8,122108,100,45
21,149,222,1,222,4,122204,100,45
21,151,222,1,222,6,122206,89.5,45
21,153,221,1,221,8,122108,100,45
21,155,222,1,222,6,122206,86.4,45
21,157,222,1,222,3,122203,89.5,45
21,159,221,1,221,5,122105,100,45
21,161,222,1,222,6,122206,100,45
21,163,222,1,222,4,122204,72.4,45
21,165,221,1,221,8,122108,100,45
21,167,222,1,222,6,122206,100,45
21,169,222,1,222,5,122205,100,45
21,171,222,1,222,5,122205,100,45
21,173,222,1,222,6,122206,85.2,45
21,175,221,1,221,8,122108,100,45
21,177,222,1,222,4,122204,100,45
21,179,222,1,222,6,122206,97.1,45
21,181,222,1,222,6,122206,100,45
21,183,222,1,222,4,122204,100,45
21,185,222,1,222,6,122206,100,45
21,187,222,1,222,6,122206,100,45
21,189,221,1,221,8,122108,100,45
21,191,222,1,222,6,122206,100,45
21,193,221,1,221,8,122108,100,45
21,195,1221,2,221,3,222103,65.8,45
21,197,221,1,221,8,122108,85.8,45
21,199,222,1,222,5,122205,72.7,45
21,201,222,1,222,6,122206,100,45
21,203,221,1,221,8,122108,53.5,45
21,205,221,1,221,8,122108,92.9,45
21,207,222,1,222,5,122205,100,45
21,209,222,1,222,6,122206,100,45
21,211,222,1,222,6,122206,100,46
21,213,222,1,222,5,122205,100,46
21,215,222,1,222,6,122206,100,46
21,217,222,1,222,5,122205,100,46
21,219,222,1,222,4,122204,68.4,46
21,221,222,1,222,5,122205,97.6,46
21,223,222,1,222,6,122206,100,46
21,225,222,1,222,4,122204,100,46
21,227,222,1,222,5,122205,63.2,46
21,229,222,1,222,6,122206,100,46
21,231,222,1,222,5,122205,55,46
21,233,222,1,222,4,122204,100,46
21,235,221,1,221,8,122108,97.4,46
21,237,221,1,221,8,122108,100,46
21,239,222,1,222,6,122206,100,46
22,1,232,1,232,5,123205,100,46
22,3,232,1,232,6,123206,92.5,46
22,5,234,1,234,1,123401,89.6,46
22,7,234,1,234,1,123401,74.9,46
22,9,234,1,234,1,123401,99.8,46
22,11,232,1,232,6,123206,100,46
22,13,231,1,231,5,123105,74.6,46
22,15,234,1,234,1,123401,72.2,46
22,17,231,1,231,5,123105,85.5,46
22,19,232,1,232,5,123205,55,46
22,21,232,1,232,6,123206,98.4,46
22,23,232,1,232,5,123205,96.7,46
22,25,234,1,234,1,123401,51.8,46
22,27,231,1,231,5,123105,100,46
22,29,234,1,234,1,123401,100,46
22,31,231,1,231,5,123105,99.3,46
22,33,234,1,234,1,123401,64.2,46
22,35,234,1,234,1,123401,100,46
22,37,231,1,231,2,123102,90.7,46
22,39,232,1,232,5,123205,57.8,46
22,41,234,1,234,1,123401,97.8,46
22,43,234,1,234,1,123401,55.2,46
22,45,234,1,234,1,123401,56.4,46
22,47,234,1,234,1,123401,100,46
22,49,231,1,231,5,123105,53.7,46
22,51,232,1,232,5,123205,100,46
22,53,232,1,232,5,123205,86,46
22,55,232,1,232,5,123205,75.8,47
22,57,232,1,232,5,123205,95.6,47
22,59,232,1,232,6,123206,98.2,47
22,61,231,1,231,5,123105,100,47
22,63,232,1,232,2,123202,77.3,47
22,65,234,1,234,1,123401,100,47
22,67,234,1,234,1,123401,80.2,47
22,69,232,1,232,6,123206,78.8,47
22,71,232,1,232,5,123205,100,47
22,73,231,1,231,5,123105,67,47
22,75,232,1,232,5,123205,100,47
22,77,234,1,234,1,123401,100,47
22,79,232,1,232,6,123206,59.6,47
22,81,234,1,234,1,123401,77.5,47
22,83,234,1,234,1,123401,96.1,47
22,85,232,1,232,6,123206,88.9,47
22,87,232,1,232,5,123205,100,47
22,89,232,1,232,5,123205,95.8,47
22,91,231,1,231,2,123102,56.7,47
22,93,234,1,234,1,123401,100,47
22,95,234,1,234,1,123401,66.9,47
22,97,234,1,234,1,123401,68.7,47
22,99,234,1,234,1,123401,86.2,47
22,101,232,1,232,5,123205,90.4,47
22,103,232,1,232,2,123202,60.5,47
22,105,232,1,232,2,123202,73.5,47
22,107,234,1,234,1,123401,100,47
22,109,232,1,232,5,123205,100,47
22,111,231,1,231,5,123105,100,47
22,113,232,1,232,5,123205,100,47
22,115,232,1,232,6,123206,100,47
22,117,232,1,232,2,123202,100,47
22,119,231,1,231,5,123105,98.5,47
22,121,234,1,234,1,123401,100,47
22,123,234,1,234,1,123401,100,47
22,125,234,1,234,1,123401,92.6,47
22,127,232,1,232,6,123206,88.7,47
23,1,212,1,212,4,121204,63.7,47
23,3,212,1,212,1,121201,48.4,47
23,5,221,1,221,1,122101,81.5,47
23,7,1212,2,212,1,221201,88.6,47
23,9,212,1,212,3,121203,43.8,47
23,11,212,1,212,4,121204,82.5,48
23,13,212,1,212,4,121204,100,48
23,15,212,1,212,4,121204,100,48
23,17,1212,2,212,1,221201,83.4,48
23,19,212,1,212,2,121202,59.7,48
23,21,1212,2,212,1,221201,75.7,48
23,23,212,1,212,4,121204,100,48
23,25,1212,2,212,1,221201,78.6,48
23,27,212,1,212,4,121204,100,48
23,29,212,1,212,3,121203,61.4,48
23,31,221,1,221,1,122101,100,48
24,1,1221,2,221,1,222101,75.2,48
24,3,232,1,232,1,123201,100,48
24,5,221,1,221,4,122104,79.6,48
24,510,232,1,232,1,123201,68.6,48
24,9,232,1,232,1,123201,100,48
24,11,232,1,232,1,123201,100,48
24,13,221,1,221,4,122104,100,48
24,15,232,1,232,1,123201,50.6,48
24,17,232,1,232,1,123201,80,48
24,19,232,1,232,1,123201,100,48
24,21,221,1,221,4,122104,57,48
24,23,1221,2,221,2,222102,100,48
24,25,221,1,221,4,122104,61.8,48
24,27,221,1,221,4,122104,90.3,48
24,29,232,1,232,1,123201,100,48
24,31,231,1,231,1,123101,65.9,48
24,33,232,1,232,1,123201,72,48
24,35,232,1,232,1,123201,100,48
24,37,232,1,232,1,123201,100,48
24,39,232,1,232,1,123201,100,48
24,41,232,1,232,1,123201,100,48
24,43,1221,2,221,1,222101,62.4,48
24,45,232,1,232,1,123201,100,48
24,47,232,1,232,1,123201,100,48
25,1,221,1,221,1,122101,100,48
25,3,1212,2,212,3,221203,97.7,48
25,5,221,1,221,1,122101,100,48
25,7,221,1,221,1,122101,100,48
25,9,221,1,221,1,122101,100,48
25,11,1212,2,212,3,221203,44.9,48
25,13,221,1,221,1,122101,61.3,49
25,15,221,1,221,1,122101,50.8,49
25,17,221,1,221,1,122101,94.4,49
25,19,221,1,221,1,122101,100,49
25,21,221,1,221,1,122101,100,49
25,23,221,1,221,1,122101,100,49
25,25,221,1,221,1,122101,100,49
25,27,221,1,221,1,122101,73,49
26,1,212,1,212,8,121208,100,49
26,3,212,1,212,8,121208,100,49
26,5,222,1,222,10,122210,100,49
26,7,212,1,212,8,121208,100,49
26,9,212,1,212,8,121208,100,49
26,11,212,1,212,8,121208,99.4,49
26,13,212,1,212,10,121210,100,49
26,15,222,1,222,10,122210,100,49
26,17,222,1,222,10,122210,93.7,49
26,19,212,1,212,8,121208,100,49
26,21,222,1,222,10,122210,100,49
26,23,222,1,222,10,122210,100,49
26,25,222,1,222,10,122210,100,49
26,27,222,1,222,10,122210,100,49
26,29,212,1,212,8,121208,100,49
26,31,212,1,212,8,121208,100,49
26,33,212,1,212,8,121208,100,49
26,35,212,1,212,8,121208,92.7,49
26,37,222,1,222,10,122210,100,49
26,39,212,1,212,8,121208,100,49
26,41,212,1,212,8,121208,100,49
26,43,212,1,212,8,121208,52,49
26,45,222,1,222,10,122210,100,49
26,47,212,1,212,8,121208,100,49
26,49,222,1,222,10,122210,100,49
26,51,212,1,212,8,121208,63.5,49
26,53,212,1,212,10,121210,100,49
26,55,212,1,212,8,121208,100,49
26,57,222,1,222,10,122210,100,49
26,59,222,1,222,10,122210,100,49
26,61,212,1,212,10,121210,100,49
26,63,222,1,222,10,122210,100,49
26,65,222,1,222,10,122210,100,49
26,67,222,1,222,10,122210,100,49
26,69,212,1,212,8,121208,100,50
26,71,212,1,212,10,121210,100,50
26,73,212,1,212,8,121208,60,50
26,75,222,1,222,10,122210,100,50
26,77,222,1,222,10,122210,100,50
26,79,212,1,212,8,121208,100,50
26,81,222,1,222,10,122210,100,50
26,83,212,1,212,10,121210,63.1,50
26,85,212,1,212,8,121208,100,50
26,87,222,1,222,10,122210,96,50
26,89,212,1,212,8,121208,100,50
26,91,222,1,222,9,122209,63.5,50
26,93,222,1,222,10,122210,99.3,50
26,95,212,1,212,8,121208,100,50
26,97,212,1,212,8,121208,100,50
26,99,222,1,222,9,122209,100,50
26,101,212,1,212,8,121208,100,50
26,103,212,1,212,10,121210,58.4,50
26,105,212,1,212,8,121208,100,50
26,107,212,1,212,8,121208,100,50
26,109,212,1,212,8,121208,100,50
26,111,222,1,222,10,122210,100,50
26,113,212,1,212,8,121208,100,50
26,115,222,1,222,9,122209,100,50
26,117,222,1,222,10,122210,58.1,50
26,119,212,1,212,8,121208,100,50
26,121,212,1,212,8,121208,50.1,50
26,123,212,1,212,8,121208,98.8,50
26,125,222,1,222,9,122209,73.1,50
26,127,212,1,212,8,121208,100,50
26,129,212,1,212,8,121208,100,50
26,131,212,1,212,10,121210,100,50
26,133,212,1,212,8,121208,100,50
26,135,212,1,212,8,121208,100,50
26,137,212,1,212,8,121208,100,50
26,139,222,1,222,10,122210,100,50
26,141,212,1,212,8,121208,100,50
26,143,212,1,212,8,121208,100,50
26,145,222,1,222,10,122210,100,50
26,147,222,1,222,10,122210,59.8,50
26,149,222,1,222,10,122210,100,50
26,151,222,1,222,10,122210,100,50
26,153,212,1,212,8,121208,100,50
26,155,222,1,222,10,122210,100,51
26,157,222,1,222,10,122210,100,51
26,159,222,1,222,10,122210,100,51
26,161,222,1,222,9,122209,52.8,51
26,163,222,1,222,9,122209,100,51
26,165,212,1,212,8,121208,100,51
27,1,212,1,212,14,121214,61.2,51
27,3,222,1,222,13,122213,100,51
27,5,222,1,222,13,122213,51.6,51
27,7,212,1,212,13,121213,59.9,51
27,9,222,1,222,13,122213,53.6,51
27,11,251,1,251,2,125102,99,51
27,13,251,1,251,2,125102,92.7,51
27,15,251,1,251,2,125102,100,51
27,17,212,1,212,11,121211,69.4,51
27,19,222,1,222,13,122213,100,51
27,21,212,1,212,14,121214,94.3,51
27,23,251,1,251,2,125102,100,51
27,25,212,1,212,11,121211,65.1,51
27,27,251,1,251,1,125101,100,51
27,29,222,1,222,13,122213,62,51
27,31,212,1,212,12,121212,100,51
27,33,251,1,251,2,125102,100,51
27,35,212,1,212,14,121214,90,51
27,37,222,1,222,13,122213,100,51
27,39,222,1,222,13,122213,86.1,51
27,41,222,1,222,13,122213,89,51
27,43,251,1,251,2,125102,100,51
27,45,222,1,222,12,122212,64.3,51
27,47,251,1,251,2,125102,62.1,51
27,49,222,1,222,13,122213,70.1,51
27,51,251,1,251,1,125101,100,51
27,53,222,1,222,13,122213,100,51
27,55,222,1,222,12,122212,100,51
27,57,212,1,212,14,121214,99.7,51
27,59,212,1,212,11,121211,60.2,51
27,61,212,1,212,14,121214,92.3,51
27,63,251,1,251,2,125102,100,51
27,65,212,1,212,11,121211,100,51
27,67,251,1,251,2,125102,61.7,51
27,69,251,1,251,1,125101,80.4,51
27,71,212,1,212,13,121213,94.5,51
27,73,251,1,251,2,125102,100,52
27,75,212,1,212,12,121212,100,52
27,77,212,1,212,13,121213,100,52
27,79,222,1,222,13,122213,92.9,52
27,81,251,1,251,2,125102,100,52
27,83,251,1,251,2,125102,100,52
27,85,251,1,251,2,125102,68.8,52
27,87,251,1,251,1,125101,80.6,52
27,89,222,1,222,14,122214,49.2,52
27,91,251,1,251,2,125102,100,52
27,93,222,1,222,13,122213,69.5,52
27,95,212,1,212,11,121211,100,52
27,97,222,1,222,13,122213,70.8,52
27,99,222,1,222,13,122213,100,52
27,101,251,1,251,2,125102,100,52
27,103,251,1,251,2,125102,99.8,52
27,105,251,1,251,2,125102,100,52
27,107,251,1,251,1,125101,100,52
27,109,222,1,222,12,122212,81.7,52
27,111,222,1,222,13,122213,68.4,52
27,113,222,1,222,14,122214,78.8,52
27,115,212,1,212,11,121211,100,52
27,117,251,1,251,2,125102,100,52
27,119,251,1,251,1,125101,78.8,52
27,121,251,1,251,2,125102,43.8,52
27,123,222,1,222,13,122213,100,52
27,125,222,1,222,14,122214,59.8,52
27,127,251,1,251,2,125102,100,52
27,129,251,1,251,2,125102,100,52
27,131,222,1,222,13,122213,100,52
27,133,251,1,251,2,125102,100,52
27,135,222,1,222,14,122214,69.4,52
27,137,212,1,212,12,121212,46.3,52
27,139,222,1,222,13,122213,100,52
27,141,222,1,222,13,122213,85.3,52
27,143,251,1,251,2,125102,81,52
27,145,222,1,222,13,122213,100,52
27,147,222,1,222,13,122213,97.1,52
27,149,251,1,251,1,125101,73.9,52
27,151,251,1,251,2,125102,100,52
27,153,222,1,222,13,122213,100,52
27,155,251,1,251,1,125101,81.4,52
27,157,222,1,222,12,122212,100,52
27,159,222,1,222,13,122213,76.5,53
27,161,251,1,251,2,125102,53,53
27,163,222,1,222,13,122213,100,53
27,165,251,1,251,2,125102,100,53
27,167,251,1,251,1,125101,100,53
27,169,222,1,222,12,122212,100,53
27,171,222,1,222,13,122213,100,53
27,173,251,1,251,2,125102,100,53
28,1,234,1,234,1,123401,71.3,53
28,3,231,1,231,2,123102,100,53
28,5,231,1,231,2,123102,100,53
28,7,231,1,231,2,123102,100,53
28,9,231,1,231,2,123102,100,53
28,11,234,1,234,1,123401,100,53
28,13,231,1,231,2,123102,100,53
28,15,231,1,231,2,123102,71.8,53
28,17,231,1,231,2,123102,100,53
28,19,231,1,231,2,123102,100,53
28,21,231,1,231,2,123102,81.2,53
28,23,231,1,231,2,123102,100,53
28,25,231,1,231,2,123102,100,53
28,27,234,1,234,1,123401,100,53
28,29,231,1,231,2,123102,100,53
28,31,231,1,231,2,123102,50.8,53
28,33,234,1,234,1,123401,51.9,53
28,35,232,1,232,2,123202,100,53
28,37,231,1,231,2,123102,100,53
28,39,232,1,232,2,123202,100,53
28,41,232,1,232,2,123202,100,53
28,43,231,1,231,2,123102,77,53
28,45,232,1,232,5,123205,52.1,53
28,47,232,1,232,2,123202,63.7,53
28,49,231,1,231,2,123102,100,53
28,51,231,1,231,2,123102,65.6,53
28,53,234,1,234,1,123401,100,53
28,55,234,1,234,1,123401,100,53
28,57,231,1,231,2,123102,100,53
28,59,232,1,232,2,123202,100,53
28,61,231,1,231,2,123102,100,53
28,63,231,1,231,2,123102,75.2,53
28,65,232,1,232,2,123202,55.8,53
28,67,232,1,232,2,123202,69.8,53
28,69,231,1,231,2,123102,100,54
28,71,231,1,231,2,123102,100,54
28,73,232,1,232,2,123202,100,54
28,75,231,1,231,2,123102,100,54
28,77,231,1,231,2,123102,64.7,54
28,79,231,1,231,2,123102,100,54
28,81,231,1,231,2,123102,100,54
28,83,234,1,234,1,123401,100,54
28,85,231,1,231,2,123102,97.1,54
28,87,231,1,231,2,123102,100,54
28,89,231,1,231,2,123102,100,54
28,91,232,1,232,2,123202,100,54
28,93,231,1,231,2,123102,100,54
28,95,231,1,231,2,123102,100,54
28,97,231,1,231,2,123102,100,54
28,99,231,1,231,2,123102,100,54
28,101,231,1,231,2,123102,100,54
28,103,231,1,231,2,123102,100,54
28,105,231,1,231,2,123102,100,54
28,107,231,1,231,2,123102,55.1,54
28,109,232,1,232,2,123202,100,54
28,111,232,1,232,2,123202,100,54
28,113,232,1,232,2,123202,52.1,54
28,115,231,1,231,2,123102,100,54
28,117,231,1,231,2,123102,100,54
28,119,234,1,234,1,123401,100,54
28,121,231,1,231,2,123102,100,54
28,123,231,1,231,2,123102,100,54
28,125,234,1,234,1,123401,100,54
28,127,231,1,231,2,123102,100,54
28,129,231,1,231,2,123102,100,54
28,131,232,1,232,2,123202,100,54
28,133,234,1,234,1,123401,100,54
28,135,234,1,234,1,123401,98.4,54
28,137,231,1,231,2,123102,61.2,54
28,139,231,1,231,2,123102,100,54
28,141,231,1,231,2,123102,100,54
28,143,234,1,234,1,123401,100,54
28,145,231,1,231,2,123102,100,54
28,147,232,1,232,2,123202,100,54
28,149,234,1,234,1,123401,66,54
28,151,234,1,234,1,123401,100,54
28,153,232,1,232,2,123202,70.8,54
28,155,231,1,231,2,123102,100,55
28,157,234,1,234,1,123401,50.2,55
28,159,231,1,231,2,123102,100,55
28,161,231,1,231,2,123102,100,55
28,163,231,1,231,2,123102,57.9,55
29,1,251,1,251,3,125103,100,55
29,3,251,1,251,3,125103,100,55
29,5,251,1,251,3,125103,100,55
29,7,251,1,251,3,125103,100,55
29,9,222,1,222,1,122201,100,55
29,11,251,1,251,5,125105,84.3,55
29,13,251,1,251,5,125105,100,55
29,15,222,1,222,1,122201,90.2,55
29,17,222,1,222,1,122201,99.2,55
29,19,251,1,251,3,125103,80,55
29,21,251,1,251,3,125103,100,55
29,23,234,1,234,1,123401,67.3,55
29,25,251,1,251,3,125103,100,55
29,27,251,1,251,3,125103,90.5,55
29,29,222,1,222,1,122201,100,55
29,31,222,1,222,1,122201,95.6,55
29,33,251,1,251,3,125103,100,55
29,35,222,1,222,1,122201,100,55
29,37,251,1,251,5,125105,86,55
29,39,251,1,251,5,125105,69.4,55
29,41,251,1,251,3,125103,100,55
29,43,222,1,222,1,122201,100,55
29,45,251,1,251,3,125103,100,55
29,47,251,1,251,3,125103,100,55
29,49,251,1,251,3,125103,100,55
29,51,222,1,222,1,122201,100,55
29,53,222,1,222,1,122201,94.4,55
29,55,222,1,222,1,122201,100,55
29,57,222,1,222,1,122201,89.6,55
29,59,222,1,222,1,122201,100,55
29,61,251,1,251,3,125103,100,55
29,63,251,1,251,3,125103,100,55
29,65,222,1,222,1,122201,100,55
29,67,222,1,222,1,122201,100,55
29,69,234,1,234,1,123401,100,55
29,71,222,1,222,1,122201,97.6,55
29,73,222,1,222,1,122201,83.9,55
29,75,251,1,251,3,125103,100,56
29,77,222,1,222,1,122201,100,56
29,79,251,1,251,3,125103,100,56
29,81,251,1,251,3,125103,100,56
29,83,251,1,251,5,125105,88,56
29,85,222,1,222,1,122201,100,56
29,87,251,1,251,3,125103,100,56
29,89,251,1,251,3,125103,95.2,56
29,91,222,1,222,1,122201,100,56
29,93,222,1,222,1,122201,100,56
29,95,251,1,251,3,125103,99.2,56
29,97,222,1,222,1,122201,75,56
29,99,222,1,222,1,122201,100,56
29,101,251,1,251,5,125105,93.1,56
29,103,251,1,251,3,125103,100,56
29,105,222,1,222,1,122201,100,56
29,107,251,1,251,3,125103,100,56
29,109,222,1,222,1,122201,100,56
29,111,251,1,251,3,125103,100,56
29,113,251,1,251,3,125103,100,56
29,115,251,1,251,3,125103,100,56
29,117,251,1,251,3,125103,100,56
29,119,222,1,222,1,122201,100,56
29,121,251,1,251,3,125103,100,56
29,123,222,1,222,1,122201,100,56
29,125,222,1,222,1,122201,100,56
29,127,251,1,251,3,125103,100,56
29,129,251,1,251,3,125103,100,56
29,131,222,1,222,1,122201,100,56
29,133,234,1,234,1,123401,100,56
29,135,222,1,222,1,122201,100,56
29,137,251,1,251,3,125103,100,56
29,139,251,1,251,3,125103,100,56
29,141,222,1,222,1,122201,100,56
29,143,234,1,234,1,123401,100,56
29,145,222,1,222,1,122201,99.6,56
29,147,251,1,251,3,125103,100,56
29,149,222,1,222,1,122201,100,56
29,151,222,1,222,1,122201,82.8,56
29,153,222,1,222,1,122201,100,56
29,155,234,1,234,1,123401,100,56
29,157,222,1,222,1,122201,100,56
29,159,251,1,251,5,125105,59,56
29,161,222,1,222,1,122201,100,57
29,163,251,1,251,3,125103,100,57
29,165,251,1,251,3,125103,100,57
29,167,222,1,222,1,122201,100,57
29,169,222,1,222,1,122201,100,57
29,171,251,1,251,3,125103,100,57
29,173,251,1,251,3,125103,100,57
29,175,251,1,251,3,125103,100,57
29,177,251,1,251,3,125103,100,57
29,179,222,1,222,1,122201,100,57
29,181,222,1,222,1,122201,95,57
29,183,251,1,251,3,125103,88.5,57
29,185,222,1,222,1,122201,50.5,57
29,187,222,1,222,1,122201,100,57
29,189,222,1,222,1,122201,88.5,57
29,510,222,1,222,1,122201,100,57
29,186,222,1,222,1,122201,100,57
29,195,251,1,251,3,125103,99.9,57
29,197,251,1,251,3,125103,100,57
29,199,251,1,251,3,125103,100,57
29,201,234,1,234,1,123401,98,57
29,203,222,1,222,1,122201,100,57
29,205,251,1,251,3,125103,100,57
29,207,234,1,234,1,123401,97.5,57
29,209,222,1,222,1,122201,100,57
29,211,251,1,251,3,125103,100,57
29,213,222,1,222,1,122201,100,57
29,215,222,1,222,1,122201,100,57
29,217,251,1,251,5,125105,100,57
29,219,251,1,251,3,125103,92.7,57
29,221,222,1,222,1,122201,100,57
29,223,222,1,222,1,122201,100,57
29,225,222,1,222,1,122201,100,57
29,227,251,1,251,3,125103,100,57
29,229,222,1,222,1,122201,100,57
30,1,1332,2,332,5,233205,99,57
30,3,331,1,331,7,133107,76.9,57
30,5,331,1,331,4,133104,100,57
30,7,1332,2,332,4,233204,68,57
30,9,1331,2,331,7,233107,32.5,57
30,11,331,1,331,6,133106,52.2,57
30,13,331,1,331,4,133104,75.2,58
30,15,331,1,331,4,133104,100,58
30,17,331,1,331,7,133107,100,58
30,19,331,1,331,4,133104,67.6,58
30,21,331,1,331,6,133106,67.6,58
30,23,1332,2,332,5,233205,86.2,58
30,25,331,1,331,6,133106,71.9,58
30,27,331,1,331,4,133104,64.3,58
30,29,1333,2,333,3,233303,50.7,58
30,31,1332,2,332,4,233204,37.9,58
30,33,331,1,331,7,133107,57.9,58
30,35,331,1,331,4,133104,51.4,58
30,37,331,1,331,7,133107,77.5,58
30,39,1332,2,332,2,233202,99.8,58
30,41,331,1,331,4,133104,100,58
30,43,1332,2,332,5,233205,83.6,58
30,45,1332,2,332,4,233204,64.4,58
30,47,1333,2,333,2,233302,59.7,58
30,49,1332,2,332,2,233202,39.2,58
30,51,331,1,331,4,133104,100,58
30,53,1333,2,333,2,233302,96.4,58
30,55,331,1,331,4,133104,51.6,58
30,57,1332,2,332,5,233205,94.8,58
30,59,1332,2,332,4,233204,100,58
30,61,1333,2,333,4,233304,100,58
30,63,1333,2,333,4,233304,46.5,58
30,65,331,1,331,7,133107,90.8,58
30,67,1331,2,331,1,233101,67.2,58
30,69,331,1,331,4,133104,36.6,58
30,71,331,1,331,4,133104,100,58
30,73,331,1,331,4,133104,80.5,58
30,75,331,1,331,7,133107,100,58
30,77,1332,2,332,2,233202,79.9,58
30,79,331,1,331,7,133107,93.9,58
30,81,1332,2,332,2,233202,60.2,58
30,83,331,1,331,5,133105,51.3,58
30,85,331,1,331,5,133105,63.6,58
30,87,331,1,331,7,133107,100,58
30,89,1333,2,333,4,233304,78.7,58
30,91,331,1,331,5,133105,100,58
30,93,1332,2,332,5,233205,100,58
30,95,331,1,331,7,133107,72.7,58
30,97,331,1,331,7,133107,43.4,58
30,99,331,1,331,4,133104,66.4,59
30,101,331,1,331,4,133104,100,59
30,103,331,1,331,7,133107,100,59
30,105,331,1,331,4,133104,100,59
30,107,1332,2,332,4,233204,62.2,59
30,109,331,1,331,6,133106,100,59
30,111,331,1,331,7,133107,95.3,59
30,113,1331,2,331,1,233101,100,59
31,1,332,1,332,5,133205,77.4,59
31,3,251,1,251,2,125102,67.4,59
31,5,332,1,332,3,133203,99.7,59
31,7,331,1,331,8,133108,100,59
31,9,332,1,332,3,133203,100,59
31,11,251,1,251,2,125102,54,59
31,13,331,1,331,6,133106,97,59
31,15,332,1,332,4,133204,99.4,59
31,17,332,1,332,3,133203,78.5,59
31,19,332,1,332,5,133205,100,59
31,21,251,1,251,3,125103,89.6,59
31,23,251,1,251,7,125107,98.2,59
31,25,251,1,251,3,125103,100,59
31,27,251,1,251,2,125102,100,59
31,29,331,1,331,3,133103,100,59
31,31,332,1,332,3,133203,90.6,59
31,33,331,1,331,3,133103,87.4,59
31,35,251,1,251,7,125107,100,59
31,37,251,1,251,2,125102,95.9,59
31,39,251,1,251,2,125102,97.2,59
31,41,332,1,332,5,133205,85,59
31,43,251,1,251,3,125103,98.8,59
31,45,331,1,331,6,133106,100,59
31,47,332,1,332,5,133205,100,59
31,49,331,1,331,3,133103,100,59
31,51,251,1,251,2,125102,89.7,59
31,53,251,1,251,2,125102,76.6,59
31,55,251,1,251,3,125103,100,59
31,57,331,1,331,3,133103,100,59
31,59,251,1,251,7,125107,100,59
31,61,332,1,332,5,133205,100,59
31,63,332,1,332,5,133205,74.1,59
31,65,332,1,332,5,133205,100,59
31,67,251,1,251,7,125107,91.8,59
31,69,331,1,331,8,133108,34.2,60
31,71,332,1,332,3,133203,79.7,60
31,73,332,1,332,5,133205,100,60
31,75,332,1,332,3,133203,100,60
31,77,332,1,332,5,133205,96.3,60
31,79,332,1,332,5,133205,99.3,60
31,81,251,1,251,7,125107,91,60
31,83,332,1,332,5,133205,100,60
31,85,331,1,331,3,133103,96.4,60
31,87,331,1,331,3,133103,73.6,60
31,89,332,1,332,3,133203,51.2,60
31,91,332,1,332,3,133203,100,60
31,93,332,1,332,5,133205,100,60
31,95,251,1,251,7,125107,100,60
31,97,251,1,251,3,125103,100,60
31,99,332,1,332,5,133205,100,60
31,101,331,1,331,3,133103,76,60
31,103,332,1,332,4,133204,98.2,60
31,105,331,1,331,8,133108,100,60
31,107,251,1,251,2,125102,59.4,60
31,109,251,1,251,3,125103,51.3,60
31,111,331,1,331,3,133103,51,60
31,113,332,1,332,3,133203,93.1,60
31,115,332,1,332,3,133203,81.7,60
31,117,332,1,332,3,133203,100,60
31,119,251,1,251,2,125102,100,60
31,121,332,1,332,5,133205,53.1,60
31,123,331,1,331,8,133108,81.6,60
31,125,331,1,331,7,133107,39.3,60
31,127,251,1,251,3,125103,100,60
31,129,332,1,332,5,133205,60.6,60
31,131,251,1,251,3,125103,100,60
31,133,251,1,251,3,125103,80.5,60
31,135,331,1,331,3,133103,100,60
31,137,332,1,332,5,133205,100,60
31,139,251,1,251,2,125102,100,60
31,141,251,1,251,2,125102,85.8,60
31,143,251,1,251,7,125107,99.9,60
31,145,332,1,332,5,133205,99.3,60
31,147,251,1,251,3,125103,100,60
31,149,332,1,332,3,133203,57,60
31,151,251,1,251,7,125107,100,60
31,153,251,1,251,3,125103,100,60
31,155,251,1,251,3,125103,73.7,61
31,157,331,1,331,8,133108,90.1,61
31,159,251,1,251,7,125107,100,61
31,161,331,1,331,6,133106,67.5,61
31,163,332,1,332,5,133205,100,61
31,165,331,1,331,6,133106,92.7,61
31,167,251,1,251,2,125102,100,61
31,169,251,1,251,7,125107,76.7,61
31,171,332,1,332,3,133203,100,61
31,173,251,1,251,3,125103,72.3,61
31,175,332,1,332,5,133205,100,61
31,177,251,1,251,3,125103,100,61
31,179,251,1,251,2,125102,100,61
31,181,332,1,332,5,133205,96.3,61
31,183,332,1,332,3,133203,93.6,61
31,185,251,1,251,7,125107,100,61
32,510,341,1,341,4,134104,85,61
32,1,341,1,341,5,134105,83.8,61
32,3,322,1,322,1,132201,91.4,61
32,5,341,1,341,4,134104,83.5,61
32,7,341,1,341,7,134107,49.2,61
32,9,341,1,341,5,134105,66.3,61
32,11,1341,2,341,1,234101,64.4,61
32,13,341,1,341,5,134105,53.9,61
32,15,1341,2,341,1,234101,74.2,61
32,17,341,1,341,6,134106,90.4,61
32,19,341,1,341,4,134104,87.6,61
32,21,341,1,341,4,134104,50.1,61
32,23,1341,2,341,1,234101,44.3,61
32,27,341,1,341,5,134105,86.5,61
32,29,341,1,341,4,134104,91.1,61
32,31,342,1,342,2,134202,95.8,61
32,33,1341,2,341,1,234101,71.8,61
33,1,1212,2,212,1,221201,57.2,61
33,3,1212,2,212,1,221201,75.4,61
33,5,1212,2,212,2,221202,100,61
33,7,1212,2,212,1,221201,100,61
33,9,1212,2,212,1,221201,57.5,61
33,11,1212,2,212,2,221202,58.3,61
33,13,1212,2,212,2,221202,54.6,61
33,15,221,1,221,1,122101,100,61
33,17,221,1,221,1,122101,100,62
33,19,1212,2,212,2,221202,100,62
34,1,221,1,221,3,122103,100,62
34,3,221,1,221,4,122104,74.2,62
34,5,221,1,221,3,122103,100,62
34,7,221,1,221,3,122103,100,62
34,9,221,1,221,3,122103,100,62
34,11,221,1,221,3,122103,100,62
34,13,221,1,221,4,122104,100,62
34,15,221,1,221,3,122103,100,62
34,17,221,1,221,4,122104,100,62
34,19,221,1,221,4,122104,99.6,62
34,21,221,1,221,3,122103,67.3,62
34,23,221,1,221,3,122103,60.6,62
34,25,221,1,221,3,122103,100,62
34,27,221,1,221,4,122104,60.9,62
34,29,221,1,221,3,122103,100,62
34,31,221,1,221,1,122101,65.6,62
34,33,221,1,221,3,122103,100,62
34,35,221,1,221,4,122104,100,62
34,37,221,1,221,2,122102,85.3,62
34,39,221,1,221,4,122104,100,62
34,41,221,1,221,1,122101,60,62
35,1,313,1,313,5,131305,85.6,62
35,3,1313,2,313,1,231301,96.7,62
35,5,315,1,315,1,131501,55.5,62
35,6,1313,2,313,1,231301,84.7,62
35,7,1331,2,331,6,233106,48,62
35,9,315,1,315,2,131502,98.9,62
35,11,315,1,315,1,131501,100,62
35,13,321,1,321,1,132101,100,62
35,15,321,1,321,1,132101,88.1,62
35,17,321,1,321,1,132101,81.3,62
35,19,315,1,315,1,131501,90.2,62
35,21,315,1,315,1,131501,92,62
35,23,321,1,321,1,132101,100,62
35,25,315,1,315,2,131502,58.9,62
35,27,1313,2,313,2,231302,45.3,62
35,28,1331,2,331,7,233107,86.6,62
35,29,321,1,321,1,132101,100,62
35,31,1313,2,313,1,231301,60.4,62
35,33,1313,2,313,2,231302,49.4,63
35,35,321,1,321,1,132101,63,63
35,37,315,1,315,2,131502,63.1,63
35,39,1331,2,331,7,233107,43.3,63
35,41,315,1,315,2,131502,72.9,63
35,43,1313,2,313,1,231301,43.4,63
35,45,313,1,313,2,131302,73.7,63
35,47,1313,2,313,2,231302,52.2,63
35,49,331,1,331,10,133110,50.1,63
35,51,321,1,321,1,132101,86.2,63
35,53,1313,2,313,1,231301,39.9,63
35,55,331,1,331,10,133110,79.9,63
35,57,1313,2,313,2,231302,89.8,63
35,59,315,1,315,1,131501,52.4,63
35,61,313,1,313,5,131305,82.8,63
36,1,221,1,221,2,122102,78.7,63
36,3,212,1,212,6,121206,97.5,63
36,5,221,1,221,4,122104,100,63
36,7,212,1,212,6,121206,100,63
36,9,212,1,212,6,121206,79.3,63
36,11,222,1,222,9,122209,72.8,63
36,13,221,1,221,6,122106,59.3,63
36,15,212,1,212,6,121206,100,63
36,17,212,1,212,6,121206,100,63
36,19,1212,2,212,4,221204,70.6,63
36,21,221,1,221,2,122102,62.9,63
36,23,212,1,212,6,121206,100,63
36,25,1212,2,212,5,221205,75.6,63
36,27,221,1,221,2,122102,52.6,63
36,29,222,1,222,9,122209,89,63
36,31,1212,2,212,4,221204,83.7,63
36,33,1212,2,212,4,221204,76.4,63
36,35,212,1,212,6,121206,51.2,63
36,37,222,1,222,9,122209,94.6,63
36,39,221,1,221,2,122102,52.7,63
36,41,1212,2,212,4,221204,100,63
36,43,1212,2,212,4,221204,57.7,63
36,45,222,1,222,9,122209,92.4,63
36,47,221,1,221,1,122101,100,63
36,49,1212,2,212,4,221204,80,63
36,51,212,1,212,6,121206,69.7,63
36,53,212,1,212,6,121206,97.2,63
36,55,222,1,222,9,122209,100,64
36,57,212,1,212,6,121206,100,64
36,59,221,1,221,1,122101,100,64
36,61,221,1,221,4,122104,100,64
36,63,222,1,222,9,122209,100,64
36,65,212,1,212,6,121206,72.8,64
36,67,212,1,212,6,121206,73.1,64
36,69,222,1,222,9,122209,56,64
36,71,221,1,221,2,122102,83.9,64
36,73,222,1,222,9,122209,100,64
36,75,222,1,222,9,122209,90,64
36,77,212,1,212,6,121206,100,64
36,79,221,1,221,1,122101,100,64
36,81,221,1,221,1,122101,100,64
36,83,221,1,221,2,122102,55.7,64
36,85,221,1,221,4,122104,100,64
36,87,221,1,221,1,122101,89.8,64
36,89,212,1,212,5,121205,58.2,64
36,91,221,1,221,2,122102,60.3,64
36,93,221,1,221,2,122102,53.5,64
36,95,212,1,212,6,121206,68.8,64
36,97,212,1,212,6,121206,100,64
36,99,222,1,222,9,122209,59.8,64
36,101,212,1,212,6,121206,100,64
36,103,221,1,221,1,122101,100,64
36,105,212,1,212,6,121206,56.2,64
36,107,212,1,212,6,121206,100,64
36,109,212,1,212,6,121206,100,64
36,111,221,1,221,2,122102,53.4,64
36,113,1212,2,212,4,221204,96,64
36,115,221,1,221,2,122102,63.9,64
36,117,222,1,222,9,122209,100,64
36,119,221,1,221,1,122101,80.4,64
36,121,212,1,212,6,121206,85.2,64
36,123,212,1,212,6,121206,100,64
37,1,231,1,231,1,123101,100,64
37,3,231,1,231,1,123101,96.5,64
37,5,1221,2,221,4,222104,100,64
37,7,231,1,231,1,123101,100,64
37,9,1221,2,221,4,222104,99.8,64
37,11,1221,2,221,4,222104,100,64
37,13,232,1,232,3,123203,100,64
37,15,232,1,232,1,123201,56,65
37,17,232,1,232,2,123202,76.1,65
37,19,232,1,232,3,123203,100,65
37,21,1221,2,221,4,222104,100,65
37,23,1221,2,221,4,222104,60.4,65
37,25,231,1,231,1,123101,100,65
37,27,1221,2,221,4,222104,82.4,65
37,29,232,1,232,1,123201,100,65
37,31,232,1,232,3,123203,100,65
37,33,231,1,231,1,123101,100,65
37,35,231,1,231,1,123101,100,65
37,37,231,1,231,1,123101,100,65
37,39,1221,2,221,4,222104,100,65
37,41,232,1,232,1,123201,100,65
37,43,1221,2,221,4,222104,100,65
37,45,231,1,231,1,123101,100,65
37,47,232,1,232,3,123203,71.4,65
37,49,232,1,232,3,123203,100,65
37,51,232,1,232,2,123202,81.6,65
37,53,232,1,232,1,123201,100,65
37,55,232,1,232,3,123203,94.1,65
37,57,231,1,231,1,123101,100,65
37,59,231,1,231,1,123101,100,65
37,61,232,1,232,2,123202,76.1,65
37,63,231,1,231,1,123101,100,65
37,65,232,1,232,2,123202,95.3,65
37,67,231,1,231,1,123101,100,65
37,69,231,1,231,1,123101,100,65
37,71,231,1,231,1,123101,100,65
37,73,232,1,232,1,123201,100,65
37,75,1221,2,221,4,222104,100,65
37,77,231,1,231,1,123101,100,65
37,79,232,1,232,2,123202,100,65
37,81,231,1,231,1,123101,100,65
37,83,232,1,232,1,123201,53.2,65
37,85,231,1,231,1,123101,94.1,65
37,87,1221,2,221,4,222104,100,65
37,89,1221,2,221,4,222104,100,65
37,91,232,1,232,1,123201,100,65
37,93,231,1,231,1,123101,62,65
37,95,232,1,232,3,123203,100,65
37,97,231,1,231,1,123101,100,65
37,99,1221,2,221,4,222104,100,65
37,101,232,1,232,2,123202,52.2,66
37,103,232,1,232,3,123203,99,66
37,105,231,1,231,1,123101,100,66
37,107,232,1,232,2,123202,78.4,66
37,109,231,1,231,1,123101,100,66
37,111,1221,2,221,4,222104,100,66
37,113,1221,2,221,4,222104,100,66
37,115,1221,2,221,4,222104,99.7,66
37,117,232,1,232,3,123203,99.8,66
37,119,231,1,231,1,123101,100,66
37,121,1221,2,221,4,222104,100,66
37,123,231,1,231,1,123101,100,66
37,125,231,1,231,1,123101,100,66
37,127,231,1,231,1,123101,56.4,66
37,129,232,1,232,3,123203,100,66
37,131,232,1,232,1,123201,89.2,66
37,133,232,1,232,3,123203,100,66
37,135,231,1,231,1,123101,100,66
37,137,232,1,232,3,123203,100,66
37,139,232,1,232,1,123201,100,66
37,141,232,1,232,3,123203,98.9,66
37,143,232,1,232,1,123201,100,66
37,145,231,1,231,1,123101,100,66
37,147,232,1,232,3,123203,66.2,66
37,149,1221,2,221,4,222104,66.1,66
37,151,231,1,231,1,123101,100,66
37,153,231,1,231,1,123101,100,66
37,155,232,1,232,2,123202,100,66
37,157,231,1,231,1,123101,100,66
37,159,231,1,231,1,123101,100,66
37,161,231,1,231,1,123101,51,66
37,163,232,1,232,2,123202,98.1,66
37,165,231,1,231,1,123101,58.5,66
37,167,231,1,231,1,123101,100,66
37,169,231,1,231,1,123101,99.8,66
37,171,1221,2,221,4,222104,58.5,66
37,173,1221,2,221,4,222104,100,66
37,175,1221,2,221,4,222104,100,66
37,177,232,1,232,3,123203,100,66
37,179,231,1,231,1,123101,100,66
37,181,231,1,231,1,123101,100,66
37,183,231,1,231,1,123101,100,66
37,185,231,1,231,1,123101,100,66
37,187,232,1,232,3,123203,100,67
37,189,1221,2,221,4,222104,100,67
37,191,232,1,232,2,123202,100,67
37,193,1221,2,221,4,222104,80.4,67
37,195,232,1,232,2,123202,99.9,67
37,197,231,1,231,1,123101,100,67
37,199,1221,2,221,4,222104,100,67
38,1,331,1,331,6,133106,100,67
38,3,332,1,332,1,133201,100,67
38,5,332,1,332,1,133201,100,67
38,7,331,1,331,6,133106,100,67
38,9,332,1,332,1,133201,100,67
38,11,331,1,331,6,133106,100,67
38,13,332,1,332,1,133201,97.4,67
38,15,331,1,331,5,133105,92.7,67
38,17,251,1,251,1,125101,80.3,67
38,19,332,1,332,1,133201,83.6,67
38,21,332,1,332,1,133201,81.4,67
38,23,331,1,331,5,133105,75.7,67
38,25,331,1,331,6,133106,79.4,67
38,27,332,1,332,1,133201,100,67
38,29,331,1,331,5,133105,51,67
38,31,332,1,332,1,133201,100,67
38,33,331,1,331,6,133106,100,67
38,35,251,1,251,1,125101,99,67
38,37,331,1,331,6,133106,100,67
38,39,332,1,332,1,133201,100,67
38,41,331,1,331,6,133106,100,67
38,43,331,1,331,5,133105,95.3,67
38,45,332,1,332,1,133201,82.5,67
38,47,331,1,331,5,133105,100,67
38,49,332,1,332,1,133201,100,67
38,51,331,1,331,5,133105,100,67
38,53,331,1,331,6,133106,58,67
38,55,331,1,331,5,133105,95.1,67
38,57,331,1,331,5,133105,77.8,67
38,59,331,1,331,6,133106,95.2,67
38,61,331,1,331,5,133105,89.4,67
38,63,332,1,332,1,133201,94.3,67
38,65,331,1,331,5,133105,87,67
38,67,251,1,251,1,125101,100,67
38,69,332,1,332,1,133201,100,67
38,71,332,1,332,1,133201,100,68
38,73,332,1,332,1,133201,87.6,68
38,75,332,1,332,1,133201,100,68
38,77,251,1,251,1,125101,100,68
38,79,332,1,332,1,133201,100,68
38,81,332,1,332,1,133201,77,68
38,83,332,1,332,1,133201,52.7,68
38,85,331,1,331,6,133106,100,68
38,87,331,1,331,6,133106,100,68
38,89,331,1,331,6,133106,100,68
38,91,251,1,251,1,125101,54,68
38,93,332,1,332,1,133201,73.5,68
38,95,332,1,332,1,133201,100,68
38,97,251,1,251,1,125101,100,68
38,99,251,1,251,1,125101,77.4,68
38,101,332,1,332,1,133201,74.9,68
38,103,332,1,332,1,133201,97,68
38,105,331,1,331,5,133105,100,68
39,1,222,1,222,6,122206,76.5,68
39,3,222,1,222,8,122208,63.9,68
39,5,221,1,221,6,122106,58,68
39,7,221,1,221,6,122106,60.7,68
39,9,221,1,221,5,122105,100,68
39,11,222,1,222,8,122208,100,68
39,13,221,1,221,5,122105,100,68
39,15,222,1,222,8,122208,68.8,68
39,17,222,1,222,8,122208,100,68
39,19,221,1,221,5,122105,92.7,68
39,21,222,1,222,8,122208,100,68
39,23,222,1,222,8,122208,100,68
39,25,222,1,222,8,122208,65.9,68
39,27,222,1,222,8,122208,100,68
39,29,221,1,221,6,122106,90.3,68
39,31,221,1,221,5,122105,100,68
39,33,222,1,222,8,122208,100,68
39,35,222,1,222,9,122209,70.8,68
39,37,222,1,222,8,122208,100,68
39,39,222,1,222,9,122209,76.6,68
39,41,222,1,222,8,122208,91.6,68
39,43,222,1,222,9,122209,100,68
39,45,221,1,221,6,122106,93.8,68
39,47,222,1,222,8,122208,100,68
39,49,222,1,222,8,122208,85.9,69
39,51,222,1,222,9,122209,95.7,69
39,53,221,1,221,5,122105,100,69
39,55,221,1,221,6,122106,85.8,69
39,57,222,1,222,8,122208,100,69
39,59,221,1,221,5,122105,100,69
39,61,222,1,222,8,122208,61.2,69
39,63,222,1,222,9,122209,55.2,69
39,65,222,1,222,8,122208,100,69
39,67,221,1,221,5,122105,100,69
39,69,222,1,222,9,122209,100,69
39,71,222,1,222,8,122208,87.8,69
39,73,221,1,221,5,122105,74.8,69
39,75,221,1,221,5,122105,85.4,69
39,77,222,1,222,8,122208,73.2,69
39,79,221,1,221,5,122105,100,69
39,81,221,1,221,5,122105,100,69
39,83,221,1,221,6,122106,78.6,69
39,85,222,1,222,9,122209,100,69
39,87,221,1,221,5,122105,100,69
39,89,221,1,221,6,122106,92,69
39,91,222,1,222,8,122208,100,69
39,93,222,1,222,9,122209,60,69
39,95,222,1,222,9,122209,100,69
39,97,222,1,222,8,122208,100,69
39,99,221,1,221,6,122106,100,69
39,101,222,1,222,8,122208,100,69
39,103,221,1,221,6,122106,59.4,69
39,105,221,1,221,5,122105,100,69
39,107,222,1,222,8,122208,100,69
39,109,222,1,222,8,122208,100,69
39,111,221,1,221,5,122105,100,69
39,113,222,1,222,8,122208,100,69
39,115,221,1,221,5,122105,100,69
39,117,222,1,222,8,122208,76.5,69
39,119,221,1,221,5,122105,100,69
39,121,221,1,221,5,122105,100,69
39,123,222,1,222,9,122209,100,69
39,125,222,1,222,9,122209,99.1,69
39,127,221,1,221,5,122105,65.3,69
39,129,222,1,222,8,122208,75.9,69
39,131,221,1,221,5,122105,88.7,69
39,133,221,1,221,6,122106,100,69
39,135,222,1,222,8,122208,100,70
39,137,222,1,222,9,122209,100,70
39,139,222,1,222,8,122208,55.3,70
39,141,221,1,221,6,122106,39.8,70
39,143,222,1,222,9,122209,100,70
39,145,221,1,221,5,122105,100,70
39,147,222,1,222,9,122209,54.8,70
39,149,222,1,222,8,122208,100,70
39,151,221,1,221,6,122106,87.9,70
39,153,221,1,221,6,122106,100,70
39,155,221,1,221,6,122106,100,70
39,157,221,1,221,5,122105,100,70
39,159,222,1,222,8,122208,100,70
39,161,222,1,222,9,122209,68.2,70
39,163,221,1,221,5,122105,99.6,70
39,165,222,1,222,8,122208,100,70
39,167,221,1,221,5,122105,100,70
39,169,221,1,221,6,122106,99.9,70
39,171,222,1,222,10,122210,41.5,70
39,173,222,1,222,9,122209,100,70
39,175,222,1,222,8,122208,100,70
40,1,222,1,222,1,122201,73.2,70
40,3,332,1,332,5,133205,100,70
40,5,255,1,255,1,125501,100,70
40,7,331,1,331,2,133102,100,70
40,9,311,1,311,1,131101,94.7,70
40,11,311,1,311,1,131101,77,70
40,13,255,1,255,1,125501,98.4,70
40,15,311,1,311,1,131101,100,70
40,17,311,1,311,1,131101,100,70
40,19,255,1,255,1,125501,100,70
40,21,222,1,222,1,122201,65.5,70
40,23,255,1,255,3,125503,78.6,70
40,25,331,1,331,2,133102,55.2,70
40,27,255,1,255,1,125501,73,70
40,29,255,1,255,1,125501,100,70
40,31,311,1,311,1,131101,100,70
40,33,311,1,311,1,131101,100,70
40,35,251,1,251,5,125105,100,70
40,37,251,1,251,6,125106,57,70
40,39,311,1,311,1,131101,100,70
40,41,222,1,222,1,122201,92.9,70
40,43,311,1,311,1,131101,76.7,71
40,45,331,1,331,2,133102,60.2,71
40,47,332,1,332,5,133205,100,71
40,49,255,1,255,1,125501,89.9,71
40,51,311,1,311,1,131101,100,71
40,53,332,1,332,5,133205,100,71
40,55,311,1,311,1,131101,100,71
40,57,311,1,311,1,131101,84.6,71
40,59,331,1,331,2,133102,72,71
40,61,255,1,255,1,125501,72.1,71
40,63,255,1,255,1,125501,100,71
40,65,311,1,311,1,131101,85.9,71
40,67,255,1,255,1,125501,93.3,71
40,69,255,1,255,1,125501,100,71
40,71,332,1,332,5,133205,71.3,71
40,73,311,1,311,1,131101,66.3,71
40,75,311,1,311,1,131101,100,71
40,77,231,1,231,7,123107,68.8,71
40,79,231,1,231,7,123107,64.2,71
40,81,255,1,255,1,125501,99.9,71
40,83,311,1,311,1,131101,54.5,71
40,85,255,1,255,1,125501,100,71
40,87,311,1,311,1,131101,61,71
40,89,1231,2,231,1,223101,63.2,71
40,91,255,1,255,1,125501,100,71
40,93,332,1,332,5,133205,100,71
40,95,255,1,255,1,125501,100,71
40,97,251,1,251,5,125105,88.7,71
40,99,255,1,255,1,125501,100,71
40,101,251,1,251,5,125105,64.6,71
40,103,332,1,332,5,133205,69.5,71
40,105,251,1,251,5,125105,100,71
40,107,255,1,255,1,125501,100,71
40,109,311,1,311,1,131101,58.8,71
40,111,255,1,255,1,125501,87.1,71
40,113,251,1,251,6,125106,99.9,71
40,115,251,1,251,5,125105,68.4,71
40,117,251,1,251,6,125106,100,71
40,119,251,1,251,6,125106,80.2,71
40,121,255,1,255,1,125501,97.5,71
40,123,255,1,255,1,125501,100,71
40,125,255,1,255,1,125501,100,71
40,127,1231,2,231,1,223101,76,71
40,129,311,1,311,1,131101,57.8,72
40,131,251,1,251,5,125105,100,72
40,133,255,1,255,1,125501,100,72
40,135,1222,2,222,1,222201,91.3,72
40,137,311,1,311,1,131101,60.9,72
40,139,331,1,331,2,133102,100,72
40,141,311,1,311,1,131101,99.9,72
40,143,251,1,251,5,125105,63.3,72
40,145,251,1,251,5,125105,100,72
40,147,251,1,251,6,125106,65.5,72
40,149,311,1,311,1,131101,100,72
40,151,332,1,332,5,133205,100,72
40,153,332,1,332,5,133205,72.5,72
41,1,1332,2,332,7,233207,63.2,72
41,3,242,1,242,1,124201,52.9,72
41,5,1242,2,242,2,224202,51.6,72
41,7,1242,2,242,1,224201,100,72
41,9,242,1,242,1,124201,54.3,72
41,11,1242,2,242,1,224201,76.5,72
41,13,342,1,342,8,134208,65.7,72
41,15,1261,2,261,1,226101,96.6,72
41,17,1242,2,242,3,224203,65.7,72
41,19,1242,2,242,1,224201,32.4,72
41,21,342,1,342,9,134209,53,72
41,23,1332,2,332,7,233207,96.9,72
41,25,342,1,342,2,134202,87,72
41,27,1242,2,242,3,224203,100,72
41,29,1261,2,261,1,226101,54.9,72
41,31,1242,2,242,3,224203,47.9,72
41,33,1261,2,261,1,226101,100,72
41,35,1242,2,242,3,224203,68.5,72
41,37,342,1,342,2,134202,60.4,72
41,39,1242,2,242,2,224202,52.1,72
41,41,1242,2,242,1,224201,100,72
41,43,1242,2,242,2,224202,57.8,72
41,45,342,1,342,3,134203,83.8,72
41,47,242,1,242,1,124201,62.6,72
41,49,342,1,342,8,134208,52,72
41,51,242,1,242,1,124201,58.9,72
41,53,1242,2,242,1,224201,58.6,72
41,55,342,1,342,8,134208,76.8,72
41,57,1242,2,242,1,224201,100,72
41,59,342,1,342,9,134209,48.8,73
41,61,1332,2,332,7,233207,89.6,73
41,63,1332,2,332,7,233207,100,73
41,65,1242,2,242,3,224203,63.2,73
41,67,242,1,242,1,124201,58.6,73
41,69,1332,2,332,7,233207,68.4,73
41,71,1242,2,242,1,224201,56.1,73
42,1,1221,2,221,4,222104,50.1,73
42,3,221,1,221,5,122105,100,73
42,5,221,1,221,5,122105,100,73
42,7,221,1,221,5,122105,55.4,73
42,9,1221,2,221,1,222101,85.6,73
42,11,1221,2,221,1,222101,74.8,73
42,13,1221,2,221,2,222102,55.1,73
42,15,212,1,212,6,121206,100,73
42,17,221,1,221,4,122104,75.5,73
42,19,221,1,221,5,122105,69.8,73
42,21,1221,2,221,2,222102,91,73
42,23,212,1,212,7,121207,100,73
42,25,1221,2,221,1,222101,100,73
42,27,1221,2,221,1,222101,61.5,73
42,29,221,1,221,4,122104,100,73
42,31,221,1,221,5,122105,78.1,73
42,33,221,1,221,5,122105,66.8,73
42,35,212,1,212,7,121207,60.8,73
42,37,1221,2,221,1,222101,99.8,73
42,39,221,1,221,6,122106,97.7,73
42,41,1221,2,221,1,222101,87.3,73
42,43,1221,2,221,1,222101,99.6,73
42,45,221,1,221,3,122103,58.9,73
42,47,212,1,212,7,121207,100,73
42,49,222,1,222,9,122209,63.3,73
42,51,221,1,221,5,122105,69.3,73
42,53,212,1,212,7,121207,100,73
42,55,1221,2,221,1,222101,80.2,73
42,57,1221,2,221,1,222101,100,73
42,59,221,1,221,5,122105,100,73
42,61,1221,2,221,1,222101,99.8,73
42,63,221,1,221,5,122105,91.6,73
42,65,221,1,221,5,122105,84.1,73
42,67,1221,2,221,1,222101,100,73
42,69,1221,2,221,1,222101,70.6,73
42,71,221,1,221,4,122104,86.4,74
42,73,221,1,221,6,122106,100,74
42,75,1221,2,221,1,222101,100,74
42,77,1221,2,221,1,222101,51.5,74
42,79,1221,2,221,1,222101,85.5,74
42,81,1221,2,221,1,222101,58.4,74
42,83,212,1,212,7,121207,100,74
42,85,221,1,221,6,122106,100,74
42,87,1221,2,221,1,222101,100,74
42,89,1221,2,221,1,222101,56.2,74
42,91,221,1,221,4,122104,92.4,74
42,93,1221,2,221,1,222101,100,74
42,95,221,1,221,2,122102,46.4,74
42,97,1221,2,221,1,222101,100,74
42,99,1221,2,221,1,222101,100,74
42,101,221,1,221,3,122103,96.4,74
42,103,212,1,212,6,121206,65.3,74
42,105,212,1,212,7,121207,66.5,74
42,107,1221,2,221,1,222101,100,74
42,109,1221,2,221,1,222101,100,74
42,111,1221,2,221,2,222102,99.1,74
42,113,212,1,212,6,121206,90.2,74
42,115,212,1,212,6,121206,100,74
42,117,212,1,212,6,121206,91.5,74
42,119,1221,2,221,1,222101,100,74
42,121,212,1,212,7,121207,46.3,74
42,123,212,1,212,7,121207,56.2,74
42,125,221,1,221,5,122105,100,74
42,127,212,1,212,6,121206,91.9,74
42,129,221,1,221,5,122105,79,74
42,131,212,1,212,6,121206,99.9,74
42,133,221,1,221,4,122104,89.4,74
44,1,221,1,221,1,122101,100,74
44,3,221,1,221,1,122101,100,74
44,5,221,1,221,1,122101,100,74
44,7,221,1,221,1,122101,100,74
44,9,221,1,221,1,122101,100,74
45,1,231,1,231,1,123101,100,74
45,3,231,1,231,1,123101,80.1,74
45,5,232,1,232,2,123202,100,74
45,7,231,1,231,1,123101,100,74
45,9,232,1,232,2,123202,96,75
45,11,232,1,232,2,123202,100,75
45,13,232,1,232,3,123203,100,75
45,15,232,1,232,3,123203,99.9,75
45,17,232,1,232,2,123202,100,75
45,19,232,1,232,3,123203,100,75
45,21,231,1,231,1,123101,100,75
45,23,231,1,231,1,123101,100,75
45,25,231,1,231,1,123101,99.5,75
45,27,232,1,232,2,123202,99,75
45,29,232,1,232,3,123203,97.8,75
45,31,232,1,232,2,123202,82.2,75
45,33,232,1,232,2,123202,100,75
45,35,232,1,232,3,123203,100,75
45,37,231,1,231,1,123101,100,75
45,39,231,1,231,1,123101,100,75
45,41,232,1,232,2,123202,75.9,75
45,43,232,1,232,3,123203,100,75
45,45,231,1,231,1,123101,69.3,75
45,47,231,1,231,1,123101,100,75
45,49,232,1,232,3,123203,63.4,75
45,51,232,1,232,3,123203,91.5,75
45,53,232,1,232,3,123203,100,75
45,55,231,1,231,1,123101,97.8,75
45,57,231,1,231,1,123101,100,75
45,59,231,1,231,1,123101,100,75
45,61,232,1,232,2,123202,81.7,75
45,63,231,1,231,1,123101,70.8,75
45,65,231,1,231,1,123101,100,75
45,67,232,1,232,2,123202,69.6,75
45,69,232,1,232,2,123202,65.8,75
45,71,231,1,231,1,123101,100,75
45,73,1221,2,221,4,222104,88.7,75
45,75,232,1,232,2,123202,81.3,75
45,77,1221,2,221,4,222104,89.9,75
45,79,231,1,231,1,123101,52.2,75
45,81,231,1,231,1,123101,100,75
45,83,231,1,231,1,123101,100,75
45,85,232,1,232,2,123202,100,75
45,87,231,1,231,1,123101,100,75
45,89,232,1,232,3,123203,98.7,75
45,91,231,1,231,1,123101,100,75
46,3,332,1,332,2,133202,83.6,76
46,5,332,1,332,2,133202,92.4,76
46,7,331,1,331,6,133106,92.4,76
46,9,332,1,332,2,133202,89.7,76
46,11,251,1,251,2,125102,100,76
46,13,332,1,332,2,133202,73.5,76
46,15,332,1,332,4,133204,93.2,76
46,17,332,1,332,4,133204,100,76
46,19,331,1,331,6,133106,99.5,76
46,21,331,1,331,5,133105,77.2,76
46,23,332,1,332,2,133202,69.5,76
46,25,251,1,251,2,125102,59.7,76
46,27,251,1,251,2,125102,100,76
46,29,251,1,251,2,125102,100,76
46,31,331,1,331,6,133106,100,76
46,33,1334,2,334,1,233401,56.8,76
46,35,332,1,332,2,133202,100,76
46,37,251,1,251,2,125102,67.2,76
46,39,251,1,251,2,125102,100,76
46,41,331,1,331,6,133106,98.7,76
46,43,332,1,332,2,133202,100,76
46,45,332,1,332,4,133204,43.1,76
46,47,331,1,331,6,133106,87.5,76
46,49,332,1,332,4,133204,79.6,76
46,51,251,1,251,2,125102,100,76
46,53,332,1,332,4,133204,99.8,76
46,55,331,1,331,6,133106,100,76
46,57,251,1,251,2,125102,100,76
46,59,332,1,332,4,133204,83.6,76
46,61,332,1,332,2,133202,100,76
46,63,331,1,331,6,133106,100,76
46,65,332,1,332,4,133204,53.7,76
46,67,332,1,332,2,133202,88.9,76
46,69,332,1,332,4,133204,100,76
46,71,331,1,331,6,133106,100,76
46,73,332,1,332,4,133204,88.4,76
46,75,331,1,331,6,133106,69.6,76
46,77,251,1,251,2,125102,67.7,76
46,79,251,1,251,2,125102,100,76
46,81,1334,2,334,1,233401,89.1,76
46,83,251,1,251,2,125102,100,76
46,85,332,1,332,4,133204,99.7,76
46,87,251,1,251,2,125102,51.9,76
46,89,331,1,331,5,133105,73.4,77
46,91,332,1,332,2,133202,48.8,77
46,93,331,1,331,6,133106,86,77
46,95,331,1,331,6,133106,61.4,77
46,97,332,1,332,2,133202,84.9,77
46,99,251,1,251,2,125102,100,77
46,101,251,1,251,2,125102,100,77
46,103,331,1,331,6,133106,67.1,77
46,105,331,1,331,6,133106,100,77
46,107,331,1,331,5,133105,85.4,77
46,109,251,1,251,2,125102,73.8,77
46,111,332,1,332,2,133202,100,77
46,113,331,1,331,6,133106,100,77
46,115,332,1,332,2,133202,100,77
46,117,331,1,331,6,133106,94,77
46,119,331,1,331,5,133105,47.4,77
46,121,332,1,332,4,133204,56.9,77
46,123,332,1,332,4,133204,100,77
46,125,251,1,251,2,125102,100,77
46,127,251,1,251,2,125102,80,77
46,129,331,1,331,5,133105,89.4,77
46,135,251,1,251,2,125102,98.2,77
46,137,331,1,331,6,133106,100,77
47,1,221,1,221,9,122109,86.3,77
47,3,222,1,222,5,122205,100,77
47,5,222,1,222,3,122203,73.8,77
47,7,221,1,221,8,122108,100,77
47,9,221,1,221,10,122110,95.3,77
47,11,221,1,221,10,122110,94.8,77
47,13,221,1,221,9,122109,92.2,77
47,15,222,1,222,5,122205,100,77
47,17,222,1,222,3,122203,100,77
47,19,1221,2,221,4,222104,52.5,77
47,21,222,1,222,5,122205,100,77
47,23,222,1,222,3,122203,100,77
47,25,221,1,221,9,122109,100,77
47,27,222,1,222,5,122205,100,77
47,29,221,1,221,10,122110,64,77
47,31,222,1,222,5,122205,100,77
47,33,222,1,222,3,122203,100,77
47,35,221,1,221,8,122108,99.7,77
47,37,222,1,222,5,122205,100,77
47,39,222,1,222,3,122203,97.6,78
47,41,222,1,222,5,122205,100,78
47,43,222,1,222,5,122205,100,78
47,45,222,1,222,3,122203,60.7,78
47,47,231,1,231,2,123102,89.1,78
47,49,221,1,221,8,122108,99.9,78
47,51,222,1,222,5,122205,81.9,78
47,53,222,1,222,3,122203,100,78
47,55,222,1,222,5,122205,100,78
47,57,221,1,221,9,122109,53.9,78
47,59,1221,2,221,1,222101,53.4,78
47,61,221,1,221,8,122108,53.4,78
47,63,221,1,221,10,122110,100,78
47,65,221,1,221,8,122108,98.4,78
47,67,221,1,221,9,122109,100,78
47,69,222,1,222,3,122203,55,78
47,71,222,1,222,3,122203,67.4,78
47,73,221,1,221,9,122109,36.9,78
47,75,222,1,222,3,122203,97.4,78
47,77,222,1,222,3,122203,100,78
47,79,222,1,222,3,122203,100,78
47,81,222,1,222,5,122205,100,78
47,83,222,1,222,5,122205,100,78
47,85,222,1,222,5,122205,100,78
47,87,222,1,222,5,122205,100,78
47,89,221,1,221,10,122110,100,78
47,91,1221,2,221,4,222104,58.1,78
47,93,221,1,221,10,122110,96.1,78
47,95,234,1,234,1,123401,100,78
47,97,222,1,222,3,122203,59.2,78
47,99,222,1,222,5,122205,82.2,78
47,101,222,1,222,5,122205,100,78
47,103,222,1,222,5,122205,100,78
47,105,221,1,221,10,122110,100,78
47,107,221,1,221,10,122110,100,78
47,109,222,1,222,3,122203,76.2,78
47,111,222,1,222,5,122205,100,78
47,113,222,1,222,3,122203,100,78
47,115,221,1,221,8,122108,100,78
47,117,222,1,222,5,122205,100,78
47,119,222,1,222,5,122205,100,78
47,121,221,1,221,10,122110,64,78
47,123,221,1,221,10,122110,81.5,78
47,125,222,1,222,5,122205,100,79
47,127,222,1,222,5,122205,100,79
47,129,221,1,221,8,122108,76.1,79
47,131,222,1,222,3,122203,66,79
47,133,222,1,222,5,122205,88.3,79
47,135,222,1,222,5,122205,81.3,79
47,137,222,1,222,5,122205,67.1,79
47,139,221,1,221,10,122110,65.4,79
47,141,222,1,222,5,122205,96.2,79
47,143,221,1,221,8,122108,99.5,79
47,145,221,1,221,10,122110,37.8,79
47,147,222,1,222,5,122205,100,79
47,149,222,1,222,5,122205,100,79
47,151,221,1,221,8,122108,70.7,79
47,153,221,1,221,8,122108,99.7,79
47,155,221,1,221,10,122110,76.7,79
47,157,231,1,231,2,123102,54.4,79
47,159,222,1,222,5,122205,100,79
47,161,222,1,222,5,122205,87.9,79
47,163,1221,2,221,1,222101,100,79
47,165,222,1,222,5,122205,100,79
47,167,231,1,231,2,123102,57.6,79
47,169,222,1,222,5,122205,100,79
47,171,1221,2,221,4,222104,79.8,79
47,173,221,1,221,9,122109,96.5,79
47,175,221,1,221,8,122108,50.8,79
47,177,222,1,222,5,122205,99.5,79
47,179,1221,2,221,1,222101,100,79
47,181,231,1,231,2,123102,69.1,79
47,183,222,1,222,3,122203,100,79
47,185,222,1,222,5,122205,89.5,79
47,187,222,1,222,5,122205,100,79
47,189,222,1,222,5,122205,100,79
48,1,255,1,255,3,125503,73.6,79
48,3,315,1,315,2,131502,99.9,79
48,5,231,1,231,5,123105,100,79
48,7,255,1,255,4,125504,75.1,79
48,9,315,1,315,3,131503,68.8,79
48,11,315,1,315,2,131502,94.2,79
48,13,315,1,315,5,131505,100,79
48,15,255,1,255,3,125503,86.1,79
48,17,315,1,315,2,131502,100,79
48,19,315,1,315,4,131504,100,80
48,21,255,1,255,2,125502,60.7,80
48,23,315,1,315,3,131503,100,80
48,25,315,1,315,5,131505,99.8,80
48,27,255,1,255,2,125502,59.2,80
48,29,315,1,315,4,131504,52.7,80
48,31,315,1,315,4,131504,100,80
48,33,315,1,315,3,131503,80.1,80
48,35,315,1,315,4,131504,51.3,80
48,37,231,1,231,5,123105,88.6,80
48,39,255,1,255,4,125504,100,80
48,41,255,1,255,3,125503,100,80
48,43,321,1,321,1,132101,87.7,80
48,45,315,1,315,2,131502,57.7,80
48,47,315,1,315,5,131505,100,80
48,49,315,1,315,3,131503,67.7,80
48,51,255,1,255,3,125503,98.4,80
48,53,315,1,315,4,131504,100,80
48,55,255,1,255,2,125502,71,80
48,57,255,1,255,4,125504,100,80
48,59,315,1,315,3,131503,100,80
48,61,315,1,315,5,131505,73.6,80
48,63,231,1,231,5,123105,79.8,80
48,65,315,1,315,2,131502,100,80
48,67,231,1,231,5,123105,100,80
48,69,315,1,315,2,131502,100,80
48,71,231,1,231,6,123106,97.1,80
48,73,231,1,231,5,123105,100,80
48,75,315,1,315,3,131503,94,80
48,77,255,1,255,1,125501,82.6,80
48,79,315,1,315,2,131502,100,80
48,81,315,1,315,3,131503,100,80
48,83,315,1,315,3,131503,100,80
48,85,255,1,255,1,125501,66.4,80
48,87,311,1,311,1,131101,64.6,80
48,89,255,1,255,3,125503,93.8,80
48,91,315,1,315,4,131504,96.1,80
48,93,255,1,255,1,125501,88.4,80
48,95,315,1,315,3,131503,100,80
48,97,255,1,255,1,125501,100,80
48,99,315,1,315,4,131504,99.9,80
48,101,315,1,315,3,131503,100,80
48,103,321,1,321,1,132101,100,80
48,105,321,1,321,2,132102,54.2,81
48,107,315,1,315,2,131502,84.7,81
48,109,321,1,321,1,132101,83.8,81
48,111,315,1,315,2,131502,97.3,81
48,113,255,1,255,1,125501,59.7,81
48,115,315,1,315,2,131502,100,81
48,117,315,1,315,2,131502,100,81
48,119,255,1,255,2,125502,58.7,81
48,121,255,1,255,1,125501,100,81
48,123,255,1,255,3,125503,78.3,81
48,125,315,1,315,3,131503,92.1,81
48,127,315,1,315,5,131505,100,81
48,129,315,1,315,3,131503,70.4,81
48,131,315,1,315,5,131505,100,81
48,133,255,1,255,1,125501,88.4,81
48,135,321,1,321,1,132101,69.2,81
48,137,315,1,315,4,131504,56,81
48,139,255,1,255,2,125502,73.4,81
48,141,321,1,321,1,132101,100,81
48,143,255,1,255,1,125501,100,81
48,145,255,1,255,2,125502,100,81
48,147,255,1,255,2,125502,52.2,81
48,149,255,1,255,3,125503,100,81
48,151,315,1,315,3,131503,100,81
48,153,315,1,315,2,131502,99.1,81
48,155,315,1,315,3,131503,100,81
48,157,255,1,255,4,125504,100,81
48,159,255,1,255,3,125503,100,81
48,161,255,1,255,3,125503,83.6,81
48,163,315,1,315,5,131505,100,81
48,165,315,1,315,2,131502,100,81
48,167,255,1,255,4,125504,83.5,81
48,169,315,1,315,3,131503,69.7,81
48,171,315,1,315,4,131504,100,81
48,173,315,1,315,2,131502,93.2,81
48,175,255,1,255,3,125503,56.9,81
48,177,255,1,255,3,125503,99.7,81
48,179,315,1,315,2,131502,100,81
48,181,255,1,255,1,125501,100,81
48,183,231,1,231,5,123105,100,81
48,185,255,1,255,3,125503,100,81
48,187,255,1,255,2,125502,56.7,81
48,189,315,1,315,2,131502,100,81
48,191,315,1,315,3,131503,100,82
48,193,315,1,315,4,131504,84,82
48,195,315,1,315,2,131502,61.5,82
48,197,315,1,315,3,131503,100,82
48,199,231,1,231,5,123105,81.4,82
48,201,255,1,255,4,125504,74.3,82
48,203,231,1,231,5,123105,100,82
48,205,315,1,315,2,131502,100,82
48,207,315,1,315,3,131503,100,82
48,209,315,1,315,4,131504,69.3,82
48,211,315,1,315,2,131502,100,82
48,213,255,1,255,3,125503,74.9,82
48,215,315,1,315,5,131505,100,82
48,217,255,1,255,1,125501,65.4,82
48,219,315,1,315,2,131502,100,82
48,221,255,1,255,1,125501,100,82
48,223,255,1,255,3,125503,94.2,82
48,225,231,1,231,5,123105,60.9,82
48,227,315,1,315,2,131502,86.7,82
48,229,321,1,321,1,132101,100,82
48,231,255,1,255,2,125502,100,82
48,233,315,1,315,2,131502,100,82
48,235,315,1,315,3,131503,100,82
48,237,255,1,255,1,125501,100,82
48,239,255,1,255,4,125504,88.3,82
48,241,232,1,232,6,123206,83.4,82
48,243,321,1,321,1,132101,100,82
48,245,231,1,231,6,123106,97,82
48,247,315,1,315,5,131505,100,82
48,249,315,1,315,5,131505,100,82
48,251,255,1,255,1,125501,100,82
48,253,315,1,315,3,131503,100,82
48,255,315,1,315,5,131505,100,82
48,257,255,1,255,2,125502,100,82
48,259,315,1,315,4,131504,100,82
48,261,315,1,315,5,131505,72.3,82
48,263,315,1,315,3,131503,100,82
48,265,315,1,315,4,131504,100,82
48,267,315,1,315,4,131504,100,82
48,269,315,1,315,3,131503,100,82
48,271,321,1,321,2,132102,80.3,82
48,273,315,1,315,6,131506,63.3,82
48,275,315,1,315,3,131503,100,82
48,277,255,1,255,3,125503,83.8,83
48,279,315,1,315,2,131502,100,83
48,281,315,1,315,4,131504,100,83
48,283,315,1,315,5,131505,100,83
48,285,255,1,255,3,125503,100,83
48,287,255,1,255,3,125503,68.9,83
48,289,255,1,255,3,125503,100,83
48,291,231,1,231,5,123105,61,83
48,293,255,1,255,2,125502,85.4,83
48,295,331,1,331,2,133102,69.1,83
48,297,315,1,315,5,131505,100,83
48,299,315,1,315,4,131504,100,83
48,301,321,1,321,1,132101,100,83
48,303,315,1,315,2,131502,100,83
48,305,315,1,315,2,131502,99.7,83
48,307,315,1,315,3,131503,74.5,83
48,309,255,1,255,2,125502,75,83
48,311,315,1,315,5,131505,100,83
48,313,255,1,255,3,125503,100,83
48,315,231,1,231,5,123105,100,83
48,317,315,1,315,2,131502,100,83
48,319,315,1,315,4,131504,100,83
48,321,255,1,255,4,125504,100,83
48,323,315,1,315,5,131505,66.9,83
48,325,315,1,315,4,131504,53.6,83
48,327,315,1,315,4,131504,53.3,83
48,329,315,1,315,2,131502,92.7,83
48,331,255,1,255,2,125502,89.5,83
48,333,315,1,315,4,131504,100,83
48,335,315,1,315,3,131503,93.9,83
48,337,255,1,255,1,125501,100,83
48,339,231,1,231,5,123105,81.6,83
48,341,315,1,315,2,131502,100,83
48,343,231,1,231,5,123105,80.7,83
48,345,315,1,315,3,131503,85.6,83
48,347,231,1,231,5,123105,100,83
48,349,255,1,255,2,125502,93.2,83
48,351,232,1,232,6,123206,100,83
48,353,315,1,315,3,131503,100,83
48,355,315,1,315,6,131506,84.2,83
48,357,331,1,331,2,133102,56,83
48,359,315,1,315,2,131502,100,83
48,361,232,1,232,5,123205,70.4,83
48,363,255,1,255,1,125501,100,84
48,365,231,1,231,5,123105,100,84
48,367,255,1,255,1,125501,100,84
48,369,315,1,315,2,131502,100,84
48,371,321,1,321,1,132101,61.3,84
48,373,231,1,231,5,123105,100,84
48,375,315,1,315,2,131502,100,84
48,377,321,1,321,1,132101,100,84
48,379,255,1,255,3,125503,69.4,84
48,381,315,1,315,2,131502,100,84
48,383,315,1,315,3,131503,94,84
48,385,315,1,315,4,131504,100,84
48,387,255,1,255,3,125503,95.9,84
48,389,321,1,321,1,132101,100,84
48,391,255,1,255,4,125504,62.6,84
48,393,315,1,315,2,131502,100,84
48,395,255,1,255,3,125503,78.1,84
48,397,255,1,255,2,125502,100,84
48,399,315,1,315,3,131503,100,84
48,401,231,1,231,5,123105,100,84
48,403,232,1,232,6,123206,99.9,84
48,405,231,1,231,5,123105,86,84
48,407,231,1,231,5,123105,100,84
48,409,315,1,315,6,131506,66.1,84
48,411,315,1,315,4,131504,98.1,84
48,413,315,1,315,3,131503,95.9,84
48,415,315,1,315,3,131503,100,84
48,417,315,1,315,3,131503,100,84
48,419,231,1,231,5,123105,94.6,84
48,421,315,1,315,2,131502,74.4,84
48,423,231,1,231,5,123105,86.2,84
48,425,255,1,255,1,125501,100,84
48,427,315,1,315,5,131505,100,84
48,429,255,1,255,1,125501,96.5,84
48,431,315,1,315,3,131503,85.4,84
48,433,315,1,315,3,131503,100,84
48,435,315,1,315,3,131503,58.7,84
48,437,315,1,315,2,131502,100,84
48,439,255,1,255,1,125501,100,84
48,441,315,1,315,3,131503,100,84
48,443,321,1,321,2,132102,100,84
48,445,315,1,315,2,131502,100,84
48,447,315,1,315,3,131503,94,84
48,449,255,1,255,3,125503,84.8,85
48,451,315,1,315,3,131503,100,85
48,453,255,1,255,2,125502,55.3,85
48,455,231,1,231,5,123105,100,85
48,457,231,1,231,5,123105,74.2,85
48,459,231,1,231,5,123105,100,85
48,461,321,1,321,1,132101,58.4,85
48,463,315,1,315,4,131504,54.2,85
48,465,321,1,321,2,132102,100,85
48,467,255,1,255,3,125503,61.6,85
48,469,255,1,255,4,125504,52.5,85
48,471,231,1,231,5,123105,70.1,85
48,473,255,1,255,3,125503,73,85
48,475,321,1,321,1,132101,100,85
48,477,255,1,255,3,125503,100,85
48,479,315,1,315,5,131505,100,85
48,481,255,1,255,4,125504,99.3,85
48,483,315,1,315,2,131502,88,85
48,485,315,1,315,3,131503,73.8,85
48,487,315,1,315,3,131503,88.1,85
48,489,315,1,315,5,131505,76.9,85
48,491,255,1,255,2,125502,54.9,85
48,493,315,1,315,5,131505,99.4,85
48,495,321,1,321,1,132101,96.2,85
48,497,255,1,255,1,125501,100,85
48,499,255,1,255,3,125503,70.8,85
48,501,315,1,315,2,131502,100,85
48,503,255,1,255,1,125501,92.3,85
48,505,315,1,315,5,131505,100,85
48,507,315,1,315,5,131505,100,85
49,1,341,1,341,1,134101,54.5,85
49,3,341,1,341,1,134101,52.4,85
49,5,1331,2,331,4,233104,88.7,85
49,7,1331,2,331,4,233104,62.1,85
49,9,1331,2,331,5,233105,97.8,85
49,11,341,1,341,1,134101,27.2,85
49,13,1331,2,331,5,233105,53.2,85
49,15,341,1,341,2,134102,77.1,85
49,17,1341,2,341,3,234103,54.5,85
49,19,341,1,341,2,134102,66.9,85
49,21,1341,2,341,3,234103,58.3,85
49,23,341,1,341,1,134101,88.8,85
49,25,313,1,313,1,131301,83.8,86
49,27,341,1,341,1,134101,82.7,86
49,29,1331,2,331,4,233104,100,86
49,31,1341,2,341,3,234103,94.4,86
49,33,1331,2,331,4,233104,55.5,86
49,35,341,1,341,1,134101,76.6,86
49,37,313,1,313,1,131301,48.6,86
49,39,341,1,341,1,134101,71,86
49,41,1341,2,341,3,234103,72.8,86
49,43,1331,2,331,5,233105,54.6,86
49,45,341,1,341,1,134101,89.2,86
49,47,341,1,341,3,134103,54.2,86
49,49,341,1,341,1,134101,59.6,86
49,51,1331,2,331,4,233104,70.8,86
49,53,313,1,313,1,131301,32.5,86
49,55,341,1,341,2,134102,60.6,86
49,57,1331,2,331,4,233104,54.5,86
50,1,212,1,212,5,121205,75.9,86
50,3,1212,2,212,3,221203,100,86
50,5,1212,2,212,2,221202,53.6,86
50,7,212,1,212,5,121205,63.8,86
50,9,1212,2,212,1,221201,94.3,86
50,11,212,1,212,5,121205,52.7,86
50,13,212,1,212,5,121205,100,86
50,15,1212,2,212,3,221203,90.4,86
50,17,1212,2,212,2,221202,83.3,86
50,19,1212,2,212,2,221202,61,86
50,21,1212,2,212,3,221203,80.4,86
50,23,1212,2,212,3,221203,64.4,86
50,25,1212,2,212,3,221203,68.2,86
50,27,1212,2,212,2,221202,51.2,86
51,1,232,1,232,1,123201,100,86
51,3,1221,2,221,4,222104,51.8,86
51,510,231,1,231,1,123101,100,86
51,5,1221,2,221,1,222101,100,86
51,7,231,1,231,1,123101,100,86
51,9,1221,2,221,4,222104,50.2,86
51,11,231,1,231,1,123101,100,86
51,13,231,1,231,1,123101,100,86
51,15,1221,2,221,1,222101,100,86
51,17,1221,2,221,1,222101,100,86
51,19,1221,2,221,4,222104,48.1,87
51,515,1221,2,221,4,222104,100,87
51,21,1221,2,221,1,222101,100,87
51,23,1221,2,221,1,222101,100,87
51,520,1221,2,221,1,222101,100,87
51,25,231,1,231,1,123101,100,87
51,27,1221,2,221,3,222103,100,87
51,29,231,1,231,1,123101,100,87
51,530,1221,2,221,1,222101,100,87
51,31,231,1,231,1,123101,100,87
51,33,232,1,232,1,123201,52.2,87
51,35,1221,2,221,4,222104,95,87
51,36,232,1,232,1,123201,100,87
51,37,231,1,231,1,123101,100,87
51,540,1221,2,221,4,222104,100,87
51,550,232,1,232,1,123201,100,87
51,41,231,1,231,1,123101,85.3,87
51,43,1221,2,221,1,222101,68,87
51,560,1221,2,221,1,222101,100,87
51,570,232,1,232,1,123201,100,87
51,580,1221,2,221,1,222101,100,87
51,45,1221,2,221,1,222101,100,87
51,47,231,1,231,1,123101,67.2,87
51,49,231,1,231,1,123101,100,87
51,590,231,1,231,1,123101,100,87
51,51,1221,2,221,3,222103,100,87
51,53,231,1,231,1,123101,85.6,87
51,595,232,1,232,1,123201,100,87
51,57,232,1,232,1,123201,100,87
51,59,231,1,231,1,123101,100,87
51,600,231,1,231,1,123101,100,87
51,610,231,1,231,1,123101,100,87
51,61,231,1,231,1,123101,52.2,87
51,63,1221,2,221,4,222104,78.8,87
51,65,231,1,231,1,123101,100,87
51,67,231,1,231,1,123101,55.5,87
51,620,232,1,232,1,123201,100,87
51,69,1221,2,221,1,222101,100,87
51,630,231,1,231,1,123101,100,87
51,640,1221,2,221,4,222104,100,87
51,71,1221,2,221,1,222101,100,87
51,73,232,1,232,1,123201,100,87
51,75,231,1,231,1,123101,100,87
51,77,1221,2,221,4,222104,81.4,88
51,79,1221,2,221,4,222104,83,88
51,81,232,1,232,1,123201,62.2,88
51,83,231,1,231,1,123101,100,88
51,650,232,1,232,1,123201,100,88
51,85,231,1,231,1,123101,64.7,88
51,660,1221,2,221,1,222101,100,88
51,87,232,1,232,1,123201,60.7,88
51,89,231,1,231,1,123101,100,88
51,91,1221,2,221,1,222101,100,88
51,670,232,1,232,1,123201,100,88
51,93,232,1,232,1,123201,100,88
51,95,232,1,232,1,123201,100,88
51,97,232,1,232,1,123201,100,88
51,99,232,1,232,1,123201,85,88
51,101,232,1,232,1,123201,100,88
51,103,232,1,232,1,123201,100,88
51,105,221,1,221,9,122109,100,88
51,678,1221,2,221,1,222101,100,88
51,107,1221,2,221,4,222104,67.5,88
51,109,231,1,231,1,123101,100,88
51,111,231,1,231,1,123101,100,88
51,680,231,1,231,1,123101,100,88
51,113,1221,2,221,4,222104,84,88
51,683,231,1,231,1,123101,100,88
51,685,231,1,231,1,123101,100,88
51,690,231,1,231,1,123101,100,88
51,115,232,1,232,1,123201,100,88
51,117,231,1,231,1,123101,100,88
51,119,232,1,232,1,123201,100,88
51,121,1221,2,221,1,222101,100,88
51,125,1221,2,221,4,222104,56.1,88
51,127,232,1,232,1,123201,100,88
51,700,232,1,232,1,123201,100,88
51,710,232,1,232,1,123201,100,88
51,131,232,1,232,1,123201,100,88
51,133,232,1,232,1,123201,100,88
51,720,1221,2,221,3,222103,53.8,88
51,135,231,1,231,1,123101,100,88
51,137,231,1,231,1,123101,93.6,88
51,139,1221,2,221,1,222101,96.7,88
51,141,1221,2,221,4,222104,55.1,88
51,730,232,1,232,1,123201,100,88
51,143,231,1,231,1,123101,100,89
51,735,232,1,232,1,123201,100,89
51,740,232,1,232,1,123201,100,89
51,145,231,1,231,1,123101,100,89
51,147,231,1,231,1,123101,100,89
51,149,232,1,232,1,123201,100,89
51,153,231,1,231,1,123101,100,89
51,155,1221,2,221,1,222101,100,89
51,750,1221,2,221,1,222101,100,89
51,157,1221,2,221,4,222104,99,89
51,159,232,1,232,1,123201,100,89
51,760,231,1,231,1,123101,85.3,89
51,161,1221,2,221,1,222101,85.7,89
51,163,1221,2,221,1,222101,100,89
51,165,1221,2,221,1,222101,100,89
51,167,1221,2,221,3,222103,50.4,89
51,775,1221,2,221,1,222101,100,89
51,169,1221,2,221,1,222101,61.9,89
51,171,1221,2,221,1,222101,100,89
51,173,1221,2,221,1,222101,100,89
51,175,232,1,232,1,123201,100,89
51,780,231,1,231,1,123101,100,89
51,177,231,1,231,1,123101,100,89
51,179,231,1,231,1,123101,100,89
51,790,1221,2,221,1,222101,100,89
51,800,232,1,232,1,123201,100,89
51,181,232,1,232,1,123201,100,89
51,183,232,1,232,1,123201,98.3,89
51,185,1221,2,221,1,222101,53.1,89
51,810,232,1,232,1,123201,100,89
51,187,1221,2,221,1,222101,80.9,89
51,191,1221,2,221,1,222101,100,89
51,820,1221,2,221,1,222101,100,89
51,193,232,1,232,1,123201,100,89
51,830,232,1,232,1,123201,100,89
51,840,1221,2,221,1,222101,100,89
51,195,1221,2,221,3,222103,64.2,89
51,197,1221,2,221,1,222101,100,89
51,199,232,1,232,1,123201,100,89
53,1,342,1,342,9,134209,100,89
53,3,1332,2,332,7,233207,70.8,89
53,5,342,1,342,9,134209,100,90
53,7,1242,2,242,3,224203,91.7,90
53,9,1242,2,242,1,224201,97.4,90
53,11,242,1,242,1,124201,88.1,90
53,13,331,1,331,1,133101,47.3,90
53,15,242,1,242,1,124201,97,90
53,17,342,1,342,9,134209,74,90
53,19,1333,2,333,1,233301,100,90
53,21,342,1,342,9,134209,100,90
53,23,331,1,331,1,133101,66.4,90
53,25,342,1,342,9,134209,97.8,90
53,27,1242,2,242,1,224201,96.9,90
53,29,242,1,242,1,124201,100,90
53,31,1242,2,242,1,224201,79.2,90
53,33,1242,2,242,2,224202,51.5,90
53,35,242,1,242,1,124201,100,90
53,37,342,1,342,9,134209,52.9,90
53,39,1242,2,242,3,224203,52.3,90
53,41,1242,2,242,2,224202,43.7,90
53,43,342,1,342,9,134209,77.9,90
53,45,1242,2,242,1,224201,56.7,90
53,47,1242,2,242,3,224203,50.7,90
53,49,1242,2,242,1,224201,100,90
53,51,1333,2,333,1,233301,100,90
53,53,1242,2,242,2,224202,51.6,90
53,55,242,1,242,1,124201,100,90
53,57,1242,2,242,2,224202,56.5,90
53,59,1242,2,242,2,224202,75.8,90
53,61,1242,2,242,2,224202,58.7,90
53,63,1333,2,333,1,233301,47.5,90
53,65,1333,2,333,1,233301,100,90
53,67,242,1,242,1,124201,98.3,90
53,69,1242,2,242,1,224201,100,90
53,71,342,1,342,9,134209,81.4,90
53,73,1242,2,242,2,224202,53.7,90
53,75,331,1,331,1,133101,60.1,90
53,77,342,1,342,9,134209,51.2,90
54,1,1221,2,221,2,222102,74.7,90
54,3,1221,2,221,1,222101,100,90
54,5,1221,2,221,3,222103,75.3,90
54,7,221,1,221,5,122105,81.1,90
54,9,221,1,221,5,122105,100,90
54,11,221,1,221,5,122105,100,91
54,13,221,1,221,5,122105,100,91
54,15,221,1,221,5,122105,76.3,91
54,17,221,1,221,5,122105,100,91
54,19,1221,2,221,2,222102,58.9,91
54,21,221,1,221,5,122105,100,91
54,23,1221,2,221,1,222101,62,91
54,25,1221,2,221,1,222101,60.2,91
54,27,1221,2,221,1,222101,100,91
54,29,221,1,221,5,122105,100,91
54,31,1221,2,221,1,222101,100,91
54,33,221,1,221,5,122105,100,91
54,35,221,1,221,5,122105,100,91
54,37,1221,2,221,1,222101,67.7,91
54,39,221,1,221,5,122105,75.1,91
54,41,221,1,221,5,122105,94.2,91
54,43,221,1,221,5,122105,100,91
54,45,1221,2,221,3,222103,82.9,91
54,47,1221,2,221,3,222103,100,91
54,49,221,1,221,5,122105,96.8,91
54,51,221,1,221,5,122105,100,91
54,53,221,1,221,5,122105,100,91
54,55,1221,2,221,1,222101,74.2,91
54,57,1221,2,221,1,222101,69.7,91
54,59,1221,2,221,3,222103,54,91
54,61,221,1,221,5,122105,75.6,91
54,63,1221,2,221,1,222101,100,91
54,65,1221,2,221,1,222101,100,91
54,67,1221,2,221,2,222102,74.4,91
54,69,221,1,221,5,122105,100,91
54,71,1221,2,221,1,222101,99.2,91
54,73,221,1,221,5,122105,100,91
54,75,1221,2,221,1,222101,78.8,91
54,77,1221,2,221,2,222102,100,91
54,79,221,1,221,5,122105,100,91
54,81,1221,2,221,3,222103,54.8,91
54,83,1221,2,221,2,222102,95.4,91
54,85,221,1,221,5,122105,100,91
54,87,221,1,221,5,122105,100,91
54,89,1221,2,221,1,222101,71.7,91
54,91,1221,2,221,2,222102,53,91
54,93,1221,2,221,2,222102,96.4,91
54,95,221,1,221,5,122105,100,91
54,97,1221,2,221,2,222102,67.7,92
54,99,221,1,221,5,122105,100,92
54,101,1221,2,221,2,222102,100,92
54,103,221,1,221,5,122105,100,92
54,105,221,1,221,5,122105,100,92
54,107,221,1,221,5,122105,100,92
54,109,1221,2,221,3,222103,100,92
55,1,222,1,222,11,122211,100,92
55,3,212,1,212,10,121210,100,92
55,5,212,1,212,10,121210,99.5,92
55,7,212,1,212,10,121210,72.3,92
55,9,212,1,212,8,121208,100,92
55,11,222,1,222,12,122212,100,92
55,13,212,1,212,11,121211,91.6,92
55,15,222,1,222,11,122211,76.6,92
55,17,212,1,212,10,121210,70.7,92
55,19,212,1,212,10,121210,94.3,92
55,21,222,1,222,11,122211,100,92
55,23,222,1,222,12,122212,100,92
55,25,222,1,222,11,122211,82.1,92
55,27,222,1,222,11,122211,100,92
55,29,212,1,212,8,121208,100,92
55,31,212,1,212,11,121211,67.1,92
55,33,222,1,222,13,122213,94.9,92
55,35,222,1,222,12,122212,72,92
55,37,212,1,212,10,121210,100,92
55,39,222,1,222,11,122211,100,92
55,41,212,1,212,10,121210,100,92
55,43,222,1,222,12,122212,100,92
55,45,222,1,222,12,122212,38.3,92
55,47,222,1,222,11,122211,100,92
55,49,222,1,222,12,122212,100,92
55,51,212,1,212,10,121210,100,92
55,53,222,1,222,12,122212,56.9,92
55,55,222,1,222,11,122211,100,92
55,57,222,1,222,11,122211,65.6,92
55,59,222,1,222,11,122211,100,92
55,61,212,1,212,8,121208,100,92
55,63,222,1,222,12,122212,100,92
55,65,222,1,222,12,122212,100,92
55,67,212,1,212,10,121210,100,92
55,69,212,1,212,10,121210,100,92
55,71,212,1,212,8,121208,99.4,93
55,73,212,1,212,10,121210,100,93
55,75,212,1,212,10,121210,61.2,93
55,77,222,1,222,11,122211,100,93
55,78,212,1,212,10,121210,99.2,93
55,79,222,1,222,11,122211,100,93
55,81,222,1,222,12,122212,84.4,93
55,83,212,1,212,8,121208,54.9,93
55,85,212,1,212,10,121210,100,93
55,87,212,1,212,8,121208,93.1,93
55,89,222,1,222,11,122211,95.5,93
55,91,222,1,222,12,122212,81,93
55,93,222,1,222,13,122213,80.7,93
55,95,212,1,212,10,121210,70.2,93
55,97,222,1,222,11,122211,57,93
55,99,212,1,212,10,121210,100,93
55,101,222,1,222,11,122211,100,93
55,103,222,1,222,12,122212,100,93
55,105,222,1,222,11,122211,94.8,93
55,107,212,1,212,10,121210,100,93
55,109,222,1,222,13,122213,88.8,93
55,111,222,1,222,12,122212,80.2,93
55,113,212,1,212,10,121210,90.3,93
55,115,212,1,212,10,121210,63.6,93
55,117,222,1,222,11,122211,54.2,93
55,119,212,1,212,10,121210,100,93
55,121,222,1,222,12,122212,100,93
55,123,222,1,222,12,122212,100,93
55,125,212,1,212,10,121210,100,93
55,127,222,1,222,11,122211,100,93
55,129,212,1,212,11,121211,62.7,93
55,131,222,1,222,11,122211,100,93
55,133,222,1,222,11,122211,100,93
55,135,212,1,212,10,121210,53.3,93
55,137,222,1,222,11,122211,100,93
55,139,222,1,222,11,122211,100,93
55,141,212,1,212,10,121210,79.6,93
56,1,342,1,342,6,134206,53.2,93
56,3,342,1,342,1,134201,86.3,93
56,5,331,1,331,7,133107,100,93
56,7,342,1,342,6,134206,56.2,93
56,9,331,1,331,6,133106,49.8,93
56,11,331,1,331,6,133106,63.9,94
56,13,342,1,342,6,134206,56.2,94
56,15,331,1,331,6,133106,59.2,94
56,17,342,1,342,1,134201,71.4,94
56,19,331,1,331,7,133107,36.8,94
56,21,331,1,331,8,133108,85.9,94
56,23,342,1,342,5,134205,39.2,94
56,25,342,1,342,6,134206,62.5,94
56,27,331,1,331,6,133106,94.2,94
56,29,1331,2,331,1,233101,85.8,94
56,31,331,1,331,6,133106,51.8,94
56,33,331,1,331,7,133107,50.2,94
56,35,342,1,342,7,134207,58.2,94
56,37,342,1,342,7,134207,95,94
56,39,1331,2,331,4,233104,70.9,94
56,41,342,1,342,5,134205,33.7,94
56,43,342,1,342,1,134201,90.9,94
56,45,331,1,331,6,133106,61.7,94
