"source_file","source_line_start","source_line_end","routine","target","ordinal","literal","value_type","value_numeric","value_character","upstream_commit"
"voleqdef.f",181,188,"R1_EQN","(FIA(I),I=1,38)",1,"12","numeric",12,,"38548071d5aa652bb90c7f111f86b427f798a1c9"
"voleqdef.f",181,188,"R1_EQN","(FIA(I),I=1,38)",2,"15","numeric",15,,"38548071d5aa652bb90c7f111f86b427f798a1c9"
"voleqdef.f",181,188,"R1_EQN","(FIA(I),I=1,38)",3,"17","numeric",17,,"38548071d5aa652bb90c7f111f86b427f798a1c9"
"voleqdef.f",181,188,"R1_EQN","(FIA(I),I=1,38)",4,"19","numeric",19,,"38548071d5aa652bb90c7f111f86b427f798a1c9"
"voleqdef.f",181,188,"R1_EQN","(FIA(I),I=1,38)",5,"64","numeric",64,,"38548071d5aa652bb90c7f111f86b427f798a1c9"
"voleqdef.f",181,188,"R1_EQN","(FIA(I),I=1,38)",6,"66","numeric",66,,"38548071d5aa652bb90c7f111f86b427f798a1c9"
"voleqdef.f",181,188,"R1_EQN","(FIA(I),I=1,38)",7,"72","numeric",72,,"38548071d5aa652bb90c7f111f86b427f798a1c9"
"voleqdef.f",181,188,"R1_EQN","(FIA(I),I=1,38)",8,"73","numeric",73,,"38548071d5aa652bb90c7f111f86b427f798a1c9"
"voleqdef.f",181,188,"R1_EQN","(FIA(I),I=1,38)",9,"93","numeric",93,,"38548071d5aa652bb90c7f111f86b427f798a1c9"
"voleqdef.f",181,188,"R1_EQN","(FIA(I),I=1,38)",10,"94","numeric",94,,"38548071d5aa652bb90c7f111f86b427f798a1c9"
"voleqdef.f",181,188,"R1_EQN","(FIA(I),I=1,38)",11,"96","numeric",96,,"38548071d5aa652bb90c7f111f86b427f798a1c9"
"voleqdef.f",181,188,"R1_EQN","(FIA(I),I=1,38)",12,"101","numeric",101,,"38548071d5aa652bb90c7f111f86b427f798a1c9"
"voleqdef.f",181,188,"R1_EQN","(FIA(I),I=1,38)",13,"102","numeric",102,,"38548071d5aa652bb90c7f111f86b427f798a1c9"
"voleqdef.f",181,188,"R1_EQN","(FIA(I),I=1,38)",14,"106","numeric",106,,"38548071d5aa652bb90c7f111f86b427f798a1c9"
"voleqdef.f",181,188,"R1_EQN","(FIA(I),I=1,38)",15,"108","numeric",108,,"38548071d5aa652bb90c7f111f86b427f798a1c9"
"voleqdef.f",181,188,"R1_EQN","(FIA(I),I=1,38)",16,"113","numeric",113,,"38548071d5aa652bb90c7f111f86b427f798a1c9"
"voleqdef.f",181,188,"R1_EQN","(FIA(I),I=1,38)",17,"119","numeric",119,,"38548071d5aa652bb90c7f111f86b427f798a1c9"
"voleqdef.f",181,188,"R1_EQN","(FIA(I),I=1,38)",18,"122","numeric",122,,"38548071d5aa652bb90c7f111f86b427f798a1c9"
"voleqdef.f",181,188,"R1_EQN","(FIA(I),I=1,38)",19,"133","numeric",133,,"38548071d5aa652bb90c7f111f86b427f798a1c9"
"voleqdef.f",181,188,"R1_EQN","(FIA(I),I=1,38)",20,"134","numeric",134,,"38548071d5aa652bb90c7f111f86b427f798a1c9"
"voleqdef.f",181,188,"R1_EQN","(FIA(I),I=1,38)",21,"202","numeric",202,,"38548071d5aa652bb90c7f111f86b427f798a1c9"
"voleqdef.f",181,188,"R1_EQN","(FIA(I),I=1,38)",22,"231","numeric",231,,"38548071d5aa652bb90c7f111f86b427f798a1c9"
"voleqdef.f",181,188,"R1_EQN","(FIA(I),I=1,38)",23,"242","numeric",242,,"38548071d5aa652bb90c7f111f86b427f798a1c9"
"voleqdef.f",181,188,"R1_EQN","(FIA(I),I=1,38)",24,"263","numeric",263,,"38548071d5aa652bb90c7f111f86b427f798a1c9"
"voleqdef.f",181,188,"R1_EQN","(FIA(I),I=1,38)",25,"264","numeric",264,,"38548071d5aa652bb90c7f111f86b427f798a1c9"
"voleqdef.f",181,188,"R1_EQN","(FIA(I),I=1,38)",26,"299","numeric",299,,"38548071d5aa652bb90c7f111f86b427f798a1c9"
"voleqdef.f",181,188,"R1_EQN","(FIA(I),I=1,38)",27,"321","numeric",321,,"38548071d5aa652bb90c7f111f86b427f798a1c9"
"voleqdef.f",181,188,"R1_EQN","(FIA(I),I=1,38)",28,"375","numeric",375,,"38548071d5aa652bb90c7f111f86b427f798a1c9"
"voleqdef.f",181,188,"R1_EQN","(FIA(I),I=1,38)",29,"475","numeric",475,,"38548071d5aa652bb90c7f111f86b427f798a1c9"
"voleqdef.f",181,188,"R1_EQN","(FIA(I),I=1,38)",30,"544","numeric",544,,"38548071d5aa652bb90c7f111f86b427f798a1c9"
"voleqdef.f",181,188,"R1_EQN","(FIA(I),I=1,38)",31,"740","numeric",740,,"38548071d5aa652bb90c7f111f86b427f798a1c9"
"voleqdef.f",181,188,"R1_EQN","(FIA(I),I=1,38)",32,"741","numeric",741,,"38548071d5aa652bb90c7f111f86b427f798a1c9"
"voleqdef.f",181,188,"R1_EQN","(FIA(I),I=1,38)",33,"745","numeric",745,,"38548071d5aa652bb90c7f111f86b427f798a1c9"
"voleqdef.f",181,188,"R1_EQN","(FIA(I),I=1,38)",34,"746","numeric",746,,"38548071d5aa652bb90c7f111f86b427f798a1c9"
"voleqdef.f",181,188,"R1_EQN","(FIA(I),I=1,38)",35,"747","numeric",747,,"38548071d5aa652bb90c7f111f86b427f798a1c9"
"voleqdef.f",181,188,"R1_EQN","(FIA(I),I=1,38)",36,"749","numeric",749,,"38548071d5aa652bb90c7f111f86b427f798a1c9"
"voleqdef.f",181,188,"R1_EQN","(FIA(I),I=1,38)",37,"998","numeric",998,,"38548071d5aa652bb90c7f111f86b427f798a1c9"
"voleqdef.f",181,188,"R1_EQN","(FIA(I),I=1,38)",38,"999","numeric",999,,"38548071d5aa652bb90c7f111f86b427f798a1c9"
"voleqdef.f",191,208,"R1_EQN","(EQNUM(I),I=1,81)",1,"'I00FW2W012'","character",,"I00FW2W012","38548071d5aa652bb90c7f111f86b427f798a1c9"
"voleqdef.f",191,208,"R1_EQN","(EQNUM(I),I=1,81)",2,"'102DVEW017'","character",,"102DVEW017","38548071d5aa652bb90c7f111f86b427f798a1c9"
"voleqdef.f",191,208,"R1_EQN","(EQNUM(I),I=1,81)",3,"'I00FW2W017'","character",,"I00FW2W017","38548071d5aa652bb90c7f111f86b427f798a1c9"
"voleqdef.f",191,208,"R1_EQN","(EQNUM(I),I=1,81)",4,"'I00FW2W019'","character",,"I00FW2W019","38548071d5aa652bb90c7f111f86b427f798a1c9"
"voleqdef.f",191,208,"R1_EQN","(EQNUM(I),I=1,81)",5,"'102DVEW060'","character",,"102DVEW060","38548071d5aa652bb90c7f111f86b427f798a1c9"
"voleqdef.f",191,208,"R1_EQN","(EQNUM(I),I=1,81)",6,"'102DVEW106'","character",,"102DVEW106","38548071d5aa652bb90c7f111f86b427f798a1c9"
"voleqdef.f",191,208,"R1_EQN","(EQNUM(I),I=1,81)",7,"'I00FW2W019'","character",,"I00FW2W019","38548071d5aa652bb90c7f111f86b427f798a1c9"
"voleqdef.f",191,208,"R1_EQN","(EQNUM(I),I=1,81)",8,"'I00FW2W073'","character",,"I00FW2W073","38548071d5aa652bb90c7f111f86b427f798a1c9"
"voleqdef.f",191,208,"R1_EQN","(EQNUM(I),I=1,81)",9,"'I00FW2W093'","character",,"I00FW2W093","38548071d5aa652bb90c7f111f86b427f798a1c9"
"voleqdef.f",191,208,"R1_EQN","(EQNUM(I),I=1,81)",10,"'102DVEW090'","character",,"102DVEW090","38548071d5aa652bb90c7f111f86b427f798a1c9"
"voleqdef.f",191,208,"R1_EQN","(EQNUM(I),I=1,81)",11,"'102DVEW090'","character",,"102DVEW090","38548071d5aa652bb90c7f111f86b427f798a1c9"
"voleqdef.f",191,208,"R1_EQN","(EQNUM(I),I=1,81)",12,"'I00FW2W119'","character",,"I00FW2W119","38548071d5aa652bb90c7f111f86b427f798a1c9"
"voleqdef.f",191,208,"R1_EQN","(EQNUM(I),I=1,81)",13,"'102DVEW108'","character",,"102DVEW108","38548071d5aa652bb90c7f111f86b427f798a1c9"
"voleqdef.f",191,208,"R1_EQN","(EQNUM(I),I=1,81)",14,"'102DVEW106'","character",,"102DVEW106","38548071d5aa652bb90c7f111f86b427f798a1c9"
"voleqdef.f",191,208,"R1_EQN","(EQNUM(I),I=1,81)",15,"'I00FW2W108'","character",,"I00FW2W108","38548071d5aa652bb90c7f111f86b427f798a1c9"
"voleqdef.f",191,208,"R1_EQN","(EQNUM(I),I=1,81)",16,"'I00FW2W073'","character",,"I00FW2W073","38548071d5aa652bb90c7f111f86b427f798a1c9"
"voleqdef.f",191,208,"R1_EQN","(EQNUM(I),I=1,81)",17,"'I00FW2W119'","character",,"I00FW2W119","38548071d5aa652bb90c7f111f86b427f798a1c9"
"voleqdef.f",191,208,"R1_EQN","(EQNUM(I),I=1,81)",18,"'I00FW2W122'","character",,"I00FW2W122","38548071d5aa652bb90c7f111f86b427f798a1c9"
"voleqdef.f",191,208,"R1_EQN","(EQNUM(I),I=1,81)",19,"'102DVEW106'","character",,"102DVEW106","38548071d5aa652bb90c7f111f86b427f798a1c9"
"voleqdef.f",191,208,"R1_EQN","(EQNUM(I),I=1,81)",20,"'102DVEW106'","character",,"102DVEW106","38548071d5aa652bb90c7f111f86b427f798a1c9"
"voleqdef.f",191,208,"R1_EQN","(EQNUM(I),I=1,81)",21,"'I00FW2W202'","character",,"I00FW2W202","38548071d5aa652bb90c7f111f86b427f798a1c9"
"voleqdef.f",191,208,"R1_EQN","(EQNUM(I),I=1,81)",22,"'616BEHW231'","character",,"616BEHW231","38548071d5aa652bb90c7f111f86b427f798a1c9"
"voleqdef.f",191,208,"R1_EQN","(EQNUM(I),I=1,81)",23,"'I00FW2W242'","character",,"I00FW2W242","38548071d5aa652bb90c7f111f86b427f798a1c9"
"voleqdef.f",191,208,"R1_EQN","(EQNUM(I),I=1,81)",24,"'I00FW2W260'","character",,"I00FW2W260","38548071d5aa652bb90c7f111f86b427f798a1c9"
"voleqdef.f",191,208,"R1_EQN","(EQNUM(I),I=1,81)",25,"'I00FW2W260'","character",,"I00FW2W260","38548071d5aa652bb90c7f111f86b427f798a1c9"
"voleqdef.f",191,208,"R1_EQN","(EQNUM(I),I=1,81)",26,"'I00FW2W260'","character",,"I00FW2W260","38548071d5aa652bb90c7f111f86b427f798a1c9"
"voleqdef.f",191,208,"R1_EQN","(EQNUM(I),I=1,81)",27,"'200DVEW746'","character",,"200DVEW746","38548071d5aa652bb90c7f111f86b427f798a1c9"
"voleqdef.f",191,208,"R1_EQN","(EQNUM(I),I=1,81)",28,"'101DVEW375'","character",,"101DVEW375","38548071d5aa652bb90c7f111f86b427f798a1c9"
"voleqdef.f",191,208,"R1_EQN","(EQNUM(I),I=1,81)",29,"'400DVEW475'","character",,"400DVEW475","38548071d5aa652bb90c7f111f86b427f798a1c9"
"voleqdef.f",191,208,"R1_EQN","(EQNUM(I),I=1,81)",30,"'101DVEW740'","character",,"101DVEW740","38548071d5aa652bb90c7f111f86b427f798a1c9"
"voleqdef.f",191,208,"R1_EQN","(EQNUM(I),I=1,81)",31,"'102DVEW740'","character",,"102DVEW740","38548071d5aa652bb90c7f111f86b427f798a1c9"
"voleqdef.f",191,208,"R1_EQN","(EQNUM(I),I=1,81)",32,"'101DVEW740'","character",,"101DVEW740","38548071d5aa652bb90c7f111f86b427f798a1c9"
"voleqdef.f",191,208,"R1_EQN","(EQNUM(I),I=1,81)",33,"'102DVEW740'","character",,"102DVEW740","38548071d5aa652bb90c7f111f86b427f798a1c9"
"voleqdef.f",191,208,"R1_EQN","(EQNUM(I),I=1,81)",34,"'102DVEW746'","character",,"102DVEW746","38548071d5aa652bb90c7f111f86b427f798a1c9"
"voleqdef.f",191,208,"R1_EQN","(EQNUM(I),I=1,81)",35,"'102DVEW740'","character",,"102DVEW740","38548071d5aa652bb90c7f111f86b427f798a1c9"
"voleqdef.f",191,208,"R1_EQN","(EQNUM(I),I=1,81)",36,"'102DVEW740'","character",,"102DVEW740","38548071d5aa652bb90c7f111f86b427f798a1c9"
"voleqdef.f",191,208,"R1_EQN","(EQNUM(I),I=1,81)",37,"'200DVEW746'","character",,"200DVEW746","38548071d5aa652bb90c7f111f86b427f798a1c9"
"voleqdef.f",191,208,"R1_EQN","(EQNUM(I),I=1,81)",38,"'I00FW2W260'","character",,"I00FW2W260","38548071d5aa652bb90c7f111f86b427f798a1c9"
"voleqdef.f",191,208,"R1_EQN","(EQNUM(I),I=1,81)",39,"'203FW2W122'","character",,"203FW2W122","38548071d5aa652bb90c7f111f86b427f798a1c9"
"voleqdef.f",191,208,"R1_EQN","(EQNUM(I),I=1,81)",40,"'102DVEW740'","character",,"102DVEW740","38548071d5aa652bb90c7f111f86b427f798a1c9"
"voleqdef.f",191,208,"R1_EQN","(EQNUM(I),I=1,81)",41,"'101DVEW108'","character",,"101DVEW108","38548071d5aa652bb90c7f111f86b427f798a1c9"
"voleqdef.f",191,208,"R1_EQN","(EQNUM(I),I=1,81)",42,"'100JB2W202'","character",,"100JB2W202","38548071d5aa652bb90c7f111f86b427f798a1c9"
"voleqdef.f",191,208,"R1_EQN","(EQNUM(I),I=1,81)",43,"'101DVEW202'","character",,"101DVEW202","38548071d5aa652bb90c7f111f86b427f798a1c9"
"voleqdef.f",191,208,"R1_EQN","(EQNUM(I),I=1,81)",44,"'102DVEW202'","character",,"102DVEW202","38548071d5aa652bb90c7f111f86b427f798a1c9"
"voleqdef.f",191,208,"R1_EQN","(EQNUM(I),I=1,81)",45,"'100FW2W202'","character",,"100FW2W202","38548071d5aa652bb90c7f111f86b427f798a1c9"
"voleqdef.f",191,208,"R1_EQN","(EQNUM(I),I=1,81)",46,"'103DVEW202'","character",,"103DVEW202","38548071d5aa652bb90c7f111f86b427f798a1c9"
"voleqdef.f",191,208,"R1_EQN","(EQNUM(I),I=1,81)",47,"'101DVEW017'","character",,"101DVEW017","38548071d5aa652bb90c7f111f86b427f798a1c9"
"voleqdef.f",191,208,"R1_EQN","(EQNUM(I),I=1,81)",48,"'100JB2W017'","character",,"100JB2W017","38548071d5aa652bb90c7f111f86b427f798a1c9"
"voleqdef.f",191,208,"R1_EQN","(EQNUM(I),I=1,81)",49,"'101DVEW060'","character",,"101DVEW060","38548071d5aa652bb90c7f111f86b427f798a1c9"
"voleqdef.f",191,208,"R1_EQN","(EQNUM(I),I=1,81)",50,"'100JB2W108'","character",,"100JB2W108","38548071d5aa652bb90c7f111f86b427f798a1c9"
"voleqdef.f",191,208,"R1_EQN","(EQNUM(I),I=1,81)",51,"'104DVEW108'","character",,"104DVEW108","38548071d5aa652bb90c7f111f86b427f798a1c9"
"voleqdef.f",191,208,"R1_EQN","(EQNUM(I),I=1,81)",52,"'103DVEW108'","character",,"103DVEW108","38548071d5aa652bb90c7f111f86b427f798a1c9"
"voleqdef.f",191,208,"R1_EQN","(EQNUM(I),I=1,81)",53,"'102DVEW260'","character",,"102DVEW260","38548071d5aa652bb90c7f111f86b427f798a1c9"
"voleqdef.f",191,208,"R1_EQN","(EQNUM(I),I=1,81)",54,"'100JB2W122'","character",,"100JB2W122","38548071d5aa652bb90c7f111f86b427f798a1c9"
"voleqdef.f",191,208,"R1_EQN","(EQNUM(I),I=1,81)",55,"'104DVEW122'","character",,"104DVEW122","38548071d5aa652bb90c7f111f86b427f798a1c9"
"voleqdef.f",191,208,"R1_EQN","(EQNUM(I),I=1,81)",56,"'102DVEW122'","character",,"102DVEW122","38548071d5aa652bb90c7f111f86b427f798a1c9"
"voleqdef.f",191,208,"R1_EQN","(EQNUM(I),I=1,81)",57,"'105DVEW122'","character",,"105DVEW122","38548071d5aa652bb90c7f111f86b427f798a1c9"
"voleqdef.f",191,208,"R1_EQN","(EQNUM(I),I=1,81)",58,"'106DVEW122'","character",,"106DVEW122","38548071d5aa652bb90c7f111f86b427f798a1c9"
"voleqdef.f",191,208,"R1_EQN","(EQNUM(I),I=1,81)",59,"'101DVEW122'","character",,"101DVEW122","38548071d5aa652bb90c7f111f86b427f798a1c9"
"voleqdef.f",191,208,"R1_EQN","(EQNUM(I),I=1,81)",60,"'102DVEW019'","character",,"102DVEW019","38548071d5aa652bb90c7f111f86b427f798a1c9"
"voleqdef.f",191,208,"R1_EQN","(EQNUM(I),I=1,81)",61,"'101DVEW019'","character",,"101DVEW019","38548071d5aa652bb90c7f111f86b427f798a1c9"
"voleqdef.f",191,208,"R1_EQN","(EQNUM(I),I=1,81)",62,"'100JB2W073'","character",,"100JB2W073","38548071d5aa652bb90c7f111f86b427f798a1c9"
"voleqdef.f",191,208,"R1_EQN","(EQNUM(I),I=1,81)",63,"'102DVEW073'","character",,"102DVEW073","38548071d5aa652bb90c7f111f86b427f798a1c9"
"voleqdef.f",191,208,"R1_EQN","(EQNUM(I),I=1,81)",64,"'101DVEW073'","character",,"101DVEW073","38548071d5aa652bb90c7f111f86b427f798a1c9"
"voleqdef.f",191,208,"R1_EQN","(EQNUM(I),I=1,81)",65,"'101DVEW999'","character",,"101DVEW999","38548071d5aa652bb90c7f111f86b427f798a1c9"
"voleqdef.f",191,208,"R1_EQN","(EQNUM(I),I=1,81)",66,"'101DVEW260'","character",,"101DVEW260","38548071d5aa652bb90c7f111f86b427f798a1c9"
"voleqdef.f",191,208,"R1_EQN","(EQNUM(I),I=1,81)",67,"'102DVEW101'","character",,"102DVEW101","38548071d5aa652bb90c7f111f86b427f798a1c9"
"voleqdef.f",191,208,"R1_EQN","(EQNUM(I),I=1,81)",68,"'I12FW2W012'","character",,"I12FW2W012","38548071d5aa652bb90c7f111f86b427f798a1c9"
"voleqdef.f",191,208,"R1_EQN","(EQNUM(I),I=1,81)",69,"'I11FW2W012'","character",,"I11FW2W012","38548071d5aa652bb90c7f111f86b427f798a1c9"
"voleqdef.f",191,208,"R1_EQN","(EQNUM(I),I=1,81)",70,"'I13FW2W012'","character",,"I13FW2W012","38548071d5aa652bb90c7f111f86b427f798a1c9"
"voleqdef.f",191,208,"R1_EQN","(EQNUM(I),I=1,81)",71,"'I14FW2W012'","character",,"I14FW2W012","38548071d5aa652bb90c7f111f86b427f798a1c9"
"voleqdef.f",191,208,"R1_EQN","(EQNUM(I),I=1,81)",72,"'I21FW2W012'","character",,"I21FW2W012","38548071d5aa652bb90c7f111f86b427f798a1c9"
"voleqdef.f",191,208,"R1_EQN","(EQNUM(I),I=1,81)",73,"'I22FW2W012'","character",,"I22FW2W012","38548071d5aa652bb90c7f111f86b427f798a1c9"
"voleqdef.f",191,208,"R1_EQN","(EQNUM(I),I=1,81)",74,"'102DVEW070'","character",,"102DVEW070","38548071d5aa652bb90c7f111f86b427f798a1c9"
"voleqdef.f",191,208,"R1_EQN","(EQNUM(I),I=1,81)",75,"'101DVEW240'","character",,"101DVEW240","38548071d5aa652bb90c7f111f86b427f798a1c9"
"voleqdef.f",191,208,"R1_EQN","(EQNUM(I),I=1,81)",76,"'102DVEW240'","character",,"102DVEW240","38548071d5aa652bb90c7f111f86b427f798a1c9"
"voleqdef.f",191,208,"R1_EQN","(EQNUM(I),I=1,81)",77,"'102DVEW119'","character",,"102DVEW119","38548071d5aa652bb90c7f111f86b427f798a1c9"
"voleqdef.f",191,208,"R1_EQN","(EQNUM(I),I=1,81)",78,"'101DVEW119'","character",,"101DVEW119","38548071d5aa652bb90c7f111f86b427f798a1c9"
"voleqdef.f",191,208,"R1_EQN","(EQNUM(I),I=1,81)",79,"'103DVEW122'","character",,"103DVEW122","38548071d5aa652bb90c7f111f86b427f798a1c9"
"voleqdef.f",191,208,"R1_EQN","(EQNUM(I),I=1,81)",80,"'100JB2W019'","character",,"100JB2W019","38548071d5aa652bb90c7f111f86b427f798a1c9"
"voleqdef.f",191,208,"R1_EQN","(EQNUM(I),I=1,81)",81,"'101DVEW090'","character",,"101DVEW090","38548071d5aa652bb90c7f111f86b427f798a1c9"
"voleqdef.f",318,326,"R2_EQN","(FIA(I),I=1,42)",1,"15","numeric",15,,"38548071d5aa652bb90c7f111f86b427f798a1c9"
"voleqdef.f",318,326,"R2_EQN","(FIA(I),I=1,42)",2,"17","numeric",17,,"38548071d5aa652bb90c7f111f86b427f798a1c9"
"voleqdef.f",318,326,"R2_EQN","(FIA(I),I=1,42)",3,"18","numeric",18,,"38548071d5aa652bb90c7f111f86b427f798a1c9"
"voleqdef.f",318,326,"R2_EQN","(FIA(I),I=1,42)",4,"19","numeric",19,,"38548071d5aa652bb90c7f111f86b427f798a1c9"
"voleqdef.f",318,326,"R2_EQN","(FIA(I),I=1,42)",5,"57","numeric",57,,"38548071d5aa652bb90c7f111f86b427f798a1c9"
"voleqdef.f",318,326,"R2_EQN","(FIA(I),I=1,42)",6,"63","numeric",63,,"38548071d5aa652bb90c7f111f86b427f798a1c9"
"voleqdef.f",318,326,"R2_EQN","(FIA(I),I=1,42)",7,"65","numeric",65,,"38548071d5aa652bb90c7f111f86b427f798a1c9"
"voleqdef.f",318,326,"R2_EQN","(FIA(I),I=1,42)",8,"66","numeric",66,,"38548071d5aa652bb90c7f111f86b427f798a1c9"
"voleqdef.f",318,326,"R2_EQN","(FIA(I),I=1,42)",9,"68","numeric",68,,"38548071d5aa652bb90c7f111f86b427f798a1c9"
"voleqdef.f",318,326,"R2_EQN","(FIA(I),I=1,42)",10,"69","numeric",69,,"38548071d5aa652bb90c7f111f86b427f798a1c9"
"voleqdef.f",318,326,"R2_EQN","(FIA(I),I=1,42)",11,"73","numeric",73,,"38548071d5aa652bb90c7f111f86b427f798a1c9"
"voleqdef.f",318,326,"R2_EQN","(FIA(I),I=1,42)",12,"93","numeric",93,,"38548071d5aa652bb90c7f111f86b427f798a1c9"
"voleqdef.f",318,326,"R2_EQN","(FIA(I),I=1,42)",13,"94","numeric",94,,"38548071d5aa652bb90c7f111f86b427f798a1c9"
"voleqdef.f",318,326,"R2_EQN","(FIA(I),I=1,42)",14,"96","numeric",96,,"38548071d5aa652bb90c7f111f86b427f798a1c9"
"voleqdef.f",318,326,"R2_EQN","(FIA(I),I=1,42)",15,"101","numeric",101,,"38548071d5aa652bb90c7f111f86b427f798a1c9"
"voleqdef.f",318,326,"R2_EQN","(FIA(I),I=1,42)",16,"102","numeric",102,,"38548071d5aa652bb90c7f111f86b427f798a1c9"
"voleqdef.f",318,326,"R2_EQN","(FIA(I),I=1,42)",17,"106","numeric",106,,"38548071d5aa652bb90c7f111f86b427f798a1c9"
"voleqdef.f",318,326,"R2_EQN","(FIA(I),I=1,42)",18,"108","numeric",108,,"38548071d5aa652bb90c7f111f86b427f798a1c9"
"voleqdef.f",318,326,"R2_EQN","(FIA(I),I=1,42)",19,"113","numeric",113,,"38548071d5aa652bb90c7f111f86b427f798a1c9"
"voleqdef.f",318,326,"R2_EQN","(FIA(I),I=1,42)",20,"114","numeric",114,,"38548071d5aa652bb90c7f111f86b427f798a1c9"
"voleqdef.f",318,326,"R2_EQN","(FIA(I),I=1,42)",21,"118","numeric",118,,"38548071d5aa652bb90c7f111f86b427f798a1c9"
"voleqdef.f",318,326,"R2_EQN","(FIA(I),I=1,42)",22,"122","numeric",122,,"38548071d5aa652bb90c7f111f86b427f798a1c9"
"voleqdef.f",318,326,"R2_EQN","(FIA(I),I=1,42)",23,"133","numeric",133,,"38548071d5aa652bb90c7f111f86b427f798a1c9"
"voleqdef.f",318,326,"R2_EQN","(FIA(I),I=1,42)",24,"134","numeric",134,,"38548071d5aa652bb90c7f111f86b427f798a1c9"
"voleqdef.f",318,326,"R2_EQN","(FIA(I),I=1,42)",25,"143","numeric",143,,"38548071d5aa652bb90c7f111f86b427f798a1c9"
"voleqdef.f",318,326,"R2_EQN","(FIA(I),I=1,42)",26,"202","numeric",202,,"38548071d5aa652bb90c7f111f86b427f798a1c9"
"voleqdef.f",318,326,"R2_EQN","(FIA(I),I=1,42)",27,"242","numeric",242,,"38548071d5aa652bb90c7f111f86b427f798a1c9"
"voleqdef.f",318,326,"R2_EQN","(FIA(I),I=1,42)",28,"264","numeric",264,,"38548071d5aa652bb90c7f111f86b427f798a1c9"
"voleqdef.f",318,326,"R2_EQN","(FIA(I),I=1,42)",29,"299","numeric",299,,"38548071d5aa652bb90c7f111f86b427f798a1c9"
"voleqdef.f",318,326,"R2_EQN","(FIA(I),I=1,42)",30,"375","numeric",375,,"38548071d5aa652bb90c7f111f86b427f798a1c9"
"voleqdef.f",318,326,"R2_EQN","(FIA(I),I=1,42)",31,"475","numeric",475,,"38548071d5aa652bb90c7f111f86b427f798a1c9"
"voleqdef.f",318,326,"R2_EQN","(FIA(I),I=1,42)",32,"740","numeric",740,,"38548071d5aa652bb90c7f111f86b427f798a1c9"
"voleqdef.f",318,326,"R2_EQN","(FIA(I),I=1,42)",33,"745","numeric",745,,"38548071d5aa652bb90c7f111f86b427f798a1c9"
"voleqdef.f",318,326,"R2_EQN","(FIA(I),I=1,42)",34,"746","numeric",746,,"38548071d5aa652bb90c7f111f86b427f798a1c9"
"voleqdef.f",318,326,"R2_EQN","(FIA(I),I=1,42)",35,"749","numeric",749,,"38548071d5aa652bb90c7f111f86b427f798a1c9"
"voleqdef.f",318,326,"R2_EQN","(FIA(I),I=1,42)",36,"800","numeric",800,,"38548071d5aa652bb90c7f111f86b427f798a1c9"
"voleqdef.f",318,326,"R2_EQN","(FIA(I),I=1,42)",37,"803","numeric",803,,"38548071d5aa652bb90c7f111f86b427f798a1c9"
"voleqdef.f",318,326,"R2_EQN","(FIA(I),I=1,42)",38,"810","numeric",810,,"38548071d5aa652bb90c7f111f86b427f798a1c9"
"voleqdef.f",318,326,"R2_EQN","(FIA(I),I=1,42)",39,"814","numeric",814,,"38548071d5aa652bb90c7f111f86b427f798a1c9"
"voleqdef.f",318,326,"R2_EQN","(FIA(I),I=1,42)",40,"823","numeric",823,,"38548071d5aa652bb90c7f111f86b427f798a1c9"
"voleqdef.f",318,326,"R2_EQN","(FIA(I),I=1,42)",41,"843","numeric",843,,"38548071d5aa652bb90c7f111f86b427f798a1c9"
"voleqdef.f",318,326,"R2_EQN","(FIA(I),I=1,42)",42,"998","numeric",998,,"38548071d5aa652bb90c7f111f86b427f798a1c9"
"voleqdef.f",329,344,"R2_EQN","(EQNUM(I),I=1,75)",1,"'200FW2W015'","character",,"200FW2W015","38548071d5aa652bb90c7f111f86b427f798a1c9"
"voleqdef.f",329,344,"R2_EQN","(EQNUM(I),I=1,75)",2,"'I00FW2W019'","character",,"I00FW2W019","38548071d5aa652bb90c7f111f86b427f798a1c9"
"voleqdef.f",329,344,"R2_EQN","(EQNUM(I),I=1,75)",3,"'I00FW2W019'","character",,"I00FW2W019","38548071d5aa652bb90c7f111f86b427f798a1c9"
"voleqdef.f",329,344,"R2_EQN","(EQNUM(I),I=1,75)",4,"'I00FW2W019'","character",,"I00FW2W019","38548071d5aa652bb90c7f111f86b427f798a1c9"
"voleqdef.f",329,344,"R2_EQN","(EQNUM(I),I=1,75)",5,"'300DVEW060'","character",,"300DVEW060","38548071d5aa652bb90c7f111f86b427f798a1c9"
"voleqdef.f",329,344,"R2_EQN","(EQNUM(I),I=1,75)",6,"'300DVEW060'","character",,"300DVEW060","38548071d5aa652bb90c7f111f86b427f798a1c9"
"voleqdef.f",329,344,"R2_EQN","(EQNUM(I),I=1,75)",7,"'200DVEW065'","character",,"200DVEW065","38548071d5aa652bb90c7f111f86b427f798a1c9"
"voleqdef.f",329,344,"R2_EQN","(EQNUM(I),I=1,75)",8,"'200DVEW066'","character",,"200DVEW066","38548071d5aa652bb90c7f111f86b427f798a1c9"
"voleqdef.f",329,344,"R2_EQN","(EQNUM(I),I=1,75)",9,"'300DVEW060'","character",,"300DVEW060","38548071d5aa652bb90c7f111f86b427f798a1c9"
"voleqdef.f",329,344,"R2_EQN","(EQNUM(I),I=1,75)",10,"'200DVEW069'","character",,"200DVEW069","38548071d5aa652bb90c7f111f86b427f798a1c9"
"voleqdef.f",329,344,"R2_EQN","(EQNUM(I),I=1,75)",11,"'407FW2W093'","character",,"407FW2W093","38548071d5aa652bb90c7f111f86b427f798a1c9"
"voleqdef.f",329,344,"R2_EQN","(EQNUM(I),I=1,75)",12,"'407FW2W093'","character",,"407FW2W093","38548071d5aa652bb90c7f111f86b427f798a1c9"
"voleqdef.f",329,344,"R2_EQN","(EQNUM(I),I=1,75)",13,"'407FW2W093'","character",,"407FW2W093","38548071d5aa652bb90c7f111f86b427f798a1c9"
"voleqdef.f",329,344,"R2_EQN","(EQNUM(I),I=1,75)",14,"'407FW2W093'","character",,"407FW2W093","38548071d5aa652bb90c7f111f86b427f798a1c9"
"voleqdef.f",329,344,"R2_EQN","(EQNUM(I),I=1,75)",15,"'200FW2W122'","character",,"200FW2W122","38548071d5aa652bb90c7f111f86b427f798a1c9"
"voleqdef.f",329,344,"R2_EQN","(EQNUM(I),I=1,75)",16,"'200FW2W122'","character",,"200FW2W122","38548071d5aa652bb90c7f111f86b427f798a1c9"
"voleqdef.f",329,344,"R2_EQN","(EQNUM(I),I=1,75)",17,"'200DVEW106'","character",,"200DVEW106","38548071d5aa652bb90c7f111f86b427f798a1c9"
"voleqdef.f",329,344,"R2_EQN","(EQNUM(I),I=1,75)",18,"'200FW2W108'","character",,"200FW2W108","38548071d5aa652bb90c7f111f86b427f798a1c9"
"voleqdef.f",329,344,"R2_EQN","(EQNUM(I),I=1,75)",19,"'200FW2W122'","character",,"200FW2W122","38548071d5aa652bb90c7f111f86b427f798a1c9"
"voleqdef.f",329,344,"R2_EQN","(EQNUM(I),I=1,75)",20,"'200FW2W122'","character",,"200FW2W122","38548071d5aa652bb90c7f111f86b427f798a1c9"
"voleqdef.f",329,344,"R2_EQN","(EQNUM(I),I=1,75)",21,"'200FW2W122'","character",,"200FW2W122","38548071d5aa652bb90c7f111f86b427f798a1c9"
"voleqdef.f",329,344,"R2_EQN","(EQNUM(I),I=1,75)",22,"'200FW2W122'","character",,"200FW2W122","38548071d5aa652bb90c7f111f86b427f798a1c9"
"voleqdef.f",329,344,"R2_EQN","(EQNUM(I),I=1,75)",23,"'300DVEW106'","character",,"300DVEW106","38548071d5aa652bb90c7f111f86b427f798a1c9"
"voleqdef.f",329,344,"R2_EQN","(EQNUM(I),I=1,75)",24,"'300DVEW106'","character",,"300DVEW106","38548071d5aa652bb90c7f111f86b427f798a1c9"
"voleqdef.f",329,344,"R2_EQN","(EQNUM(I),I=1,75)",25,"'300DVEW106'","character",,"300DVEW106","38548071d5aa652bb90c7f111f86b427f798a1c9"
"voleqdef.f",329,344,"R2_EQN","(EQNUM(I),I=1,75)",26,"'200FW2W202'","character",,"200FW2W202","38548071d5aa652bb90c7f111f86b427f798a1c9"
"voleqdef.f",329,344,"R2_EQN","(EQNUM(I),I=1,75)",27,"'407FW2W093'","character",,"407FW2W093","38548071d5aa652bb90c7f111f86b427f798a1c9"
"voleqdef.f",329,344,"R2_EQN","(EQNUM(I),I=1,75)",28,"'407FW2W093'","character",,"407FW2W093","38548071d5aa652bb90c7f111f86b427f798a1c9"
"voleqdef.f",329,344,"R2_EQN","(EQNUM(I),I=1,75)",29,"'300DVEW060'","character",,"300DVEW060","38548071d5aa652bb90c7f111f86b427f798a1c9"
"voleqdef.f",329,344,"R2_EQN","(EQNUM(I),I=1,75)",30,"'300DVEW999'","character",,"300DVEW999","38548071d5aa652bb90c7f111f86b427f798a1c9"
"voleqdef.f",329,344,"R2_EQN","(EQNUM(I),I=1,75)",31,"'200DVEW475'","character",,"200DVEW475","38548071d5aa652bb90c7f111f86b427f798a1c9"
"voleqdef.f",329,344,"R2_EQN","(EQNUM(I),I=1,75)",32,"'300DVEW999'","character",,"300DVEW999","38548071d5aa652bb90c7f111f86b427f798a1c9"
"voleqdef.f",329,344,"R2_EQN","(EQNUM(I),I=1,75)",33,"'300DVEW999'","character",,"300DVEW999","38548071d5aa652bb90c7f111f86b427f798a1c9"
"voleqdef.f",329,344,"R2_EQN","(EQNUM(I),I=1,75)",34,"'200FW2W746'","character",,"200FW2W746","38548071d5aa652bb90c7f111f86b427f798a1c9"
"voleqdef.f",329,344,"R2_EQN","(EQNUM(I),I=1,75)",35,"'300DVEW999'","character",,"300DVEW999","38548071d5aa652bb90c7f111f86b427f798a1c9"
"voleqdef.f",329,344,"R2_EQN","(EQNUM(I),I=1,75)",36,"'300DVEW800'","character",,"300DVEW800","38548071d5aa652bb90c7f111f86b427f798a1c9"
"voleqdef.f",329,344,"R2_EQN","(EQNUM(I),I=1,75)",37,"'300DVEW800'","character",,"300DVEW800","38548071d5aa652bb90c7f111f86b427f798a1c9"
"voleqdef.f",329,344,"R2_EQN","(EQNUM(I),I=1,75)",38,"'300DVEW800'","character",,"300DVEW800","38548071d5aa652bb90c7f111f86b427f798a1c9"
"voleqdef.f",329,344,"R2_EQN","(EQNUM(I),I=1,75)",39,"'200DVEW814'","character",,"200DVEW814","38548071d5aa652bb90c7f111f86b427f798a1c9"
"voleqdef.f",329,344,"R2_EQN","(EQNUM(I),I=1,75)",40,"'200DVEW823'","character",,"200DVEW823","38548071d5aa652bb90c7f111f86b427f798a1c9"
"voleqdef.f",329,344,"R2_EQN","(EQNUM(I),I=1,75)",41,"'300DVEW800'","character",,"300DVEW800","38548071d5aa652bb90c7f111f86b427f798a1c9"
"voleqdef.f",329,344,"R2_EQN","(EQNUM(I),I=1,75)",42,"'200DVEW998'","character",,"200DVEW998","38548071d5aa652bb90c7f111f86b427f798a1c9"
"voleqdef.f",329,344,"R2_EQN","(EQNUM(I),I=1,75)",43,"'203FW2W122'","character",,"203FW2W122","38548071d5aa652bb90c7f111f86b427f798a1c9"
"voleqdef.f",329,344,"R2_EQN","(EQNUM(I),I=1,75)",44,"'213FW2W122'","character",,"213FW2W122","38548071d5aa652bb90c7f111f86b427f798a1c9"
"voleqdef.f",329,344,"R2_EQN","(EQNUM(I),I=1,75)",45,"'202FW2W108'","character",,"202FW2W108","38548071d5aa652bb90c7f111f86b427f798a1c9"
"voleqdef.f",329,344,"R2_EQN","(EQNUM(I),I=1,75)",46,"'200CZ2W202'","character",,"200CZ2W202","38548071d5aa652bb90c7f111f86b427f798a1c9"
"voleqdef.f",329,344,"R2_EQN","(EQNUM(I),I=1,75)",47,"'200DVEW093'","character",,"200DVEW093","38548071d5aa652bb90c7f111f86b427f798a1c9"
"voleqdef.f",329,344,"R2_EQN","(EQNUM(I),I=1,75)",48,"'200CZ2W093'","character",,"200CZ2W093","38548071d5aa652bb90c7f111f86b427f798a1c9"
"voleqdef.f",329,344,"R2_EQN","(EQNUM(I),I=1,75)",49,"'210DVEW093'","character",,"210DVEW093","38548071d5aa652bb90c7f111f86b427f798a1c9"
"voleqdef.f",329,344,"R2_EQN","(EQNUM(I),I=1,75)",50,"'200DVEW814'","character",,"200DVEW814","38548071d5aa652bb90c7f111f86b427f798a1c9"
"voleqdef.f",329,344,"R2_EQN","(EQNUM(I),I=1,75)",51,"'200DVEW108'","character",,"200DVEW108","38548071d5aa652bb90c7f111f86b427f798a1c9"
"voleqdef.f",329,344,"R2_EQN","(EQNUM(I),I=1,75)",52,"'210DVEW108'","character",,"210DVEW108","38548071d5aa652bb90c7f111f86b427f798a1c9"
"voleqdef.f",329,344,"R2_EQN","(EQNUM(I),I=1,75)",53,"'200CZ2W108'","character",,"200CZ2W108","38548071d5aa652bb90c7f111f86b427f798a1c9"
"voleqdef.f",329,344,"R2_EQN","(EQNUM(I),I=1,75)",54,"'212DVEW122'","character",,"212DVEW122","38548071d5aa652bb90c7f111f86b427f798a1c9"
"voleqdef.f",329,344,"R2_EQN","(EQNUM(I),I=1,75)",55,"'213DVEW122'","character",,"213DVEW122","38548071d5aa652bb90c7f111f86b427f798a1c9"
"voleqdef.f",329,344,"R2_EQN","(EQNUM(I),I=1,75)",56,"'200CZ2W122'","character",,"200CZ2W122","38548071d5aa652bb90c7f111f86b427f798a1c9"
"voleqdef.f",329,344,"R2_EQN","(EQNUM(I),I=1,75)",57,"'203CZ2W122'","character",,"203CZ2W122","38548071d5aa652bb90c7f111f86b427f798a1c9"
"voleqdef.f",329,344,"R2_EQN","(EQNUM(I),I=1,75)",58,"'210DVEW122'","character",,"210DVEW122","38548071d5aa652bb90c7f111f86b427f798a1c9"
"voleqdef.f",329,344,"R2_EQN","(EQNUM(I),I=1,75)",59,"'200DVEW122'","character",,"200DVEW122","38548071d5aa652bb90c7f111f86b427f798a1c9"
"voleqdef.f",329,344,"R2_EQN","(EQNUM(I),I=1,75)",60,"'203DVEW122'","character",,"203DVEW122","38548071d5aa652bb90c7f111f86b427f798a1c9"
"voleqdef.f",329,344,"R2_EQN","(EQNUM(I),I=1,75)",61,"'200CZ2W746'","character",,"200CZ2W746","38548071d5aa652bb90c7f111f86b427f798a1c9"
"voleqdef.f",329,344,"R2_EQN","(EQNUM(I),I=1,75)",62,"'200DVEW746'","character",,"200DVEW746","38548071d5aa652bb90c7f111f86b427f798a1c9"
"voleqdef.f",329,344,"R2_EQN","(EQNUM(I),I=1,75)",63,"'210DVEW746'","character",,"210DVEW746","38548071d5aa652bb90c7f111f86b427f798a1c9"
"voleqdef.f",329,344,"R2_EQN","(EQNUM(I),I=1,75)",64,"'200DVEW066'","character",,"200DVEW066","38548071d5aa652bb90c7f111f86b427f798a1c9"
"voleqdef.f",329,344,"R2_EQN","(EQNUM(I),I=1,75)",65,"'200CZ2W019'","character",,"200CZ2W019","38548071d5aa652bb90c7f111f86b427f798a1c9"
"voleqdef.f",329,344,"R2_EQN","(EQNUM(I),I=1,75)",66,"'200CZ2W015'","character",,"200CZ2W015","38548071d5aa652bb90c7f111f86b427f798a1c9"
"voleqdef.f",329,344,"R2_EQN","(EQNUM(I),I=1,75)",67,"'200DVEW015'","character",,"200DVEW015","38548071d5aa652bb90c7f111f86b427f798a1c9"
"voleqdef.f",329,344,"R2_EQN","(EQNUM(I),I=1,75)",68,"'200CZ3W202'","character",,"200CZ3W202","38548071d5aa652bb90c7f111f86b427f798a1c9"
"voleqdef.f",329,344,"R2_EQN","(EQNUM(I),I=1,75)",69,"'200CZ3W093'","character",,"200CZ3W093","38548071d5aa652bb90c7f111f86b427f798a1c9"
"voleqdef.f",329,344,"R2_EQN","(EQNUM(I),I=1,75)",70,"'200CZ3W108'","character",,"200CZ3W108","38548071d5aa652bb90c7f111f86b427f798a1c9"
"voleqdef.f",329,344,"R2_EQN","(EQNUM(I),I=1,75)",71,"'200CZ3W122'","character",,"200CZ3W122","38548071d5aa652bb90c7f111f86b427f798a1c9"
"voleqdef.f",329,344,"R2_EQN","(EQNUM(I),I=1,75)",72,"'203CZ3W122'","character",,"203CZ3W122","38548071d5aa652bb90c7f111f86b427f798a1c9"
"voleqdef.f",329,344,"R2_EQN","(EQNUM(I),I=1,75)",73,"'200CZ3W746'","character",,"200CZ3W746","38548071d5aa652bb90c7f111f86b427f798a1c9"
"voleqdef.f",329,344,"R2_EQN","(EQNUM(I),I=1,75)",74,"'200CZ3W019'","character",,"200CZ3W019","38548071d5aa652bb90c7f111f86b427f798a1c9"
"voleqdef.f",329,344,"R2_EQN","(EQNUM(I),I=1,75)",75,"'200CZ3W015'","character",,"200CZ3W015","38548071d5aa652bb90c7f111f86b427f798a1c9"
"voleqdef.f",419,427,"R3_EQN","(FIA(I),I=1,45)",1,"15","numeric",15,,"38548071d5aa652bb90c7f111f86b427f798a1c9"
"voleqdef.f",419,427,"R3_EQN","(FIA(I),I=1,45)",2,"17","numeric",17,,"38548071d5aa652bb90c7f111f86b427f798a1c9"
"voleqdef.f",419,427,"R3_EQN","(FIA(I),I=1,45)",3,"18","numeric",18,,"38548071d5aa652bb90c7f111f86b427f798a1c9"
"voleqdef.f",419,427,"R3_EQN","(FIA(I),I=1,45)",4,"19","numeric",19,,"38548071d5aa652bb90c7f111f86b427f798a1c9"
"voleqdef.f",419,427,"R3_EQN","(FIA(I),I=1,45)",5,"57","numeric",57,,"38548071d5aa652bb90c7f111f86b427f798a1c9"
"voleqdef.f",419,427,"R3_EQN","(FIA(I),I=1,45)",6,"60","numeric",60,,"38548071d5aa652bb90c7f111f86b427f798a1c9"
"voleqdef.f",419,427,"R3_EQN","(FIA(I),I=1,45)",7,"63","numeric",63,,"38548071d5aa652bb90c7f111f86b427f798a1c9"
"voleqdef.f",419,427,"R3_EQN","(FIA(I),I=1,45)",8,"65","numeric",65,,"38548071d5aa652bb90c7f111f86b427f798a1c9"
"voleqdef.f",419,427,"R3_EQN","(FIA(I),I=1,45)",9,"66","numeric",66,,"38548071d5aa652bb90c7f111f86b427f798a1c9"
"voleqdef.f",419,427,"R3_EQN","(FIA(I),I=1,45)",10,"68","numeric",68,,"38548071d5aa652bb90c7f111f86b427f798a1c9"
"voleqdef.f",419,427,"R3_EQN","(FIA(I),I=1,45)",11,"69","numeric",69,,"38548071d5aa652bb90c7f111f86b427f798a1c9"
"voleqdef.f",419,427,"R3_EQN","(FIA(I),I=1,45)",12,"73","numeric",73,,"38548071d5aa652bb90c7f111f86b427f798a1c9"
"voleqdef.f",419,427,"R3_EQN","(FIA(I),I=1,45)",13,"93","numeric",93,,"38548071d5aa652bb90c7f111f86b427f798a1c9"
"voleqdef.f",419,427,"R3_EQN","(FIA(I),I=1,45)",14,"94","numeric",94,,"38548071d5aa652bb90c7f111f86b427f798a1c9"
"voleqdef.f",419,427,"R3_EQN","(FIA(I),I=1,45)",15,"96","numeric",96,,"38548071d5aa652bb90c7f111f86b427f798a1c9"
"voleqdef.f",419,427,"R3_EQN","(FIA(I),I=1,45)",16,"101","numeric",101,,"38548071d5aa652bb90c7f111f86b427f798a1c9"
"voleqdef.f",419,427,"R3_EQN","(FIA(I),I=1,45)",17,"102","numeric",102,,"38548071d5aa652bb90c7f111f86b427f798a1c9"
"voleqdef.f",419,427,"R3_EQN","(FIA(I),I=1,45)",18,"106","numeric",106,,"38548071d5aa652bb90c7f111f86b427f798a1c9"
"voleqdef.f",419,427,"R3_EQN","(FIA(I),I=1,45)",19,"108","numeric",108,,"38548071d5aa652bb90c7f111f86b427f798a1c9"
"voleqdef.f",419,427,"R3_EQN","(FIA(I),I=1,45)",20,"113","numeric",113,,"38548071d5aa652bb90c7f111f86b427f798a1c9"
"voleqdef.f",419,427,"R3_EQN","(FIA(I),I=1,45)",21,"114","numeric",114,,"38548071d5aa652bb90c7f111f86b427f798a1c9"
"voleqdef.f",419,427,"R3_EQN","(FIA(I),I=1,45)",22,"118","numeric",118,,"38548071d5aa652bb90c7f111f86b427f798a1c9"
"voleqdef.f",419,427,"R3_EQN","(FIA(I),I=1,45)",23,"122","numeric",122,,"38548071d5aa652bb90c7f111f86b427f798a1c9"
"voleqdef.f",419,427,"R3_EQN","(FIA(I),I=1,45)",24,"133","numeric",133,,"38548071d5aa652bb90c7f111f86b427f798a1c9"
"voleqdef.f",419,427,"R3_EQN","(FIA(I),I=1,45)",25,"134","numeric",134,,"38548071d5aa652bb90c7f111f86b427f798a1c9"
"voleqdef.f",419,427,"R3_EQN","(FIA(I),I=1,45)",26,"143","numeric",143,,"38548071d5aa652bb90c7f111f86b427f798a1c9"
"voleqdef.f",419,427,"R3_EQN","(FIA(I),I=1,45)",27,"202","numeric",202,,"38548071d5aa652bb90c7f111f86b427f798a1c9"
"voleqdef.f",419,427,"R3_EQN","(FIA(I),I=1,45)",28,"242","numeric",242,,"38548071d5aa652bb90c7f111f86b427f798a1c9"
"voleqdef.f",419,427,"R3_EQN","(FIA(I),I=1,45)",29,"264","numeric",264,,"38548071d5aa652bb90c7f111f86b427f798a1c9"
"voleqdef.f",419,427,"R3_EQN","(FIA(I),I=1,45)",30,"299","numeric",299,,"38548071d5aa652bb90c7f111f86b427f798a1c9"
"voleqdef.f",419,427,"R3_EQN","(FIA(I),I=1,45)",31,"310","numeric",310,,"38548071d5aa652bb90c7f111f86b427f798a1c9"
"voleqdef.f",419,427,"R3_EQN","(FIA(I),I=1,45)",32,"314","numeric",314,,"38548071d5aa652bb90c7f111f86b427f798a1c9"
"voleqdef.f",419,427,"R3_EQN","(FIA(I),I=1,45)",33,"375","numeric",375,,"38548071d5aa652bb90c7f111f86b427f798a1c9"
"voleqdef.f",419,427,"R3_EQN","(FIA(I),I=1,45)",34,"475","numeric",475,,"38548071d5aa652bb90c7f111f86b427f798a1c9"
"voleqdef.f",419,427,"R3_EQN","(FIA(I),I=1,45)",35,"740","numeric",740,,"38548071d5aa652bb90c7f111f86b427f798a1c9"
"voleqdef.f",419,427,"R3_EQN","(FIA(I),I=1,45)",36,"745","numeric",745,,"38548071d5aa652bb90c7f111f86b427f798a1c9"
"voleqdef.f",419,427,"R3_EQN","(FIA(I),I=1,45)",37,"746","numeric",746,,"38548071d5aa652bb90c7f111f86b427f798a1c9"
"voleqdef.f",419,427,"R3_EQN","(FIA(I),I=1,45)",38,"749","numeric",749,,"38548071d5aa652bb90c7f111f86b427f798a1c9"
"voleqdef.f",419,427,"R3_EQN","(FIA(I),I=1,45)",39,"800","numeric",800,,"38548071d5aa652bb90c7f111f86b427f798a1c9"
"voleqdef.f",419,427,"R3_EQN","(FIA(I),I=1,45)",40,"803","numeric",803,,"38548071d5aa652bb90c7f111f86b427f798a1c9"
"voleqdef.f",419,427,"R3_EQN","(FIA(I),I=1,45)",41,"810","numeric",810,,"38548071d5aa652bb90c7f111f86b427f798a1c9"
"voleqdef.f",419,427,"R3_EQN","(FIA(I),I=1,45)",42,"814","numeric",814,,"38548071d5aa652bb90c7f111f86b427f798a1c9"
"voleqdef.f",419,427,"R3_EQN","(FIA(I),I=1,45)",43,"823","numeric",823,,"38548071d5aa652bb90c7f111f86b427f798a1c9"
"voleqdef.f",419,427,"R3_EQN","(FIA(I),I=1,45)",44,"843","numeric",843,,"38548071d5aa652bb90c7f111f86b427f798a1c9"
"voleqdef.f",419,427,"R3_EQN","(FIA(I),I=1,45)",45,"998","numeric",998,,"38548071d5aa652bb90c7f111f86b427f798a1c9"
"voleqdef.f",436,447,"R3_EQN","(EQNUM(I),I=1,52)",1,"'NVB0000015'","character",,"NVB0000015","38548071d5aa652bb90c7f111f86b427f798a1c9"
"voleqdef.f",436,447,"R3_EQN","(EQNUM(I),I=1,52)",2,"'300DVEW093'","character",,"300DVEW093","38548071d5aa652bb90c7f111f86b427f798a1c9"
"voleqdef.f",436,447,"R3_EQN","(EQNUM(I),I=1,52)",3,"'NVB0000015'","character",,"NVB0000015","38548071d5aa652bb90c7f111f86b427f798a1c9"
"voleqdef.f",436,447,"R3_EQN","(EQNUM(I),I=1,52)",4,"'300DVEW093'","character",,"300DVEW093","38548071d5aa652bb90c7f111f86b427f798a1c9"
"voleqdef.f",436,447,"R3_EQN","(EQNUM(I),I=1,52)",5,"'300DVEW060'","character",,"300DVEW060","38548071d5aa652bb90c7f111f86b427f798a1c9"
"voleqdef.f",436,447,"R3_EQN","(EQNUM(I),I=1,52)",6,"'300DVEW060'","character",,"300DVEW060","38548071d5aa652bb90c7f111f86b427f798a1c9"
"voleqdef.f",436,447,"R3_EQN","(EQNUM(I),I=1,52)",7,"'300DVEW060'","character",,"300DVEW060","38548071d5aa652bb90c7f111f86b427f798a1c9"
"voleqdef.f",436,447,"R3_EQN","(EQNUM(I),I=1,52)",8,"'300DVEW060'","character",,"300DVEW060","38548071d5aa652bb90c7f111f86b427f798a1c9"
"voleqdef.f",436,447,"R3_EQN","(EQNUM(I),I=1,52)",9,"'300DVEW060'","character",,"300DVEW060","38548071d5aa652bb90c7f111f86b427f798a1c9"
"voleqdef.f",436,447,"R3_EQN","(EQNUM(I),I=1,52)",10,"'300DVEW060'","character",,"300DVEW060","38548071d5aa652bb90c7f111f86b427f798a1c9"
"voleqdef.f",436,447,"R3_EQN","(EQNUM(I),I=1,52)",11,"'300DVEW060'","character",,"300DVEW060","38548071d5aa652bb90c7f111f86b427f798a1c9"
"voleqdef.f",436,447,"R3_EQN","(EQNUM(I),I=1,52)",12,"'301DVEW015'","character",,"301DVEW015","38548071d5aa652bb90c7f111f86b427f798a1c9"
"voleqdef.f",436,447,"R3_EQN","(EQNUM(I),I=1,52)",13,"'NVBM330093'","character",,"NVBM330093","38548071d5aa652bb90c7f111f86b427f798a1c9"
"voleqdef.f",436,447,"R3_EQN","(EQNUM(I),I=1,52)",14,"'300DVEW093'","character",,"300DVEW093","38548071d5aa652bb90c7f111f86b427f798a1c9"
"voleqdef.f",436,447,"R3_EQN","(EQNUM(I),I=1,52)",15,"'300DVEW093'","character",,"300DVEW093","38548071d5aa652bb90c7f111f86b427f798a1c9"
"voleqdef.f",436,447,"R3_EQN","(EQNUM(I),I=1,52)",16,"'300DVEW113'","character",,"300DVEW113","38548071d5aa652bb90c7f111f86b427f798a1c9"
"voleqdef.f",436,447,"R3_EQN","(EQNUM(I),I=1,52)",17,"'300DVEW113'","character",,"300DVEW113","38548071d5aa652bb90c7f111f86b427f798a1c9"
"voleqdef.f",436,447,"R3_EQN","(EQNUM(I),I=1,52)",18,"'300DVEW106'","character",,"300DVEW106","38548071d5aa652bb90c7f111f86b427f798a1c9"
"voleqdef.f",436,447,"R3_EQN","(EQNUM(I),I=1,52)",19,"'301DVEW202'","character",,"301DVEW202","38548071d5aa652bb90c7f111f86b427f798a1c9"
"voleqdef.f",436,447,"R3_EQN","(EQNUM(I),I=1,52)",20,"'300DVEW113'","character",,"300DVEW113","38548071d5aa652bb90c7f111f86b427f798a1c9"
"voleqdef.f",436,447,"R3_EQN","(EQNUM(I),I=1,52)",21,"'NVBM240119'","character",,"NVBM240119","38548071d5aa652bb90c7f111f86b427f798a1c9"
"voleqdef.f",436,447,"R3_EQN","(EQNUM(I),I=1,52)",22,"'300DVEW122'","character",,"300DVEW122","38548071d5aa652bb90c7f111f86b427f798a1c9"
"voleqdef.f",436,447,"R3_EQN","(EQNUM(I),I=1,52)",23,"'300FW2W122'","character",,"300FW2W122","38548071d5aa652bb90c7f111f86b427f798a1c9"
"voleqdef.f",436,447,"R3_EQN","(EQNUM(I),I=1,52)",24,"'300DVEW106'","character",,"300DVEW106","38548071d5aa652bb90c7f111f86b427f798a1c9"
"voleqdef.f",436,447,"R3_EQN","(EQNUM(I),I=1,52)",25,"'300DVEW106'","character",,"300DVEW106","38548071d5aa652bb90c7f111f86b427f798a1c9"
"voleqdef.f",436,447,"R3_EQN","(EQNUM(I),I=1,52)",26,"'300DVEW106'","character",,"300DVEW106","38548071d5aa652bb90c7f111f86b427f798a1c9"
"voleqdef.f",436,447,"R3_EQN","(EQNUM(I),I=1,52)",27,"'300FW2W202'","character",,"300FW2W202","38548071d5aa652bb90c7f111f86b427f798a1c9"
"voleqdef.f",436,447,"R3_EQN","(EQNUM(I),I=1,52)",28,"'301DVEW015'","character",,"301DVEW015","38548071d5aa652bb90c7f111f86b427f798a1c9"
"voleqdef.f",436,447,"R3_EQN","(EQNUM(I),I=1,52)",29,"'301DVEW015'","character",,"301DVEW015","38548071d5aa652bb90c7f111f86b427f798a1c9"
"voleqdef.f",436,447,"R3_EQN","(EQNUM(I),I=1,52)",30,"'300DVEW060'","character",,"300DVEW060","38548071d5aa652bb90c7f111f86b427f798a1c9"
"voleqdef.f",436,447,"R3_EQN","(EQNUM(I),I=1,52)",31,"'300DVEW310'","character",,"300DVEW310","38548071d5aa652bb90c7f111f86b427f798a1c9"
"voleqdef.f",436,447,"R3_EQN","(EQNUM(I),I=1,52)",32,"'300DVEW314'","character",,"300DVEW314","38548071d5aa652bb90c7f111f86b427f798a1c9"
"voleqdef.f",436,447,"R3_EQN","(EQNUM(I),I=1,52)",33,"'300DVEW999'","character",,"300DVEW999","38548071d5aa652bb90c7f111f86b427f798a1c9"
"voleqdef.f",436,447,"R3_EQN","(EQNUM(I),I=1,52)",34,"'300DVEW999'","character",,"300DVEW999","38548071d5aa652bb90c7f111f86b427f798a1c9"
"voleqdef.f",436,447,"R3_EQN","(EQNUM(I),I=1,52)",35,"'300DVEW999'","character",,"300DVEW999","38548071d5aa652bb90c7f111f86b427f798a1c9"
"voleqdef.f",436,447,"R3_EQN","(EQNUM(I),I=1,52)",36,"'300DVEW999'","character",,"300DVEW999","38548071d5aa652bb90c7f111f86b427f798a1c9"
"voleqdef.f",436,447,"R3_EQN","(EQNUM(I),I=1,52)",37,"'NVB0000746'","character",,"NVB0000746","38548071d5aa652bb90c7f111f86b427f798a1c9"
"voleqdef.f",436,447,"R3_EQN","(EQNUM(I),I=1,52)",38,"'300DVEW999'","character",,"300DVEW999","38548071d5aa652bb90c7f111f86b427f798a1c9"
"voleqdef.f",436,447,"R3_EQN","(EQNUM(I),I=1,52)",39,"'300DVEW800'","character",,"300DVEW800","38548071d5aa652bb90c7f111f86b427f798a1c9"
"voleqdef.f",436,447,"R3_EQN","(EQNUM(I),I=1,52)",40,"'300DVEW800'","character",,"300DVEW800","38548071d5aa652bb90c7f111f86b427f798a1c9"
"voleqdef.f",436,447,"R3_EQN","(EQNUM(I),I=1,52)",41,"'300DVEW800'","character",,"300DVEW800","38548071d5aa652bb90c7f111f86b427f798a1c9"
"voleqdef.f",436,447,"R3_EQN","(EQNUM(I),I=1,52)",42,"'300DVEW800'","character",,"300DVEW800","38548071d5aa652bb90c7f111f86b427f798a1c9"
"voleqdef.f",436,447,"R3_EQN","(EQNUM(I),I=1,52)",43,"'300DVEW800'","character",,"300DVEW800","38548071d5aa652bb90c7f111f86b427f798a1c9"
"voleqdef.f",436,447,"R3_EQN","(EQNUM(I),I=1,52)",44,"'300DVEW800'","character",,"300DVEW800","38548071d5aa652bb90c7f111f86b427f798a1c9"
"voleqdef.f",436,447,"R3_EQN","(EQNUM(I),I=1,52)",45,"'300DVEW999'","character",,"300DVEW999","38548071d5aa652bb90c7f111f86b427f798a1c9"
"voleqdef.f",436,447,"R3_EQN","(EQNUM(I),I=1,52)",46,"'302DVEW202'","character",,"302DVEW202","38548071d5aa652bb90c7f111f86b427f798a1c9"
"voleqdef.f",436,447,"R3_EQN","(EQNUM(I),I=1,52)",47,"'302DVEW202'","character",,"302DVEW202","38548071d5aa652bb90c7f111f86b427f798a1c9"
"voleqdef.f",436,447,"R3_EQN","(EQNUM(I),I=1,52)",48,"'302DVEW015'","character",,"302DVEW015","38548071d5aa652bb90c7f111f86b427f798a1c9"
"voleqdef.f",436,447,"R3_EQN","(EQNUM(I),I=1,52)",49,"'301FW2W122'","character",,"301FW2W122","38548071d5aa652bb90c7f111f86b427f798a1c9"
"voleqdef.f",436,447,"R3_EQN","(EQNUM(I),I=1,52)",50,"'301FW2W202'","character",,"301FW2W202","38548071d5aa652bb90c7f111f86b427f798a1c9"
"voleqdef.f",436,447,"R3_EQN","(EQNUM(I),I=1,52)",51,"'301FW2W015'","character",,"301FW2W015","38548071d5aa652bb90c7f111f86b427f798a1c9"
"voleqdef.f",436,447,"R3_EQN","(EQNUM(I),I=1,52)",52,"'301FW2W108'","character",,"301FW2W108","38548071d5aa652bb90c7f111f86b427f798a1c9"
"voleqdef.f",536,541,"R4_EQN","(FIA(I),I=1,27)",1,"20","numeric",20,,"38548071d5aa652bb90c7f111f86b427f798a1c9"
"voleqdef.f",536,541,"R4_EQN","(FIA(I),I=1,27)",2,"60","numeric",60,,"38548071d5aa652bb90c7f111f86b427f798a1c9"
"voleqdef.f",536,541,"R4_EQN","(FIA(I),I=1,27)",3,"64","numeric",64,,"38548071d5aa652bb90c7f111f86b427f798a1c9"
"voleqdef.f",536,541,"R4_EQN","(FIA(I),I=1,27)",4,"66","numeric",66,,"38548071d5aa652bb90c7f111f86b427f798a1c9"
"voleqdef.f",536,541,"R4_EQN","(FIA(I),I=1,27)",5,"73","numeric",73,,"38548071d5aa652bb90c7f111f86b427f798a1c9"
"voleqdef.f",536,541,"R4_EQN","(FIA(I),I=1,27)",6,"81","numeric",81,,"38548071d5aa652bb90c7f111f86b427f798a1c9"
"voleqdef.f",536,541,"R4_EQN","(FIA(I),I=1,27)",7,"106","numeric",106,,"38548071d5aa652bb90c7f111f86b427f798a1c9"
"voleqdef.f",536,541,"R4_EQN","(FIA(I),I=1,27)",8,"117","numeric",117,,"38548071d5aa652bb90c7f111f86b427f798a1c9"
"voleqdef.f",536,541,"R4_EQN","(FIA(I),I=1,27)",9,"119","numeric",119,,"38548071d5aa652bb90c7f111f86b427f798a1c9"
"voleqdef.f",536,541,"R4_EQN","(FIA(I),I=1,27)",10,"133","numeric",133,,"38548071d5aa652bb90c7f111f86b427f798a1c9"
"voleqdef.f",536,541,"R4_EQN","(FIA(I),I=1,27)",11,"231","numeric",231,,"38548071d5aa652bb90c7f111f86b427f798a1c9"
"voleqdef.f",536,541,"R4_EQN","(FIA(I),I=1,27)",12,"242","numeric",242,,"38548071d5aa652bb90c7f111f86b427f798a1c9"
"voleqdef.f",536,541,"R4_EQN","(FIA(I),I=1,27)",13,"263","numeric",263,,"38548071d5aa652bb90c7f111f86b427f798a1c9"
"voleqdef.f",536,541,"R4_EQN","(FIA(I),I=1,27)",14,"264","numeric",264,,"38548071d5aa652bb90c7f111f86b427f798a1c9"
"voleqdef.f",536,541,"R4_EQN","(FIA(I),I=1,27)",15,"299","numeric",299,,"38548071d5aa652bb90c7f111f86b427f798a1c9"
"voleqdef.f",536,541,"R4_EQN","(FIA(I),I=1,27)",16,"313","numeric",313,,"38548071d5aa652bb90c7f111f86b427f798a1c9"
"voleqdef.f",536,541,"R4_EQN","(FIA(I),I=1,27)",17,"321","numeric",321,,"38548071d5aa652bb90c7f111f86b427f798a1c9"
"voleqdef.f",536,541,"R4_EQN","(FIA(I),I=1,27)",18,"322","numeric",322,,"38548071d5aa652bb90c7f111f86b427f798a1c9"
"voleqdef.f",536,541,"R4_EQN","(FIA(I),I=1,27)",19,"475","numeric",475,,"38548071d5aa652bb90c7f111f86b427f798a1c9"
"voleqdef.f",536,541,"R4_EQN","(FIA(I),I=1,27)",20,"746","numeric",746,,"38548071d5aa652bb90c7f111f86b427f798a1c9"
"voleqdef.f",536,541,"R4_EQN","(FIA(I),I=1,27)",21,"747","numeric",747,,"38548071d5aa652bb90c7f111f86b427f798a1c9"
"voleqdef.f",536,541,"R4_EQN","(FIA(I),I=1,27)",22,"748","numeric",748,,"38548071d5aa652bb90c7f111f86b427f798a1c9"
"voleqdef.f",536,541,"R4_EQN","(FIA(I),I=1,27)",23,"749","numeric",749,,"38548071d5aa652bb90c7f111f86b427f798a1c9"
"voleqdef.f",536,541,"R4_EQN","(FIA(I),I=1,27)",24,"800","numeric",800,,"38548071d5aa652bb90c7f111f86b427f798a1c9"
"voleqdef.f",536,541,"R4_EQN","(FIA(I),I=1,27)",25,"814","numeric",814,,"38548071d5aa652bb90c7f111f86b427f798a1c9"
"voleqdef.f",536,541,"R4_EQN","(FIA(I),I=1,27)",26,"998","numeric",998,,"38548071d5aa652bb90c7f111f86b427f798a1c9"
"voleqdef.f",536,541,"R4_EQN","(FIA(I),I=1,27)",27,"999","numeric",999,,"38548071d5aa652bb90c7f111f86b427f798a1c9"
"voleqdef.f",543,555,"R4_EQN","(EQNUM(I),I=1,57)",1,"'400MATW020'","character",,"400MATW020","38548071d5aa652bb90c7f111f86b427f798a1c9"
"voleqdef.f",543,555,"R4_EQN","(EQNUM(I),I=1,57)",2,"'300DVEW060'","character",,"300DVEW060","38548071d5aa652bb90c7f111f86b427f798a1c9"
"voleqdef.f",543,555,"R4_EQN","(EQNUM(I),I=1,57)",3,"'300DVEW060'","character",,"300DVEW060","38548071d5aa652bb90c7f111f86b427f798a1c9"
"voleqdef.f",543,555,"R4_EQN","(EQNUM(I),I=1,57)",4,"'400DVEW066'","character",,"400DVEW066","38548071d5aa652bb90c7f111f86b427f798a1c9"
"voleqdef.f",543,555,"R4_EQN","(EQNUM(I),I=1,57)",5,"'400MATW073'","character",,"400MATW073","38548071d5aa652bb90c7f111f86b427f798a1c9"
"voleqdef.f",543,555,"R4_EQN","(EQNUM(I),I=1,57)",6,"'400MATW081'","character",,"400MATW081","38548071d5aa652bb90c7f111f86b427f798a1c9"
"voleqdef.f",543,555,"R4_EQN","(EQNUM(I),I=1,57)",7,"'300DVEW106'","character",,"300DVEW106","38548071d5aa652bb90c7f111f86b427f798a1c9"
"voleqdef.f",543,555,"R4_EQN","(EQNUM(I),I=1,57)",8,"'400MATW117'","character",,"400MATW117","38548071d5aa652bb90c7f111f86b427f798a1c9"
"voleqdef.f",543,555,"R4_EQN","(EQNUM(I),I=1,57)",9,"'400MATW117'","character",,"400MATW117","38548071d5aa652bb90c7f111f86b427f798a1c9"
"voleqdef.f",543,555,"R4_EQN","(EQNUM(I),I=1,57)",10,"'400DVEW133'","character",,"400DVEW133","38548071d5aa652bb90c7f111f86b427f798a1c9"
"voleqdef.f",543,555,"R4_EQN","(EQNUM(I),I=1,57)",11,"'400DVEW998'","character",,"400DVEW998","38548071d5aa652bb90c7f111f86b427f798a1c9"
"voleqdef.f",543,555,"R4_EQN","(EQNUM(I),I=1,57)",12,"'400MATW081'","character",,"400MATW081","38548071d5aa652bb90c7f111f86b427f798a1c9"
"voleqdef.f",543,555,"R4_EQN","(EQNUM(I),I=1,57)",13,"'400MATW015'","character",,"400MATW015","38548071d5aa652bb90c7f111f86b427f798a1c9"
"voleqdef.f",543,555,"R4_EQN","(EQNUM(I),I=1,57)",14,"'401MATW015'","character",,"401MATW015","38548071d5aa652bb90c7f111f86b427f798a1c9"
"voleqdef.f",543,555,"R4_EQN","(EQNUM(I),I=1,57)",15,"'400MATW108'","character",,"400MATW108","38548071d5aa652bb90c7f111f86b427f798a1c9"
"voleqdef.f",543,555,"R4_EQN","(EQNUM(I),I=1,57)",16,"'400MATW108'","character",,"400MATW108","38548071d5aa652bb90c7f111f86b427f798a1c9"
"voleqdef.f",543,555,"R4_EQN","(EQNUM(I),I=1,57)",17,"'400MATW108'","character",,"400MATW108","38548071d5aa652bb90c7f111f86b427f798a1c9"
"voleqdef.f",543,555,"R4_EQN","(EQNUM(I),I=1,57)",18,"'400MATW108'","character",,"400MATW108","38548071d5aa652bb90c7f111f86b427f798a1c9"
"voleqdef.f",543,555,"R4_EQN","(EQNUM(I),I=1,57)",19,"'400DVEW475'","character",,"400DVEW475","38548071d5aa652bb90c7f111f86b427f798a1c9"
"voleqdef.f",543,555,"R4_EQN","(EQNUM(I),I=1,57)",20,"'400MATW746'","character",,"400MATW746","38548071d5aa652bb90c7f111f86b427f798a1c9"
"voleqdef.f",543,555,"R4_EQN","(EQNUM(I),I=1,57)",21,"'400DVEW998'","character",,"400DVEW998","38548071d5aa652bb90c7f111f86b427f798a1c9"
"voleqdef.f",543,555,"R4_EQN","(EQNUM(I),I=1,57)",22,"'400MATW108'","character",,"400MATW108","38548071d5aa652bb90c7f111f86b427f798a1c9"
"voleqdef.f",543,555,"R4_EQN","(EQNUM(I),I=1,57)",23,"'400MATW108'","character",,"400MATW108","38548071d5aa652bb90c7f111f86b427f798a1c9"
"voleqdef.f",543,555,"R4_EQN","(EQNUM(I),I=1,57)",24,"'300DVEW800'","character",,"300DVEW800","38548071d5aa652bb90c7f111f86b427f798a1c9"
"voleqdef.f",543,555,"R4_EQN","(EQNUM(I),I=1,57)",25,"'300DVEW800'","character",,"300DVEW800","38548071d5aa652bb90c7f111f86b427f798a1c9"
"voleqdef.f",543,555,"R4_EQN","(EQNUM(I),I=1,57)",26,"'400DVEW998'","character",,"400DVEW998","38548071d5aa652bb90c7f111f86b427f798a1c9"
"voleqdef.f",543,555,"R4_EQN","(EQNUM(I),I=1,57)",27,"'400DVEW998'","character",,"400DVEW998","38548071d5aa652bb90c7f111f86b427f798a1c9"
"voleqdef.f",543,555,"R4_EQN","(EQNUM(I),I=1,57)",28,"'I15FW2W017'","character",,"I15FW2W017","38548071d5aa652bb90c7f111f86b427f798a1c9"
"voleqdef.f",543,555,"R4_EQN","(EQNUM(I),I=1,57)",29,"'401MATW015'","character",,"401MATW015","38548071d5aa652bb90c7f111f86b427f798a1c9"
"voleqdef.f",543,555,"R4_EQN","(EQNUM(I),I=1,57)",30,"'400MATW015'","character",,"400MATW015","38548071d5aa652bb90c7f111f86b427f798a1c9"
"voleqdef.f",543,555,"R4_EQN","(EQNUM(I),I=1,57)",31,"'I15FW2W017'","character",,"I15FW2W017","38548071d5aa652bb90c7f111f86b427f798a1c9"
"voleqdef.f",543,555,"R4_EQN","(EQNUM(I),I=1,57)",32,"'405MATW019'","character",,"405MATW019","38548071d5aa652bb90c7f111f86b427f798a1c9"
"voleqdef.f",543,555,"R4_EQN","(EQNUM(I),I=1,57)",33,"'400MATW019'","character",,"400MATW019","38548071d5aa652bb90c7f111f86b427f798a1c9"
"voleqdef.f",543,555,"R4_EQN","(EQNUM(I),I=1,57)",34,"'401DVEW065'","character",,"401DVEW065","38548071d5aa652bb90c7f111f86b427f798a1c9"
"voleqdef.f",543,555,"R4_EQN","(EQNUM(I),I=1,57)",35,"'400DVEW065'","character",,"400DVEW065","38548071d5aa652bb90c7f111f86b427f798a1c9"
"voleqdef.f",543,555,"R4_EQN","(EQNUM(I),I=1,57)",36,"'I15FW2W093'","character",,"I15FW2W093","38548071d5aa652bb90c7f111f86b427f798a1c9"
"voleqdef.f",543,555,"R4_EQN","(EQNUM(I),I=1,57)",37,"'407FW2W093'","character",,"407FW2W093","38548071d5aa652bb90c7f111f86b427f798a1c9"
"voleqdef.f",543,555,"R4_EQN","(EQNUM(I),I=1,57)",38,"'400MATW093'","character",,"400MATW093","38548071d5aa652bb90c7f111f86b427f798a1c9"
"voleqdef.f",543,555,"R4_EQN","(EQNUM(I),I=1,57)",39,"'401MATW108'","character",,"401MATW108","38548071d5aa652bb90c7f111f86b427f798a1c9"
"voleqdef.f",543,555,"R4_EQN","(EQNUM(I),I=1,57)",40,"'400MATW108'","character",,"400MATW108","38548071d5aa652bb90c7f111f86b427f798a1c9"
"voleqdef.f",543,555,"R4_EQN","(EQNUM(I),I=1,57)",41,"'I15FW2W122'","character",,"I15FW2W122","38548071d5aa652bb90c7f111f86b427f798a1c9"
"voleqdef.f",543,555,"R4_EQN","(EQNUM(I),I=1,57)",42,"'401MATW122'","character",,"401MATW122","38548071d5aa652bb90c7f111f86b427f798a1c9"
"voleqdef.f",543,555,"R4_EQN","(EQNUM(I),I=1,57)",43,"'402MATW122'","character",,"402MATW122","38548071d5aa652bb90c7f111f86b427f798a1c9"
"voleqdef.f",543,555,"R4_EQN","(EQNUM(I),I=1,57)",44,"'403MATW122'","character",,"403MATW122","38548071d5aa652bb90c7f111f86b427f798a1c9"
"voleqdef.f",543,555,"R4_EQN","(EQNUM(I),I=1,57)",45,"'400MATW122'","character",,"400MATW122","38548071d5aa652bb90c7f111f86b427f798a1c9"
"voleqdef.f",543,555,"R4_EQN","(EQNUM(I),I=1,57)",46,"'I15FW2W202'","character",,"I15FW2W202","38548071d5aa652bb90c7f111f86b427f798a1c9"
"voleqdef.f",543,555,"R4_EQN","(EQNUM(I),I=1,57)",47,"'405MATW202'","character",,"405MATW202","38548071d5aa652bb90c7f111f86b427f798a1c9"
"voleqdef.f",543,555,"R4_EQN","(EQNUM(I),I=1,57)",48,"'400MATW202'","character",,"400MATW202","38548071d5aa652bb90c7f111f86b427f798a1c9"
"voleqdef.f",543,555,"R4_EQN","(EQNUM(I),I=1,57)",49,"'400DVEW064'","character",,"400DVEW064","38548071d5aa652bb90c7f111f86b427f798a1c9"
"voleqdef.f",543,555,"R4_EQN","(EQNUM(I),I=1,57)",50,"'400DVEW106'","character",,"400DVEW106","38548071d5aa652bb90c7f111f86b427f798a1c9"
"voleqdef.f",543,555,"R4_EQN","(EQNUM(I),I=1,57)",51,"'407MATW093'","character",,"407MATW093","38548071d5aa652bb90c7f111f86b427f798a1c9"
"voleqdef.f",543,555,"R4_EQN","(EQNUM(I),I=1,57)",52,"'401MATW202'","character",,"401MATW202","38548071d5aa652bb90c7f111f86b427f798a1c9"
"voleqdef.f",543,555,"R4_EQN","(EQNUM(I),I=1,57)",53,"'407MATW093'","character",,"407MATW093","38548071d5aa652bb90c7f111f86b427f798a1c9"
"voleqdef.f",543,555,"R4_EQN","(EQNUM(I),I=1,57)",54,"'401MATW202'","character",,"401MATW202","38548071d5aa652bb90c7f111f86b427f798a1c9"
"voleqdef.f",543,555,"R4_EQN","(EQNUM(I),I=1,57)",55,"'401MATW202'","character",,"401MATW202","38548071d5aa652bb90c7f111f86b427f798a1c9"
"voleqdef.f",543,555,"R4_EQN","(EQNUM(I),I=1,57)",56,"'407MATW093'","character",,"407MATW093","38548071d5aa652bb90c7f111f86b427f798a1c9"
"voleqdef.f",543,555,"R4_EQN","(EQNUM(I),I=1,57)",57,"'407MATW093'","character",,"407MATW093","38548071d5aa652bb90c7f111f86b427f798a1c9"
"voleqdef.f",736,742,"R5_EQN","(FIA(I),I=1,32)",1,"11","numeric",11,,"38548071d5aa652bb90c7f111f86b427f798a1c9"
"voleqdef.f",736,742,"R5_EQN","(FIA(I),I=1,32)",2,"15","numeric",15,,"38548071d5aa652bb90c7f111f86b427f798a1c9"
"voleqdef.f",736,742,"R5_EQN","(FIA(I),I=1,32)",3,"17","numeric",17,,"38548071d5aa652bb90c7f111f86b427f798a1c9"
"voleqdef.f",736,742,"R5_EQN","(FIA(I),I=1,32)",4,"19","numeric",19,,"38548071d5aa652bb90c7f111f86b427f798a1c9"
"voleqdef.f",736,742,"R5_EQN","(FIA(I),I=1,32)",5,"20","numeric",20,,"38548071d5aa652bb90c7f111f86b427f798a1c9"
"voleqdef.f",736,742,"R5_EQN","(FIA(I),I=1,32)",6,"21","numeric",21,,"38548071d5aa652bb90c7f111f86b427f798a1c9"
"voleqdef.f",736,742,"R5_EQN","(FIA(I),I=1,32)",7,"22","numeric",22,,"38548071d5aa652bb90c7f111f86b427f798a1c9"
"voleqdef.f",736,742,"R5_EQN","(FIA(I),I=1,32)",8,"41","numeric",41,,"38548071d5aa652bb90c7f111f86b427f798a1c9"
"voleqdef.f",736,742,"R5_EQN","(FIA(I),I=1,32)",9,"62","numeric",62,,"38548071d5aa652bb90c7f111f86b427f798a1c9"
"voleqdef.f",736,742,"R5_EQN","(FIA(I),I=1,32)",10,"64","numeric",64,,"38548071d5aa652bb90c7f111f86b427f798a1c9"
"voleqdef.f",736,742,"R5_EQN","(FIA(I),I=1,32)",11,"65","numeric",65,,"38548071d5aa652bb90c7f111f86b427f798a1c9"
"voleqdef.f",736,742,"R5_EQN","(FIA(I),I=1,32)",12,"73","numeric",73,,"38548071d5aa652bb90c7f111f86b427f798a1c9"
"voleqdef.f",736,742,"R5_EQN","(FIA(I),I=1,32)",13,"81","numeric",81,,"38548071d5aa652bb90c7f111f86b427f798a1c9"
"voleqdef.f",736,742,"R5_EQN","(FIA(I),I=1,32)",14,"92","numeric",92,,"38548071d5aa652bb90c7f111f86b427f798a1c9"
"voleqdef.f",736,742,"R5_EQN","(FIA(I),I=1,32)",15,"93","numeric",93,,"38548071d5aa652bb90c7f111f86b427f798a1c9"
"voleqdef.f",736,742,"R5_EQN","(FIA(I),I=1,32)",16,"101","numeric",101,,"38548071d5aa652bb90c7f111f86b427f798a1c9"
"voleqdef.f",736,742,"R5_EQN","(FIA(I),I=1,32)",17,"103","numeric",103,,"38548071d5aa652bb90c7f111f86b427f798a1c9"
"voleqdef.f",736,742,"R5_EQN","(FIA(I),I=1,32)",18,"104","numeric",104,,"38548071d5aa652bb90c7f111f86b427f798a1c9"
"voleqdef.f",736,742,"R5_EQN","(FIA(I),I=1,32)",19,"108","numeric",108,,"38548071d5aa652bb90c7f111f86b427f798a1c9"
"voleqdef.f",736,742,"R5_EQN","(FIA(I),I=1,32)",20,"109","numeric",109,,"38548071d5aa652bb90c7f111f86b427f798a1c9"
"voleqdef.f",736,742,"R5_EQN","(FIA(I),I=1,32)",21,"113","numeric",113,,"38548071d5aa652bb90c7f111f86b427f798a1c9"
"voleqdef.f",736,742,"R5_EQN","(FIA(I),I=1,32)",22,"116","numeric",116,,"38548071d5aa652bb90c7f111f86b427f798a1c9"
"voleqdef.f",736,742,"R5_EQN","(FIA(I),I=1,32)",23,"117","numeric",117,,"38548071d5aa652bb90c7f111f86b427f798a1c9"
"voleqdef.f",736,742,"R5_EQN","(FIA(I),I=1,32)",24,"119","numeric",119,,"38548071d5aa652bb90c7f111f86b427f798a1c9"
"voleqdef.f",736,742,"R5_EQN","(FIA(I),I=1,32)",25,"122","numeric",122,,"38548071d5aa652bb90c7f111f86b427f798a1c9"
"voleqdef.f",736,742,"R5_EQN","(FIA(I),I=1,32)",26,"124","numeric",124,,"38548071d5aa652bb90c7f111f86b427f798a1c9"
"voleqdef.f",736,742,"R5_EQN","(FIA(I),I=1,32)",27,"127","numeric",127,,"38548071d5aa652bb90c7f111f86b427f798a1c9"
"voleqdef.f",736,742,"R5_EQN","(FIA(I),I=1,32)",28,"133","numeric",133,,"38548071d5aa652bb90c7f111f86b427f798a1c9"
"voleqdef.f",736,742,"R5_EQN","(FIA(I),I=1,32)",29,"137","numeric",137,,"38548071d5aa652bb90c7f111f86b427f798a1c9"
"voleqdef.f",736,742,"R5_EQN","(FIA(I),I=1,32)",30,"142","numeric",142,,"38548071d5aa652bb90c7f111f86b427f798a1c9"
"voleqdef.f",736,742,"R5_EQN","(FIA(I),I=1,32)",31,"201","numeric",201,,"38548071d5aa652bb90c7f111f86b427f798a1c9"
"voleqdef.f",736,742,"R5_EQN","(FIA(I),I=1,32)",32,"202","numeric",202,,"38548071d5aa652bb90c7f111f86b427f798a1c9"
"voleqdef.f",743,750,"R5_EQN","(FIA(I),I=33,72)",1,"211","numeric",211,,"38548071d5aa652bb90c7f111f86b427f798a1c9"
"voleqdef.f",743,750,"R5_EQN","(FIA(I),I=33,72)",2,"212","numeric",212,,"38548071d5aa652bb90c7f111f86b427f798a1c9"
"voleqdef.f",743,750,"R5_EQN","(FIA(I),I=33,72)",3,"231","numeric",231,,"38548071d5aa652bb90c7f111f86b427f798a1c9"
"voleqdef.f",743,750,"R5_EQN","(FIA(I),I=33,72)",4,"242","numeric",242,,"38548071d5aa652bb90c7f111f86b427f798a1c9"
"voleqdef.f",743,750,"R5_EQN","(FIA(I),I=33,72)",5,"251","numeric",251,,"38548071d5aa652bb90c7f111f86b427f798a1c9"
"voleqdef.f",743,750,"R5_EQN","(FIA(I),I=33,72)",6,"263","numeric",263,,"38548071d5aa652bb90c7f111f86b427f798a1c9"
"voleqdef.f",743,750,"R5_EQN","(FIA(I),I=33,72)",7,"264","numeric",264,,"38548071d5aa652bb90c7f111f86b427f798a1c9"
"voleqdef.f",743,750,"R5_EQN","(FIA(I),I=33,72)",8,"299","numeric",299,,"38548071d5aa652bb90c7f111f86b427f798a1c9"
"voleqdef.f",743,750,"R5_EQN","(FIA(I),I=33,72)",9,"301","numeric",301,,"38548071d5aa652bb90c7f111f86b427f798a1c9"
"voleqdef.f",743,750,"R5_EQN","(FIA(I),I=33,72)",10,"312","numeric",312,,"38548071d5aa652bb90c7f111f86b427f798a1c9"
"voleqdef.f",743,750,"R5_EQN","(FIA(I),I=33,72)",11,"333","numeric",333,,"38548071d5aa652bb90c7f111f86b427f798a1c9"
"voleqdef.f",743,750,"R5_EQN","(FIA(I),I=33,72)",12,"351","numeric",351,,"38548071d5aa652bb90c7f111f86b427f798a1c9"
"voleqdef.f",743,750,"R5_EQN","(FIA(I),I=33,72)",13,"352","numeric",352,,"38548071d5aa652bb90c7f111f86b427f798a1c9"
"voleqdef.f",743,750,"R5_EQN","(FIA(I),I=33,72)",14,"361","numeric",361,,"38548071d5aa652bb90c7f111f86b427f798a1c9"
"voleqdef.f",743,750,"R5_EQN","(FIA(I),I=33,72)",15,"431","numeric",431,,"38548071d5aa652bb90c7f111f86b427f798a1c9"
"voleqdef.f",743,750,"R5_EQN","(FIA(I),I=33,72)",16,"475","numeric",475,,"38548071d5aa652bb90c7f111f86b427f798a1c9"
"voleqdef.f",743,750,"R5_EQN","(FIA(I),I=33,72)",17,"478","numeric",478,,"38548071d5aa652bb90c7f111f86b427f798a1c9"
"voleqdef.f",743,750,"R5_EQN","(FIA(I),I=33,72)",18,"492","numeric",492,,"38548071d5aa652bb90c7f111f86b427f798a1c9"
"voleqdef.f",743,750,"R5_EQN","(FIA(I),I=33,72)",19,"510","numeric",510,,"38548071d5aa652bb90c7f111f86b427f798a1c9"
"voleqdef.f",743,750,"R5_EQN","(FIA(I),I=33,72)",20,"514","numeric",514,,"38548071d5aa652bb90c7f111f86b427f798a1c9"
"voleqdef.f",743,750,"R5_EQN","(FIA(I),I=33,72)",21,"542","numeric",542,,"38548071d5aa652bb90c7f111f86b427f798a1c9"
"voleqdef.f",743,750,"R5_EQN","(FIA(I),I=33,72)",22,"600","numeric",600,,"38548071d5aa652bb90c7f111f86b427f798a1c9"
"voleqdef.f",743,750,"R5_EQN","(FIA(I),I=33,72)",23,"631","numeric",631,,"38548071d5aa652bb90c7f111f86b427f798a1c9"
"voleqdef.f",743,750,"R5_EQN","(FIA(I),I=33,72)",24,"671","numeric",671,,"38548071d5aa652bb90c7f111f86b427f798a1c9"
"voleqdef.f",743,750,"R5_EQN","(FIA(I),I=33,72)",25,"730","numeric",730,,"38548071d5aa652bb90c7f111f86b427f798a1c9"
"voleqdef.f",743,750,"R5_EQN","(FIA(I),I=33,72)",26,"746","numeric",746,,"38548071d5aa652bb90c7f111f86b427f798a1c9"
"voleqdef.f",743,750,"R5_EQN","(FIA(I),I=33,72)",27,"747","numeric",747,,"38548071d5aa652bb90c7f111f86b427f798a1c9"
"voleqdef.f",743,750,"R5_EQN","(FIA(I),I=33,72)",28,"768","numeric",768,,"38548071d5aa652bb90c7f111f86b427f798a1c9"
"voleqdef.f",743,750,"R5_EQN","(FIA(I),I=33,72)",29,"801","numeric",801,,"38548071d5aa652bb90c7f111f86b427f798a1c9"
"voleqdef.f",743,750,"R5_EQN","(FIA(I),I=33,72)",30,"805","numeric",805,,"38548071d5aa652bb90c7f111f86b427f798a1c9"
"voleqdef.f",743,750,"R5_EQN","(FIA(I),I=33,72)",31,"807","numeric",807,,"38548071d5aa652bb90c7f111f86b427f798a1c9"
"voleqdef.f",743,750,"R5_EQN","(FIA(I),I=33,72)",32,"811","numeric",811,,"38548071d5aa652bb90c7f111f86b427f798a1c9"
"voleqdef.f",743,750,"R5_EQN","(FIA(I),I=33,72)",33,"815","numeric",815,,"38548071d5aa652bb90c7f111f86b427f798a1c9"
"voleqdef.f",743,750,"R5_EQN","(FIA(I),I=33,72)",34,"818","numeric",818,,"38548071d5aa652bb90c7f111f86b427f798a1c9"
"voleqdef.f",743,750,"R5_EQN","(FIA(I),I=33,72)",35,"821","numeric",821,,"38548071d5aa652bb90c7f111f86b427f798a1c9"
"voleqdef.f",743,750,"R5_EQN","(FIA(I),I=33,72)",36,"839","numeric",839,,"38548071d5aa652bb90c7f111f86b427f798a1c9"
"voleqdef.f",743,750,"R5_EQN","(FIA(I),I=33,72)",37,"920","numeric",920,,"38548071d5aa652bb90c7f111f86b427f798a1c9"
"voleqdef.f",743,750,"R5_EQN","(FIA(I),I=33,72)",38,"981","numeric",981,,"38548071d5aa652bb90c7f111f86b427f798a1c9"
"voleqdef.f",743,750,"R5_EQN","(FIA(I),I=33,72)",39,"998","numeric",998,,"38548071d5aa652bb90c7f111f86b427f798a1c9"
"voleqdef.f",743,750,"R5_EQN","(FIA(I),I=33,72)",40,"999","numeric",999,,"38548071d5aa652bb90c7f111f86b427f798a1c9"
"voleqdef.f",752,775,"R5_EQN","(EQNUM(I),I=1,108)",1,"'500WO2W015'","character",,"500WO2W015","38548071d5aa652bb90c7f111f86b427f798a1c9"
"voleqdef.f",752,775,"R5_EQN","(EQNUM(I),I=1,108)",2,"'500WO2W015'","character",,"500WO2W015","38548071d5aa652bb90c7f111f86b427f798a1c9"
"voleqdef.f",752,775,"R5_EQN","(EQNUM(I),I=1,108)",3,"'I15FW2W017'","character",,"I15FW2W017","38548071d5aa652bb90c7f111f86b427f798a1c9"
"voleqdef.f",752,775,"R5_EQN","(EQNUM(I),I=1,108)",4,"'500WO2W020'","character",,"500WO2W020","38548071d5aa652bb90c7f111f86b427f798a1c9"
"voleqdef.f",752,775,"R5_EQN","(EQNUM(I),I=1,108)",5,"'500WO2W020'","character",,"500WO2W020","38548071d5aa652bb90c7f111f86b427f798a1c9"
"voleqdef.f",752,775,"R5_EQN","(EQNUM(I),I=1,108)",6,"'500WO2W020'","character",,"500WO2W020","38548071d5aa652bb90c7f111f86b427f798a1c9"
"voleqdef.f",752,775,"R5_EQN","(EQNUM(I),I=1,108)",7,"'500WO2W020'","character",,"500WO2W020","38548071d5aa652bb90c7f111f86b427f798a1c9"
"voleqdef.f",752,775,"R5_EQN","(EQNUM(I),I=1,108)",8,"'500WO2W081'","character",,"500WO2W081","38548071d5aa652bb90c7f111f86b427f798a1c9"
"voleqdef.f",752,775,"R5_EQN","(EQNUM(I),I=1,108)",9,"'500DVEW060'","character",,"500DVEW060","38548071d5aa652bb90c7f111f86b427f798a1c9"
"voleqdef.f",752,775,"R5_EQN","(EQNUM(I),I=1,108)",10,"'500DVEW060'","character",,"500DVEW060","38548071d5aa652bb90c7f111f86b427f798a1c9"
"voleqdef.f",752,775,"R5_EQN","(EQNUM(I),I=1,108)",11,"'500DVEW060'","character",,"500DVEW060","38548071d5aa652bb90c7f111f86b427f798a1c9"
"voleqdef.f",752,775,"R5_EQN","(EQNUM(I),I=1,108)",12,"'500WO2W202'","character",,"500WO2W202","38548071d5aa652bb90c7f111f86b427f798a1c9"
"voleqdef.f",752,775,"R5_EQN","(EQNUM(I),I=1,108)",13,"'500WO2W081'","character",,"500WO2W081","38548071d5aa652bb90c7f111f86b427f798a1c9"
"voleqdef.f",752,775,"R5_EQN","(EQNUM(I),I=1,108)",14,"'500WO2W015'","character",,"500WO2W015","38548071d5aa652bb90c7f111f86b427f798a1c9"
"voleqdef.f",752,775,"R5_EQN","(EQNUM(I),I=1,108)",15,"'500WO2W015'","character",,"500WO2W015","38548071d5aa652bb90c7f111f86b427f798a1c9"
"voleqdef.f",752,775,"R5_EQN","(EQNUM(I),I=1,108)",16,"'500WO2W108'","character",,"500WO2W108","38548071d5aa652bb90c7f111f86b427f798a1c9"
"voleqdef.f",752,775,"R5_EQN","(EQNUM(I),I=1,108)",17,"'500WO2W108'","character",,"500WO2W108","38548071d5aa652bb90c7f111f86b427f798a1c9"
"voleqdef.f",752,775,"R5_EQN","(EQNUM(I),I=1,108)",18,"'500WO2W108'","character",,"500WO2W108","38548071d5aa652bb90c7f111f86b427f798a1c9"
"voleqdef.f",752,775,"R5_EQN","(EQNUM(I),I=1,108)",19,"'500WO2W108'","character",,"500WO2W108","38548071d5aa652bb90c7f111f86b427f798a1c9"
"voleqdef.f",752,775,"R5_EQN","(EQNUM(I),I=1,108)",20,"'500WO2W108'","character",,"500WO2W108","38548071d5aa652bb90c7f111f86b427f798a1c9"
"voleqdef.f",752,775,"R5_EQN","(EQNUM(I),I=1,108)",21,"'500WO2W108'","character",,"500WO2W108","38548071d5aa652bb90c7f111f86b427f798a1c9"
"voleqdef.f",752,775,"R5_EQN","(EQNUM(I),I=1,108)",22,"'500WO2W116'","character",,"500WO2W116","38548071d5aa652bb90c7f111f86b427f798a1c9"
"voleqdef.f",752,775,"R5_EQN","(EQNUM(I),I=1,108)",23,"'500WO2W117'","character",,"500WO2W117","38548071d5aa652bb90c7f111f86b427f798a1c9"
"voleqdef.f",752,775,"R5_EQN","(EQNUM(I),I=1,108)",24,"'500WO2W117'","character",,"500WO2W117","38548071d5aa652bb90c7f111f86b427f798a1c9"
"voleqdef.f",752,775,"R5_EQN","(EQNUM(I),I=1,108)",25,"'500WO2W122'","character",,"500WO2W122","38548071d5aa652bb90c7f111f86b427f798a1c9"
"voleqdef.f",752,775,"R5_EQN","(EQNUM(I),I=1,108)",26,"'500WO2W108'","character",,"500WO2W108","38548071d5aa652bb90c7f111f86b427f798a1c9"
"voleqdef.f",752,775,"R5_EQN","(EQNUM(I),I=1,108)",27,"'500WO2W108'","character",,"500WO2W108","38548071d5aa652bb90c7f111f86b427f798a1c9"
"voleqdef.f",752,775,"R5_EQN","(EQNUM(I),I=1,108)",28,"'500WO2W116'","character",,"500WO2W116","38548071d5aa652bb90c7f111f86b427f798a1c9"
"voleqdef.f",752,775,"R5_EQN","(EQNUM(I),I=1,108)",29,"'500WO2W117'","character",,"500WO2W117","38548071d5aa652bb90c7f111f86b427f798a1c9"
"voleqdef.f",752,775,"R5_EQN","(EQNUM(I),I=1,108)",30,"'500WO2W108'","character",,"500WO2W108","38548071d5aa652bb90c7f111f86b427f798a1c9"
"voleqdef.f",752,775,"R5_EQN","(EQNUM(I),I=1,108)",31,"'500WO2W202'","character",,"500WO2W202","38548071d5aa652bb90c7f111f86b427f798a1c9"
"voleqdef.f",752,775,"R5_EQN","(EQNUM(I),I=1,108)",32,"'500WO2W202'","character",,"500WO2W202","38548071d5aa652bb90c7f111f86b427f798a1c9"
"voleqdef.f",752,775,"R5_EQN","(EQNUM(I),I=1,108)",33,"'500WO2W211'","character",,"500WO2W211","38548071d5aa652bb90c7f111f86b427f798a1c9"
"voleqdef.f",752,775,"R5_EQN","(EQNUM(I),I=1,108)",34,"'500DVEW212'","character",,"500DVEW212","38548071d5aa652bb90c7f111f86b427f798a1c9"
"voleqdef.f",752,775,"R5_EQN","(EQNUM(I),I=1,108)",35,"'500WO2W108'","character",,"500WO2W108","38548071d5aa652bb90c7f111f86b427f798a1c9"
"voleqdef.f",752,775,"R5_EQN","(EQNUM(I),I=1,108)",36,"'500WO2W081'","character",,"500WO2W081","38548071d5aa652bb90c7f111f86b427f798a1c9"
"voleqdef.f",752,775,"R5_EQN","(EQNUM(I),I=1,108)",37,"'500DVEW807'","character",,"500DVEW807","38548071d5aa652bb90c7f111f86b427f798a1c9"
"voleqdef.f",752,775,"R5_EQN","(EQNUM(I),I=1,108)",38,"'500WO2W015'","character",,"500WO2W015","38548071d5aa652bb90c7f111f86b427f798a1c9"
"voleqdef.f",752,775,"R5_EQN","(EQNUM(I),I=1,108)",39,"'500WO2W015'","character",,"500WO2W015","38548071d5aa652bb90c7f111f86b427f798a1c9"
"voleqdef.f",752,775,"R5_EQN","(EQNUM(I),I=1,108)",40,"'500WO2W108'","character",,"500WO2W108","38548071d5aa652bb90c7f111f86b427f798a1c9"
"voleqdef.f",752,775,"R5_EQN","(EQNUM(I),I=1,108)",41,"'H00SN2W301'","character",,"H00SN2W301","38548071d5aa652bb90c7f111f86b427f798a1c9"
"voleqdef.f",752,775,"R5_EQN","(EQNUM(I),I=1,108)",42,"'500DVEW312'","character",,"500DVEW312","38548071d5aa652bb90c7f111f86b427f798a1c9"
"voleqdef.f",752,775,"R5_EQN","(EQNUM(I),I=1,108)",43,"'500DVEW807'","character",,"500DVEW807","38548071d5aa652bb90c7f111f86b427f798a1c9"
"voleqdef.f",752,775,"R5_EQN","(EQNUM(I),I=1,108)",44,"'500DVEW351'","character",,"500DVEW351","38548071d5aa652bb90c7f111f86b427f798a1c9"
"voleqdef.f",752,775,"R5_EQN","(EQNUM(I),I=1,108)",45,"'500DVEW351'","character",,"500DVEW351","38548071d5aa652bb90c7f111f86b427f798a1c9"
"voleqdef.f",752,775,"R5_EQN","(EQNUM(I),I=1,108)",46,"'500DVEW361'","character",,"500DVEW361","38548071d5aa652bb90c7f111f86b427f798a1c9"
"voleqdef.f",752,775,"R5_EQN","(EQNUM(I),I=1,108)",47,"'500DVEW431'","character",,"500DVEW431","38548071d5aa652bb90c7f111f86b427f798a1c9"
"voleqdef.f",752,775,"R5_EQN","(EQNUM(I),I=1,108)",48,"'500DVEW801'","character",,"500DVEW801","38548071d5aa652bb90c7f111f86b427f798a1c9"
"voleqdef.f",752,775,"R5_EQN","(EQNUM(I),I=1,108)",49,"'500DVEW801'","character",,"500DVEW801","38548071d5aa652bb90c7f111f86b427f798a1c9"
"voleqdef.f",752,775,"R5_EQN","(EQNUM(I),I=1,108)",50,"'500DVEW807'","character",,"500DVEW807","38548071d5aa652bb90c7f111f86b427f798a1c9"
"voleqdef.f",752,775,"R5_EQN","(EQNUM(I),I=1,108)",51,"'H01SN2W510'","character",,"H01SN2W510","38548071d5aa652bb90c7f111f86b427f798a1c9"
"voleqdef.f",752,775,"R5_EQN","(EQNUM(I),I=1,108)",52,"'H00SN2W510'","character",,"H00SN2W510","38548071d5aa652bb90c7f111f86b427f798a1c9"
"voleqdef.f",752,775,"R5_EQN","(EQNUM(I),I=1,108)",53,"'500DVEW807'","character",,"500DVEW807","38548071d5aa652bb90c7f111f86b427f798a1c9"
"voleqdef.f",752,775,"R5_EQN","(EQNUM(I),I=1,108)",54,"'500DVEW818'","character",,"500DVEW818","38548071d5aa652bb90c7f111f86b427f798a1c9"
"voleqdef.f",752,775,"R5_EQN","(EQNUM(I),I=1,108)",55,"'500DVEW631'","character",,"500DVEW631","38548071d5aa652bb90c7f111f86b427f798a1c9"
"voleqdef.f",752,775,"R5_EQN","(EQNUM(I),I=1,108)",56,"'H00SN2W671'","character",,"H00SN2W671","38548071d5aa652bb90c7f111f86b427f798a1c9"
"voleqdef.f",752,775,"R5_EQN","(EQNUM(I),I=1,108)",57,"'500DVEW818'","character",,"500DVEW818","38548071d5aa652bb90c7f111f86b427f798a1c9"
"voleqdef.f",752,775,"R5_EQN","(EQNUM(I),I=1,108)",58,"'500DVEW818'","character",,"500DVEW818","38548071d5aa652bb90c7f111f86b427f798a1c9"
"voleqdef.f",752,775,"R5_EQN","(EQNUM(I),I=1,108)",59,"'500DVEW818'","character",,"500DVEW818","38548071d5aa652bb90c7f111f86b427f798a1c9"
"voleqdef.f",752,775,"R5_EQN","(EQNUM(I),I=1,108)",60,"'500DVEW801'","character",,"500DVEW801","38548071d5aa652bb90c7f111f86b427f798a1c9"
"voleqdef.f",752,775,"R5_EQN","(EQNUM(I),I=1,108)",61,"'500DVEW801'","character",,"500DVEW801","38548071d5aa652bb90c7f111f86b427f798a1c9"
"voleqdef.f",752,775,"R5_EQN","(EQNUM(I),I=1,108)",62,"'500DVEW805'","character",,"500DVEW805","38548071d5aa652bb90c7f111f86b427f798a1c9"
"voleqdef.f",752,775,"R5_EQN","(EQNUM(I),I=1,108)",63,"'500DVEW807'","character",,"500DVEW807","38548071d5aa652bb90c7f111f86b427f798a1c9"
"voleqdef.f",752,775,"R5_EQN","(EQNUM(I),I=1,108)",64,"'500DVEW811'","character",,"500DVEW811","38548071d5aa652bb90c7f111f86b427f798a1c9"
"voleqdef.f",752,775,"R5_EQN","(EQNUM(I),I=1,108)",65,"'500DVEW815'","character",,"500DVEW815","38548071d5aa652bb90c7f111f86b427f798a1c9"
"voleqdef.f",752,775,"R5_EQN","(EQNUM(I),I=1,108)",66,"'500DVEW818'","character",,"500DVEW818","38548071d5aa652bb90c7f111f86b427f798a1c9"
"voleqdef.f",752,775,"R5_EQN","(EQNUM(I),I=1,108)",67,"'500DVEW821'","character",,"500DVEW821","38548071d5aa652bb90c7f111f86b427f798a1c9"
"voleqdef.f",752,775,"R5_EQN","(EQNUM(I),I=1,108)",68,"'500DVEW839'","character",,"500DVEW839","38548071d5aa652bb90c7f111f86b427f798a1c9"
"voleqdef.f",752,775,"R5_EQN","(EQNUM(I),I=1,108)",69,"'500DVEW807'","character",,"500DVEW807","38548071d5aa652bb90c7f111f86b427f798a1c9"
"voleqdef.f",752,775,"R5_EQN","(EQNUM(I),I=1,108)",70,"'500DVEW981'","character",,"500DVEW981","38548071d5aa652bb90c7f111f86b427f798a1c9"
"voleqdef.f",752,775,"R5_EQN","(EQNUM(I),I=1,108)",71,"'500DVEW981'","character",,"500DVEW981","38548071d5aa652bb90c7f111f86b427f798a1c9"
"voleqdef.f",752,775,"R5_EQN","(EQNUM(I),I=1,108)",72,"'500DVEW631'","character",,"500DVEW631","38548071d5aa652bb90c7f111f86b427f798a1c9"
"voleqdef.f",752,775,"R5_EQN","(EQNUM(I),I=1,108)",73,"'532WO2W015'","character",,"532WO2W015","38548071d5aa652bb90c7f111f86b427f798a1c9"
"voleqdef.f",752,775,"R5_EQN","(EQNUM(I),I=1,108)",74,"'532WO2W020'","character",,"532WO2W020","38548071d5aa652bb90c7f111f86b427f798a1c9"
"voleqdef.f",752,775,"R5_EQN","(EQNUM(I),I=1,108)",75,"'532WO2W081'","character",,"532WO2W081","38548071d5aa652bb90c7f111f86b427f798a1c9"
"voleqdef.f",752,775,"R5_EQN","(EQNUM(I),I=1,108)",76,"'532WO2W108'","character",,"532WO2W108","38548071d5aa652bb90c7f111f86b427f798a1c9"
"voleqdef.f",752,775,"R5_EQN","(EQNUM(I),I=1,108)",77,"'532WO2W117'","character",,"532WO2W117","38548071d5aa652bb90c7f111f86b427f798a1c9"
"voleqdef.f",752,775,"R5_EQN","(EQNUM(I),I=1,108)",78,"'532WO2W122'","character",,"532WO2W122","38548071d5aa652bb90c7f111f86b427f798a1c9"
"voleqdef.f",752,775,"R5_EQN","(EQNUM(I),I=1,108)",79,"'532WO2W202'","character",,"532WO2W202","38548071d5aa652bb90c7f111f86b427f798a1c9"
"voleqdef.f",752,775,"R5_EQN","(EQNUM(I),I=1,108)",80,"'H00SN2W510'","character",,"H00SN2W510","38548071d5aa652bb90c7f111f86b427f798a1c9"
"voleqdef.f",752,775,"R5_EQN","(EQNUM(I),I=1,108)",81,"'532WO2W020'","character",,"532WO2W020","38548071d5aa652bb90c7f111f86b427f798a1c9"
"voleqdef.f",752,775,"R5_EQN","(EQNUM(I),I=1,108)",82,"'532WO2W202'","character",,"532WO2W202","38548071d5aa652bb90c7f111f86b427f798a1c9"
"voleqdef.f",752,775,"R5_EQN","(EQNUM(I),I=1,108)",83,"'H00SN2W510'","character",,"H00SN2W510","38548071d5aa652bb90c7f111f86b427f798a1c9"
"voleqdef.f",752,775,"R5_EQN","(EQNUM(I),I=1,108)",84,"'532WO2W081'","character",,"532WO2W081","38548071d5aa652bb90c7f111f86b427f798a1c9"
"voleqdef.f",752,775,"R5_EQN","(EQNUM(I),I=1,108)",85,"'532WO2W116'","character",,"532WO2W116","38548071d5aa652bb90c7f111f86b427f798a1c9"
"voleqdef.f",752,775,"R5_EQN","(EQNUM(I),I=1,108)",86,"'616BEHW000'","character",,"616BEHW000","38548071d5aa652bb90c7f111f86b427f798a1c9"
"voleqdef.f",752,775,"R5_EQN","(EQNUM(I),I=1,108)",87,"'532WO2W108'","character",,"532WO2W108","38548071d5aa652bb90c7f111f86b427f798a1c9"
"voleqdef.f",752,775,"R5_EQN","(EQNUM(I),I=1,108)",88,"'532WO2W122'","character",,"532WO2W122","38548071d5aa652bb90c7f111f86b427f798a1c9"
"voleqdef.f",752,775,"R5_EQN","(EQNUM(I),I=1,108)",89,"'532WO2W211'","character",,"532WO2W211","38548071d5aa652bb90c7f111f86b427f798a1c9"
"voleqdef.f",752,775,"R5_EQN","(EQNUM(I),I=1,108)",90,"'532WO2W117'","character",,"532WO2W117","38548071d5aa652bb90c7f111f86b427f798a1c9"
"voleqdef.f",752,775,"R5_EQN","(EQNUM(I),I=1,108)",91,"'532WO2W015'","character",,"532WO2W015","38548071d5aa652bb90c7f111f86b427f798a1c9"
"voleqdef.f",752,775,"R5_EQN","(EQNUM(I),I=1,108)",92,"'516TRFW015'","character",,"516TRFW015","38548071d5aa652bb90c7f111f86b427f798a1c9"
"voleqdef.f",752,775,"R5_EQN","(EQNUM(I),I=1,108)",93,"'532TRFW015'","character",,"532TRFW015","38548071d5aa652bb90c7f111f86b427f798a1c9"
"voleqdef.f",752,775,"R5_EQN","(EQNUM(I),I=1,108)",94,"'516TRFW021'","character",,"516TRFW021","38548071d5aa652bb90c7f111f86b427f798a1c9"
"voleqdef.f",752,775,"R5_EQN","(EQNUM(I),I=1,108)",95,"'532TRFW021'","character",,"532TRFW021","38548071d5aa652bb90c7f111f86b427f798a1c9"
"voleqdef.f",752,775,"R5_EQN","(EQNUM(I),I=1,108)",96,"'516TRFW060'","character",,"516TRFW060","38548071d5aa652bb90c7f111f86b427f798a1c9"
"voleqdef.f",752,775,"R5_EQN","(EQNUM(I),I=1,108)",97,"'532TRFW060'","character",,"532TRFW060","38548071d5aa652bb90c7f111f86b427f798a1c9"
"voleqdef.f",752,775,"R5_EQN","(EQNUM(I),I=1,108)",98,"'516TRFW081'","character",,"516TRFW081","38548071d5aa652bb90c7f111f86b427f798a1c9"
"voleqdef.f",752,775,"R5_EQN","(EQNUM(I),I=1,108)",99,"'532TRFW081'","character",,"532TRFW081","38548071d5aa652bb90c7f111f86b427f798a1c9"
"voleqdef.f",752,775,"R5_EQN","(EQNUM(I),I=1,108)",100,"'516TRFW108'","character",,"516TRFW108","38548071d5aa652bb90c7f111f86b427f798a1c9"
"voleqdef.f",752,775,"R5_EQN","(EQNUM(I),I=1,108)",101,"'532TRFW108'","character",,"532TRFW108","38548071d5aa652bb90c7f111f86b427f798a1c9"
"voleqdef.f",752,775,"R5_EQN","(EQNUM(I),I=1,108)",102,"'516TRFW117'","character",,"516TRFW117","38548071d5aa652bb90c7f111f86b427f798a1c9"
"voleqdef.f",752,775,"R5_EQN","(EQNUM(I),I=1,108)",103,"'532TRFW117'","character",,"532TRFW117","38548071d5aa652bb90c7f111f86b427f798a1c9"
"voleqdef.f",752,775,"R5_EQN","(EQNUM(I),I=1,108)",104,"'516TRFW122'","character",,"516TRFW122","38548071d5aa652bb90c7f111f86b427f798a1c9"
"voleqdef.f",752,775,"R5_EQN","(EQNUM(I),I=1,108)",105,"'532TRFW122'","character",,"532TRFW122","38548071d5aa652bb90c7f111f86b427f798a1c9"
"voleqdef.f",752,775,"R5_EQN","(EQNUM(I),I=1,108)",106,"'516TRFW202'","character",,"516TRFW202","38548071d5aa652bb90c7f111f86b427f798a1c9"
"voleqdef.f",752,775,"R5_EQN","(EQNUM(I),I=1,108)",107,"'616TRFW211'","character",,"616TRFW211","38548071d5aa652bb90c7f111f86b427f798a1c9"
"voleqdef.f",752,775,"R5_EQN","(EQNUM(I),I=1,108)",108,"'632TRFW211'","character",,"632TRFW211","38548071d5aa652bb90c7f111f86b427f798a1c9"
"voleqdef.f",868,878,"R6_EQN","(FIA(I),I=1,53)",1,"011","numeric",11,,"38548071d5aa652bb90c7f111f86b427f798a1c9"
"voleqdef.f",868,878,"R6_EQN","(FIA(I),I=1,53)",2,"015","numeric",15,,"38548071d5aa652bb90c7f111f86b427f798a1c9"
"voleqdef.f",868,878,"R6_EQN","(FIA(I),I=1,53)",3,"017","numeric",17,,"38548071d5aa652bb90c7f111f86b427f798a1c9"
"voleqdef.f",868,878,"R6_EQN","(FIA(I),I=1,53)",4,"019","numeric",19,,"38548071d5aa652bb90c7f111f86b427f798a1c9"
"voleqdef.f",868,878,"R6_EQN","(FIA(I),I=1,53)",5,"020","numeric",20,,"38548071d5aa652bb90c7f111f86b427f798a1c9"
"voleqdef.f",868,878,"R6_EQN","(FIA(I),I=1,53)",6,"021","numeric",21,,"38548071d5aa652bb90c7f111f86b427f798a1c9"
"voleqdef.f",868,878,"R6_EQN","(FIA(I),I=1,53)",7,"022","numeric",22,,"38548071d5aa652bb90c7f111f86b427f798a1c9"
"voleqdef.f",868,878,"R6_EQN","(FIA(I),I=1,53)",8,"042","numeric",42,,"38548071d5aa652bb90c7f111f86b427f798a1c9"
"voleqdef.f",868,878,"R6_EQN","(FIA(I),I=1,53)",9,"064","numeric",64,,"38548071d5aa652bb90c7f111f86b427f798a1c9"
"voleqdef.f",868,878,"R6_EQN","(FIA(I),I=1,53)",10,"066","numeric",66,,"38548071d5aa652bb90c7f111f86b427f798a1c9"
"voleqdef.f",868,878,"R6_EQN","(FIA(I),I=1,53)",11,"072","numeric",72,,"38548071d5aa652bb90c7f111f86b427f798a1c9"
"voleqdef.f",868,878,"R6_EQN","(FIA(I),I=1,53)",12,"073","numeric",73,,"38548071d5aa652bb90c7f111f86b427f798a1c9"
"voleqdef.f",868,878,"R6_EQN","(FIA(I),I=1,53)",13,"081","numeric",81,,"38548071d5aa652bb90c7f111f86b427f798a1c9"
"voleqdef.f",868,878,"R6_EQN","(FIA(I),I=1,53)",14,"093","numeric",93,,"38548071d5aa652bb90c7f111f86b427f798a1c9"
"voleqdef.f",868,878,"R6_EQN","(FIA(I),I=1,53)",15,"098","numeric",98,,"38548071d5aa652bb90c7f111f86b427f798a1c9"
"voleqdef.f",868,878,"R6_EQN","(FIA(I),I=1,53)",16,"101","numeric",101,,"38548071d5aa652bb90c7f111f86b427f798a1c9"
"voleqdef.f",868,878,"R6_EQN","(FIA(I),I=1,53)",17,"103","numeric",103,,"38548071d5aa652bb90c7f111f86b427f798a1c9"
"voleqdef.f",868,878,"R6_EQN","(FIA(I),I=1,53)",18,"106","numeric",106,,"38548071d5aa652bb90c7f111f86b427f798a1c9"
"voleqdef.f",868,878,"R6_EQN","(FIA(I),I=1,53)",19,"108","numeric",108,,"38548071d5aa652bb90c7f111f86b427f798a1c9"
"voleqdef.f",868,878,"R6_EQN","(FIA(I),I=1,53)",20,"113","numeric",113,,"38548071d5aa652bb90c7f111f86b427f798a1c9"
"voleqdef.f",868,878,"R6_EQN","(FIA(I),I=1,53)",21,"116","numeric",116,,"38548071d5aa652bb90c7f111f86b427f798a1c9"
"voleqdef.f",868,878,"R6_EQN","(FIA(I),I=1,53)",22,"117","numeric",117,,"38548071d5aa652bb90c7f111f86b427f798a1c9"
"voleqdef.f",868,878,"R6_EQN","(FIA(I),I=1,53)",23,"119","numeric",119,,"38548071d5aa652bb90c7f111f86b427f798a1c9"
"voleqdef.f",868,878,"R6_EQN","(FIA(I),I=1,53)",24,"122","numeric",122,,"38548071d5aa652bb90c7f111f86b427f798a1c9"
"voleqdef.f",868,878,"R6_EQN","(FIA(I),I=1,53)",25,"202","numeric",202,,"38548071d5aa652bb90c7f111f86b427f798a1c9"
"voleqdef.f",868,878,"R6_EQN","(FIA(I),I=1,53)",26,"211","numeric",211,,"38548071d5aa652bb90c7f111f86b427f798a1c9"
"voleqdef.f",868,878,"R6_EQN","(FIA(I),I=1,53)",27,"231","numeric",231,,"38548071d5aa652bb90c7f111f86b427f798a1c9"
"voleqdef.f",868,878,"R6_EQN","(FIA(I),I=1,53)",28,"242","numeric",242,,"38548071d5aa652bb90c7f111f86b427f798a1c9"
"voleqdef.f",868,878,"R6_EQN","(FIA(I),I=1,53)",29,"263","numeric",263,,"38548071d5aa652bb90c7f111f86b427f798a1c9"
"voleqdef.f",868,878,"R6_EQN","(FIA(I),I=1,53)",30,"264","numeric",264,,"38548071d5aa652bb90c7f111f86b427f798a1c9"
"voleqdef.f",868,878,"R6_EQN","(FIA(I),I=1,53)",31,"290","numeric",290,,"38548071d5aa652bb90c7f111f86b427f798a1c9"
"voleqdef.f",868,878,"R6_EQN","(FIA(I),I=1,53)",32,"299","numeric",299,,"38548071d5aa652bb90c7f111f86b427f798a1c9"
"voleqdef.f",868,878,"R6_EQN","(FIA(I),I=1,53)",33,"312","numeric",312,,"38548071d5aa652bb90c7f111f86b427f798a1c9"
"voleqdef.f",868,878,"R6_EQN","(FIA(I),I=1,53)",34,"321","numeric",321,,"38548071d5aa652bb90c7f111f86b427f798a1c9"
"voleqdef.f",868,878,"R6_EQN","(FIA(I),I=1,53)",35,"351","numeric",351,,"38548071d5aa652bb90c7f111f86b427f798a1c9"
"voleqdef.f",868,878,"R6_EQN","(FIA(I),I=1,53)",36,"352","numeric",352,,"38548071d5aa652bb90c7f111f86b427f798a1c9"
"voleqdef.f",868,878,"R6_EQN","(FIA(I),I=1,53)",37,"361","numeric",361,,"38548071d5aa652bb90c7f111f86b427f798a1c9"
"voleqdef.f",868,878,"R6_EQN","(FIA(I),I=1,53)",38,"375","numeric",375,,"38548071d5aa652bb90c7f111f86b427f798a1c9"
"voleqdef.f",868,878,"R6_EQN","(FIA(I),I=1,53)",39,"431","numeric",431,,"38548071d5aa652bb90c7f111f86b427f798a1c9"
"voleqdef.f",868,878,"R6_EQN","(FIA(I),I=1,53)",40,"475","numeric",475,,"38548071d5aa652bb90c7f111f86b427f798a1c9"
"voleqdef.f",868,878,"R6_EQN","(FIA(I),I=1,53)",41,"478","numeric",478,,"38548071d5aa652bb90c7f111f86b427f798a1c9"
"voleqdef.f",868,878,"R6_EQN","(FIA(I),I=1,53)",42,"492","numeric",492,,"38548071d5aa652bb90c7f111f86b427f798a1c9"
"voleqdef.f",868,878,"R6_EQN","(FIA(I),I=1,53)",43,"500","numeric",500,,"38548071d5aa652bb90c7f111f86b427f798a1c9"
"voleqdef.f",868,878,"R6_EQN","(FIA(I),I=1,53)",44,"631","numeric",631,,"38548071d5aa652bb90c7f111f86b427f798a1c9"
"voleqdef.f",868,878,"R6_EQN","(FIA(I),I=1,53)",45,"740","numeric",740,,"38548071d5aa652bb90c7f111f86b427f798a1c9"
"voleqdef.f",868,878,"R6_EQN","(FIA(I),I=1,53)",46,"746","numeric",746,,"38548071d5aa652bb90c7f111f86b427f798a1c9"
"voleqdef.f",868,878,"R6_EQN","(FIA(I),I=1,53)",47,"747","numeric",747,,"38548071d5aa652bb90c7f111f86b427f798a1c9"
"voleqdef.f",868,878,"R6_EQN","(FIA(I),I=1,53)",48,"768","numeric",768,,"38548071d5aa652bb90c7f111f86b427f798a1c9"
"voleqdef.f",868,878,"R6_EQN","(FIA(I),I=1,53)",49,"815","numeric",815,,"38548071d5aa652bb90c7f111f86b427f798a1c9"
"voleqdef.f",868,878,"R6_EQN","(FIA(I),I=1,53)",50,"818","numeric",818,,"38548071d5aa652bb90c7f111f86b427f798a1c9"
"voleqdef.f",868,878,"R6_EQN","(FIA(I),I=1,53)",51,"920","numeric",920,,"38548071d5aa652bb90c7f111f86b427f798a1c9"
"voleqdef.f",868,878,"R6_EQN","(FIA(I),I=1,53)",52,"998","numeric",998,,"38548071d5aa652bb90c7f111f86b427f798a1c9"
"voleqdef.f",868,878,"R6_EQN","(FIA(I),I=1,53)",53,"999","numeric",999,,"38548071d5aa652bb90c7f111f86b427f798a1c9"
"voleqdef.f",880,898,"R6_EQN","(EQNUMI(I),I=1,87)",1,"'I00FW2W012'","character",,"I00FW2W012","38548071d5aa652bb90c7f111f86b427f798a1c9"
"voleqdef.f",880,898,"R6_EQN","(EQNUMI(I),I=1,87)",2,"'I00FW2W017'","character",,"I00FW2W017","38548071d5aa652bb90c7f111f86b427f798a1c9"
"voleqdef.f",880,898,"R6_EQN","(EQNUMI(I),I=1,87)",3,"'I00FW2W019'","character",,"I00FW2W019","38548071d5aa652bb90c7f111f86b427f798a1c9"
"voleqdef.f",880,898,"R6_EQN","(EQNUMI(I),I=1,87)",4,"'I00FW2W073'","character",,"I00FW2W073","38548071d5aa652bb90c7f111f86b427f798a1c9"
"voleqdef.f",880,898,"R6_EQN","(EQNUMI(I),I=1,87)",5,"'I00FW2W093'","character",,"I00FW2W093","38548071d5aa652bb90c7f111f86b427f798a1c9"
"voleqdef.f",880,898,"R6_EQN","(EQNUMI(I),I=1,87)",6,"'I00FW2W108'","character",,"I00FW2W108","38548071d5aa652bb90c7f111f86b427f798a1c9"
"voleqdef.f",880,898,"R6_EQN","(EQNUMI(I),I=1,87)",7,"'I00FW2W119'","character",,"I00FW2W119","38548071d5aa652bb90c7f111f86b427f798a1c9"
"voleqdef.f",880,898,"R6_EQN","(EQNUMI(I),I=1,87)",8,"'I00FW2W122'","character",,"I00FW2W122","38548071d5aa652bb90c7f111f86b427f798a1c9"
"voleqdef.f",880,898,"R6_EQN","(EQNUMI(I),I=1,87)",9,"'I00FW2W202'","character",,"I00FW2W202","38548071d5aa652bb90c7f111f86b427f798a1c9"
"voleqdef.f",880,898,"R6_EQN","(EQNUMI(I),I=1,87)",10,"'I00FW2W242'","character",,"I00FW2W242","38548071d5aa652bb90c7f111f86b427f798a1c9"
"voleqdef.f",880,898,"R6_EQN","(EQNUMI(I),I=1,87)",11,"'I00FW2W260'","character",,"I00FW2W260","38548071d5aa652bb90c7f111f86b427f798a1c9"
"voleqdef.f",880,898,"R6_EQN","(EQNUMI(I),I=1,87)",12,"'I00FW2W263'","character",,"I00FW2W263","38548071d5aa652bb90c7f111f86b427f798a1c9"
"voleqdef.f",880,898,"R6_EQN","(EQNUMI(I),I=1,87)",13,"'I11FW2W012'","character",,"I11FW2W012","38548071d5aa652bb90c7f111f86b427f798a1c9"
"voleqdef.f",880,898,"R6_EQN","(EQNUMI(I),I=1,87)",14,"'I11FW2W017'","character",,"I11FW2W017","38548071d5aa652bb90c7f111f86b427f798a1c9"
"voleqdef.f",880,898,"R6_EQN","(EQNUMI(I),I=1,87)",15,"'I11FW2W019'","character",,"I11FW2W019","38548071d5aa652bb90c7f111f86b427f798a1c9"
"voleqdef.f",880,898,"R6_EQN","(EQNUMI(I),I=1,87)",16,"'I11FW2W073'","character",,"I11FW2W073","38548071d5aa652bb90c7f111f86b427f798a1c9"
"voleqdef.f",880,898,"R6_EQN","(EQNUMI(I),I=1,87)",17,"'I11FW2W093'","character",,"I11FW2W093","38548071d5aa652bb90c7f111f86b427f798a1c9"
"voleqdef.f",880,898,"R6_EQN","(EQNUMI(I),I=1,87)",18,"'I11FW2W108'","character",,"I11FW2W108","38548071d5aa652bb90c7f111f86b427f798a1c9"
"voleqdef.f",880,898,"R6_EQN","(EQNUMI(I),I=1,87)",19,"'I11FW2W119'","character",,"I11FW2W119","38548071d5aa652bb90c7f111f86b427f798a1c9"
"voleqdef.f",880,898,"R6_EQN","(EQNUMI(I),I=1,87)",20,"'I11FW2W122'","character",,"I11FW2W122","38548071d5aa652bb90c7f111f86b427f798a1c9"
"voleqdef.f",880,898,"R6_EQN","(EQNUMI(I),I=1,87)",21,"'I11FW2W202'","character",,"I11FW2W202","38548071d5aa652bb90c7f111f86b427f798a1c9"
"voleqdef.f",880,898,"R6_EQN","(EQNUMI(I),I=1,87)",22,"'I11FW2W242'","character",,"I11FW2W242","38548071d5aa652bb90c7f111f86b427f798a1c9"
"voleqdef.f",880,898,"R6_EQN","(EQNUMI(I),I=1,87)",23,"'I11FW2W260'","character",,"I11FW2W260","38548071d5aa652bb90c7f111f86b427f798a1c9"
"voleqdef.f",880,898,"R6_EQN","(EQNUMI(I),I=1,87)",24,"'I11FW2W263'","character",,"I11FW2W263","38548071d5aa652bb90c7f111f86b427f798a1c9"
"voleqdef.f",880,898,"R6_EQN","(EQNUMI(I),I=1,87)",25,"'I12FW2W012'","character",,"I12FW2W012","38548071d5aa652bb90c7f111f86b427f798a1c9"
"voleqdef.f",880,898,"R6_EQN","(EQNUMI(I),I=1,87)",26,"'I12FW2W017'","character",,"I12FW2W017","38548071d5aa652bb90c7f111f86b427f798a1c9"
"voleqdef.f",880,898,"R6_EQN","(EQNUMI(I),I=1,87)",27,"'I12FW2W019'","character",,"I12FW2W019","38548071d5aa652bb90c7f111f86b427f798a1c9"
"voleqdef.f",880,898,"R6_EQN","(EQNUMI(I),I=1,87)",28,"'I12FW2W073'","character",,"I12FW2W073","38548071d5aa652bb90c7f111f86b427f798a1c9"
"voleqdef.f",880,898,"R6_EQN","(EQNUMI(I),I=1,87)",29,"'I12FW2W093'","character",,"I12FW2W093","38548071d5aa652bb90c7f111f86b427f798a1c9"
"voleqdef.f",880,898,"R6_EQN","(EQNUMI(I),I=1,87)",30,"'I12FW2W108'","character",,"I12FW2W108","38548071d5aa652bb90c7f111f86b427f798a1c9"
"voleqdef.f",880,898,"R6_EQN","(EQNUMI(I),I=1,87)",31,"'I12FW2W119'","character",,"I12FW2W119","38548071d5aa652bb90c7f111f86b427f798a1c9"
"voleqdef.f",880,898,"R6_EQN","(EQNUMI(I),I=1,87)",32,"'I12FW2W122'","character",,"I12FW2W122","38548071d5aa652bb90c7f111f86b427f798a1c9"
"voleqdef.f",880,898,"R6_EQN","(EQNUMI(I),I=1,87)",33,"'I12FW2W202'","character",,"I12FW2W202","38548071d5aa652bb90c7f111f86b427f798a1c9"
"voleqdef.f",880,898,"R6_EQN","(EQNUMI(I),I=1,87)",34,"'I12FW2W242'","character",,"I12FW2W242","38548071d5aa652bb90c7f111f86b427f798a1c9"
"voleqdef.f",880,898,"R6_EQN","(EQNUMI(I),I=1,87)",35,"'I12FW2W260'","character",,"I12FW2W260","38548071d5aa652bb90c7f111f86b427f798a1c9"
"voleqdef.f",880,898,"R6_EQN","(EQNUMI(I),I=1,87)",36,"'I12FW2W263'","character",,"I12FW2W263","38548071d5aa652bb90c7f111f86b427f798a1c9"
"voleqdef.f",880,898,"R6_EQN","(EQNUMI(I),I=1,87)",37,"'I13FW2W012'","character",,"I13FW2W012","38548071d5aa652bb90c7f111f86b427f798a1c9"
"voleqdef.f",880,898,"R6_EQN","(EQNUMI(I),I=1,87)",38,"'I13FW2W017'","character",,"I13FW2W017","38548071d5aa652bb90c7f111f86b427f798a1c9"
"voleqdef.f",880,898,"R6_EQN","(EQNUMI(I),I=1,87)",39,"'I13FW2W019'","character",,"I13FW2W019","38548071d5aa652bb90c7f111f86b427f798a1c9"
"voleqdef.f",880,898,"R6_EQN","(EQNUMI(I),I=1,87)",40,"'I13FW2W073'","character",,"I13FW2W073","38548071d5aa652bb90c7f111f86b427f798a1c9"
"voleqdef.f",880,898,"R6_EQN","(EQNUMI(I),I=1,87)",41,"'I13FW2W093'","character",,"I13FW2W093","38548071d5aa652bb90c7f111f86b427f798a1c9"
"voleqdef.f",880,898,"R6_EQN","(EQNUMI(I),I=1,87)",42,"'I13FW2W108'","character",,"I13FW2W108","38548071d5aa652bb90c7f111f86b427f798a1c9"
"voleqdef.f",880,898,"R6_EQN","(EQNUMI(I),I=1,87)",43,"'I13FW2W119'","character",,"I13FW2W119","38548071d5aa652bb90c7f111f86b427f798a1c9"
"voleqdef.f",880,898,"R6_EQN","(EQNUMI(I),I=1,87)",44,"'I13FW2W122'","character",,"I13FW2W122","38548071d5aa652bb90c7f111f86b427f798a1c9"
"voleqdef.f",880,898,"R6_EQN","(EQNUMI(I),I=1,87)",45,"'I13FW2W202'","character",,"I13FW2W202","38548071d5aa652bb90c7f111f86b427f798a1c9"
"voleqdef.f",880,898,"R6_EQN","(EQNUMI(I),I=1,87)",46,"'I13FW2W242'","character",,"I13FW2W242","38548071d5aa652bb90c7f111f86b427f798a1c9"
"voleqdef.f",880,898,"R6_EQN","(EQNUMI(I),I=1,87)",47,"'I13FW2W260'","character",,"I13FW2W260","38548071d5aa652bb90c7f111f86b427f798a1c9"
"voleqdef.f",880,898,"R6_EQN","(EQNUMI(I),I=1,87)",48,"'I13FW2W263'","character",,"I13FW2W263","38548071d5aa652bb90c7f111f86b427f798a1c9"
"voleqdef.f",880,898,"R6_EQN","(EQNUMI(I),I=1,87)",49,"'I14FW2W012'","character",,"I14FW2W012","38548071d5aa652bb90c7f111f86b427f798a1c9"
"voleqdef.f",880,898,"R6_EQN","(EQNUMI(I),I=1,87)",50,"'I14FW2W017'","character",,"I14FW2W017","38548071d5aa652bb90c7f111f86b427f798a1c9"
"voleqdef.f",880,898,"R6_EQN","(EQNUMI(I),I=1,87)",51,"'I14FW2W019'","character",,"I14FW2W019","38548071d5aa652bb90c7f111f86b427f798a1c9"
"voleqdef.f",880,898,"R6_EQN","(EQNUMI(I),I=1,87)",52,"'I14FW2W073'","character",,"I14FW2W073","38548071d5aa652bb90c7f111f86b427f798a1c9"
"voleqdef.f",880,898,"R6_EQN","(EQNUMI(I),I=1,87)",53,"'I14FW2W093'","character",,"I14FW2W093","38548071d5aa652bb90c7f111f86b427f798a1c9"
"voleqdef.f",880,898,"R6_EQN","(EQNUMI(I),I=1,87)",54,"'I14FW2W108'","character",,"I14FW2W108","38548071d5aa652bb90c7f111f86b427f798a1c9"
"voleqdef.f",880,898,"R6_EQN","(EQNUMI(I),I=1,87)",55,"'I14FW2W119'","character",,"I14FW2W119","38548071d5aa652bb90c7f111f86b427f798a1c9"
"voleqdef.f",880,898,"R6_EQN","(EQNUMI(I),I=1,87)",56,"'I14FW2W122'","character",,"I14FW2W122","38548071d5aa652bb90c7f111f86b427f798a1c9"
"voleqdef.f",880,898,"R6_EQN","(EQNUMI(I),I=1,87)",57,"'I14FW2W202'","character",,"I14FW2W202","38548071d5aa652bb90c7f111f86b427f798a1c9"
"voleqdef.f",880,898,"R6_EQN","(EQNUMI(I),I=1,87)",58,"'I14FW2W242'","character",,"I14FW2W242","38548071d5aa652bb90c7f111f86b427f798a1c9"
"voleqdef.f",880,898,"R6_EQN","(EQNUMI(I),I=1,87)",59,"'I14FW2W260'","character",,"I14FW2W260","38548071d5aa652bb90c7f111f86b427f798a1c9"
"voleqdef.f",880,898,"R6_EQN","(EQNUMI(I),I=1,87)",60,"'I14FW2W263'","character",,"I14FW2W263","38548071d5aa652bb90c7f111f86b427f798a1c9"
"voleqdef.f",880,898,"R6_EQN","(EQNUMI(I),I=1,87)",61,"'I00FW2W012'","character",,"I00FW2W012","38548071d5aa652bb90c7f111f86b427f798a1c9"
"voleqdef.f",880,898,"R6_EQN","(EQNUMI(I),I=1,87)",62,"'I00FW2W202'","character",,"I00FW2W202","38548071d5aa652bb90c7f111f86b427f798a1c9"
"voleqdef.f",880,898,"R6_EQN","(EQNUMI(I),I=1,87)",63,"'I00FW2W093'","character",,"I00FW2W093","38548071d5aa652bb90c7f111f86b427f798a1c9"
"voleqdef.f",880,898,"R6_EQN","(EQNUMI(I),I=1,87)",64,"'I00FW2W017'","character",,"I00FW2W017","38548071d5aa652bb90c7f111f86b427f798a1c9"
"voleqdef.f",880,898,"R6_EQN","(EQNUMI(I),I=1,87)",65,"'I00FW2W108'","character",,"I00FW2W108","38548071d5aa652bb90c7f111f86b427f798a1c9"
"voleqdef.f",880,898,"R6_EQN","(EQNUMI(I),I=1,87)",66,"'I00FW2W122'","character",,"I00FW2W122","38548071d5aa652bb90c7f111f86b427f798a1c9"
"voleqdef.f",880,898,"R6_EQN","(EQNUMI(I),I=1,87)",67,"'I00FW2W019'","character",,"I00FW2W019","38548071d5aa652bb90c7f111f86b427f798a1c9"
"voleqdef.f",880,898,"R6_EQN","(EQNUMI(I),I=1,87)",68,"'I00FW2W073'","character",,"I00FW2W073","38548071d5aa652bb90c7f111f86b427f798a1c9"
"voleqdef.f",880,898,"R6_EQN","(EQNUMI(I),I=1,87)",69,"'I00FW2W119'","character",,"I00FW2W119","38548071d5aa652bb90c7f111f86b427f798a1c9"
"voleqdef.f",880,898,"R6_EQN","(EQNUMI(I),I=1,87)",70,"'I00FW2W242'","character",,"I00FW2W242","38548071d5aa652bb90c7f111f86b427f798a1c9"
"voleqdef.f",880,898,"R6_EQN","(EQNUMI(I),I=1,87)",71,"'I00FW2W260'","character",,"I00FW2W260","38548071d5aa652bb90c7f111f86b427f798a1c9"
"voleqdef.f",880,898,"R6_EQN","(EQNUMI(I),I=1,87)",72,"'I13FW2W202'","character",,"I13FW2W202","38548071d5aa652bb90c7f111f86b427f798a1c9"
"voleqdef.f",880,898,"R6_EQN","(EQNUMI(I),I=1,87)",73,"'I11FW2W202'","character",,"I11FW2W202","38548071d5aa652bb90c7f111f86b427f798a1c9"
"voleqdef.f",880,898,"R6_EQN","(EQNUMI(I),I=1,87)",74,"'I12FW2W202'","character",,"I12FW2W202","38548071d5aa652bb90c7f111f86b427f798a1c9"
"voleqdef.f",880,898,"R6_EQN","(EQNUMI(I),I=1,87)",75,"'I14FW2W017'","character",,"I14FW2W017","38548071d5aa652bb90c7f111f86b427f798a1c9"
"voleqdef.f",880,898,"R6_EQN","(EQNUMI(I),I=1,87)",76,"'I13FW2W017'","character",,"I13FW2W017","38548071d5aa652bb90c7f111f86b427f798a1c9"
"voleqdef.f",880,898,"R6_EQN","(EQNUMI(I),I=1,87)",77,"'I14FW2W122'","character",,"I14FW2W122","38548071d5aa652bb90c7f111f86b427f798a1c9"
"voleqdef.f",880,898,"R6_EQN","(EQNUMI(I),I=1,87)",78,"'I12FW2W122'","character",,"I12FW2W122","38548071d5aa652bb90c7f111f86b427f798a1c9"
"voleqdef.f",880,898,"R6_EQN","(EQNUMI(I),I=1,87)",79,"'I13FW2W122'","character",,"I13FW2W122","38548071d5aa652bb90c7f111f86b427f798a1c9"
"voleqdef.f",880,898,"R6_EQN","(EQNUMI(I),I=1,87)",80,"'I11FW2W122'","character",,"I11FW2W122","38548071d5aa652bb90c7f111f86b427f798a1c9"
"voleqdef.f",880,898,"R6_EQN","(EQNUMI(I),I=1,87)",81,"'I11FW2W017'","character",,"I11FW2W017","38548071d5aa652bb90c7f111f86b427f798a1c9"
"voleqdef.f",880,898,"R6_EQN","(EQNUMI(I),I=1,87)",82,"'I11FW2W073'","character",,"I11FW2W073","38548071d5aa652bb90c7f111f86b427f798a1c9"
"voleqdef.f",880,898,"R6_EQN","(EQNUMI(I),I=1,87)",83,"'I11FW2W242'","character",,"I11FW2W242","38548071d5aa652bb90c7f111f86b427f798a1c9"
"voleqdef.f",880,898,"R6_EQN","(EQNUMI(I),I=1,87)",84,"'I12FW2W017'","character",,"I12FW2W017","38548071d5aa652bb90c7f111f86b427f798a1c9"
"voleqdef.f",880,898,"R6_EQN","(EQNUMI(I),I=1,87)",85,"'I12FW2W073'","character",,"I12FW2W073","38548071d5aa652bb90c7f111f86b427f798a1c9"
"voleqdef.f",880,898,"R6_EQN","(EQNUMI(I),I=1,87)",86,"'I13FW2W073'","character",,"I13FW2W073","38548071d5aa652bb90c7f111f86b427f798a1c9"
"voleqdef.f",880,898,"R6_EQN","(EQNUMI(I),I=1,87)",87,"'I14FW2W073'","character",,"I14FW2W073","38548071d5aa652bb90c7f111f86b427f798a1c9"
"voleqdef.f",900,910,"R6_EQN","(EQNUMF(I),I=1,50)",1,"'F00FW2W202'","character",,"F00FW2W202","38548071d5aa652bb90c7f111f86b427f798a1c9"
"voleqdef.f",900,910,"R6_EQN","(EQNUMF(I),I=1,50)",2,"'F00FW2W242'","character",,"F00FW2W242","38548071d5aa652bb90c7f111f86b427f798a1c9"
"voleqdef.f",900,910,"R6_EQN","(EQNUMF(I),I=1,50)",3,"'F00FW2W263'","character",,"F00FW2W263","38548071d5aa652bb90c7f111f86b427f798a1c9"
"voleqdef.f",900,910,"R6_EQN","(EQNUMF(I),I=1,50)",4,"'F01FW2W202'","character",,"F01FW2W202","38548071d5aa652bb90c7f111f86b427f798a1c9"
"voleqdef.f",900,910,"R6_EQN","(EQNUMF(I),I=1,50)",5,"'F01FW2W242'","character",,"F01FW2W242","38548071d5aa652bb90c7f111f86b427f798a1c9"
"voleqdef.f",900,910,"R6_EQN","(EQNUMF(I),I=1,50)",6,"'F01FW2W263'","character",,"F01FW2W263","38548071d5aa652bb90c7f111f86b427f798a1c9"
"voleqdef.f",900,910,"R6_EQN","(EQNUMF(I),I=1,50)",7,"'F02FW2W202'","character",,"F02FW2W202","38548071d5aa652bb90c7f111f86b427f798a1c9"
"voleqdef.f",900,910,"R6_EQN","(EQNUMF(I),I=1,50)",8,"'F02FW2W242'","character",,"F02FW2W242","38548071d5aa652bb90c7f111f86b427f798a1c9"
"voleqdef.f",900,910,"R6_EQN","(EQNUMF(I),I=1,50)",9,"'F02FW2W263'","character",,"F02FW2W263","38548071d5aa652bb90c7f111f86b427f798a1c9"
"voleqdef.f",900,910,"R6_EQN","(EQNUMF(I),I=1,50)",10,"'F03FW2W202'","character",,"F03FW2W202","38548071d5aa652bb90c7f111f86b427f798a1c9"
"voleqdef.f",900,910,"R6_EQN","(EQNUMF(I),I=1,50)",11,"'F03FW2W242'","character",,"F03FW2W242","38548071d5aa652bb90c7f111f86b427f798a1c9"
"voleqdef.f",900,910,"R6_EQN","(EQNUMF(I),I=1,50)",12,"'F03FW2W263'","character",,"F03FW2W263","38548071d5aa652bb90c7f111f86b427f798a1c9"
"voleqdef.f",900,910,"R6_EQN","(EQNUMF(I),I=1,50)",13,"'F04FW2W202'","character",,"F04FW2W202","38548071d5aa652bb90c7f111f86b427f798a1c9"
"voleqdef.f",900,910,"R6_EQN","(EQNUMF(I),I=1,50)",14,"'F04FW2W242'","character",,"F04FW2W242","38548071d5aa652bb90c7f111f86b427f798a1c9"
"voleqdef.f",900,910,"R6_EQN","(EQNUMF(I),I=1,50)",15,"'F04FW2W263'","character",,"F04FW2W263","38548071d5aa652bb90c7f111f86b427f798a1c9"
"voleqdef.f",900,910,"R6_EQN","(EQNUMF(I),I=1,50)",16,"'F05FW2W202'","character",,"F05FW2W202","38548071d5aa652bb90c7f111f86b427f798a1c9"
"voleqdef.f",900,910,"R6_EQN","(EQNUMF(I),I=1,50)",17,"'F05FW2W242'","character",,"F05FW2W242","38548071d5aa652bb90c7f111f86b427f798a1c9"
"voleqdef.f",900,910,"R6_EQN","(EQNUMF(I),I=1,50)",18,"'F05FW2W263'","character",,"F05FW2W263","38548071d5aa652bb90c7f111f86b427f798a1c9"
"voleqdef.f",900,910,"R6_EQN","(EQNUMF(I),I=1,50)",19,"'F06FW2W202'","character",,"F06FW2W202","38548071d5aa652bb90c7f111f86b427f798a1c9"
"voleqdef.f",900,910,"R6_EQN","(EQNUMF(I),I=1,50)",20,"'F06FW2W242'","character",,"F06FW2W242","38548071d5aa652bb90c7f111f86b427f798a1c9"
"voleqdef.f",900,910,"R6_EQN","(EQNUMF(I),I=1,50)",21,"'F06FW2W263'","character",,"F06FW2W263","38548071d5aa652bb90c7f111f86b427f798a1c9"
"voleqdef.f",900,910,"R6_EQN","(EQNUMF(I),I=1,50)",22,"'F07FW2W202'","character",,"F07FW2W202","38548071d5aa652bb90c7f111f86b427f798a1c9"
"voleqdef.f",900,910,"R6_EQN","(EQNUMF(I),I=1,50)",23,"'F07FW2W242'","character",,"F07FW2W242","38548071d5aa652bb90c7f111f86b427f798a1c9"
"voleqdef.f",900,910,"R6_EQN","(EQNUMF(I),I=1,50)",24,"'F07FW2W263'","character",,"F07FW2W263","38548071d5aa652bb90c7f111f86b427f798a1c9"
"voleqdef.f",900,910,"R6_EQN","(EQNUMF(I),I=1,50)",25,"'F08FW2W202'","character",,"F08FW2W202","38548071d5aa652bb90c7f111f86b427f798a1c9"
"voleqdef.f",900,910,"R6_EQN","(EQNUMF(I),I=1,50)",26,"'F08FW2W242'","character",,"F08FW2W242","38548071d5aa652bb90c7f111f86b427f798a1c9"
"voleqdef.f",900,910,"R6_EQN","(EQNUMF(I),I=1,50)",27,"'F08FW2W263'","character",,"F08FW2W263","38548071d5aa652bb90c7f111f86b427f798a1c9"
"voleqdef.f",900,910,"R6_EQN","(EQNUMF(I),I=1,50)",28,"'F03FW2W202'","character",,"F03FW2W202","38548071d5aa652bb90c7f111f86b427f798a1c9"
"voleqdef.f",900,910,"R6_EQN","(EQNUMF(I),I=1,50)",29,"'F01FW2W202'","character",,"F01FW2W202","38548071d5aa652bb90c7f111f86b427f798a1c9"
"voleqdef.f",900,910,"R6_EQN","(EQNUMF(I),I=1,50)",30,"'F02FW2W202'","character",,"F02FW2W202","38548071d5aa652bb90c7f111f86b427f798a1c9"
"voleqdef.f",900,910,"R6_EQN","(EQNUMF(I),I=1,50)",31,"'F00FW2W202'","character",,"F00FW2W202","38548071d5aa652bb90c7f111f86b427f798a1c9"
"voleqdef.f",900,910,"R6_EQN","(EQNUMF(I),I=1,50)",32,"'F04FW2W202'","character",,"F04FW2W202","38548071d5aa652bb90c7f111f86b427f798a1c9"
"voleqdef.f",900,910,"R6_EQN","(EQNUMF(I),I=1,50)",33,"'F08FW2W202'","character",,"F08FW2W202","38548071d5aa652bb90c7f111f86b427f798a1c9"
"voleqdef.f",900,910,"R6_EQN","(EQNUMF(I),I=1,50)",34,"'F07FW2W202'","character",,"F07FW2W202","38548071d5aa652bb90c7f111f86b427f798a1c9"
"voleqdef.f",900,910,"R6_EQN","(EQNUMF(I),I=1,50)",35,"'F06FW2W202'","character",,"F06FW2W202","38548071d5aa652bb90c7f111f86b427f798a1c9"
"voleqdef.f",900,910,"R6_EQN","(EQNUMF(I),I=1,50)",36,"'F05FW2W202'","character",,"F05FW2W202","38548071d5aa652bb90c7f111f86b427f798a1c9"
"voleqdef.f",900,910,"R6_EQN","(EQNUMF(I),I=1,50)",37,"'F00FW2W242'","character",,"F00FW2W242","38548071d5aa652bb90c7f111f86b427f798a1c9"
"voleqdef.f",900,910,"R6_EQN","(EQNUMF(I),I=1,50)",38,"'F00FW2W260'","character",,"F00FW2W260","38548071d5aa652bb90c7f111f86b427f798a1c9"
"voleqdef.f",900,910,"R6_EQN","(EQNUMF(I),I=1,50)",39,"'F01FW2W242'","character",,"F01FW2W242","38548071d5aa652bb90c7f111f86b427f798a1c9"
"voleqdef.f",900,910,"R6_EQN","(EQNUMF(I),I=1,50)",40,"'F01FW2W260'","character",,"F01FW2W260","38548071d5aa652bb90c7f111f86b427f798a1c9"
"voleqdef.f",900,910,"R6_EQN","(EQNUMF(I),I=1,50)",41,"'F02FW2W242'","character",,"F02FW2W242","38548071d5aa652bb90c7f111f86b427f798a1c9"
"voleqdef.f",900,910,"R6_EQN","(EQNUMF(I),I=1,50)",42,"'F02FW2W260'","character",,"F02FW2W260","38548071d5aa652bb90c7f111f86b427f798a1c9"
"voleqdef.f",900,910,"R6_EQN","(EQNUMF(I),I=1,50)",43,"'F03FW2W242'","character",,"F03FW2W242","38548071d5aa652bb90c7f111f86b427f798a1c9"
"voleqdef.f",900,910,"R6_EQN","(EQNUMF(I),I=1,50)",44,"'F03FW2W260'","character",,"F03FW2W260","38548071d5aa652bb90c7f111f86b427f798a1c9"
"voleqdef.f",900,910,"R6_EQN","(EQNUMF(I),I=1,50)",45,"'F04FW2W242'","character",,"F04FW2W242","38548071d5aa652bb90c7f111f86b427f798a1c9"
"voleqdef.f",900,910,"R6_EQN","(EQNUMF(I),I=1,50)",46,"'F04FW2W260'","character",,"F04FW2W260","38548071d5aa652bb90c7f111f86b427f798a1c9"
"voleqdef.f",900,910,"R6_EQN","(EQNUMF(I),I=1,50)",47,"'F05FW2W260'","character",,"F05FW2W260","38548071d5aa652bb90c7f111f86b427f798a1c9"
"voleqdef.f",900,910,"R6_EQN","(EQNUMF(I),I=1,50)",48,"'F06FW2W260'","character",,"F06FW2W260","38548071d5aa652bb90c7f111f86b427f798a1c9"
"voleqdef.f",900,910,"R6_EQN","(EQNUMF(I),I=1,50)",49,"'F07FW2W260'","character",,"F07FW2W260","38548071d5aa652bb90c7f111f86b427f798a1c9"
"voleqdef.f",900,910,"R6_EQN","(EQNUMF(I),I=1,50)",50,"'F08FW2W260'","character",,"F08FW2W260","38548071d5aa652bb90c7f111f86b427f798a1c9"
"voleqdef.f",912,920,"R6_EQN","(EQNUMC(I),I=1,39)",1,"'I21FW2W012'","character",,"I21FW2W012","38548071d5aa652bb90c7f111f86b427f798a1c9"
"voleqdef.f",912,920,"R6_EQN","(EQNUMC(I),I=1,39)",2,"'I21FW2W017'","character",,"I21FW2W017","38548071d5aa652bb90c7f111f86b427f798a1c9"
"voleqdef.f",912,920,"R6_EQN","(EQNUMC(I),I=1,39)",3,"'I21FW2W019'","character",,"I21FW2W019","38548071d5aa652bb90c7f111f86b427f798a1c9"
"voleqdef.f",912,920,"R6_EQN","(EQNUMC(I),I=1,39)",4,"'I21FW2W073'","character",,"I21FW2W073","38548071d5aa652bb90c7f111f86b427f798a1c9"
"voleqdef.f",912,920,"R6_EQN","(EQNUMC(I),I=1,39)",5,"'I21FW2W093'","character",,"I21FW2W093","38548071d5aa652bb90c7f111f86b427f798a1c9"
"voleqdef.f",912,920,"R6_EQN","(EQNUMC(I),I=1,39)",6,"'I21FW2W108'","character",,"I21FW2W108","38548071d5aa652bb90c7f111f86b427f798a1c9"
"voleqdef.f",912,920,"R6_EQN","(EQNUMC(I),I=1,39)",7,"'I21FW2W119'","character",,"I21FW2W119","38548071d5aa652bb90c7f111f86b427f798a1c9"
"voleqdef.f",912,920,"R6_EQN","(EQNUMC(I),I=1,39)",8,"'I21FW2W122'","character",,"I21FW2W122","38548071d5aa652bb90c7f111f86b427f798a1c9"
"voleqdef.f",912,920,"R6_EQN","(EQNUMC(I),I=1,39)",9,"'I21FW2W202'","character",,"I21FW2W202","38548071d5aa652bb90c7f111f86b427f798a1c9"
"voleqdef.f",912,920,"R6_EQN","(EQNUMC(I),I=1,39)",10,"'I21FW2W242'","character",,"I21FW2W242","38548071d5aa652bb90c7f111f86b427f798a1c9"
"voleqdef.f",912,920,"R6_EQN","(EQNUMC(I),I=1,39)",11,"'I21FW2W260'","character",,"I21FW2W260","38548071d5aa652bb90c7f111f86b427f798a1c9"
"voleqdef.f",912,920,"R6_EQN","(EQNUMC(I),I=1,39)",12,"'I22FW2W012'","character",,"I22FW2W012","38548071d5aa652bb90c7f111f86b427f798a1c9"
"voleqdef.f",912,920,"R6_EQN","(EQNUMC(I),I=1,39)",13,"'I22FW2W017'","character",,"I22FW2W017","38548071d5aa652bb90c7f111f86b427f798a1c9"
"voleqdef.f",912,920,"R6_EQN","(EQNUMC(I),I=1,39)",14,"'I22FW2W019'","character",,"I22FW2W019","38548071d5aa652bb90c7f111f86b427f798a1c9"
"voleqdef.f",912,920,"R6_EQN","(EQNUMC(I),I=1,39)",15,"'I22FW2W073'","character",,"I22FW2W073","38548071d5aa652bb90c7f111f86b427f798a1c9"
"voleqdef.f",912,920,"R6_EQN","(EQNUMC(I),I=1,39)",16,"'I22FW2W093'","character",,"I22FW2W093","38548071d5aa652bb90c7f111f86b427f798a1c9"
"voleqdef.f",912,920,"R6_EQN","(EQNUMC(I),I=1,39)",17,"'I22FW2W108'","character",,"I22FW2W108","38548071d5aa652bb90c7f111f86b427f798a1c9"
"voleqdef.f",912,920,"R6_EQN","(EQNUMC(I),I=1,39)",18,"'I22FW2W119'","character",,"I22FW2W119","38548071d5aa652bb90c7f111f86b427f798a1c9"
"voleqdef.f",912,920,"R6_EQN","(EQNUMC(I),I=1,39)",19,"'I22FW2W122'","character",,"I22FW2W122","38548071d5aa652bb90c7f111f86b427f798a1c9"
"voleqdef.f",912,920,"R6_EQN","(EQNUMC(I),I=1,39)",20,"'I22FW2W202'","character",,"I22FW2W202","38548071d5aa652bb90c7f111f86b427f798a1c9"
"voleqdef.f",912,920,"R6_EQN","(EQNUMC(I),I=1,39)",21,"'I22FW2W242'","character",,"I22FW2W242","38548071d5aa652bb90c7f111f86b427f798a1c9"
"voleqdef.f",912,920,"R6_EQN","(EQNUMC(I),I=1,39)",22,"'I22FW2W260'","character",,"I22FW2W260","38548071d5aa652bb90c7f111f86b427f798a1c9"
"voleqdef.f",912,920,"R6_EQN","(EQNUMC(I),I=1,39)",23,"'I23FW2W012'","character",,"I23FW2W012","38548071d5aa652bb90c7f111f86b427f798a1c9"
"voleqdef.f",912,920,"R6_EQN","(EQNUMC(I),I=1,39)",24,"'I23FW2W017'","character",,"I23FW2W017","38548071d5aa652bb90c7f111f86b427f798a1c9"
"voleqdef.f",912,920,"R6_EQN","(EQNUMC(I),I=1,39)",25,"'I23FW2W019'","character",,"I23FW2W019","38548071d5aa652bb90c7f111f86b427f798a1c9"
"voleqdef.f",912,920,"R6_EQN","(EQNUMC(I),I=1,39)",26,"'I23FW2W073'","character",,"I23FW2W073","38548071d5aa652bb90c7f111f86b427f798a1c9"
"voleqdef.f",912,920,"R6_EQN","(EQNUMC(I),I=1,39)",27,"'I23FW2W093'","character",,"I23FW2W093","38548071d5aa652bb90c7f111f86b427f798a1c9"
"voleqdef.f",912,920,"R6_EQN","(EQNUMC(I),I=1,39)",28,"'I23FW2W108'","character",,"I23FW2W108","38548071d5aa652bb90c7f111f86b427f798a1c9"
"voleqdef.f",912,920,"R6_EQN","(EQNUMC(I),I=1,39)",29,"'I23FW2W119'","character",,"I23FW2W119","38548071d5aa652bb90c7f111f86b427f798a1c9"
"voleqdef.f",912,920,"R6_EQN","(EQNUMC(I),I=1,39)",30,"'I23FW2W122'","character",,"I23FW2W122","38548071d5aa652bb90c7f111f86b427f798a1c9"
"voleqdef.f",912,920,"R6_EQN","(EQNUMC(I),I=1,39)",31,"'I23FW2W202'","character",,"I23FW2W202","38548071d5aa652bb90c7f111f86b427f798a1c9"
"voleqdef.f",912,920,"R6_EQN","(EQNUMC(I),I=1,39)",32,"'I23FW2W242'","character",,"I23FW2W242","38548071d5aa652bb90c7f111f86b427f798a1c9"
"voleqdef.f",912,920,"R6_EQN","(EQNUMC(I),I=1,39)",33,"'I23FW2W260'","character",,"I23FW2W260","38548071d5aa652bb90c7f111f86b427f798a1c9"
"voleqdef.f",912,920,"R6_EQN","(EQNUMC(I),I=1,39)",34,"'I22FW2W122'","character",,"I22FW2W122","38548071d5aa652bb90c7f111f86b427f798a1c9"
"voleqdef.f",912,920,"R6_EQN","(EQNUMC(I),I=1,39)",35,"'I21FW2W122'","character",,"I21FW2W122","38548071d5aa652bb90c7f111f86b427f798a1c9"
"voleqdef.f",912,920,"R6_EQN","(EQNUMC(I),I=1,39)",36,"'I23FW2W122'","character",,"I23FW2W122","38548071d5aa652bb90c7f111f86b427f798a1c9"
"voleqdef.f",912,920,"R6_EQN","(EQNUMC(I),I=1,39)",37,"'I21FW2W073'","character",,"I21FW2W073","38548071d5aa652bb90c7f111f86b427f798a1c9"
"voleqdef.f",912,920,"R6_EQN","(EQNUMC(I),I=1,39)",38,"'I22FW2W073'","character",,"I22FW2W073","38548071d5aa652bb90c7f111f86b427f798a1c9"
"voleqdef.f",912,920,"R6_EQN","(EQNUMC(I),I=1,39)",39,"'I23FW2W073'","character",,"I23FW2W073","38548071d5aa652bb90c7f111f86b427f798a1c9"
"voleqdef.f",922,925,"R6_EQN","(EQNUMD(I),I=1,15)",1,"'601DVEW205'","character",,"601DVEW205","38548071d5aa652bb90c7f111f86b427f798a1c9"
"voleqdef.f",922,925,"R6_EQN","(EQNUMD(I),I=1,15)",2,"'601DVEW263'","character",,"601DVEW263","38548071d5aa652bb90c7f111f86b427f798a1c9"
"voleqdef.f",922,925,"R6_EQN","(EQNUMD(I),I=1,15)",3,"'601DVEW015'","character",,"601DVEW015","38548071d5aa652bb90c7f111f86b427f798a1c9"
"voleqdef.f",922,925,"R6_EQN","(EQNUMD(I),I=1,15)",4,"'602DVEW122'","character",,"602DVEW122","38548071d5aa652bb90c7f111f86b427f798a1c9"
"voleqdef.f",922,925,"R6_EQN","(EQNUMD(I),I=1,15)",5,"'602DVEW204'","character",,"602DVEW204","38548071d5aa652bb90c7f111f86b427f798a1c9"
"voleqdef.f",922,925,"R6_EQN","(EQNUMD(I),I=1,15)",6,"'602DVEW015'","character",,"602DVEW015","38548071d5aa652bb90c7f111f86b427f798a1c9"
"voleqdef.f",922,925,"R6_EQN","(EQNUMD(I),I=1,15)",7,"'602DVEW108'","character",,"602DVEW108","38548071d5aa652bb90c7f111f86b427f798a1c9"
"voleqdef.f",922,925,"R6_EQN","(EQNUMD(I),I=1,15)",8,"'602DVEW122'","character",,"602DVEW122","38548071d5aa652bb90c7f111f86b427f798a1c9"
"voleqdef.f",922,925,"R6_EQN","(EQNUMD(I),I=1,15)",9,"'601DVEW205'","character",,"601DVEW205","38548071d5aa652bb90c7f111f86b427f798a1c9"
"voleqdef.f",922,925,"R6_EQN","(EQNUMD(I),I=1,15)",10,"'602DVEW204'","character",,"602DVEW204","38548071d5aa652bb90c7f111f86b427f798a1c9"
"voleqdef.f",922,925,"R6_EQN","(EQNUMD(I),I=1,15)",11,"'602DVEW108'","character",,"602DVEW108","38548071d5aa652bb90c7f111f86b427f798a1c9"
"voleqdef.f",922,925,"R6_EQN","(EQNUMD(I),I=1,15)",12,"'600DVEW122'","character",,"600DVEW122","38548071d5aa652bb90c7f111f86b427f798a1c9"
"voleqdef.f",922,925,"R6_EQN","(EQNUMD(I),I=1,15)",13,"'601DVEW015'","character",,"601DVEW015","38548071d5aa652bb90c7f111f86b427f798a1c9"
"voleqdef.f",922,925,"R6_EQN","(EQNUMD(I),I=1,15)",14,"'601DVEW263'","character",,"601DVEW263","38548071d5aa652bb90c7f111f86b427f798a1c9"
"voleqdef.f",922,925,"R6_EQN","(EQNUMD(I),I=1,15)",15,"'602DVEW015'","character",,"602DVEW015","38548071d5aa652bb90c7f111f86b427f798a1c9"
"voleqdef.f",927,936,"R6_EQN","(EQNUM(I),I=1,44)",1,"'B00BEHW011'","character",,"B00BEHW011","38548071d5aa652bb90c7f111f86b427f798a1c9"
"voleqdef.f",927,936,"R6_EQN","(EQNUM(I),I=1,44)",2,"'B00BEHW015'","character",,"B00BEHW015","38548071d5aa652bb90c7f111f86b427f798a1c9"
"voleqdef.f",927,936,"R6_EQN","(EQNUM(I),I=1,44)",3,"'B00BEHW017'","character",,"B00BEHW017","38548071d5aa652bb90c7f111f86b427f798a1c9"
"voleqdef.f",927,936,"R6_EQN","(EQNUM(I),I=1,44)",4,"'B00BEHW015'","character",,"B00BEHW015","38548071d5aa652bb90c7f111f86b427f798a1c9"
"voleqdef.f",927,936,"R6_EQN","(EQNUM(I),I=1,44)",5,"'B00BEHW021'","character",,"B00BEHW021","38548071d5aa652bb90c7f111f86b427f798a1c9"
"voleqdef.f",927,936,"R6_EQN","(EQNUM(I),I=1,44)",6,"'B00BEHW021'","character",,"B00BEHW021","38548071d5aa652bb90c7f111f86b427f798a1c9"
"voleqdef.f",927,936,"R6_EQN","(EQNUM(I),I=1,44)",7,"'B00BEHW022'","character",,"B00BEHW022","38548071d5aa652bb90c7f111f86b427f798a1c9"
"voleqdef.f",927,936,"R6_EQN","(EQNUM(I),I=1,44)",8,"'B00BEHW041'","character",,"B00BEHW041","38548071d5aa652bb90c7f111f86b427f798a1c9"
"voleqdef.f",927,936,"R6_EQN","(EQNUM(I),I=1,44)",9,"'B00BEHW042'","character",,"B00BEHW042","38548071d5aa652bb90c7f111f86b427f798a1c9"
"voleqdef.f",927,936,"R6_EQN","(EQNUM(I),I=1,44)",10,"'B00BEHW242'","character",,"B00BEHW242","38548071d5aa652bb90c7f111f86b427f798a1c9"
"voleqdef.f",927,936,"R6_EQN","(EQNUM(I),I=1,44)",11,"'B00BEHW073'","character",,"B00BEHW073","38548071d5aa652bb90c7f111f86b427f798a1c9"
"voleqdef.f",927,936,"R6_EQN","(EQNUM(I),I=1,44)",12,"'B00BEHW073'","character",,"B00BEHW073","38548071d5aa652bb90c7f111f86b427f798a1c9"
"voleqdef.f",927,936,"R6_EQN","(EQNUM(I),I=1,44)",13,"'B00BEHW081'","character",,"B00BEHW081","38548071d5aa652bb90c7f111f86b427f798a1c9"
"voleqdef.f",927,936,"R6_EQN","(EQNUM(I),I=1,44)",14,"'B00BEHW093'","character",,"B00BEHW093","38548071d5aa652bb90c7f111f86b427f798a1c9"
"voleqdef.f",927,936,"R6_EQN","(EQNUM(I),I=1,44)",15,"'B00BEHW098'","character",,"B00BEHW098","38548071d5aa652bb90c7f111f86b427f798a1c9"
"voleqdef.f",927,936,"R6_EQN","(EQNUM(I),I=1,44)",16,"'B00BEHW119'","character",,"B00BEHW119","38548071d5aa652bb90c7f111f86b427f798a1c9"
"voleqdef.f",927,936,"R6_EQN","(EQNUM(I),I=1,44)",17,"'B00BEHW108'","character",,"B00BEHW108","38548071d5aa652bb90c7f111f86b427f798a1c9"
"voleqdef.f",927,936,"R6_EQN","(EQNUM(I),I=1,44)",18,"'B00BEHW108'","character",,"B00BEHW108","38548071d5aa652bb90c7f111f86b427f798a1c9"
"voleqdef.f",927,936,"R6_EQN","(EQNUM(I),I=1,44)",19,"'B00BEHW116'","character",,"B00BEHW116","38548071d5aa652bb90c7f111f86b427f798a1c9"
"voleqdef.f",927,936,"R6_EQN","(EQNUM(I),I=1,44)",20,"'B00BEHW117'","character",,"B00BEHW117","38548071d5aa652bb90c7f111f86b427f798a1c9"
"voleqdef.f",927,936,"R6_EQN","(EQNUM(I),I=1,44)",21,"'B00BEHW119'","character",,"B00BEHW119","38548071d5aa652bb90c7f111f86b427f798a1c9"
"voleqdef.f",927,936,"R6_EQN","(EQNUM(I),I=1,44)",22,"'B00BEHW122'","character",,"B00BEHW122","38548071d5aa652bb90c7f111f86b427f798a1c9"
"voleqdef.f",927,936,"R6_EQN","(EQNUM(I),I=1,44)",23,"'B01BEHW202'","character",,"B01BEHW202","38548071d5aa652bb90c7f111f86b427f798a1c9"
"voleqdef.f",927,936,"R6_EQN","(EQNUM(I),I=1,44)",24,"'B00BEHW211'","character",,"B00BEHW211","38548071d5aa652bb90c7f111f86b427f798a1c9"
"voleqdef.f",927,936,"R6_EQN","(EQNUM(I),I=1,44)",25,"'B00BEHW231'","character",,"B00BEHW231","38548071d5aa652bb90c7f111f86b427f798a1c9"
"voleqdef.f",927,936,"R6_EQN","(EQNUM(I),I=1,44)",26,"'B00BEHW242'","character",,"B00BEHW242","38548071d5aa652bb90c7f111f86b427f798a1c9"
"voleqdef.f",927,936,"R6_EQN","(EQNUM(I),I=1,44)",27,"'B00BEHW260'","character",,"B00BEHW260","38548071d5aa652bb90c7f111f86b427f798a1c9"
"voleqdef.f",927,936,"R6_EQN","(EQNUM(I),I=1,44)",28,"'B00BEHW260'","character",,"B00BEHW260","38548071d5aa652bb90c7f111f86b427f798a1c9"
"voleqdef.f",927,936,"R6_EQN","(EQNUM(I),I=1,44)",29,"'B00BEHW260'","character",,"B00BEHW260","38548071d5aa652bb90c7f111f86b427f798a1c9"
"voleqdef.f",927,936,"R6_EQN","(EQNUM(I),I=1,44)",30,"'B00BEHW312'","character",,"B00BEHW312","38548071d5aa652bb90c7f111f86b427f798a1c9"
"voleqdef.f",927,936,"R6_EQN","(EQNUM(I),I=1,44)",31,"'B00BEHW351'","character",,"B00BEHW351","38548071d5aa652bb90c7f111f86b427f798a1c9"
"voleqdef.f",927,936,"R6_EQN","(EQNUM(I),I=1,44)",32,"'B00BEHW361'","character",,"B00BEHW361","38548071d5aa652bb90c7f111f86b427f798a1c9"
"voleqdef.f",927,936,"R6_EQN","(EQNUM(I),I=1,44)",33,"'B00BEHW361'","character",,"B00BEHW361","38548071d5aa652bb90c7f111f86b427f798a1c9"
"voleqdef.f",927,936,"R6_EQN","(EQNUM(I),I=1,44)",34,"'B00BEHW431'","character",,"B00BEHW431","38548071d5aa652bb90c7f111f86b427f798a1c9"
"voleqdef.f",927,936,"R6_EQN","(EQNUM(I),I=1,44)",35,"'B00BEHW542'","character",,"B00BEHW542","38548071d5aa652bb90c7f111f86b427f798a1c9"
"voleqdef.f",927,936,"R6_EQN","(EQNUM(I),I=1,44)",36,"'B00BEHW631'","character",,"B00BEHW631","38548071d5aa652bb90c7f111f86b427f798a1c9"
"voleqdef.f",927,936,"R6_EQN","(EQNUM(I),I=1,44)",37,"'B00BEHW747'","character",,"B00BEHW747","38548071d5aa652bb90c7f111f86b427f798a1c9"
"voleqdef.f",927,936,"R6_EQN","(EQNUM(I),I=1,44)",38,"'B00BEHW800'","character",,"B00BEHW800","38548071d5aa652bb90c7f111f86b427f798a1c9"
"voleqdef.f",927,936,"R6_EQN","(EQNUM(I),I=1,44)",39,"'B00BEHW800'","character",,"B00BEHW800","38548071d5aa652bb90c7f111f86b427f798a1c9"
"voleqdef.f",927,936,"R6_EQN","(EQNUM(I),I=1,44)",40,"'B00BEHW998'","character",,"B00BEHW998","38548071d5aa652bb90c7f111f86b427f798a1c9"
"voleqdef.f",927,936,"R6_EQN","(EQNUM(I),I=1,44)",41,"'B00BEHW999'","character",,"B00BEHW999","38548071d5aa652bb90c7f111f86b427f798a1c9"
"voleqdef.f",927,936,"R6_EQN","(EQNUM(I),I=1,44)",42,"'B02BEHW202'","character",,"B02BEHW202","38548071d5aa652bb90c7f111f86b427f798a1c9"
"voleqdef.f",927,936,"R6_EQN","(EQNUM(I),I=1,44)",43,"'B03BEHW202'","character",,"B03BEHW202","38548071d5aa652bb90c7f111f86b427f798a1c9"
"voleqdef.f",927,936,"R6_EQN","(EQNUM(I),I=1,44)",44,"'B01BEHW202'","character",,"B01BEHW202","38548071d5aa652bb90c7f111f86b427f798a1c9"
"voleqdef.f",939,940,"R6_EQN","(EQNUMRD(I),I=1,2)",1,"'A16CURW351'","character",,"A16CURW351","38548071d5aa652bb90c7f111f86b427f798a1c9"
"voleqdef.f",939,940,"R6_EQN","(EQNUMRD(I),I=1,2)",2,"'NVBM240351'","character",,"NVBM240351","38548071d5aa652bb90c7f111f86b427f798a1c9"
"voleqdef.f",1461,1469,"R7_EQN","(FIA(I),I=1,41)",1,"11","numeric",11,,"38548071d5aa652bb90c7f111f86b427f798a1c9"
"voleqdef.f",1461,1469,"R7_EQN","(FIA(I),I=1,41)",2,"15","numeric",15,,"38548071d5aa652bb90c7f111f86b427f798a1c9"
"voleqdef.f",1461,1469,"R7_EQN","(FIA(I),I=1,41)",3,"17","numeric",17,,"38548071d5aa652bb90c7f111f86b427f798a1c9"
"voleqdef.f",1461,1469,"R7_EQN","(FIA(I),I=1,41)",4,"19","numeric",19,,"38548071d5aa652bb90c7f111f86b427f798a1c9"
"voleqdef.f",1461,1469,"R7_EQN","(FIA(I),I=1,41)",5,"20","numeric",20,,"38548071d5aa652bb90c7f111f86b427f798a1c9"
"voleqdef.f",1461,1469,"R7_EQN","(FIA(I),I=1,41)",6,"21","numeric",21,,"38548071d5aa652bb90c7f111f86b427f798a1c9"
"voleqdef.f",1461,1469,"R7_EQN","(FIA(I),I=1,41)",7,"22","numeric",22,,"38548071d5aa652bb90c7f111f86b427f798a1c9"
"voleqdef.f",1461,1469,"R7_EQN","(FIA(I),I=1,41)",8,"41","numeric",41,,"38548071d5aa652bb90c7f111f86b427f798a1c9"
"voleqdef.f",1461,1469,"R7_EQN","(FIA(I),I=1,41)",9,"42","numeric",42,,"38548071d5aa652bb90c7f111f86b427f798a1c9"
"voleqdef.f",1461,1469,"R7_EQN","(FIA(I),I=1,41)",10,"64","numeric",64,,"38548071d5aa652bb90c7f111f86b427f798a1c9"
"voleqdef.f",1461,1469,"R7_EQN","(FIA(I),I=1,41)",11,"72","numeric",72,,"38548071d5aa652bb90c7f111f86b427f798a1c9"
"voleqdef.f",1461,1469,"R7_EQN","(FIA(I),I=1,41)",12,"73","numeric",73,,"38548071d5aa652bb90c7f111f86b427f798a1c9"
"voleqdef.f",1461,1469,"R7_EQN","(FIA(I),I=1,41)",13,"81","numeric",81,,"38548071d5aa652bb90c7f111f86b427f798a1c9"
"voleqdef.f",1461,1469,"R7_EQN","(FIA(I),I=1,41)",14,"93","numeric",93,,"38548071d5aa652bb90c7f111f86b427f798a1c9"
"voleqdef.f",1461,1469,"R7_EQN","(FIA(I),I=1,41)",15,"98","numeric",98,,"38548071d5aa652bb90c7f111f86b427f798a1c9"
"voleqdef.f",1461,1469,"R7_EQN","(FIA(I),I=1,41)",16,"101","numeric",101,,"38548071d5aa652bb90c7f111f86b427f798a1c9"
"voleqdef.f",1461,1469,"R7_EQN","(FIA(I),I=1,41)",17,"103","numeric",103,,"38548071d5aa652bb90c7f111f86b427f798a1c9"
"voleqdef.f",1461,1469,"R7_EQN","(FIA(I),I=1,41)",18,"108","numeric",108,,"38548071d5aa652bb90c7f111f86b427f798a1c9"
"voleqdef.f",1461,1469,"R7_EQN","(FIA(I),I=1,41)",19,"116","numeric",116,,"38548071d5aa652bb90c7f111f86b427f798a1c9"
"voleqdef.f",1461,1469,"R7_EQN","(FIA(I),I=1,41)",20,"117","numeric",117,,"38548071d5aa652bb90c7f111f86b427f798a1c9"
"voleqdef.f",1461,1469,"R7_EQN","(FIA(I),I=1,41)",21,"119","numeric",119,,"38548071d5aa652bb90c7f111f86b427f798a1c9"
"voleqdef.f",1461,1469,"R7_EQN","(FIA(I),I=1,41)",22,"122","numeric",122,,"38548071d5aa652bb90c7f111f86b427f798a1c9"
"voleqdef.f",1461,1469,"R7_EQN","(FIA(I),I=1,41)",23,"202","numeric",202,,"38548071d5aa652bb90c7f111f86b427f798a1c9"
"voleqdef.f",1461,1469,"R7_EQN","(FIA(I),I=1,41)",24,"211","numeric",211,,"38548071d5aa652bb90c7f111f86b427f798a1c9"
"voleqdef.f",1461,1469,"R7_EQN","(FIA(I),I=1,41)",25,"231","numeric",231,,"38548071d5aa652bb90c7f111f86b427f798a1c9"
"voleqdef.f",1461,1469,"R7_EQN","(FIA(I),I=1,41)",26,"242","numeric",242,,"38548071d5aa652bb90c7f111f86b427f798a1c9"
"voleqdef.f",1461,1469,"R7_EQN","(FIA(I),I=1,41)",27,"260","numeric",260,,"38548071d5aa652bb90c7f111f86b427f798a1c9"
"voleqdef.f",1461,1469,"R7_EQN","(FIA(I),I=1,41)",28,"263","numeric",263,,"38548071d5aa652bb90c7f111f86b427f798a1c9"
"voleqdef.f",1461,1469,"R7_EQN","(FIA(I),I=1,41)",29,"264","numeric",264,,"38548071d5aa652bb90c7f111f86b427f798a1c9"
"voleqdef.f",1461,1469,"R7_EQN","(FIA(I),I=1,41)",30,"312","numeric",312,,"38548071d5aa652bb90c7f111f86b427f798a1c9"
"voleqdef.f",1461,1469,"R7_EQN","(FIA(I),I=1,41)",31,"351","numeric",351,,"38548071d5aa652bb90c7f111f86b427f798a1c9"
"voleqdef.f",1461,1469,"R7_EQN","(FIA(I),I=1,41)",32,"352","numeric",352,,"38548071d5aa652bb90c7f111f86b427f798a1c9"
"voleqdef.f",1461,1469,"R7_EQN","(FIA(I),I=1,41)",33,"361","numeric",361,,"38548071d5aa652bb90c7f111f86b427f798a1c9"
"voleqdef.f",1461,1469,"R7_EQN","(FIA(I),I=1,41)",34,"431","numeric",431,,"38548071d5aa652bb90c7f111f86b427f798a1c9"
"voleqdef.f",1461,1469,"R7_EQN","(FIA(I),I=1,41)",35,"542","numeric",542,,"38548071d5aa652bb90c7f111f86b427f798a1c9"
"voleqdef.f",1461,1469,"R7_EQN","(FIA(I),I=1,41)",36,"631","numeric",631,,"38548071d5aa652bb90c7f111f86b427f798a1c9"
"voleqdef.f",1461,1469,"R7_EQN","(FIA(I),I=1,41)",37,"747","numeric",747,,"38548071d5aa652bb90c7f111f86b427f798a1c9"
"voleqdef.f",1461,1469,"R7_EQN","(FIA(I),I=1,41)",38,"800","numeric",800,,"38548071d5aa652bb90c7f111f86b427f798a1c9"
"voleqdef.f",1461,1469,"R7_EQN","(FIA(I),I=1,41)",39,"815","numeric",815,,"38548071d5aa652bb90c7f111f86b427f798a1c9"
"voleqdef.f",1461,1469,"R7_EQN","(FIA(I),I=1,41)",40,"981","numeric",981,,"38548071d5aa652bb90c7f111f86b427f798a1c9"
"voleqdef.f",1461,1469,"R7_EQN","(FIA(I),I=1,41)",41,"999","numeric",999,,"38548071d5aa652bb90c7f111f86b427f798a1c9"
"voleqdef.f",1471,1481,"R7_EQN","(EQNUM(I),I=1,45)",1,"'B00BEHW011'","character",,"B00BEHW011","38548071d5aa652bb90c7f111f86b427f798a1c9"
"voleqdef.f",1471,1481,"R7_EQN","(EQNUM(I),I=1,45)",2,"'B00BEHW015'","character",,"B00BEHW015","38548071d5aa652bb90c7f111f86b427f798a1c9"
"voleqdef.f",1471,1481,"R7_EQN","(EQNUM(I),I=1,45)",3,"'B00BEHW017'","character",,"B00BEHW017","38548071d5aa652bb90c7f111f86b427f798a1c9"
"voleqdef.f",1471,1481,"R7_EQN","(EQNUM(I),I=1,45)",4,"'B00BEHW015'","character",,"B00BEHW015","38548071d5aa652bb90c7f111f86b427f798a1c9"
"voleqdef.f",1471,1481,"R7_EQN","(EQNUM(I),I=1,45)",5,"'B00BEHW021'","character",,"B00BEHW021","38548071d5aa652bb90c7f111f86b427f798a1c9"
"voleqdef.f",1471,1481,"R7_EQN","(EQNUM(I),I=1,45)",6,"'B00BEHW021'","character",,"B00BEHW021","38548071d5aa652bb90c7f111f86b427f798a1c9"
"voleqdef.f",1471,1481,"R7_EQN","(EQNUM(I),I=1,45)",7,"'B00BEHW022'","character",,"B00BEHW022","38548071d5aa652bb90c7f111f86b427f798a1c9"
"voleqdef.f",1471,1481,"R7_EQN","(EQNUM(I),I=1,45)",8,"'B00BEHW041'","character",,"B00BEHW041","38548071d5aa652bb90c7f111f86b427f798a1c9"
"voleqdef.f",1471,1481,"R7_EQN","(EQNUM(I),I=1,45)",9,"'B00BEHW042'","character",,"B00BEHW042","38548071d5aa652bb90c7f111f86b427f798a1c9"
"voleqdef.f",1471,1481,"R7_EQN","(EQNUM(I),I=1,45)",10,"'B00BEHW242'","character",,"B00BEHW242","38548071d5aa652bb90c7f111f86b427f798a1c9"
"voleqdef.f",1471,1481,"R7_EQN","(EQNUM(I),I=1,45)",11,"'B00BEHW073'","character",,"B00BEHW073","38548071d5aa652bb90c7f111f86b427f798a1c9"
"voleqdef.f",1471,1481,"R7_EQN","(EQNUM(I),I=1,45)",12,"'B00BEHW073'","character",,"B00BEHW073","38548071d5aa652bb90c7f111f86b427f798a1c9"
"voleqdef.f",1471,1481,"R7_EQN","(EQNUM(I),I=1,45)",13,"'B00BEHW081'","character",,"B00BEHW081","38548071d5aa652bb90c7f111f86b427f798a1c9"
"voleqdef.f",1471,1481,"R7_EQN","(EQNUM(I),I=1,45)",14,"'B00BEHW093'","character",,"B00BEHW093","38548071d5aa652bb90c7f111f86b427f798a1c9"
"voleqdef.f",1471,1481,"R7_EQN","(EQNUM(I),I=1,45)",15,"'B00BEHW098'","character",,"B00BEHW098","38548071d5aa652bb90c7f111f86b427f798a1c9"
"voleqdef.f",1471,1481,"R7_EQN","(EQNUM(I),I=1,45)",16,"'B00BEHW119'","character",,"B00BEHW119","38548071d5aa652bb90c7f111f86b427f798a1c9"
"voleqdef.f",1471,1481,"R7_EQN","(EQNUM(I),I=1,45)",17,"'B00BEHW108'","character",,"B00BEHW108","38548071d5aa652bb90c7f111f86b427f798a1c9"
"voleqdef.f",1471,1481,"R7_EQN","(EQNUM(I),I=1,45)",18,"'B00BEHW108'","character",,"B00BEHW108","38548071d5aa652bb90c7f111f86b427f798a1c9"
"voleqdef.f",1471,1481,"R7_EQN","(EQNUM(I),I=1,45)",19,"'B00BEHW116'","character",,"B00BEHW116","38548071d5aa652bb90c7f111f86b427f798a1c9"
"voleqdef.f",1471,1481,"R7_EQN","(EQNUM(I),I=1,45)",20,"'B00BEHW117'","character",,"B00BEHW117","38548071d5aa652bb90c7f111f86b427f798a1c9"
"voleqdef.f",1471,1481,"R7_EQN","(EQNUM(I),I=1,45)",21,"'B00BEHW119'","character",,"B00BEHW119","38548071d5aa652bb90c7f111f86b427f798a1c9"
"voleqdef.f",1471,1481,"R7_EQN","(EQNUM(I),I=1,45)",22,"'B00BEHW122'","character",,"B00BEHW122","38548071d5aa652bb90c7f111f86b427f798a1c9"
"voleqdef.f",1471,1481,"R7_EQN","(EQNUM(I),I=1,45)",23,"'B01BEHW202'","character",,"B01BEHW202","38548071d5aa652bb90c7f111f86b427f798a1c9"
"voleqdef.f",1471,1481,"R7_EQN","(EQNUM(I),I=1,45)",24,"'B00BEHW211'","character",,"B00BEHW211","38548071d5aa652bb90c7f111f86b427f798a1c9"
"voleqdef.f",1471,1481,"R7_EQN","(EQNUM(I),I=1,45)",25,"'B00BEHW231'","character",,"B00BEHW231","38548071d5aa652bb90c7f111f86b427f798a1c9"
"voleqdef.f",1471,1481,"R7_EQN","(EQNUM(I),I=1,45)",26,"'B00BEHW242'","character",,"B00BEHW242","38548071d5aa652bb90c7f111f86b427f798a1c9"
"voleqdef.f",1471,1481,"R7_EQN","(EQNUM(I),I=1,45)",27,"'B00BEHW260'","character",,"B00BEHW260","38548071d5aa652bb90c7f111f86b427f798a1c9"
"voleqdef.f",1471,1481,"R7_EQN","(EQNUM(I),I=1,45)",28,"'B00BEHW260'","character",,"B00BEHW260","38548071d5aa652bb90c7f111f86b427f798a1c9"
"voleqdef.f",1471,1481,"R7_EQN","(EQNUM(I),I=1,45)",29,"'B00BEHW260'","character",,"B00BEHW260","38548071d5aa652bb90c7f111f86b427f798a1c9"
"voleqdef.f",1471,1481,"R7_EQN","(EQNUM(I),I=1,45)",30,"'B00BEHW312'","character",,"B00BEHW312","38548071d5aa652bb90c7f111f86b427f798a1c9"
"voleqdef.f",1471,1481,"R7_EQN","(EQNUM(I),I=1,45)",31,"'B00BEHW351'","character",,"B00BEHW351","38548071d5aa652bb90c7f111f86b427f798a1c9"
"voleqdef.f",1471,1481,"R7_EQN","(EQNUM(I),I=1,45)",32,"'B00BEHW361'","character",,"B00BEHW361","38548071d5aa652bb90c7f111f86b427f798a1c9"
"voleqdef.f",1471,1481,"R7_EQN","(EQNUM(I),I=1,45)",33,"'B00BEHW361'","character",,"B00BEHW361","38548071d5aa652bb90c7f111f86b427f798a1c9"
"voleqdef.f",1471,1481,"R7_EQN","(EQNUM(I),I=1,45)",34,"'B00BEHW431'","character",,"B00BEHW431","38548071d5aa652bb90c7f111f86b427f798a1c9"
"voleqdef.f",1471,1481,"R7_EQN","(EQNUM(I),I=1,45)",35,"'B00BEHW542'","character",,"B00BEHW542","38548071d5aa652bb90c7f111f86b427f798a1c9"
"voleqdef.f",1471,1481,"R7_EQN","(EQNUM(I),I=1,45)",36,"'B00BEHW631'","character",,"B00BEHW631","38548071d5aa652bb90c7f111f86b427f798a1c9"
"voleqdef.f",1471,1481,"R7_EQN","(EQNUM(I),I=1,45)",37,"'B00BEHW747'","character",,"B00BEHW747","38548071d5aa652bb90c7f111f86b427f798a1c9"
"voleqdef.f",1471,1481,"R7_EQN","(EQNUM(I),I=1,45)",38,"'B00BEHW800'","character",,"B00BEHW800","38548071d5aa652bb90c7f111f86b427f798a1c9"
"voleqdef.f",1471,1481,"R7_EQN","(EQNUM(I),I=1,45)",39,"'B00BEHW800'","character",,"B00BEHW800","38548071d5aa652bb90c7f111f86b427f798a1c9"
"voleqdef.f",1471,1481,"R7_EQN","(EQNUM(I),I=1,45)",40,"'B00BEHW998'","character",,"B00BEHW998","38548071d5aa652bb90c7f111f86b427f798a1c9"
"voleqdef.f",1471,1481,"R7_EQN","(EQNUM(I),I=1,45)",41,"'B00BEHW999'","character",,"B00BEHW999","38548071d5aa652bb90c7f111f86b427f798a1c9"
"voleqdef.f",1471,1481,"R7_EQN","(EQNUM(I),I=1,45)",42,"'B02BEHW202'","character",,"B02BEHW202","38548071d5aa652bb90c7f111f86b427f798a1c9"
"voleqdef.f",1471,1481,"R7_EQN","(EQNUM(I),I=1,45)",43,"'B03BEHW202'","character",,"B03BEHW202","38548071d5aa652bb90c7f111f86b427f798a1c9"
"voleqdef.f",1471,1481,"R7_EQN","(EQNUM(I),I=1,45)",44,"'B01BEHW202'","character",,"B01BEHW202","38548071d5aa652bb90c7f111f86b427f798a1c9"
"voleqdef.f",1471,1481,"R7_EQN","(EQNUM(I),I=1,45)",45,"'B00BEHW263'","character",,"B00BEHW263","38548071d5aa652bb90c7f111f86b427f798a1c9"
"voleqdef.f",1485,1497,"R7_EQN","(EQNUMI(I),I=1,60)",1,"'I00FW2W012'","character",,"I00FW2W012","38548071d5aa652bb90c7f111f86b427f798a1c9"
"voleqdef.f",1485,1497,"R7_EQN","(EQNUMI(I),I=1,60)",2,"'I00FW2W017'","character",,"I00FW2W017","38548071d5aa652bb90c7f111f86b427f798a1c9"
"voleqdef.f",1485,1497,"R7_EQN","(EQNUMI(I),I=1,60)",3,"'I00FW2W019'","character",,"I00FW2W019","38548071d5aa652bb90c7f111f86b427f798a1c9"
"voleqdef.f",1485,1497,"R7_EQN","(EQNUMI(I),I=1,60)",4,"'I00FW2W073'","character",,"I00FW2W073","38548071d5aa652bb90c7f111f86b427f798a1c9"
"voleqdef.f",1485,1497,"R7_EQN","(EQNUMI(I),I=1,60)",5,"'I00FW2W093'","character",,"I00FW2W093","38548071d5aa652bb90c7f111f86b427f798a1c9"
"voleqdef.f",1485,1497,"R7_EQN","(EQNUMI(I),I=1,60)",6,"'I00FW2W108'","character",,"I00FW2W108","38548071d5aa652bb90c7f111f86b427f798a1c9"
"voleqdef.f",1485,1497,"R7_EQN","(EQNUMI(I),I=1,60)",7,"'I00FW2W119'","character",,"I00FW2W119","38548071d5aa652bb90c7f111f86b427f798a1c9"
"voleqdef.f",1485,1497,"R7_EQN","(EQNUMI(I),I=1,60)",8,"'I00FW2W122'","character",,"I00FW2W122","38548071d5aa652bb90c7f111f86b427f798a1c9"
"voleqdef.f",1485,1497,"R7_EQN","(EQNUMI(I),I=1,60)",9,"'I00FW2W202'","character",,"I00FW2W202","38548071d5aa652bb90c7f111f86b427f798a1c9"
"voleqdef.f",1485,1497,"R7_EQN","(EQNUMI(I),I=1,60)",10,"'I00FW2W242'","character",,"I00FW2W242","38548071d5aa652bb90c7f111f86b427f798a1c9"
"voleqdef.f",1485,1497,"R7_EQN","(EQNUMI(I),I=1,60)",11,"'I00FW2W260'","character",,"I00FW2W260","38548071d5aa652bb90c7f111f86b427f798a1c9"
"voleqdef.f",1485,1497,"R7_EQN","(EQNUMI(I),I=1,60)",12,"'I00FW2W263'","character",,"I00FW2W263","38548071d5aa652bb90c7f111f86b427f798a1c9"
"voleqdef.f",1485,1497,"R7_EQN","(EQNUMI(I),I=1,60)",13,"'I11FW2W012'","character",,"I11FW2W012","38548071d5aa652bb90c7f111f86b427f798a1c9"
"voleqdef.f",1485,1497,"R7_EQN","(EQNUMI(I),I=1,60)",14,"'I11FW2W017'","character",,"I11FW2W017","38548071d5aa652bb90c7f111f86b427f798a1c9"
"voleqdef.f",1485,1497,"R7_EQN","(EQNUMI(I),I=1,60)",15,"'I11FW2W019'","character",,"I11FW2W019","38548071d5aa652bb90c7f111f86b427f798a1c9"
"voleqdef.f",1485,1497,"R7_EQN","(EQNUMI(I),I=1,60)",16,"'I11FW2W073'","character",,"I11FW2W073","38548071d5aa652bb90c7f111f86b427f798a1c9"
"voleqdef.f",1485,1497,"R7_EQN","(EQNUMI(I),I=1,60)",17,"'I11FW2W093'","character",,"I11FW2W093","38548071d5aa652bb90c7f111f86b427f798a1c9"
"voleqdef.f",1485,1497,"R7_EQN","(EQNUMI(I),I=1,60)",18,"'I11FW2W108'","character",,"I11FW2W108","38548071d5aa652bb90c7f111f86b427f798a1c9"
"voleqdef.f",1485,1497,"R7_EQN","(EQNUMI(I),I=1,60)",19,"'I11FW2W119'","character",,"I11FW2W119","38548071d5aa652bb90c7f111f86b427f798a1c9"
"voleqdef.f",1485,1497,"R7_EQN","(EQNUMI(I),I=1,60)",20,"'I11FW2W122'","character",,"I11FW2W122","38548071d5aa652bb90c7f111f86b427f798a1c9"
"voleqdef.f",1485,1497,"R7_EQN","(EQNUMI(I),I=1,60)",21,"'I11FW2W202'","character",,"I11FW2W202","38548071d5aa652bb90c7f111f86b427f798a1c9"
"voleqdef.f",1485,1497,"R7_EQN","(EQNUMI(I),I=1,60)",22,"'I11FW2W242'","character",,"I11FW2W242","38548071d5aa652bb90c7f111f86b427f798a1c9"
"voleqdef.f",1485,1497,"R7_EQN","(EQNUMI(I),I=1,60)",23,"'I11FW2W260'","character",,"I11FW2W260","38548071d5aa652bb90c7f111f86b427f798a1c9"
"voleqdef.f",1485,1497,"R7_EQN","(EQNUMI(I),I=1,60)",24,"'I11FW2W263'","character",,"I11FW2W263","38548071d5aa652bb90c7f111f86b427f798a1c9"
"voleqdef.f",1485,1497,"R7_EQN","(EQNUMI(I),I=1,60)",25,"'I12FW2W012'","character",,"I12FW2W012","38548071d5aa652bb90c7f111f86b427f798a1c9"
"voleqdef.f",1485,1497,"R7_EQN","(EQNUMI(I),I=1,60)",26,"'I12FW2W017'","character",,"I12FW2W017","38548071d5aa652bb90c7f111f86b427f798a1c9"
"voleqdef.f",1485,1497,"R7_EQN","(EQNUMI(I),I=1,60)",27,"'I12FW2W019'","character",,"I12FW2W019","38548071d5aa652bb90c7f111f86b427f798a1c9"
"voleqdef.f",1485,1497,"R7_EQN","(EQNUMI(I),I=1,60)",28,"'I12FW2W073'","character",,"I12FW2W073","38548071d5aa652bb90c7f111f86b427f798a1c9"
"voleqdef.f",1485,1497,"R7_EQN","(EQNUMI(I),I=1,60)",29,"'I12FW2W093'","character",,"I12FW2W093","38548071d5aa652bb90c7f111f86b427f798a1c9"
"voleqdef.f",1485,1497,"R7_EQN","(EQNUMI(I),I=1,60)",30,"'I12FW2W108'","character",,"I12FW2W108","38548071d5aa652bb90c7f111f86b427f798a1c9"
"voleqdef.f",1485,1497,"R7_EQN","(EQNUMI(I),I=1,60)",31,"'I12FW2W119'","character",,"I12FW2W119","38548071d5aa652bb90c7f111f86b427f798a1c9"
"voleqdef.f",1485,1497,"R7_EQN","(EQNUMI(I),I=1,60)",32,"'I12FW2W122'","character",,"I12FW2W122","38548071d5aa652bb90c7f111f86b427f798a1c9"
"voleqdef.f",1485,1497,"R7_EQN","(EQNUMI(I),I=1,60)",33,"'I12FW2W202'","character",,"I12FW2W202","38548071d5aa652bb90c7f111f86b427f798a1c9"
"voleqdef.f",1485,1497,"R7_EQN","(EQNUMI(I),I=1,60)",34,"'I12FW2W242'","character",,"I12FW2W242","38548071d5aa652bb90c7f111f86b427f798a1c9"
"voleqdef.f",1485,1497,"R7_EQN","(EQNUMI(I),I=1,60)",35,"'I12FW2W260'","character",,"I12FW2W260","38548071d5aa652bb90c7f111f86b427f798a1c9"
"voleqdef.f",1485,1497,"R7_EQN","(EQNUMI(I),I=1,60)",36,"'I12FW2W263'","character",,"I12FW2W263","38548071d5aa652bb90c7f111f86b427f798a1c9"
"voleqdef.f",1485,1497,"R7_EQN","(EQNUMI(I),I=1,60)",37,"'I13FW2W012'","character",,"I13FW2W012","38548071d5aa652bb90c7f111f86b427f798a1c9"
"voleqdef.f",1485,1497,"R7_EQN","(EQNUMI(I),I=1,60)",38,"'I13FW2W017'","character",,"I13FW2W017","38548071d5aa652bb90c7f111f86b427f798a1c9"
"voleqdef.f",1485,1497,"R7_EQN","(EQNUMI(I),I=1,60)",39,"'I13FW2W019'","character",,"I13FW2W019","38548071d5aa652bb90c7f111f86b427f798a1c9"
"voleqdef.f",1485,1497,"R7_EQN","(EQNUMI(I),I=1,60)",40,"'I13FW2W073'","character",,"I13FW2W073","38548071d5aa652bb90c7f111f86b427f798a1c9"
"voleqdef.f",1485,1497,"R7_EQN","(EQNUMI(I),I=1,60)",41,"'I13FW2W093'","character",,"I13FW2W093","38548071d5aa652bb90c7f111f86b427f798a1c9"
"voleqdef.f",1485,1497,"R7_EQN","(EQNUMI(I),I=1,60)",42,"'I13FW2W108'","character",,"I13FW2W108","38548071d5aa652bb90c7f111f86b427f798a1c9"
"voleqdef.f",1485,1497,"R7_EQN","(EQNUMI(I),I=1,60)",43,"'I13FW2W119'","character",,"I13FW2W119","38548071d5aa652bb90c7f111f86b427f798a1c9"
"voleqdef.f",1485,1497,"R7_EQN","(EQNUMI(I),I=1,60)",44,"'I13FW2W122'","character",,"I13FW2W122","38548071d5aa652bb90c7f111f86b427f798a1c9"
"voleqdef.f",1485,1497,"R7_EQN","(EQNUMI(I),I=1,60)",45,"'I13FW2W202'","character",,"I13FW2W202","38548071d5aa652bb90c7f111f86b427f798a1c9"
"voleqdef.f",1485,1497,"R7_EQN","(EQNUMI(I),I=1,60)",46,"'I13FW2W242'","character",,"I13FW2W242","38548071d5aa652bb90c7f111f86b427f798a1c9"
"voleqdef.f",1485,1497,"R7_EQN","(EQNUMI(I),I=1,60)",47,"'I13FW2W260'","character",,"I13FW2W260","38548071d5aa652bb90c7f111f86b427f798a1c9"
"voleqdef.f",1485,1497,"R7_EQN","(EQNUMI(I),I=1,60)",48,"'I13FW2W263'","character",,"I13FW2W263","38548071d5aa652bb90c7f111f86b427f798a1c9"
"voleqdef.f",1485,1497,"R7_EQN","(EQNUMI(I),I=1,60)",49,"'I14FW2W012'","character",,"I14FW2W012","38548071d5aa652bb90c7f111f86b427f798a1c9"
"voleqdef.f",1485,1497,"R7_EQN","(EQNUMI(I),I=1,60)",50,"'I14FW2W017'","character",,"I14FW2W017","38548071d5aa652bb90c7f111f86b427f798a1c9"
"voleqdef.f",1485,1497,"R7_EQN","(EQNUMI(I),I=1,60)",51,"'I14FW2W019'","character",,"I14FW2W019","38548071d5aa652bb90c7f111f86b427f798a1c9"
"voleqdef.f",1485,1497,"R7_EQN","(EQNUMI(I),I=1,60)",52,"'I14FW2W073'","character",,"I14FW2W073","38548071d5aa652bb90c7f111f86b427f798a1c9"
"voleqdef.f",1485,1497,"R7_EQN","(EQNUMI(I),I=1,60)",53,"'I14FW2W093'","character",,"I14FW2W093","38548071d5aa652bb90c7f111f86b427f798a1c9"
"voleqdef.f",1485,1497,"R7_EQN","(EQNUMI(I),I=1,60)",54,"'I14FW2W108'","character",,"I14FW2W108","38548071d5aa652bb90c7f111f86b427f798a1c9"
"voleqdef.f",1485,1497,"R7_EQN","(EQNUMI(I),I=1,60)",55,"'I14FW2W119'","character",,"I14FW2W119","38548071d5aa652bb90c7f111f86b427f798a1c9"
"voleqdef.f",1485,1497,"R7_EQN","(EQNUMI(I),I=1,60)",56,"'I14FW2W122'","character",,"I14FW2W122","38548071d5aa652bb90c7f111f86b427f798a1c9"
"voleqdef.f",1485,1497,"R7_EQN","(EQNUMI(I),I=1,60)",57,"'I14FW2W202'","character",,"I14FW2W202","38548071d5aa652bb90c7f111f86b427f798a1c9"
"voleqdef.f",1485,1497,"R7_EQN","(EQNUMI(I),I=1,60)",58,"'I14FW2W242'","character",,"I14FW2W242","38548071d5aa652bb90c7f111f86b427f798a1c9"
"voleqdef.f",1485,1497,"R7_EQN","(EQNUMI(I),I=1,60)",59,"'I14FW2W260'","character",,"I14FW2W260","38548071d5aa652bb90c7f111f86b427f798a1c9"
"voleqdef.f",1485,1497,"R7_EQN","(EQNUMI(I),I=1,60)",60,"'I14FW2W263'","character",,"I14FW2W263","38548071d5aa652bb90c7f111f86b427f798a1c9"
"voleqdef.f",1499,1505,"R7_EQN","(EQNUMF(I),I=1,27)",1,"'F00FW2W202'","character",,"F00FW2W202","38548071d5aa652bb90c7f111f86b427f798a1c9"
"voleqdef.f",1499,1505,"R7_EQN","(EQNUMF(I),I=1,27)",2,"'F00FW2W242'","character",,"F00FW2W242","38548071d5aa652bb90c7f111f86b427f798a1c9"
"voleqdef.f",1499,1505,"R7_EQN","(EQNUMF(I),I=1,27)",3,"'F00FW2W263'","character",,"F00FW2W263","38548071d5aa652bb90c7f111f86b427f798a1c9"
"voleqdef.f",1499,1505,"R7_EQN","(EQNUMF(I),I=1,27)",4,"'F01FW2W202'","character",,"F01FW2W202","38548071d5aa652bb90c7f111f86b427f798a1c9"
"voleqdef.f",1499,1505,"R7_EQN","(EQNUMF(I),I=1,27)",5,"'F01FW2W242'","character",,"F01FW2W242","38548071d5aa652bb90c7f111f86b427f798a1c9"
"voleqdef.f",1499,1505,"R7_EQN","(EQNUMF(I),I=1,27)",6,"'F01FW2W263'","character",,"F01FW2W263","38548071d5aa652bb90c7f111f86b427f798a1c9"
"voleqdef.f",1499,1505,"R7_EQN","(EQNUMF(I),I=1,27)",7,"'F02FW2W202'","character",,"F02FW2W202","38548071d5aa652bb90c7f111f86b427f798a1c9"
"voleqdef.f",1499,1505,"R7_EQN","(EQNUMF(I),I=1,27)",8,"'F02FW2W242'","character",,"F02FW2W242","38548071d5aa652bb90c7f111f86b427f798a1c9"
"voleqdef.f",1499,1505,"R7_EQN","(EQNUMF(I),I=1,27)",9,"'F02FW2W263'","character",,"F02FW2W263","38548071d5aa652bb90c7f111f86b427f798a1c9"
"voleqdef.f",1499,1505,"R7_EQN","(EQNUMF(I),I=1,27)",10,"'F03FW2W202'","character",,"F03FW2W202","38548071d5aa652bb90c7f111f86b427f798a1c9"
"voleqdef.f",1499,1505,"R7_EQN","(EQNUMF(I),I=1,27)",11,"'F03FW2W242'","character",,"F03FW2W242","38548071d5aa652bb90c7f111f86b427f798a1c9"
"voleqdef.f",1499,1505,"R7_EQN","(EQNUMF(I),I=1,27)",12,"'F03FW2W263'","character",,"F03FW2W263","38548071d5aa652bb90c7f111f86b427f798a1c9"
"voleqdef.f",1499,1505,"R7_EQN","(EQNUMF(I),I=1,27)",13,"'F04FW2W202'","character",,"F04FW2W202","38548071d5aa652bb90c7f111f86b427f798a1c9"
"voleqdef.f",1499,1505,"R7_EQN","(EQNUMF(I),I=1,27)",14,"'F04FW2W242'","character",,"F04FW2W242","38548071d5aa652bb90c7f111f86b427f798a1c9"
"voleqdef.f",1499,1505,"R7_EQN","(EQNUMF(I),I=1,27)",15,"'F04FW2W263'","character",,"F04FW2W263","38548071d5aa652bb90c7f111f86b427f798a1c9"
"voleqdef.f",1499,1505,"R7_EQN","(EQNUMF(I),I=1,27)",16,"'F05FW2W202'","character",,"F05FW2W202","38548071d5aa652bb90c7f111f86b427f798a1c9"
"voleqdef.f",1499,1505,"R7_EQN","(EQNUMF(I),I=1,27)",17,"'F05FW2W242'","character",,"F05FW2W242","38548071d5aa652bb90c7f111f86b427f798a1c9"
"voleqdef.f",1499,1505,"R7_EQN","(EQNUMF(I),I=1,27)",18,"'F05FW2W263'","character",,"F05FW2W263","38548071d5aa652bb90c7f111f86b427f798a1c9"
"voleqdef.f",1499,1505,"R7_EQN","(EQNUMF(I),I=1,27)",19,"'F06FW2W202'","character",,"F06FW2W202","38548071d5aa652bb90c7f111f86b427f798a1c9"
"voleqdef.f",1499,1505,"R7_EQN","(EQNUMF(I),I=1,27)",20,"'F06FW2W242'","character",,"F06FW2W242","38548071d5aa652bb90c7f111f86b427f798a1c9"
"voleqdef.f",1499,1505,"R7_EQN","(EQNUMF(I),I=1,27)",21,"'F06FW2W263'","character",,"F06FW2W263","38548071d5aa652bb90c7f111f86b427f798a1c9"
"voleqdef.f",1499,1505,"R7_EQN","(EQNUMF(I),I=1,27)",22,"'F07FW2W202'","character",,"F07FW2W202","38548071d5aa652bb90c7f111f86b427f798a1c9"
"voleqdef.f",1499,1505,"R7_EQN","(EQNUMF(I),I=1,27)",23,"'F07FW2W242'","character",,"F07FW2W242","38548071d5aa652bb90c7f111f86b427f798a1c9"
"voleqdef.f",1499,1505,"R7_EQN","(EQNUMF(I),I=1,27)",24,"'F07FW2W263'","character",,"F07FW2W263","38548071d5aa652bb90c7f111f86b427f798a1c9"
"voleqdef.f",1499,1505,"R7_EQN","(EQNUMF(I),I=1,27)",25,"'F08FW2W202'","character",,"F08FW2W202","38548071d5aa652bb90c7f111f86b427f798a1c9"
"voleqdef.f",1499,1505,"R7_EQN","(EQNUMF(I),I=1,27)",26,"'F08FW2W242'","character",,"F08FW2W242","38548071d5aa652bb90c7f111f86b427f798a1c9"
"voleqdef.f",1499,1505,"R7_EQN","(EQNUMF(I),I=1,27)",27,"'F08FW2W263'","character",,"F08FW2W263","38548071d5aa652bb90c7f111f86b427f798a1c9"
"voleqdef.f",1507,1514,"R7_EQN","(EQNUMC(I),I=1,33)",1,"'I21FW2W012'","character",,"I21FW2W012","38548071d5aa652bb90c7f111f86b427f798a1c9"
"voleqdef.f",1507,1514,"R7_EQN","(EQNUMC(I),I=1,33)",2,"'I21FW2W017'","character",,"I21FW2W017","38548071d5aa652bb90c7f111f86b427f798a1c9"
"voleqdef.f",1507,1514,"R7_EQN","(EQNUMC(I),I=1,33)",3,"'I21FW2W019'","character",,"I21FW2W019","38548071d5aa652bb90c7f111f86b427f798a1c9"
"voleqdef.f",1507,1514,"R7_EQN","(EQNUMC(I),I=1,33)",4,"'I21FW2W073'","character",,"I21FW2W073","38548071d5aa652bb90c7f111f86b427f798a1c9"
"voleqdef.f",1507,1514,"R7_EQN","(EQNUMC(I),I=1,33)",5,"'I21FW2W093'","character",,"I21FW2W093","38548071d5aa652bb90c7f111f86b427f798a1c9"
"voleqdef.f",1507,1514,"R7_EQN","(EQNUMC(I),I=1,33)",6,"'I21FW2W108'","character",,"I21FW2W108","38548071d5aa652bb90c7f111f86b427f798a1c9"
"voleqdef.f",1507,1514,"R7_EQN","(EQNUMC(I),I=1,33)",7,"'I21FW2W119'","character",,"I21FW2W119","38548071d5aa652bb90c7f111f86b427f798a1c9"
"voleqdef.f",1507,1514,"R7_EQN","(EQNUMC(I),I=1,33)",8,"'I21FW2W122'","character",,"I21FW2W122","38548071d5aa652bb90c7f111f86b427f798a1c9"
"voleqdef.f",1507,1514,"R7_EQN","(EQNUMC(I),I=1,33)",9,"'I21FW2W202'","character",,"I21FW2W202","38548071d5aa652bb90c7f111f86b427f798a1c9"
"voleqdef.f",1507,1514,"R7_EQN","(EQNUMC(I),I=1,33)",10,"'I21FW2W242'","character",,"I21FW2W242","38548071d5aa652bb90c7f111f86b427f798a1c9"
"voleqdef.f",1507,1514,"R7_EQN","(EQNUMC(I),I=1,33)",11,"'I21FW2W260'","character",,"I21FW2W260","38548071d5aa652bb90c7f111f86b427f798a1c9"
"voleqdef.f",1507,1514,"R7_EQN","(EQNUMC(I),I=1,33)",12,"'I22FW2W012'","character",,"I22FW2W012","38548071d5aa652bb90c7f111f86b427f798a1c9"
"voleqdef.f",1507,1514,"R7_EQN","(EQNUMC(I),I=1,33)",13,"'I22FW2W017'","character",,"I22FW2W017","38548071d5aa652bb90c7f111f86b427f798a1c9"
"voleqdef.f",1507,1514,"R7_EQN","(EQNUMC(I),I=1,33)",14,"'I22FW2W019'","character",,"I22FW2W019","38548071d5aa652bb90c7f111f86b427f798a1c9"
"voleqdef.f",1507,1514,"R7_EQN","(EQNUMC(I),I=1,33)",15,"'I22FW2W073'","character",,"I22FW2W073","38548071d5aa652bb90c7f111f86b427f798a1c9"
"voleqdef.f",1507,1514,"R7_EQN","(EQNUMC(I),I=1,33)",16,"'I22FW2W093'","character",,"I22FW2W093","38548071d5aa652bb90c7f111f86b427f798a1c9"
"voleqdef.f",1507,1514,"R7_EQN","(EQNUMC(I),I=1,33)",17,"'I22FW2W108'","character",,"I22FW2W108","38548071d5aa652bb90c7f111f86b427f798a1c9"
"voleqdef.f",1507,1514,"R7_EQN","(EQNUMC(I),I=1,33)",18,"'I22FW2W119'","character",,"I22FW2W119","38548071d5aa652bb90c7f111f86b427f798a1c9"
"voleqdef.f",1507,1514,"R7_EQN","(EQNUMC(I),I=1,33)",19,"'I22FW2W122'","character",,"I22FW2W122","38548071d5aa652bb90c7f111f86b427f798a1c9"
"voleqdef.f",1507,1514,"R7_EQN","(EQNUMC(I),I=1,33)",20,"'I22FW2W202'","character",,"I22FW2W202","38548071d5aa652bb90c7f111f86b427f798a1c9"
"voleqdef.f",1507,1514,"R7_EQN","(EQNUMC(I),I=1,33)",21,"'I22FW2W242'","character",,"I22FW2W242","38548071d5aa652bb90c7f111f86b427f798a1c9"
"voleqdef.f",1507,1514,"R7_EQN","(EQNUMC(I),I=1,33)",22,"'I22FW2W260'","character",,"I22FW2W260","38548071d5aa652bb90c7f111f86b427f798a1c9"
"voleqdef.f",1507,1514,"R7_EQN","(EQNUMC(I),I=1,33)",23,"'I23FW2W012'","character",,"I23FW2W012","38548071d5aa652bb90c7f111f86b427f798a1c9"
"voleqdef.f",1507,1514,"R7_EQN","(EQNUMC(I),I=1,33)",24,"'I23FW2W017'","character",,"I23FW2W017","38548071d5aa652bb90c7f111f86b427f798a1c9"
"voleqdef.f",1507,1514,"R7_EQN","(EQNUMC(I),I=1,33)",25,"'I23FW2W019'","character",,"I23FW2W019","38548071d5aa652bb90c7f111f86b427f798a1c9"
"voleqdef.f",1507,1514,"R7_EQN","(EQNUMC(I),I=1,33)",26,"'I23FW2W073'","character",,"I23FW2W073","38548071d5aa652bb90c7f111f86b427f798a1c9"
"voleqdef.f",1507,1514,"R7_EQN","(EQNUMC(I),I=1,33)",27,"'I23FW2W093'","character",,"I23FW2W093","38548071d5aa652bb90c7f111f86b427f798a1c9"
"voleqdef.f",1507,1514,"R7_EQN","(EQNUMC(I),I=1,33)",28,"'I23FW2W108'","character",,"I23FW2W108","38548071d5aa652bb90c7f111f86b427f798a1c9"
"voleqdef.f",1507,1514,"R7_EQN","(EQNUMC(I),I=1,33)",29,"'I23FW2W119'","character",,"I23FW2W119","38548071d5aa652bb90c7f111f86b427f798a1c9"
"voleqdef.f",1507,1514,"R7_EQN","(EQNUMC(I),I=1,33)",30,"'I23FW2W122'","character",,"I23FW2W122","38548071d5aa652bb90c7f111f86b427f798a1c9"
"voleqdef.f",1507,1514,"R7_EQN","(EQNUMC(I),I=1,33)",31,"'I23FW2W202'","character",,"I23FW2W202","38548071d5aa652bb90c7f111f86b427f798a1c9"
"voleqdef.f",1507,1514,"R7_EQN","(EQNUMC(I),I=1,33)",32,"'I23FW2W242'","character",,"I23FW2W242","38548071d5aa652bb90c7f111f86b427f798a1c9"
"voleqdef.f",1507,1514,"R7_EQN","(EQNUMC(I),I=1,33)",33,"'I23FW2W260'","character",,"I23FW2W260","38548071d5aa652bb90c7f111f86b427f798a1c9"
"voleqdef.f",1516,1518,"R7_EQN","(EQNUMD(I),I=1,8)",1,"'601DVEW205'","character",,"601DVEW205","38548071d5aa652bb90c7f111f86b427f798a1c9"
"voleqdef.f",1516,1518,"R7_EQN","(EQNUMD(I),I=1,8)",2,"'601DVEW263'","character",,"601DVEW263","38548071d5aa652bb90c7f111f86b427f798a1c9"
"voleqdef.f",1516,1518,"R7_EQN","(EQNUMD(I),I=1,8)",3,"'601DVEW015'","character",,"601DVEW015","38548071d5aa652bb90c7f111f86b427f798a1c9"
"voleqdef.f",1516,1518,"R7_EQN","(EQNUMD(I),I=1,8)",4,"'602DVEW122'","character",,"602DVEW122","38548071d5aa652bb90c7f111f86b427f798a1c9"
"voleqdef.f",1516,1518,"R7_EQN","(EQNUMD(I),I=1,8)",5,"'602DVEW204'","character",,"602DVEW204","38548071d5aa652bb90c7f111f86b427f798a1c9"
"voleqdef.f",1516,1518,"R7_EQN","(EQNUMD(I),I=1,8)",6,"'602DVEW015'","character",,"602DVEW015","38548071d5aa652bb90c7f111f86b427f798a1c9"
"voleqdef.f",1516,1518,"R7_EQN","(EQNUMD(I),I=1,8)",7,"'602DVEW108'","character",,"602DVEW108","38548071d5aa652bb90c7f111f86b427f798a1c9"
"voleqdef.f",1516,1518,"R7_EQN","(EQNUMD(I),I=1,8)",8,"'602DVEW122'","character",,"602DVEW122","38548071d5aa652bb90c7f111f86b427f798a1c9"
"voleqdef.f",1695,1704,"R8_BEQN","(SNFIA(I),I=1,92)",1,"10","numeric",10,,"38548071d5aa652bb90c7f111f86b427f798a1c9"
"voleqdef.f",1695,1704,"R8_BEQN","(SNFIA(I),I=1,92)",2,"57","numeric",57,,"38548071d5aa652bb90c7f111f86b427f798a1c9"
"voleqdef.f",1695,1704,"R8_BEQN","(SNFIA(I),I=1,92)",3,"90","numeric",90,,"38548071d5aa652bb90c7f111f86b427f798a1c9"
"voleqdef.f",1695,1704,"R8_BEQN","(SNFIA(I),I=1,92)",4,"107","numeric",107,,"38548071d5aa652bb90c7f111f86b427f798a1c9"
"voleqdef.f",1695,1704,"R8_BEQN","(SNFIA(I),I=1,92)",5,"110","numeric",110,,"38548071d5aa652bb90c7f111f86b427f798a1c9"
"voleqdef.f",1695,1704,"R8_BEQN","(SNFIA(I),I=1,92)",6,"111","numeric",111,,"38548071d5aa652bb90c7f111f86b427f798a1c9"
"voleqdef.f",1695,1704,"R8_BEQN","(SNFIA(I),I=1,92)",7,"115","numeric",115,,"38548071d5aa652bb90c7f111f86b427f798a1c9"
"voleqdef.f",1695,1704,"R8_BEQN","(SNFIA(I),I=1,92)",8,"121","numeric",121,,"38548071d5aa652bb90c7f111f86b427f798a1c9"
"voleqdef.f",1695,1704,"R8_BEQN","(SNFIA(I),I=1,92)",9,"123","numeric",123,,"38548071d5aa652bb90c7f111f86b427f798a1c9"
"voleqdef.f",1695,1704,"R8_BEQN","(SNFIA(I),I=1,92)",10,"126","numeric",126,,"38548071d5aa652bb90c7f111f86b427f798a1c9"
"voleqdef.f",1695,1704,"R8_BEQN","(SNFIA(I),I=1,92)",11,"128","numeric",128,,"38548071d5aa652bb90c7f111f86b427f798a1c9"
"voleqdef.f",1695,1704,"R8_BEQN","(SNFIA(I),I=1,92)",12,"129","numeric",129,,"38548071d5aa652bb90c7f111f86b427f798a1c9"
"voleqdef.f",1695,1704,"R8_BEQN","(SNFIA(I),I=1,92)",13,"130","numeric",130,,"38548071d5aa652bb90c7f111f86b427f798a1c9"
"voleqdef.f",1695,1704,"R8_BEQN","(SNFIA(I),I=1,92)",14,"131","numeric",131,,"38548071d5aa652bb90c7f111f86b427f798a1c9"
"voleqdef.f",1695,1704,"R8_BEQN","(SNFIA(I),I=1,92)",15,"132","numeric",132,,"38548071d5aa652bb90c7f111f86b427f798a1c9"
"voleqdef.f",1695,1704,"R8_BEQN","(SNFIA(I),I=1,92)",16,"221","numeric",221,,"38548071d5aa652bb90c7f111f86b427f798a1c9"
"voleqdef.f",1695,1704,"R8_BEQN","(SNFIA(I),I=1,92)",17,"222","numeric",222,,"38548071d5aa652bb90c7f111f86b427f798a1c9"
"voleqdef.f",1695,1704,"R8_BEQN","(SNFIA(I),I=1,92)",18,"260","numeric",260,,"38548071d5aa652bb90c7f111f86b427f798a1c9"
"voleqdef.f",1695,1704,"R8_BEQN","(SNFIA(I),I=1,92)",19,"299","numeric",299,,"38548071d5aa652bb90c7f111f86b427f798a1c9"
"voleqdef.f",1695,1704,"R8_BEQN","(SNFIA(I),I=1,92)",20,"311","numeric",311,,"38548071d5aa652bb90c7f111f86b427f798a1c9"
"voleqdef.f",1695,1704,"R8_BEQN","(SNFIA(I),I=1,92)",21,"313","numeric",313,,"38548071d5aa652bb90c7f111f86b427f798a1c9"
"voleqdef.f",1695,1704,"R8_BEQN","(SNFIA(I),I=1,92)",22,"316","numeric",316,,"38548071d5aa652bb90c7f111f86b427f798a1c9"
"voleqdef.f",1695,1704,"R8_BEQN","(SNFIA(I),I=1,92)",23,"317","numeric",317,,"38548071d5aa652bb90c7f111f86b427f798a1c9"
"voleqdef.f",1695,1704,"R8_BEQN","(SNFIA(I),I=1,92)",24,"318","numeric",318,,"38548071d5aa652bb90c7f111f86b427f798a1c9"
"voleqdef.f",1695,1704,"R8_BEQN","(SNFIA(I),I=1,92)",25,"330","numeric",330,,"38548071d5aa652bb90c7f111f86b427f798a1c9"
"voleqdef.f",1695,1704,"R8_BEQN","(SNFIA(I),I=1,92)",26,"370","numeric",370,,"38548071d5aa652bb90c7f111f86b427f798a1c9"
"voleqdef.f",1695,1704,"R8_BEQN","(SNFIA(I),I=1,92)",27,"372","numeric",372,,"38548071d5aa652bb90c7f111f86b427f798a1c9"
"voleqdef.f",1695,1704,"R8_BEQN","(SNFIA(I),I=1,92)",28,"391","numeric",391,,"38548071d5aa652bb90c7f111f86b427f798a1c9"
"voleqdef.f",1695,1704,"R8_BEQN","(SNFIA(I),I=1,92)",29,"400","numeric",400,,"38548071d5aa652bb90c7f111f86b427f798a1c9"
"voleqdef.f",1695,1704,"R8_BEQN","(SNFIA(I),I=1,92)",30,"450","numeric",450,,"38548071d5aa652bb90c7f111f86b427f798a1c9"
"voleqdef.f",1695,1704,"R8_BEQN","(SNFIA(I),I=1,92)",31,"460","numeric",460,,"38548071d5aa652bb90c7f111f86b427f798a1c9"
"voleqdef.f",1695,1704,"R8_BEQN","(SNFIA(I),I=1,92)",32,"471","numeric",471,,"38548071d5aa652bb90c7f111f86b427f798a1c9"
"voleqdef.f",1695,1704,"R8_BEQN","(SNFIA(I),I=1,92)",33,"491","numeric",491,,"38548071d5aa652bb90c7f111f86b427f798a1c9"
"voleqdef.f",1695,1704,"R8_BEQN","(SNFIA(I),I=1,92)",34,"521","numeric",521,,"38548071d5aa652bb90c7f111f86b427f798a1c9"
"voleqdef.f",1695,1704,"R8_BEQN","(SNFIA(I),I=1,92)",35,"531","numeric",531,,"38548071d5aa652bb90c7f111f86b427f798a1c9"
"voleqdef.f",1695,1704,"R8_BEQN","(SNFIA(I),I=1,92)",36,"540","numeric",540,,"38548071d5aa652bb90c7f111f86b427f798a1c9"
"voleqdef.f",1695,1704,"R8_BEQN","(SNFIA(I),I=1,92)",37,"541","numeric",541,,"38548071d5aa652bb90c7f111f86b427f798a1c9"
"voleqdef.f",1695,1704,"R8_BEQN","(SNFIA(I),I=1,92)",38,"543","numeric",543,,"38548071d5aa652bb90c7f111f86b427f798a1c9"
"voleqdef.f",1695,1704,"R8_BEQN","(SNFIA(I),I=1,92)",39,"544","numeric",544,,"38548071d5aa652bb90c7f111f86b427f798a1c9"
"voleqdef.f",1695,1704,"R8_BEQN","(SNFIA(I),I=1,92)",40,"552","numeric",552,,"38548071d5aa652bb90c7f111f86b427f798a1c9"
"voleqdef.f",1695,1704,"R8_BEQN","(SNFIA(I),I=1,92)",41,"555","numeric",555,,"38548071d5aa652bb90c7f111f86b427f798a1c9"
"voleqdef.f",1695,1704,"R8_BEQN","(SNFIA(I),I=1,92)",42,"580","numeric",580,,"38548071d5aa652bb90c7f111f86b427f798a1c9"
"voleqdef.f",1695,1704,"R8_BEQN","(SNFIA(I),I=1,92)",43,"591","numeric",591,,"38548071d5aa652bb90c7f111f86b427f798a1c9"
"voleqdef.f",1695,1704,"R8_BEQN","(SNFIA(I),I=1,92)",44,"601","numeric",601,,"38548071d5aa652bb90c7f111f86b427f798a1c9"
"voleqdef.f",1695,1704,"R8_BEQN","(SNFIA(I),I=1,92)",45,"602","numeric",602,,"38548071d5aa652bb90c7f111f86b427f798a1c9"
"voleqdef.f",1695,1704,"R8_BEQN","(SNFIA(I),I=1,92)",46,"611","numeric",611,,"38548071d5aa652bb90c7f111f86b427f798a1c9"
"voleqdef.f",1695,1704,"R8_BEQN","(SNFIA(I),I=1,92)",47,"621","numeric",621,,"38548071d5aa652bb90c7f111f86b427f798a1c9"
"voleqdef.f",1695,1704,"R8_BEQN","(SNFIA(I),I=1,92)",48,"650","numeric",650,,"38548071d5aa652bb90c7f111f86b427f798a1c9"
"voleqdef.f",1695,1704,"R8_BEQN","(SNFIA(I),I=1,92)",49,"651","numeric",651,,"38548071d5aa652bb90c7f111f86b427f798a1c9"
"voleqdef.f",1695,1704,"R8_BEQN","(SNFIA(I),I=1,92)",50,"652","numeric",652,,"38548071d5aa652bb90c7f111f86b427f798a1c9"
"voleqdef.f",1695,1704,"R8_BEQN","(SNFIA(I),I=1,92)",51,"653","numeric",653,,"38548071d5aa652bb90c7f111f86b427f798a1c9"
"voleqdef.f",1695,1704,"R8_BEQN","(SNFIA(I),I=1,92)",52,"654","numeric",654,,"38548071d5aa652bb90c7f111f86b427f798a1c9"
"voleqdef.f",1695,1704,"R8_BEQN","(SNFIA(I),I=1,92)",53,"660","numeric",660,,"38548071d5aa652bb90c7f111f86b427f798a1c9"
"voleqdef.f",1695,1704,"R8_BEQN","(SNFIA(I),I=1,92)",54,"680","numeric",680,,"38548071d5aa652bb90c7f111f86b427f798a1c9"
"voleqdef.f",1695,1704,"R8_BEQN","(SNFIA(I),I=1,92)",55,"691","numeric",691,,"38548071d5aa652bb90c7f111f86b427f798a1c9"
"voleqdef.f",1695,1704,"R8_BEQN","(SNFIA(I),I=1,92)",56,"693","numeric",693,,"38548071d5aa652bb90c7f111f86b427f798a1c9"
"voleqdef.f",1695,1704,"R8_BEQN","(SNFIA(I),I=1,92)",57,"694","numeric",694,,"38548071d5aa652bb90c7f111f86b427f798a1c9"
"voleqdef.f",1695,1704,"R8_BEQN","(SNFIA(I),I=1,92)",58,"701","numeric",701,,"38548071d5aa652bb90c7f111f86b427f798a1c9"
"voleqdef.f",1695,1704,"R8_BEQN","(SNFIA(I),I=1,92)",59,"711","numeric",711,,"38548071d5aa652bb90c7f111f86b427f798a1c9"
"voleqdef.f",1695,1704,"R8_BEQN","(SNFIA(I),I=1,92)",60,"721","numeric",721,,"38548071d5aa652bb90c7f111f86b427f798a1c9"
"voleqdef.f",1695,1704,"R8_BEQN","(SNFIA(I),I=1,92)",61,"731","numeric",731,,"38548071d5aa652bb90c7f111f86b427f798a1c9"
"voleqdef.f",1695,1704,"R8_BEQN","(SNFIA(I),I=1,92)",62,"740","numeric",740,,"38548071d5aa652bb90c7f111f86b427f798a1c9"
"voleqdef.f",1695,1704,"R8_BEQN","(SNFIA(I),I=1,92)",63,"743","numeric",743,,"38548071d5aa652bb90c7f111f86b427f798a1c9"
"voleqdef.f",1695,1704,"R8_BEQN","(SNFIA(I),I=1,92)",64,"762","numeric",762,,"38548071d5aa652bb90c7f111f86b427f798a1c9"
"voleqdef.f",1695,1704,"R8_BEQN","(SNFIA(I),I=1,92)",65,"802","numeric",802,,"38548071d5aa652bb90c7f111f86b427f798a1c9"
"voleqdef.f",1695,1704,"R8_BEQN","(SNFIA(I),I=1,92)",66,"806","numeric",806,,"38548071d5aa652bb90c7f111f86b427f798a1c9"
"voleqdef.f",1695,1704,"R8_BEQN","(SNFIA(I),I=1,92)",67,"812","numeric",812,,"38548071d5aa652bb90c7f111f86b427f798a1c9"
"voleqdef.f",1695,1704,"R8_BEQN","(SNFIA(I),I=1,92)",68,"813","numeric",813,,"38548071d5aa652bb90c7f111f86b427f798a1c9"
"voleqdef.f",1695,1704,"R8_BEQN","(SNFIA(I),I=1,92)",69,"819","numeric",819,,"38548071d5aa652bb90c7f111f86b427f798a1c9"
"voleqdef.f",1695,1704,"R8_BEQN","(SNFIA(I),I=1,92)",70,"820","numeric",820,,"38548071d5aa652bb90c7f111f86b427f798a1c9"
"voleqdef.f",1695,1704,"R8_BEQN","(SNFIA(I),I=1,92)",71,"822","numeric",822,,"38548071d5aa652bb90c7f111f86b427f798a1c9"
"voleqdef.f",1695,1704,"R8_BEQN","(SNFIA(I),I=1,92)",72,"824","numeric",824,,"38548071d5aa652bb90c7f111f86b427f798a1c9"
"voleqdef.f",1695,1704,"R8_BEQN","(SNFIA(I),I=1,92)",73,"825","numeric",825,,"38548071d5aa652bb90c7f111f86b427f798a1c9"
"voleqdef.f",1695,1704,"R8_BEQN","(SNFIA(I),I=1,92)",74,"826","numeric",826,,"38548071d5aa652bb90c7f111f86b427f798a1c9"
"voleqdef.f",1695,1704,"R8_BEQN","(SNFIA(I),I=1,92)",75,"827","numeric",827,,"38548071d5aa652bb90c7f111f86b427f798a1c9"
"voleqdef.f",1695,1704,"R8_BEQN","(SNFIA(I),I=1,92)",76,"830","numeric",830,,"38548071d5aa652bb90c7f111f86b427f798a1c9"
"voleqdef.f",1695,1704,"R8_BEQN","(SNFIA(I),I=1,92)",77,"832","numeric",832,,"38548071d5aa652bb90c7f111f86b427f798a1c9"
"voleqdef.f",1695,1704,"R8_BEQN","(SNFIA(I),I=1,92)",78,"833","numeric",833,,"38548071d5aa652bb90c7f111f86b427f798a1c9"
"voleqdef.f",1695,1704,"R8_BEQN","(SNFIA(I),I=1,92)",79,"834","numeric",834,,"38548071d5aa652bb90c7f111f86b427f798a1c9"
"voleqdef.f",1695,1704,"R8_BEQN","(SNFIA(I),I=1,92)",80,"835","numeric",835,,"38548071d5aa652bb90c7f111f86b427f798a1c9"
"voleqdef.f",1695,1704,"R8_BEQN","(SNFIA(I),I=1,92)",81,"837","numeric",837,,"38548071d5aa652bb90c7f111f86b427f798a1c9"
"voleqdef.f",1695,1704,"R8_BEQN","(SNFIA(I),I=1,92)",82,"838","numeric",838,,"38548071d5aa652bb90c7f111f86b427f798a1c9"
"voleqdef.f",1695,1704,"R8_BEQN","(SNFIA(I),I=1,92)",83,"901","numeric",901,,"38548071d5aa652bb90c7f111f86b427f798a1c9"
"voleqdef.f",1695,1704,"R8_BEQN","(SNFIA(I),I=1,92)",84,"920","numeric",920,,"38548071d5aa652bb90c7f111f86b427f798a1c9"
"voleqdef.f",1695,1704,"R8_BEQN","(SNFIA(I),I=1,92)",85,"931","numeric",931,,"38548071d5aa652bb90c7f111f86b427f798a1c9"
"voleqdef.f",1695,1704,"R8_BEQN","(SNFIA(I),I=1,92)",86,"950","numeric",950,,"38548071d5aa652bb90c7f111f86b427f798a1c9"
"voleqdef.f",1695,1704,"R8_BEQN","(SNFIA(I),I=1,92)",87,"970","numeric",970,,"38548071d5aa652bb90c7f111f86b427f798a1c9"
"voleqdef.f",1695,1704,"R8_BEQN","(SNFIA(I),I=1,92)",88,"971","numeric",971,,"38548071d5aa652bb90c7f111f86b427f798a1c9"
"voleqdef.f",1695,1704,"R8_BEQN","(SNFIA(I),I=1,92)",89,"972","numeric",972,,"38548071d5aa652bb90c7f111f86b427f798a1c9"
"voleqdef.f",1695,1704,"R8_BEQN","(SNFIA(I),I=1,92)",90,"975","numeric",975,,"38548071d5aa652bb90c7f111f86b427f798a1c9"
"voleqdef.f",1695,1704,"R8_BEQN","(SNFIA(I),I=1,92)",91,"998","numeric",998,,"38548071d5aa652bb90c7f111f86b427f798a1c9"
"voleqdef.f",1695,1704,"R8_BEQN","(SNFIA(I),I=1,92)",92,"999","numeric",999,,"38548071d5aa652bb90c7f111f86b427f798a1c9"
"voleqdef.f",1706,1717,"R8_BEQN","(SNSP(I), I=1,92)",1,"'261'","character",,"261","38548071d5aa652bb90c7f111f86b427f798a1c9"
"voleqdef.f",1706,1717,"R8_BEQN","(SNSP(I), I=1,92)",2,"'100'","character",,"100","38548071d5aa652bb90c7f111f86b427f798a1c9"
"voleqdef.f",1706,1717,"R8_BEQN","(SNSP(I), I=1,92)",3,"'115'","character",,"115","38548071d5aa652bb90c7f111f86b427f798a1c9"
"voleqdef.f",1706,1717,"R8_BEQN","(SNSP(I), I=1,92)",4,"'132'","character",,"132","38548071d5aa652bb90c7f111f86b427f798a1c9"
"voleqdef.f",1706,1717,"R8_BEQN","(SNSP(I), I=1,92)",5,"'110'","character",,"110","38548071d5aa652bb90c7f111f86b427f798a1c9"
"voleqdef.f",1706,1717,"R8_BEQN","(SNSP(I), I=1,92)",6,"'111'","character",,"111","38548071d5aa652bb90c7f111f86b427f798a1c9"
"voleqdef.f",1706,1717,"R8_BEQN","(SNSP(I), I=1,92)",7,"'115'","character",,"115","38548071d5aa652bb90c7f111f86b427f798a1c9"
"voleqdef.f",1706,1717,"R8_BEQN","(SNSP(I), I=1,92)",8,"'121'","character",,"121","38548071d5aa652bb90c7f111f86b427f798a1c9"
"voleqdef.f",1706,1717,"R8_BEQN","(SNSP(I), I=1,92)",9,"'126'","character",,"126","38548071d5aa652bb90c7f111f86b427f798a1c9"
"voleqdef.f",1706,1717,"R8_BEQN","(SNSP(I), I=1,92)",10,"'126'","character",,"126","38548071d5aa652bb90c7f111f86b427f798a1c9"
"voleqdef.f",1706,1717,"R8_BEQN","(SNSP(I), I=1,92)",11,"'128'","character",,"128","38548071d5aa652bb90c7f111f86b427f798a1c9"
"voleqdef.f",1706,1717,"R8_BEQN","(SNSP(I), I=1,92)",12,"'129'","character",,"129","38548071d5aa652bb90c7f111f86b427f798a1c9"
"voleqdef.f",1706,1717,"R8_BEQN","(SNSP(I), I=1,92)",13,"'132'","character",,"132","38548071d5aa652bb90c7f111f86b427f798a1c9"
"voleqdef.f",1706,1717,"R8_BEQN","(SNSP(I), I=1,92)",14,"'131'","character",,"131","38548071d5aa652bb90c7f111f86b427f798a1c9"
"voleqdef.f",1706,1717,"R8_BEQN","(SNSP(I), I=1,92)",15,"'132'","character",,"132","38548071d5aa652bb90c7f111f86b427f798a1c9"
"voleqdef.f",1706,1717,"R8_BEQN","(SNSP(I), I=1,92)",16,"'221'","character",,"221","38548071d5aa652bb90c7f111f86b427f798a1c9"
"voleqdef.f",1706,1717,"R8_BEQN","(SNSP(I), I=1,92)",17,"'222'","character",,"222","38548071d5aa652bb90c7f111f86b427f798a1c9"
"voleqdef.f",1706,1717,"R8_BEQN","(SNSP(I), I=1,92)",18,"'261'","character",,"261","38548071d5aa652bb90c7f111f86b427f798a1c9"
"voleqdef.f",1706,1717,"R8_BEQN","(SNSP(I), I=1,92)",19,"'132'","character",,"132","38548071d5aa652bb90c7f111f86b427f798a1c9"
"voleqdef.f",1706,1717,"R8_BEQN","(SNSP(I), I=1,92)",20,"'500'","character",,"500","38548071d5aa652bb90c7f111f86b427f798a1c9"
"voleqdef.f",1706,1717,"R8_BEQN","(SNSP(I), I=1,92)",21,"'500'","character",,"500","38548071d5aa652bb90c7f111f86b427f798a1c9"
"voleqdef.f",1706,1717,"R8_BEQN","(SNSP(I), I=1,92)",22,"'316'","character",,"316","38548071d5aa652bb90c7f111f86b427f798a1c9"
"voleqdef.f",1706,1717,"R8_BEQN","(SNSP(I), I=1,92)",23,"'300'","character",,"300","38548071d5aa652bb90c7f111f86b427f798a1c9"
"voleqdef.f",1706,1717,"R8_BEQN","(SNSP(I), I=1,92)",24,"'500'","character",,"500","38548071d5aa652bb90c7f111f86b427f798a1c9"
"voleqdef.f",1706,1717,"R8_BEQN","(SNSP(I), I=1,92)",25,"'330'","character",,"330","38548071d5aa652bb90c7f111f86b427f798a1c9"
"voleqdef.f",1706,1717,"R8_BEQN","(SNSP(I), I=1,92)",26,"'370'","character",,"370","38548071d5aa652bb90c7f111f86b427f798a1c9"
"voleqdef.f",1706,1717,"R8_BEQN","(SNSP(I), I=1,92)",27,"'370'","character",,"370","38548071d5aa652bb90c7f111f86b427f798a1c9"
"voleqdef.f",1706,1717,"R8_BEQN","(SNSP(I), I=1,92)",28,"'370'","character",,"370","38548071d5aa652bb90c7f111f86b427f798a1c9"
"voleqdef.f",1706,1717,"R8_BEQN","(SNSP(I), I=1,92)",29,"'400'","character",,"400","38548071d5aa652bb90c7f111f86b427f798a1c9"
"voleqdef.f",1706,1717,"R8_BEQN","(SNSP(I), I=1,92)",30,"'300'","character",,"300","38548071d5aa652bb90c7f111f86b427f798a1c9"
"voleqdef.f",1706,1717,"R8_BEQN","(SNSP(I), I=1,92)",31,"'460'","character",,"460","38548071d5aa652bb90c7f111f86b427f798a1c9"
"voleqdef.f",1706,1717,"R8_BEQN","(SNSP(I), I=1,92)",32,"'300'","character",,"300","38548071d5aa652bb90c7f111f86b427f798a1c9"
"voleqdef.f",1706,1717,"R8_BEQN","(SNSP(I), I=1,92)",33,"'300'","character",,"300","38548071d5aa652bb90c7f111f86b427f798a1c9"
"voleqdef.f",1706,1717,"R8_BEQN","(SNSP(I), I=1,92)",34,"'500'","character",,"500","38548071d5aa652bb90c7f111f86b427f798a1c9"
"voleqdef.f",1706,1717,"R8_BEQN","(SNSP(I), I=1,92)",35,"'531'","character",,"531","38548071d5aa652bb90c7f111f86b427f798a1c9"
"voleqdef.f",1706,1717,"R8_BEQN","(SNSP(I), I=1,92)",36,"'541'","character",,"541","38548071d5aa652bb90c7f111f86b427f798a1c9"
"voleqdef.f",1706,1717,"R8_BEQN","(SNSP(I), I=1,92)",37,"'541'","character",,"541","38548071d5aa652bb90c7f111f86b427f798a1c9"
"voleqdef.f",1706,1717,"R8_BEQN","(SNSP(I), I=1,92)",38,"'300'","character",,"300","38548071d5aa652bb90c7f111f86b427f798a1c9"
"voleqdef.f",1706,1717,"R8_BEQN","(SNSP(I), I=1,92)",39,"'544'","character",,"544","38548071d5aa652bb90c7f111f86b427f798a1c9"
"voleqdef.f",1706,1717,"R8_BEQN","(SNSP(I), I=1,92)",40,"'500'","character",,"500","38548071d5aa652bb90c7f111f86b427f798a1c9"
"voleqdef.f",1706,1717,"R8_BEQN","(SNSP(I), I=1,92)",41,"'300'","character",,"300","38548071d5aa652bb90c7f111f86b427f798a1c9"
"voleqdef.f",1706,1717,"R8_BEQN","(SNSP(I), I=1,92)",42,"'300'","character",,"300","38548071d5aa652bb90c7f111f86b427f798a1c9"
"voleqdef.f",1706,1717,"R8_BEQN","(SNSP(I), I=1,92)",43,"'300'","character",,"300","38548071d5aa652bb90c7f111f86b427f798a1c9"
"voleqdef.f",1706,1717,"R8_BEQN","(SNSP(I), I=1,92)",44,"'500'","character",,"500","38548071d5aa652bb90c7f111f86b427f798a1c9"
"voleqdef.f",1706,1717,"R8_BEQN","(SNSP(I), I=1,92)",45,"'500'","character",,"500","38548071d5aa652bb90c7f111f86b427f798a1c9"
"voleqdef.f",1706,1717,"R8_BEQN","(SNSP(I), I=1,92)",46,"'611'","character",,"611","38548071d5aa652bb90c7f111f86b427f798a1c9"
"voleqdef.f",1706,1717,"R8_BEQN","(SNSP(I), I=1,92)",47,"'621'","character",,"621","38548071d5aa652bb90c7f111f86b427f798a1c9"
"voleqdef.f",1706,1717,"R8_BEQN","(SNSP(I), I=1,92)",48,"'652'","character",,"652","38548071d5aa652bb90c7f111f86b427f798a1c9"
"voleqdef.f",1706,1717,"R8_BEQN","(SNSP(I), I=1,92)",49,"'300'","character",,"300","38548071d5aa652bb90c7f111f86b427f798a1c9"
"voleqdef.f",1706,1717,"R8_BEQN","(SNSP(I), I=1,92)",50,"'652'","character",,"652","38548071d5aa652bb90c7f111f86b427f798a1c9"
"voleqdef.f",1706,1717,"R8_BEQN","(SNSP(I), I=1,92)",51,"'653'","character",,"653","38548071d5aa652bb90c7f111f86b427f798a1c9"
"voleqdef.f",1706,1717,"R8_BEQN","(SNSP(I), I=1,92)",52,"'300'","character",,"300","38548071d5aa652bb90c7f111f86b427f798a1c9"
"voleqdef.f",1706,1717,"R8_BEQN","(SNSP(I), I=1,92)",53,"'300'","character",,"300","38548071d5aa652bb90c7f111f86b427f798a1c9"
"voleqdef.f",1706,1717,"R8_BEQN","(SNSP(I), I=1,92)",54,"'300'","character",,"300","38548071d5aa652bb90c7f111f86b427f798a1c9"
"voleqdef.f",1706,1717,"R8_BEQN","(SNSP(I), I=1,92)",55,"'300'","character",,"300","38548071d5aa652bb90c7f111f86b427f798a1c9"
"voleqdef.f",1706,1717,"R8_BEQN","(SNSP(I), I=1,92)",56,"'693'","character",,"693","38548071d5aa652bb90c7f111f86b427f798a1c9"
"voleqdef.f",1706,1717,"R8_BEQN","(SNSP(I), I=1,92)",57,"'694'","character",,"694","38548071d5aa652bb90c7f111f86b427f798a1c9"
"voleqdef.f",1706,1717,"R8_BEQN","(SNSP(I), I=1,92)",58,"'500'","character",,"500","38548071d5aa652bb90c7f111f86b427f798a1c9"
"voleqdef.f",1706,1717,"R8_BEQN","(SNSP(I), I=1,92)",59,"'300'","character",,"300","38548071d5aa652bb90c7f111f86b427f798a1c9"
"voleqdef.f",1706,1717,"R8_BEQN","(SNSP(I), I=1,92)",60,"'300'","character",,"300","38548071d5aa652bb90c7f111f86b427f798a1c9"
"voleqdef.f",1706,1717,"R8_BEQN","(SNSP(I), I=1,92)",61,"'731'","character",,"731","38548071d5aa652bb90c7f111f86b427f798a1c9"
"voleqdef.f",1706,1717,"R8_BEQN","(SNSP(I), I=1,92)",62,"'300'","character",,"300","38548071d5aa652bb90c7f111f86b427f798a1c9"
"voleqdef.f",1706,1717,"R8_BEQN","(SNSP(I), I=1,92)",63,"'300'","character",,"300","38548071d5aa652bb90c7f111f86b427f798a1c9"
"voleqdef.f",1706,1717,"R8_BEQN","(SNSP(I), I=1,92)",64,"'300'","character",,"300","38548071d5aa652bb90c7f111f86b427f798a1c9"
"voleqdef.f",1706,1717,"R8_BEQN","(SNSP(I), I=1,92)",65,"'802'","character",,"802","38548071d5aa652bb90c7f111f86b427f798a1c9"
"voleqdef.f",1706,1717,"R8_BEQN","(SNSP(I), I=1,92)",66,"'806'","character",,"806","38548071d5aa652bb90c7f111f86b427f798a1c9"
"voleqdef.f",1706,1717,"R8_BEQN","(SNSP(I), I=1,92)",67,"'812'","character",,"812","38548071d5aa652bb90c7f111f86b427f798a1c9"
"voleqdef.f",1706,1717,"R8_BEQN","(SNSP(I), I=1,92)",68,"'813'","character",,"813","38548071d5aa652bb90c7f111f86b427f798a1c9"
"voleqdef.f",1706,1717,"R8_BEQN","(SNSP(I), I=1,92)",69,"'800'","character",,"800","38548071d5aa652bb90c7f111f86b427f798a1c9"
"voleqdef.f",1706,1717,"R8_BEQN","(SNSP(I), I=1,92)",70,"'800'","character",,"800","38548071d5aa652bb90c7f111f86b427f798a1c9"
"voleqdef.f",1706,1717,"R8_BEQN","(SNSP(I), I=1,92)",71,"'822'","character",,"822","38548071d5aa652bb90c7f111f86b427f798a1c9"
"voleqdef.f",1706,1717,"R8_BEQN","(SNSP(I), I=1,92)",72,"'800'","character",,"800","38548071d5aa652bb90c7f111f86b427f798a1c9"
"voleqdef.f",1706,1717,"R8_BEQN","(SNSP(I), I=1,92)",73,"'800'","character",,"800","38548071d5aa652bb90c7f111f86b427f798a1c9"
"voleqdef.f",1706,1717,"R8_BEQN","(SNSP(I), I=1,92)",74,"'800'","character",,"800","38548071d5aa652bb90c7f111f86b427f798a1c9"
"voleqdef.f",1706,1717,"R8_BEQN","(SNSP(I), I=1,92)",75,"'827'","character",,"827","38548071d5aa652bb90c7f111f86b427f798a1c9"
"voleqdef.f",1706,1717,"R8_BEQN","(SNSP(I), I=1,92)",76,"'827'","character",,"827","38548071d5aa652bb90c7f111f86b427f798a1c9"
"voleqdef.f",1706,1717,"R8_BEQN","(SNSP(I), I=1,92)",77,"'832'","character",,"832","38548071d5aa652bb90c7f111f86b427f798a1c9"
"voleqdef.f",1706,1717,"R8_BEQN","(SNSP(I), I=1,92)",78,"'833'","character",,"833","38548071d5aa652bb90c7f111f86b427f798a1c9"
"voleqdef.f",1706,1717,"R8_BEQN","(SNSP(I), I=1,92)",79,"'800'","character",,"800","38548071d5aa652bb90c7f111f86b427f798a1c9"
"voleqdef.f",1706,1717,"R8_BEQN","(SNSP(I), I=1,92)",80,"'835'","character",,"835","38548071d5aa652bb90c7f111f86b427f798a1c9"
"voleqdef.f",1706,1717,"R8_BEQN","(SNSP(I), I=1,92)",81,"'800'","character",,"800","38548071d5aa652bb90c7f111f86b427f798a1c9"
"voleqdef.f",1706,1717,"R8_BEQN","(SNSP(I), I=1,92)",82,"'835'","character",,"835","38548071d5aa652bb90c7f111f86b427f798a1c9"
"voleqdef.f",1706,1717,"R8_BEQN","(SNSP(I), I=1,92)",83,"'901'","character",,"901","38548071d5aa652bb90c7f111f86b427f798a1c9"
"voleqdef.f",1706,1717,"R8_BEQN","(SNSP(I), I=1,92)",84,"'300'","character",,"300","38548071d5aa652bb90c7f111f86b427f798a1c9"
"voleqdef.f",1706,1717,"R8_BEQN","(SNSP(I), I=1,92)",85,"'300'","character",,"300","38548071d5aa652bb90c7f111f86b427f798a1c9"
"voleqdef.f",1706,1717,"R8_BEQN","(SNSP(I), I=1,92)",86,"'300'","character",,"300","38548071d5aa652bb90c7f111f86b427f798a1c9"
"voleqdef.f",1706,1717,"R8_BEQN","(SNSP(I), I=1,92)",87,"'970'","character",,"970","38548071d5aa652bb90c7f111f86b427f798a1c9"
"voleqdef.f",1706,1717,"R8_BEQN","(SNSP(I), I=1,92)",88,"'970'","character",,"970","38548071d5aa652bb90c7f111f86b427f798a1c9"
"voleqdef.f",1706,1717,"R8_BEQN","(SNSP(I), I=1,92)",89,"'970'","character",,"970","38548071d5aa652bb90c7f111f86b427f798a1c9"
"voleqdef.f",1706,1717,"R8_BEQN","(SNSP(I), I=1,92)",90,"'970'","character",,"970","38548071d5aa652bb90c7f111f86b427f798a1c9"
"voleqdef.f",1706,1717,"R8_BEQN","(SNSP(I), I=1,92)",91,"'300'","character",,"300","38548071d5aa652bb90c7f111f86b427f798a1c9"
"voleqdef.f",1706,1717,"R8_BEQN","(SNSP(I), I=1,92)",92,"'300'","character",,"300","38548071d5aa652bb90c7f111f86b427f798a1c9"
"voleqdef.f",1719,1723,"R8_BEQN","(GEOCODES(I), I=1,33)",1,"'01'","character",,"01","38548071d5aa652bb90c7f111f86b427f798a1c9"
"voleqdef.f",1719,1723,"R8_BEQN","(GEOCODES(I), I=1,33)",2,"'02'","character",,"02","38548071d5aa652bb90c7f111f86b427f798a1c9"
"voleqdef.f",1719,1723,"R8_BEQN","(GEOCODES(I), I=1,33)",3,"'03'","character",,"03","38548071d5aa652bb90c7f111f86b427f798a1c9"
"voleqdef.f",1719,1723,"R8_BEQN","(GEOCODES(I), I=1,33)",4,"'04'","character",,"04","38548071d5aa652bb90c7f111f86b427f798a1c9"
"voleqdef.f",1719,1723,"R8_BEQN","(GEOCODES(I), I=1,33)",5,"'05'","character",,"05","38548071d5aa652bb90c7f111f86b427f798a1c9"
"voleqdef.f",1719,1723,"R8_BEQN","(GEOCODES(I), I=1,33)",6,"'06'","character",,"06","38548071d5aa652bb90c7f111f86b427f798a1c9"
"voleqdef.f",1719,1723,"R8_BEQN","(GEOCODES(I), I=1,33)",7,"'07'","character",,"07","38548071d5aa652bb90c7f111f86b427f798a1c9"
"voleqdef.f",1719,1723,"R8_BEQN","(GEOCODES(I), I=1,33)",8,"'08'","character",,"08","38548071d5aa652bb90c7f111f86b427f798a1c9"
"voleqdef.f",1719,1723,"R8_BEQN","(GEOCODES(I), I=1,33)",9,"'09'","character",,"09","38548071d5aa652bb90c7f111f86b427f798a1c9"
"voleqdef.f",1719,1723,"R8_BEQN","(GEOCODES(I), I=1,33)",10,"'10'","character",,"10","38548071d5aa652bb90c7f111f86b427f798a1c9"
"voleqdef.f",1719,1723,"R8_BEQN","(GEOCODES(I), I=1,33)",11,"'11'","character",,"11","38548071d5aa652bb90c7f111f86b427f798a1c9"
"voleqdef.f",1719,1723,"R8_BEQN","(GEOCODES(I), I=1,33)",12,"'12'","character",,"12","38548071d5aa652bb90c7f111f86b427f798a1c9"
"voleqdef.f",1719,1723,"R8_BEQN","(GEOCODES(I), I=1,33)",13,"'13'","character",,"13","38548071d5aa652bb90c7f111f86b427f798a1c9"
"voleqdef.f",1719,1723,"R8_BEQN","(GEOCODES(I), I=1,33)",14,"'14'","character",,"14","38548071d5aa652bb90c7f111f86b427f798a1c9"
"voleqdef.f",1719,1723,"R8_BEQN","(GEOCODES(I), I=1,33)",15,"'15'","character",,"15","38548071d5aa652bb90c7f111f86b427f798a1c9"
"voleqdef.f",1719,1723,"R8_BEQN","(GEOCODES(I), I=1,33)",16,"'16'","character",,"16","38548071d5aa652bb90c7f111f86b427f798a1c9"
"voleqdef.f",1719,1723,"R8_BEQN","(GEOCODES(I), I=1,33)",17,"'17'","character",,"17","38548071d5aa652bb90c7f111f86b427f798a1c9"
"voleqdef.f",1719,1723,"R8_BEQN","(GEOCODES(I), I=1,33)",18,"'18'","character",,"18","38548071d5aa652bb90c7f111f86b427f798a1c9"
"voleqdef.f",1719,1723,"R8_BEQN","(GEOCODES(I), I=1,33)",19,"'19'","character",,"19","38548071d5aa652bb90c7f111f86b427f798a1c9"
"voleqdef.f",1719,1723,"R8_BEQN","(GEOCODES(I), I=1,33)",20,"'20'","character",,"20","38548071d5aa652bb90c7f111f86b427f798a1c9"
"voleqdef.f",1719,1723,"R8_BEQN","(GEOCODES(I), I=1,33)",21,"'21'","character",,"21","38548071d5aa652bb90c7f111f86b427f798a1c9"
"voleqdef.f",1719,1723,"R8_BEQN","(GEOCODES(I), I=1,33)",22,"'22'","character",,"22","38548071d5aa652bb90c7f111f86b427f798a1c9"
"voleqdef.f",1719,1723,"R8_BEQN","(GEOCODES(I), I=1,33)",23,"'23'","character",,"23","38548071d5aa652bb90c7f111f86b427f798a1c9"
"voleqdef.f",1719,1723,"R8_BEQN","(GEOCODES(I), I=1,33)",24,"'24'","character",,"24","38548071d5aa652bb90c7f111f86b427f798a1c9"
"voleqdef.f",1719,1723,"R8_BEQN","(GEOCODES(I), I=1,33)",25,"'25'","character",,"25","38548071d5aa652bb90c7f111f86b427f798a1c9"
"voleqdef.f",1719,1723,"R8_BEQN","(GEOCODES(I), I=1,33)",26,"'26'","character",,"26","38548071d5aa652bb90c7f111f86b427f798a1c9"
"voleqdef.f",1719,1723,"R8_BEQN","(GEOCODES(I), I=1,33)",27,"'27'","character",,"27","38548071d5aa652bb90c7f111f86b427f798a1c9"
"voleqdef.f",1719,1723,"R8_BEQN","(GEOCODES(I), I=1,33)",28,"'28'","character",,"28","38548071d5aa652bb90c7f111f86b427f798a1c9"
"voleqdef.f",1719,1723,"R8_BEQN","(GEOCODES(I), I=1,33)",29,"'29'","character",,"29","38548071d5aa652bb90c7f111f86b427f798a1c9"
"voleqdef.f",1719,1723,"R8_BEQN","(GEOCODES(I), I=1,33)",30,"'30'","character",,"30","38548071d5aa652bb90c7f111f86b427f798a1c9"
"voleqdef.f",1719,1723,"R8_BEQN","(GEOCODES(I), I=1,33)",31,"'31'","character",,"31","38548071d5aa652bb90c7f111f86b427f798a1c9"
"voleqdef.f",1719,1723,"R8_BEQN","(GEOCODES(I), I=1,33)",32,"'32'","character",,"32","38548071d5aa652bb90c7f111f86b427f798a1c9"
"voleqdef.f",1719,1723,"R8_BEQN","(GEOCODES(I), I=1,33)",33,"'33'","character",,"33","38548071d5aa652bb90c7f111f86b427f798a1c9"
"voleqdef.f",1929,1940,"R8_CEQN","(SNFIA(I),I=1,110)",1,"10","numeric",10,,"38548071d5aa652bb90c7f111f86b427f798a1c9"
"voleqdef.f",1929,1940,"R8_CEQN","(SNFIA(I),I=1,110)",2,"57","numeric",57,,"38548071d5aa652bb90c7f111f86b427f798a1c9"
"voleqdef.f",1929,1940,"R8_CEQN","(SNFIA(I),I=1,110)",3,"90","numeric",90,,"38548071d5aa652bb90c7f111f86b427f798a1c9"
"voleqdef.f",1929,1940,"R8_CEQN","(SNFIA(I),I=1,110)",4,"100","numeric",100,,"38548071d5aa652bb90c7f111f86b427f798a1c9"
"voleqdef.f",1929,1940,"R8_CEQN","(SNFIA(I),I=1,110)",5,"107","numeric",107,,"38548071d5aa652bb90c7f111f86b427f798a1c9"
"voleqdef.f",1929,1940,"R8_CEQN","(SNFIA(I),I=1,110)",6,"110","numeric",110,,"38548071d5aa652bb90c7f111f86b427f798a1c9"
"voleqdef.f",1929,1940,"R8_CEQN","(SNFIA(I),I=1,110)",7,"111","numeric",111,,"38548071d5aa652bb90c7f111f86b427f798a1c9"
"voleqdef.f",1929,1940,"R8_CEQN","(SNFIA(I),I=1,110)",8,"115","numeric",115,,"38548071d5aa652bb90c7f111f86b427f798a1c9"
"voleqdef.f",1929,1940,"R8_CEQN","(SNFIA(I),I=1,110)",9,"121","numeric",121,,"38548071d5aa652bb90c7f111f86b427f798a1c9"
"voleqdef.f",1929,1940,"R8_CEQN","(SNFIA(I),I=1,110)",10,"123","numeric",123,,"38548071d5aa652bb90c7f111f86b427f798a1c9"
"voleqdef.f",1929,1940,"R8_CEQN","(SNFIA(I),I=1,110)",11,"126","numeric",126,,"38548071d5aa652bb90c7f111f86b427f798a1c9"
"voleqdef.f",1929,1940,"R8_CEQN","(SNFIA(I),I=1,110)",12,"128","numeric",128,,"38548071d5aa652bb90c7f111f86b427f798a1c9"
"voleqdef.f",1929,1940,"R8_CEQN","(SNFIA(I),I=1,110)",13,"129","numeric",129,,"38548071d5aa652bb90c7f111f86b427f798a1c9"
"voleqdef.f",1929,1940,"R8_CEQN","(SNFIA(I),I=1,110)",14,"130","numeric",130,,"38548071d5aa652bb90c7f111f86b427f798a1c9"
"voleqdef.f",1929,1940,"R8_CEQN","(SNFIA(I),I=1,110)",15,"131","numeric",131,,"38548071d5aa652bb90c7f111f86b427f798a1c9"
"voleqdef.f",1929,1940,"R8_CEQN","(SNFIA(I),I=1,110)",16,"132","numeric",132,,"38548071d5aa652bb90c7f111f86b427f798a1c9"
"voleqdef.f",1929,1940,"R8_CEQN","(SNFIA(I),I=1,110)",17,"197","numeric",197,,"38548071d5aa652bb90c7f111f86b427f798a1c9"
"voleqdef.f",1929,1940,"R8_CEQN","(SNFIA(I),I=1,110)",18,"221","numeric",221,,"38548071d5aa652bb90c7f111f86b427f798a1c9"
"voleqdef.f",1929,1940,"R8_CEQN","(SNFIA(I),I=1,110)",19,"222","numeric",222,,"38548071d5aa652bb90c7f111f86b427f798a1c9"
"voleqdef.f",1929,1940,"R8_CEQN","(SNFIA(I),I=1,110)",20,"260","numeric",260,,"38548071d5aa652bb90c7f111f86b427f798a1c9"
"voleqdef.f",1929,1940,"R8_CEQN","(SNFIA(I),I=1,110)",21,"261","numeric",261,,"38548071d5aa652bb90c7f111f86b427f798a1c9"
"voleqdef.f",1929,1940,"R8_CEQN","(SNFIA(I),I=1,110)",22,"299","numeric",299,,"38548071d5aa652bb90c7f111f86b427f798a1c9"
"voleqdef.f",1929,1940,"R8_CEQN","(SNFIA(I),I=1,110)",23,"300","numeric",300,,"38548071d5aa652bb90c7f111f86b427f798a1c9"
"voleqdef.f",1929,1940,"R8_CEQN","(SNFIA(I),I=1,110)",24,"311","numeric",311,,"38548071d5aa652bb90c7f111f86b427f798a1c9"
"voleqdef.f",1929,1940,"R8_CEQN","(SNFIA(I),I=1,110)",25,"313","numeric",313,,"38548071d5aa652bb90c7f111f86b427f798a1c9"
"voleqdef.f",1929,1940,"R8_CEQN","(SNFIA(I),I=1,110)",26,"314","numeric",314,,"38548071d5aa652bb90c7f111f86b427f798a1c9"
"voleqdef.f",1929,1940,"R8_CEQN","(SNFIA(I),I=1,110)",27,"316","numeric",316,,"38548071d5aa652bb90c7f111f86b427f798a1c9"
"voleqdef.f",1929,1940,"R8_CEQN","(SNFIA(I),I=1,110)",28,"317","numeric",317,,"38548071d5aa652bb90c7f111f86b427f798a1c9"
"voleqdef.f",1929,1940,"R8_CEQN","(SNFIA(I),I=1,110)",29,"318","numeric",318,,"38548071d5aa652bb90c7f111f86b427f798a1c9"
"voleqdef.f",1929,1940,"R8_CEQN","(SNFIA(I),I=1,110)",30,"330","numeric",330,,"38548071d5aa652bb90c7f111f86b427f798a1c9"
"voleqdef.f",1929,1940,"R8_CEQN","(SNFIA(I),I=1,110)",31,"370","numeric",370,,"38548071d5aa652bb90c7f111f86b427f798a1c9"
"voleqdef.f",1929,1940,"R8_CEQN","(SNFIA(I),I=1,110)",32,"372","numeric",372,,"38548071d5aa652bb90c7f111f86b427f798a1c9"
"voleqdef.f",1929,1940,"R8_CEQN","(SNFIA(I),I=1,110)",33,"391","numeric",391,,"38548071d5aa652bb90c7f111f86b427f798a1c9"
"voleqdef.f",1929,1940,"R8_CEQN","(SNFIA(I),I=1,110)",34,"400","numeric",400,,"38548071d5aa652bb90c7f111f86b427f798a1c9"
"voleqdef.f",1929,1940,"R8_CEQN","(SNFIA(I),I=1,110)",35,"404","numeric",404,,"38548071d5aa652bb90c7f111f86b427f798a1c9"
"voleqdef.f",1929,1940,"R8_CEQN","(SNFIA(I),I=1,110)",36,"450","numeric",450,,"38548071d5aa652bb90c7f111f86b427f798a1c9"
"voleqdef.f",1929,1940,"R8_CEQN","(SNFIA(I),I=1,110)",37,"460","numeric",460,,"38548071d5aa652bb90c7f111f86b427f798a1c9"
"voleqdef.f",1929,1940,"R8_CEQN","(SNFIA(I),I=1,110)",38,"471","numeric",471,,"38548071d5aa652bb90c7f111f86b427f798a1c9"
"voleqdef.f",1929,1940,"R8_CEQN","(SNFIA(I),I=1,110)",39,"491","numeric",491,,"38548071d5aa652bb90c7f111f86b427f798a1c9"
"voleqdef.f",1929,1940,"R8_CEQN","(SNFIA(I),I=1,110)",40,"500","numeric",500,,"38548071d5aa652bb90c7f111f86b427f798a1c9"
"voleqdef.f",1929,1940,"R8_CEQN","(SNFIA(I),I=1,110)",41,"521","numeric",521,,"38548071d5aa652bb90c7f111f86b427f798a1c9"
"voleqdef.f",1929,1940,"R8_CEQN","(SNFIA(I),I=1,110)",42,"531","numeric",531,,"38548071d5aa652bb90c7f111f86b427f798a1c9"
"voleqdef.f",1929,1940,"R8_CEQN","(SNFIA(I),I=1,110)",43,"540","numeric",540,,"38548071d5aa652bb90c7f111f86b427f798a1c9"
"voleqdef.f",1929,1940,"R8_CEQN","(SNFIA(I),I=1,110)",44,"541","numeric",541,,"38548071d5aa652bb90c7f111f86b427f798a1c9"
"voleqdef.f",1929,1940,"R8_CEQN","(SNFIA(I),I=1,110)",45,"543","numeric",543,,"38548071d5aa652bb90c7f111f86b427f798a1c9"
"voleqdef.f",1929,1940,"R8_CEQN","(SNFIA(I),I=1,110)",46,"544","numeric",544,,"38548071d5aa652bb90c7f111f86b427f798a1c9"
"voleqdef.f",1929,1940,"R8_CEQN","(SNFIA(I),I=1,110)",47,"545","numeric",545,,"38548071d5aa652bb90c7f111f86b427f798a1c9"
"voleqdef.f",1929,1940,"R8_CEQN","(SNFIA(I),I=1,110)",48,"546","numeric",546,,"38548071d5aa652bb90c7f111f86b427f798a1c9"
"voleqdef.f",1929,1940,"R8_CEQN","(SNFIA(I),I=1,110)",49,"550","numeric",550,,"38548071d5aa652bb90c7f111f86b427f798a1c9"
"voleqdef.f",1929,1940,"R8_CEQN","(SNFIA(I),I=1,110)",50,"552","numeric",552,,"38548071d5aa652bb90c7f111f86b427f798a1c9"
"voleqdef.f",1929,1940,"R8_CEQN","(SNFIA(I),I=1,110)",51,"555","numeric",555,,"38548071d5aa652bb90c7f111f86b427f798a1c9"
"voleqdef.f",1929,1940,"R8_CEQN","(SNFIA(I),I=1,110)",52,"580","numeric",580,,"38548071d5aa652bb90c7f111f86b427f798a1c9"
"voleqdef.f",1929,1940,"R8_CEQN","(SNFIA(I),I=1,110)",53,"591","numeric",591,,"38548071d5aa652bb90c7f111f86b427f798a1c9"
"voleqdef.f",1929,1940,"R8_CEQN","(SNFIA(I),I=1,110)",54,"601","numeric",601,,"38548071d5aa652bb90c7f111f86b427f798a1c9"
"voleqdef.f",1929,1940,"R8_CEQN","(SNFIA(I),I=1,110)",55,"602","numeric",602,,"38548071d5aa652bb90c7f111f86b427f798a1c9"
"voleqdef.f",1929,1940,"R8_CEQN","(SNFIA(I),I=1,110)",56,"611","numeric",611,,"38548071d5aa652bb90c7f111f86b427f798a1c9"
"voleqdef.f",1929,1940,"R8_CEQN","(SNFIA(I),I=1,110)",57,"621","numeric",621,,"38548071d5aa652bb90c7f111f86b427f798a1c9"
"voleqdef.f",1929,1940,"R8_CEQN","(SNFIA(I),I=1,110)",58,"650","numeric",650,,"38548071d5aa652bb90c7f111f86b427f798a1c9"
"voleqdef.f",1929,1940,"R8_CEQN","(SNFIA(I),I=1,110)",59,"651","numeric",651,,"38548071d5aa652bb90c7f111f86b427f798a1c9"
"voleqdef.f",1929,1940,"R8_CEQN","(SNFIA(I),I=1,110)",60,"652","numeric",652,,"38548071d5aa652bb90c7f111f86b427f798a1c9"
"voleqdef.f",1929,1940,"R8_CEQN","(SNFIA(I),I=1,110)",61,"653","numeric",653,,"38548071d5aa652bb90c7f111f86b427f798a1c9"
"voleqdef.f",1929,1940,"R8_CEQN","(SNFIA(I),I=1,110)",62,"654","numeric",654,,"38548071d5aa652bb90c7f111f86b427f798a1c9"
"voleqdef.f",1929,1940,"R8_CEQN","(SNFIA(I),I=1,110)",63,"660","numeric",660,,"38548071d5aa652bb90c7f111f86b427f798a1c9"
"voleqdef.f",1929,1940,"R8_CEQN","(SNFIA(I),I=1,110)",64,"680","numeric",680,,"38548071d5aa652bb90c7f111f86b427f798a1c9"
"voleqdef.f",1929,1940,"R8_CEQN","(SNFIA(I),I=1,110)",65,"691","numeric",691,,"38548071d5aa652bb90c7f111f86b427f798a1c9"
"voleqdef.f",1929,1940,"R8_CEQN","(SNFIA(I),I=1,110)",66,"693","numeric",693,,"38548071d5aa652bb90c7f111f86b427f798a1c9"
"voleqdef.f",1929,1940,"R8_CEQN","(SNFIA(I),I=1,110)",67,"694","numeric",694,,"38548071d5aa652bb90c7f111f86b427f798a1c9"
"voleqdef.f",1929,1940,"R8_CEQN","(SNFIA(I),I=1,110)",68,"701","numeric",701,,"38548071d5aa652bb90c7f111f86b427f798a1c9"
"voleqdef.f",1929,1940,"R8_CEQN","(SNFIA(I),I=1,110)",69,"711","numeric",711,,"38548071d5aa652bb90c7f111f86b427f798a1c9"
"voleqdef.f",1929,1940,"R8_CEQN","(SNFIA(I),I=1,110)",70,"721","numeric",721,,"38548071d5aa652bb90c7f111f86b427f798a1c9"
"voleqdef.f",1929,1940,"R8_CEQN","(SNFIA(I),I=1,110)",71,"731","numeric",731,,"38548071d5aa652bb90c7f111f86b427f798a1c9"
"voleqdef.f",1929,1940,"R8_CEQN","(SNFIA(I),I=1,110)",72,"740","numeric",740,,"38548071d5aa652bb90c7f111f86b427f798a1c9"
"voleqdef.f",1929,1940,"R8_CEQN","(SNFIA(I),I=1,110)",73,"742","numeric",742,,"38548071d5aa652bb90c7f111f86b427f798a1c9"
"voleqdef.f",1929,1940,"R8_CEQN","(SNFIA(I),I=1,110)",74,"743","numeric",743,,"38548071d5aa652bb90c7f111f86b427f798a1c9"
"voleqdef.f",1929,1940,"R8_CEQN","(SNFIA(I),I=1,110)",75,"762","numeric",762,,"38548071d5aa652bb90c7f111f86b427f798a1c9"
"voleqdef.f",1929,1940,"R8_CEQN","(SNFIA(I),I=1,110)",76,"800","numeric",800,,"38548071d5aa652bb90c7f111f86b427f798a1c9"
"voleqdef.f",1929,1940,"R8_CEQN","(SNFIA(I),I=1,110)",77,"802","numeric",802,,"38548071d5aa652bb90c7f111f86b427f798a1c9"
"voleqdef.f",1929,1940,"R8_CEQN","(SNFIA(I),I=1,110)",78,"804","numeric",804,,"38548071d5aa652bb90c7f111f86b427f798a1c9"
"voleqdef.f",1929,1940,"R8_CEQN","(SNFIA(I),I=1,110)",79,"806","numeric",806,,"38548071d5aa652bb90c7f111f86b427f798a1c9"
"voleqdef.f",1929,1940,"R8_CEQN","(SNFIA(I),I=1,110)",80,"812","numeric",812,,"38548071d5aa652bb90c7f111f86b427f798a1c9"
"voleqdef.f",1929,1940,"R8_CEQN","(SNFIA(I),I=1,110)",81,"813","numeric",813,,"38548071d5aa652bb90c7f111f86b427f798a1c9"
"voleqdef.f",1929,1940,"R8_CEQN","(SNFIA(I),I=1,110)",82,"817","numeric",817,,"38548071d5aa652bb90c7f111f86b427f798a1c9"
"voleqdef.f",1929,1940,"R8_CEQN","(SNFIA(I),I=1,110)",83,"819","numeric",819,,"38548071d5aa652bb90c7f111f86b427f798a1c9"
"voleqdef.f",1929,1940,"R8_CEQN","(SNFIA(I),I=1,110)",84,"820","numeric",820,,"38548071d5aa652bb90c7f111f86b427f798a1c9"
"voleqdef.f",1929,1940,"R8_CEQN","(SNFIA(I),I=1,110)",85,"822","numeric",822,,"38548071d5aa652bb90c7f111f86b427f798a1c9"
"voleqdef.f",1929,1940,"R8_CEQN","(SNFIA(I),I=1,110)",86,"823","numeric",823,,"38548071d5aa652bb90c7f111f86b427f798a1c9"
"voleqdef.f",1929,1940,"R8_CEQN","(SNFIA(I),I=1,110)",87,"824","numeric",824,,"38548071d5aa652bb90c7f111f86b427f798a1c9"
"voleqdef.f",1929,1940,"R8_CEQN","(SNFIA(I),I=1,110)",88,"825","numeric",825,,"38548071d5aa652bb90c7f111f86b427f798a1c9"
"voleqdef.f",1929,1940,"R8_CEQN","(SNFIA(I),I=1,110)",89,"826","numeric",826,,"38548071d5aa652bb90c7f111f86b427f798a1c9"
"voleqdef.f",1929,1940,"R8_CEQN","(SNFIA(I),I=1,110)",90,"827","numeric",827,,"38548071d5aa652bb90c7f111f86b427f798a1c9"
"voleqdef.f",1929,1940,"R8_CEQN","(SNFIA(I),I=1,110)",91,"828","numeric",828,,"38548071d5aa652bb90c7f111f86b427f798a1c9"
"voleqdef.f",1929,1940,"R8_CEQN","(SNFIA(I),I=1,110)",92,"830","numeric",830,,"38548071d5aa652bb90c7f111f86b427f798a1c9"
"voleqdef.f",1929,1940,"R8_CEQN","(SNFIA(I),I=1,110)",93,"831","numeric",831,,"38548071d5aa652bb90c7f111f86b427f798a1c9"
"voleqdef.f",1929,1940,"R8_CEQN","(SNFIA(I),I=1,110)",94,"832","numeric",832,,"38548071d5aa652bb90c7f111f86b427f798a1c9"
"voleqdef.f",1929,1940,"R8_CEQN","(SNFIA(I),I=1,110)",95,"833","numeric",833,,"38548071d5aa652bb90c7f111f86b427f798a1c9"
"voleqdef.f",1929,1940,"R8_CEQN","(SNFIA(I),I=1,110)",96,"834","numeric",834,,"38548071d5aa652bb90c7f111f86b427f798a1c9"
"voleqdef.f",1929,1940,"R8_CEQN","(SNFIA(I),I=1,110)",97,"835","numeric",835,,"38548071d5aa652bb90c7f111f86b427f798a1c9"
"voleqdef.f",1929,1940,"R8_CEQN","(SNFIA(I),I=1,110)",98,"837","numeric",837,,"38548071d5aa652bb90c7f111f86b427f798a1c9"
"voleqdef.f",1929,1940,"R8_CEQN","(SNFIA(I),I=1,110)",99,"838","numeric",838,,"38548071d5aa652bb90c7f111f86b427f798a1c9"
"voleqdef.f",1929,1940,"R8_CEQN","(SNFIA(I),I=1,110)",100,"901","numeric",901,,"38548071d5aa652bb90c7f111f86b427f798a1c9"
"voleqdef.f",1929,1940,"R8_CEQN","(SNFIA(I),I=1,110)",101,"920","numeric",920,,"38548071d5aa652bb90c7f111f86b427f798a1c9"
"voleqdef.f",1929,1940,"R8_CEQN","(SNFIA(I),I=1,110)",102,"930","numeric",930,,"38548071d5aa652bb90c7f111f86b427f798a1c9"
"voleqdef.f",1929,1940,"R8_CEQN","(SNFIA(I),I=1,110)",103,"931","numeric",931,,"38548071d5aa652bb90c7f111f86b427f798a1c9"
"voleqdef.f",1929,1940,"R8_CEQN","(SNFIA(I),I=1,110)",104,"950","numeric",950,,"38548071d5aa652bb90c7f111f86b427f798a1c9"
"voleqdef.f",1929,1940,"R8_CEQN","(SNFIA(I),I=1,110)",105,"970","numeric",970,,"38548071d5aa652bb90c7f111f86b427f798a1c9"
"voleqdef.f",1929,1940,"R8_CEQN","(SNFIA(I),I=1,110)",106,"971","numeric",971,,"38548071d5aa652bb90c7f111f86b427f798a1c9"
"voleqdef.f",1929,1940,"R8_CEQN","(SNFIA(I),I=1,110)",107,"972","numeric",972,,"38548071d5aa652bb90c7f111f86b427f798a1c9"
"voleqdef.f",1929,1940,"R8_CEQN","(SNFIA(I),I=1,110)",108,"975","numeric",975,,"38548071d5aa652bb90c7f111f86b427f798a1c9"
"voleqdef.f",1929,1940,"R8_CEQN","(SNFIA(I),I=1,110)",109,"998","numeric",998,,"38548071d5aa652bb90c7f111f86b427f798a1c9"
"voleqdef.f",1929,1940,"R8_CEQN","(SNFIA(I),I=1,110)",110,"999","numeric",999,,"38548071d5aa652bb90c7f111f86b427f798a1c9"
"voleqdef.f",1941,1952,"R8_CEQN","(SNSP(I), I=1,110)",1,"'261'","character",,"261","38548071d5aa652bb90c7f111f86b427f798a1c9"
"voleqdef.f",1941,1952,"R8_CEQN","(SNSP(I), I=1,110)",2,"'100'","character",,"100","38548071d5aa652bb90c7f111f86b427f798a1c9"
"voleqdef.f",1941,1952,"R8_CEQN","(SNSP(I), I=1,110)",3,"'115'","character",,"115","38548071d5aa652bb90c7f111f86b427f798a1c9"
"voleqdef.f",1941,1952,"R8_CEQN","(SNSP(I), I=1,110)",4,"'100'","character",,"100","38548071d5aa652bb90c7f111f86b427f798a1c9"
"voleqdef.f",1941,1952,"R8_CEQN","(SNSP(I), I=1,110)",5,"'107'","character",,"107","38548071d5aa652bb90c7f111f86b427f798a1c9"
"voleqdef.f",1941,1952,"R8_CEQN","(SNSP(I), I=1,110)",6,"'110'","character",,"110","38548071d5aa652bb90c7f111f86b427f798a1c9"
"voleqdef.f",1941,1952,"R8_CEQN","(SNSP(I), I=1,110)",7,"'111'","character",,"111","38548071d5aa652bb90c7f111f86b427f798a1c9"
"voleqdef.f",1941,1952,"R8_CEQN","(SNSP(I), I=1,110)",8,"'115'","character",,"115","38548071d5aa652bb90c7f111f86b427f798a1c9"
"voleqdef.f",1941,1952,"R8_CEQN","(SNSP(I), I=1,110)",9,"'121'","character",,"121","38548071d5aa652bb90c7f111f86b427f798a1c9"
"voleqdef.f",1941,1952,"R8_CEQN","(SNSP(I), I=1,110)",10,"'123'","character",,"123","38548071d5aa652bb90c7f111f86b427f798a1c9"
"voleqdef.f",1941,1952,"R8_CEQN","(SNSP(I), I=1,110)",11,"'126'","character",,"126","38548071d5aa652bb90c7f111f86b427f798a1c9"
"voleqdef.f",1941,1952,"R8_CEQN","(SNSP(I), I=1,110)",12,"'128'","character",,"128","38548071d5aa652bb90c7f111f86b427f798a1c9"
"voleqdef.f",1941,1952,"R8_CEQN","(SNSP(I), I=1,110)",13,"'129'","character",,"129","38548071d5aa652bb90c7f111f86b427f798a1c9"
"voleqdef.f",1941,1952,"R8_CEQN","(SNSP(I), I=1,110)",14,"'132'","character",,"132","38548071d5aa652bb90c7f111f86b427f798a1c9"
"voleqdef.f",1941,1952,"R8_CEQN","(SNSP(I), I=1,110)",15,"'131'","character",,"131","38548071d5aa652bb90c7f111f86b427f798a1c9"
"voleqdef.f",1941,1952,"R8_CEQN","(SNSP(I), I=1,110)",16,"'132'","character",,"132","38548071d5aa652bb90c7f111f86b427f798a1c9"
"voleqdef.f",1941,1952,"R8_CEQN","(SNSP(I), I=1,110)",17,"'197'","character",,"197","38548071d5aa652bb90c7f111f86b427f798a1c9"
"voleqdef.f",1941,1952,"R8_CEQN","(SNSP(I), I=1,110)",18,"'221'","character",,"221","38548071d5aa652bb90c7f111f86b427f798a1c9"
"voleqdef.f",1941,1952,"R8_CEQN","(SNSP(I), I=1,110)",19,"'222'","character",,"222","38548071d5aa652bb90c7f111f86b427f798a1c9"
"voleqdef.f",1941,1952,"R8_CEQN","(SNSP(I), I=1,110)",20,"'261'","character",,"261","38548071d5aa652bb90c7f111f86b427f798a1c9"
"voleqdef.f",1941,1952,"R8_CEQN","(SNSP(I), I=1,110)",21,"'261'","character",,"261","38548071d5aa652bb90c7f111f86b427f798a1c9"
"voleqdef.f",1941,1952,"R8_CEQN","(SNSP(I), I=1,110)",22,"'132'","character",,"132","38548071d5aa652bb90c7f111f86b427f798a1c9"
"voleqdef.f",1941,1952,"R8_CEQN","(SNSP(I), I=1,110)",23,"'300'","character",,"300","38548071d5aa652bb90c7f111f86b427f798a1c9"
"voleqdef.f",1941,1952,"R8_CEQN","(SNSP(I), I=1,110)",24,"'500'","character",,"500","38548071d5aa652bb90c7f111f86b427f798a1c9"
"voleqdef.f",1941,1952,"R8_CEQN","(SNSP(I), I=1,110)",25,"'313'","character",,"313","38548071d5aa652bb90c7f111f86b427f798a1c9"
"voleqdef.f",1941,1952,"R8_CEQN","(SNSP(I), I=1,110)",26,"'314'","character",,"314","38548071d5aa652bb90c7f111f86b427f798a1c9"
"voleqdef.f",1941,1952,"R8_CEQN","(SNSP(I), I=1,110)",27,"'316'","character",,"316","38548071d5aa652bb90c7f111f86b427f798a1c9"
"voleqdef.f",1941,1952,"R8_CEQN","(SNSP(I), I=1,110)",28,"'317'","character",,"317","38548071d5aa652bb90c7f111f86b427f798a1c9"
"voleqdef.f",1941,1952,"R8_CEQN","(SNSP(I), I=1,110)",29,"'318'","character",,"318","38548071d5aa652bb90c7f111f86b427f798a1c9"
"voleqdef.f",1941,1952,"R8_CEQN","(SNSP(I), I=1,110)",30,"'330'","character",,"330","38548071d5aa652bb90c7f111f86b427f798a1c9"
"voleqdef.f",1941,1952,"R8_CEQN","(SNSP(I), I=1,110)",31,"'370'","character",,"370","38548071d5aa652bb90c7f111f86b427f798a1c9"
"voleqdef.f",1941,1952,"R8_CEQN","(SNSP(I), I=1,110)",32,"'370'","character",,"370","38548071d5aa652bb90c7f111f86b427f798a1c9"
"voleqdef.f",1941,1952,"R8_CEQN","(SNSP(I), I=1,110)",33,"'370'","character",,"370","38548071d5aa652bb90c7f111f86b427f798a1c9"
"voleqdef.f",1941,1952,"R8_CEQN","(SNSP(I), I=1,110)",34,"'400'","character",,"400","38548071d5aa652bb90c7f111f86b427f798a1c9"
"voleqdef.f",1941,1952,"R8_CEQN","(SNSP(I), I=1,110)",35,"'404'","character",,"404","38548071d5aa652bb90c7f111f86b427f798a1c9"
"voleqdef.f",1941,1952,"R8_CEQN","(SNSP(I), I=1,110)",36,"'300'","character",,"300","38548071d5aa652bb90c7f111f86b427f798a1c9"
"voleqdef.f",1941,1952,"R8_CEQN","(SNSP(I), I=1,110)",37,"'460'","character",,"460","38548071d5aa652bb90c7f111f86b427f798a1c9"
"voleqdef.f",1941,1952,"R8_CEQN","(SNSP(I), I=1,110)",38,"'300'","character",,"300","38548071d5aa652bb90c7f111f86b427f798a1c9"
"voleqdef.f",1941,1952,"R8_CEQN","(SNSP(I), I=1,110)",39,"'300'","character",,"300","38548071d5aa652bb90c7f111f86b427f798a1c9"
"voleqdef.f",1941,1952,"R8_CEQN","(SNSP(I), I=1,110)",40,"'500'","character",,"500","38548071d5aa652bb90c7f111f86b427f798a1c9"
"voleqdef.f",1941,1952,"R8_CEQN","(SNSP(I), I=1,110)",41,"'521'","character",,"521","38548071d5aa652bb90c7f111f86b427f798a1c9"
"voleqdef.f",1941,1952,"R8_CEQN","(SNSP(I), I=1,110)",42,"'531'","character",,"531","38548071d5aa652bb90c7f111f86b427f798a1c9"
"voleqdef.f",1941,1952,"R8_CEQN","(SNSP(I), I=1,110)",43,"'541'","character",,"541","38548071d5aa652bb90c7f111f86b427f798a1c9"
"voleqdef.f",1941,1952,"R8_CEQN","(SNSP(I), I=1,110)",44,"'541'","character",,"541","38548071d5aa652bb90c7f111f86b427f798a1c9"
"voleqdef.f",1941,1952,"R8_CEQN","(SNSP(I), I=1,110)",45,"'300'","character",,"300","38548071d5aa652bb90c7f111f86b427f798a1c9"
"voleqdef.f",1941,1952,"R8_CEQN","(SNSP(I), I=1,110)",46,"'544'","character",,"544","38548071d5aa652bb90c7f111f86b427f798a1c9"
"voleqdef.f",1941,1952,"R8_CEQN","(SNSP(I), I=1,110)",47,"'545'","character",,"545","38548071d5aa652bb90c7f111f86b427f798a1c9"
"voleqdef.f",1941,1952,"R8_CEQN","(SNSP(I), I=1,110)",48,"'546'","character",,"546","38548071d5aa652bb90c7f111f86b427f798a1c9"
"voleqdef.f",1941,1952,"R8_CEQN","(SNSP(I), I=1,110)",49,"'550'","character",,"550","38548071d5aa652bb90c7f111f86b427f798a1c9"
"voleqdef.f",1941,1952,"R8_CEQN","(SNSP(I), I=1,110)",50,"'500'","character",,"500","38548071d5aa652bb90c7f111f86b427f798a1c9"
"voleqdef.f",1941,1952,"R8_CEQN","(SNSP(I), I=1,110)",51,"'300'","character",,"300","38548071d5aa652bb90c7f111f86b427f798a1c9"
"voleqdef.f",1941,1952,"R8_CEQN","(SNSP(I), I=1,110)",52,"'580'","character",,"580","38548071d5aa652bb90c7f111f86b427f798a1c9"
"voleqdef.f",1941,1952,"R8_CEQN","(SNSP(I), I=1,110)",53,"'300'","character",,"300","38548071d5aa652bb90c7f111f86b427f798a1c9"
"voleqdef.f",1941,1952,"R8_CEQN","(SNSP(I), I=1,110)",54,"'601'","character",,"601","38548071d5aa652bb90c7f111f86b427f798a1c9"
"voleqdef.f",1941,1952,"R8_CEQN","(SNSP(I), I=1,110)",55,"'602'","character",,"602","38548071d5aa652bb90c7f111f86b427f798a1c9"
"voleqdef.f",1941,1952,"R8_CEQN","(SNSP(I), I=1,110)",56,"'611'","character",,"611","38548071d5aa652bb90c7f111f86b427f798a1c9"
"voleqdef.f",1941,1952,"R8_CEQN","(SNSP(I), I=1,110)",57,"'621'","character",,"621","38548071d5aa652bb90c7f111f86b427f798a1c9"
"voleqdef.f",1941,1952,"R8_CEQN","(SNSP(I), I=1,110)",58,"'650'","character",,"650","38548071d5aa652bb90c7f111f86b427f798a1c9"
"voleqdef.f",1941,1952,"R8_CEQN","(SNSP(I), I=1,110)",59,"'651'","character",,"651","38548071d5aa652bb90c7f111f86b427f798a1c9"
"voleqdef.f",1941,1952,"R8_CEQN","(SNSP(I), I=1,110)",60,"'652'","character",,"652","38548071d5aa652bb90c7f111f86b427f798a1c9"
"voleqdef.f",1941,1952,"R8_CEQN","(SNSP(I), I=1,110)",61,"'653'","character",,"653","38548071d5aa652bb90c7f111f86b427f798a1c9"
"voleqdef.f",1941,1952,"R8_CEQN","(SNSP(I), I=1,110)",62,"'300'","character",,"300","38548071d5aa652bb90c7f111f86b427f798a1c9"
"voleqdef.f",1941,1952,"R8_CEQN","(SNSP(I), I=1,110)",63,"'300'","character",,"300","38548071d5aa652bb90c7f111f86b427f798a1c9"
"voleqdef.f",1941,1952,"R8_CEQN","(SNSP(I), I=1,110)",64,"'300'","character",,"300","38548071d5aa652bb90c7f111f86b427f798a1c9"
"voleqdef.f",1941,1952,"R8_CEQN","(SNSP(I), I=1,110)",65,"'691'","character",,"691","38548071d5aa652bb90c7f111f86b427f798a1c9"
"voleqdef.f",1941,1952,"R8_CEQN","(SNSP(I), I=1,110)",66,"'693'","character",,"693","38548071d5aa652bb90c7f111f86b427f798a1c9"
"voleqdef.f",1941,1952,"R8_CEQN","(SNSP(I), I=1,110)",67,"'694'","character",,"694","38548071d5aa652bb90c7f111f86b427f798a1c9"
"voleqdef.f",1941,1952,"R8_CEQN","(SNSP(I), I=1,110)",68,"'500'","character",,"500","38548071d5aa652bb90c7f111f86b427f798a1c9"
"voleqdef.f",1941,1952,"R8_CEQN","(SNSP(I), I=1,110)",69,"'711'","character",,"711","38548071d5aa652bb90c7f111f86b427f798a1c9"
"voleqdef.f",1941,1952,"R8_CEQN","(SNSP(I), I=1,110)",70,"'300'","character",,"300","38548071d5aa652bb90c7f111f86b427f798a1c9"
"voleqdef.f",1941,1952,"R8_CEQN","(SNSP(I), I=1,110)",71,"'731'","character",,"731","38548071d5aa652bb90c7f111f86b427f798a1c9"
"voleqdef.f",1941,1952,"R8_CEQN","(SNSP(I), I=1,110)",72,"'300'","character",,"300","38548071d5aa652bb90c7f111f86b427f798a1c9"
"voleqdef.f",1941,1952,"R8_CEQN","(SNSP(I), I=1,110)",73,"'742'","character",,"742","38548071d5aa652bb90c7f111f86b427f798a1c9"
"voleqdef.f",1941,1952,"R8_CEQN","(SNSP(I), I=1,110)",74,"'300'","character",,"300","38548071d5aa652bb90c7f111f86b427f798a1c9"
"voleqdef.f",1941,1952,"R8_CEQN","(SNSP(I), I=1,110)",75,"'762'","character",,"762","38548071d5aa652bb90c7f111f86b427f798a1c9"
"voleqdef.f",1941,1952,"R8_CEQN","(SNSP(I), I=1,110)",76,"'800'","character",,"800","38548071d5aa652bb90c7f111f86b427f798a1c9"
"voleqdef.f",1941,1952,"R8_CEQN","(SNSP(I), I=1,110)",77,"'802'","character",,"802","38548071d5aa652bb90c7f111f86b427f798a1c9"
"voleqdef.f",1941,1952,"R8_CEQN","(SNSP(I), I=1,110)",78,"'804'","character",,"804","38548071d5aa652bb90c7f111f86b427f798a1c9"
"voleqdef.f",1941,1952,"R8_CEQN","(SNSP(I), I=1,110)",79,"'806'","character",,"806","38548071d5aa652bb90c7f111f86b427f798a1c9"
"voleqdef.f",1941,1952,"R8_CEQN","(SNSP(I), I=1,110)",80,"'812'","character",,"812","38548071d5aa652bb90c7f111f86b427f798a1c9"
"voleqdef.f",1941,1952,"R8_CEQN","(SNSP(I), I=1,110)",81,"'813'","character",,"813","38548071d5aa652bb90c7f111f86b427f798a1c9"
"voleqdef.f",1941,1952,"R8_CEQN","(SNSP(I), I=1,110)",82,"'817'","character",,"817","38548071d5aa652bb90c7f111f86b427f798a1c9"
"voleqdef.f",1941,1952,"R8_CEQN","(SNSP(I), I=1,110)",83,"'800'","character",,"800","38548071d5aa652bb90c7f111f86b427f798a1c9"
"voleqdef.f",1941,1952,"R8_CEQN","(SNSP(I), I=1,110)",84,"'820'","character",,"820","38548071d5aa652bb90c7f111f86b427f798a1c9"
"voleqdef.f",1941,1952,"R8_CEQN","(SNSP(I), I=1,110)",85,"'822'","character",,"822","38548071d5aa652bb90c7f111f86b427f798a1c9"
"voleqdef.f",1941,1952,"R8_CEQN","(SNSP(I), I=1,110)",86,"'823'","character",,"823","38548071d5aa652bb90c7f111f86b427f798a1c9"
"voleqdef.f",1941,1952,"R8_CEQN","(SNSP(I), I=1,110)",87,"'800'","character",,"800","38548071d5aa652bb90c7f111f86b427f798a1c9"
"voleqdef.f",1941,1952,"R8_CEQN","(SNSP(I), I=1,110)",88,"'825'","character",,"825","38548071d5aa652bb90c7f111f86b427f798a1c9"
"voleqdef.f",1941,1952,"R8_CEQN","(SNSP(I), I=1,110)",89,"'826'","character",,"826","38548071d5aa652bb90c7f111f86b427f798a1c9"
"voleqdef.f",1941,1952,"R8_CEQN","(SNSP(I), I=1,110)",90,"'827'","character",,"827","38548071d5aa652bb90c7f111f86b427f798a1c9"
"voleqdef.f",1941,1952,"R8_CEQN","(SNSP(I), I=1,110)",91,"'828'","character",,"828","38548071d5aa652bb90c7f111f86b427f798a1c9"
"voleqdef.f",1941,1952,"R8_CEQN","(SNSP(I), I=1,110)",92,"'830'","character",,"830","38548071d5aa652bb90c7f111f86b427f798a1c9"
"voleqdef.f",1941,1952,"R8_CEQN","(SNSP(I), I=1,110)",93,"'831'","character",,"831","38548071d5aa652bb90c7f111f86b427f798a1c9"
"voleqdef.f",1941,1952,"R8_CEQN","(SNSP(I), I=1,110)",94,"'832'","character",,"832","38548071d5aa652bb90c7f111f86b427f798a1c9"
"voleqdef.f",1941,1952,"R8_CEQN","(SNSP(I), I=1,110)",95,"'833'","character",,"833","38548071d5aa652bb90c7f111f86b427f798a1c9"
"voleqdef.f",1941,1952,"R8_CEQN","(SNSP(I), I=1,110)",96,"'834'","character",,"834","38548071d5aa652bb90c7f111f86b427f798a1c9"
"voleqdef.f",1941,1952,"R8_CEQN","(SNSP(I), I=1,110)",97,"'835'","character",,"835","38548071d5aa652bb90c7f111f86b427f798a1c9"
"voleqdef.f",1941,1952,"R8_CEQN","(SNSP(I), I=1,110)",98,"'837'","character",,"837","38548071d5aa652bb90c7f111f86b427f798a1c9"
"voleqdef.f",1941,1952,"R8_CEQN","(SNSP(I), I=1,110)",99,"'835'","character",,"835","38548071d5aa652bb90c7f111f86b427f798a1c9"
"voleqdef.f",1941,1952,"R8_CEQN","(SNSP(I), I=1,110)",100,"'901'","character",,"901","38548071d5aa652bb90c7f111f86b427f798a1c9"
"voleqdef.f",1941,1952,"R8_CEQN","(SNSP(I), I=1,110)",101,"'920'","character",,"920","38548071d5aa652bb90c7f111f86b427f798a1c9"
"voleqdef.f",1941,1952,"R8_CEQN","(SNSP(I), I=1,110)",102,"'930'","character",,"930","38548071d5aa652bb90c7f111f86b427f798a1c9"
"voleqdef.f",1941,1952,"R8_CEQN","(SNSP(I), I=1,110)",103,"'300'","character",,"300","38548071d5aa652bb90c7f111f86b427f798a1c9"
"voleqdef.f",1941,1952,"R8_CEQN","(SNSP(I), I=1,110)",104,"'950'","character",,"950","38548071d5aa652bb90c7f111f86b427f798a1c9"
"voleqdef.f",1941,1952,"R8_CEQN","(SNSP(I), I=1,110)",105,"'970'","character",,"970","38548071d5aa652bb90c7f111f86b427f798a1c9"
"voleqdef.f",1941,1952,"R8_CEQN","(SNSP(I), I=1,110)",106,"'970'","character",,"970","38548071d5aa652bb90c7f111f86b427f798a1c9"
"voleqdef.f",1941,1952,"R8_CEQN","(SNSP(I), I=1,110)",107,"'970'","character",,"970","38548071d5aa652bb90c7f111f86b427f798a1c9"
"voleqdef.f",1941,1952,"R8_CEQN","(SNSP(I), I=1,110)",108,"'970'","character",,"970","38548071d5aa652bb90c7f111f86b427f798a1c9"
"voleqdef.f",1941,1952,"R8_CEQN","(SNSP(I), I=1,110)",109,"'300'","character",,"300","38548071d5aa652bb90c7f111f86b427f798a1c9"
"voleqdef.f",1941,1952,"R8_CEQN","(SNSP(I), I=1,110)",110,"'300'","character",,"300","38548071d5aa652bb90c7f111f86b427f798a1c9"
"voleqdef.f",1954,1954,"R8_CEQN","TOPCODE",1,"'1'","character",,"1","38548071d5aa652bb90c7f111f86b427f798a1c9"
"voleqdef.f",1954,1954,"R8_CEQN","TOPCODE",2,"'4'","character",,"4","38548071d5aa652bb90c7f111f86b427f798a1c9"
"voleqdef.f",1954,1954,"R8_CEQN","TOPCODE",3,"'7'","character",,"7","38548071d5aa652bb90c7f111f86b427f798a1c9"
"voleqdef.f",1954,1954,"R8_CEQN","TOPCODE",4,"'8'","character",,"8","38548071d5aa652bb90c7f111f86b427f798a1c9"
"voleqdef.f",1954,1954,"R8_CEQN","TOPCODE",5,"'9'","character",,"9","38548071d5aa652bb90c7f111f86b427f798a1c9"
"voleqdef.f",2104,2111,"R9_EQN","(LSSP(I), I=1,69)",1,"'012'","character",,"012","38548071d5aa652bb90c7f111f86b427f798a1c9"
"voleqdef.f",2104,2111,"R9_EQN","(LSSP(I), I=1,69)",2,"'068'","character",,"068","38548071d5aa652bb90c7f111f86b427f798a1c9"
"voleqdef.f",2104,2111,"R9_EQN","(LSSP(I), I=1,69)",3,"'071'","character",,"071","38548071d5aa652bb90c7f111f86b427f798a1c9"
"voleqdef.f",2104,2111,"R9_EQN","(LSSP(I), I=1,69)",4,"'091'","character",,"091","38548071d5aa652bb90c7f111f86b427f798a1c9"
"voleqdef.f",2104,2111,"R9_EQN","(LSSP(I), I=1,69)",5,"'094'","character",,"094","38548071d5aa652bb90c7f111f86b427f798a1c9"
"voleqdef.f",2104,2111,"R9_EQN","(LSSP(I), I=1,69)",6,"'095'","character",,"095","38548071d5aa652bb90c7f111f86b427f798a1c9"
"voleqdef.f",2104,2111,"R9_EQN","(LSSP(I), I=1,69)",7,"'105'","character",,"105","38548071d5aa652bb90c7f111f86b427f798a1c9"
"voleqdef.f",2104,2111,"R9_EQN","(LSSP(I), I=1,69)",8,"'125'","character",,"125","38548071d5aa652bb90c7f111f86b427f798a1c9"
"voleqdef.f",2104,2111,"R9_EQN","(LSSP(I), I=1,69)",9,"'125'","character",,"125","38548071d5aa652bb90c7f111f86b427f798a1c9"
"voleqdef.f",2104,2111,"R9_EQN","(LSSP(I), I=1,69)",10,"'129'","character",,"129","38548071d5aa652bb90c7f111f86b427f798a1c9"
"voleqdef.f",2104,2111,"R9_EQN","(LSSP(I), I=1,69)",11,"'130'","character",,"130","38548071d5aa652bb90c7f111f86b427f798a1c9"
"voleqdef.f",2104,2111,"R9_EQN","(LSSP(I), I=1,69)",12,"'241'","character",,"241","38548071d5aa652bb90c7f111f86b427f798a1c9"
"voleqdef.f",2104,2111,"R9_EQN","(LSSP(I), I=1,69)",13,"'261'","character",,"261","38548071d5aa652bb90c7f111f86b427f798a1c9"
"voleqdef.f",2104,2111,"R9_EQN","(LSSP(I), I=1,69)",14,"'001'","character",,"001","38548071d5aa652bb90c7f111f86b427f798a1c9"
"voleqdef.f",2104,2111,"R9_EQN","(LSSP(I), I=1,69)",15,"'313'","character",,"313","38548071d5aa652bb90c7f111f86b427f798a1c9"
"voleqdef.f",2104,2111,"R9_EQN","(LSSP(I), I=1,69)",16,"'314'","character",,"314","38548071d5aa652bb90c7f111f86b427f798a1c9"
"voleqdef.f",2104,2111,"R9_EQN","(LSSP(I), I=1,69)",17,"'315'","character",,"315","38548071d5aa652bb90c7f111f86b427f798a1c9"
"voleqdef.f",2104,2111,"R9_EQN","(LSSP(I), I=1,69)",18,"'316'","character",,"316","38548071d5aa652bb90c7f111f86b427f798a1c9"
"voleqdef.f",2104,2111,"R9_EQN","(LSSP(I), I=1,69)",19,"'317'","character",,"317","38548071d5aa652bb90c7f111f86b427f798a1c9"
"voleqdef.f",2104,2111,"R9_EQN","(LSSP(I), I=1,69)",20,"'318'","character",,"318","38548071d5aa652bb90c7f111f86b427f798a1c9"
"voleqdef.f",2104,2111,"R9_EQN","(LSSP(I), I=1,69)",21,"'319'","character",,"319","38548071d5aa652bb90c7f111f86b427f798a1c9"
"voleqdef.f",2104,2111,"R9_EQN","(LSSP(I), I=1,69)",22,"'371'","character",,"371","38548071d5aa652bb90c7f111f86b427f798a1c9"
"voleqdef.f",2104,2111,"R9_EQN","(LSSP(I), I=1,69)",23,"'375'","character",,"375","38548071d5aa652bb90c7f111f86b427f798a1c9"
"voleqdef.f",2104,2111,"R9_EQN","(LSSP(I), I=1,69)",24,"'391'","character",,"391","38548071d5aa652bb90c7f111f86b427f798a1c9"
"voleqdef.f",2104,2111,"R9_EQN","(LSSP(I), I=1,69)",25,"'402'","character",,"402","38548071d5aa652bb90c7f111f86b427f798a1c9"
"voleqdef.f",2104,2111,"R9_EQN","(LSSP(I), I=1,69)",26,"'403'","character",,"403","38548071d5aa652bb90c7f111f86b427f798a1c9"
"voleqdef.f",2104,2111,"R9_EQN","(LSSP(I), I=1,69)",27,"'407'","character",,"407","38548071d5aa652bb90c7f111f86b427f798a1c9"
"voleqdef.f",2104,2111,"R9_EQN","(LSSP(I), I=1,69)",28,"'421'","character",,"421","38548071d5aa652bb90c7f111f86b427f798a1c9"
"voleqdef.f",2104,2111,"R9_EQN","(LSSP(I), I=1,69)",29,"'462'","character",,"462","38548071d5aa652bb90c7f111f86b427f798a1c9"
"voleqdef.f",2104,2111,"R9_EQN","(LSSP(I), I=1,69)",30,"'491'","character",,"491","38548071d5aa652bb90c7f111f86b427f798a1c9"
"voleqdef.f",2104,2111,"R9_EQN","(LSSP(I), I=1,69)",31,"'500'","character",,"500","38548071d5aa652bb90c7f111f86b427f798a1c9"
"voleqdef.f",2104,2111,"R9_EQN","(LSSP(I), I=1,69)",32,"'531'","character",,"531","38548071d5aa652bb90c7f111f86b427f798a1c9"
"voleqdef.f",2104,2111,"R9_EQN","(LSSP(I), I=1,69)",33,"'541'","character",,"541","38548071d5aa652bb90c7f111f86b427f798a1c9"
"voleqdef.f",2104,2111,"R9_EQN","(LSSP(I), I=1,69)",34,"'543'","character",,"543","38548071d5aa652bb90c7f111f86b427f798a1c9"
"voleqdef.f",2104,2111,"R9_EQN","(LSSP(I), I=1,69)",35,"'544'","character",,"544","38548071d5aa652bb90c7f111f86b427f798a1c9"
"voleqdef.f",2104,2111,"R9_EQN","(LSSP(I), I=1,69)",36,"'601'","character",,"601","38548071d5aa652bb90c7f111f86b427f798a1c9"
"voleqdef.f",2104,2111,"R9_EQN","(LSSP(I), I=1,69)",37,"'602'","character",,"602","38548071d5aa652bb90c7f111f86b427f798a1c9"
"voleqdef.f",2104,2111,"R9_EQN","(LSSP(I), I=1,69)",38,"'660'","character",,"660","38548071d5aa652bb90c7f111f86b427f798a1c9"
"voleqdef.f",2104,2111,"R9_EQN","(LSSP(I), I=1,69)",39,"'693'","character",,"693","38548071d5aa652bb90c7f111f86b427f798a1c9"
"voleqdef.f",2104,2111,"R9_EQN","(LSSP(I), I=1,69)",40,"'701'","character",,"701","38548071d5aa652bb90c7f111f86b427f798a1c9"
"voleqdef.f",2104,2111,"R9_EQN","(LSSP(I), I=1,69)",41,"'731'","character",,"731","38548071d5aa652bb90c7f111f86b427f798a1c9"
"voleqdef.f",2104,2111,"R9_EQN","(LSSP(I), I=1,69)",42,"'741'","character",,"741","38548071d5aa652bb90c7f111f86b427f798a1c9"
"voleqdef.f",2104,2111,"R9_EQN","(LSSP(I), I=1,69)",43,"'742'","character",,"742","38548071d5aa652bb90c7f111f86b427f798a1c9"
"voleqdef.f",2104,2111,"R9_EQN","(LSSP(I), I=1,69)",44,"'743'","character",,"743","38548071d5aa652bb90c7f111f86b427f798a1c9"
"voleqdef.f",2104,2111,"R9_EQN","(LSSP(I), I=1,69)",45,"'746'","character",,"746","38548071d5aa652bb90c7f111f86b427f798a1c9"
"voleqdef.f",2104,2111,"R9_EQN","(LSSP(I), I=1,69)",46,"'766'","character",,"766","38548071d5aa652bb90c7f111f86b427f798a1c9"
"voleqdef.f",2104,2111,"R9_EQN","(LSSP(I), I=1,69)",47,"'761'","character",,"761","38548071d5aa652bb90c7f111f86b427f798a1c9"
"voleqdef.f",2104,2111,"R9_EQN","(LSSP(I), I=1,69)",48,"'762'","character",,"762","38548071d5aa652bb90c7f111f86b427f798a1c9"
"voleqdef.f",2104,2111,"R9_EQN","(LSSP(I), I=1,69)",49,"'763'","character",,"763","38548071d5aa652bb90c7f111f86b427f798a1c9"
"voleqdef.f",2104,2111,"R9_EQN","(LSSP(I), I=1,69)",50,"'766'","character",,"766","38548071d5aa652bb90c7f111f86b427f798a1c9"
"voleqdef.f",2104,2111,"R9_EQN","(LSSP(I), I=1,69)",51,"'802'","character",,"802","38548071d5aa652bb90c7f111f86b427f798a1c9"
"voleqdef.f",2104,2111,"R9_EQN","(LSSP(I), I=1,69)",52,"'804'","character",,"804","38548071d5aa652bb90c7f111f86b427f798a1c9"
"voleqdef.f",2104,2111,"R9_EQN","(LSSP(I), I=1,69)",53,"'809'","character",,"809","38548071d5aa652bb90c7f111f86b427f798a1c9"
"voleqdef.f",2104,2111,"R9_EQN","(LSSP(I), I=1,69)",54,"'823'","character",,"823","38548071d5aa652bb90c7f111f86b427f798a1c9"
"voleqdef.f",2104,2111,"R9_EQN","(LSSP(I), I=1,69)",55,"'826'","character",,"826","38548071d5aa652bb90c7f111f86b427f798a1c9"
"voleqdef.f",2104,2111,"R9_EQN","(LSSP(I), I=1,69)",56,"'833'","character",,"833","38548071d5aa652bb90c7f111f86b427f798a1c9"
"voleqdef.f",2104,2111,"R9_EQN","(LSSP(I), I=1,69)",57,"'837'","character",,"837","38548071d5aa652bb90c7f111f86b427f798a1c9"
"voleqdef.f",2104,2111,"R9_EQN","(LSSP(I), I=1,69)",58,"'901'","character",,"901","38548071d5aa652bb90c7f111f86b427f798a1c9"
"voleqdef.f",2104,2111,"R9_EQN","(LSSP(I), I=1,69)",59,"'920'","character",,"920","38548071d5aa652bb90c7f111f86b427f798a1c9"
"voleqdef.f",2104,2111,"R9_EQN","(LSSP(I), I=1,69)",60,"'922'","character",,"922","38548071d5aa652bb90c7f111f86b427f798a1c9"
"voleqdef.f",2104,2111,"R9_EQN","(LSSP(I), I=1,69)",61,"'923'","character",,"923","38548071d5aa652bb90c7f111f86b427f798a1c9"
"voleqdef.f",2104,2111,"R9_EQN","(LSSP(I), I=1,69)",62,"'931'","character",,"931","38548071d5aa652bb90c7f111f86b427f798a1c9"
"voleqdef.f",2104,2111,"R9_EQN","(LSSP(I), I=1,69)",63,"'935'","character",,"935","38548071d5aa652bb90c7f111f86b427f798a1c9"
"voleqdef.f",2104,2111,"R9_EQN","(LSSP(I), I=1,69)",64,"'951'","character",,"951","38548071d5aa652bb90c7f111f86b427f798a1c9"
"voleqdef.f",2104,2111,"R9_EQN","(LSSP(I), I=1,69)",65,"'972'","character",,"972","38548071d5aa652bb90c7f111f86b427f798a1c9"
"voleqdef.f",2104,2111,"R9_EQN","(LSSP(I), I=1,69)",66,"'975'","character",,"975","38548071d5aa652bb90c7f111f86b427f798a1c9"
"voleqdef.f",2104,2111,"R9_EQN","(LSSP(I), I=1,69)",67,"'977'","character",,"977","38548071d5aa652bb90c7f111f86b427f798a1c9"
"voleqdef.f",2104,2111,"R9_EQN","(LSSP(I), I=1,69)",68,"'300'","character",,"300","38548071d5aa652bb90c7f111f86b427f798a1c9"
"voleqdef.f",2104,2111,"R9_EQN","(LSSP(I), I=1,69)",69,"'999'","character",,"999","38548071d5aa652bb90c7f111f86b427f798a1c9"
"voleqdef.f",2113,2123,"R9_EQN","(CSSP(I), I=1,97)",1,"'068'","character",,"068","38548071d5aa652bb90c7f111f86b427f798a1c9"
"voleqdef.f",2113,2123,"R9_EQN","(CSSP(I), I=1,97)",2,"'068'","character",,"068","38548071d5aa652bb90c7f111f86b427f798a1c9"
"voleqdef.f",2113,2123,"R9_EQN","(CSSP(I), I=1,97)",3,"'110'","character",,"110","38548071d5aa652bb90c7f111f86b427f798a1c9"
"voleqdef.f",2113,2123,"R9_EQN","(CSSP(I), I=1,97)",4,"'129'","character",,"129","38548071d5aa652bb90c7f111f86b427f798a1c9"
"voleqdef.f",2113,2123,"R9_EQN","(CSSP(I), I=1,97)",5,"'131'","character",,"131","38548071d5aa652bb90c7f111f86b427f798a1c9"
"voleqdef.f",2113,2123,"R9_EQN","(CSSP(I), I=1,97)",6,"'132'","character",,"132","38548071d5aa652bb90c7f111f86b427f798a1c9"
"voleqdef.f",2113,2123,"R9_EQN","(CSSP(I), I=1,97)",7,"'221'","character",,"221","38548071d5aa652bb90c7f111f86b427f798a1c9"
"voleqdef.f",2113,2123,"R9_EQN","(CSSP(I), I=1,97)",8,"'001'","character",,"001","38548071d5aa652bb90c7f111f86b427f798a1c9"
"voleqdef.f",2113,2123,"R9_EQN","(CSSP(I), I=1,97)",9,"'316'","character",,"316","38548071d5aa652bb90c7f111f86b427f798a1c9"
"voleqdef.f",2113,2123,"R9_EQN","(CSSP(I), I=1,97)",10,"'316'","character",,"316","38548071d5aa652bb90c7f111f86b427f798a1c9"
"voleqdef.f",2113,2123,"R9_EQN","(CSSP(I), I=1,97)",11,"'316'","character",,"316","38548071d5aa652bb90c7f111f86b427f798a1c9"
"voleqdef.f",2113,2123,"R9_EQN","(CSSP(I), I=1,97)",12,"'318'","character",,"318","38548071d5aa652bb90c7f111f86b427f798a1c9"
"voleqdef.f",2113,2123,"R9_EQN","(CSSP(I), I=1,97)",13,"'331'","character",,"331","38548071d5aa652bb90c7f111f86b427f798a1c9"
"voleqdef.f",2113,2123,"R9_EQN","(CSSP(I), I=1,97)",14,"'373'","character",,"373","38548071d5aa652bb90c7f111f86b427f798a1c9"
"voleqdef.f",2113,2123,"R9_EQN","(CSSP(I), I=1,97)",15,"'391'","character",,"391","38548071d5aa652bb90c7f111f86b427f798a1c9"
"voleqdef.f",2113,2123,"R9_EQN","(CSSP(I), I=1,97)",16,"'400'","character",,"400","38548071d5aa652bb90c7f111f86b427f798a1c9"
"voleqdef.f",2113,2123,"R9_EQN","(CSSP(I), I=1,97)",17,"'401'","character",,"401","38548071d5aa652bb90c7f111f86b427f798a1c9"
"voleqdef.f",2113,2123,"R9_EQN","(CSSP(I), I=1,97)",18,"'402'","character",,"402","38548071d5aa652bb90c7f111f86b427f798a1c9"
"voleqdef.f",2113,2123,"R9_EQN","(CSSP(I), I=1,97)",19,"'403'","character",,"403","38548071d5aa652bb90c7f111f86b427f798a1c9"
"voleqdef.f",2113,2123,"R9_EQN","(CSSP(I), I=1,97)",20,"'404'","character",,"404","38548071d5aa652bb90c7f111f86b427f798a1c9"
"voleqdef.f",2113,2123,"R9_EQN","(CSSP(I), I=1,97)",21,"'405'","character",,"405","38548071d5aa652bb90c7f111f86b427f798a1c9"
"voleqdef.f",2113,2123,"R9_EQN","(CSSP(I), I=1,97)",22,"'407'","character",,"407","38548071d5aa652bb90c7f111f86b427f798a1c9"
"voleqdef.f",2113,2123,"R9_EQN","(CSSP(I), I=1,97)",23,"'408'","character",,"408","38548071d5aa652bb90c7f111f86b427f798a1c9"
"voleqdef.f",2113,2123,"R9_EQN","(CSSP(I), I=1,97)",24,"'409'","character",,"409","38548071d5aa652bb90c7f111f86b427f798a1c9"
"voleqdef.f",2113,2123,"R9_EQN","(CSSP(I), I=1,97)",25,"'400'","character",,"400","38548071d5aa652bb90c7f111f86b427f798a1c9"
"voleqdef.f",2113,2123,"R9_EQN","(CSSP(I), I=1,97)",26,"'450'","character",,"450","38548071d5aa652bb90c7f111f86b427f798a1c9"
"voleqdef.f",2113,2123,"R9_EQN","(CSSP(I), I=1,97)",27,"'460'","character",,"460","38548071d5aa652bb90c7f111f86b427f798a1c9"
"voleqdef.f",2113,2123,"R9_EQN","(CSSP(I), I=1,97)",28,"'460'","character",,"460","38548071d5aa652bb90c7f111f86b427f798a1c9"
"voleqdef.f",2113,2123,"R9_EQN","(CSSP(I), I=1,97)",29,"'471'","character",,"471","38548071d5aa652bb90c7f111f86b427f798a1c9"
"voleqdef.f",2113,2123,"R9_EQN","(CSSP(I), I=1,97)",30,"'490'","character",,"490","38548071d5aa652bb90c7f111f86b427f798a1c9"
"voleqdef.f",2113,2123,"R9_EQN","(CSSP(I), I=1,97)",31,"'500'","character",,"500","38548071d5aa652bb90c7f111f86b427f798a1c9"
"voleqdef.f",2113,2123,"R9_EQN","(CSSP(I), I=1,97)",32,"'521'","character",,"521","38548071d5aa652bb90c7f111f86b427f798a1c9"
"voleqdef.f",2113,2123,"R9_EQN","(CSSP(I), I=1,97)",33,"'531'","character",,"531","38548071d5aa652bb90c7f111f86b427f798a1c9"
"voleqdef.f",2113,2123,"R9_EQN","(CSSP(I), I=1,97)",34,"'541'","character",,"541","38548071d5aa652bb90c7f111f86b427f798a1c9"
"voleqdef.f",2113,2123,"R9_EQN","(CSSP(I), I=1,97)",35,"'541'","character",,"541","38548071d5aa652bb90c7f111f86b427f798a1c9"
"voleqdef.f",2113,2123,"R9_EQN","(CSSP(I), I=1,97)",36,"'543'","character",,"543","38548071d5aa652bb90c7f111f86b427f798a1c9"
"voleqdef.f",2113,2123,"R9_EQN","(CSSP(I), I=1,97)",37,"'541'","character",,"541","38548071d5aa652bb90c7f111f86b427f798a1c9"
"voleqdef.f",2113,2123,"R9_EQN","(CSSP(I), I=1,97)",38,"'543'","character",,"543","38548071d5aa652bb90c7f111f86b427f798a1c9"
"voleqdef.f",2113,2123,"R9_EQN","(CSSP(I), I=1,97)",39,"'543'","character",,"543","38548071d5aa652bb90c7f111f86b427f798a1c9"
"voleqdef.f",2113,2123,"R9_EQN","(CSSP(I), I=1,97)",40,"'552'","character",,"552","38548071d5aa652bb90c7f111f86b427f798a1c9"
"voleqdef.f",2113,2123,"R9_EQN","(CSSP(I), I=1,97)",41,"'571'","character",,"571","38548071d5aa652bb90c7f111f86b427f798a1c9"
"voleqdef.f",2113,2123,"R9_EQN","(CSSP(I), I=1,97)",42,"'601'","character",,"601","38548071d5aa652bb90c7f111f86b427f798a1c9"
"voleqdef.f",2113,2123,"R9_EQN","(CSSP(I), I=1,97)",43,"'602'","character",,"602","38548071d5aa652bb90c7f111f86b427f798a1c9"
"voleqdef.f",2113,2123,"R9_EQN","(CSSP(I), I=1,97)",44,"'611'","character",,"611","38548071d5aa652bb90c7f111f86b427f798a1c9"
"voleqdef.f",2113,2123,"R9_EQN","(CSSP(I), I=1,97)",45,"'621'","character",,"621","38548071d5aa652bb90c7f111f86b427f798a1c9"
"voleqdef.f",2113,2123,"R9_EQN","(CSSP(I), I=1,97)",46,"'641'","character",,"641","38548071d5aa652bb90c7f111f86b427f798a1c9"
"voleqdef.f",2113,2123,"R9_EQN","(CSSP(I), I=1,97)",47,"'651'","character",,"651","38548071d5aa652bb90c7f111f86b427f798a1c9"
"voleqdef.f",2113,2123,"R9_EQN","(CSSP(I), I=1,97)",48,"'653'","character",,"653","38548071d5aa652bb90c7f111f86b427f798a1c9"
"voleqdef.f",2113,2123,"R9_EQN","(CSSP(I), I=1,97)",49,"'680'","character",,"680","38548071d5aa652bb90c7f111f86b427f798a1c9"
"voleqdef.f",2113,2123,"R9_EQN","(CSSP(I), I=1,97)",50,"'690'","character",,"690","38548071d5aa652bb90c7f111f86b427f798a1c9"
"voleqdef.f",2113,2123,"R9_EQN","(CSSP(I), I=1,97)",51,"'691'","character",,"691","38548071d5aa652bb90c7f111f86b427f798a1c9"
"voleqdef.f",2113,2123,"R9_EQN","(CSSP(I), I=1,97)",52,"'693'","character",,"693","38548071d5aa652bb90c7f111f86b427f798a1c9"
"voleqdef.f",2113,2123,"R9_EQN","(CSSP(I), I=1,97)",53,"'694'","character",,"694","38548071d5aa652bb90c7f111f86b427f798a1c9"
"voleqdef.f",2113,2123,"R9_EQN","(CSSP(I), I=1,97)",54,"'701'","character",,"701","38548071d5aa652bb90c7f111f86b427f798a1c9"
"voleqdef.f",2113,2123,"R9_EQN","(CSSP(I), I=1,97)",55,"'711'","character",,"711","38548071d5aa652bb90c7f111f86b427f798a1c9"
"voleqdef.f",2113,2123,"R9_EQN","(CSSP(I), I=1,97)",56,"'731'","character",,"731","38548071d5aa652bb90c7f111f86b427f798a1c9"
"voleqdef.f",2113,2123,"R9_EQN","(CSSP(I), I=1,97)",57,"'742'","character",,"742","38548071d5aa652bb90c7f111f86b427f798a1c9"
"voleqdef.f",2113,2123,"R9_EQN","(CSSP(I), I=1,97)",58,"'741'","character",,"741","38548071d5aa652bb90c7f111f86b427f798a1c9"
"voleqdef.f",2113,2123,"R9_EQN","(CSSP(I), I=1,97)",59,"'742'","character",,"742","38548071d5aa652bb90c7f111f86b427f798a1c9"
"voleqdef.f",2113,2123,"R9_EQN","(CSSP(I), I=1,97)",60,"'746'","character",,"746","38548071d5aa652bb90c7f111f86b427f798a1c9"
"voleqdef.f",2113,2123,"R9_EQN","(CSSP(I), I=1,97)",61,"'746'","character",,"746","38548071d5aa652bb90c7f111f86b427f798a1c9"
"voleqdef.f",2113,2123,"R9_EQN","(CSSP(I), I=1,97)",62,"'762'","character",,"762","38548071d5aa652bb90c7f111f86b427f798a1c9"
"voleqdef.f",2113,2123,"R9_EQN","(CSSP(I), I=1,97)",63,"'802'","character",,"802","38548071d5aa652bb90c7f111f86b427f798a1c9"
"voleqdef.f",2113,2123,"R9_EQN","(CSSP(I), I=1,97)",64,"'823'","character",,"823","38548071d5aa652bb90c7f111f86b427f798a1c9"
"voleqdef.f",2113,2123,"R9_EQN","(CSSP(I), I=1,97)",65,"'806'","character",,"806","38548071d5aa652bb90c7f111f86b427f798a1c9"
"voleqdef.f",2113,2123,"R9_EQN","(CSSP(I), I=1,97)",66,"'812'","character",,"812","38548071d5aa652bb90c7f111f86b427f798a1c9"
"voleqdef.f",2113,2123,"R9_EQN","(CSSP(I), I=1,97)",67,"'813'","character",,"813","38548071d5aa652bb90c7f111f86b427f798a1c9"
"voleqdef.f",2113,2123,"R9_EQN","(CSSP(I), I=1,97)",68,"'813'","character",,"813","38548071d5aa652bb90c7f111f86b427f798a1c9"
"voleqdef.f",2113,2123,"R9_EQN","(CSSP(I), I=1,97)",69,"'813'","character",,"813","38548071d5aa652bb90c7f111f86b427f798a1c9"
"voleqdef.f",2113,2123,"R9_EQN","(CSSP(I), I=1,97)",70,"'823'","character",,"823","38548071d5aa652bb90c7f111f86b427f798a1c9"
"voleqdef.f",2113,2123,"R9_EQN","(CSSP(I), I=1,97)",71,"'824'","character",,"824","38548071d5aa652bb90c7f111f86b427f798a1c9"
"voleqdef.f",2113,2123,"R9_EQN","(CSSP(I), I=1,97)",72,"'823'","character",,"823","38548071d5aa652bb90c7f111f86b427f798a1c9"
"voleqdef.f",2113,2123,"R9_EQN","(CSSP(I), I=1,97)",73,"'823'","character",,"823","38548071d5aa652bb90c7f111f86b427f798a1c9"
"voleqdef.f",2113,2123,"R9_EQN","(CSSP(I), I=1,97)",74,"'816'","character",,"816","38548071d5aa652bb90c7f111f86b427f798a1c9"
"voleqdef.f",2113,2123,"R9_EQN","(CSSP(I), I=1,97)",75,"'813'","character",,"813","38548071d5aa652bb90c7f111f86b427f798a1c9"
"voleqdef.f",2113,2123,"R9_EQN","(CSSP(I), I=1,97)",76,"'830'","character",,"830","38548071d5aa652bb90c7f111f86b427f798a1c9"
"voleqdef.f",2113,2123,"R9_EQN","(CSSP(I), I=1,97)",77,"'813'","character",,"813","38548071d5aa652bb90c7f111f86b427f798a1c9"
"voleqdef.f",2113,2123,"R9_EQN","(CSSP(I), I=1,97)",78,"'832'","character",,"832","38548071d5aa652bb90c7f111f86b427f798a1c9"
"voleqdef.f",2113,2123,"R9_EQN","(CSSP(I), I=1,97)",79,"'833'","character",,"833","38548071d5aa652bb90c7f111f86b427f798a1c9"
"voleqdef.f",2113,2123,"R9_EQN","(CSSP(I), I=1,97)",80,"'813'","character",,"813","38548071d5aa652bb90c7f111f86b427f798a1c9"
"voleqdef.f",2113,2123,"R9_EQN","(CSSP(I), I=1,97)",81,"'835'","character",,"835","38548071d5aa652bb90c7f111f86b427f798a1c9"
"voleqdef.f",2113,2123,"R9_EQN","(CSSP(I), I=1,97)",82,"'835'","character",,"835","38548071d5aa652bb90c7f111f86b427f798a1c9"
"voleqdef.f",2113,2123,"R9_EQN","(CSSP(I), I=1,97)",83,"'837'","character",,"837","38548071d5aa652bb90c7f111f86b427f798a1c9"
"voleqdef.f",2113,2123,"R9_EQN","(CSSP(I), I=1,97)",84,"'901'","character",,"901","38548071d5aa652bb90c7f111f86b427f798a1c9"
"voleqdef.f",2113,2123,"R9_EQN","(CSSP(I), I=1,97)",85,"'920'","character",,"920","38548071d5aa652bb90c7f111f86b427f798a1c9"
"voleqdef.f",2113,2123,"R9_EQN","(CSSP(I), I=1,97)",86,"'920'","character",,"920","38548071d5aa652bb90c7f111f86b427f798a1c9"
"voleqdef.f",2113,2123,"R9_EQN","(CSSP(I), I=1,97)",87,"'931'","character",,"931","38548071d5aa652bb90c7f111f86b427f798a1c9"
"voleqdef.f",2113,2123,"R9_EQN","(CSSP(I), I=1,97)",88,"'951'","character",,"951","38548071d5aa652bb90c7f111f86b427f798a1c9"
"voleqdef.f",2113,2123,"R9_EQN","(CSSP(I), I=1,97)",89,"'970'","character",,"970","38548071d5aa652bb90c7f111f86b427f798a1c9"
"voleqdef.f",2113,2123,"R9_EQN","(CSSP(I), I=1,97)",90,"'970'","character",,"970","38548071d5aa652bb90c7f111f86b427f798a1c9"
"voleqdef.f",2113,2123,"R9_EQN","(CSSP(I), I=1,97)",91,"'970'","character",,"970","38548071d5aa652bb90c7f111f86b427f798a1c9"
"voleqdef.f",2113,2123,"R9_EQN","(CSSP(I), I=1,97)",92,"'970'","character",,"970","38548071d5aa652bb90c7f111f86b427f798a1c9"
"voleqdef.f",2113,2123,"R9_EQN","(CSSP(I), I=1,97)",93,"'970'","character",,"970","38548071d5aa652bb90c7f111f86b427f798a1c9"
"voleqdef.f",2113,2123,"R9_EQN","(CSSP(I), I=1,97)",94,"'970'","character",,"970","38548071d5aa652bb90c7f111f86b427f798a1c9"
"voleqdef.f",2113,2123,"R9_EQN","(CSSP(I), I=1,97)",95,"'999'","character",,"999","38548071d5aa652bb90c7f111f86b427f798a1c9"
"voleqdef.f",2113,2123,"R9_EQN","(CSSP(I), I=1,97)",96,"'999'","character",,"999","38548071d5aa652bb90c7f111f86b427f798a1c9"
"voleqdef.f",2113,2123,"R9_EQN","(CSSP(I), I=1,97)",97,"'999'","character",,"999","38548071d5aa652bb90c7f111f86b427f798a1c9"
"voleqdef.f",2126,2137,"R9_EQN","(NESP(I), I=1,108)",1,"'012'","character",,"012","38548071d5aa652bb90c7f111f86b427f798a1c9"
"voleqdef.f",2126,2137,"R9_EQN","(NESP(I), I=1,108)",2,"'068'","character",,"068","38548071d5aa652bb90c7f111f86b427f798a1c9"
"voleqdef.f",2126,2137,"R9_EQN","(NESP(I), I=1,108)",3,"'068'","character",,"068","38548071d5aa652bb90c7f111f86b427f798a1c9"
"voleqdef.f",2126,2137,"R9_EQN","(NESP(I), I=1,108)",4,"'068'","character",,"068","38548071d5aa652bb90c7f111f86b427f798a1c9"
"voleqdef.f",2126,2137,"R9_EQN","(NESP(I), I=1,108)",5,"'071'","character",,"071","38548071d5aa652bb90c7f111f86b427f798a1c9"
"voleqdef.f",2126,2137,"R9_EQN","(NESP(I), I=1,108)",6,"'097'","character",,"097","38548071d5aa652bb90c7f111f86b427f798a1c9"
"voleqdef.f",2126,2137,"R9_EQN","(NESP(I), I=1,108)",7,"'097'","character",,"097","38548071d5aa652bb90c7f111f86b427f798a1c9"
"voleqdef.f",2126,2137,"R9_EQN","(NESP(I), I=1,108)",8,"'094'","character",,"094","38548071d5aa652bb90c7f111f86b427f798a1c9"
"voleqdef.f",2126,2137,"R9_EQN","(NESP(I), I=1,108)",9,"'095'","character",,"095","38548071d5aa652bb90c7f111f86b427f798a1c9"
"voleqdef.f",2126,2137,"R9_EQN","(NESP(I), I=1,108)",10,"'097'","character",,"097","38548071d5aa652bb90c7f111f86b427f798a1c9"
"voleqdef.f",2126,2137,"R9_EQN","(NESP(I), I=1,108)",11,"'105'","character",,"105","38548071d5aa652bb90c7f111f86b427f798a1c9"
"voleqdef.f",2126,2137,"R9_EQN","(NESP(I), I=1,108)",12,"'105'","character",,"105","38548071d5aa652bb90c7f111f86b427f798a1c9"
"voleqdef.f",2126,2137,"R9_EQN","(NESP(I), I=1,108)",13,"'110'","character",,"110","38548071d5aa652bb90c7f111f86b427f798a1c9"
"voleqdef.f",2126,2137,"R9_EQN","(NESP(I), I=1,108)",14,"'105'","character",,"105","38548071d5aa652bb90c7f111f86b427f798a1c9"
"voleqdef.f",2126,2137,"R9_EQN","(NESP(I), I=1,108)",15,"'125'","character",,"125","38548071d5aa652bb90c7f111f86b427f798a1c9"
"voleqdef.f",2126,2137,"R9_EQN","(NESP(I), I=1,108)",16,"'105'","character",,"105","38548071d5aa652bb90c7f111f86b427f798a1c9"
"voleqdef.f",2126,2137,"R9_EQN","(NESP(I), I=1,108)",17,"'105'","character",,"105","38548071d5aa652bb90c7f111f86b427f798a1c9"
"voleqdef.f",2126,2137,"R9_EQN","(NESP(I), I=1,108)",18,"'129'","character",,"129","38548071d5aa652bb90c7f111f86b427f798a1c9"
"voleqdef.f",2126,2137,"R9_EQN","(NESP(I), I=1,108)",19,"'105'","character",,"105","38548071d5aa652bb90c7f111f86b427f798a1c9"
"voleqdef.f",2126,2137,"R9_EQN","(NESP(I), I=1,108)",20,"'131'","character",,"131","38548071d5aa652bb90c7f111f86b427f798a1c9"
"voleqdef.f",2126,2137,"R9_EQN","(NESP(I), I=1,108)",21,"'125'","character",,"125","38548071d5aa652bb90c7f111f86b427f798a1c9"
"voleqdef.f",2126,2137,"R9_EQN","(NESP(I), I=1,108)",22,"'068'","character",,"068","38548071d5aa652bb90c7f111f86b427f798a1c9"
"voleqdef.f",2126,2137,"R9_EQN","(NESP(I), I=1,108)",23,"'261'","character",,"261","38548071d5aa652bb90c7f111f86b427f798a1c9"
"voleqdef.f",2126,2137,"R9_EQN","(NESP(I), I=1,108)",24,"'261'","character",,"261","38548071d5aa652bb90c7f111f86b427f798a1c9"
"voleqdef.f",2126,2137,"R9_EQN","(NESP(I), I=1,108)",25,"'105'","character",,"105","38548071d5aa652bb90c7f111f86b427f798a1c9"
"voleqdef.f",2126,2137,"R9_EQN","(NESP(I), I=1,108)",26,"'313'","character",,"313","38548071d5aa652bb90c7f111f86b427f798a1c9"
"voleqdef.f",2126,2137,"R9_EQN","(NESP(I), I=1,108)",27,"'318'","character",,"318","38548071d5aa652bb90c7f111f86b427f798a1c9"
"voleqdef.f",2126,2137,"R9_EQN","(NESP(I), I=1,108)",28,"'315'","character",,"315","38548071d5aa652bb90c7f111f86b427f798a1c9"
"voleqdef.f",2126,2137,"R9_EQN","(NESP(I), I=1,108)",29,"'316'","character",,"316","38548071d5aa652bb90c7f111f86b427f798a1c9"
"voleqdef.f",2126,2137,"R9_EQN","(NESP(I), I=1,108)",30,"'318'","character",,"318","38548071d5aa652bb90c7f111f86b427f798a1c9"
"voleqdef.f",2126,2137,"R9_EQN","(NESP(I), I=1,108)",31,"'318'","character",,"318","38548071d5aa652bb90c7f111f86b427f798a1c9"
"voleqdef.f",2126,2137,"R9_EQN","(NESP(I), I=1,108)",32,"'330'","character",,"330","38548071d5aa652bb90c7f111f86b427f798a1c9"
"voleqdef.f",2126,2137,"R9_EQN","(NESP(I), I=1,108)",33,"'332'","character",,"332","38548071d5aa652bb90c7f111f86b427f798a1c9"
"voleqdef.f",2126,2137,"R9_EQN","(NESP(I), I=1,108)",34,"'341'","character",,"341","38548071d5aa652bb90c7f111f86b427f798a1c9"
"voleqdef.f",2126,2137,"R9_EQN","(NESP(I), I=1,108)",35,"'355'","character",,"355","38548071d5aa652bb90c7f111f86b427f798a1c9"
"voleqdef.f",2126,2137,"R9_EQN","(NESP(I), I=1,108)",36,"'371'","character",,"371","38548071d5aa652bb90c7f111f86b427f798a1c9"
"voleqdef.f",2126,2137,"R9_EQN","(NESP(I), I=1,108)",37,"'371'","character",,"371","38548071d5aa652bb90c7f111f86b427f798a1c9"
"voleqdef.f",2126,2137,"R9_EQN","(NESP(I), I=1,108)",38,"'373'","character",,"373","38548071d5aa652bb90c7f111f86b427f798a1c9"
"voleqdef.f",2126,2137,"R9_EQN","(NESP(I), I=1,108)",39,"'374'","character",,"374","38548071d5aa652bb90c7f111f86b427f798a1c9"
"voleqdef.f",2126,2137,"R9_EQN","(NESP(I), I=1,108)",40,"'375'","character",,"375","38548071d5aa652bb90c7f111f86b427f798a1c9"
"voleqdef.f",2126,2137,"R9_EQN","(NESP(I), I=1,108)",41,"'375'","character",,"375","38548071d5aa652bb90c7f111f86b427f798a1c9"
"voleqdef.f",2126,2137,"R9_EQN","(NESP(I), I=1,108)",42,"'391'","character",,"391","38548071d5aa652bb90c7f111f86b427f798a1c9"
"voleqdef.f",2126,2137,"R9_EQN","(NESP(I), I=1,108)",43,"'400'","character",,"400","38548071d5aa652bb90c7f111f86b427f798a1c9"
"voleqdef.f",2126,2137,"R9_EQN","(NESP(I), I=1,108)",44,"'400'","character",,"400","38548071d5aa652bb90c7f111f86b427f798a1c9"
"voleqdef.f",2126,2137,"R9_EQN","(NESP(I), I=1,108)",45,"'400'","character",,"400","38548071d5aa652bb90c7f111f86b427f798a1c9"
"voleqdef.f",2126,2137,"R9_EQN","(NESP(I), I=1,108)",46,"'400'","character",,"400","38548071d5aa652bb90c7f111f86b427f798a1c9"
"voleqdef.f",2126,2137,"R9_EQN","(NESP(I), I=1,108)",47,"'400'","character",,"400","38548071d5aa652bb90c7f111f86b427f798a1c9"
"voleqdef.f",2126,2137,"R9_EQN","(NESP(I), I=1,108)",48,"'462'","character",,"462","38548071d5aa652bb90c7f111f86b427f798a1c9"
"voleqdef.f",2126,2137,"R9_EQN","(NESP(I), I=1,108)",49,"'490'","character",,"490","38548071d5aa652bb90c7f111f86b427f798a1c9"
"voleqdef.f",2126,2137,"R9_EQN","(NESP(I), I=1,108)",50,"'500'","character",,"500","38548071d5aa652bb90c7f111f86b427f798a1c9"
"voleqdef.f",2126,2137,"R9_EQN","(NESP(I), I=1,108)",51,"'521'","character",,"521","38548071d5aa652bb90c7f111f86b427f798a1c9"
"voleqdef.f",2126,2137,"R9_EQN","(NESP(I), I=1,108)",52,"'531'","character",,"531","38548071d5aa652bb90c7f111f86b427f798a1c9"
"voleqdef.f",2126,2137,"R9_EQN","(NESP(I), I=1,108)",53,"'541'","character",,"541","38548071d5aa652bb90c7f111f86b427f798a1c9"
"voleqdef.f",2126,2137,"R9_EQN","(NESP(I), I=1,108)",54,"'541'","character",,"541","38548071d5aa652bb90c7f111f86b427f798a1c9"
"voleqdef.f",2126,2137,"R9_EQN","(NESP(I), I=1,108)",55,"'543'","character",,"543","38548071d5aa652bb90c7f111f86b427f798a1c9"
"voleqdef.f",2126,2137,"R9_EQN","(NESP(I), I=1,108)",56,"'541'","character",,"541","38548071d5aa652bb90c7f111f86b427f798a1c9"
"voleqdef.f",2126,2137,"R9_EQN","(NESP(I), I=1,108)",57,"'541'","character",,"541","38548071d5aa652bb90c7f111f86b427f798a1c9"
"voleqdef.f",2126,2137,"R9_EQN","(NESP(I), I=1,108)",58,"'591'","character",,"591","38548071d5aa652bb90c7f111f86b427f798a1c9"
"voleqdef.f",2126,2137,"R9_EQN","(NESP(I), I=1,108)",59,"'601'","character",,"601","38548071d5aa652bb90c7f111f86b427f798a1c9"
"voleqdef.f",2126,2137,"R9_EQN","(NESP(I), I=1,108)",60,"'602'","character",,"602","38548071d5aa652bb90c7f111f86b427f798a1c9"
"voleqdef.f",2126,2137,"R9_EQN","(NESP(I), I=1,108)",61,"'611'","character",,"611","38548071d5aa652bb90c7f111f86b427f798a1c9"
"voleqdef.f",2126,2137,"R9_EQN","(NESP(I), I=1,108)",62,"'621'","character",,"621","38548071d5aa652bb90c7f111f86b427f798a1c9"
"voleqdef.f",2126,2137,"R9_EQN","(NESP(I), I=1,108)",63,"'641'","character",,"641","38548071d5aa652bb90c7f111f86b427f798a1c9"
"voleqdef.f",2126,2137,"R9_EQN","(NESP(I), I=1,108)",64,"'650'","character",,"650","38548071d5aa652bb90c7f111f86b427f798a1c9"
"voleqdef.f",2126,2137,"R9_EQN","(NESP(I), I=1,108)",65,"'651'","character",,"651","38548071d5aa652bb90c7f111f86b427f798a1c9"
"voleqdef.f",2126,2137,"R9_EQN","(NESP(I), I=1,108)",66,"'653'","character",,"653","38548071d5aa652bb90c7f111f86b427f798a1c9"
"voleqdef.f",2126,2137,"R9_EQN","(NESP(I), I=1,108)",67,"'660'","character",,"660","38548071d5aa652bb90c7f111f86b427f798a1c9"
"voleqdef.f",2126,2137,"R9_EQN","(NESP(I), I=1,108)",68,"'691'","character",,"691","38548071d5aa652bb90c7f111f86b427f798a1c9"
"voleqdef.f",2126,2137,"R9_EQN","(NESP(I), I=1,108)",69,"'693'","character",,"693","38548071d5aa652bb90c7f111f86b427f798a1c9"
"voleqdef.f",2126,2137,"R9_EQN","(NESP(I), I=1,108)",70,"'701'","character",,"701","38548071d5aa652bb90c7f111f86b427f798a1c9"
"voleqdef.f",2126,2137,"R9_EQN","(NESP(I), I=1,108)",71,"'711'","character",,"711","38548071d5aa652bb90c7f111f86b427f798a1c9"
"voleqdef.f",2126,2137,"R9_EQN","(NESP(I), I=1,108)",72,"'712'","character",,"712","38548071d5aa652bb90c7f111f86b427f798a1c9"
"voleqdef.f",2126,2137,"R9_EQN","(NESP(I), I=1,108)",73,"'731'","character",,"731","38548071d5aa652bb90c7f111f86b427f798a1c9"
"voleqdef.f",2126,2137,"R9_EQN","(NESP(I), I=1,108)",74,"'741'","character",,"741","38548071d5aa652bb90c7f111f86b427f798a1c9"
"voleqdef.f",2126,2137,"R9_EQN","(NESP(I), I=1,108)",75,"'742'","character",,"742","38548071d5aa652bb90c7f111f86b427f798a1c9"
"voleqdef.f",2126,2137,"R9_EQN","(NESP(I), I=1,108)",76,"'746'","character",,"746","38548071d5aa652bb90c7f111f86b427f798a1c9"
"voleqdef.f",2126,2137,"R9_EQN","(NESP(I), I=1,108)",77,"'742'","character",,"742","38548071d5aa652bb90c7f111f86b427f798a1c9"
"voleqdef.f",2126,2137,"R9_EQN","(NESP(I), I=1,108)",78,"'746'","character",,"746","38548071d5aa652bb90c7f111f86b427f798a1c9"
"voleqdef.f",2126,2137,"R9_EQN","(NESP(I), I=1,108)",79,"'760'","character",,"760","38548071d5aa652bb90c7f111f86b427f798a1c9"
"voleqdef.f",2126,2137,"R9_EQN","(NESP(I), I=1,108)",80,"'761'","character",,"761","38548071d5aa652bb90c7f111f86b427f798a1c9"
"voleqdef.f",2126,2137,"R9_EQN","(NESP(I), I=1,108)",81,"'762'","character",,"762","38548071d5aa652bb90c7f111f86b427f798a1c9"
"voleqdef.f",2126,2137,"R9_EQN","(NESP(I), I=1,108)",82,"'802'","character",,"802","38548071d5aa652bb90c7f111f86b427f798a1c9"
"voleqdef.f",2126,2137,"R9_EQN","(NESP(I), I=1,108)",83,"'802'","character",,"802","38548071d5aa652bb90c7f111f86b427f798a1c9"
"voleqdef.f",2126,2137,"R9_EQN","(NESP(I), I=1,108)",84,"'832'","character",,"832","38548071d5aa652bb90c7f111f86b427f798a1c9"
"voleqdef.f",2126,2137,"R9_EQN","(NESP(I), I=1,108)",85,"'806'","character",,"806","38548071d5aa652bb90c7f111f86b427f798a1c9"
"voleqdef.f",2126,2137,"R9_EQN","(NESP(I), I=1,108)",86,"'833'","character",,"833","38548071d5aa652bb90c7f111f86b427f798a1c9"
"voleqdef.f",2126,2137,"R9_EQN","(NESP(I), I=1,108)",87,"'813'","character",,"813","38548071d5aa652bb90c7f111f86b427f798a1c9"
"voleqdef.f",2126,2137,"R9_EQN","(NESP(I), I=1,108)",88,"'806'","character",,"806","38548071d5aa652bb90c7f111f86b427f798a1c9"
"voleqdef.f",2126,2137,"R9_EQN","(NESP(I), I=1,108)",89,"'823'","character",,"823","38548071d5aa652bb90c7f111f86b427f798a1c9"
"voleqdef.f",2126,2137,"R9_EQN","(NESP(I), I=1,108)",90,"'832'","character",,"832","38548071d5aa652bb90c7f111f86b427f798a1c9"
"voleqdef.f",2126,2137,"R9_EQN","(NESP(I), I=1,108)",91,"'802'","character",,"802","38548071d5aa652bb90c7f111f86b427f798a1c9"
"voleqdef.f",2126,2137,"R9_EQN","(NESP(I), I=1,108)",92,"'806'","character",,"806","38548071d5aa652bb90c7f111f86b427f798a1c9"
"voleqdef.f",2126,2137,"R9_EQN","(NESP(I), I=1,108)",93,"'830'","character",,"830","38548071d5aa652bb90c7f111f86b427f798a1c9"
"voleqdef.f",2126,2137,"R9_EQN","(NESP(I), I=1,108)",94,"'831'","character",,"831","38548071d5aa652bb90c7f111f86b427f798a1c9"
"voleqdef.f",2126,2137,"R9_EQN","(NESP(I), I=1,108)",95,"'832'","character",,"832","38548071d5aa652bb90c7f111f86b427f798a1c9"
"voleqdef.f",2126,2137,"R9_EQN","(NESP(I), I=1,108)",96,"'833'","character",,"833","38548071d5aa652bb90c7f111f86b427f798a1c9"
"voleqdef.f",2126,2137,"R9_EQN","(NESP(I), I=1,108)",97,"'835'","character",,"835","38548071d5aa652bb90c7f111f86b427f798a1c9"
"voleqdef.f",2126,2137,"R9_EQN","(NESP(I), I=1,108)",98,"'837'","character",,"837","38548071d5aa652bb90c7f111f86b427f798a1c9"
"voleqdef.f",2126,2137,"R9_EQN","(NESP(I), I=1,108)",99,"'901'","character",,"901","38548071d5aa652bb90c7f111f86b427f798a1c9"
"voleqdef.f",2126,2137,"R9_EQN","(NESP(I), I=1,108)",100,"'920'","character",,"920","38548071d5aa652bb90c7f111f86b427f798a1c9"
"voleqdef.f",2126,2137,"R9_EQN","(NESP(I), I=1,108)",101,"'931'","character",,"931","38548071d5aa652bb90c7f111f86b427f798a1c9"
"voleqdef.f",2126,2137,"R9_EQN","(NESP(I), I=1,108)",102,"'951'","character",,"951","38548071d5aa652bb90c7f111f86b427f798a1c9"
"voleqdef.f",2126,2137,"R9_EQN","(NESP(I), I=1,108)",103,"'951'","character",,"951","38548071d5aa652bb90c7f111f86b427f798a1c9"
"voleqdef.f",2126,2137,"R9_EQN","(NESP(I), I=1,108)",104,"'970'","character",,"970","38548071d5aa652bb90c7f111f86b427f798a1c9"
"voleqdef.f",2126,2137,"R9_EQN","(NESP(I), I=1,108)",105,"'970'","character",,"970","38548071d5aa652bb90c7f111f86b427f798a1c9"
"voleqdef.f",2126,2137,"R9_EQN","(NESP(I), I=1,108)",106,"'970'","character",,"970","38548071d5aa652bb90c7f111f86b427f798a1c9"
"voleqdef.f",2126,2137,"R9_EQN","(NESP(I), I=1,108)",107,"'999'","character",,"999","38548071d5aa652bb90c7f111f86b427f798a1c9"
"voleqdef.f",2126,2137,"R9_EQN","(NESP(I), I=1,108)",108,"'004'","character",,"004","38548071d5aa652bb90c7f111f86b427f798a1c9"
"voleqdef.f",2139,2150,"R9_EQN","(SNSP(I), I=1,92)",1,"'261'","character",,"261","38548071d5aa652bb90c7f111f86b427f798a1c9"
"voleqdef.f",2139,2150,"R9_EQN","(SNSP(I), I=1,92)",2,"'100'","character",,"100","38548071d5aa652bb90c7f111f86b427f798a1c9"
"voleqdef.f",2139,2150,"R9_EQN","(SNSP(I), I=1,92)",3,"'115'","character",,"115","38548071d5aa652bb90c7f111f86b427f798a1c9"
"voleqdef.f",2139,2150,"R9_EQN","(SNSP(I), I=1,92)",4,"'132'","character",,"132","38548071d5aa652bb90c7f111f86b427f798a1c9"
"voleqdef.f",2139,2150,"R9_EQN","(SNSP(I), I=1,92)",5,"'110'","character",,"110","38548071d5aa652bb90c7f111f86b427f798a1c9"
"voleqdef.f",2139,2150,"R9_EQN","(SNSP(I), I=1,92)",6,"'111'","character",,"111","38548071d5aa652bb90c7f111f86b427f798a1c9"
"voleqdef.f",2139,2150,"R9_EQN","(SNSP(I), I=1,92)",7,"'115'","character",,"115","38548071d5aa652bb90c7f111f86b427f798a1c9"
"voleqdef.f",2139,2150,"R9_EQN","(SNSP(I), I=1,92)",8,"'121'","character",,"121","38548071d5aa652bb90c7f111f86b427f798a1c9"
"voleqdef.f",2139,2150,"R9_EQN","(SNSP(I), I=1,92)",9,"'126'","character",,"126","38548071d5aa652bb90c7f111f86b427f798a1c9"
"voleqdef.f",2139,2150,"R9_EQN","(SNSP(I), I=1,92)",10,"'126'","character",,"126","38548071d5aa652bb90c7f111f86b427f798a1c9"
"voleqdef.f",2139,2150,"R9_EQN","(SNSP(I), I=1,92)",11,"'128'","character",,"128","38548071d5aa652bb90c7f111f86b427f798a1c9"
"voleqdef.f",2139,2150,"R9_EQN","(SNSP(I), I=1,92)",12,"'129'","character",,"129","38548071d5aa652bb90c7f111f86b427f798a1c9"
"voleqdef.f",2139,2150,"R9_EQN","(SNSP(I), I=1,92)",13,"'132'","character",,"132","38548071d5aa652bb90c7f111f86b427f798a1c9"
"voleqdef.f",2139,2150,"R9_EQN","(SNSP(I), I=1,92)",14,"'131'","character",,"131","38548071d5aa652bb90c7f111f86b427f798a1c9"
"voleqdef.f",2139,2150,"R9_EQN","(SNSP(I), I=1,92)",15,"'132'","character",,"132","38548071d5aa652bb90c7f111f86b427f798a1c9"
"voleqdef.f",2139,2150,"R9_EQN","(SNSP(I), I=1,92)",16,"'221'","character",,"221","38548071d5aa652bb90c7f111f86b427f798a1c9"
"voleqdef.f",2139,2150,"R9_EQN","(SNSP(I), I=1,92)",17,"'222'","character",,"222","38548071d5aa652bb90c7f111f86b427f798a1c9"
"voleqdef.f",2139,2150,"R9_EQN","(SNSP(I), I=1,92)",18,"'261'","character",,"261","38548071d5aa652bb90c7f111f86b427f798a1c9"
"voleqdef.f",2139,2150,"R9_EQN","(SNSP(I), I=1,92)",19,"'132'","character",,"132","38548071d5aa652bb90c7f111f86b427f798a1c9"
"voleqdef.f",2139,2150,"R9_EQN","(SNSP(I), I=1,92)",20,"'500'","character",,"500","38548071d5aa652bb90c7f111f86b427f798a1c9"
"voleqdef.f",2139,2150,"R9_EQN","(SNSP(I), I=1,92)",21,"'500'","character",,"500","38548071d5aa652bb90c7f111f86b427f798a1c9"
"voleqdef.f",2139,2150,"R9_EQN","(SNSP(I), I=1,92)",22,"'316'","character",,"316","38548071d5aa652bb90c7f111f86b427f798a1c9"
"voleqdef.f",2139,2150,"R9_EQN","(SNSP(I), I=1,92)",23,"'300'","character",,"300","38548071d5aa652bb90c7f111f86b427f798a1c9"
"voleqdef.f",2139,2150,"R9_EQN","(SNSP(I), I=1,92)",24,"'500'","character",,"500","38548071d5aa652bb90c7f111f86b427f798a1c9"
"voleqdef.f",2139,2150,"R9_EQN","(SNSP(I), I=1,92)",25,"'330'","character",,"330","38548071d5aa652bb90c7f111f86b427f798a1c9"
"voleqdef.f",2139,2150,"R9_EQN","(SNSP(I), I=1,92)",26,"'370'","character",,"370","38548071d5aa652bb90c7f111f86b427f798a1c9"
"voleqdef.f",2139,2150,"R9_EQN","(SNSP(I), I=1,92)",27,"'370'","character",,"370","38548071d5aa652bb90c7f111f86b427f798a1c9"
"voleqdef.f",2139,2150,"R9_EQN","(SNSP(I), I=1,92)",28,"'370'","character",,"370","38548071d5aa652bb90c7f111f86b427f798a1c9"
"voleqdef.f",2139,2150,"R9_EQN","(SNSP(I), I=1,92)",29,"'400'","character",,"400","38548071d5aa652bb90c7f111f86b427f798a1c9"
"voleqdef.f",2139,2150,"R9_EQN","(SNSP(I), I=1,92)",30,"'300'","character",,"300","38548071d5aa652bb90c7f111f86b427f798a1c9"
"voleqdef.f",2139,2150,"R9_EQN","(SNSP(I), I=1,92)",31,"'460'","character",,"460","38548071d5aa652bb90c7f111f86b427f798a1c9"
"voleqdef.f",2139,2150,"R9_EQN","(SNSP(I), I=1,92)",32,"'300'","character",,"300","38548071d5aa652bb90c7f111f86b427f798a1c9"
"voleqdef.f",2139,2150,"R9_EQN","(SNSP(I), I=1,92)",33,"'300'","character",,"300","38548071d5aa652bb90c7f111f86b427f798a1c9"
"voleqdef.f",2139,2150,"R9_EQN","(SNSP(I), I=1,92)",34,"'500'","character",,"500","38548071d5aa652bb90c7f111f86b427f798a1c9"
"voleqdef.f",2139,2150,"R9_EQN","(SNSP(I), I=1,92)",35,"'531'","character",,"531","38548071d5aa652bb90c7f111f86b427f798a1c9"
"voleqdef.f",2139,2150,"R9_EQN","(SNSP(I), I=1,92)",36,"'541'","character",,"541","38548071d5aa652bb90c7f111f86b427f798a1c9"
"voleqdef.f",2139,2150,"R9_EQN","(SNSP(I), I=1,92)",37,"'541'","character",,"541","38548071d5aa652bb90c7f111f86b427f798a1c9"
"voleqdef.f",2139,2150,"R9_EQN","(SNSP(I), I=1,92)",38,"'300'","character",,"300","38548071d5aa652bb90c7f111f86b427f798a1c9"
"voleqdef.f",2139,2150,"R9_EQN","(SNSP(I), I=1,92)",39,"'544'","character",,"544","38548071d5aa652bb90c7f111f86b427f798a1c9"
"voleqdef.f",2139,2150,"R9_EQN","(SNSP(I), I=1,92)",40,"'500'","character",,"500","38548071d5aa652bb90c7f111f86b427f798a1c9"
"voleqdef.f",2139,2150,"R9_EQN","(SNSP(I), I=1,92)",41,"'300'","character",,"300","38548071d5aa652bb90c7f111f86b427f798a1c9"
"voleqdef.f",2139,2150,"R9_EQN","(SNSP(I), I=1,92)",42,"'300'","character",,"300","38548071d5aa652bb90c7f111f86b427f798a1c9"
"voleqdef.f",2139,2150,"R9_EQN","(SNSP(I), I=1,92)",43,"'300'","character",,"300","38548071d5aa652bb90c7f111f86b427f798a1c9"
"voleqdef.f",2139,2150,"R9_EQN","(SNSP(I), I=1,92)",44,"'500'","character",,"500","38548071d5aa652bb90c7f111f86b427f798a1c9"
"voleqdef.f",2139,2150,"R9_EQN","(SNSP(I), I=1,92)",45,"'500'","character",,"500","38548071d5aa652bb90c7f111f86b427f798a1c9"
"voleqdef.f",2139,2150,"R9_EQN","(SNSP(I), I=1,92)",46,"'611'","character",,"611","38548071d5aa652bb90c7f111f86b427f798a1c9"
"voleqdef.f",2139,2150,"R9_EQN","(SNSP(I), I=1,92)",47,"'621'","character",,"621","38548071d5aa652bb90c7f111f86b427f798a1c9"
"voleqdef.f",2139,2150,"R9_EQN","(SNSP(I), I=1,92)",48,"'652'","character",,"652","38548071d5aa652bb90c7f111f86b427f798a1c9"
"voleqdef.f",2139,2150,"R9_EQN","(SNSP(I), I=1,92)",49,"'300'","character",,"300","38548071d5aa652bb90c7f111f86b427f798a1c9"
"voleqdef.f",2139,2150,"R9_EQN","(SNSP(I), I=1,92)",50,"'652'","character",,"652","38548071d5aa652bb90c7f111f86b427f798a1c9"
"voleqdef.f",2139,2150,"R9_EQN","(SNSP(I), I=1,92)",51,"'653'","character",,"653","38548071d5aa652bb90c7f111f86b427f798a1c9"
"voleqdef.f",2139,2150,"R9_EQN","(SNSP(I), I=1,92)",52,"'300'","character",,"300","38548071d5aa652bb90c7f111f86b427f798a1c9"
"voleqdef.f",2139,2150,"R9_EQN","(SNSP(I), I=1,92)",53,"'300'","character",,"300","38548071d5aa652bb90c7f111f86b427f798a1c9"
"voleqdef.f",2139,2150,"R9_EQN","(SNSP(I), I=1,92)",54,"'300'","character",,"300","38548071d5aa652bb90c7f111f86b427f798a1c9"
"voleqdef.f",2139,2150,"R9_EQN","(SNSP(I), I=1,92)",55,"'300'","character",,"300","38548071d5aa652bb90c7f111f86b427f798a1c9"
"voleqdef.f",2139,2150,"R9_EQN","(SNSP(I), I=1,92)",56,"'693'","character",,"693","38548071d5aa652bb90c7f111f86b427f798a1c9"
"voleqdef.f",2139,2150,"R9_EQN","(SNSP(I), I=1,92)",57,"'694'","character",,"694","38548071d5aa652bb90c7f111f86b427f798a1c9"
"voleqdef.f",2139,2150,"R9_EQN","(SNSP(I), I=1,92)",58,"'500'","character",,"500","38548071d5aa652bb90c7f111f86b427f798a1c9"
"voleqdef.f",2139,2150,"R9_EQN","(SNSP(I), I=1,92)",59,"'300'","character",,"300","38548071d5aa652bb90c7f111f86b427f798a1c9"
"voleqdef.f",2139,2150,"R9_EQN","(SNSP(I), I=1,92)",60,"'300'","character",,"300","38548071d5aa652bb90c7f111f86b427f798a1c9"
"voleqdef.f",2139,2150,"R9_EQN","(SNSP(I), I=1,92)",61,"'731'","character",,"731","38548071d5aa652bb90c7f111f86b427f798a1c9"
"voleqdef.f",2139,2150,"R9_EQN","(SNSP(I), I=1,92)",62,"'300'","character",,"300","38548071d5aa652bb90c7f111f86b427f798a1c9"
"voleqdef.f",2139,2150,"R9_EQN","(SNSP(I), I=1,92)",63,"'300'","character",,"300","38548071d5aa652bb90c7f111f86b427f798a1c9"
"voleqdef.f",2139,2150,"R9_EQN","(SNSP(I), I=1,92)",64,"'300'","character",,"300","38548071d5aa652bb90c7f111f86b427f798a1c9"
"voleqdef.f",2139,2150,"R9_EQN","(SNSP(I), I=1,92)",65,"'802'","character",,"802","38548071d5aa652bb90c7f111f86b427f798a1c9"
"voleqdef.f",2139,2150,"R9_EQN","(SNSP(I), I=1,92)",66,"'806'","character",,"806","38548071d5aa652bb90c7f111f86b427f798a1c9"
"voleqdef.f",2139,2150,"R9_EQN","(SNSP(I), I=1,92)",67,"'812'","character",,"812","38548071d5aa652bb90c7f111f86b427f798a1c9"
"voleqdef.f",2139,2150,"R9_EQN","(SNSP(I), I=1,92)",68,"'813'","character",,"813","38548071d5aa652bb90c7f111f86b427f798a1c9"
"voleqdef.f",2139,2150,"R9_EQN","(SNSP(I), I=1,92)",69,"'800'","character",,"800","38548071d5aa652bb90c7f111f86b427f798a1c9"
"voleqdef.f",2139,2150,"R9_EQN","(SNSP(I), I=1,92)",70,"'800'","character",,"800","38548071d5aa652bb90c7f111f86b427f798a1c9"
"voleqdef.f",2139,2150,"R9_EQN","(SNSP(I), I=1,92)",71,"'822'","character",,"822","38548071d5aa652bb90c7f111f86b427f798a1c9"
"voleqdef.f",2139,2150,"R9_EQN","(SNSP(I), I=1,92)",72,"'800'","character",,"800","38548071d5aa652bb90c7f111f86b427f798a1c9"
"voleqdef.f",2139,2150,"R9_EQN","(SNSP(I), I=1,92)",73,"'800'","character",,"800","38548071d5aa652bb90c7f111f86b427f798a1c9"
"voleqdef.f",2139,2150,"R9_EQN","(SNSP(I), I=1,92)",74,"'800'","character",,"800","38548071d5aa652bb90c7f111f86b427f798a1c9"
"voleqdef.f",2139,2150,"R9_EQN","(SNSP(I), I=1,92)",75,"'827'","character",,"827","38548071d5aa652bb90c7f111f86b427f798a1c9"
"voleqdef.f",2139,2150,"R9_EQN","(SNSP(I), I=1,92)",76,"'827'","character",,"827","38548071d5aa652bb90c7f111f86b427f798a1c9"
"voleqdef.f",2139,2150,"R9_EQN","(SNSP(I), I=1,92)",77,"'832'","character",,"832","38548071d5aa652bb90c7f111f86b427f798a1c9"
"voleqdef.f",2139,2150,"R9_EQN","(SNSP(I), I=1,92)",78,"'833'","character",,"833","38548071d5aa652bb90c7f111f86b427f798a1c9"
"voleqdef.f",2139,2150,"R9_EQN","(SNSP(I), I=1,92)",79,"'800'","character",,"800","38548071d5aa652bb90c7f111f86b427f798a1c9"
"voleqdef.f",2139,2150,"R9_EQN","(SNSP(I), I=1,92)",80,"'835'","character",,"835","38548071d5aa652bb90c7f111f86b427f798a1c9"
"voleqdef.f",2139,2150,"R9_EQN","(SNSP(I), I=1,92)",81,"'800'","character",,"800","38548071d5aa652bb90c7f111f86b427f798a1c9"
"voleqdef.f",2139,2150,"R9_EQN","(SNSP(I), I=1,92)",82,"'835'","character",,"835","38548071d5aa652bb90c7f111f86b427f798a1c9"
"voleqdef.f",2139,2150,"R9_EQN","(SNSP(I), I=1,92)",83,"'901'","character",,"901","38548071d5aa652bb90c7f111f86b427f798a1c9"
"voleqdef.f",2139,2150,"R9_EQN","(SNSP(I), I=1,92)",84,"'300'","character",,"300","38548071d5aa652bb90c7f111f86b427f798a1c9"
"voleqdef.f",2139,2150,"R9_EQN","(SNSP(I), I=1,92)",85,"'300'","character",,"300","38548071d5aa652bb90c7f111f86b427f798a1c9"
"voleqdef.f",2139,2150,"R9_EQN","(SNSP(I), I=1,92)",86,"'300'","character",,"300","38548071d5aa652bb90c7f111f86b427f798a1c9"
"voleqdef.f",2139,2150,"R9_EQN","(SNSP(I), I=1,92)",87,"'970'","character",,"970","38548071d5aa652bb90c7f111f86b427f798a1c9"
"voleqdef.f",2139,2150,"R9_EQN","(SNSP(I), I=1,92)",88,"'970'","character",,"970","38548071d5aa652bb90c7f111f86b427f798a1c9"
"voleqdef.f",2139,2150,"R9_EQN","(SNSP(I), I=1,92)",89,"'970'","character",,"970","38548071d5aa652bb90c7f111f86b427f798a1c9"
"voleqdef.f",2139,2150,"R9_EQN","(SNSP(I), I=1,92)",90,"'970'","character",,"970","38548071d5aa652bb90c7f111f86b427f798a1c9"
"voleqdef.f",2139,2150,"R9_EQN","(SNSP(I), I=1,92)",91,"'300'","character",,"300","38548071d5aa652bb90c7f111f86b427f798a1c9"
"voleqdef.f",2139,2150,"R9_EQN","(SNSP(I), I=1,92)",92,"'300'","character",,"300","38548071d5aa652bb90c7f111f86b427f798a1c9"
"voleqdef.f",2152,2159,"R9_EQN","(LSFIA(I), I=1,69)",1,"12","numeric",12,,"38548071d5aa652bb90c7f111f86b427f798a1c9"
"voleqdef.f",2152,2159,"R9_EQN","(LSFIA(I), I=1,69)",2,"68","numeric",68,,"38548071d5aa652bb90c7f111f86b427f798a1c9"
"voleqdef.f",2152,2159,"R9_EQN","(LSFIA(I), I=1,69)",3,"71","numeric",71,,"38548071d5aa652bb90c7f111f86b427f798a1c9"
"voleqdef.f",2152,2159,"R9_EQN","(LSFIA(I), I=1,69)",4,"91","numeric",91,,"38548071d5aa652bb90c7f111f86b427f798a1c9"
"voleqdef.f",2152,2159,"R9_EQN","(LSFIA(I), I=1,69)",5,"94","numeric",94,,"38548071d5aa652bb90c7f111f86b427f798a1c9"
"voleqdef.f",2152,2159,"R9_EQN","(LSFIA(I), I=1,69)",6,"95","numeric",95,,"38548071d5aa652bb90c7f111f86b427f798a1c9"
"voleqdef.f",2152,2159,"R9_EQN","(LSFIA(I), I=1,69)",7,"105","numeric",105,,"38548071d5aa652bb90c7f111f86b427f798a1c9"
"voleqdef.f",2152,2159,"R9_EQN","(LSFIA(I), I=1,69)",8,"125","numeric",125,,"38548071d5aa652bb90c7f111f86b427f798a1c9"
"voleqdef.f",2152,2159,"R9_EQN","(LSFIA(I), I=1,69)",9,"125","numeric",125,,"38548071d5aa652bb90c7f111f86b427f798a1c9"
"voleqdef.f",2152,2159,"R9_EQN","(LSFIA(I), I=1,69)",10,"129","numeric",129,,"38548071d5aa652bb90c7f111f86b427f798a1c9"
"voleqdef.f",2152,2159,"R9_EQN","(LSFIA(I), I=1,69)",11,"130","numeric",130,,"38548071d5aa652bb90c7f111f86b427f798a1c9"
"voleqdef.f",2152,2159,"R9_EQN","(LSFIA(I), I=1,69)",12,"241","numeric",241,,"38548071d5aa652bb90c7f111f86b427f798a1c9"
"voleqdef.f",2152,2159,"R9_EQN","(LSFIA(I), I=1,69)",13,"261","numeric",261,,"38548071d5aa652bb90c7f111f86b427f798a1c9"
"voleqdef.f",2152,2159,"R9_EQN","(LSFIA(I), I=1,69)",14,"299","numeric",299,,"38548071d5aa652bb90c7f111f86b427f798a1c9"
"voleqdef.f",2152,2159,"R9_EQN","(LSFIA(I), I=1,69)",15,"313","numeric",313,,"38548071d5aa652bb90c7f111f86b427f798a1c9"
"voleqdef.f",2152,2159,"R9_EQN","(LSFIA(I), I=1,69)",16,"314","numeric",314,,"38548071d5aa652bb90c7f111f86b427f798a1c9"
"voleqdef.f",2152,2159,"R9_EQN","(LSFIA(I), I=1,69)",17,"315","numeric",315,,"38548071d5aa652bb90c7f111f86b427f798a1c9"
"voleqdef.f",2152,2159,"R9_EQN","(LSFIA(I), I=1,69)",18,"316","numeric",316,,"38548071d5aa652bb90c7f111f86b427f798a1c9"
"voleqdef.f",2152,2159,"R9_EQN","(LSFIA(I), I=1,69)",19,"317","numeric",317,,"38548071d5aa652bb90c7f111f86b427f798a1c9"
"voleqdef.f",2152,2159,"R9_EQN","(LSFIA(I), I=1,69)",20,"318","numeric",318,,"38548071d5aa652bb90c7f111f86b427f798a1c9"
"voleqdef.f",2152,2159,"R9_EQN","(LSFIA(I), I=1,69)",21,"319","numeric",319,,"38548071d5aa652bb90c7f111f86b427f798a1c9"
"voleqdef.f",2152,2159,"R9_EQN","(LSFIA(I), I=1,69)",22,"371","numeric",371,,"38548071d5aa652bb90c7f111f86b427f798a1c9"
"voleqdef.f",2152,2159,"R9_EQN","(LSFIA(I), I=1,69)",23,"375","numeric",375,,"38548071d5aa652bb90c7f111f86b427f798a1c9"
"voleqdef.f",2152,2159,"R9_EQN","(LSFIA(I), I=1,69)",24,"391","numeric",391,,"38548071d5aa652bb90c7f111f86b427f798a1c9"
"voleqdef.f",2152,2159,"R9_EQN","(LSFIA(I), I=1,69)",25,"402","numeric",402,,"38548071d5aa652bb90c7f111f86b427f798a1c9"
"voleqdef.f",2152,2159,"R9_EQN","(LSFIA(I), I=1,69)",26,"403","numeric",403,,"38548071d5aa652bb90c7f111f86b427f798a1c9"
"voleqdef.f",2152,2159,"R9_EQN","(LSFIA(I), I=1,69)",27,"407","numeric",407,,"38548071d5aa652bb90c7f111f86b427f798a1c9"
"voleqdef.f",2152,2159,"R9_EQN","(LSFIA(I), I=1,69)",28,"421","numeric",421,,"38548071d5aa652bb90c7f111f86b427f798a1c9"
"voleqdef.f",2152,2159,"R9_EQN","(LSFIA(I), I=1,69)",29,"462","numeric",462,,"38548071d5aa652bb90c7f111f86b427f798a1c9"
"voleqdef.f",2152,2159,"R9_EQN","(LSFIA(I), I=1,69)",30,"491","numeric",491,,"38548071d5aa652bb90c7f111f86b427f798a1c9"
"voleqdef.f",2152,2159,"R9_EQN","(LSFIA(I), I=1,69)",31,"500","numeric",500,,"38548071d5aa652bb90c7f111f86b427f798a1c9"
"voleqdef.f",2152,2159,"R9_EQN","(LSFIA(I), I=1,69)",32,"531","numeric",531,,"38548071d5aa652bb90c7f111f86b427f798a1c9"
"voleqdef.f",2152,2159,"R9_EQN","(LSFIA(I), I=1,69)",33,"541","numeric",541,,"38548071d5aa652bb90c7f111f86b427f798a1c9"
"voleqdef.f",2152,2159,"R9_EQN","(LSFIA(I), I=1,69)",34,"543","numeric",543,,"38548071d5aa652bb90c7f111f86b427f798a1c9"
"voleqdef.f",2152,2159,"R9_EQN","(LSFIA(I), I=1,69)",35,"544","numeric",544,,"38548071d5aa652bb90c7f111f86b427f798a1c9"
"voleqdef.f",2152,2159,"R9_EQN","(LSFIA(I), I=1,69)",36,"601","numeric",601,,"38548071d5aa652bb90c7f111f86b427f798a1c9"
"voleqdef.f",2152,2159,"R9_EQN","(LSFIA(I), I=1,69)",37,"602","numeric",602,,"38548071d5aa652bb90c7f111f86b427f798a1c9"
"voleqdef.f",2152,2159,"R9_EQN","(LSFIA(I), I=1,69)",38,"660","numeric",660,,"38548071d5aa652bb90c7f111f86b427f798a1c9"
"voleqdef.f",2152,2159,"R9_EQN","(LSFIA(I), I=1,69)",39,"693","numeric",693,,"38548071d5aa652bb90c7f111f86b427f798a1c9"
"voleqdef.f",2152,2159,"R9_EQN","(LSFIA(I), I=1,69)",40,"701","numeric",701,,"38548071d5aa652bb90c7f111f86b427f798a1c9"
"voleqdef.f",2152,2159,"R9_EQN","(LSFIA(I), I=1,69)",41,"731","numeric",731,,"38548071d5aa652bb90c7f111f86b427f798a1c9"
"voleqdef.f",2152,2159,"R9_EQN","(LSFIA(I), I=1,69)",42,"741","numeric",741,,"38548071d5aa652bb90c7f111f86b427f798a1c9"
"voleqdef.f",2152,2159,"R9_EQN","(LSFIA(I), I=1,69)",43,"742","numeric",742,,"38548071d5aa652bb90c7f111f86b427f798a1c9"
"voleqdef.f",2152,2159,"R9_EQN","(LSFIA(I), I=1,69)",44,"743","numeric",743,,"38548071d5aa652bb90c7f111f86b427f798a1c9"
"voleqdef.f",2152,2159,"R9_EQN","(LSFIA(I), I=1,69)",45,"746","numeric",746,,"38548071d5aa652bb90c7f111f86b427f798a1c9"
"voleqdef.f",2152,2159,"R9_EQN","(LSFIA(I), I=1,69)",46,"760","numeric",760,,"38548071d5aa652bb90c7f111f86b427f798a1c9"
"voleqdef.f",2152,2159,"R9_EQN","(LSFIA(I), I=1,69)",47,"761","numeric",761,,"38548071d5aa652bb90c7f111f86b427f798a1c9"
"voleqdef.f",2152,2159,"R9_EQN","(LSFIA(I), I=1,69)",48,"762","numeric",762,,"38548071d5aa652bb90c7f111f86b427f798a1c9"
"voleqdef.f",2152,2159,"R9_EQN","(LSFIA(I), I=1,69)",49,"763","numeric",763,,"38548071d5aa652bb90c7f111f86b427f798a1c9"
"voleqdef.f",2152,2159,"R9_EQN","(LSFIA(I), I=1,69)",50,"766","numeric",766,,"38548071d5aa652bb90c7f111f86b427f798a1c9"
"voleqdef.f",2152,2159,"R9_EQN","(LSFIA(I), I=1,69)",51,"802","numeric",802,,"38548071d5aa652bb90c7f111f86b427f798a1c9"
"voleqdef.f",2152,2159,"R9_EQN","(LSFIA(I), I=1,69)",52,"804","numeric",804,,"38548071d5aa652bb90c7f111f86b427f798a1c9"
"voleqdef.f",2152,2159,"R9_EQN","(LSFIA(I), I=1,69)",53,"809","numeric",809,,"38548071d5aa652bb90c7f111f86b427f798a1c9"
"voleqdef.f",2152,2159,"R9_EQN","(LSFIA(I), I=1,69)",54,"823","numeric",823,,"38548071d5aa652bb90c7f111f86b427f798a1c9"
"voleqdef.f",2152,2159,"R9_EQN","(LSFIA(I), I=1,69)",55,"826","numeric",826,,"38548071d5aa652bb90c7f111f86b427f798a1c9"
"voleqdef.f",2152,2159,"R9_EQN","(LSFIA(I), I=1,69)",56,"833","numeric",833,,"38548071d5aa652bb90c7f111f86b427f798a1c9"
"voleqdef.f",2152,2159,"R9_EQN","(LSFIA(I), I=1,69)",57,"837","numeric",837,,"38548071d5aa652bb90c7f111f86b427f798a1c9"
"voleqdef.f",2152,2159,"R9_EQN","(LSFIA(I), I=1,69)",58,"901","numeric",901,,"38548071d5aa652bb90c7f111f86b427f798a1c9"
"voleqdef.f",2152,2159,"R9_EQN","(LSFIA(I), I=1,69)",59,"920","numeric",920,,"38548071d5aa652bb90c7f111f86b427f798a1c9"
"voleqdef.f",2152,2159,"R9_EQN","(LSFIA(I), I=1,69)",60,"922","numeric",922,,"38548071d5aa652bb90c7f111f86b427f798a1c9"
"voleqdef.f",2152,2159,"R9_EQN","(LSFIA(I), I=1,69)",61,"923","numeric",923,,"38548071d5aa652bb90c7f111f86b427f798a1c9"
"voleqdef.f",2152,2159,"R9_EQN","(LSFIA(I), I=1,69)",62,"931","numeric",931,,"38548071d5aa652bb90c7f111f86b427f798a1c9"
"voleqdef.f",2152,2159,"R9_EQN","(LSFIA(I), I=1,69)",63,"935","numeric",935,,"38548071d5aa652bb90c7f111f86b427f798a1c9"
"voleqdef.f",2152,2159,"R9_EQN","(LSFIA(I), I=1,69)",64,"951","numeric",951,,"38548071d5aa652bb90c7f111f86b427f798a1c9"
"voleqdef.f",2152,2159,"R9_EQN","(LSFIA(I), I=1,69)",65,"972","numeric",972,,"38548071d5aa652bb90c7f111f86b427f798a1c9"
"voleqdef.f",2152,2159,"R9_EQN","(LSFIA(I), I=1,69)",66,"975","numeric",975,,"38548071d5aa652bb90c7f111f86b427f798a1c9"
"voleqdef.f",2152,2159,"R9_EQN","(LSFIA(I), I=1,69)",67,"977","numeric",977,,"38548071d5aa652bb90c7f111f86b427f798a1c9"
"voleqdef.f",2152,2159,"R9_EQN","(LSFIA(I), I=1,69)",68,"993","numeric",993,,"38548071d5aa652bb90c7f111f86b427f798a1c9"
"voleqdef.f",2152,2159,"R9_EQN","(LSFIA(I), I=1,69)",69,"994","numeric",994,,"38548071d5aa652bb90c7f111f86b427f798a1c9"
"voleqdef.f",2161,2171,"R9_EQN","(CSFIA(I), I =1,97)",1,"57","numeric",57,,"38548071d5aa652bb90c7f111f86b427f798a1c9"
"voleqdef.f",2161,2171,"R9_EQN","(CSFIA(I), I =1,97)",2,"68","numeric",68,,"38548071d5aa652bb90c7f111f86b427f798a1c9"
"voleqdef.f",2161,2171,"R9_EQN","(CSFIA(I), I =1,97)",3,"110","numeric",110,,"38548071d5aa652bb90c7f111f86b427f798a1c9"
"voleqdef.f",2161,2171,"R9_EQN","(CSFIA(I), I =1,97)",4,"129","numeric",129,,"38548071d5aa652bb90c7f111f86b427f798a1c9"
"voleqdef.f",2161,2171,"R9_EQN","(CSFIA(I), I =1,97)",5,"131","numeric",131,,"38548071d5aa652bb90c7f111f86b427f798a1c9"
"voleqdef.f",2161,2171,"R9_EQN","(CSFIA(I), I =1,97)",6,"132","numeric",132,,"38548071d5aa652bb90c7f111f86b427f798a1c9"
"voleqdef.f",2161,2171,"R9_EQN","(CSFIA(I), I =1,97)",7,"221","numeric",221,,"38548071d5aa652bb90c7f111f86b427f798a1c9"
"voleqdef.f",2161,2171,"R9_EQN","(CSFIA(I), I =1,97)",8,"299","numeric",299,,"38548071d5aa652bb90c7f111f86b427f798a1c9"
"voleqdef.f",2161,2171,"R9_EQN","(CSFIA(I), I =1,97)",9,"313","numeric",313,,"38548071d5aa652bb90c7f111f86b427f798a1c9"
"voleqdef.f",2161,2171,"R9_EQN","(CSFIA(I), I =1,97)",10,"316","numeric",316,,"38548071d5aa652bb90c7f111f86b427f798a1c9"
"voleqdef.f",2161,2171,"R9_EQN","(CSFIA(I), I =1,97)",11,"317","numeric",317,,"38548071d5aa652bb90c7f111f86b427f798a1c9"
"voleqdef.f",2161,2171,"R9_EQN","(CSFIA(I), I =1,97)",12,"318","numeric",318,,"38548071d5aa652bb90c7f111f86b427f798a1c9"
"voleqdef.f",2161,2171,"R9_EQN","(CSFIA(I), I =1,97)",13,"331","numeric",331,,"38548071d5aa652bb90c7f111f86b427f798a1c9"
"voleqdef.f",2161,2171,"R9_EQN","(CSFIA(I), I =1,97)",14,"373","numeric",373,,"38548071d5aa652bb90c7f111f86b427f798a1c9"
"voleqdef.f",2161,2171,"R9_EQN","(CSFIA(I), I =1,97)",15,"391","numeric",391,,"38548071d5aa652bb90c7f111f86b427f798a1c9"
"voleqdef.f",2161,2171,"R9_EQN","(CSFIA(I), I =1,97)",16,"400","numeric",400,,"38548071d5aa652bb90c7f111f86b427f798a1c9"
"voleqdef.f",2161,2171,"R9_EQN","(CSFIA(I), I =1,97)",17,"401","numeric",401,,"38548071d5aa652bb90c7f111f86b427f798a1c9"
"voleqdef.f",2161,2171,"R9_EQN","(CSFIA(I), I =1,97)",18,"402","numeric",402,,"38548071d5aa652bb90c7f111f86b427f798a1c9"
"voleqdef.f",2161,2171,"R9_EQN","(CSFIA(I), I =1,97)",19,"403","numeric",403,,"38548071d5aa652bb90c7f111f86b427f798a1c9"
"voleqdef.f",2161,2171,"R9_EQN","(CSFIA(I), I =1,97)",20,"404","numeric",404,,"38548071d5aa652bb90c7f111f86b427f798a1c9"
"voleqdef.f",2161,2171,"R9_EQN","(CSFIA(I), I =1,97)",21,"405","numeric",405,,"38548071d5aa652bb90c7f111f86b427f798a1c9"
"voleqdef.f",2161,2171,"R9_EQN","(CSFIA(I), I =1,97)",22,"407","numeric",407,,"38548071d5aa652bb90c7f111f86b427f798a1c9"
"voleqdef.f",2161,2171,"R9_EQN","(CSFIA(I), I =1,97)",23,"408","numeric",408,,"38548071d5aa652bb90c7f111f86b427f798a1c9"
"voleqdef.f",2161,2171,"R9_EQN","(CSFIA(I), I =1,97)",24,"409","numeric",409,,"38548071d5aa652bb90c7f111f86b427f798a1c9"
"voleqdef.f",2161,2171,"R9_EQN","(CSFIA(I), I =1,97)",25,"410","numeric",410,,"38548071d5aa652bb90c7f111f86b427f798a1c9"
"voleqdef.f",2161,2171,"R9_EQN","(CSFIA(I), I =1,97)",26,"450","numeric",450,,"38548071d5aa652bb90c7f111f86b427f798a1c9"
"voleqdef.f",2161,2171,"R9_EQN","(CSFIA(I), I =1,97)",27,"461","numeric",461,,"38548071d5aa652bb90c7f111f86b427f798a1c9"
"voleqdef.f",2161,2171,"R9_EQN","(CSFIA(I), I =1,97)",28,"462","numeric",462,,"38548071d5aa652bb90c7f111f86b427f798a1c9"
"voleqdef.f",2161,2171,"R9_EQN","(CSFIA(I), I =1,97)",29,"471","numeric",471,,"38548071d5aa652bb90c7f111f86b427f798a1c9"
"voleqdef.f",2161,2171,"R9_EQN","(CSFIA(I), I =1,97)",30,"491","numeric",491,,"38548071d5aa652bb90c7f111f86b427f798a1c9"
"voleqdef.f",2161,2171,"R9_EQN","(CSFIA(I), I =1,97)",31,"500","numeric",500,,"38548071d5aa652bb90c7f111f86b427f798a1c9"
"voleqdef.f",2161,2171,"R9_EQN","(CSFIA(I), I =1,97)",32,"521","numeric",521,,"38548071d5aa652bb90c7f111f86b427f798a1c9"
"voleqdef.f",2161,2171,"R9_EQN","(CSFIA(I), I =1,97)",33,"531","numeric",531,,"38548071d5aa652bb90c7f111f86b427f798a1c9"
"voleqdef.f",2161,2171,"R9_EQN","(CSFIA(I), I =1,97)",34,"540","numeric",540,,"38548071d5aa652bb90c7f111f86b427f798a1c9"
"voleqdef.f",2161,2171,"R9_EQN","(CSFIA(I), I =1,97)",35,"541","numeric",541,,"38548071d5aa652bb90c7f111f86b427f798a1c9"
"voleqdef.f",2161,2171,"R9_EQN","(CSFIA(I), I =1,97)",36,"543","numeric",543,,"38548071d5aa652bb90c7f111f86b427f798a1c9"
"voleqdef.f",2161,2171,"R9_EQN","(CSFIA(I), I =1,97)",37,"544","numeric",544,,"38548071d5aa652bb90c7f111f86b427f798a1c9"
"voleqdef.f",2161,2171,"R9_EQN","(CSFIA(I), I =1,97)",38,"545","numeric",545,,"38548071d5aa652bb90c7f111f86b427f798a1c9"
"voleqdef.f",2161,2171,"R9_EQN","(CSFIA(I), I =1,97)",39,"546","numeric",546,,"38548071d5aa652bb90c7f111f86b427f798a1c9"
"voleqdef.f",2161,2171,"R9_EQN","(CSFIA(I), I =1,97)",40,"552","numeric",552,,"38548071d5aa652bb90c7f111f86b427f798a1c9"
"voleqdef.f",2161,2171,"R9_EQN","(CSFIA(I), I =1,97)",41,"571","numeric",571,,"38548071d5aa652bb90c7f111f86b427f798a1c9"
"voleqdef.f",2161,2171,"R9_EQN","(CSFIA(I), I =1,97)",42,"601","numeric",601,,"38548071d5aa652bb90c7f111f86b427f798a1c9"
"voleqdef.f",2161,2171,"R9_EQN","(CSFIA(I), I =1,97)",43,"602","numeric",602,,"38548071d5aa652bb90c7f111f86b427f798a1c9"
"voleqdef.f",2161,2171,"R9_EQN","(CSFIA(I), I =1,97)",44,"611","numeric",611,,"38548071d5aa652bb90c7f111f86b427f798a1c9"
"voleqdef.f",2161,2171,"R9_EQN","(CSFIA(I), I =1,97)",45,"621","numeric",621,,"38548071d5aa652bb90c7f111f86b427f798a1c9"
"voleqdef.f",2161,2171,"R9_EQN","(CSFIA(I), I =1,97)",46,"641","numeric",641,,"38548071d5aa652bb90c7f111f86b427f798a1c9"
"voleqdef.f",2161,2171,"R9_EQN","(CSFIA(I), I =1,97)",47,"651","numeric",651,,"38548071d5aa652bb90c7f111f86b427f798a1c9"
"voleqdef.f",2161,2171,"R9_EQN","(CSFIA(I), I =1,97)",48,"653","numeric",653,,"38548071d5aa652bb90c7f111f86b427f798a1c9"
"voleqdef.f",2161,2171,"R9_EQN","(CSFIA(I), I =1,97)",49,"680","numeric",680,,"38548071d5aa652bb90c7f111f86b427f798a1c9"
"voleqdef.f",2161,2171,"R9_EQN","(CSFIA(I), I =1,97)",50,"690","numeric",690,,"38548071d5aa652bb90c7f111f86b427f798a1c9"
"voleqdef.f",2161,2171,"R9_EQN","(CSFIA(I), I =1,97)",51,"691","numeric",691,,"38548071d5aa652bb90c7f111f86b427f798a1c9"
"voleqdef.f",2161,2171,"R9_EQN","(CSFIA(I), I =1,97)",52,"693","numeric",693,,"38548071d5aa652bb90c7f111f86b427f798a1c9"
"voleqdef.f",2161,2171,"R9_EQN","(CSFIA(I), I =1,97)",53,"694","numeric",694,,"38548071d5aa652bb90c7f111f86b427f798a1c9"
"voleqdef.f",2161,2171,"R9_EQN","(CSFIA(I), I =1,97)",54,"701","numeric",701,,"38548071d5aa652bb90c7f111f86b427f798a1c9"
"voleqdef.f",2161,2171,"R9_EQN","(CSFIA(I), I =1,97)",55,"711","numeric",711,,"38548071d5aa652bb90c7f111f86b427f798a1c9"
"voleqdef.f",2161,2171,"R9_EQN","(CSFIA(I), I =1,97)",56,"731","numeric",731,,"38548071d5aa652bb90c7f111f86b427f798a1c9"
"voleqdef.f",2161,2171,"R9_EQN","(CSFIA(I), I =1,97)",57,"740","numeric",740,,"38548071d5aa652bb90c7f111f86b427f798a1c9"
"voleqdef.f",2161,2171,"R9_EQN","(CSFIA(I), I =1,97)",58,"741","numeric",741,,"38548071d5aa652bb90c7f111f86b427f798a1c9"
"voleqdef.f",2161,2171,"R9_EQN","(CSFIA(I), I =1,97)",59,"742","numeric",742,,"38548071d5aa652bb90c7f111f86b427f798a1c9"
"voleqdef.f",2161,2171,"R9_EQN","(CSFIA(I), I =1,97)",60,"743","numeric",743,,"38548071d5aa652bb90c7f111f86b427f798a1c9"
"voleqdef.f",2161,2171,"R9_EQN","(CSFIA(I), I =1,97)",61,"746","numeric",746,,"38548071d5aa652bb90c7f111f86b427f798a1c9"
"voleqdef.f",2161,2171,"R9_EQN","(CSFIA(I), I =1,97)",62,"762","numeric",762,,"38548071d5aa652bb90c7f111f86b427f798a1c9"
"voleqdef.f",2161,2171,"R9_EQN","(CSFIA(I), I =1,97)",63,"802","numeric",802,,"38548071d5aa652bb90c7f111f86b427f798a1c9"
"voleqdef.f",2161,2171,"R9_EQN","(CSFIA(I), I =1,97)",64,"804","numeric",804,,"38548071d5aa652bb90c7f111f86b427f798a1c9"
"voleqdef.f",2161,2171,"R9_EQN","(CSFIA(I), I =1,97)",65,"806","numeric",806,,"38548071d5aa652bb90c7f111f86b427f798a1c9"
"voleqdef.f",2161,2171,"R9_EQN","(CSFIA(I), I =1,97)",66,"812","numeric",812,,"38548071d5aa652bb90c7f111f86b427f798a1c9"
"voleqdef.f",2161,2171,"R9_EQN","(CSFIA(I), I =1,97)",67,"813","numeric",813,,"38548071d5aa652bb90c7f111f86b427f798a1c9"
"voleqdef.f",2161,2171,"R9_EQN","(CSFIA(I), I =1,97)",68,"817","numeric",817,,"38548071d5aa652bb90c7f111f86b427f798a1c9"
"voleqdef.f",2161,2171,"R9_EQN","(CSFIA(I), I =1,97)",69,"822","numeric",822,,"38548071d5aa652bb90c7f111f86b427f798a1c9"
"voleqdef.f",2161,2171,"R9_EQN","(CSFIA(I), I =1,97)",70,"823","numeric",823,,"38548071d5aa652bb90c7f111f86b427f798a1c9"
"voleqdef.f",2161,2171,"R9_EQN","(CSFIA(I), I =1,97)",71,"824","numeric",824,,"38548071d5aa652bb90c7f111f86b427f798a1c9"
"voleqdef.f",2161,2171,"R9_EQN","(CSFIA(I), I =1,97)",72,"825","numeric",825,,"38548071d5aa652bb90c7f111f86b427f798a1c9"
"voleqdef.f",2161,2171,"R9_EQN","(CSFIA(I), I =1,97)",73,"826","numeric",826,,"38548071d5aa652bb90c7f111f86b427f798a1c9"
"voleqdef.f",2161,2171,"R9_EQN","(CSFIA(I), I =1,97)",74,"827","numeric",827,,"38548071d5aa652bb90c7f111f86b427f798a1c9"
"voleqdef.f",2161,2171,"R9_EQN","(CSFIA(I), I =1,97)",75,"828","numeric",828,,"38548071d5aa652bb90c7f111f86b427f798a1c9"
"voleqdef.f",2161,2171,"R9_EQN","(CSFIA(I), I =1,97)",76,"830","numeric",830,,"38548071d5aa652bb90c7f111f86b427f798a1c9"
"voleqdef.f",2161,2171,"R9_EQN","(CSFIA(I), I =1,97)",77,"831","numeric",831,,"38548071d5aa652bb90c7f111f86b427f798a1c9"
"voleqdef.f",2161,2171,"R9_EQN","(CSFIA(I), I =1,97)",78,"832","numeric",832,,"38548071d5aa652bb90c7f111f86b427f798a1c9"
"voleqdef.f",2161,2171,"R9_EQN","(CSFIA(I), I =1,97)",79,"833","numeric",833,,"38548071d5aa652bb90c7f111f86b427f798a1c9"
"voleqdef.f",2161,2171,"R9_EQN","(CSFIA(I), I =1,97)",80,"834","numeric",834,,"38548071d5aa652bb90c7f111f86b427f798a1c9"
"voleqdef.f",2161,2171,"R9_EQN","(CSFIA(I), I =1,97)",81,"835","numeric",835,,"38548071d5aa652bb90c7f111f86b427f798a1c9"
"voleqdef.f",2161,2171,"R9_EQN","(CSFIA(I), I =1,97)",82,"836","numeric",836,,"38548071d5aa652bb90c7f111f86b427f798a1c9"
"voleqdef.f",2161,2171,"R9_EQN","(CSFIA(I), I =1,97)",83,"837","numeric",837,,"38548071d5aa652bb90c7f111f86b427f798a1c9"
"voleqdef.f",2161,2171,"R9_EQN","(CSFIA(I), I =1,97)",84,"901","numeric",901,,"38548071d5aa652bb90c7f111f86b427f798a1c9"
"voleqdef.f",2161,2171,"R9_EQN","(CSFIA(I), I =1,97)",85,"920","numeric",920,,"38548071d5aa652bb90c7f111f86b427f798a1c9"
"voleqdef.f",2161,2171,"R9_EQN","(CSFIA(I), I =1,97)",86,"922","numeric",922,,"38548071d5aa652bb90c7f111f86b427f798a1c9"
"voleqdef.f",2161,2171,"R9_EQN","(CSFIA(I), I =1,97)",87,"931","numeric",931,,"38548071d5aa652bb90c7f111f86b427f798a1c9"
"voleqdef.f",2161,2171,"R9_EQN","(CSFIA(I), I =1,97)",88,"951","numeric",951,,"38548071d5aa652bb90c7f111f86b427f798a1c9"
"voleqdef.f",2161,2171,"R9_EQN","(CSFIA(I), I =1,97)",89,"970","numeric",970,,"38548071d5aa652bb90c7f111f86b427f798a1c9"
"voleqdef.f",2161,2171,"R9_EQN","(CSFIA(I), I =1,97)",90,"971","numeric",971,,"38548071d5aa652bb90c7f111f86b427f798a1c9"
"voleqdef.f",2161,2171,"R9_EQN","(CSFIA(I), I =1,97)",91,"972","numeric",972,,"38548071d5aa652bb90c7f111f86b427f798a1c9"
"voleqdef.f",2161,2171,"R9_EQN","(CSFIA(I), I =1,97)",92,"974","numeric",974,,"38548071d5aa652bb90c7f111f86b427f798a1c9"
"voleqdef.f",2161,2171,"R9_EQN","(CSFIA(I), I =1,97)",93,"975","numeric",975,,"38548071d5aa652bb90c7f111f86b427f798a1c9"
"voleqdef.f",2161,2171,"R9_EQN","(CSFIA(I), I =1,97)",94,"977","numeric",977,,"38548071d5aa652bb90c7f111f86b427f798a1c9"
"voleqdef.f",2161,2171,"R9_EQN","(CSFIA(I), I =1,97)",95,"991","numeric",991,,"38548071d5aa652bb90c7f111f86b427f798a1c9"
"voleqdef.f",2161,2171,"R9_EQN","(CSFIA(I), I =1,97)",96,"992","numeric",992,,"38548071d5aa652bb90c7f111f86b427f798a1c9"
"voleqdef.f",2161,2171,"R9_EQN","(CSFIA(I), I =1,97)",97,"994","numeric",994,,"38548071d5aa652bb90c7f111f86b427f798a1c9"
"voleqdef.f",2173,2184,"R9_EQN","(NEFIA(I), I=1,108)",1,"12","numeric",12,,"38548071d5aa652bb90c7f111f86b427f798a1c9"
"voleqdef.f",2173,2184,"R9_EQN","(NEFIA(I), I=1,108)",2,"43","numeric",43,,"38548071d5aa652bb90c7f111f86b427f798a1c9"
"voleqdef.f",2173,2184,"R9_EQN","(NEFIA(I), I=1,108)",3,"57","numeric",57,,"38548071d5aa652bb90c7f111f86b427f798a1c9"
"voleqdef.f",2173,2184,"R9_EQN","(NEFIA(I), I=1,108)",4,"68","numeric",68,,"38548071d5aa652bb90c7f111f86b427f798a1c9"
"voleqdef.f",2173,2184,"R9_EQN","(NEFIA(I), I=1,108)",5,"71","numeric",71,,"38548071d5aa652bb90c7f111f86b427f798a1c9"
"voleqdef.f",2173,2184,"R9_EQN","(NEFIA(I), I=1,108)",6,"90","numeric",90,,"38548071d5aa652bb90c7f111f86b427f798a1c9"
"voleqdef.f",2173,2184,"R9_EQN","(NEFIA(I), I=1,108)",7,"91","numeric",91,,"38548071d5aa652bb90c7f111f86b427f798a1c9"
"voleqdef.f",2173,2184,"R9_EQN","(NEFIA(I), I=1,108)",8,"94","numeric",94,,"38548071d5aa652bb90c7f111f86b427f798a1c9"
"voleqdef.f",2173,2184,"R9_EQN","(NEFIA(I), I=1,108)",9,"95","numeric",95,,"38548071d5aa652bb90c7f111f86b427f798a1c9"
"voleqdef.f",2173,2184,"R9_EQN","(NEFIA(I), I=1,108)",10,"97","numeric",97,,"38548071d5aa652bb90c7f111f86b427f798a1c9"
"voleqdef.f",2173,2184,"R9_EQN","(NEFIA(I), I=1,108)",11,"100","numeric",100,,"38548071d5aa652bb90c7f111f86b427f798a1c9"
"voleqdef.f",2173,2184,"R9_EQN","(NEFIA(I), I=1,108)",12,"105","numeric",105,,"38548071d5aa652bb90c7f111f86b427f798a1c9"
"voleqdef.f",2173,2184,"R9_EQN","(NEFIA(I), I=1,108)",13,"110","numeric",110,,"38548071d5aa652bb90c7f111f86b427f798a1c9"
"voleqdef.f",2173,2184,"R9_EQN","(NEFIA(I), I=1,108)",14,"123","numeric",123,,"38548071d5aa652bb90c7f111f86b427f798a1c9"
"voleqdef.f",2173,2184,"R9_EQN","(NEFIA(I), I=1,108)",15,"125","numeric",125,,"38548071d5aa652bb90c7f111f86b427f798a1c9"
"voleqdef.f",2173,2184,"R9_EQN","(NEFIA(I), I=1,108)",16,"126","numeric",126,,"38548071d5aa652bb90c7f111f86b427f798a1c9"
"voleqdef.f",2173,2184,"R9_EQN","(NEFIA(I), I=1,108)",17,"128","numeric",128,,"38548071d5aa652bb90c7f111f86b427f798a1c9"
"voleqdef.f",2173,2184,"R9_EQN","(NEFIA(I), I=1,108)",18,"129","numeric",129,,"38548071d5aa652bb90c7f111f86b427f798a1c9"
"voleqdef.f",2173,2184,"R9_EQN","(NEFIA(I), I=1,108)",19,"130","numeric",130,,"38548071d5aa652bb90c7f111f86b427f798a1c9"
"voleqdef.f",2173,2184,"R9_EQN","(NEFIA(I), I=1,108)",20,"131","numeric",131,,"38548071d5aa652bb90c7f111f86b427f798a1c9"
"voleqdef.f",2173,2184,"R9_EQN","(NEFIA(I), I=1,108)",21,"132","numeric",132,,"38548071d5aa652bb90c7f111f86b427f798a1c9"
"voleqdef.f",2173,2184,"R9_EQN","(NEFIA(I), I=1,108)",22,"241","numeric",241,,"38548071d5aa652bb90c7f111f86b427f798a1c9"
"voleqdef.f",2173,2184,"R9_EQN","(NEFIA(I), I=1,108)",23,"260","numeric",260,,"38548071d5aa652bb90c7f111f86b427f798a1c9"
"voleqdef.f",2173,2184,"R9_EQN","(NEFIA(I), I=1,108)",24,"261","numeric",261,,"38548071d5aa652bb90c7f111f86b427f798a1c9"
"voleqdef.f",2173,2184,"R9_EQN","(NEFIA(I), I=1,108)",25,"299","numeric",299,,"38548071d5aa652bb90c7f111f86b427f798a1c9"
"voleqdef.f",2173,2184,"R9_EQN","(NEFIA(I), I=1,108)",26,"313","numeric",313,,"38548071d5aa652bb90c7f111f86b427f798a1c9"
"voleqdef.f",2173,2184,"R9_EQN","(NEFIA(I), I=1,108)",27,"314","numeric",314,,"38548071d5aa652bb90c7f111f86b427f798a1c9"
"voleqdef.f",2173,2184,"R9_EQN","(NEFIA(I), I=1,108)",28,"315","numeric",315,,"38548071d5aa652bb90c7f111f86b427f798a1c9"
"voleqdef.f",2173,2184,"R9_EQN","(NEFIA(I), I=1,108)",29,"316","numeric",316,,"38548071d5aa652bb90c7f111f86b427f798a1c9"
"voleqdef.f",2173,2184,"R9_EQN","(NEFIA(I), I=1,108)",30,"317","numeric",317,,"38548071d5aa652bb90c7f111f86b427f798a1c9"
"voleqdef.f",2173,2184,"R9_EQN","(NEFIA(I), I=1,108)",31,"318","numeric",318,,"38548071d5aa652bb90c7f111f86b427f798a1c9"
"voleqdef.f",2173,2184,"R9_EQN","(NEFIA(I), I=1,108)",32,"330","numeric",330,,"38548071d5aa652bb90c7f111f86b427f798a1c9"
"voleqdef.f",2173,2184,"R9_EQN","(NEFIA(I), I=1,108)",33,"332","numeric",332,,"38548071d5aa652bb90c7f111f86b427f798a1c9"
"voleqdef.f",2173,2184,"R9_EQN","(NEFIA(I), I=1,108)",34,"341","numeric",341,,"38548071d5aa652bb90c7f111f86b427f798a1c9"
"voleqdef.f",2173,2184,"R9_EQN","(NEFIA(I), I=1,108)",35,"356","numeric",356,,"38548071d5aa652bb90c7f111f86b427f798a1c9"
"voleqdef.f",2173,2184,"R9_EQN","(NEFIA(I), I=1,108)",36,"371","numeric",371,,"38548071d5aa652bb90c7f111f86b427f798a1c9"
"voleqdef.f",2173,2184,"R9_EQN","(NEFIA(I), I=1,108)",37,"372","numeric",372,,"38548071d5aa652bb90c7f111f86b427f798a1c9"
"voleqdef.f",2173,2184,"R9_EQN","(NEFIA(I), I=1,108)",38,"373","numeric",373,,"38548071d5aa652bb90c7f111f86b427f798a1c9"
"voleqdef.f",2173,2184,"R9_EQN","(NEFIA(I), I=1,108)",39,"374","numeric",374,,"38548071d5aa652bb90c7f111f86b427f798a1c9"
"voleqdef.f",2173,2184,"R9_EQN","(NEFIA(I), I=1,108)",40,"375","numeric",375,,"38548071d5aa652bb90c7f111f86b427f798a1c9"
"voleqdef.f",2173,2184,"R9_EQN","(NEFIA(I), I=1,108)",41,"379","numeric",379,,"38548071d5aa652bb90c7f111f86b427f798a1c9"
"voleqdef.f",2173,2184,"R9_EQN","(NEFIA(I), I=1,108)",42,"391","numeric",391,,"38548071d5aa652bb90c7f111f86b427f798a1c9"
"voleqdef.f",2173,2184,"R9_EQN","(NEFIA(I), I=1,108)",43,"400","numeric",400,,"38548071d5aa652bb90c7f111f86b427f798a1c9"
"voleqdef.f",2173,2184,"R9_EQN","(NEFIA(I), I=1,108)",44,"403","numeric",403,,"38548071d5aa652bb90c7f111f86b427f798a1c9"
"voleqdef.f",2173,2184,"R9_EQN","(NEFIA(I), I=1,108)",45,"405","numeric",405,,"38548071d5aa652bb90c7f111f86b427f798a1c9"
"voleqdef.f",2173,2184,"R9_EQN","(NEFIA(I), I=1,108)",46,"407","numeric",407,,"38548071d5aa652bb90c7f111f86b427f798a1c9"
"voleqdef.f",2173,2184,"R9_EQN","(NEFIA(I), I=1,108)",47,"409","numeric",409,,"38548071d5aa652bb90c7f111f86b427f798a1c9"
"voleqdef.f",2173,2184,"R9_EQN","(NEFIA(I), I=1,108)",48,"462","numeric",462,,"38548071d5aa652bb90c7f111f86b427f798a1c9"
"voleqdef.f",2173,2184,"R9_EQN","(NEFIA(I), I=1,108)",49,"491","numeric",491,,"38548071d5aa652bb90c7f111f86b427f798a1c9"
"voleqdef.f",2173,2184,"R9_EQN","(NEFIA(I), I=1,108)",50,"500","numeric",500,,"38548071d5aa652bb90c7f111f86b427f798a1c9"
"voleqdef.f",2173,2184,"R9_EQN","(NEFIA(I), I=1,108)",51,"521","numeric",521,,"38548071d5aa652bb90c7f111f86b427f798a1c9"
"voleqdef.f",2173,2184,"R9_EQN","(NEFIA(I), I=1,108)",52,"531","numeric",531,,"38548071d5aa652bb90c7f111f86b427f798a1c9"
"voleqdef.f",2173,2184,"R9_EQN","(NEFIA(I), I=1,108)",53,"540","numeric",540,,"38548071d5aa652bb90c7f111f86b427f798a1c9"
"voleqdef.f",2173,2184,"R9_EQN","(NEFIA(I), I=1,108)",54,"541","numeric",541,,"38548071d5aa652bb90c7f111f86b427f798a1c9"
"voleqdef.f",2173,2184,"R9_EQN","(NEFIA(I), I=1,108)",55,"543","numeric",543,,"38548071d5aa652bb90c7f111f86b427f798a1c9"
"voleqdef.f",2173,2184,"R9_EQN","(NEFIA(I), I=1,108)",56,"544","numeric",544,,"38548071d5aa652bb90c7f111f86b427f798a1c9"
"voleqdef.f",2173,2184,"R9_EQN","(NEFIA(I), I=1,108)",57,"545","numeric",545,,"38548071d5aa652bb90c7f111f86b427f798a1c9"
"voleqdef.f",2173,2184,"R9_EQN","(NEFIA(I), I=1,108)",58,"591","numeric",591,,"38548071d5aa652bb90c7f111f86b427f798a1c9"
"voleqdef.f",2173,2184,"R9_EQN","(NEFIA(I), I=1,108)",59,"601","numeric",601,,"38548071d5aa652bb90c7f111f86b427f798a1c9"
"voleqdef.f",2173,2184,"R9_EQN","(NEFIA(I), I=1,108)",60,"602","numeric",602,,"38548071d5aa652bb90c7f111f86b427f798a1c9"
"voleqdef.f",2173,2184,"R9_EQN","(NEFIA(I), I=1,108)",61,"611","numeric",611,,"38548071d5aa652bb90c7f111f86b427f798a1c9"
"voleqdef.f",2173,2184,"R9_EQN","(NEFIA(I), I=1,108)",62,"621","numeric",621,,"38548071d5aa652bb90c7f111f86b427f798a1c9"
"voleqdef.f",2173,2184,"R9_EQN","(NEFIA(I), I=1,108)",63,"641","numeric",641,,"38548071d5aa652bb90c7f111f86b427f798a1c9"
"voleqdef.f",2173,2184,"R9_EQN","(NEFIA(I), I=1,108)",64,"650","numeric",650,,"38548071d5aa652bb90c7f111f86b427f798a1c9"
"voleqdef.f",2173,2184,"R9_EQN","(NEFIA(I), I=1,108)",65,"651","numeric",651,,"38548071d5aa652bb90c7f111f86b427f798a1c9"
"voleqdef.f",2173,2184,"R9_EQN","(NEFIA(I), I=1,108)",66,"653","numeric",653,,"38548071d5aa652bb90c7f111f86b427f798a1c9"
"voleqdef.f",2173,2184,"R9_EQN","(NEFIA(I), I=1,108)",67,"660","numeric",660,,"38548071d5aa652bb90c7f111f86b427f798a1c9"
"voleqdef.f",2173,2184,"R9_EQN","(NEFIA(I), I=1,108)",68,"691","numeric",691,,"38548071d5aa652bb90c7f111f86b427f798a1c9"
"voleqdef.f",2173,2184,"R9_EQN","(NEFIA(I), I=1,108)",69,"693","numeric",693,,"38548071d5aa652bb90c7f111f86b427f798a1c9"
"voleqdef.f",2173,2184,"R9_EQN","(NEFIA(I), I=1,108)",70,"701","numeric",701,,"38548071d5aa652bb90c7f111f86b427f798a1c9"
"voleqdef.f",2173,2184,"R9_EQN","(NEFIA(I), I=1,108)",71,"711","numeric",711,,"38548071d5aa652bb90c7f111f86b427f798a1c9"
"voleqdef.f",2173,2184,"R9_EQN","(NEFIA(I), I=1,108)",72,"712","numeric",712,,"38548071d5aa652bb90c7f111f86b427f798a1c9"
"voleqdef.f",2173,2184,"R9_EQN","(NEFIA(I), I=1,108)",73,"731","numeric",731,,"38548071d5aa652bb90c7f111f86b427f798a1c9"
"voleqdef.f",2173,2184,"R9_EQN","(NEFIA(I), I=1,108)",74,"741","numeric",741,,"38548071d5aa652bb90c7f111f86b427f798a1c9"
"voleqdef.f",2173,2184,"R9_EQN","(NEFIA(I), I=1,108)",75,"742","numeric",742,,"38548071d5aa652bb90c7f111f86b427f798a1c9"
"voleqdef.f",2173,2184,"R9_EQN","(NEFIA(I), I=1,108)",76,"743","numeric",743,,"38548071d5aa652bb90c7f111f86b427f798a1c9"
"voleqdef.f",2173,2184,"R9_EQN","(NEFIA(I), I=1,108)",77,"744","numeric",744,,"38548071d5aa652bb90c7f111f86b427f798a1c9"
"voleqdef.f",2173,2184,"R9_EQN","(NEFIA(I), I=1,108)",78,"746","numeric",746,,"38548071d5aa652bb90c7f111f86b427f798a1c9"
"voleqdef.f",2173,2184,"R9_EQN","(NEFIA(I), I=1,108)",79,"760","numeric",760,,"38548071d5aa652bb90c7f111f86b427f798a1c9"
"voleqdef.f",2173,2184,"R9_EQN","(NEFIA(I), I=1,108)",80,"761","numeric",761,,"38548071d5aa652bb90c7f111f86b427f798a1c9"
"voleqdef.f",2173,2184,"R9_EQN","(NEFIA(I), I=1,108)",81,"762","numeric",762,,"38548071d5aa652bb90c7f111f86b427f798a1c9"
"voleqdef.f",2173,2184,"R9_EQN","(NEFIA(I), I=1,108)",82,"800","numeric",800,,"38548071d5aa652bb90c7f111f86b427f798a1c9"
"voleqdef.f",2173,2184,"R9_EQN","(NEFIA(I), I=1,108)",83,"802","numeric",802,,"38548071d5aa652bb90c7f111f86b427f798a1c9"
"voleqdef.f",2173,2184,"R9_EQN","(NEFIA(I), I=1,108)",84,"804","numeric",804,,"38548071d5aa652bb90c7f111f86b427f798a1c9"
"voleqdef.f",2173,2184,"R9_EQN","(NEFIA(I), I=1,108)",85,"806","numeric",806,,"38548071d5aa652bb90c7f111f86b427f798a1c9"
"voleqdef.f",2173,2184,"R9_EQN","(NEFIA(I), I=1,108)",86,"812","numeric",812,,"38548071d5aa652bb90c7f111f86b427f798a1c9"
"voleqdef.f",2173,2184,"R9_EQN","(NEFIA(I), I=1,108)",87,"813","numeric",813,,"38548071d5aa652bb90c7f111f86b427f798a1c9"
"voleqdef.f",2173,2184,"R9_EQN","(NEFIA(I), I=1,108)",88,"817","numeric",817,,"38548071d5aa652bb90c7f111f86b427f798a1c9"
"voleqdef.f",2173,2184,"R9_EQN","(NEFIA(I), I=1,108)",89,"823","numeric",823,,"38548071d5aa652bb90c7f111f86b427f798a1c9"
"voleqdef.f",2173,2184,"R9_EQN","(NEFIA(I), I=1,108)",90,"825","numeric",825,,"38548071d5aa652bb90c7f111f86b427f798a1c9"
"voleqdef.f",2173,2184,"R9_EQN","(NEFIA(I), I=1,108)",91,"826","numeric",826,,"38548071d5aa652bb90c7f111f86b427f798a1c9"
"voleqdef.f",2173,2184,"R9_EQN","(NEFIA(I), I=1,108)",92,"827","numeric",827,,"38548071d5aa652bb90c7f111f86b427f798a1c9"
"voleqdef.f",2173,2184,"R9_EQN","(NEFIA(I), I=1,108)",93,"830","numeric",830,,"38548071d5aa652bb90c7f111f86b427f798a1c9"
"voleqdef.f",2173,2184,"R9_EQN","(NEFIA(I), I=1,108)",94,"831","numeric",831,,"38548071d5aa652bb90c7f111f86b427f798a1c9"
"voleqdef.f",2173,2184,"R9_EQN","(NEFIA(I), I=1,108)",95,"832","numeric",832,,"38548071d5aa652bb90c7f111f86b427f798a1c9"
"voleqdef.f",2173,2184,"R9_EQN","(NEFIA(I), I=1,108)",96,"833","numeric",833,,"38548071d5aa652bb90c7f111f86b427f798a1c9"
"voleqdef.f",2173,2184,"R9_EQN","(NEFIA(I), I=1,108)",97,"835","numeric",835,,"38548071d5aa652bb90c7f111f86b427f798a1c9"
"voleqdef.f",2173,2184,"R9_EQN","(NEFIA(I), I=1,108)",98,"837","numeric",837,,"38548071d5aa652bb90c7f111f86b427f798a1c9"
"voleqdef.f",2173,2184,"R9_EQN","(NEFIA(I), I=1,108)",99,"901","numeric",901,,"38548071d5aa652bb90c7f111f86b427f798a1c9"
"voleqdef.f",2173,2184,"R9_EQN","(NEFIA(I), I=1,108)",100,"922","numeric",922,,"38548071d5aa652bb90c7f111f86b427f798a1c9"
"voleqdef.f",2173,2184,"R9_EQN","(NEFIA(I), I=1,108)",101,"931","numeric",931,,"38548071d5aa652bb90c7f111f86b427f798a1c9"
"voleqdef.f",2173,2184,"R9_EQN","(NEFIA(I), I=1,108)",102,"951","numeric",951,,"38548071d5aa652bb90c7f111f86b427f798a1c9"
"voleqdef.f",2173,2184,"R9_EQN","(NEFIA(I), I=1,108)",103,"952","numeric",952,,"38548071d5aa652bb90c7f111f86b427f798a1c9"
"voleqdef.f",2173,2184,"R9_EQN","(NEFIA(I), I=1,108)",104,"970","numeric",970,,"38548071d5aa652bb90c7f111f86b427f798a1c9"
"voleqdef.f",2173,2184,"R9_EQN","(NEFIA(I), I=1,108)",105,"972","numeric",972,,"38548071d5aa652bb90c7f111f86b427f798a1c9"
"voleqdef.f",2173,2184,"R9_EQN","(NEFIA(I), I=1,108)",106,"975","numeric",975,,"38548071d5aa652bb90c7f111f86b427f798a1c9"
"voleqdef.f",2173,2184,"R9_EQN","(NEFIA(I), I=1,108)",107,"994","numeric",994,,"38548071d5aa652bb90c7f111f86b427f798a1c9"
"voleqdef.f",2173,2184,"R9_EQN","(NEFIA(I), I=1,108)",108,"998","numeric",998,,"38548071d5aa652bb90c7f111f86b427f798a1c9"
"voleqdef.f",2186,2195,"R9_EQN","(SNFIA(I),I=1,92)",1,"10","numeric",10,,"38548071d5aa652bb90c7f111f86b427f798a1c9"
"voleqdef.f",2186,2195,"R9_EQN","(SNFIA(I),I=1,92)",2,"57","numeric",57,,"38548071d5aa652bb90c7f111f86b427f798a1c9"
"voleqdef.f",2186,2195,"R9_EQN","(SNFIA(I),I=1,92)",3,"90","numeric",90,,"38548071d5aa652bb90c7f111f86b427f798a1c9"
"voleqdef.f",2186,2195,"R9_EQN","(SNFIA(I),I=1,92)",4,"107","numeric",107,,"38548071d5aa652bb90c7f111f86b427f798a1c9"
"voleqdef.f",2186,2195,"R9_EQN","(SNFIA(I),I=1,92)",5,"110","numeric",110,,"38548071d5aa652bb90c7f111f86b427f798a1c9"
"voleqdef.f",2186,2195,"R9_EQN","(SNFIA(I),I=1,92)",6,"111","numeric",111,,"38548071d5aa652bb90c7f111f86b427f798a1c9"
"voleqdef.f",2186,2195,"R9_EQN","(SNFIA(I),I=1,92)",7,"115","numeric",115,,"38548071d5aa652bb90c7f111f86b427f798a1c9"
"voleqdef.f",2186,2195,"R9_EQN","(SNFIA(I),I=1,92)",8,"121","numeric",121,,"38548071d5aa652bb90c7f111f86b427f798a1c9"
"voleqdef.f",2186,2195,"R9_EQN","(SNFIA(I),I=1,92)",9,"123","numeric",123,,"38548071d5aa652bb90c7f111f86b427f798a1c9"
"voleqdef.f",2186,2195,"R9_EQN","(SNFIA(I),I=1,92)",10,"126","numeric",126,,"38548071d5aa652bb90c7f111f86b427f798a1c9"
"voleqdef.f",2186,2195,"R9_EQN","(SNFIA(I),I=1,92)",11,"128","numeric",128,,"38548071d5aa652bb90c7f111f86b427f798a1c9"
"voleqdef.f",2186,2195,"R9_EQN","(SNFIA(I),I=1,92)",12,"129","numeric",129,,"38548071d5aa652bb90c7f111f86b427f798a1c9"
"voleqdef.f",2186,2195,"R9_EQN","(SNFIA(I),I=1,92)",13,"130","numeric",130,,"38548071d5aa652bb90c7f111f86b427f798a1c9"
"voleqdef.f",2186,2195,"R9_EQN","(SNFIA(I),I=1,92)",14,"131","numeric",131,,"38548071d5aa652bb90c7f111f86b427f798a1c9"
"voleqdef.f",2186,2195,"R9_EQN","(SNFIA(I),I=1,92)",15,"132","numeric",132,,"38548071d5aa652bb90c7f111f86b427f798a1c9"
"voleqdef.f",2186,2195,"R9_EQN","(SNFIA(I),I=1,92)",16,"221","numeric",221,,"38548071d5aa652bb90c7f111f86b427f798a1c9"
"voleqdef.f",2186,2195,"R9_EQN","(SNFIA(I),I=1,92)",17,"222","numeric",222,,"38548071d5aa652bb90c7f111f86b427f798a1c9"
"voleqdef.f",2186,2195,"R9_EQN","(SNFIA(I),I=1,92)",18,"260","numeric",260,,"38548071d5aa652bb90c7f111f86b427f798a1c9"
"voleqdef.f",2186,2195,"R9_EQN","(SNFIA(I),I=1,92)",19,"299","numeric",299,,"38548071d5aa652bb90c7f111f86b427f798a1c9"
"voleqdef.f",2186,2195,"R9_EQN","(SNFIA(I),I=1,92)",20,"311","numeric",311,,"38548071d5aa652bb90c7f111f86b427f798a1c9"
"voleqdef.f",2186,2195,"R9_EQN","(SNFIA(I),I=1,92)",21,"313","numeric",313,,"38548071d5aa652bb90c7f111f86b427f798a1c9"
"voleqdef.f",2186,2195,"R9_EQN","(SNFIA(I),I=1,92)",22,"316","numeric",316,,"38548071d5aa652bb90c7f111f86b427f798a1c9"
"voleqdef.f",2186,2195,"R9_EQN","(SNFIA(I),I=1,92)",23,"317","numeric",317,,"38548071d5aa652bb90c7f111f86b427f798a1c9"
"voleqdef.f",2186,2195,"R9_EQN","(SNFIA(I),I=1,92)",24,"318","numeric",318,,"38548071d5aa652bb90c7f111f86b427f798a1c9"
"voleqdef.f",2186,2195,"R9_EQN","(SNFIA(I),I=1,92)",25,"330","numeric",330,,"38548071d5aa652bb90c7f111f86b427f798a1c9"
"voleqdef.f",2186,2195,"R9_EQN","(SNFIA(I),I=1,92)",26,"370","numeric",370,,"38548071d5aa652bb90c7f111f86b427f798a1c9"
"voleqdef.f",2186,2195,"R9_EQN","(SNFIA(I),I=1,92)",27,"372","numeric",372,,"38548071d5aa652bb90c7f111f86b427f798a1c9"
"voleqdef.f",2186,2195,"R9_EQN","(SNFIA(I),I=1,92)",28,"391","numeric",391,,"38548071d5aa652bb90c7f111f86b427f798a1c9"
"voleqdef.f",2186,2195,"R9_EQN","(SNFIA(I),I=1,92)",29,"400","numeric",400,,"38548071d5aa652bb90c7f111f86b427f798a1c9"
"voleqdef.f",2186,2195,"R9_EQN","(SNFIA(I),I=1,92)",30,"450","numeric",450,,"38548071d5aa652bb90c7f111f86b427f798a1c9"
"voleqdef.f",2186,2195,"R9_EQN","(SNFIA(I),I=1,92)",31,"460","numeric",460,,"38548071d5aa652bb90c7f111f86b427f798a1c9"
"voleqdef.f",2186,2195,"R9_EQN","(SNFIA(I),I=1,92)",32,"471","numeric",471,,"38548071d5aa652bb90c7f111f86b427f798a1c9"
"voleqdef.f",2186,2195,"R9_EQN","(SNFIA(I),I=1,92)",33,"491","numeric",491,,"38548071d5aa652bb90c7f111f86b427f798a1c9"
"voleqdef.f",2186,2195,"R9_EQN","(SNFIA(I),I=1,92)",34,"521","numeric",521,,"38548071d5aa652bb90c7f111f86b427f798a1c9"
"voleqdef.f",2186,2195,"R9_EQN","(SNFIA(I),I=1,92)",35,"531","numeric",531,,"38548071d5aa652bb90c7f111f86b427f798a1c9"
"voleqdef.f",2186,2195,"R9_EQN","(SNFIA(I),I=1,92)",36,"540","numeric",540,,"38548071d5aa652bb90c7f111f86b427f798a1c9"
"voleqdef.f",2186,2195,"R9_EQN","(SNFIA(I),I=1,92)",37,"541","numeric",541,,"38548071d5aa652bb90c7f111f86b427f798a1c9"
"voleqdef.f",2186,2195,"R9_EQN","(SNFIA(I),I=1,92)",38,"543","numeric",543,,"38548071d5aa652bb90c7f111f86b427f798a1c9"
"voleqdef.f",2186,2195,"R9_EQN","(SNFIA(I),I=1,92)",39,"544","numeric",544,,"38548071d5aa652bb90c7f111f86b427f798a1c9"
"voleqdef.f",2186,2195,"R9_EQN","(SNFIA(I),I=1,92)",40,"552","numeric",552,,"38548071d5aa652bb90c7f111f86b427f798a1c9"
"voleqdef.f",2186,2195,"R9_EQN","(SNFIA(I),I=1,92)",41,"555","numeric",555,,"38548071d5aa652bb90c7f111f86b427f798a1c9"
"voleqdef.f",2186,2195,"R9_EQN","(SNFIA(I),I=1,92)",42,"580","numeric",580,,"38548071d5aa652bb90c7f111f86b427f798a1c9"
"voleqdef.f",2186,2195,"R9_EQN","(SNFIA(I),I=1,92)",43,"591","numeric",591,,"38548071d5aa652bb90c7f111f86b427f798a1c9"
"voleqdef.f",2186,2195,"R9_EQN","(SNFIA(I),I=1,92)",44,"601","numeric",601,,"38548071d5aa652bb90c7f111f86b427f798a1c9"
"voleqdef.f",2186,2195,"R9_EQN","(SNFIA(I),I=1,92)",45,"602","numeric",602,,"38548071d5aa652bb90c7f111f86b427f798a1c9"
"voleqdef.f",2186,2195,"R9_EQN","(SNFIA(I),I=1,92)",46,"611","numeric",611,,"38548071d5aa652bb90c7f111f86b427f798a1c9"
"voleqdef.f",2186,2195,"R9_EQN","(SNFIA(I),I=1,92)",47,"621","numeric",621,,"38548071d5aa652bb90c7f111f86b427f798a1c9"
"voleqdef.f",2186,2195,"R9_EQN","(SNFIA(I),I=1,92)",48,"650","numeric",650,,"38548071d5aa652bb90c7f111f86b427f798a1c9"
"voleqdef.f",2186,2195,"R9_EQN","(SNFIA(I),I=1,92)",49,"651","numeric",651,,"38548071d5aa652bb90c7f111f86b427f798a1c9"
"voleqdef.f",2186,2195,"R9_EQN","(SNFIA(I),I=1,92)",50,"652","numeric",652,,"38548071d5aa652bb90c7f111f86b427f798a1c9"
"voleqdef.f",2186,2195,"R9_EQN","(SNFIA(I),I=1,92)",51,"653","numeric",653,,"38548071d5aa652bb90c7f111f86b427f798a1c9"
"voleqdef.f",2186,2195,"R9_EQN","(SNFIA(I),I=1,92)",52,"654","numeric",654,,"38548071d5aa652bb90c7f111f86b427f798a1c9"
"voleqdef.f",2186,2195,"R9_EQN","(SNFIA(I),I=1,92)",53,"660","numeric",660,,"38548071d5aa652bb90c7f111f86b427f798a1c9"
"voleqdef.f",2186,2195,"R9_EQN","(SNFIA(I),I=1,92)",54,"680","numeric",680,,"38548071d5aa652bb90c7f111f86b427f798a1c9"
"voleqdef.f",2186,2195,"R9_EQN","(SNFIA(I),I=1,92)",55,"691","numeric",691,,"38548071d5aa652bb90c7f111f86b427f798a1c9"
"voleqdef.f",2186,2195,"R9_EQN","(SNFIA(I),I=1,92)",56,"693","numeric",693,,"38548071d5aa652bb90c7f111f86b427f798a1c9"
"voleqdef.f",2186,2195,"R9_EQN","(SNFIA(I),I=1,92)",57,"694","numeric",694,,"38548071d5aa652bb90c7f111f86b427f798a1c9"
"voleqdef.f",2186,2195,"R9_EQN","(SNFIA(I),I=1,92)",58,"701","numeric",701,,"38548071d5aa652bb90c7f111f86b427f798a1c9"
"voleqdef.f",2186,2195,"R9_EQN","(SNFIA(I),I=1,92)",59,"711","numeric",711,,"38548071d5aa652bb90c7f111f86b427f798a1c9"
"voleqdef.f",2186,2195,"R9_EQN","(SNFIA(I),I=1,92)",60,"721","numeric",721,,"38548071d5aa652bb90c7f111f86b427f798a1c9"
"voleqdef.f",2186,2195,"R9_EQN","(SNFIA(I),I=1,92)",61,"731","numeric",731,,"38548071d5aa652bb90c7f111f86b427f798a1c9"
"voleqdef.f",2186,2195,"R9_EQN","(SNFIA(I),I=1,92)",62,"740","numeric",740,,"38548071d5aa652bb90c7f111f86b427f798a1c9"
"voleqdef.f",2186,2195,"R9_EQN","(SNFIA(I),I=1,92)",63,"743","numeric",743,,"38548071d5aa652bb90c7f111f86b427f798a1c9"
"voleqdef.f",2186,2195,"R9_EQN","(SNFIA(I),I=1,92)",64,"762","numeric",762,,"38548071d5aa652bb90c7f111f86b427f798a1c9"
"voleqdef.f",2186,2195,"R9_EQN","(SNFIA(I),I=1,92)",65,"802","numeric",802,,"38548071d5aa652bb90c7f111f86b427f798a1c9"
"voleqdef.f",2186,2195,"R9_EQN","(SNFIA(I),I=1,92)",66,"806","numeric",806,,"38548071d5aa652bb90c7f111f86b427f798a1c9"
"voleqdef.f",2186,2195,"R9_EQN","(SNFIA(I),I=1,92)",67,"812","numeric",812,,"38548071d5aa652bb90c7f111f86b427f798a1c9"
"voleqdef.f",2186,2195,"R9_EQN","(SNFIA(I),I=1,92)",68,"813","numeric",813,,"38548071d5aa652bb90c7f111f86b427f798a1c9"
"voleqdef.f",2186,2195,"R9_EQN","(SNFIA(I),I=1,92)",69,"819","numeric",819,,"38548071d5aa652bb90c7f111f86b427f798a1c9"
"voleqdef.f",2186,2195,"R9_EQN","(SNFIA(I),I=1,92)",70,"820","numeric",820,,"38548071d5aa652bb90c7f111f86b427f798a1c9"
"voleqdef.f",2186,2195,"R9_EQN","(SNFIA(I),I=1,92)",71,"822","numeric",822,,"38548071d5aa652bb90c7f111f86b427f798a1c9"
"voleqdef.f",2186,2195,"R9_EQN","(SNFIA(I),I=1,92)",72,"824","numeric",824,,"38548071d5aa652bb90c7f111f86b427f798a1c9"
"voleqdef.f",2186,2195,"R9_EQN","(SNFIA(I),I=1,92)",73,"825","numeric",825,,"38548071d5aa652bb90c7f111f86b427f798a1c9"
"voleqdef.f",2186,2195,"R9_EQN","(SNFIA(I),I=1,92)",74,"826","numeric",826,,"38548071d5aa652bb90c7f111f86b427f798a1c9"
"voleqdef.f",2186,2195,"R9_EQN","(SNFIA(I),I=1,92)",75,"827","numeric",827,,"38548071d5aa652bb90c7f111f86b427f798a1c9"
"voleqdef.f",2186,2195,"R9_EQN","(SNFIA(I),I=1,92)",76,"830","numeric",830,,"38548071d5aa652bb90c7f111f86b427f798a1c9"
"voleqdef.f",2186,2195,"R9_EQN","(SNFIA(I),I=1,92)",77,"832","numeric",832,,"38548071d5aa652bb90c7f111f86b427f798a1c9"
"voleqdef.f",2186,2195,"R9_EQN","(SNFIA(I),I=1,92)",78,"833","numeric",833,,"38548071d5aa652bb90c7f111f86b427f798a1c9"
"voleqdef.f",2186,2195,"R9_EQN","(SNFIA(I),I=1,92)",79,"834","numeric",834,,"38548071d5aa652bb90c7f111f86b427f798a1c9"
"voleqdef.f",2186,2195,"R9_EQN","(SNFIA(I),I=1,92)",80,"835","numeric",835,,"38548071d5aa652bb90c7f111f86b427f798a1c9"
"voleqdef.f",2186,2195,"R9_EQN","(SNFIA(I),I=1,92)",81,"837","numeric",837,,"38548071d5aa652bb90c7f111f86b427f798a1c9"
"voleqdef.f",2186,2195,"R9_EQN","(SNFIA(I),I=1,92)",82,"838","numeric",838,,"38548071d5aa652bb90c7f111f86b427f798a1c9"
"voleqdef.f",2186,2195,"R9_EQN","(SNFIA(I),I=1,92)",83,"901","numeric",901,,"38548071d5aa652bb90c7f111f86b427f798a1c9"
"voleqdef.f",2186,2195,"R9_EQN","(SNFIA(I),I=1,92)",84,"920","numeric",920,,"38548071d5aa652bb90c7f111f86b427f798a1c9"
"voleqdef.f",2186,2195,"R9_EQN","(SNFIA(I),I=1,92)",85,"931","numeric",931,,"38548071d5aa652bb90c7f111f86b427f798a1c9"
"voleqdef.f",2186,2195,"R9_EQN","(SNFIA(I),I=1,92)",86,"950","numeric",950,,"38548071d5aa652bb90c7f111f86b427f798a1c9"
"voleqdef.f",2186,2195,"R9_EQN","(SNFIA(I),I=1,92)",87,"970","numeric",970,,"38548071d5aa652bb90c7f111f86b427f798a1c9"
"voleqdef.f",2186,2195,"R9_EQN","(SNFIA(I),I=1,92)",88,"971","numeric",971,,"38548071d5aa652bb90c7f111f86b427f798a1c9"
"voleqdef.f",2186,2195,"R9_EQN","(SNFIA(I),I=1,92)",89,"972","numeric",972,,"38548071d5aa652bb90c7f111f86b427f798a1c9"
"voleqdef.f",2186,2195,"R9_EQN","(SNFIA(I),I=1,92)",90,"975","numeric",975,,"38548071d5aa652bb90c7f111f86b427f798a1c9"
"voleqdef.f",2186,2195,"R9_EQN","(SNFIA(I),I=1,92)",91,"998","numeric",998,,"38548071d5aa652bb90c7f111f86b427f798a1c9"
"voleqdef.f",2186,2195,"R9_EQN","(SNFIA(I),I=1,92)",92,"999","numeric",999,,"38548071d5aa652bb90c7f111f86b427f798a1c9"
"voleqdef.f",2368,2373,"R10_EQN","FIA",1,"011","numeric",11,,"38548071d5aa652bb90c7f111f86b427f798a1c9"
"voleqdef.f",2368,2373,"R10_EQN","FIA",2,"019","numeric",19,,"38548071d5aa652bb90c7f111f86b427f798a1c9"
"voleqdef.f",2368,2373,"R10_EQN","FIA",3,"042","numeric",42,,"38548071d5aa652bb90c7f111f86b427f798a1c9"
"voleqdef.f",2368,2373,"R10_EQN","FIA",4,"071","numeric",71,,"38548071d5aa652bb90c7f111f86b427f798a1c9"
"voleqdef.f",2368,2373,"R10_EQN","FIA",5,"094","numeric",94,,"38548071d5aa652bb90c7f111f86b427f798a1c9"
"voleqdef.f",2368,2373,"R10_EQN","FIA",6,"094","numeric",94,,"38548071d5aa652bb90c7f111f86b427f798a1c9"
"voleqdef.f",2368,2373,"R10_EQN","FIA",7,"095","numeric",95,,"38548071d5aa652bb90c7f111f86b427f798a1c9"
"voleqdef.f",2368,2373,"R10_EQN","FIA",8,"098","numeric",98,,"38548071d5aa652bb90c7f111f86b427f798a1c9"
"voleqdef.f",2368,2373,"R10_EQN","FIA",9,"108","numeric",108,,"38548071d5aa652bb90c7f111f86b427f798a1c9"
"voleqdef.f",2368,2373,"R10_EQN","FIA",10,"242","numeric",242,,"38548071d5aa652bb90c7f111f86b427f798a1c9"
"voleqdef.f",2368,2373,"R10_EQN","FIA",11,"263","numeric",263,,"38548071d5aa652bb90c7f111f86b427f798a1c9"
"voleqdef.f",2368,2373,"R10_EQN","FIA",12,"264","numeric",264,,"38548071d5aa652bb90c7f111f86b427f798a1c9"
"voleqdef.f",2368,2373,"R10_EQN","FIA",13,"299","numeric",299,,"38548071d5aa652bb90c7f111f86b427f798a1c9"
"voleqdef.f",2368,2373,"R10_EQN","FIA",14,"350","numeric",350,,"38548071d5aa652bb90c7f111f86b427f798a1c9"
"voleqdef.f",2368,2373,"R10_EQN","FIA",15,"351","numeric",351,,"38548071d5aa652bb90c7f111f86b427f798a1c9"
"voleqdef.f",2368,2373,"R10_EQN","FIA",16,"375","numeric",375,,"38548071d5aa652bb90c7f111f86b427f798a1c9"
"voleqdef.f",2368,2373,"R10_EQN","FIA",17,"376","numeric",376,,"38548071d5aa652bb90c7f111f86b427f798a1c9"
"voleqdef.f",2368,2373,"R10_EQN","FIA",18,"741","numeric",741,,"38548071d5aa652bb90c7f111f86b427f798a1c9"
"voleqdef.f",2368,2373,"R10_EQN","FIA",19,"746","numeric",746,,"38548071d5aa652bb90c7f111f86b427f798a1c9"
"voleqdef.f",2368,2373,"R10_EQN","FIA",20,"747","numeric",747,,"38548071d5aa652bb90c7f111f86b427f798a1c9"
"voleqdef.f",2368,2373,"R10_EQN","FIA",21,"920","numeric",920,,"38548071d5aa652bb90c7f111f86b427f798a1c9"
"voleqdef.f",2368,2373,"R10_EQN","FIA",22,"928","numeric",928,,"38548071d5aa652bb90c7f111f86b427f798a1c9"
"voleqdef.f",2368,2373,"R10_EQN","FIA",23,"998","numeric",998,,"38548071d5aa652bb90c7f111f86b427f798a1c9"
"voleqdef.f",2368,2373,"R10_EQN","FIA",24,"2042","numeric",2042,,"38548071d5aa652bb90c7f111f86b427f798a1c9"
"voleqdef.f",2368,2373,"R10_EQN","FIA",25,"2098","numeric",2098,,"38548071d5aa652bb90c7f111f86b427f798a1c9"
"voleqdef.f",2368,2373,"R10_EQN","FIA",26,"2242","numeric",2242,,"38548071d5aa652bb90c7f111f86b427f798a1c9"
"voleqdef.f",2368,2373,"R10_EQN","FIA",27,"2263","numeric",2263,,"38548071d5aa652bb90c7f111f86b427f798a1c9"
"voleqdef.f",2377,2383,"R10_EQN","TONEQN",1,"'A00F32W260'","character",,"A00F32W260","38548071d5aa652bb90c7f111f86b427f798a1c9"
"voleqdef.f",2377,2383,"R10_EQN","TONEQN",2,"'A00F32W260'","character",,"A00F32W260","38548071d5aa652bb90c7f111f86b427f798a1c9"
"voleqdef.f",2377,2383,"R10_EQN","TONEQN",3,"'A00F32W042'","character",,"A00F32W042","38548071d5aa652bb90c7f111f86b427f798a1c9"
"voleqdef.f",2377,2383,"R10_EQN","TONEQN",4,"'A00DVEW094'","character",,"A00DVEW094","38548071d5aa652bb90c7f111f86b427f798a1c9"
"voleqdef.f",2377,2383,"R10_EQN","TONEQN",5,"'A00DVEW094'","character",,"A00DVEW094","38548071d5aa652bb90c7f111f86b427f798a1c9"
"voleqdef.f",2377,2383,"R10_EQN","TONEQN",6,"'A00DVEW094'","character",,"A00DVEW094","38548071d5aa652bb90c7f111f86b427f798a1c9"
"voleqdef.f",2377,2383,"R10_EQN","TONEQN",7,"'A00DVEW094'","character",,"A00DVEW094","38548071d5aa652bb90c7f111f86b427f798a1c9"
"voleqdef.f",2377,2383,"R10_EQN","TONEQN",8,"'A00F32W098'","character",,"A00F32W098","38548071d5aa652bb90c7f111f86b427f798a1c9"
"voleqdef.f",2377,2383,"R10_EQN","TONEQN",9,"'A00F32W260'","character",,"A00F32W260","38548071d5aa652bb90c7f111f86b427f798a1c9"
"voleqdef.f",2377,2383,"R10_EQN","TONEQN",10,"'A00F32W242'","character",,"A00F32W242","38548071d5aa652bb90c7f111f86b427f798a1c9"
"voleqdef.f",2377,2383,"R10_EQN","TONEQN",11,"'A00F32W260'","character",,"A00F32W260","38548071d5aa652bb90c7f111f86b427f798a1c9"
"voleqdef.f",2377,2383,"R10_EQN","TONEQN",12,"'A00F32W260'","character",,"A00F32W260","38548071d5aa652bb90c7f111f86b427f798a1c9"
"voleqdef.f",2377,2383,"R10_EQN","TONEQN",13,"'A00DVEW094'","character",,"A00DVEW094","38548071d5aa652bb90c7f111f86b427f798a1c9"
"voleqdef.f",2377,2383,"R10_EQN","TONEQN",14,"'A32CURW351'","character",,"A32CURW351","38548071d5aa652bb90c7f111f86b427f798a1c9"
"voleqdef.f",2377,2383,"R10_EQN","TONEQN",15,"'A32CURW351'","character",,"A32CURW351","38548071d5aa652bb90c7f111f86b427f798a1c9"
"voleqdef.f",2377,2383,"R10_EQN","TONEQN",16,"'A00DVEW375'","character",,"A00DVEW375","38548071d5aa652bb90c7f111f86b427f798a1c9"
"voleqdef.f",2377,2383,"R10_EQN","TONEQN",17,"'A00DVEW375'","character",,"A00DVEW375","38548071d5aa652bb90c7f111f86b427f798a1c9"
"voleqdef.f",2377,2383,"R10_EQN","TONEQN",18,"'A00DVEW747'","character",,"A00DVEW747","38548071d5aa652bb90c7f111f86b427f798a1c9"
"voleqdef.f",2377,2383,"R10_EQN","TONEQN",19,"'A00DVEW375'","character",,"A00DVEW375","38548071d5aa652bb90c7f111f86b427f798a1c9"
"voleqdef.f",2377,2383,"R10_EQN","TONEQN",20,"'A00DVEW747'","character",,"A00DVEW747","38548071d5aa652bb90c7f111f86b427f798a1c9"
"voleqdef.f",2377,2383,"R10_EQN","TONEQN",21,"'A00DVEW747'","character",,"A00DVEW747","38548071d5aa652bb90c7f111f86b427f798a1c9"
"voleqdef.f",2377,2383,"R10_EQN","TONEQN",22,"'A00DVEW747'","character",,"A00DVEW747","38548071d5aa652bb90c7f111f86b427f798a1c9"
"voleqdef.f",2377,2383,"R10_EQN","TONEQN",23,"'A00DVEW747'","character",,"A00DVEW747","38548071d5aa652bb90c7f111f86b427f798a1c9"
"voleqdef.f",2377,2383,"R10_EQN","TONEQN",24,"'A02F32W042'","character",,"A02F32W042","38548071d5aa652bb90c7f111f86b427f798a1c9"
"voleqdef.f",2377,2383,"R10_EQN","TONEQN",25,"'A02F32W098'","character",,"A02F32W098","38548071d5aa652bb90c7f111f86b427f798a1c9"
"voleqdef.f",2377,2383,"R10_EQN","TONEQN",26,"'A02F32W242'","character",,"A02F32W242","38548071d5aa652bb90c7f111f86b427f798a1c9"
"voleqdef.f",2377,2383,"R10_EQN","TONEQN",27,"'A02F32W263'","character",,"A02F32W263","38548071d5aa652bb90c7f111f86b427f798a1c9"
"voleqdef.f",2387,2393,"R10_EQN","CHUEQN",1,"'A01DEMW000'","character",,"A01DEMW000","38548071d5aa652bb90c7f111f86b427f798a1c9"
"voleqdef.f",2387,2393,"R10_EQN","CHUEQN",2,"'A01DEMW000'","character",,"A01DEMW000","38548071d5aa652bb90c7f111f86b427f798a1c9"
"voleqdef.f",2387,2393,"R10_EQN","CHUEQN",3,"'A00DVEW094'","character",,"A00DVEW094","38548071d5aa652bb90c7f111f86b427f798a1c9"
"voleqdef.f",2387,2393,"R10_EQN","CHUEQN",4,"'A00DVEW094'","character",,"A00DVEW094","38548071d5aa652bb90c7f111f86b427f798a1c9"
"voleqdef.f",2387,2393,"R10_EQN","CHUEQN",5,"'A00DVEW094'","character",,"A00DVEW094","38548071d5aa652bb90c7f111f86b427f798a1c9"
"voleqdef.f",2387,2393,"R10_EQN","CHUEQN",6,"'A00DVEW094'","character",,"A00DVEW094","38548071d5aa652bb90c7f111f86b427f798a1c9"
"voleqdef.f",2387,2393,"R10_EQN","CHUEQN",7,"'A00DVEW094'","character",,"A00DVEW094","38548071d5aa652bb90c7f111f86b427f798a1c9"
"voleqdef.f",2387,2393,"R10_EQN","CHUEQN",8,"'A00F32W098'","character",,"A00F32W098","38548071d5aa652bb90c7f111f86b427f798a1c9"
"voleqdef.f",2387,2393,"R10_EQN","CHUEQN",9,"'A01DEMW000'","character",,"A01DEMW000","38548071d5aa652bb90c7f111f86b427f798a1c9"
"voleqdef.f",2387,2393,"R10_EQN","CHUEQN",10,"'A01DEMW000'","character",,"A01DEMW000","38548071d5aa652bb90c7f111f86b427f798a1c9"
"voleqdef.f",2387,2393,"R10_EQN","CHUEQN",11,"'A00F32W260'","character",,"A00F32W260","38548071d5aa652bb90c7f111f86b427f798a1c9"
"voleqdef.f",2387,2393,"R10_EQN","CHUEQN",12,"'A01DEMW000'","character",,"A01DEMW000","38548071d5aa652bb90c7f111f86b427f798a1c9"
"voleqdef.f",2387,2393,"R10_EQN","CHUEQN",13,"'A00DVEW094'","character",,"A00DVEW094","38548071d5aa652bb90c7f111f86b427f798a1c9"
"voleqdef.f",2387,2393,"R10_EQN","CHUEQN",14,"'A32CURW351'","character",,"A32CURW351","38548071d5aa652bb90c7f111f86b427f798a1c9"
"voleqdef.f",2387,2393,"R10_EQN","CHUEQN",15,"'A32CURW351'","character",,"A32CURW351","38548071d5aa652bb90c7f111f86b427f798a1c9"
"voleqdef.f",2387,2393,"R10_EQN","CHUEQN",16,"'A00DVEW375'","character",,"A00DVEW375","38548071d5aa652bb90c7f111f86b427f798a1c9"
"voleqdef.f",2387,2393,"R10_EQN","CHUEQN",17,"'A00DVEW375'","character",,"A00DVEW375","38548071d5aa652bb90c7f111f86b427f798a1c9"
"voleqdef.f",2387,2393,"R10_EQN","CHUEQN",18,"'A00DVEW747'","character",,"A00DVEW747","38548071d5aa652bb90c7f111f86b427f798a1c9"
"voleqdef.f",2387,2393,"R10_EQN","CHUEQN",19,"'A00DVEW375'","character",,"A00DVEW375","38548071d5aa652bb90c7f111f86b427f798a1c9"
"voleqdef.f",2387,2393,"R10_EQN","CHUEQN",20,"'A00DVEW747'","character",,"A00DVEW747","38548071d5aa652bb90c7f111f86b427f798a1c9"
"voleqdef.f",2387,2393,"R10_EQN","CHUEQN",21,"'A00DVEW747'","character",,"A00DVEW747","38548071d5aa652bb90c7f111f86b427f798a1c9"
"voleqdef.f",2387,2393,"R10_EQN","CHUEQN",22,"'A00DVEW747'","character",,"A00DVEW747","38548071d5aa652bb90c7f111f86b427f798a1c9"
"voleqdef.f",2387,2393,"R10_EQN","CHUEQN",23,"'A00DVEW747'","character",,"A00DVEW747","38548071d5aa652bb90c7f111f86b427f798a1c9"
"voleqdef.f",2387,2393,"R10_EQN","CHUEQN",24,"'A02F32W042'","character",,"A02F32W042","38548071d5aa652bb90c7f111f86b427f798a1c9"
"voleqdef.f",2387,2393,"R10_EQN","CHUEQN",25,"'A02F32W098'","character",,"A02F32W098","38548071d5aa652bb90c7f111f86b427f798a1c9"
"voleqdef.f",2387,2393,"R10_EQN","CHUEQN",26,"'A02F32W242'","character",,"A02F32W242","38548071d5aa652bb90c7f111f86b427f798a1c9"
"voleqdef.f",2387,2393,"R10_EQN","CHUEQN",27,"'A02F32W263'","character",,"A02F32W263","38548071d5aa652bb90c7f111f86b427f798a1c9"
"voleqdef.f",2397,2403,"R10_EQN","OTHEREQN",1,"'A00FW2W042'","character",,"A00FW2W042","38548071d5aa652bb90c7f111f86b427f798a1c9"
"voleqdef.f",2397,2403,"R10_EQN","OTHEREQN",2,"'A16DEMW042'","character",,"A16DEMW042","38548071d5aa652bb90c7f111f86b427f798a1c9"
"voleqdef.f",2397,2403,"R10_EQN","OTHEREQN",3,"'A61DEMW042'","character",,"A61DEMW042","38548071d5aa652bb90c7f111f86b427f798a1c9"
"voleqdef.f",2397,2403,"R10_EQN","OTHEREQN",4,"'A32DEMW042'","character",,"A32DEMW042","38548071d5aa652bb90c7f111f86b427f798a1c9"
"voleqdef.f",2397,2403,"R10_EQN","OTHEREQN",5,"'A01DVEW094'","character",,"A01DVEW094","38548071d5aa652bb90c7f111f86b427f798a1c9"
"voleqdef.f",2397,2403,"R10_EQN","OTHEREQN",6,"'A02DVEW094'","character",,"A02DVEW094","38548071d5aa652bb90c7f111f86b427f798a1c9"
"voleqdef.f",2397,2403,"R10_EQN","OTHEREQN",7,"'A16DEMW098'","character",,"A16DEMW098","38548071d5aa652bb90c7f111f86b427f798a1c9"
"voleqdef.f",2397,2403,"R10_EQN","OTHEREQN",8,"'A00FW2W098'","character",,"A00FW2W098","38548071d5aa652bb90c7f111f86b427f798a1c9"
"voleqdef.f",2397,2403,"R10_EQN","OTHEREQN",9,"'A02F32W098'","character",,"A02F32W098","38548071d5aa652bb90c7f111f86b427f798a1c9"
"voleqdef.f",2397,2403,"R10_EQN","OTHEREQN",10,"'A02FW2W098'","character",,"A02FW2W098","38548071d5aa652bb90c7f111f86b427f798a1c9"
"voleqdef.f",2397,2403,"R10_EQN","OTHEREQN",11,"'A02DEMW000'","character",,"A02DEMW000","38548071d5aa652bb90c7f111f86b427f798a1c9"
"voleqdef.f",2397,2403,"R10_EQN","OTHEREQN",12,"'A32CURW000'","character",,"A32CURW000","38548071d5aa652bb90c7f111f86b427f798a1c9"
"voleqdef.f",2397,2403,"R10_EQN","OTHEREQN",13,"'A32DEMW098'","character",,"A32DEMW098","38548071d5aa652bb90c7f111f86b427f798a1c9"
"voleqdef.f",2397,2403,"R10_EQN","OTHEREQN",14,"'A61DEMW098'","character",,"A61DEMW098","38548071d5aa652bb90c7f111f86b427f798a1c9"
"voleqdef.f",2397,2403,"R10_EQN","OTHEREQN",15,"'A00FW2W242'","character",,"A00FW2W242","38548071d5aa652bb90c7f111f86b427f798a1c9"
"voleqdef.f",2397,2403,"R10_EQN","OTHEREQN",16,"'A61DEMW242'","character",,"A61DEMW242","38548071d5aa652bb90c7f111f86b427f798a1c9"
"voleqdef.f",2397,2403,"R10_EQN","OTHEREQN",17,"'A16DEMW242'","character",,"A16DEMW242","38548071d5aa652bb90c7f111f86b427f798a1c9"
"voleqdef.f",2397,2403,"R10_EQN","OTHEREQN",18,"'A32DEMW242'","character",,"A32DEMW242","38548071d5aa652bb90c7f111f86b427f798a1c9"
"voleqdef.f",2397,2403,"R10_EQN","OTHEREQN",19,"'A00FW2W260'","character",,"A00FW2W260","38548071d5aa652bb90c7f111f86b427f798a1c9"
"voleqdef.f",2397,2403,"R10_EQN","OTHEREQN",20,"'A02F32W260'","character",,"A02F32W260","38548071d5aa652bb90c7f111f86b427f798a1c9"
"voleqdef.f",2397,2403,"R10_EQN","OTHEREQN",21,"'A02FW2W260'","character",,"A02FW2W260","38548071d5aa652bb90c7f111f86b427f798a1c9"
"voleqdef.f",2397,2403,"R10_EQN","OTHEREQN",22,"'A16CURW260'","character",,"A16CURW260","38548071d5aa652bb90c7f111f86b427f798a1c9"
"voleqdef.f",2397,2403,"R10_EQN","OTHEREQN",23,"'A01DVEW375'","character",,"A01DVEW375","38548071d5aa652bb90c7f111f86b427f798a1c9"
"voleqdef.f",2397,2403,"R10_EQN","OTHEREQN",24,"'A01DVEW747'","character",,"A01DVEW747","38548071d5aa652bb90c7f111f86b427f798a1c9"
"voleqdef.f",2397,2403,"R10_EQN","OTHEREQN",25,"'A00DVEW108'","character",,"A00DVEW108","38548071d5aa652bb90c7f111f86b427f798a1c9"
"voleqdef.f",2397,2403,"R10_EQN","OTHEREQN",26,"'A00DVEW310'","character",,"A00DVEW310","38548071d5aa652bb90c7f111f86b427f798a1c9"
"voleqdef.f",2397,2403,"R10_EQN","OTHEREQN",27,"'A00DVEW351'","character",,"A00DVEW351","38548071d5aa652bb90c7f111f86b427f798a1c9"
"voleqdef.f",2599,2609,"R5_PNWEQN","(FIA(I),I=1,91)",1,"11","numeric",11,,"38548071d5aa652bb90c7f111f86b427f798a1c9"
"voleqdef.f",2599,2609,"R5_PNWEQN","(FIA(I),I=1,91)",2,"14","numeric",14,,"38548071d5aa652bb90c7f111f86b427f798a1c9"
"voleqdef.f",2599,2609,"R5_PNWEQN","(FIA(I),I=1,91)",3,"15","numeric",15,,"38548071d5aa652bb90c7f111f86b427f798a1c9"
"voleqdef.f",2599,2609,"R5_PNWEQN","(FIA(I),I=1,91)",4,"17","numeric",17,,"38548071d5aa652bb90c7f111f86b427f798a1c9"
"voleqdef.f",2599,2609,"R5_PNWEQN","(FIA(I),I=1,91)",5,"19","numeric",19,,"38548071d5aa652bb90c7f111f86b427f798a1c9"
"voleqdef.f",2599,2609,"R5_PNWEQN","(FIA(I),I=1,91)",6,"20","numeric",20,,"38548071d5aa652bb90c7f111f86b427f798a1c9"
"voleqdef.f",2599,2609,"R5_PNWEQN","(FIA(I),I=1,91)",7,"21","numeric",21,,"38548071d5aa652bb90c7f111f86b427f798a1c9"
"voleqdef.f",2599,2609,"R5_PNWEQN","(FIA(I),I=1,91)",8,"22","numeric",22,,"38548071d5aa652bb90c7f111f86b427f798a1c9"
"voleqdef.f",2599,2609,"R5_PNWEQN","(FIA(I),I=1,91)",9,"41","numeric",41,,"38548071d5aa652bb90c7f111f86b427f798a1c9"
"voleqdef.f",2599,2609,"R5_PNWEQN","(FIA(I),I=1,91)",10,"42","numeric",42,,"38548071d5aa652bb90c7f111f86b427f798a1c9"
"voleqdef.f",2599,2609,"R5_PNWEQN","(FIA(I),I=1,91)",11,"50","numeric",50,,"38548071d5aa652bb90c7f111f86b427f798a1c9"
"voleqdef.f",2599,2609,"R5_PNWEQN","(FIA(I),I=1,91)",12,"51","numeric",51,,"38548071d5aa652bb90c7f111f86b427f798a1c9"
"voleqdef.f",2599,2609,"R5_PNWEQN","(FIA(I),I=1,91)",13,"56","numeric",56,,"38548071d5aa652bb90c7f111f86b427f798a1c9"
"voleqdef.f",2599,2609,"R5_PNWEQN","(FIA(I),I=1,91)",14,"62","numeric",62,,"38548071d5aa652bb90c7f111f86b427f798a1c9"
"voleqdef.f",2599,2609,"R5_PNWEQN","(FIA(I),I=1,91)",15,"64","numeric",64,,"38548071d5aa652bb90c7f111f86b427f798a1c9"
"voleqdef.f",2599,2609,"R5_PNWEQN","(FIA(I),I=1,91)",16,"65","numeric",65,,"38548071d5aa652bb90c7f111f86b427f798a1c9"
"voleqdef.f",2599,2609,"R5_PNWEQN","(FIA(I),I=1,91)",17,"72","numeric",72,,"38548071d5aa652bb90c7f111f86b427f798a1c9"
"voleqdef.f",2599,2609,"R5_PNWEQN","(FIA(I),I=1,91)",18,"73","numeric",73,,"38548071d5aa652bb90c7f111f86b427f798a1c9"
"voleqdef.f",2599,2609,"R5_PNWEQN","(FIA(I),I=1,91)",19,"81","numeric",81,,"38548071d5aa652bb90c7f111f86b427f798a1c9"
"voleqdef.f",2599,2609,"R5_PNWEQN","(FIA(I),I=1,91)",20,"92","numeric",92,,"38548071d5aa652bb90c7f111f86b427f798a1c9"
"voleqdef.f",2599,2609,"R5_PNWEQN","(FIA(I),I=1,91)",21,"93","numeric",93,,"38548071d5aa652bb90c7f111f86b427f798a1c9"
"voleqdef.f",2599,2609,"R5_PNWEQN","(FIA(I),I=1,91)",22,"98","numeric",98,,"38548071d5aa652bb90c7f111f86b427f798a1c9"
"voleqdef.f",2599,2609,"R5_PNWEQN","(FIA(I),I=1,91)",23,"101","numeric",101,,"38548071d5aa652bb90c7f111f86b427f798a1c9"
"voleqdef.f",2599,2609,"R5_PNWEQN","(FIA(I),I=1,91)",24,"102","numeric",102,,"38548071d5aa652bb90c7f111f86b427f798a1c9"
"voleqdef.f",2599,2609,"R5_PNWEQN","(FIA(I),I=1,91)",25,"103","numeric",103,,"38548071d5aa652bb90c7f111f86b427f798a1c9"
"voleqdef.f",2599,2609,"R5_PNWEQN","(FIA(I),I=1,91)",26,"104","numeric",104,,"38548071d5aa652bb90c7f111f86b427f798a1c9"
"voleqdef.f",2599,2609,"R5_PNWEQN","(FIA(I),I=1,91)",27,"108","numeric",108,,"38548071d5aa652bb90c7f111f86b427f798a1c9"
"voleqdef.f",2599,2609,"R5_PNWEQN","(FIA(I),I=1,91)",28,"109","numeric",109,,"38548071d5aa652bb90c7f111f86b427f798a1c9"
"voleqdef.f",2599,2609,"R5_PNWEQN","(FIA(I),I=1,91)",29,"113","numeric",113,,"38548071d5aa652bb90c7f111f86b427f798a1c9"
"voleqdef.f",2599,2609,"R5_PNWEQN","(FIA(I),I=1,91)",30,"116","numeric",116,,"38548071d5aa652bb90c7f111f86b427f798a1c9"
"voleqdef.f",2599,2609,"R5_PNWEQN","(FIA(I),I=1,91)",31,"117","numeric",117,,"38548071d5aa652bb90c7f111f86b427f798a1c9"
"voleqdef.f",2599,2609,"R5_PNWEQN","(FIA(I),I=1,91)",32,"119","numeric",119,,"38548071d5aa652bb90c7f111f86b427f798a1c9"
"voleqdef.f",2599,2609,"R5_PNWEQN","(FIA(I),I=1,91)",33,"120","numeric",120,,"38548071d5aa652bb90c7f111f86b427f798a1c9"
"voleqdef.f",2599,2609,"R5_PNWEQN","(FIA(I),I=1,91)",34,"122","numeric",122,,"38548071d5aa652bb90c7f111f86b427f798a1c9"
"voleqdef.f",2599,2609,"R5_PNWEQN","(FIA(I),I=1,91)",35,"124","numeric",124,,"38548071d5aa652bb90c7f111f86b427f798a1c9"
"voleqdef.f",2599,2609,"R5_PNWEQN","(FIA(I),I=1,91)",36,"127","numeric",127,,"38548071d5aa652bb90c7f111f86b427f798a1c9"
"voleqdef.f",2599,2609,"R5_PNWEQN","(FIA(I),I=1,91)",37,"130","numeric",130,,"38548071d5aa652bb90c7f111f86b427f798a1c9"
"voleqdef.f",2599,2609,"R5_PNWEQN","(FIA(I),I=1,91)",38,"133","numeric",133,,"38548071d5aa652bb90c7f111f86b427f798a1c9"
"voleqdef.f",2599,2609,"R5_PNWEQN","(FIA(I),I=1,91)",39,"137","numeric",137,,"38548071d5aa652bb90c7f111f86b427f798a1c9"
"voleqdef.f",2599,2609,"R5_PNWEQN","(FIA(I),I=1,91)",40,"142","numeric",142,,"38548071d5aa652bb90c7f111f86b427f798a1c9"
"voleqdef.f",2599,2609,"R5_PNWEQN","(FIA(I),I=1,91)",41,"201","numeric",201,,"38548071d5aa652bb90c7f111f86b427f798a1c9"
"voleqdef.f",2599,2609,"R5_PNWEQN","(FIA(I),I=1,91)",42,"202","numeric",202,,"38548071d5aa652bb90c7f111f86b427f798a1c9"
"voleqdef.f",2599,2609,"R5_PNWEQN","(FIA(I),I=1,91)",43,"211","numeric",211,,"38548071d5aa652bb90c7f111f86b427f798a1c9"
"voleqdef.f",2599,2609,"R5_PNWEQN","(FIA(I),I=1,91)",44,"212","numeric",212,,"38548071d5aa652bb90c7f111f86b427f798a1c9"
"voleqdef.f",2599,2609,"R5_PNWEQN","(FIA(I),I=1,91)",45,"231","numeric",231,,"38548071d5aa652bb90c7f111f86b427f798a1c9"
"voleqdef.f",2599,2609,"R5_PNWEQN","(FIA(I),I=1,91)",46,"242","numeric",242,,"38548071d5aa652bb90c7f111f86b427f798a1c9"
"voleqdef.f",2599,2609,"R5_PNWEQN","(FIA(I),I=1,91)",47,"251","numeric",251,,"38548071d5aa652bb90c7f111f86b427f798a1c9"
"voleqdef.f",2599,2609,"R5_PNWEQN","(FIA(I),I=1,91)",48,"263","numeric",263,,"38548071d5aa652bb90c7f111f86b427f798a1c9"
"voleqdef.f",2599,2609,"R5_PNWEQN","(FIA(I),I=1,91)",49,"264","numeric",264,,"38548071d5aa652bb90c7f111f86b427f798a1c9"
"voleqdef.f",2599,2609,"R5_PNWEQN","(FIA(I),I=1,91)",50,"299","numeric",299,,"38548071d5aa652bb90c7f111f86b427f798a1c9"
"voleqdef.f",2599,2609,"R5_PNWEQN","(FIA(I),I=1,91)",51,"301","numeric",301,,"38548071d5aa652bb90c7f111f86b427f798a1c9"
"voleqdef.f",2599,2609,"R5_PNWEQN","(FIA(I),I=1,91)",52,"312","numeric",312,,"38548071d5aa652bb90c7f111f86b427f798a1c9"
"voleqdef.f",2599,2609,"R5_PNWEQN","(FIA(I),I=1,91)",53,"313","numeric",313,,"38548071d5aa652bb90c7f111f86b427f798a1c9"
"voleqdef.f",2599,2609,"R5_PNWEQN","(FIA(I),I=1,91)",54,"330","numeric",330,,"38548071d5aa652bb90c7f111f86b427f798a1c9"
"voleqdef.f",2599,2609,"R5_PNWEQN","(FIA(I),I=1,91)",55,"333","numeric",333,,"38548071d5aa652bb90c7f111f86b427f798a1c9"
"voleqdef.f",2599,2609,"R5_PNWEQN","(FIA(I),I=1,91)",56,"341","numeric",341,,"38548071d5aa652bb90c7f111f86b427f798a1c9"
"voleqdef.f",2599,2609,"R5_PNWEQN","(FIA(I),I=1,91)",57,"351","numeric",351,,"38548071d5aa652bb90c7f111f86b427f798a1c9"
"voleqdef.f",2599,2609,"R5_PNWEQN","(FIA(I),I=1,91)",58,"352","numeric",352,,"38548071d5aa652bb90c7f111f86b427f798a1c9"
"voleqdef.f",2599,2609,"R5_PNWEQN","(FIA(I),I=1,91)",59,"361","numeric",361,,"38548071d5aa652bb90c7f111f86b427f798a1c9"
"voleqdef.f",2599,2609,"R5_PNWEQN","(FIA(I),I=1,91)",60,"374","numeric",374,,"38548071d5aa652bb90c7f111f86b427f798a1c9"
"voleqdef.f",2599,2609,"R5_PNWEQN","(FIA(I),I=1,91)",61,"431","numeric",431,,"38548071d5aa652bb90c7f111f86b427f798a1c9"
"voleqdef.f",2599,2609,"R5_PNWEQN","(FIA(I),I=1,91)",62,"475","numeric",475,,"38548071d5aa652bb90c7f111f86b427f798a1c9"
"voleqdef.f",2599,2609,"R5_PNWEQN","(FIA(I),I=1,91)",63,"478","numeric",478,,"38548071d5aa652bb90c7f111f86b427f798a1c9"
"voleqdef.f",2599,2609,"R5_PNWEQN","(FIA(I),I=1,91)",64,"492","numeric",492,,"38548071d5aa652bb90c7f111f86b427f798a1c9"
"voleqdef.f",2599,2609,"R5_PNWEQN","(FIA(I),I=1,91)",65,"510","numeric",510,,"38548071d5aa652bb90c7f111f86b427f798a1c9"
"voleqdef.f",2599,2609,"R5_PNWEQN","(FIA(I),I=1,91)",66,"542","numeric",542,,"38548071d5aa652bb90c7f111f86b427f798a1c9"
"voleqdef.f",2599,2609,"R5_PNWEQN","(FIA(I),I=1,91)",67,"590","numeric",590,,"38548071d5aa652bb90c7f111f86b427f798a1c9"
"voleqdef.f",2599,2609,"R5_PNWEQN","(FIA(I),I=1,91)",68,"600","numeric",600,,"38548071d5aa652bb90c7f111f86b427f798a1c9"
"voleqdef.f",2599,2609,"R5_PNWEQN","(FIA(I),I=1,91)",69,"631","numeric",631,,"38548071d5aa652bb90c7f111f86b427f798a1c9"
"voleqdef.f",2599,2609,"R5_PNWEQN","(FIA(I),I=1,91)",70,"660","numeric",660,,"38548071d5aa652bb90c7f111f86b427f798a1c9"
"voleqdef.f",2599,2609,"R5_PNWEQN","(FIA(I),I=1,91)",71,"671","numeric",671,,"38548071d5aa652bb90c7f111f86b427f798a1c9"
"voleqdef.f",2599,2609,"R5_PNWEQN","(FIA(I),I=1,91)",72,"730","numeric",730,,"38548071d5aa652bb90c7f111f86b427f798a1c9"
"voleqdef.f",2599,2609,"R5_PNWEQN","(FIA(I),I=1,91)",73,"746","numeric",746,,"38548071d5aa652bb90c7f111f86b427f798a1c9"
"voleqdef.f",2599,2609,"R5_PNWEQN","(FIA(I),I=1,91)",74,"747","numeric",747,,"38548071d5aa652bb90c7f111f86b427f798a1c9"
"voleqdef.f",2599,2609,"R5_PNWEQN","(FIA(I),I=1,91)",75,"748","numeric",748,,"38548071d5aa652bb90c7f111f86b427f798a1c9"
"voleqdef.f",2599,2609,"R5_PNWEQN","(FIA(I),I=1,91)",76,"760","numeric",760,,"38548071d5aa652bb90c7f111f86b427f798a1c9"
"voleqdef.f",2599,2609,"R5_PNWEQN","(FIA(I),I=1,91)",77,"768","numeric",768,,"38548071d5aa652bb90c7f111f86b427f798a1c9"
"voleqdef.f",2599,2609,"R5_PNWEQN","(FIA(I),I=1,91)",78,"800","numeric",800,,"38548071d5aa652bb90c7f111f86b427f798a1c9"
"voleqdef.f",2599,2609,"R5_PNWEQN","(FIA(I),I=1,91)",79,"801","numeric",801,,"38548071d5aa652bb90c7f111f86b427f798a1c9"
"voleqdef.f",2599,2609,"R5_PNWEQN","(FIA(I),I=1,91)",80,"805","numeric",805,,"38548071d5aa652bb90c7f111f86b427f798a1c9"
"voleqdef.f",2599,2609,"R5_PNWEQN","(FIA(I),I=1,91)",81,"807","numeric",807,,"38548071d5aa652bb90c7f111f86b427f798a1c9"
"voleqdef.f",2599,2609,"R5_PNWEQN","(FIA(I),I=1,91)",82,"811","numeric",811,,"38548071d5aa652bb90c7f111f86b427f798a1c9"
"voleqdef.f",2599,2609,"R5_PNWEQN","(FIA(I),I=1,91)",83,"815","numeric",815,,"38548071d5aa652bb90c7f111f86b427f798a1c9"
"voleqdef.f",2599,2609,"R5_PNWEQN","(FIA(I),I=1,91)",84,"818","numeric",818,,"38548071d5aa652bb90c7f111f86b427f798a1c9"
"voleqdef.f",2599,2609,"R5_PNWEQN","(FIA(I),I=1,91)",85,"821","numeric",821,,"38548071d5aa652bb90c7f111f86b427f798a1c9"
"voleqdef.f",2599,2609,"R5_PNWEQN","(FIA(I),I=1,91)",86,"839","numeric",839,,"38548071d5aa652bb90c7f111f86b427f798a1c9"
"voleqdef.f",2599,2609,"R5_PNWEQN","(FIA(I),I=1,91)",87,"901","numeric",901,,"38548071d5aa652bb90c7f111f86b427f798a1c9"
"voleqdef.f",2599,2609,"R5_PNWEQN","(FIA(I),I=1,91)",88,"920","numeric",920,,"38548071d5aa652bb90c7f111f86b427f798a1c9"
"voleqdef.f",2599,2609,"R5_PNWEQN","(FIA(I),I=1,91)",89,"981","numeric",981,,"38548071d5aa652bb90c7f111f86b427f798a1c9"
"voleqdef.f",2599,2609,"R5_PNWEQN","(FIA(I),I=1,91)",90,"998","numeric",998,,"38548071d5aa652bb90c7f111f86b427f798a1c9"
"voleqdef.f",2599,2609,"R5_PNWEQN","(FIA(I),I=1,91)",91,"999","numeric",999,,"38548071d5aa652bb90c7f111f86b427f798a1c9"
"voleqdef.f",2610,2648,"R5_PNWEQN","(EQNUM(I),I=1,91)",1,"'616TRFW264'","character",,"616TRFW264","38548071d5aa652bb90c7f111f86b427f798a1c9"
"voleqdef.f",2610,2648,"R5_PNWEQN","(EQNUM(I),I=1,91)",2,"'516TRFW021'","character",,"516TRFW021","38548071d5aa652bb90c7f111f86b427f798a1c9"
"voleqdef.f",2610,2648,"R5_PNWEQN","(EQNUM(I),I=1,91)",3,"'516TRFW015'","character",,"516TRFW015","38548071d5aa652bb90c7f111f86b427f798a1c9"
"voleqdef.f",2610,2648,"R5_PNWEQN","(EQNUM(I),I=1,91)",4,"'516TRFW015'","character",,"516TRFW015","38548071d5aa652bb90c7f111f86b427f798a1c9"
"voleqdef.f",2610,2648,"R5_PNWEQN","(EQNUM(I),I=1,91)",5,"'516TRFW021'","character",,"516TRFW021","38548071d5aa652bb90c7f111f86b427f798a1c9"
"voleqdef.f",2610,2648,"R5_PNWEQN","(EQNUM(I),I=1,91)",6,"'516TRFW021'","character",,"516TRFW021","38548071d5aa652bb90c7f111f86b427f798a1c9"
"voleqdef.f",2610,2648,"R5_PNWEQN","(EQNUM(I),I=1,91)",7,"'516TRFW021'","character",,"516TRFW021","38548071d5aa652bb90c7f111f86b427f798a1c9"
"voleqdef.f",2610,2648,"R5_PNWEQN","(EQNUM(I),I=1,91)",8,"'516TRFW021'","character",,"516TRFW021","38548071d5aa652bb90c7f111f86b427f798a1c9"
"voleqdef.f",2610,2648,"R5_PNWEQN","(EQNUM(I),I=1,91)",9,"'616TRFW242'","character",,"616TRFW242","38548071d5aa652bb90c7f111f86b427f798a1c9"
"voleqdef.f",2610,2648,"R5_PNWEQN","(EQNUM(I),I=1,91)",10,"'616TRFW242'","character",,"616TRFW242","38548071d5aa652bb90c7f111f86b427f798a1c9"
"voleqdef.f",2610,2648,"R5_PNWEQN","(EQNUM(I),I=1,91)",11,"'516TRFW081'","character",,"516TRFW081","38548071d5aa652bb90c7f111f86b427f798a1c9"
"voleqdef.f",2610,2648,"R5_PNWEQN","(EQNUM(I),I=1,91)",12,"'516TRFW081'","character",,"516TRFW081","38548071d5aa652bb90c7f111f86b427f798a1c9"
"voleqdef.f",2610,2648,"R5_PNWEQN","(EQNUM(I),I=1,91)",13,"'516TRFW081'","character",,"516TRFW081","38548071d5aa652bb90c7f111f86b427f798a1c9"
"voleqdef.f",2610,2648,"R5_PNWEQN","(EQNUM(I),I=1,91)",14,"'516TRFW060'","character",,"516TRFW060","38548071d5aa652bb90c7f111f86b427f798a1c9"
"voleqdef.f",2610,2648,"R5_PNWEQN","(EQNUM(I),I=1,91)",15,"'516TRFW060'","character",,"516TRFW060","38548071d5aa652bb90c7f111f86b427f798a1c9"
"voleqdef.f",2610,2648,"R5_PNWEQN","(EQNUM(I),I=1,91)",16,"'516TRFW060'","character",,"516TRFW060","38548071d5aa652bb90c7f111f86b427f798a1c9"
"voleqdef.f",2610,2648,"R5_PNWEQN","(EQNUM(I),I=1,91)",17,"'616TRFW073'","character",,"616TRFW073","38548071d5aa652bb90c7f111f86b427f798a1c9"
"voleqdef.f",2610,2648,"R5_PNWEQN","(EQNUM(I),I=1,91)",18,"'616TRFW073'","character",,"616TRFW073","38548071d5aa652bb90c7f111f86b427f798a1c9"
"voleqdef.f",2610,2648,"R5_PNWEQN","(EQNUM(I),I=1,91)",19,"'516TRFW081'","character",,"516TRFW081","38548071d5aa652bb90c7f111f86b427f798a1c9"
"voleqdef.f",2610,2648,"R5_PNWEQN","(EQNUM(I),I=1,91)",20,"'616TRFW094'","character",,"616TRFW094","38548071d5aa652bb90c7f111f86b427f798a1c9"
"voleqdef.f",2610,2648,"R5_PNWEQN","(EQNUM(I),I=1,91)",21,"'616TRFW094'","character",,"616TRFW094","38548071d5aa652bb90c7f111f86b427f798a1c9"
"voleqdef.f",2610,2648,"R5_PNWEQN","(EQNUM(I),I=1,91)",22,"'616TRFW094'","character",,"616TRFW094","38548071d5aa652bb90c7f111f86b427f798a1c9"
"voleqdef.f",2610,2648,"R5_PNWEQN","(EQNUM(I),I=1,91)",23,"'516TRFW117'","character",,"516TRFW117","38548071d5aa652bb90c7f111f86b427f798a1c9"
"voleqdef.f",2610,2648,"R5_PNWEQN","(EQNUM(I),I=1,91)",24,"'516TRFW108'","character",,"516TRFW108","38548071d5aa652bb90c7f111f86b427f798a1c9"
"voleqdef.f",2610,2648,"R5_PNWEQN","(EQNUM(I),I=1,91)",25,"'516TRFW108'","character",,"516TRFW108","38548071d5aa652bb90c7f111f86b427f798a1c9"
"voleqdef.f",2610,2648,"R5_PNWEQN","(EQNUM(I),I=1,91)",26,"'516TRFW108'","character",,"516TRFW108","38548071d5aa652bb90c7f111f86b427f798a1c9"
"voleqdef.f",2610,2648,"R5_PNWEQN","(EQNUM(I),I=1,91)",27,"'516TRFW108'","character",,"516TRFW108","38548071d5aa652bb90c7f111f86b427f798a1c9"
"voleqdef.f",2610,2648,"R5_PNWEQN","(EQNUM(I),I=1,91)",28,"'516TRFW122'","character",,"516TRFW122","38548071d5aa652bb90c7f111f86b427f798a1c9"
"voleqdef.f",2610,2648,"R5_PNWEQN","(EQNUM(I),I=1,91)",29,"'516TRFW108'","character",,"516TRFW108","38548071d5aa652bb90c7f111f86b427f798a1c9"
"voleqdef.f",2610,2648,"R5_PNWEQN","(EQNUM(I),I=1,91)",30,"'516TRFW122'","character",,"516TRFW122","38548071d5aa652bb90c7f111f86b427f798a1c9"
"voleqdef.f",2610,2648,"R5_PNWEQN","(EQNUM(I),I=1,91)",31,"'516TRFW117'","character",,"516TRFW117","38548071d5aa652bb90c7f111f86b427f798a1c9"
"voleqdef.f",2610,2648,"R5_PNWEQN","(EQNUM(I),I=1,91)",32,"'516TRFW117'","character",,"516TRFW117","38548071d5aa652bb90c7f111f86b427f798a1c9"
"voleqdef.f",2610,2648,"R5_PNWEQN","(EQNUM(I),I=1,91)",33,"'516TRFW108'","character",,"516TRFW108","38548071d5aa652bb90c7f111f86b427f798a1c9"
"voleqdef.f",2610,2648,"R5_PNWEQN","(EQNUM(I),I=1,91)",34,"'516TRFW122'","character",,"516TRFW122","38548071d5aa652bb90c7f111f86b427f798a1c9"
"voleqdef.f",2610,2648,"R5_PNWEQN","(EQNUM(I),I=1,91)",35,"'516TRFW108'","character",,"516TRFW108","38548071d5aa652bb90c7f111f86b427f798a1c9"
"voleqdef.f",2610,2648,"R5_PNWEQN","(EQNUM(I),I=1,91)",36,"'516TRFW122'","character",,"516TRFW122","38548071d5aa652bb90c7f111f86b427f798a1c9"
"voleqdef.f",2610,2648,"R5_PNWEQN","(EQNUM(I),I=1,91)",37,"'616TRFW264'","character",,"616TRFW264","38548071d5aa652bb90c7f111f86b427f798a1c9"
"voleqdef.f",2610,2648,"R5_PNWEQN","(EQNUM(I),I=1,91)",38,"'516TRFW060'","character",,"516TRFW060","38548071d5aa652bb90c7f111f86b427f798a1c9"
"voleqdef.f",2610,2648,"R5_PNWEQN","(EQNUM(I),I=1,91)",39,"'516TRFW122'","character",,"516TRFW122","38548071d5aa652bb90c7f111f86b427f798a1c9"
"voleqdef.f",2610,2648,"R5_PNWEQN","(EQNUM(I),I=1,91)",40,"'616TRFW264'","character",,"616TRFW264","38548071d5aa652bb90c7f111f86b427f798a1c9"
"voleqdef.f",2610,2648,"R5_PNWEQN","(EQNUM(I),I=1,91)",41,"'516TRFW202'","character",,"516TRFW202","38548071d5aa652bb90c7f111f86b427f798a1c9"
"voleqdef.f",2610,2648,"R5_PNWEQN","(EQNUM(I),I=1,91)",42,"'516TRFW202'","character",,"516TRFW202","38548071d5aa652bb90c7f111f86b427f798a1c9"
"voleqdef.f",2610,2648,"R5_PNWEQN","(EQNUM(I),I=1,91)",43,"'616TRFW211'","character",,"616TRFW211","38548071d5aa652bb90c7f111f86b427f798a1c9"
"voleqdef.f",2610,2648,"R5_PNWEQN","(EQNUM(I),I=1,91)",44,"'616TRFW211'","character",,"616TRFW211","38548071d5aa652bb90c7f111f86b427f798a1c9"
"voleqdef.f",2610,2648,"R5_PNWEQN","(EQNUM(I),I=1,91)",45,"'616TRFW242'","character",,"616TRFW242","38548071d5aa652bb90c7f111f86b427f798a1c9"
"voleqdef.f",2610,2648,"R5_PNWEQN","(EQNUM(I),I=1,91)",46,"'616TRFW242'","character",,"616TRFW242","38548071d5aa652bb90c7f111f86b427f798a1c9"
"voleqdef.f",2610,2648,"R5_PNWEQN","(EQNUM(I),I=1,91)",47,"'616TRFW242'","character",,"616TRFW242","38548071d5aa652bb90c7f111f86b427f798a1c9"
"voleqdef.f",2610,2648,"R5_PNWEQN","(EQNUM(I),I=1,91)",48,"'616TRFW263'","character",,"616TRFW263","38548071d5aa652bb90c7f111f86b427f798a1c9"
"voleqdef.f",2610,2648,"R5_PNWEQN","(EQNUM(I),I=1,91)",49,"'616TRFW264'","character",,"616TRFW264","38548071d5aa652bb90c7f111f86b427f798a1c9"
"voleqdef.f",2610,2648,"R5_PNWEQN","(EQNUM(I),I=1,91)",50,"'616TRFW264'","character",,"616TRFW264","38548071d5aa652bb90c7f111f86b427f798a1c9"
"voleqdef.f",2610,2648,"R5_PNWEQN","(EQNUM(I),I=1,91)",51,"'500DVEW815'","character",,"500DVEW815","38548071d5aa652bb90c7f111f86b427f798a1c9"
"voleqdef.f",2610,2648,"R5_PNWEQN","(EQNUM(I),I=1,91)",52,"'500DVEW312'","character",,"500DVEW312","38548071d5aa652bb90c7f111f86b427f798a1c9"
"voleqdef.f",2610,2648,"R5_PNWEQN","(EQNUM(I),I=1,91)",53,"'500DVEW818'","character",,"500DVEW818","38548071d5aa652bb90c7f111f86b427f798a1c9"
"voleqdef.f",2610,2648,"R5_PNWEQN","(EQNUM(I),I=1,91)",54,"'500DVEW801'","character",,"500DVEW801","38548071d5aa652bb90c7f111f86b427f798a1c9"
"voleqdef.f",2610,2648,"R5_PNWEQN","(EQNUM(I),I=1,91)",55,"'500DVEW815'","character",,"500DVEW815","38548071d5aa652bb90c7f111f86b427f798a1c9"
"voleqdef.f",2610,2648,"R5_PNWEQN","(EQNUM(I),I=1,91)",56,"'500DVEW351'","character",,"500DVEW351","38548071d5aa652bb90c7f111f86b427f798a1c9"
"voleqdef.f",2610,2648,"R5_PNWEQN","(EQNUM(I),I=1,91)",57,"'500DVEW351'","character",,"500DVEW351","38548071d5aa652bb90c7f111f86b427f798a1c9"
"voleqdef.f",2610,2648,"R5_PNWEQN","(EQNUM(I),I=1,91)",58,"'500DVEW351'","character",,"500DVEW351","38548071d5aa652bb90c7f111f86b427f798a1c9"
"voleqdef.f",2610,2648,"R5_PNWEQN","(EQNUM(I),I=1,91)",59,"'500DVEW361'","character",,"500DVEW361","38548071d5aa652bb90c7f111f86b427f798a1c9"
"voleqdef.f",2610,2648,"R5_PNWEQN","(EQNUM(I),I=1,91)",60,"'500DVEW351'","character",,"500DVEW351","38548071d5aa652bb90c7f111f86b427f798a1c9"
"voleqdef.f",2610,2648,"R5_PNWEQN","(EQNUM(I),I=1,91)",61,"'500DVEW431'","character",,"500DVEW431","38548071d5aa652bb90c7f111f86b427f798a1c9"
"voleqdef.f",2610,2648,"R5_PNWEQN","(EQNUM(I),I=1,91)",62,"'400DVEW475'","character",,"400DVEW475","38548071d5aa652bb90c7f111f86b427f798a1c9"
"voleqdef.f",2610,2648,"R5_PNWEQN","(EQNUM(I),I=1,91)",63,"'500DVEW815'","character",,"500DVEW815","38548071d5aa652bb90c7f111f86b427f798a1c9"
"voleqdef.f",2610,2648,"R5_PNWEQN","(EQNUM(I),I=1,91)",64,"'500DVEW351'","character",,"500DVEW351","38548071d5aa652bb90c7f111f86b427f798a1c9"
"voleqdef.f",2610,2648,"R5_PNWEQN","(EQNUM(I),I=1,91)",65,"'616TRFW998'","character",,"616TRFW998","38548071d5aa652bb90c7f111f86b427f798a1c9"
"voleqdef.f",2610,2648,"R5_PNWEQN","(EQNUM(I),I=1,91)",66,"'500DVEW818'","character",,"500DVEW818","38548071d5aa652bb90c7f111f86b427f798a1c9"
"voleqdef.f",2610,2648,"R5_PNWEQN","(EQNUM(I),I=1,91)",67,"'500DVEW351'","character",,"500DVEW351","38548071d5aa652bb90c7f111f86b427f798a1c9"
"voleqdef.f",2610,2648,"R5_PNWEQN","(EQNUM(I),I=1,91)",68,"'500DVEW818'","character",,"500DVEW818","38548071d5aa652bb90c7f111f86b427f798a1c9"
"voleqdef.f",2610,2648,"R5_PNWEQN","(EQNUM(I),I=1,91)",69,"'500DVEW631'","character",,"500DVEW631","38548071d5aa652bb90c7f111f86b427f798a1c9"
"voleqdef.f",2610,2648,"R5_PNWEQN","(EQNUM(I),I=1,91)",70,"'500DVEW805'","character",,"500DVEW805","38548071d5aa652bb90c7f111f86b427f798a1c9"
"voleqdef.f",2610,2648,"R5_PNWEQN","(EQNUM(I),I=1,91)",71,"'500DVEW815'","character",,"500DVEW815","38548071d5aa652bb90c7f111f86b427f798a1c9"
"voleqdef.f",2610,2648,"R5_PNWEQN","(EQNUM(I),I=1,91)",72,"'500DVEW805'","character",,"500DVEW805","38548071d5aa652bb90c7f111f86b427f798a1c9"
"voleqdef.f",2610,2648,"R5_PNWEQN","(EQNUM(I),I=1,91)",73,"'616TRFW746'","character",,"616TRFW746","38548071d5aa652bb90c7f111f86b427f798a1c9"
"voleqdef.f",2610,2648,"R5_PNWEQN","(EQNUM(I),I=1,91)",74,"'616TRFW747'","character",,"616TRFW747","38548071d5aa652bb90c7f111f86b427f798a1c9"
"voleqdef.f",2610,2648,"R5_PNWEQN","(EQNUM(I),I=1,91)",75,"'616TRFW747'","character",,"616TRFW747","38548071d5aa652bb90c7f111f86b427f798a1c9"
"voleqdef.f",2610,2648,"R5_PNWEQN","(EQNUM(I),I=1,91)",76,"'500DVEW351'","character",,"500DVEW351","38548071d5aa652bb90c7f111f86b427f798a1c9"
"voleqdef.f",2610,2648,"R5_PNWEQN","(EQNUM(I),I=1,91)",77,"'500DVEW815'","character",,"500DVEW815","38548071d5aa652bb90c7f111f86b427f798a1c9"
"voleqdef.f",2610,2648,"R5_PNWEQN","(EQNUM(I),I=1,91)",78,"'500DVEW801'","character",,"500DVEW801","38548071d5aa652bb90c7f111f86b427f798a1c9"
"voleqdef.f",2610,2648,"R5_PNWEQN","(EQNUM(I),I=1,91)",79,"'500DVEW801'","character",,"500DVEW801","38548071d5aa652bb90c7f111f86b427f798a1c9"
"voleqdef.f",2610,2648,"R5_PNWEQN","(EQNUM(I),I=1,91)",80,"'500DVEW805'","character",,"500DVEW805","38548071d5aa652bb90c7f111f86b427f798a1c9"
"voleqdef.f",2610,2648,"R5_PNWEQN","(EQNUM(I),I=1,91)",81,"'500DVEW807'","character",,"500DVEW807","38548071d5aa652bb90c7f111f86b427f798a1c9"
"voleqdef.f",2610,2648,"R5_PNWEQN","(EQNUM(I),I=1,91)",82,"'500DVEW811'","character",,"500DVEW811","38548071d5aa652bb90c7f111f86b427f798a1c9"
"voleqdef.f",2610,2648,"R5_PNWEQN","(EQNUM(I),I=1,91)",83,"'500DVEW815'","character",,"500DVEW815","38548071d5aa652bb90c7f111f86b427f798a1c9"
"voleqdef.f",2610,2648,"R5_PNWEQN","(EQNUM(I),I=1,91)",84,"'500DVEW818'","character",,"500DVEW818","38548071d5aa652bb90c7f111f86b427f798a1c9"
"voleqdef.f",2610,2648,"R5_PNWEQN","(EQNUM(I),I=1,91)",85,"'500DVEW821'","character",,"500DVEW821","38548071d5aa652bb90c7f111f86b427f798a1c9"
"voleqdef.f",2610,2648,"R5_PNWEQN","(EQNUM(I),I=1,91)",86,"'500DVEW839'","character",,"500DVEW839","38548071d5aa652bb90c7f111f86b427f798a1c9"
"voleqdef.f",2610,2648,"R5_PNWEQN","(EQNUM(I),I=1,91)",87,"'500DVEW815'","character",,"500DVEW815","38548071d5aa652bb90c7f111f86b427f798a1c9"
"voleqdef.f",2610,2648,"R5_PNWEQN","(EQNUM(I),I=1,91)",88,"'500DVEW361'","character",,"500DVEW361","38548071d5aa652bb90c7f111f86b427f798a1c9"
"voleqdef.f",2610,2648,"R5_PNWEQN","(EQNUM(I),I=1,91)",89,"'500DVEW981'","character",,"500DVEW981","38548071d5aa652bb90c7f111f86b427f798a1c9"
"voleqdef.f",2610,2648,"R5_PNWEQN","(EQNUM(I),I=1,91)",90,"'500DVEW815'","character",,"500DVEW815","38548071d5aa652bb90c7f111f86b427f798a1c9"
"voleqdef.f",2610,2648,"R5_PNWEQN","(EQNUM(I),I=1,91)",91,"'500DVEW815'","character",,"500DVEW815","38548071d5aa652bb90c7f111f86b427f798a1c9"
"voleqdef.f",2683,2690,"R6_PNWEQN","(FIA(I),I=1,66)",1,"11","numeric",11,,"38548071d5aa652bb90c7f111f86b427f798a1c9"
"voleqdef.f",2683,2690,"R6_PNWEQN","(FIA(I),I=1,66)",2,"15","numeric",15,,"38548071d5aa652bb90c7f111f86b427f798a1c9"
"voleqdef.f",2683,2690,"R6_PNWEQN","(FIA(I),I=1,66)",3,"17","numeric",17,,"38548071d5aa652bb90c7f111f86b427f798a1c9"
"voleqdef.f",2683,2690,"R6_PNWEQN","(FIA(I),I=1,66)",4,"19","numeric",19,,"38548071d5aa652bb90c7f111f86b427f798a1c9"
"voleqdef.f",2683,2690,"R6_PNWEQN","(FIA(I),I=1,66)",5,"20","numeric",20,,"38548071d5aa652bb90c7f111f86b427f798a1c9"
"voleqdef.f",2683,2690,"R6_PNWEQN","(FIA(I),I=1,66)",6,"21","numeric",21,,"38548071d5aa652bb90c7f111f86b427f798a1c9"
"voleqdef.f",2683,2690,"R6_PNWEQN","(FIA(I),I=1,66)",7,"22","numeric",22,,"38548071d5aa652bb90c7f111f86b427f798a1c9"
"voleqdef.f",2683,2690,"R6_PNWEQN","(FIA(I),I=1,66)",8,"41","numeric",41,,"38548071d5aa652bb90c7f111f86b427f798a1c9"
"voleqdef.f",2683,2690,"R6_PNWEQN","(FIA(I),I=1,66)",9,"42","numeric",42,,"38548071d5aa652bb90c7f111f86b427f798a1c9"
"voleqdef.f",2683,2690,"R6_PNWEQN","(FIA(I),I=1,66)",10,"64","numeric",64,,"38548071d5aa652bb90c7f111f86b427f798a1c9"
"voleqdef.f",2683,2690,"R6_PNWEQN","(FIA(I),I=1,66)",11,"66","numeric",66,,"38548071d5aa652bb90c7f111f86b427f798a1c9"
"voleqdef.f",2683,2690,"R6_PNWEQN","(FIA(I),I=1,66)",12,"72","numeric",72,,"38548071d5aa652bb90c7f111f86b427f798a1c9"
"voleqdef.f",2683,2690,"R6_PNWEQN","(FIA(I),I=1,66)",13,"73","numeric",73,,"38548071d5aa652bb90c7f111f86b427f798a1c9"
"voleqdef.f",2683,2690,"R6_PNWEQN","(FIA(I),I=1,66)",14,"81","numeric",81,,"38548071d5aa652bb90c7f111f86b427f798a1c9"
"voleqdef.f",2683,2690,"R6_PNWEQN","(FIA(I),I=1,66)",15,"92","numeric",92,,"38548071d5aa652bb90c7f111f86b427f798a1c9"
"voleqdef.f",2683,2690,"R6_PNWEQN","(FIA(I),I=1,66)",16,"93","numeric",93,,"38548071d5aa652bb90c7f111f86b427f798a1c9"
"voleqdef.f",2683,2690,"R6_PNWEQN","(FIA(I),I=1,66)",17,"98","numeric",98,,"38548071d5aa652bb90c7f111f86b427f798a1c9"
"voleqdef.f",2683,2690,"R6_PNWEQN","(FIA(I),I=1,66)",18,"101","numeric",101,,"38548071d5aa652bb90c7f111f86b427f798a1c9"
"voleqdef.f",2683,2690,"R6_PNWEQN","(FIA(I),I=1,66)",19,"103","numeric",103,,"38548071d5aa652bb90c7f111f86b427f798a1c9"
"voleqdef.f",2683,2690,"R6_PNWEQN","(FIA(I),I=1,66)",20,"106","numeric",106,,"38548071d5aa652bb90c7f111f86b427f798a1c9"
"voleqdef.f",2683,2690,"R6_PNWEQN","(FIA(I),I=1,66)",21,"108","numeric",108,,"38548071d5aa652bb90c7f111f86b427f798a1c9"
"voleqdef.f",2683,2690,"R6_PNWEQN","(FIA(I),I=1,66)",22,"113","numeric",113,,"38548071d5aa652bb90c7f111f86b427f798a1c9"
"voleqdef.f",2683,2690,"R6_PNWEQN","(FIA(I),I=1,66)",23,"116","numeric",116,,"38548071d5aa652bb90c7f111f86b427f798a1c9"
"voleqdef.f",2683,2690,"R6_PNWEQN","(FIA(I),I=1,66)",24,"117","numeric",117,,"38548071d5aa652bb90c7f111f86b427f798a1c9"
"voleqdef.f",2683,2690,"R6_PNWEQN","(FIA(I),I=1,66)",25,"119","numeric",119,,"38548071d5aa652bb90c7f111f86b427f798a1c9"
"voleqdef.f",2683,2690,"R6_PNWEQN","(FIA(I),I=1,66)",26,"122","numeric",122,,"38548071d5aa652bb90c7f111f86b427f798a1c9"
"voleqdef.f",2683,2690,"R6_PNWEQN","(FIA(I),I=1,66)",27,"130","numeric",130,,"38548071d5aa652bb90c7f111f86b427f798a1c9"
"voleqdef.f",2683,2690,"R6_PNWEQN","(FIA(I),I=1,66)",28,"202","numeric",202,,"38548071d5aa652bb90c7f111f86b427f798a1c9"
"voleqdef.f",2683,2690,"R6_PNWEQN","(FIA(I),I=1,66)",29,"211","numeric",211,,"38548071d5aa652bb90c7f111f86b427f798a1c9"
"voleqdef.f",2683,2690,"R6_PNWEQN","(FIA(I),I=1,66)",30,"212","numeric",212,,"38548071d5aa652bb90c7f111f86b427f798a1c9"
"voleqdef.f",2683,2690,"R6_PNWEQN","(FIA(I),I=1,66)",31,"231","numeric",231,,"38548071d5aa652bb90c7f111f86b427f798a1c9"
"voleqdef.f",2683,2690,"R6_PNWEQN","(FIA(I),I=1,66)",32,"242","numeric",242,,"38548071d5aa652bb90c7f111f86b427f798a1c9"
"voleqdef.f",2683,2690,"R6_PNWEQN","(FIA(I),I=1,66)",33,"263","numeric",263,,"38548071d5aa652bb90c7f111f86b427f798a1c9"
"voleqdef.f",2683,2690,"R6_PNWEQN","(FIA(I),I=1,66)",34,"264","numeric",264,,"38548071d5aa652bb90c7f111f86b427f798a1c9"
"voleqdef.f",2683,2690,"R6_PNWEQN","(FIA(I),I=1,66)",35,"299","numeric",299,,"38548071d5aa652bb90c7f111f86b427f798a1c9"
"voleqdef.f",2683,2690,"R6_PNWEQN","(FIA(I),I=1,66)",36,"312","numeric",312,,"38548071d5aa652bb90c7f111f86b427f798a1c9"
"voleqdef.f",2683,2690,"R6_PNWEQN","(FIA(I),I=1,66)",37,"321","numeric",321,,"38548071d5aa652bb90c7f111f86b427f798a1c9"
"voleqdef.f",2683,2690,"R6_PNWEQN","(FIA(I),I=1,66)",38,"351","numeric",351,,"38548071d5aa652bb90c7f111f86b427f798a1c9"
"voleqdef.f",2683,2690,"R6_PNWEQN","(FIA(I),I=1,66)",39,"352","numeric",352,,"38548071d5aa652bb90c7f111f86b427f798a1c9"
"voleqdef.f",2683,2690,"R6_PNWEQN","(FIA(I),I=1,66)",40,"361","numeric",361,,"38548071d5aa652bb90c7f111f86b427f798a1c9"
"voleqdef.f",2683,2690,"R6_PNWEQN","(FIA(I),I=1,66)",41,"375","numeric",375,,"38548071d5aa652bb90c7f111f86b427f798a1c9"
"voleqdef.f",2683,2690,"R6_PNWEQN","(FIA(I),I=1,66)",42,"376","numeric",376,,"38548071d5aa652bb90c7f111f86b427f798a1c9"
"voleqdef.f",2683,2690,"R6_PNWEQN","(FIA(I),I=1,66)",43,"431","numeric",431,,"38548071d5aa652bb90c7f111f86b427f798a1c9"
"voleqdef.f",2683,2690,"R6_PNWEQN","(FIA(I),I=1,66)",44,"475","numeric",475,,"38548071d5aa652bb90c7f111f86b427f798a1c9"
"voleqdef.f",2683,2690,"R6_PNWEQN","(FIA(I),I=1,66)",45,"478","numeric",478,,"38548071d5aa652bb90c7f111f86b427f798a1c9"
"voleqdef.f",2683,2690,"R6_PNWEQN","(FIA(I),I=1,66)",46,"492","numeric",492,,"38548071d5aa652bb90c7f111f86b427f798a1c9"
"voleqdef.f",2683,2690,"R6_PNWEQN","(FIA(I),I=1,66)",47,"500","numeric",500,,"38548071d5aa652bb90c7f111f86b427f798a1c9"
"voleqdef.f",2683,2690,"R6_PNWEQN","(FIA(I),I=1,66)",48,"510","numeric",510,,"38548071d5aa652bb90c7f111f86b427f798a1c9"
"voleqdef.f",2683,2690,"R6_PNWEQN","(FIA(I),I=1,66)",49,"542","numeric",542,,"38548071d5aa652bb90c7f111f86b427f798a1c9"
"voleqdef.f",2683,2690,"R6_PNWEQN","(FIA(I),I=1,66)",50,"590","numeric",590,,"38548071d5aa652bb90c7f111f86b427f798a1c9"
"voleqdef.f",2683,2690,"R6_PNWEQN","(FIA(I),I=1,66)",51,"600","numeric",600,,"38548071d5aa652bb90c7f111f86b427f798a1c9"
"voleqdef.f",2683,2690,"R6_PNWEQN","(FIA(I),I=1,66)",52,"631","numeric",631,,"38548071d5aa652bb90c7f111f86b427f798a1c9"
"voleqdef.f",2683,2690,"R6_PNWEQN","(FIA(I),I=1,66)",53,"660","numeric",660,,"38548071d5aa652bb90c7f111f86b427f798a1c9"
"voleqdef.f",2683,2690,"R6_PNWEQN","(FIA(I),I=1,66)",54,"730","numeric",730,,"38548071d5aa652bb90c7f111f86b427f798a1c9"
"voleqdef.f",2683,2690,"R6_PNWEQN","(FIA(I),I=1,66)",55,"740","numeric",740,,"38548071d5aa652bb90c7f111f86b427f798a1c9"
"voleqdef.f",2683,2690,"R6_PNWEQN","(FIA(I),I=1,66)",56,"746","numeric",746,,"38548071d5aa652bb90c7f111f86b427f798a1c9"
"voleqdef.f",2683,2690,"R6_PNWEQN","(FIA(I),I=1,66)",57,"747","numeric",747,,"38548071d5aa652bb90c7f111f86b427f798a1c9"
"voleqdef.f",2683,2690,"R6_PNWEQN","(FIA(I),I=1,66)",58,"760","numeric",760,,"38548071d5aa652bb90c7f111f86b427f798a1c9"
"voleqdef.f",2683,2690,"R6_PNWEQN","(FIA(I),I=1,66)",59,"768","numeric",768,,"38548071d5aa652bb90c7f111f86b427f798a1c9"
"voleqdef.f",2683,2690,"R6_PNWEQN","(FIA(I),I=1,66)",60,"805","numeric",805,,"38548071d5aa652bb90c7f111f86b427f798a1c9"
"voleqdef.f",2683,2690,"R6_PNWEQN","(FIA(I),I=1,66)",61,"815","numeric",815,,"38548071d5aa652bb90c7f111f86b427f798a1c9"
"voleqdef.f",2683,2690,"R6_PNWEQN","(FIA(I),I=1,66)",62,"818","numeric",818,,"38548071d5aa652bb90c7f111f86b427f798a1c9"
"voleqdef.f",2683,2690,"R6_PNWEQN","(FIA(I),I=1,66)",63,"920","numeric",920,,"38548071d5aa652bb90c7f111f86b427f798a1c9"
"voleqdef.f",2683,2690,"R6_PNWEQN","(FIA(I),I=1,66)",64,"981","numeric",981,,"38548071d5aa652bb90c7f111f86b427f798a1c9"
"voleqdef.f",2683,2690,"R6_PNWEQN","(FIA(I),I=1,66)",65,"998","numeric",998,,"38548071d5aa652bb90c7f111f86b427f798a1c9"
"voleqdef.f",2683,2690,"R6_PNWEQN","(FIA(I),I=1,66)",66,"999","numeric",999,,"38548071d5aa652bb90c7f111f86b427f798a1c9"
"voleqdef.f",2691,2719,"R6_PNWEQN","(EQNUMW(I),I=1,66)",1,"'632TRFW011'","character",,"632TRFW011","38548071d5aa652bb90c7f111f86b427f798a1c9"
"voleqdef.f",2691,2719,"R6_PNWEQN","(EQNUMW(I),I=1,66)",2,"'532TRFW015'","character",,"532TRFW015","38548071d5aa652bb90c7f111f86b427f798a1c9"
"voleqdef.f",2691,2719,"R6_PNWEQN","(EQNUMW(I),I=1,66)",3,"'632TRFW011'","character",,"632TRFW011","38548071d5aa652bb90c7f111f86b427f798a1c9"
"voleqdef.f",2691,2719,"R6_PNWEQN","(EQNUMW(I),I=1,66)",4,"'632TRFW011'","character",,"632TRFW011","38548071d5aa652bb90c7f111f86b427f798a1c9"
"voleqdef.f",2691,2719,"R6_PNWEQN","(EQNUMW(I),I=1,66)",5,"'532TRFW021'","character",,"532TRFW021","38548071d5aa652bb90c7f111f86b427f798a1c9"
"voleqdef.f",2691,2719,"R6_PNWEQN","(EQNUMW(I),I=1,66)",6,"'532TRFW021'","character",,"532TRFW021","38548071d5aa652bb90c7f111f86b427f798a1c9"
"voleqdef.f",2691,2719,"R6_PNWEQN","(EQNUMW(I),I=1,66)",7,"'632TRFW011'","character",,"632TRFW011","38548071d5aa652bb90c7f111f86b427f798a1c9"
"voleqdef.f",2691,2719,"R6_PNWEQN","(EQNUMW(I),I=1,66)",8,"'532TRFW081'","character",,"532TRFW081","38548071d5aa652bb90c7f111f86b427f798a1c9"
"voleqdef.f",2691,2719,"R6_PNWEQN","(EQNUMW(I),I=1,66)",9,"'632TRFW242'","character",,"632TRFW242","38548071d5aa652bb90c7f111f86b427f798a1c9"
"voleqdef.f",2691,2719,"R6_PNWEQN","(EQNUMW(I),I=1,66)",10,"'532TRFW060'","character",,"532TRFW060","38548071d5aa652bb90c7f111f86b427f798a1c9"
"voleqdef.f",2691,2719,"R6_PNWEQN","(EQNUMW(I),I=1,66)",11,"'532TRFW060'","character",,"532TRFW060","38548071d5aa652bb90c7f111f86b427f798a1c9"
"voleqdef.f",2691,2719,"R6_PNWEQN","(EQNUMW(I),I=1,66)",12,"'632TRFW073'","character",,"632TRFW073","38548071d5aa652bb90c7f111f86b427f798a1c9"
"voleqdef.f",2691,2719,"R6_PNWEQN","(EQNUMW(I),I=1,66)",13,"'632TRFW073'","character",,"632TRFW073","38548071d5aa652bb90c7f111f86b427f798a1c9"
"voleqdef.f",2691,2719,"R6_PNWEQN","(EQNUMW(I),I=1,66)",14,"'532TRFW081'","character",,"532TRFW081","38548071d5aa652bb90c7f111f86b427f798a1c9"
"voleqdef.f",2691,2719,"R6_PNWEQN","(EQNUMW(I),I=1,66)",15,"'632TRFW098'","character",,"632TRFW098","38548071d5aa652bb90c7f111f86b427f798a1c9"
"voleqdef.f",2691,2719,"R6_PNWEQN","(EQNUMW(I),I=1,66)",16,"'632TRFW098'","character",,"632TRFW098","38548071d5aa652bb90c7f111f86b427f798a1c9"
"voleqdef.f",2691,2719,"R6_PNWEQN","(EQNUMW(I),I=1,66)",17,"'632TRFW098'","character",,"632TRFW098","38548071d5aa652bb90c7f111f86b427f798a1c9"
"voleqdef.f",2691,2719,"R6_PNWEQN","(EQNUMW(I),I=1,66)",18,"'632TRFW108'","character",,"632TRFW108","38548071d5aa652bb90c7f111f86b427f798a1c9"
"voleqdef.f",2691,2719,"R6_PNWEQN","(EQNUMW(I),I=1,66)",19,"'632TRFW108'","character",,"632TRFW108","38548071d5aa652bb90c7f111f86b427f798a1c9"
"voleqdef.f",2691,2719,"R6_PNWEQN","(EQNUMW(I),I=1,66)",20,"'632TRFW264'","character",,"632TRFW264","38548071d5aa652bb90c7f111f86b427f798a1c9"
"voleqdef.f",2691,2719,"R6_PNWEQN","(EQNUMW(I),I=1,66)",21,"'632TRFW108'","character",,"632TRFW108","38548071d5aa652bb90c7f111f86b427f798a1c9"
"voleqdef.f",2691,2719,"R6_PNWEQN","(EQNUMW(I),I=1,66)",22,"'632TRFW108'","character",,"632TRFW108","38548071d5aa652bb90c7f111f86b427f798a1c9"
"voleqdef.f",2691,2719,"R6_PNWEQN","(EQNUMW(I),I=1,66)",23,"'532TRFW122'","character",,"532TRFW122","38548071d5aa652bb90c7f111f86b427f798a1c9"
"voleqdef.f",2691,2719,"R6_PNWEQN","(EQNUMW(I),I=1,66)",24,"'532TRFW117'","character",,"532TRFW117","38548071d5aa652bb90c7f111f86b427f798a1c9"
"voleqdef.f",2691,2719,"R6_PNWEQN","(EQNUMW(I),I=1,66)",25,"'632TRFW108'","character",,"632TRFW108","38548071d5aa652bb90c7f111f86b427f798a1c9"
"voleqdef.f",2691,2719,"R6_PNWEQN","(EQNUMW(I),I=1,66)",26,"'532TRFW122'","character",,"532TRFW122","38548071d5aa652bb90c7f111f86b427f798a1c9"
"voleqdef.f",2691,2719,"R6_PNWEQN","(EQNUMW(I),I=1,66)",27,"'632TRFW264'","character",,"632TRFW264","38548071d5aa652bb90c7f111f86b427f798a1c9"
"voleqdef.f",2691,2719,"R6_PNWEQN","(EQNUMW(I),I=1,66)",28,"'632TRFW202'","character",,"632TRFW202","38548071d5aa652bb90c7f111f86b427f798a1c9"
"voleqdef.f",2691,2719,"R6_PNWEQN","(EQNUMW(I),I=1,66)",29,"'632TRFW211'","character",,"632TRFW211","38548071d5aa652bb90c7f111f86b427f798a1c9"
"voleqdef.f",2691,2719,"R6_PNWEQN","(EQNUMW(I),I=1,66)",30,"'632TRFW211'","character",,"632TRFW211","38548071d5aa652bb90c7f111f86b427f798a1c9"
"voleqdef.f",2691,2719,"R6_PNWEQN","(EQNUMW(I),I=1,66)",31,"'632TRFW242'","character",,"632TRFW242","38548071d5aa652bb90c7f111f86b427f798a1c9"
"voleqdef.f",2691,2719,"R6_PNWEQN","(EQNUMW(I),I=1,66)",32,"'632TRFW242'","character",,"632TRFW242","38548071d5aa652bb90c7f111f86b427f798a1c9"
"voleqdef.f",2691,2719,"R6_PNWEQN","(EQNUMW(I),I=1,66)",33,"'632TRFW263'","character",,"632TRFW263","38548071d5aa652bb90c7f111f86b427f798a1c9"
"voleqdef.f",2691,2719,"R6_PNWEQN","(EQNUMW(I),I=1,66)",34,"'632TRFW264'","character",,"632TRFW264","38548071d5aa652bb90c7f111f86b427f798a1c9"
"voleqdef.f",2691,2719,"R6_PNWEQN","(EQNUMW(I),I=1,66)",35,"'632TRFW264'","character",,"632TRFW264","38548071d5aa652bb90c7f111f86b427f798a1c9"
"voleqdef.f",2691,2719,"R6_PNWEQN","(EQNUMW(I),I=1,66)",36,"'500DVEW312'","character",,"500DVEW312","38548071d5aa652bb90c7f111f86b427f798a1c9"
"voleqdef.f",2691,2719,"R6_PNWEQN","(EQNUMW(I),I=1,66)",37,"'500DVEW351'","character",,"500DVEW351","38548071d5aa652bb90c7f111f86b427f798a1c9"
"voleqdef.f",2691,2719,"R6_PNWEQN","(EQNUMW(I),I=1,66)",38,"'500DVEW351'","character",,"500DVEW351","38548071d5aa652bb90c7f111f86b427f798a1c9"
"voleqdef.f",2691,2719,"R6_PNWEQN","(EQNUMW(I),I=1,66)",39,"'500DVEW351'","character",,"500DVEW351","38548071d5aa652bb90c7f111f86b427f798a1c9"
"voleqdef.f",2691,2719,"R6_PNWEQN","(EQNUMW(I),I=1,66)",40,"'500DVEW361'","character",,"500DVEW361","38548071d5aa652bb90c7f111f86b427f798a1c9"
"voleqdef.f",2691,2719,"R6_PNWEQN","(EQNUMW(I),I=1,66)",41,"'500DVEW351'","character",,"500DVEW351","38548071d5aa652bb90c7f111f86b427f798a1c9"
"voleqdef.f",2691,2719,"R6_PNWEQN","(EQNUMW(I),I=1,66)",42,"'500DVEW351'","character",,"500DVEW351","38548071d5aa652bb90c7f111f86b427f798a1c9"
"voleqdef.f",2691,2719,"R6_PNWEQN","(EQNUMW(I),I=1,66)",43,"'500DVEW431'","character",,"500DVEW431","38548071d5aa652bb90c7f111f86b427f798a1c9"
"voleqdef.f",2691,2719,"R6_PNWEQN","(EQNUMW(I),I=1,66)",44,"'400DVEW475'","character",,"400DVEW475","38548071d5aa652bb90c7f111f86b427f798a1c9"
"voleqdef.f",2691,2719,"R6_PNWEQN","(EQNUMW(I),I=1,66)",45,"'400DVEW475'","character",,"400DVEW475","38548071d5aa652bb90c7f111f86b427f798a1c9"
"voleqdef.f",2691,2719,"R6_PNWEQN","(EQNUMW(I),I=1,66)",46,"'500DVEW351'","character",,"500DVEW351","38548071d5aa652bb90c7f111f86b427f798a1c9"
"voleqdef.f",2691,2719,"R6_PNWEQN","(EQNUMW(I),I=1,66)",47,"'500DVEW351'","character",,"500DVEW351","38548071d5aa652bb90c7f111f86b427f798a1c9"
"voleqdef.f",2691,2719,"R6_PNWEQN","(EQNUMW(I),I=1,66)",48,"'500DVEW351'","character",,"500DVEW351","38548071d5aa652bb90c7f111f86b427f798a1c9"
"voleqdef.f",2691,2719,"R6_PNWEQN","(EQNUMW(I),I=1,66)",49,"'500DVEW818'","character",,"500DVEW818","38548071d5aa652bb90c7f111f86b427f798a1c9"
"voleqdef.f",2691,2719,"R6_PNWEQN","(EQNUMW(I),I=1,66)",50,"'500DVEW351'","character",,"500DVEW351","38548071d5aa652bb90c7f111f86b427f798a1c9"
"voleqdef.f",2691,2719,"R6_PNWEQN","(EQNUMW(I),I=1,66)",51,"'500DVEW351'","character",,"500DVEW351","38548071d5aa652bb90c7f111f86b427f798a1c9"
"voleqdef.f",2691,2719,"R6_PNWEQN","(EQNUMW(I),I=1,66)",52,"'500DVEW631'","character",,"500DVEW631","38548071d5aa652bb90c7f111f86b427f798a1c9"
"voleqdef.f",2691,2719,"R6_PNWEQN","(EQNUMW(I),I=1,66)",53,"'500DVEW351'","character",,"500DVEW351","38548071d5aa652bb90c7f111f86b427f798a1c9"
"voleqdef.f",2691,2719,"R6_PNWEQN","(EQNUMW(I),I=1,66)",54,"'500DVEW351'","character",,"500DVEW351","38548071d5aa652bb90c7f111f86b427f798a1c9"
"voleqdef.f",2691,2719,"R6_PNWEQN","(EQNUMW(I),I=1,66)",55,"'500DVEW351'","character",,"500DVEW351","38548071d5aa652bb90c7f111f86b427f798a1c9"
"voleqdef.f",2691,2719,"R6_PNWEQN","(EQNUMW(I),I=1,66)",56,"'500DVEW351'","character",,"500DVEW351","38548071d5aa652bb90c7f111f86b427f798a1c9"
"voleqdef.f",2691,2719,"R6_PNWEQN","(EQNUMW(I),I=1,66)",57,"'500DVEW351'","character",,"500DVEW351","38548071d5aa652bb90c7f111f86b427f798a1c9"
"voleqdef.f",2691,2719,"R6_PNWEQN","(EQNUMW(I),I=1,66)",58,"'500DVEW351'","character",,"500DVEW351","38548071d5aa652bb90c7f111f86b427f798a1c9"
"voleqdef.f",2691,2719,"R6_PNWEQN","(EQNUMW(I),I=1,66)",59,"'500DVEW351'","character",,"500DVEW351","38548071d5aa652bb90c7f111f86b427f798a1c9"
"voleqdef.f",2691,2719,"R6_PNWEQN","(EQNUMW(I),I=1,66)",60,"'500DVEW805'","character",,"500DVEW805","38548071d5aa652bb90c7f111f86b427f798a1c9"
"voleqdef.f",2691,2719,"R6_PNWEQN","(EQNUMW(I),I=1,66)",61,"'500DVEW815'","character",,"500DVEW815","38548071d5aa652bb90c7f111f86b427f798a1c9"
"voleqdef.f",2691,2719,"R6_PNWEQN","(EQNUMW(I),I=1,66)",62,"'500DVEW818'","character",,"500DVEW818","38548071d5aa652bb90c7f111f86b427f798a1c9"
"voleqdef.f",2691,2719,"R6_PNWEQN","(EQNUMW(I),I=1,66)",63,"'500DVEW351'","character",,"500DVEW351","38548071d5aa652bb90c7f111f86b427f798a1c9"
"voleqdef.f",2691,2719,"R6_PNWEQN","(EQNUMW(I),I=1,66)",64,"'500DVEW981'","character",,"500DVEW981","38548071d5aa652bb90c7f111f86b427f798a1c9"
"voleqdef.f",2691,2719,"R6_PNWEQN","(EQNUMW(I),I=1,66)",65,"'500DVEW351'","character",,"500DVEW351","38548071d5aa652bb90c7f111f86b427f798a1c9"
"voleqdef.f",2691,2719,"R6_PNWEQN","(EQNUMW(I),I=1,66)",66,"'500DVEW351'","character",,"500DVEW351","38548071d5aa652bb90c7f111f86b427f798a1c9"
"voleqdef.f",2720,2748,"R6_PNWEQN","(EQNUME(I),I=1,66)",1,"'616TRFW019'","character",,"616TRFW019","38548071d5aa652bb90c7f111f86b427f798a1c9"
"voleqdef.f",2720,2748,"R6_PNWEQN","(EQNUME(I),I=1,66)",2,"'616TRFW019'","character",,"616TRFW019","38548071d5aa652bb90c7f111f86b427f798a1c9"
"voleqdef.f",2720,2748,"R6_PNWEQN","(EQNUME(I),I=1,66)",3,"'616TRFW019'","character",,"616TRFW019","38548071d5aa652bb90c7f111f86b427f798a1c9"
"voleqdef.f",2720,2748,"R6_PNWEQN","(EQNUME(I),I=1,66)",4,"'616TRFW019'","character",,"616TRFW019","38548071d5aa652bb90c7f111f86b427f798a1c9"
"voleqdef.f",2720,2748,"R6_PNWEQN","(EQNUME(I),I=1,66)",5,"'516TRFW021'","character",,"516TRFW021","38548071d5aa652bb90c7f111f86b427f798a1c9"
"voleqdef.f",2720,2748,"R6_PNWEQN","(EQNUME(I),I=1,66)",6,"'516TRFW021'","character",,"516TRFW021","38548071d5aa652bb90c7f111f86b427f798a1c9"
"voleqdef.f",2720,2748,"R6_PNWEQN","(EQNUME(I),I=1,66)",7,"'616TRFW019'","character",,"616TRFW019","38548071d5aa652bb90c7f111f86b427f798a1c9"
"voleqdef.f",2720,2748,"R6_PNWEQN","(EQNUME(I),I=1,66)",8,"'516TRFW081'","character",,"516TRFW081","38548071d5aa652bb90c7f111f86b427f798a1c9"
"voleqdef.f",2720,2748,"R6_PNWEQN","(EQNUME(I),I=1,66)",9,"'616TRFW242'","character",,"616TRFW242","38548071d5aa652bb90c7f111f86b427f798a1c9"
"voleqdef.f",2720,2748,"R6_PNWEQN","(EQNUME(I),I=1,66)",10,"'516TRFW060'","character",,"516TRFW060","38548071d5aa652bb90c7f111f86b427f798a1c9"
"voleqdef.f",2720,2748,"R6_PNWEQN","(EQNUME(I),I=1,66)",11,"'516TRFW060'","character",,"516TRFW060","38548071d5aa652bb90c7f111f86b427f798a1c9"
"voleqdef.f",2720,2748,"R6_PNWEQN","(EQNUME(I),I=1,66)",12,"'616TRFW073'","character",,"616TRFW073","38548071d5aa652bb90c7f111f86b427f798a1c9"
"voleqdef.f",2720,2748,"R6_PNWEQN","(EQNUME(I),I=1,66)",13,"'616TRFW073'","character",,"616TRFW073","38548071d5aa652bb90c7f111f86b427f798a1c9"
"voleqdef.f",2720,2748,"R6_PNWEQN","(EQNUME(I),I=1,66)",14,"'516TRFW081'","character",,"516TRFW081","38548071d5aa652bb90c7f111f86b427f798a1c9"
"voleqdef.f",2720,2748,"R6_PNWEQN","(EQNUME(I),I=1,66)",15,"'616TRFW098'","character",,"616TRFW098","38548071d5aa652bb90c7f111f86b427f798a1c9"
"voleqdef.f",2720,2748,"R6_PNWEQN","(EQNUME(I),I=1,66)",16,"'616TRFW094'","character",,"616TRFW094","38548071d5aa652bb90c7f111f86b427f798a1c9"
"voleqdef.f",2720,2748,"R6_PNWEQN","(EQNUME(I),I=1,66)",17,"'616TRFW094'","character",,"616TRFW094","38548071d5aa652bb90c7f111f86b427f798a1c9"
"voleqdef.f",2720,2748,"R6_PNWEQN","(EQNUME(I),I=1,66)",18,"'616TRFW108'","character",,"616TRFW108","38548071d5aa652bb90c7f111f86b427f798a1c9"
"voleqdef.f",2720,2748,"R6_PNWEQN","(EQNUME(I),I=1,66)",19,"'616TRFW108'","character",,"616TRFW108","38548071d5aa652bb90c7f111f86b427f798a1c9"
"voleqdef.f",2720,2748,"R6_PNWEQN","(EQNUME(I),I=1,66)",20,"'616TRFW264'","character",,"616TRFW264","38548071d5aa652bb90c7f111f86b427f798a1c9"
"voleqdef.f",2720,2748,"R6_PNWEQN","(EQNUME(I),I=1,66)",21,"'616TRFW108'","character",,"616TRFW108","38548071d5aa652bb90c7f111f86b427f798a1c9"
"voleqdef.f",2720,2748,"R6_PNWEQN","(EQNUME(I),I=1,66)",22,"'616TRFW108'","character",,"616TRFW108","38548071d5aa652bb90c7f111f86b427f798a1c9"
"voleqdef.f",2720,2748,"R6_PNWEQN","(EQNUME(I),I=1,66)",23,"'616TRFW122'","character",,"616TRFW122","38548071d5aa652bb90c7f111f86b427f798a1c9"
"voleqdef.f",2720,2748,"R6_PNWEQN","(EQNUME(I),I=1,66)",24,"'516TRFW117'","character",,"516TRFW117","38548071d5aa652bb90c7f111f86b427f798a1c9"
"voleqdef.f",2720,2748,"R6_PNWEQN","(EQNUME(I),I=1,66)",25,"'616TRFW108'","character",,"616TRFW108","38548071d5aa652bb90c7f111f86b427f798a1c9"
"voleqdef.f",2720,2748,"R6_PNWEQN","(EQNUME(I),I=1,66)",26,"'616TRFW122'","character",,"616TRFW122","38548071d5aa652bb90c7f111f86b427f798a1c9"
"voleqdef.f",2720,2748,"R6_PNWEQN","(EQNUME(I),I=1,66)",27,"'616TRFW264'","character",,"616TRFW264","38548071d5aa652bb90c7f111f86b427f798a1c9"
"voleqdef.f",2720,2748,"R6_PNWEQN","(EQNUME(I),I=1,66)",28,"'616TRFW202'","character",,"616TRFW202","38548071d5aa652bb90c7f111f86b427f798a1c9"
"voleqdef.f",2720,2748,"R6_PNWEQN","(EQNUME(I),I=1,66)",29,"'616TRFW211'","character",,"616TRFW211","38548071d5aa652bb90c7f111f86b427f798a1c9"
"voleqdef.f",2720,2748,"R6_PNWEQN","(EQNUME(I),I=1,66)",30,"'616TRFW211'","character",,"616TRFW211","38548071d5aa652bb90c7f111f86b427f798a1c9"
"voleqdef.f",2720,2748,"R6_PNWEQN","(EQNUME(I),I=1,66)",31,"'616TRFW242'","character",,"616TRFW242","38548071d5aa652bb90c7f111f86b427f798a1c9"
"voleqdef.f",2720,2748,"R6_PNWEQN","(EQNUME(I),I=1,66)",32,"'616TRFW242'","character",,"616TRFW242","38548071d5aa652bb90c7f111f86b427f798a1c9"
"voleqdef.f",2720,2748,"R6_PNWEQN","(EQNUME(I),I=1,66)",33,"'616TRFW263'","character",,"616TRFW263","38548071d5aa652bb90c7f111f86b427f798a1c9"
"voleqdef.f",2720,2748,"R6_PNWEQN","(EQNUME(I),I=1,66)",34,"'616TRFW264'","character",,"616TRFW264","38548071d5aa652bb90c7f111f86b427f798a1c9"
"voleqdef.f",2720,2748,"R6_PNWEQN","(EQNUME(I),I=1,66)",35,"'616TRFW264'","character",,"616TRFW264","38548071d5aa652bb90c7f111f86b427f798a1c9"
"voleqdef.f",2720,2748,"R6_PNWEQN","(EQNUME(I),I=1,66)",36,"'500DVEW312'","character",,"500DVEW312","38548071d5aa652bb90c7f111f86b427f798a1c9"
"voleqdef.f",2720,2748,"R6_PNWEQN","(EQNUME(I),I=1,66)",37,"'500DVEW351'","character",,"500DVEW351","38548071d5aa652bb90c7f111f86b427f798a1c9"
"voleqdef.f",2720,2748,"R6_PNWEQN","(EQNUME(I),I=1,66)",38,"'500DVEW351'","character",,"500DVEW351","38548071d5aa652bb90c7f111f86b427f798a1c9"
"voleqdef.f",2720,2748,"R6_PNWEQN","(EQNUME(I),I=1,66)",39,"'500DVEW351'","character",,"500DVEW351","38548071d5aa652bb90c7f111f86b427f798a1c9"
"voleqdef.f",2720,2748,"R6_PNWEQN","(EQNUME(I),I=1,66)",40,"'500DVEW361'","character",,"500DVEW361","38548071d5aa652bb90c7f111f86b427f798a1c9"
"voleqdef.f",2720,2748,"R6_PNWEQN","(EQNUME(I),I=1,66)",41,"'500DVEW351'","character",,"500DVEW351","38548071d5aa652bb90c7f111f86b427f798a1c9"
"voleqdef.f",2720,2748,"R6_PNWEQN","(EQNUME(I),I=1,66)",42,"'500DVEW351'","character",,"500DVEW351","38548071d5aa652bb90c7f111f86b427f798a1c9"
"voleqdef.f",2720,2748,"R6_PNWEQN","(EQNUME(I),I=1,66)",43,"'500DVEW351'","character",,"500DVEW351","38548071d5aa652bb90c7f111f86b427f798a1c9"
"voleqdef.f",2720,2748,"R6_PNWEQN","(EQNUME(I),I=1,66)",44,"'400DVEW475'","character",,"400DVEW475","38548071d5aa652bb90c7f111f86b427f798a1c9"
"voleqdef.f",2720,2748,"R6_PNWEQN","(EQNUME(I),I=1,66)",45,"'400DVEW475'","character",,"400DVEW475","38548071d5aa652bb90c7f111f86b427f798a1c9"
"voleqdef.f",2720,2748,"R6_PNWEQN","(EQNUME(I),I=1,66)",46,"'500DVEW351'","character",,"500DVEW351","38548071d5aa652bb90c7f111f86b427f798a1c9"
"voleqdef.f",2720,2748,"R6_PNWEQN","(EQNUME(I),I=1,66)",47,"'500DVEW351'","character",,"500DVEW351","38548071d5aa652bb90c7f111f86b427f798a1c9"
"voleqdef.f",2720,2748,"R6_PNWEQN","(EQNUME(I),I=1,66)",48,"'500DVEW351'","character",,"500DVEW351","38548071d5aa652bb90c7f111f86b427f798a1c9"
"voleqdef.f",2720,2748,"R6_PNWEQN","(EQNUME(I),I=1,66)",49,"'500DVEW818'","character",,"500DVEW818","38548071d5aa652bb90c7f111f86b427f798a1c9"
"voleqdef.f",2720,2748,"R6_PNWEQN","(EQNUME(I),I=1,66)",50,"'500DVEW351'","character",,"500DVEW351","38548071d5aa652bb90c7f111f86b427f798a1c9"
"voleqdef.f",2720,2748,"R6_PNWEQN","(EQNUME(I),I=1,66)",51,"'500DVEW351'","character",,"500DVEW351","38548071d5aa652bb90c7f111f86b427f798a1c9"
"voleqdef.f",2720,2748,"R6_PNWEQN","(EQNUME(I),I=1,66)",52,"'500DVEW631'","character",,"500DVEW631","38548071d5aa652bb90c7f111f86b427f798a1c9"
"voleqdef.f",2720,2748,"R6_PNWEQN","(EQNUME(I),I=1,66)",53,"'500DVEW351'","character",,"500DVEW351","38548071d5aa652bb90c7f111f86b427f798a1c9"
"voleqdef.f",2720,2748,"R6_PNWEQN","(EQNUME(I),I=1,66)",54,"'500DVEW351'","character",,"500DVEW351","38548071d5aa652bb90c7f111f86b427f798a1c9"
"voleqdef.f",2720,2748,"R6_PNWEQN","(EQNUME(I),I=1,66)",55,"'500DVEW351'","character",,"500DVEW351","38548071d5aa652bb90c7f111f86b427f798a1c9"
"voleqdef.f",2720,2748,"R6_PNWEQN","(EQNUME(I),I=1,66)",56,"'500DVEW351'","character",,"500DVEW351","38548071d5aa652bb90c7f111f86b427f798a1c9"
"voleqdef.f",2720,2748,"R6_PNWEQN","(EQNUME(I),I=1,66)",57,"'500DVEW351'","character",,"500DVEW351","38548071d5aa652bb90c7f111f86b427f798a1c9"
"voleqdef.f",2720,2748,"R6_PNWEQN","(EQNUME(I),I=1,66)",58,"'500DVEW351'","character",,"500DVEW351","38548071d5aa652bb90c7f111f86b427f798a1c9"
"voleqdef.f",2720,2748,"R6_PNWEQN","(EQNUME(I),I=1,66)",59,"'500DVEW351'","character",,"500DVEW351","38548071d5aa652bb90c7f111f86b427f798a1c9"
"voleqdef.f",2720,2748,"R6_PNWEQN","(EQNUME(I),I=1,66)",60,"'500DVEW805'","character",,"500DVEW805","38548071d5aa652bb90c7f111f86b427f798a1c9"
"voleqdef.f",2720,2748,"R6_PNWEQN","(EQNUME(I),I=1,66)",61,"'500DVEW815'","character",,"500DVEW815","38548071d5aa652bb90c7f111f86b427f798a1c9"
"voleqdef.f",2720,2748,"R6_PNWEQN","(EQNUME(I),I=1,66)",62,"'500DVEW818'","character",,"500DVEW818","38548071d5aa652bb90c7f111f86b427f798a1c9"
"voleqdef.f",2720,2748,"R6_PNWEQN","(EQNUME(I),I=1,66)",63,"'500DVEW351'","character",,"500DVEW351","38548071d5aa652bb90c7f111f86b427f798a1c9"
"voleqdef.f",2720,2748,"R6_PNWEQN","(EQNUME(I),I=1,66)",64,"'500DVEW981'","character",,"500DVEW981","38548071d5aa652bb90c7f111f86b427f798a1c9"
"voleqdef.f",2720,2748,"R6_PNWEQN","(EQNUME(I),I=1,66)",65,"'500DVEW351'","character",,"500DVEW351","38548071d5aa652bb90c7f111f86b427f798a1c9"
"voleqdef.f",2720,2748,"R6_PNWEQN","(EQNUME(I),I=1,66)",66,"'500DVEW351'","character",,"500DVEW351","38548071d5aa652bb90c7f111f86b427f798a1c9"
"fiaeq2nveleq.for",21,253,"FIAEQ2NVELEQ","((BDLIST(J,I), I=1,3), J=1,231)",1,"'BD000006'","character",,"BD000006","38548071d5aa652bb90c7f111f86b427f798a1c9"
"fiaeq2nveleq.for",21,253,"FIAEQ2NVELEQ","((BDLIST(J,I), I=1,3), J=1,231)",2,"'R02ALN0***'","character",,"R02ALN0***","38548071d5aa652bb90c7f111f86b427f798a1c9"
"fiaeq2nveleq.for",21,253,"FIAEQ2NVELEQ","((BDLIST(J,I), I=1,3), J=1,231)",3,"'SV6'","character",,"SV6","38548071d5aa652bb90c7f111f86b427f798a1c9"
"fiaeq2nveleq.for",21,253,"FIAEQ2NVELEQ","((BDLIST(J,I), I=1,3), J=1,231)",4,"'BD000007'","character",,"BD000007","38548071d5aa652bb90c7f111f86b427f798a1c9"
"fiaeq2nveleq.for",21,253,"FIAEQ2NVELEQ","((BDLIST(J,I), I=1,3), J=1,231)",5,"'R02ALN1***'","character",,"R02ALN1***","38548071d5aa652bb90c7f111f86b427f798a1c9"
"fiaeq2nveleq.for",21,253,"FIAEQ2NVELEQ","((BDLIST(J,I), I=1,3), J=1,231)",6,"'SV6'","character",,"SV6","38548071d5aa652bb90c7f111f86b427f798a1c9"
"fiaeq2nveleq.for",21,253,"FIAEQ2NVELEQ","((BDLIST(J,I), I=1,3), J=1,231)",7,"'BD000008'","character",,"BD000008","38548071d5aa652bb90c7f111f86b427f798a1c9"
"fiaeq2nveleq.for",21,253,"FIAEQ2NVELEQ","((BDLIST(J,I), I=1,3), J=1,231)",8,"'102DVEW***'","character",,"102DVEW***","38548071d5aa652bb90c7f111f86b427f798a1c9"
"fiaeq2nveleq.for",21,253,"FIAEQ2NVELEQ","((BDLIST(J,I), I=1,3), J=1,231)",9,"'SV6'","character",,"SV6","38548071d5aa652bb90c7f111f86b427f798a1c9"
"fiaeq2nveleq.for",21,253,"FIAEQ2NVELEQ","((BDLIST(J,I), I=1,3), J=1,231)",10,"'BD000009'","character",,"BD000009","38548071d5aa652bb90c7f111f86b427f798a1c9"
"fiaeq2nveleq.for",21,253,"FIAEQ2NVELEQ","((BDLIST(J,I), I=1,3), J=1,231)",11,"'101DVEW***'","character",,"101DVEW***","38548071d5aa652bb90c7f111f86b427f798a1c9"
"fiaeq2nveleq.for",21,253,"FIAEQ2NVELEQ","((BDLIST(J,I), I=1,3), J=1,231)",12,"'SV6'","character",,"SV6","38548071d5aa652bb90c7f111f86b427f798a1c9"
"fiaeq2nveleq.for",21,253,"FIAEQ2NVELEQ","((BDLIST(J,I), I=1,3), J=1,231)",13,"'BD000011'","character",,"BD000011","38548071d5aa652bb90c7f111f86b427f798a1c9"
"fiaeq2nveleq.for",21,253,"FIAEQ2NVELEQ","((BDLIST(J,I), I=1,3), J=1,231)",14,"'P02WEN0***'","character",,"P02WEN0***","38548071d5aa652bb90c7f111f86b427f798a1c9"
"fiaeq2nveleq.for",21,253,"FIAEQ2NVELEQ","((BDLIST(J,I), I=1,3), J=1,231)",15,"'SV4'","character",,"SV4","38548071d5aa652bb90c7f111f86b427f798a1c9"
"fiaeq2nveleq.for",21,253,"FIAEQ2NVELEQ","((BDLIST(J,I), I=1,3), J=1,231)",16,"'BD000012'","character",,"BD000012","38548071d5aa652bb90c7f111f86b427f798a1c9"
"fiaeq2nveleq.for",21,253,"FIAEQ2NVELEQ","((BDLIST(J,I), I=1,3), J=1,231)",17,"'P02WEN0***'","character",,"P02WEN0***","38548071d5aa652bb90c7f111f86b427f798a1c9"
"fiaeq2nveleq.for",21,253,"FIAEQ2NVELEQ","((BDLIST(J,I), I=1,3), J=1,231)",18,"'SV6'","character",,"SV6","38548071d5aa652bb90c7f111f86b427f798a1c9"
"fiaeq2nveleq.for",21,253,"FIAEQ2NVELEQ","((BDLIST(J,I), I=1,3), J=1,231)",19,"'BD000013'","character",,"BD000013","38548071d5aa652bb90c7f111f86b427f798a1c9"
"fiaeq2nveleq.for",21,253,"FIAEQ2NVELEQ","((BDLIST(J,I), I=1,3), J=1,231)",20,"'P02WEN0***'","character",,"P02WEN0***","38548071d5aa652bb90c7f111f86b427f798a1c9"
"fiaeq2nveleq.for",21,253,"FIAEQ2NVELEQ","((BDLIST(J,I), I=1,3), J=1,231)",21,"'SV8'","character",,"SV8","38548071d5aa652bb90c7f111f86b427f798a1c9"
"fiaeq2nveleq.for",21,253,"FIAEQ2NVELEQ","((BDLIST(J,I), I=1,3), J=1,231)",22,"'BD000014'","character",,"BD000014","38548071d5aa652bb90c7f111f86b427f798a1c9"
"fiaeq2nveleq.for",21,253,"FIAEQ2NVELEQ","((BDLIST(J,I), I=1,3), J=1,231)",23,"'P02WEN0***'","character",,"P02WEN0***","38548071d5aa652bb90c7f111f86b427f798a1c9"
"fiaeq2nveleq.for",21,253,"FIAEQ2NVELEQ","((BDLIST(J,I), I=1,3), J=1,231)",24,"'SV4'","character",,"SV4","38548071d5aa652bb90c7f111f86b427f798a1c9"
"fiaeq2nveleq.for",21,253,"FIAEQ2NVELEQ","((BDLIST(J,I), I=1,3), J=1,231)",25,"'BD000015'","character",,"BD000015","38548071d5aa652bb90c7f111f86b427f798a1c9"
"fiaeq2nveleq.for",21,253,"FIAEQ2NVELEQ","((BDLIST(J,I), I=1,3), J=1,231)",26,"'P02WEN0***'","character",,"P02WEN0***","38548071d5aa652bb90c7f111f86b427f798a1c9"
"fiaeq2nveleq.for",21,253,"FIAEQ2NVELEQ","((BDLIST(J,I), I=1,3), J=1,231)",27,"'SV6'","character",,"SV6","38548071d5aa652bb90c7f111f86b427f798a1c9"
"fiaeq2nveleq.for",21,253,"FIAEQ2NVELEQ","((BDLIST(J,I), I=1,3), J=1,231)",28,"'BD000016'","character",,"BD000016","38548071d5aa652bb90c7f111f86b427f798a1c9"
"fiaeq2nveleq.for",21,253,"FIAEQ2NVELEQ","((BDLIST(J,I), I=1,3), J=1,231)",29,"'P02WEN0***'","character",,"P02WEN0***","38548071d5aa652bb90c7f111f86b427f798a1c9"
"fiaeq2nveleq.for",21,253,"FIAEQ2NVELEQ","((BDLIST(J,I), I=1,3), J=1,231)",30,"'SV8'","character",,"SV8","38548071d5aa652bb90c7f111f86b427f798a1c9"
"fiaeq2nveleq.for",21,253,"FIAEQ2NVELEQ","((BDLIST(J,I), I=1,3), J=1,231)",31,"'BD000017'","character",,"BD000017","38548071d5aa652bb90c7f111f86b427f798a1c9"
"fiaeq2nveleq.for",21,253,"FIAEQ2NVELEQ","((BDLIST(J,I), I=1,3), J=1,231)",32,"'P02WEN1***'","character",,"P02WEN1***","38548071d5aa652bb90c7f111f86b427f798a1c9"
"fiaeq2nveleq.for",21,253,"FIAEQ2NVELEQ","((BDLIST(J,I), I=1,3), J=1,231)",33,"'SV5'","character",,"SV5","38548071d5aa652bb90c7f111f86b427f798a1c9"
"fiaeq2nveleq.for",21,253,"FIAEQ2NVELEQ","((BDLIST(J,I), I=1,3), J=1,231)",34,"'BD000018'","character",,"BD000018","38548071d5aa652bb90c7f111f86b427f798a1c9"
"fiaeq2nveleq.for",21,253,"FIAEQ2NVELEQ","((BDLIST(J,I), I=1,3), J=1,231)",35,"'P02WEN1***'","character",,"P02WEN1***","38548071d5aa652bb90c7f111f86b427f798a1c9"
"fiaeq2nveleq.for",21,253,"FIAEQ2NVELEQ","((BDLIST(J,I), I=1,3), J=1,231)",36,"'SV6'","character",,"SV6","38548071d5aa652bb90c7f111f86b427f798a1c9"
"fiaeq2nveleq.for",21,253,"FIAEQ2NVELEQ","((BDLIST(J,I), I=1,3), J=1,231)",37,"'BD000019'","character",,"BD000019","38548071d5aa652bb90c7f111f86b427f798a1c9"
"fiaeq2nveleq.for",21,253,"FIAEQ2NVELEQ","((BDLIST(J,I), I=1,3), J=1,231)",38,"'P02WEN1***'","character",,"P02WEN1***","38548071d5aa652bb90c7f111f86b427f798a1c9"
"fiaeq2nveleq.for",21,253,"FIAEQ2NVELEQ","((BDLIST(J,I), I=1,3), J=1,231)",39,"'SV7'","character",,"SV7","38548071d5aa652bb90c7f111f86b427f798a1c9"
"fiaeq2nveleq.for",21,253,"FIAEQ2NVELEQ","((BDLIST(J,I), I=1,3), J=1,231)",40,"'BD000020'","character",,"BD000020","38548071d5aa652bb90c7f111f86b427f798a1c9"
"fiaeq2nveleq.for",21,253,"FIAEQ2NVELEQ","((BDLIST(J,I), I=1,3), J=1,231)",41,"'P02WEN1***'","character",,"P02WEN1***","38548071d5aa652bb90c7f111f86b427f798a1c9"
"fiaeq2nveleq.for",21,253,"FIAEQ2NVELEQ","((BDLIST(J,I), I=1,3), J=1,231)",42,"'SV8'","character",,"SV8","38548071d5aa652bb90c7f111f86b427f798a1c9"
"fiaeq2nveleq.for",21,253,"FIAEQ2NVELEQ","((BDLIST(J,I), I=1,3), J=1,231)",43,"'BD000021'","character",,"BD000021","38548071d5aa652bb90c7f111f86b427f798a1c9"
"fiaeq2nveleq.for",21,253,"FIAEQ2NVELEQ","((BDLIST(J,I), I=1,3), J=1,231)",44,"'P02WEN1***'","character",,"P02WEN1***","38548071d5aa652bb90c7f111f86b427f798a1c9"
"fiaeq2nveleq.for",21,253,"FIAEQ2NVELEQ","((BDLIST(J,I), I=1,3), J=1,231)",45,"'SV5'","character",,"SV5","38548071d5aa652bb90c7f111f86b427f798a1c9"
"fiaeq2nveleq.for",21,253,"FIAEQ2NVELEQ","((BDLIST(J,I), I=1,3), J=1,231)",46,"'BD000022'","character",,"BD000022","38548071d5aa652bb90c7f111f86b427f798a1c9"
"fiaeq2nveleq.for",21,253,"FIAEQ2NVELEQ","((BDLIST(J,I), I=1,3), J=1,231)",47,"'P02WEN1***'","character",,"P02WEN1***","38548071d5aa652bb90c7f111f86b427f798a1c9"
"fiaeq2nveleq.for",21,253,"FIAEQ2NVELEQ","((BDLIST(J,I), I=1,3), J=1,231)",48,"'SV6'","character",,"SV6","38548071d5aa652bb90c7f111f86b427f798a1c9"
"fiaeq2nveleq.for",21,253,"FIAEQ2NVELEQ","((BDLIST(J,I), I=1,3), J=1,231)",49,"'BD000023'","character",,"BD000023","38548071d5aa652bb90c7f111f86b427f798a1c9"
"fiaeq2nveleq.for",21,253,"FIAEQ2NVELEQ","((BDLIST(J,I), I=1,3), J=1,231)",50,"'P02WEN1***'","character",,"P02WEN1***","38548071d5aa652bb90c7f111f86b427f798a1c9"
"fiaeq2nveleq.for",21,253,"FIAEQ2NVELEQ","((BDLIST(J,I), I=1,3), J=1,231)",51,"'SV7'","character",,"SV7","38548071d5aa652bb90c7f111f86b427f798a1c9"
"fiaeq2nveleq.for",21,253,"FIAEQ2NVELEQ","((BDLIST(J,I), I=1,3), J=1,231)",52,"'BD000024'","character",,"BD000024","38548071d5aa652bb90c7f111f86b427f798a1c9"
"fiaeq2nveleq.for",21,253,"FIAEQ2NVELEQ","((BDLIST(J,I), I=1,3), J=1,231)",53,"'P02WEN1***'","character",,"P02WEN1***","38548071d5aa652bb90c7f111f86b427f798a1c9"
"fiaeq2nveleq.for",21,253,"FIAEQ2NVELEQ","((BDLIST(J,I), I=1,3), J=1,231)",54,"'SV8'","character",,"SV8","38548071d5aa652bb90c7f111f86b427f798a1c9"
"fiaeq2nveleq.for",21,253,"FIAEQ2NVELEQ","((BDLIST(J,I), I=1,3), J=1,231)",55,"'BD000025'","character",,"BD000025","38548071d5aa652bb90c7f111f86b427f798a1c9"
"fiaeq2nveleq.for",21,253,"FIAEQ2NVELEQ","((BDLIST(J,I), I=1,3), J=1,231)",56,"'P02BIG0***'","character",,"P02BIG0***","38548071d5aa652bb90c7f111f86b427f798a1c9"
"fiaeq2nveleq.for",21,253,"FIAEQ2NVELEQ","((BDLIST(J,I), I=1,3), J=1,231)",57,"'SV6'","character",,"SV6","38548071d5aa652bb90c7f111f86b427f798a1c9"
"fiaeq2nveleq.for",21,253,"FIAEQ2NVELEQ","((BDLIST(J,I), I=1,3), J=1,231)",58,"'BD000026'","character",,"BD000026","38548071d5aa652bb90c7f111f86b427f798a1c9"
"fiaeq2nveleq.for",21,253,"FIAEQ2NVELEQ","((BDLIST(J,I), I=1,3), J=1,231)",59,"'P02BIG0***'","character",,"P02BIG0***","38548071d5aa652bb90c7f111f86b427f798a1c9"
"fiaeq2nveleq.for",21,253,"FIAEQ2NVELEQ","((BDLIST(J,I), I=1,3), J=1,231)",60,"'SV8'","character",,"SV8","38548071d5aa652bb90c7f111f86b427f798a1c9"
"fiaeq2nveleq.for",21,253,"FIAEQ2NVELEQ","((BDLIST(J,I), I=1,3), J=1,231)",61,"'BD000030'","character",,"BD000030","38548071d5aa652bb90c7f111f86b427f798a1c9"
"fiaeq2nveleq.for",21,253,"FIAEQ2NVELEQ","((BDLIST(J,I), I=1,3), J=1,231)",62,"'8**DVEE***'","character",,"8**DVEE***","38548071d5aa652bb90c7f111f86b427f798a1c9"
"fiaeq2nveleq.for",21,253,"FIAEQ2NVELEQ","((BDLIST(J,I), I=1,3), J=1,231)",63,"'IV7/9'","character",,"IV7/9","38548071d5aa652bb90c7f111f86b427f798a1c9"
"fiaeq2nveleq.for",21,253,"FIAEQ2NVELEQ","((BDLIST(J,I), I=1,3), J=1,231)",64,"'BD000031'","character",,"BD000031","38548071d5aa652bb90c7f111f86b427f798a1c9"
"fiaeq2nveleq.for",21,253,"FIAEQ2NVELEQ","((BDLIST(J,I), I=1,3), J=1,231)",65,"'901DVEE***'","character",,"901DVEE***","38548071d5aa652bb90c7f111f86b427f798a1c9"
"fiaeq2nveleq.for",21,253,"FIAEQ2NVELEQ","((BDLIST(J,I), I=1,3), J=1,231)",66,"'SV7/9'","character",,"SV7/9","38548071d5aa652bb90c7f111f86b427f798a1c9"
"fiaeq2nveleq.for",21,253,"FIAEQ2NVELEQ","((BDLIST(J,I), I=1,3), J=1,231)",67,"'BD000032'","character",,"BD000032","38548071d5aa652bb90c7f111f86b427f798a1c9"
"fiaeq2nveleq.for",21,253,"FIAEQ2NVELEQ","((BDLIST(J,I), I=1,3), J=1,231)",68,"'902DVEE***'","character",,"902DVEE***","38548071d5aa652bb90c7f111f86b427f798a1c9"
"fiaeq2nveleq.for",21,253,"FIAEQ2NVELEQ","((BDLIST(J,I), I=1,3), J=1,231)",69,"'IV7/9'","character",,"IV7/9","38548071d5aa652bb90c7f111f86b427f798a1c9"
"fiaeq2nveleq.for",21,253,"FIAEQ2NVELEQ","((BDLIST(J,I), I=1,3), J=1,231)",70,"'BD000033'","character",,"BD000033","38548071d5aa652bb90c7f111f86b427f798a1c9"
"fiaeq2nveleq.for",21,253,"FIAEQ2NVELEQ","((BDLIST(J,I), I=1,3), J=1,231)",71,"'903DVEE***'","character",,"903DVEE***","38548071d5aa652bb90c7f111f86b427f798a1c9"
"fiaeq2nveleq.for",21,253,"FIAEQ2NVELEQ","((BDLIST(J,I), I=1,3), J=1,231)",72,"'IV7/9'","character",,"IV7/9","38548071d5aa652bb90c7f111f86b427f798a1c9"
"fiaeq2nveleq.for",21,253,"FIAEQ2NVELEQ","((BDLIST(J,I), I=1,3), J=1,231)",73,"'BD000034'","character",,"BD000034","38548071d5aa652bb90c7f111f86b427f798a1c9"
"fiaeq2nveleq.for",21,253,"FIAEQ2NVELEQ","((BDLIST(J,I), I=1,3), J=1,231)",74,"'904DVEE***'","character",,"904DVEE***","38548071d5aa652bb90c7f111f86b427f798a1c9"
"fiaeq2nveleq.for",21,253,"FIAEQ2NVELEQ","((BDLIST(J,I), I=1,3), J=1,231)",75,"'IV7/9'","character",,"IV7/9","38548071d5aa652bb90c7f111f86b427f798a1c9"
"fiaeq2nveleq.for",21,253,"FIAEQ2NVELEQ","((BDLIST(J,I), I=1,3), J=1,231)",76,"'BD000035'","character",,"BD000035","38548071d5aa652bb90c7f111f86b427f798a1c9"
"fiaeq2nveleq.for",21,253,"FIAEQ2NVELEQ","((BDLIST(J,I), I=1,3), J=1,231)",77,"'905DVEE***'","character",,"905DVEE***","38548071d5aa652bb90c7f111f86b427f798a1c9"
"fiaeq2nveleq.for",21,253,"FIAEQ2NVELEQ","((BDLIST(J,I), I=1,3), J=1,231)",78,"'IV7/9'","character",,"IV7/9","38548071d5aa652bb90c7f111f86b427f798a1c9"
"fiaeq2nveleq.for",21,253,"FIAEQ2NVELEQ","((BDLIST(J,I), I=1,3), J=1,231)",79,"'BD000036'","character",,"BD000036","38548071d5aa652bb90c7f111f86b427f798a1c9"
"fiaeq2nveleq.for",21,253,"FIAEQ2NVELEQ","((BDLIST(J,I), I=1,3), J=1,231)",80,"'906DVEE***'","character",,"906DVEE***","38548071d5aa652bb90c7f111f86b427f798a1c9"
"fiaeq2nveleq.for",21,253,"FIAEQ2NVELEQ","((BDLIST(J,I), I=1,3), J=1,231)",81,"'IV7/9'","character",,"IV7/9","38548071d5aa652bb90c7f111f86b427f798a1c9"
"fiaeq2nveleq.for",21,253,"FIAEQ2NVELEQ","((BDLIST(J,I), I=1,3), J=1,231)",82,"'BD000038'","character",,"BD000038","38548071d5aa652bb90c7f111f86b427f798a1c9"
"fiaeq2nveleq.for",21,253,"FIAEQ2NVELEQ","((BDLIST(J,I), I=1,3), J=1,231)",83,"'500DVEW***'","character",,"500DVEW***","38548071d5aa652bb90c7f111f86b427f798a1c9"
"fiaeq2nveleq.for",21,253,"FIAEQ2NVELEQ","((BDLIST(J,I), I=1,3), J=1,231)",84,"'SV6/8'","character",,"SV6/8","38548071d5aa652bb90c7f111f86b427f798a1c9"
"fiaeq2nveleq.for",21,253,"FIAEQ2NVELEQ","((BDLIST(J,I), I=1,3), J=1,231)",85,"'BD000039'","character",,"BD000039","38548071d5aa652bb90c7f111f86b427f798a1c9"
"fiaeq2nveleq.for",21,253,"FIAEQ2NVELEQ","((BDLIST(J,I), I=1,3), J=1,231)",86,"'500DVEW***'","character",,"500DVEW***","38548071d5aa652bb90c7f111f86b427f798a1c9"
"fiaeq2nveleq.for",21,253,"FIAEQ2NVELEQ","((BDLIST(J,I), I=1,3), J=1,231)",87,"'IV6/8'","character",,"IV6/8","38548071d5aa652bb90c7f111f86b427f798a1c9"
"fiaeq2nveleq.for",21,253,"FIAEQ2NVELEQ","((BDLIST(J,I), I=1,3), J=1,231)",88,"'BD000040'","character",,"BD000040","38548071d5aa652bb90c7f111f86b427f798a1c9"
"fiaeq2nveleq.for",21,253,"FIAEQ2NVELEQ","((BDLIST(J,I), I=1,3), J=1,231)",89,"'H00SN2W***'","character",,"H00SN2W***","38548071d5aa652bb90c7f111f86b427f798a1c9"
"fiaeq2nveleq.for",21,253,"FIAEQ2NVELEQ","((BDLIST(J,I), I=1,3), J=1,231)",90,"'SV6'","character",,"SV6","38548071d5aa652bb90c7f111f86b427f798a1c9"
"fiaeq2nveleq.for",21,253,"FIAEQ2NVELEQ","((BDLIST(J,I), I=1,3), J=1,231)",91,"'BD000041'","character",,"BD000041","38548071d5aa652bb90c7f111f86b427f798a1c9"
"fiaeq2nveleq.for",21,253,"FIAEQ2NVELEQ","((BDLIST(J,I), I=1,3), J=1,231)",92,"'N02SCT0***'","character",,"N02SCT0***","38548071d5aa652bb90c7f111f86b427f798a1c9"
"fiaeq2nveleq.for",21,253,"FIAEQ2NVELEQ","((BDLIST(J,I), I=1,3), J=1,231)",93,"'IV6'","character",,"IV6","38548071d5aa652bb90c7f111f86b427f798a1c9"
"fiaeq2nveleq.for",21,253,"FIAEQ2NVELEQ","((BDLIST(J,I), I=1,3), J=1,231)",94,"'BD000042'","character",,"BD000042","38548071d5aa652bb90c7f111f86b427f798a1c9"
"fiaeq2nveleq.for",21,253,"FIAEQ2NVELEQ","((BDLIST(J,I), I=1,3), J=1,231)",95,"'N01STN0***'","character",,"N01STN0***","38548071d5aa652bb90c7f111f86b427f798a1c9"
"fiaeq2nveleq.for",21,253,"FIAEQ2NVELEQ","((BDLIST(J,I), I=1,3), J=1,231)",96,"'IV*'","character",,"IV*","38548071d5aa652bb90c7f111f86b427f798a1c9"
"fiaeq2nveleq.for",21,253,"FIAEQ2NVELEQ","((BDLIST(J,I), I=1,3), J=1,231)",97,"'BD000043'","character",,"BD000043","38548071d5aa652bb90c7f111f86b427f798a1c9"
"fiaeq2nveleq.for",21,253,"FIAEQ2NVELEQ","((BDLIST(J,I), I=1,3), J=1,231)",98,"'N01HAH0***'","character",,"N01HAH0***","38548071d5aa652bb90c7f111f86b427f798a1c9"
"fiaeq2nveleq.for",21,253,"FIAEQ2NVELEQ","((BDLIST(J,I), I=1,3), J=1,231)",99,"'IV6'","character",,"IV6","38548071d5aa652bb90c7f111f86b427f798a1c9"
"fiaeq2nveleq.for",21,253,"FIAEQ2NVELEQ","((BDLIST(J,I), I=1,3), J=1,231)",100,"'BD000044'","character",,"BD000044","38548071d5aa652bb90c7f111f86b427f798a1c9"
"fiaeq2nveleq.for",21,253,"FIAEQ2NVELEQ","((BDLIST(J,I), I=1,3), J=1,231)",101,"'R00RMR0***'","character",,"R00RMR0***","38548071d5aa652bb90c7f111f86b427f798a1c9"
"fiaeq2nveleq.for",21,253,"FIAEQ2NVELEQ","((BDLIST(J,I), I=1,3), J=1,231)",102,"'IV6'","character",,"IV6","38548071d5aa652bb90c7f111f86b427f798a1c9"
"fiaeq2nveleq.for",21,253,"FIAEQ2NVELEQ","((BDLIST(J,I), I=1,3), J=1,231)",103,"'BD000045'","character",,"BD000045","38548071d5aa652bb90c7f111f86b427f798a1c9"
"fiaeq2nveleq.for",21,253,"FIAEQ2NVELEQ","((BDLIST(J,I), I=1,3), J=1,231)",104,"'R00RMR0***'","character",,"R00RMR0***","38548071d5aa652bb90c7f111f86b427f798a1c9"
"fiaeq2nveleq.for",21,253,"FIAEQ2NVELEQ","((BDLIST(J,I), I=1,3), J=1,231)",105,"'SV6'","character",,"SV6","38548071d5aa652bb90c7f111f86b427f798a1c9"
"fiaeq2nveleq.for",21,253,"FIAEQ2NVELEQ","((BDLIST(J,I), I=1,3), J=1,231)",106,"'BD000046'","character",,"BD000046","38548071d5aa652bb90c7f111f86b427f798a1c9"
"fiaeq2nveleq.for",21,253,"FIAEQ2NVELEQ","((BDLIST(J,I), I=1,3), J=1,231)",107,"'R01KEM0***'","character",,"R01KEM0***","38548071d5aa652bb90c7f111f86b427f798a1c9"
"fiaeq2nveleq.for",21,253,"FIAEQ2NVELEQ","((BDLIST(J,I), I=1,3), J=1,231)",108,"'SV6'","character",,"SV6","38548071d5aa652bb90c7f111f86b427f798a1c9"
"fiaeq2nveleq.for",21,253,"FIAEQ2NVELEQ","((BDLIST(J,I), I=1,3), J=1,231)",109,"'BD000047'","character",,"BD000047","38548071d5aa652bb90c7f111f86b427f798a1c9"
"fiaeq2nveleq.for",21,253,"FIAEQ2NVELEQ","((BDLIST(J,I), I=1,3), J=1,231)",110,"'R01KEM0***'","character",,"R01KEM0***","38548071d5aa652bb90c7f111f86b427f798a1c9"
"fiaeq2nveleq.for",21,253,"FIAEQ2NVELEQ","((BDLIST(J,I), I=1,3), J=1,231)",111,"'IV6'","character",,"IV6","38548071d5aa652bb90c7f111f86b427f798a1c9"
"fiaeq2nveleq.for",21,253,"FIAEQ2NVELEQ","((BDLIST(J,I), I=1,3), J=1,231)",112,"'BD000048'","character",,"BD000048","38548071d5aa652bb90c7f111f86b427f798a1c9"
"fiaeq2nveleq.for",21,253,"FIAEQ2NVELEQ","((BDLIST(J,I), I=1,3), J=1,231)",113,"'102DVEW***'","character",,"102DVEW***","38548071d5aa652bb90c7f111f86b427f798a1c9"
"fiaeq2nveleq.for",21,253,"FIAEQ2NVELEQ","((BDLIST(J,I), I=1,3), J=1,231)",114,"'SV6'","character",,"SV6","38548071d5aa652bb90c7f111f86b427f798a1c9"
"fiaeq2nveleq.for",21,253,"FIAEQ2NVELEQ","((BDLIST(J,I), I=1,3), J=1,231)",115,"'BD000049'","character",,"BD000049","38548071d5aa652bb90c7f111f86b427f798a1c9"
"fiaeq2nveleq.for",21,253,"FIAEQ2NVELEQ","((BDLIST(J,I), I=1,3), J=1,231)",116,"'S00SRS0***'","character",,"S00SRS0***","38548071d5aa652bb90c7f111f86b427f798a1c9"
"fiaeq2nveleq.for",21,253,"FIAEQ2NVELEQ","((BDLIST(J,I), I=1,3), J=1,231)",117,"'IV6'","character",,"IV6","38548071d5aa652bb90c7f111f86b427f798a1c9"
"fiaeq2nveleq.for",21,253,"FIAEQ2NVELEQ","((BDLIST(J,I), I=1,3), J=1,231)",118,"'BD000050'","character",,"BD000050","38548071d5aa652bb90c7f111f86b427f798a1c9"
"fiaeq2nveleq.for",21,253,"FIAEQ2NVELEQ","((BDLIST(J,I), I=1,3), J=1,231)",119,"'P16BRC2***'","character",,"P16BRC2***","38548071d5aa652bb90c7f111f86b427f798a1c9"
"fiaeq2nveleq.for",21,253,"FIAEQ2NVELEQ","((BDLIST(J,I), I=1,3), J=1,231)",120,"'SV616'","character",,"SV616","38548071d5aa652bb90c7f111f86b427f798a1c9"
"fiaeq2nveleq.for",21,253,"FIAEQ2NVELEQ","((BDLIST(J,I), I=1,3), J=1,231)",121,"'BD000051'","character",,"BD000051","38548071d5aa652bb90c7f111f86b427f798a1c9"
"fiaeq2nveleq.for",21,253,"FIAEQ2NVELEQ","((BDLIST(J,I), I=1,3), J=1,231)",122,"'P32BRC2***'","character",,"P32BRC2***","38548071d5aa652bb90c7f111f86b427f798a1c9"
"fiaeq2nveleq.for",21,253,"FIAEQ2NVELEQ","((BDLIST(J,I), I=1,3), J=1,231)",123,"'SV632'","character",,"SV632","38548071d5aa652bb90c7f111f86b427f798a1c9"
"fiaeq2nveleq.for",21,253,"FIAEQ2NVELEQ","((BDLIST(J,I), I=1,3), J=1,231)",124,"'BD000052'","character",,"BD000052","38548071d5aa652bb90c7f111f86b427f798a1c9"
"fiaeq2nveleq.for",21,253,"FIAEQ2NVELEQ","((BDLIST(J,I), I=1,3), J=1,231)",125,"'P16BRC2***'","character",,"P16BRC2***","38548071d5aa652bb90c7f111f86b427f798a1c9"
"fiaeq2nveleq.for",21,253,"FIAEQ2NVELEQ","((BDLIST(J,I), I=1,3), J=1,231)",126,"'SV816'","character",,"SV816","38548071d5aa652bb90c7f111f86b427f798a1c9"
"fiaeq2nveleq.for",21,253,"FIAEQ2NVELEQ","((BDLIST(J,I), I=1,3), J=1,231)",127,"'BD000053'","character",,"BD000053","38548071d5aa652bb90c7f111f86b427f798a1c9"
"fiaeq2nveleq.for",21,253,"FIAEQ2NVELEQ","((BDLIST(J,I), I=1,3), J=1,231)",128,"'P16BRC2***'","character",,"P16BRC2***","38548071d5aa652bb90c7f111f86b427f798a1c9"
"fiaeq2nveleq.for",21,253,"FIAEQ2NVELEQ","((BDLIST(J,I), I=1,3), J=1,231)",129,"'IV6'","character",,"IV6","38548071d5aa652bb90c7f111f86b427f798a1c9"
"fiaeq2nveleq.for",21,253,"FIAEQ2NVELEQ","((BDLIST(J,I), I=1,3), J=1,231)",130,"'BD000054'","character",,"BD000054","38548071d5aa652bb90c7f111f86b427f798a1c9"
"fiaeq2nveleq.for",21,253,"FIAEQ2NVELEQ","((BDLIST(J,I), I=1,3), J=1,231)",131,"'P16BRC2***'","character",,"P16BRC2***","38548071d5aa652bb90c7f111f86b427f798a1c9"
"fiaeq2nveleq.for",21,253,"FIAEQ2NVELEQ","((BDLIST(J,I), I=1,3), J=1,231)",132,"'IV8'","character",,"IV8","38548071d5aa652bb90c7f111f86b427f798a1c9"
"fiaeq2nveleq.for",21,253,"FIAEQ2NVELEQ","((BDLIST(J,I), I=1,3), J=1,231)",133,"'BD000055'","character",,"BD000055","38548071d5aa652bb90c7f111f86b427f798a1c9"
"fiaeq2nveleq.for",21,253,"FIAEQ2NVELEQ","((BDLIST(J,I), I=1,3), J=1,231)",134,"'P16BRC1***'","character",,"P16BRC1***","38548071d5aa652bb90c7f111f86b427f798a1c9"
"fiaeq2nveleq.for",21,253,"FIAEQ2NVELEQ","((BDLIST(J,I), I=1,3), J=1,231)",135,"'SV616'","character",,"SV616","38548071d5aa652bb90c7f111f86b427f798a1c9"
"fiaeq2nveleq.for",21,253,"FIAEQ2NVELEQ","((BDLIST(J,I), I=1,3), J=1,231)",136,"'BD000056'","character",,"BD000056","38548071d5aa652bb90c7f111f86b427f798a1c9"
"fiaeq2nveleq.for",21,253,"FIAEQ2NVELEQ","((BDLIST(J,I), I=1,3), J=1,231)",137,"'P32BRC1***'","character",,"P32BRC1***","38548071d5aa652bb90c7f111f86b427f798a1c9"
"fiaeq2nveleq.for",21,253,"FIAEQ2NVELEQ","((BDLIST(J,I), I=1,3), J=1,231)",138,"'SV632'","character",,"SV632","38548071d5aa652bb90c7f111f86b427f798a1c9"
"fiaeq2nveleq.for",21,253,"FIAEQ2NVELEQ","((BDLIST(J,I), I=1,3), J=1,231)",139,"'BD000057'","character",,"BD000057","38548071d5aa652bb90c7f111f86b427f798a1c9"
"fiaeq2nveleq.for",21,253,"FIAEQ2NVELEQ","((BDLIST(J,I), I=1,3), J=1,231)",140,"'P16BRC1***'","character",,"P16BRC1***","38548071d5aa652bb90c7f111f86b427f798a1c9"
"fiaeq2nveleq.for",21,253,"FIAEQ2NVELEQ","((BDLIST(J,I), I=1,3), J=1,231)",141,"'SV816'","character",,"SV816","38548071d5aa652bb90c7f111f86b427f798a1c9"
"fiaeq2nveleq.for",21,253,"FIAEQ2NVELEQ","((BDLIST(J,I), I=1,3), J=1,231)",142,"'BD000058'","character",,"BD000058","38548071d5aa652bb90c7f111f86b427f798a1c9"
"fiaeq2nveleq.for",21,253,"FIAEQ2NVELEQ","((BDLIST(J,I), I=1,3), J=1,231)",143,"'P16BRC1***'","character",,"P16BRC1***","38548071d5aa652bb90c7f111f86b427f798a1c9"
"fiaeq2nveleq.for",21,253,"FIAEQ2NVELEQ","((BDLIST(J,I), I=1,3), J=1,231)",144,"'IV6'","character",,"IV6","38548071d5aa652bb90c7f111f86b427f798a1c9"
"fiaeq2nveleq.for",21,253,"FIAEQ2NVELEQ","((BDLIST(J,I), I=1,3), J=1,231)",145,"'BD000059'","character",,"BD000059","38548071d5aa652bb90c7f111f86b427f798a1c9"
"fiaeq2nveleq.for",21,253,"FIAEQ2NVELEQ","((BDLIST(J,I), I=1,3), J=1,231)",146,"'P16BRC1***'","character",,"P16BRC1***","38548071d5aa652bb90c7f111f86b427f798a1c9"
"fiaeq2nveleq.for",21,253,"FIAEQ2NVELEQ","((BDLIST(J,I), I=1,3), J=1,231)",147,"'IV8'","character",,"IV8","38548071d5aa652bb90c7f111f86b427f798a1c9"
"fiaeq2nveleq.for",21,253,"FIAEQ2NVELEQ","((BDLIST(J,I), I=1,3), J=1,231)",148,"'BD000060'","character",,"BD000060","38548071d5aa652bb90c7f111f86b427f798a1c9"
"fiaeq2nveleq.for",21,253,"FIAEQ2NVELEQ","((BDLIST(J,I), I=1,3), J=1,231)",149,"'P16BRI0***'","character",,"P16BRI0***","38548071d5aa652bb90c7f111f86b427f798a1c9"
"fiaeq2nveleq.for",21,253,"FIAEQ2NVELEQ","((BDLIST(J,I), I=1,3), J=1,231)",150,"'SV616'","character",,"SV616","38548071d5aa652bb90c7f111f86b427f798a1c9"
"fiaeq2nveleq.for",21,253,"FIAEQ2NVELEQ","((BDLIST(J,I), I=1,3), J=1,231)",151,"'BD000061'","character",,"BD000061","38548071d5aa652bb90c7f111f86b427f798a1c9"
"fiaeq2nveleq.for",21,253,"FIAEQ2NVELEQ","((BDLIST(J,I), I=1,3), J=1,231)",152,"'P32BRI0***'","character",,"P32BRI0***","38548071d5aa652bb90c7f111f86b427f798a1c9"
"fiaeq2nveleq.for",21,253,"FIAEQ2NVELEQ","((BDLIST(J,I), I=1,3), J=1,231)",153,"'SV632'","character",,"SV632","38548071d5aa652bb90c7f111f86b427f798a1c9"
"fiaeq2nveleq.for",21,253,"FIAEQ2NVELEQ","((BDLIST(J,I), I=1,3), J=1,231)",154,"'BD000062'","character",,"BD000062","38548071d5aa652bb90c7f111f86b427f798a1c9"
"fiaeq2nveleq.for",21,253,"FIAEQ2NVELEQ","((BDLIST(J,I), I=1,3), J=1,231)",155,"'P16BRI0***'","character",,"P16BRI0***","38548071d5aa652bb90c7f111f86b427f798a1c9"
"fiaeq2nveleq.for",21,253,"FIAEQ2NVELEQ","((BDLIST(J,I), I=1,3), J=1,231)",156,"'SV816'","character",,"SV816","38548071d5aa652bb90c7f111f86b427f798a1c9"
"fiaeq2nveleq.for",21,253,"FIAEQ2NVELEQ","((BDLIST(J,I), I=1,3), J=1,231)",157,"'BD000063'","character",,"BD000063","38548071d5aa652bb90c7f111f86b427f798a1c9"
"fiaeq2nveleq.for",21,253,"FIAEQ2NVELEQ","((BDLIST(J,I), I=1,3), J=1,231)",158,"'P16BRI0***'","character",,"P16BRI0***","38548071d5aa652bb90c7f111f86b427f798a1c9"
"fiaeq2nveleq.for",21,253,"FIAEQ2NVELEQ","((BDLIST(J,I), I=1,3), J=1,231)",159,"'IV6'","character",,"IV6","38548071d5aa652bb90c7f111f86b427f798a1c9"
"fiaeq2nveleq.for",21,253,"FIAEQ2NVELEQ","((BDLIST(J,I), I=1,3), J=1,231)",160,"'BD000064'","character",,"BD000064","38548071d5aa652bb90c7f111f86b427f798a1c9"
"fiaeq2nveleq.for",21,253,"FIAEQ2NVELEQ","((BDLIST(J,I), I=1,3), J=1,231)",161,"'P16BRI0***'","character",,"P16BRI0***","38548071d5aa652bb90c7f111f86b427f798a1c9"
"fiaeq2nveleq.for",21,253,"FIAEQ2NVELEQ","((BDLIST(J,I), I=1,3), J=1,231)",162,"'IV8'","character",,"IV8","38548071d5aa652bb90c7f111f86b427f798a1c9"
"fiaeq2nveleq.for",21,253,"FIAEQ2NVELEQ","((BDLIST(J,I), I=1,3), J=1,231)",163,"'BD000065'","character",,"BD000065","38548071d5aa652bb90c7f111f86b427f798a1c9"
"fiaeq2nveleq.for",21,253,"FIAEQ2NVELEQ","((BDLIST(J,I), I=1,3), J=1,231)",164,"'P16BRO0***'","character",,"P16BRO0***","38548071d5aa652bb90c7f111f86b427f798a1c9"
"fiaeq2nveleq.for",21,253,"FIAEQ2NVELEQ","((BDLIST(J,I), I=1,3), J=1,231)",165,"'SV616'","character",,"SV616","38548071d5aa652bb90c7f111f86b427f798a1c9"
"fiaeq2nveleq.for",21,253,"FIAEQ2NVELEQ","((BDLIST(J,I), I=1,3), J=1,231)",166,"'BD000066'","character",,"BD000066","38548071d5aa652bb90c7f111f86b427f798a1c9"
"fiaeq2nveleq.for",21,253,"FIAEQ2NVELEQ","((BDLIST(J,I), I=1,3), J=1,231)",167,"'P32BRO0***'","character",,"P32BRO0***","38548071d5aa652bb90c7f111f86b427f798a1c9"
"fiaeq2nveleq.for",21,253,"FIAEQ2NVELEQ","((BDLIST(J,I), I=1,3), J=1,231)",168,"'SV632'","character",,"SV632","38548071d5aa652bb90c7f111f86b427f798a1c9"
"fiaeq2nveleq.for",21,253,"FIAEQ2NVELEQ","((BDLIST(J,I), I=1,3), J=1,231)",169,"'BD000067'","character",,"BD000067","38548071d5aa652bb90c7f111f86b427f798a1c9"
"fiaeq2nveleq.for",21,253,"FIAEQ2NVELEQ","((BDLIST(J,I), I=1,3), J=1,231)",170,"'P16BRO0***'","character",,"P16BRO0***","38548071d5aa652bb90c7f111f86b427f798a1c9"
"fiaeq2nveleq.for",21,253,"FIAEQ2NVELEQ","((BDLIST(J,I), I=1,3), J=1,231)",171,"'SV816'","character",,"SV816","38548071d5aa652bb90c7f111f86b427f798a1c9"
"fiaeq2nveleq.for",21,253,"FIAEQ2NVELEQ","((BDLIST(J,I), I=1,3), J=1,231)",172,"'BD000068'","character",,"BD000068","38548071d5aa652bb90c7f111f86b427f798a1c9"
"fiaeq2nveleq.for",21,253,"FIAEQ2NVELEQ","((BDLIST(J,I), I=1,3), J=1,231)",173,"'P16BRO0***'","character",,"P16BRO0***","38548071d5aa652bb90c7f111f86b427f798a1c9"
"fiaeq2nveleq.for",21,253,"FIAEQ2NVELEQ","((BDLIST(J,I), I=1,3), J=1,231)",174,"'IV6'","character",,"IV6","38548071d5aa652bb90c7f111f86b427f798a1c9"
"fiaeq2nveleq.for",21,253,"FIAEQ2NVELEQ","((BDLIST(J,I), I=1,3), J=1,231)",175,"'BD000069'","character",,"BD000069","38548071d5aa652bb90c7f111f86b427f798a1c9"
"fiaeq2nveleq.for",21,253,"FIAEQ2NVELEQ","((BDLIST(J,I), I=1,3), J=1,231)",176,"'P16BRO0***'","character",,"P16BRO0***","38548071d5aa652bb90c7f111f86b427f798a1c9"
"fiaeq2nveleq.for",21,253,"FIAEQ2NVELEQ","((BDLIST(J,I), I=1,3), J=1,231)",177,"'IV8'","character",,"IV8","38548071d5aa652bb90c7f111f86b427f798a1c9"
"fiaeq2nveleq.for",21,253,"FIAEQ2NVELEQ","((BDLIST(J,I), I=1,3), J=1,231)",178,"'BD000070'","character",,"BD000070","38548071d5aa652bb90c7f111f86b427f798a1c9"
"fiaeq2nveleq.for",21,253,"FIAEQ2NVELEQ","((BDLIST(J,I), I=1,3), J=1,231)",179,"'P16SMF0***'","character",,"P16SMF0***","38548071d5aa652bb90c7f111f86b427f798a1c9"
"fiaeq2nveleq.for",21,253,"FIAEQ2NVELEQ","((BDLIST(J,I), I=1,3), J=1,231)",180,"'SV616'","character",,"SV616","38548071d5aa652bb90c7f111f86b427f798a1c9"
"fiaeq2nveleq.for",21,253,"FIAEQ2NVELEQ","((BDLIST(J,I), I=1,3), J=1,231)",181,"'BD000071'","character",,"BD000071","38548071d5aa652bb90c7f111f86b427f798a1c9"
"fiaeq2nveleq.for",21,253,"FIAEQ2NVELEQ","((BDLIST(J,I), I=1,3), J=1,231)",182,"'P32SMF0***'","character",,"P32SMF0***","38548071d5aa652bb90c7f111f86b427f798a1c9"
"fiaeq2nveleq.for",21,253,"FIAEQ2NVELEQ","((BDLIST(J,I), I=1,3), J=1,231)",183,"'SV632'","character",,"SV632","38548071d5aa652bb90c7f111f86b427f798a1c9"
"fiaeq2nveleq.for",21,253,"FIAEQ2NVELEQ","((BDLIST(J,I), I=1,3), J=1,231)",184,"'BD000072'","character",,"BD000072","38548071d5aa652bb90c7f111f86b427f798a1c9"
"fiaeq2nveleq.for",21,253,"FIAEQ2NVELEQ","((BDLIST(J,I), I=1,3), J=1,231)",185,"'P16SMF0***'","character",,"P16SMF0***","38548071d5aa652bb90c7f111f86b427f798a1c9"
"fiaeq2nveleq.for",21,253,"FIAEQ2NVELEQ","((BDLIST(J,I), I=1,3), J=1,231)",186,"'SV816'","character",,"SV816","38548071d5aa652bb90c7f111f86b427f798a1c9"
"fiaeq2nveleq.for",21,253,"FIAEQ2NVELEQ","((BDLIST(J,I), I=1,3), J=1,231)",187,"'BD000073'","character",,"BD000073","38548071d5aa652bb90c7f111f86b427f798a1c9"
"fiaeq2nveleq.for",21,253,"FIAEQ2NVELEQ","((BDLIST(J,I), I=1,3), J=1,231)",188,"'P16SMF0***'","character",,"P16SMF0***","38548071d5aa652bb90c7f111f86b427f798a1c9"
"fiaeq2nveleq.for",21,253,"FIAEQ2NVELEQ","((BDLIST(J,I), I=1,3), J=1,231)",189,"'IV6'","character",,"IV6","38548071d5aa652bb90c7f111f86b427f798a1c9"
"fiaeq2nveleq.for",21,253,"FIAEQ2NVELEQ","((BDLIST(J,I), I=1,3), J=1,231)",190,"'BD000074'","character",,"BD000074","38548071d5aa652bb90c7f111f86b427f798a1c9"
"fiaeq2nveleq.for",21,253,"FIAEQ2NVELEQ","((BDLIST(J,I), I=1,3), J=1,231)",191,"'P16SMF0***'","character",,"P16SMF0***","38548071d5aa652bb90c7f111f86b427f798a1c9"
"fiaeq2nveleq.for",21,253,"FIAEQ2NVELEQ","((BDLIST(J,I), I=1,3), J=1,231)",192,"'IV8'","character",,"IV8","38548071d5aa652bb90c7f111f86b427f798a1c9"
"fiaeq2nveleq.for",21,253,"FIAEQ2NVELEQ","((BDLIST(J,I), I=1,3), J=1,231)",193,"'BD000075'","character",,"BD000075","38548071d5aa652bb90c7f111f86b427f798a1c9"
"fiaeq2nveleq.for",21,253,"FIAEQ2NVELEQ","((BDLIST(J,I), I=1,3), J=1,231)",194,"'P16PIL0***'","character",,"P16PIL0***","38548071d5aa652bb90c7f111f86b427f798a1c9"
"fiaeq2nveleq.for",21,253,"FIAEQ2NVELEQ","((BDLIST(J,I), I=1,3), J=1,231)",195,"'SV616'","character",,"SV616","38548071d5aa652bb90c7f111f86b427f798a1c9"
"fiaeq2nveleq.for",21,253,"FIAEQ2NVELEQ","((BDLIST(J,I), I=1,3), J=1,231)",196,"'BD000076'","character",,"BD000076","38548071d5aa652bb90c7f111f86b427f798a1c9"
"fiaeq2nveleq.for",21,253,"FIAEQ2NVELEQ","((BDLIST(J,I), I=1,3), J=1,231)",197,"'P32PIL0***'","character",,"P32PIL0***","38548071d5aa652bb90c7f111f86b427f798a1c9"
"fiaeq2nveleq.for",21,253,"FIAEQ2NVELEQ","((BDLIST(J,I), I=1,3), J=1,231)",198,"'SV632'","character",,"SV632","38548071d5aa652bb90c7f111f86b427f798a1c9"
"fiaeq2nveleq.for",21,253,"FIAEQ2NVELEQ","((BDLIST(J,I), I=1,3), J=1,231)",199,"'BD000077'","character",,"BD000077","38548071d5aa652bb90c7f111f86b427f798a1c9"
"fiaeq2nveleq.for",21,253,"FIAEQ2NVELEQ","((BDLIST(J,I), I=1,3), J=1,231)",200,"'P16PIL0***'","character",,"P16PIL0***","38548071d5aa652bb90c7f111f86b427f798a1c9"
"fiaeq2nveleq.for",21,253,"FIAEQ2NVELEQ","((BDLIST(J,I), I=1,3), J=1,231)",201,"'SV816'","character",,"SV816","38548071d5aa652bb90c7f111f86b427f798a1c9"
"fiaeq2nveleq.for",21,253,"FIAEQ2NVELEQ","((BDLIST(J,I), I=1,3), J=1,231)",202,"'BD000078'","character",,"BD000078","38548071d5aa652bb90c7f111f86b427f798a1c9"
"fiaeq2nveleq.for",21,253,"FIAEQ2NVELEQ","((BDLIST(J,I), I=1,3), J=1,231)",203,"'P16PIL0***'","character",,"P16PIL0***","38548071d5aa652bb90c7f111f86b427f798a1c9"
"fiaeq2nveleq.for",21,253,"FIAEQ2NVELEQ","((BDLIST(J,I), I=1,3), J=1,231)",204,"'IV6'","character",,"IV6","38548071d5aa652bb90c7f111f86b427f798a1c9"
"fiaeq2nveleq.for",21,253,"FIAEQ2NVELEQ","((BDLIST(J,I), I=1,3), J=1,231)",205,"'BD000079'","character",,"BD000079","38548071d5aa652bb90c7f111f86b427f798a1c9"
"fiaeq2nveleq.for",21,253,"FIAEQ2NVELEQ","((BDLIST(J,I), I=1,3), J=1,231)",206,"'P16PIL0***'","character",,"P16PIL0***","38548071d5aa652bb90c7f111f86b427f798a1c9"
"fiaeq2nveleq.for",21,253,"FIAEQ2NVELEQ","((BDLIST(J,I), I=1,3), J=1,231)",207,"'IV8'","character",,"IV8","38548071d5aa652bb90c7f111f86b427f798a1c9"
"fiaeq2nveleq.for",21,253,"FIAEQ2NVELEQ","((BDLIST(J,I), I=1,3), J=1,231)",208,"'BD000080'","character",,"BD000080","38548071d5aa652bb90c7f111f86b427f798a1c9"
"fiaeq2nveleq.for",21,253,"FIAEQ2NVELEQ","((BDLIST(J,I), I=1,3), J=1,231)",209,"'P16KRU1***'","character",,"P16KRU1***","38548071d5aa652bb90c7f111f86b427f798a1c9"
"fiaeq2nveleq.for",21,253,"FIAEQ2NVELEQ","((BDLIST(J,I), I=1,3), J=1,231)",210,"'SV6'","character",,"SV6","38548071d5aa652bb90c7f111f86b427f798a1c9"
"fiaeq2nveleq.for",21,253,"FIAEQ2NVELEQ","((BDLIST(J,I), I=1,3), J=1,231)",211,"'BD000081'","character",,"BD000081","38548071d5aa652bb90c7f111f86b427f798a1c9"
"fiaeq2nveleq.for",21,253,"FIAEQ2NVELEQ","((BDLIST(J,I), I=1,3), J=1,231)",212,"'P16KRU0***'","character",,"P16KRU0***","38548071d5aa652bb90c7f111f86b427f798a1c9"
"fiaeq2nveleq.for",21,253,"FIAEQ2NVELEQ","((BDLIST(J,I), I=1,3), J=1,231)",213,"'SV616'","character",,"SV616","38548071d5aa652bb90c7f111f86b427f798a1c9"
"fiaeq2nveleq.for",21,253,"FIAEQ2NVELEQ","((BDLIST(J,I), I=1,3), J=1,231)",214,"'BD000082'","character",,"BD000082","38548071d5aa652bb90c7f111f86b427f798a1c9"
"fiaeq2nveleq.for",21,253,"FIAEQ2NVELEQ","((BDLIST(J,I), I=1,3), J=1,231)",215,"'P32KRU0***'","character",,"P32KRU0***","38548071d5aa652bb90c7f111f86b427f798a1c9"
"fiaeq2nveleq.for",21,253,"FIAEQ2NVELEQ","((BDLIST(J,I), I=1,3), J=1,231)",216,"'SV632'","character",,"SV632","38548071d5aa652bb90c7f111f86b427f798a1c9"
"fiaeq2nveleq.for",21,253,"FIAEQ2NVELEQ","((BDLIST(J,I), I=1,3), J=1,231)",217,"'BD000083'","character",,"BD000083","38548071d5aa652bb90c7f111f86b427f798a1c9"
"fiaeq2nveleq.for",21,253,"FIAEQ2NVELEQ","((BDLIST(J,I), I=1,3), J=1,231)",218,"'P16KRU0***'","character",,"P16KRU0***","38548071d5aa652bb90c7f111f86b427f798a1c9"
"fiaeq2nveleq.for",21,253,"FIAEQ2NVELEQ","((BDLIST(J,I), I=1,3), J=1,231)",219,"'SV816'","character",,"SV816","38548071d5aa652bb90c7f111f86b427f798a1c9"
"fiaeq2nveleq.for",21,253,"FIAEQ2NVELEQ","((BDLIST(J,I), I=1,3), J=1,231)",220,"'BD000084'","character",,"BD000084","38548071d5aa652bb90c7f111f86b427f798a1c9"
"fiaeq2nveleq.for",21,253,"FIAEQ2NVELEQ","((BDLIST(J,I), I=1,3), J=1,231)",221,"'P16KRU0***'","character",,"P16KRU0***","38548071d5aa652bb90c7f111f86b427f798a1c9"
"fiaeq2nveleq.for",21,253,"FIAEQ2NVELEQ","((BDLIST(J,I), I=1,3), J=1,231)",222,"'IV6'","character",,"IV6","38548071d5aa652bb90c7f111f86b427f798a1c9"
"fiaeq2nveleq.for",21,253,"FIAEQ2NVELEQ","((BDLIST(J,I), I=1,3), J=1,231)",223,"'BD000085'","character",,"BD000085","38548071d5aa652bb90c7f111f86b427f798a1c9"
"fiaeq2nveleq.for",21,253,"FIAEQ2NVELEQ","((BDLIST(J,I), I=1,3), J=1,231)",224,"'P16KRU0***'","character",,"P16KRU0***","38548071d5aa652bb90c7f111f86b427f798a1c9"
"fiaeq2nveleq.for",21,253,"FIAEQ2NVELEQ","((BDLIST(J,I), I=1,3), J=1,231)",225,"'IV8'","character",,"IV8","38548071d5aa652bb90c7f111f86b427f798a1c9"
"fiaeq2nveleq.for",21,253,"FIAEQ2NVELEQ","((BDLIST(J,I), I=1,3), J=1,231)",226,"'BD000086'","character",,"BD000086","38548071d5aa652bb90c7f111f86b427f798a1c9"
"fiaeq2nveleq.for",21,253,"FIAEQ2NVELEQ","((BDLIST(J,I), I=1,3), J=1,231)",227,"'A00DVEW***'","character",,"A00DVEW***","38548071d5aa652bb90c7f111f86b427f798a1c9"
"fiaeq2nveleq.for",21,253,"FIAEQ2NVELEQ","((BDLIST(J,I), I=1,3), J=1,231)",228,"'SV6'","character",,"SV6","38548071d5aa652bb90c7f111f86b427f798a1c9"
"fiaeq2nveleq.for",21,253,"FIAEQ2NVELEQ","((BDLIST(J,I), I=1,3), J=1,231)",229,"'BD000087'","character",,"BD000087","38548071d5aa652bb90c7f111f86b427f798a1c9"
"fiaeq2nveleq.for",21,253,"FIAEQ2NVELEQ","((BDLIST(J,I), I=1,3), J=1,231)",230,"'A00DVEW***'","character",,"A00DVEW***","38548071d5aa652bb90c7f111f86b427f798a1c9"
"fiaeq2nveleq.for",21,253,"FIAEQ2NVELEQ","((BDLIST(J,I), I=1,3), J=1,231)",231,"'IV6'","character",,"IV6","38548071d5aa652bb90c7f111f86b427f798a1c9"
"fiaeq2nveleq.for",21,253,"FIAEQ2NVELEQ","((BDLIST(J,I), I=1,3), J=1,231)",232,"'BD000088'","character",,"BD000088","38548071d5aa652bb90c7f111f86b427f798a1c9"
"fiaeq2nveleq.for",21,253,"FIAEQ2NVELEQ","((BDLIST(J,I), I=1,3), J=1,231)",233,"'A01DVEW***'","character",,"A01DVEW***","38548071d5aa652bb90c7f111f86b427f798a1c9"
"fiaeq2nveleq.for",21,253,"FIAEQ2NVELEQ","((BDLIST(J,I), I=1,3), J=1,231)",234,"'IV6'","character",,"IV6","38548071d5aa652bb90c7f111f86b427f798a1c9"
"fiaeq2nveleq.for",21,253,"FIAEQ2NVELEQ","((BDLIST(J,I), I=1,3), J=1,231)",235,"'BD000089'","character",,"BD000089","38548071d5aa652bb90c7f111f86b427f798a1c9"
"fiaeq2nveleq.for",21,253,"FIAEQ2NVELEQ","((BDLIST(J,I), I=1,3), J=1,231)",236,"'A01DVEW***'","character",,"A01DVEW***","38548071d5aa652bb90c7f111f86b427f798a1c9"
"fiaeq2nveleq.for",21,253,"FIAEQ2NVELEQ","((BDLIST(J,I), I=1,3), J=1,231)",237,"'SV6'","character",,"SV6","38548071d5aa652bb90c7f111f86b427f798a1c9"
"fiaeq2nveleq.for",21,253,"FIAEQ2NVELEQ","((BDLIST(J,I), I=1,3), J=1,231)",238,"'BD000090'","character",,"BD000090","38548071d5aa652bb90c7f111f86b427f798a1c9"
"fiaeq2nveleq.for",21,253,"FIAEQ2NVELEQ","((BDLIST(J,I), I=1,3), J=1,231)",239,"'P01DEM0***'","character",,"P01DEM0***","38548071d5aa652bb90c7f111f86b427f798a1c9"
"fiaeq2nveleq.for",21,253,"FIAEQ2NVELEQ","((BDLIST(J,I), I=1,3), J=1,231)",240,"'SV6'","character",,"SV6","38548071d5aa652bb90c7f111f86b427f798a1c9"
"fiaeq2nveleq.for",21,253,"FIAEQ2NVELEQ","((BDLIST(J,I), I=1,3), J=1,231)",241,"'BD000091'","character",,"BD000091","38548071d5aa652bb90c7f111f86b427f798a1c9"
"fiaeq2nveleq.for",21,253,"FIAEQ2NVELEQ","((BDLIST(J,I), I=1,3), J=1,231)",242,"'P01DEM0***'","character",,"P01DEM0***","38548071d5aa652bb90c7f111f86b427f798a1c9"
"fiaeq2nveleq.for",21,253,"FIAEQ2NVELEQ","((BDLIST(J,I), I=1,3), J=1,231)",243,"'IV6'","character",,"IV6","38548071d5aa652bb90c7f111f86b427f798a1c9"
"fiaeq2nveleq.for",21,253,"FIAEQ2NVELEQ","((BDLIST(J,I), I=1,3), J=1,231)",244,"'BD000092'","character",,"BD000092","38548071d5aa652bb90c7f111f86b427f798a1c9"
"fiaeq2nveleq.for",21,253,"FIAEQ2NVELEQ","((BDLIST(J,I), I=1,3), J=1,231)",245,"'P01EMB0***'","character",,"P01EMB0***","38548071d5aa652bb90c7f111f86b427f798a1c9"
"fiaeq2nveleq.for",21,253,"FIAEQ2NVELEQ","((BDLIST(J,I), I=1,3), J=1,231)",246,"'SV6'","character",,"SV6","38548071d5aa652bb90c7f111f86b427f798a1c9"
"fiaeq2nveleq.for",21,253,"FIAEQ2NVELEQ","((BDLIST(J,I), I=1,3), J=1,231)",247,"'BD000093'","character",,"BD000093","38548071d5aa652bb90c7f111f86b427f798a1c9"
"fiaeq2nveleq.for",21,253,"FIAEQ2NVELEQ","((BDLIST(J,I), I=1,3), J=1,231)",248,"'P01EMB0***'","character",,"P01EMB0***","38548071d5aa652bb90c7f111f86b427f798a1c9"
"fiaeq2nveleq.for",21,253,"FIAEQ2NVELEQ","((BDLIST(J,I), I=1,3), J=1,231)",249,"'IV6'","character",,"IV6","38548071d5aa652bb90c7f111f86b427f798a1c9"
"fiaeq2nveleq.for",21,253,"FIAEQ2NVELEQ","((BDLIST(J,I), I=1,3), J=1,231)",250,"'BD000095'","character",,"BD000095","38548071d5aa652bb90c7f111f86b427f798a1c9"
"fiaeq2nveleq.for",21,253,"FIAEQ2NVELEQ","((BDLIST(J,I), I=1,3), J=1,231)",251,"'P01BDE0***'","character",,"P01BDE0***","38548071d5aa652bb90c7f111f86b427f798a1c9"
"fiaeq2nveleq.for",21,253,"FIAEQ2NVELEQ","((BDLIST(J,I), I=1,3), J=1,231)",252,"'IV6'","character",,"IV6","38548071d5aa652bb90c7f111f86b427f798a1c9"
"fiaeq2nveleq.for",21,253,"FIAEQ2NVELEQ","((BDLIST(J,I), I=1,3), J=1,231)",253,"'BD000096'","character",,"BD000096","38548071d5aa652bb90c7f111f86b427f798a1c9"
"fiaeq2nveleq.for",21,253,"FIAEQ2NVELEQ","((BDLIST(J,I), I=1,3), J=1,231)",254,"'P02MAC1***'","character",,"P02MAC1***","38548071d5aa652bb90c7f111f86b427f798a1c9"
"fiaeq2nveleq.for",21,253,"FIAEQ2NVELEQ","((BDLIST(J,I), I=1,3), J=1,231)",255,"'SV6'","character",,"SV6","38548071d5aa652bb90c7f111f86b427f798a1c9"
"fiaeq2nveleq.for",21,253,"FIAEQ2NVELEQ","((BDLIST(J,I), I=1,3), J=1,231)",256,"'BD000097'","character",,"BD000097","38548071d5aa652bb90c7f111f86b427f798a1c9"
"fiaeq2nveleq.for",21,253,"FIAEQ2NVELEQ","((BDLIST(J,I), I=1,3), J=1,231)",257,"'P02MAC1***'","character",,"P02MAC1***","38548071d5aa652bb90c7f111f86b427f798a1c9"
"fiaeq2nveleq.for",21,253,"FIAEQ2NVELEQ","((BDLIST(J,I), I=1,3), J=1,231)",258,"'IV6'","character",,"IV6","38548071d5aa652bb90c7f111f86b427f798a1c9"
"fiaeq2nveleq.for",21,253,"FIAEQ2NVELEQ","((BDLIST(J,I), I=1,3), J=1,231)",259,"'BD000098'","character",,"BD000098","38548071d5aa652bb90c7f111f86b427f798a1c9"
"fiaeq2nveleq.for",21,253,"FIAEQ2NVELEQ","((BDLIST(J,I), I=1,3), J=1,231)",260,"'P16MAC1***'","character",,"P16MAC1***","38548071d5aa652bb90c7f111f86b427f798a1c9"
"fiaeq2nveleq.for",21,253,"FIAEQ2NVELEQ","((BDLIST(J,I), I=1,3), J=1,231)",261,"'SV616'","character",,"SV616","38548071d5aa652bb90c7f111f86b427f798a1c9"
"fiaeq2nveleq.for",21,253,"FIAEQ2NVELEQ","((BDLIST(J,I), I=1,3), J=1,231)",262,"'BD000099'","character",,"BD000099","38548071d5aa652bb90c7f111f86b427f798a1c9"
"fiaeq2nveleq.for",21,253,"FIAEQ2NVELEQ","((BDLIST(J,I), I=1,3), J=1,231)",263,"'P32MAC1***'","character",,"P32MAC1***","38548071d5aa652bb90c7f111f86b427f798a1c9"
"fiaeq2nveleq.for",21,253,"FIAEQ2NVELEQ","((BDLIST(J,I), I=1,3), J=1,231)",264,"'SV632'","character",,"SV632","38548071d5aa652bb90c7f111f86b427f798a1c9"
"fiaeq2nveleq.for",21,253,"FIAEQ2NVELEQ","((BDLIST(J,I), I=1,3), J=1,231)",265,"'BD000100'","character",,"BD000100","38548071d5aa652bb90c7f111f86b427f798a1c9"
"fiaeq2nveleq.for",21,253,"FIAEQ2NVELEQ","((BDLIST(J,I), I=1,3), J=1,231)",266,"'P16MAC1***'","character",,"P16MAC1***","38548071d5aa652bb90c7f111f86b427f798a1c9"
"fiaeq2nveleq.for",21,253,"FIAEQ2NVELEQ","((BDLIST(J,I), I=1,3), J=1,231)",267,"'SV816'","character",,"SV816","38548071d5aa652bb90c7f111f86b427f798a1c9"
"fiaeq2nveleq.for",21,253,"FIAEQ2NVELEQ","((BDLIST(J,I), I=1,3), J=1,231)",268,"'BD000101'","character",,"BD000101","38548071d5aa652bb90c7f111f86b427f798a1c9"
"fiaeq2nveleq.for",21,253,"FIAEQ2NVELEQ","((BDLIST(J,I), I=1,3), J=1,231)",269,"'P16MAC1***'","character",,"P16MAC1***","38548071d5aa652bb90c7f111f86b427f798a1c9"
"fiaeq2nveleq.for",21,253,"FIAEQ2NVELEQ","((BDLIST(J,I), I=1,3), J=1,231)",270,"'IV6'","character",,"IV6","38548071d5aa652bb90c7f111f86b427f798a1c9"
"fiaeq2nveleq.for",21,253,"FIAEQ2NVELEQ","((BDLIST(J,I), I=1,3), J=1,231)",271,"'BD000102'","character",,"BD000102","38548071d5aa652bb90c7f111f86b427f798a1c9"
"fiaeq2nveleq.for",21,253,"FIAEQ2NVELEQ","((BDLIST(J,I), I=1,3), J=1,231)",272,"'P16MAC1***'","character",,"P16MAC1***","38548071d5aa652bb90c7f111f86b427f798a1c9"
"fiaeq2nveleq.for",21,253,"FIAEQ2NVELEQ","((BDLIST(J,I), I=1,3), J=1,231)",273,"'IV8'","character",,"IV8","38548071d5aa652bb90c7f111f86b427f798a1c9"
"fiaeq2nveleq.for",21,253,"FIAEQ2NVELEQ","((BDLIST(J,I), I=1,3), J=1,231)",274,"'BD015001'","character",,"BD015001","38548071d5aa652bb90c7f111f86b427f798a1c9"
"fiaeq2nveleq.for",21,253,"FIAEQ2NVELEQ","((BDLIST(J,I), I=1,3), J=1,231)",275,"'301DVEW015'","character",,"301DVEW015","38548071d5aa652bb90c7f111f86b427f798a1c9"
"fiaeq2nveleq.for",21,253,"FIAEQ2NVELEQ","((BDLIST(J,I), I=1,3), J=1,231)",276,"'SV6'","character",,"SV6","38548071d5aa652bb90c7f111f86b427f798a1c9"
"fiaeq2nveleq.for",21,253,"FIAEQ2NVELEQ","((BDLIST(J,I), I=1,3), J=1,231)",277,"'BD015002'","character",,"BD015002","38548071d5aa652bb90c7f111f86b427f798a1c9"
"fiaeq2nveleq.for",21,253,"FIAEQ2NVELEQ","((BDLIST(J,I), I=1,3), J=1,231)",278,"'302DVEW015'","character",,"302DVEW015","38548071d5aa652bb90c7f111f86b427f798a1c9"
"fiaeq2nveleq.for",21,253,"FIAEQ2NVELEQ","((BDLIST(J,I), I=1,3), J=1,231)",279,"'SV6'","character",,"SV6","38548071d5aa652bb90c7f111f86b427f798a1c9"
"fiaeq2nveleq.for",21,253,"FIAEQ2NVELEQ","((BDLIST(J,I), I=1,3), J=1,231)",280,"'BD015003'","character",,"BD015003","38548071d5aa652bb90c7f111f86b427f798a1c9"
"fiaeq2nveleq.for",21,253,"FIAEQ2NVELEQ","((BDLIST(J,I), I=1,3), J=1,231)",281,"'P02MAC1015'","character",,"P02MAC1015","38548071d5aa652bb90c7f111f86b427f798a1c9"
"fiaeq2nveleq.for",21,253,"FIAEQ2NVELEQ","((BDLIST(J,I), I=1,3), J=1,231)",282,"'IV6'","character",,"IV6","38548071d5aa652bb90c7f111f86b427f798a1c9"
"fiaeq2nveleq.for",21,253,"FIAEQ2NVELEQ","((BDLIST(J,I), I=1,3), J=1,231)",283,"'BD015004'","character",,"BD015004","38548071d5aa652bb90c7f111f86b427f798a1c9"
"fiaeq2nveleq.for",21,253,"FIAEQ2NVELEQ","((BDLIST(J,I), I=1,3), J=1,231)",284,"'P02MAC1015'","character",,"P02MAC1015","38548071d5aa652bb90c7f111f86b427f798a1c9"
"fiaeq2nveleq.for",21,253,"FIAEQ2NVELEQ","((BDLIST(J,I), I=1,3), J=1,231)",285,"'SV6'","character",,"SV6","38548071d5aa652bb90c7f111f86b427f798a1c9"
"fiaeq2nveleq.for",21,253,"FIAEQ2NVELEQ","((BDLIST(J,I), I=1,3), J=1,231)",286,"'BD015005'","character",,"BD015005","38548071d5aa652bb90c7f111f86b427f798a1c9"
"fiaeq2nveleq.for",21,253,"FIAEQ2NVELEQ","((BDLIST(J,I), I=1,3), J=1,231)",287,"'P16MAC0015'","character",,"P16MAC0015","38548071d5aa652bb90c7f111f86b427f798a1c9"
"fiaeq2nveleq.for",21,253,"FIAEQ2NVELEQ","((BDLIST(J,I), I=1,3), J=1,231)",288,"'SV616'","character",,"SV616","38548071d5aa652bb90c7f111f86b427f798a1c9"
"fiaeq2nveleq.for",21,253,"FIAEQ2NVELEQ","((BDLIST(J,I), I=1,3), J=1,231)",289,"'BD015006'","character",,"BD015006","38548071d5aa652bb90c7f111f86b427f798a1c9"
"fiaeq2nveleq.for",21,253,"FIAEQ2NVELEQ","((BDLIST(J,I), I=1,3), J=1,231)",290,"'P32MAC0015'","character",,"P32MAC0015","38548071d5aa652bb90c7f111f86b427f798a1c9"
"fiaeq2nveleq.for",21,253,"FIAEQ2NVELEQ","((BDLIST(J,I), I=1,3), J=1,231)",291,"'SV632'","character",,"SV632","38548071d5aa652bb90c7f111f86b427f798a1c9"
"fiaeq2nveleq.for",21,253,"FIAEQ2NVELEQ","((BDLIST(J,I), I=1,3), J=1,231)",292,"'BD015007'","character",,"BD015007","38548071d5aa652bb90c7f111f86b427f798a1c9"
"fiaeq2nveleq.for",21,253,"FIAEQ2NVELEQ","((BDLIST(J,I), I=1,3), J=1,231)",293,"'P16MAC0015'","character",,"P16MAC0015","38548071d5aa652bb90c7f111f86b427f798a1c9"
"fiaeq2nveleq.for",21,253,"FIAEQ2NVELEQ","((BDLIST(J,I), I=1,3), J=1,231)",294,"'SV816'","character",,"SV816","38548071d5aa652bb90c7f111f86b427f798a1c9"
"fiaeq2nveleq.for",21,253,"FIAEQ2NVELEQ","((BDLIST(J,I), I=1,3), J=1,231)",295,"'BD015008'","character",,"BD015008","38548071d5aa652bb90c7f111f86b427f798a1c9"
"fiaeq2nveleq.for",21,253,"FIAEQ2NVELEQ","((BDLIST(J,I), I=1,3), J=1,231)",296,"'P16MAC0015'","character",,"P16MAC0015","38548071d5aa652bb90c7f111f86b427f798a1c9"
"fiaeq2nveleq.for",21,253,"FIAEQ2NVELEQ","((BDLIST(J,I), I=1,3), J=1,231)",297,"'IV6'","character",,"IV6","38548071d5aa652bb90c7f111f86b427f798a1c9"
"fiaeq2nveleq.for",21,253,"FIAEQ2NVELEQ","((BDLIST(J,I), I=1,3), J=1,231)",298,"'BD015009'","character",,"BD015009","38548071d5aa652bb90c7f111f86b427f798a1c9"
"fiaeq2nveleq.for",21,253,"FIAEQ2NVELEQ","((BDLIST(J,I), I=1,3), J=1,231)",299,"'P16MAC0015'","character",,"P16MAC0015","38548071d5aa652bb90c7f111f86b427f798a1c9"
"fiaeq2nveleq.for",21,253,"FIAEQ2NVELEQ","((BDLIST(J,I), I=1,3), J=1,231)",300,"'IV8'","character",,"IV8","38548071d5aa652bb90c7f111f86b427f798a1c9"
"fiaeq2nveleq.for",21,253,"FIAEQ2NVELEQ","((BDLIST(J,I), I=1,3), J=1,231)",301,"'BD015010'","character",,"BD015010","38548071d5aa652bb90c7f111f86b427f798a1c9"
"fiaeq2nveleq.for",21,253,"FIAEQ2NVELEQ","((BDLIST(J,I), I=1,3), J=1,231)",302,"'301DVEW015'","character",,"301DVEW015","38548071d5aa652bb90c7f111f86b427f798a1c9"
"fiaeq2nveleq.for",21,253,"FIAEQ2NVELEQ","((BDLIST(J,I), I=1,3), J=1,231)",303,"'IV6'","character",,"IV6","38548071d5aa652bb90c7f111f86b427f798a1c9"
"fiaeq2nveleq.for",21,253,"FIAEQ2NVELEQ","((BDLIST(J,I), I=1,3), J=1,231)",304,"'BD015011'","character",,"BD015011","38548071d5aa652bb90c7f111f86b427f798a1c9"
"fiaeq2nveleq.for",21,253,"FIAEQ2NVELEQ","((BDLIST(J,I), I=1,3), J=1,231)",305,"'302DVEW015'","character",,"302DVEW015","38548071d5aa652bb90c7f111f86b427f798a1c9"
"fiaeq2nveleq.for",21,253,"FIAEQ2NVELEQ","((BDLIST(J,I), I=1,3), J=1,231)",306,"'IV6'","character",,"IV6","38548071d5aa652bb90c7f111f86b427f798a1c9"
"fiaeq2nveleq.for",21,253,"FIAEQ2NVELEQ","((BDLIST(J,I), I=1,3), J=1,231)",307,"'BD020001'","character",,"BD020001","38548071d5aa652bb90c7f111f86b427f798a1c9"
"fiaeq2nveleq.for",21,253,"FIAEQ2NVELEQ","((BDLIST(J,I), I=1,3), J=1,231)",308,"'P02MAC1020'","character",,"P02MAC1020","38548071d5aa652bb90c7f111f86b427f798a1c9"
"fiaeq2nveleq.for",21,253,"FIAEQ2NVELEQ","((BDLIST(J,I), I=1,3), J=1,231)",309,"'IV6'","character",,"IV6","38548071d5aa652bb90c7f111f86b427f798a1c9"
"fiaeq2nveleq.for",21,253,"FIAEQ2NVELEQ","((BDLIST(J,I), I=1,3), J=1,231)",310,"'BD020002'","character",,"BD020002","38548071d5aa652bb90c7f111f86b427f798a1c9"
"fiaeq2nveleq.for",21,253,"FIAEQ2NVELEQ","((BDLIST(J,I), I=1,3), J=1,231)",311,"'P02MAC1020'","character",,"P02MAC1020","38548071d5aa652bb90c7f111f86b427f798a1c9"
"fiaeq2nveleq.for",21,253,"FIAEQ2NVELEQ","((BDLIST(J,I), I=1,3), J=1,231)",312,"'SV6'","character",,"SV6","38548071d5aa652bb90c7f111f86b427f798a1c9"
"fiaeq2nveleq.for",21,253,"FIAEQ2NVELEQ","((BDLIST(J,I), I=1,3), J=1,231)",313,"'BD020003'","character",,"BD020003","38548071d5aa652bb90c7f111f86b427f798a1c9"
"fiaeq2nveleq.for",21,253,"FIAEQ2NVELEQ","((BDLIST(J,I), I=1,3), J=1,231)",314,"'P16MAC0020'","character",,"P16MAC0020","38548071d5aa652bb90c7f111f86b427f798a1c9"
"fiaeq2nveleq.for",21,253,"FIAEQ2NVELEQ","((BDLIST(J,I), I=1,3), J=1,231)",315,"'SV616'","character",,"SV616","38548071d5aa652bb90c7f111f86b427f798a1c9"
"fiaeq2nveleq.for",21,253,"FIAEQ2NVELEQ","((BDLIST(J,I), I=1,3), J=1,231)",316,"'BD020004'","character",,"BD020004","38548071d5aa652bb90c7f111f86b427f798a1c9"
"fiaeq2nveleq.for",21,253,"FIAEQ2NVELEQ","((BDLIST(J,I), I=1,3), J=1,231)",317,"'P32MAC0020'","character",,"P32MAC0020","38548071d5aa652bb90c7f111f86b427f798a1c9"
"fiaeq2nveleq.for",21,253,"FIAEQ2NVELEQ","((BDLIST(J,I), I=1,3), J=1,231)",318,"'SV632'","character",,"SV632","38548071d5aa652bb90c7f111f86b427f798a1c9"
"fiaeq2nveleq.for",21,253,"FIAEQ2NVELEQ","((BDLIST(J,I), I=1,3), J=1,231)",319,"'BD020005'","character",,"BD020005","38548071d5aa652bb90c7f111f86b427f798a1c9"
"fiaeq2nveleq.for",21,253,"FIAEQ2NVELEQ","((BDLIST(J,I), I=1,3), J=1,231)",320,"'P16MAC0020'","character",,"P16MAC0020","38548071d5aa652bb90c7f111f86b427f798a1c9"
"fiaeq2nveleq.for",21,253,"FIAEQ2NVELEQ","((BDLIST(J,I), I=1,3), J=1,231)",321,"'SV816'","character",,"SV816","38548071d5aa652bb90c7f111f86b427f798a1c9"
"fiaeq2nveleq.for",21,253,"FIAEQ2NVELEQ","((BDLIST(J,I), I=1,3), J=1,231)",322,"'BD020006'","character",,"BD020006","38548071d5aa652bb90c7f111f86b427f798a1c9"
"fiaeq2nveleq.for",21,253,"FIAEQ2NVELEQ","((BDLIST(J,I), I=1,3), J=1,231)",323,"'P16MAC0020'","character",,"P16MAC0020","38548071d5aa652bb90c7f111f86b427f798a1c9"
"fiaeq2nveleq.for",21,253,"FIAEQ2NVELEQ","((BDLIST(J,I), I=1,3), J=1,231)",324,"'IV6'","character",,"IV6","38548071d5aa652bb90c7f111f86b427f798a1c9"
"fiaeq2nveleq.for",21,253,"FIAEQ2NVELEQ","((BDLIST(J,I), I=1,3), J=1,231)",325,"'BD020007'","character",,"BD020007","38548071d5aa652bb90c7f111f86b427f798a1c9"
"fiaeq2nveleq.for",21,253,"FIAEQ2NVELEQ","((BDLIST(J,I), I=1,3), J=1,231)",326,"'P16MAC0020'","character",,"P16MAC0020","38548071d5aa652bb90c7f111f86b427f798a1c9"
"fiaeq2nveleq.for",21,253,"FIAEQ2NVELEQ","((BDLIST(J,I), I=1,3), J=1,231)",327,"'IV8'","character",,"IV8","38548071d5aa652bb90c7f111f86b427f798a1c9"
"fiaeq2nveleq.for",21,253,"FIAEQ2NVELEQ","((BDLIST(J,I), I=1,3), J=1,231)",328,"'BD042002'","character",,"BD042002","38548071d5aa652bb90c7f111f86b427f798a1c9"
"fiaeq2nveleq.for",21,253,"FIAEQ2NVELEQ","((BDLIST(J,I), I=1,3), J=1,231)",329,"'P01BDE0042'","character",,"P01BDE0042","38548071d5aa652bb90c7f111f86b427f798a1c9"
"fiaeq2nveleq.for",21,253,"FIAEQ2NVELEQ","((BDLIST(J,I), I=1,3), J=1,231)",330,"'IV6'","character",,"IV6","38548071d5aa652bb90c7f111f86b427f798a1c9"
"fiaeq2nveleq.for",21,253,"FIAEQ2NVELEQ","((BDLIST(J,I), I=1,3), J=1,231)",331,"'BD064001'","character",,"BD064001","38548071d5aa652bb90c7f111f86b427f798a1c9"
"fiaeq2nveleq.for",21,253,"FIAEQ2NVELEQ","((BDLIST(J,I), I=1,3), J=1,231)",332,"'P16CHT0064'","character",,"P16CHT0064","38548071d5aa652bb90c7f111f86b427f798a1c9"
"fiaeq2nveleq.for",21,253,"FIAEQ2NVELEQ","((BDLIST(J,I), I=1,3), J=1,231)",333,"'SV616'","character",,"SV616","38548071d5aa652bb90c7f111f86b427f798a1c9"
"fiaeq2nveleq.for",21,253,"FIAEQ2NVELEQ","((BDLIST(J,I), I=1,3), J=1,231)",334,"'BD064002'","character",,"BD064002","38548071d5aa652bb90c7f111f86b427f798a1c9"
"fiaeq2nveleq.for",21,253,"FIAEQ2NVELEQ","((BDLIST(J,I), I=1,3), J=1,231)",335,"'P32CHT0064'","character",,"P32CHT0064","38548071d5aa652bb90c7f111f86b427f798a1c9"
"fiaeq2nveleq.for",21,253,"FIAEQ2NVELEQ","((BDLIST(J,I), I=1,3), J=1,231)",336,"'SV632'","character",,"SV632","38548071d5aa652bb90c7f111f86b427f798a1c9"
"fiaeq2nveleq.for",21,253,"FIAEQ2NVELEQ","((BDLIST(J,I), I=1,3), J=1,231)",337,"'BD064003'","character",,"BD064003","38548071d5aa652bb90c7f111f86b427f798a1c9"
"fiaeq2nveleq.for",21,253,"FIAEQ2NVELEQ","((BDLIST(J,I), I=1,3), J=1,231)",338,"'P16CHT0064'","character",,"P16CHT0064","38548071d5aa652bb90c7f111f86b427f798a1c9"
"fiaeq2nveleq.for",21,253,"FIAEQ2NVELEQ","((BDLIST(J,I), I=1,3), J=1,231)",339,"'SV816'","character",,"SV816","38548071d5aa652bb90c7f111f86b427f798a1c9"
"fiaeq2nveleq.for",21,253,"FIAEQ2NVELEQ","((BDLIST(J,I), I=1,3), J=1,231)",340,"'BD064004'","character",,"BD064004","38548071d5aa652bb90c7f111f86b427f798a1c9"
"fiaeq2nveleq.for",21,253,"FIAEQ2NVELEQ","((BDLIST(J,I), I=1,3), J=1,231)",341,"'P16CHT0064'","character",,"P16CHT0064","38548071d5aa652bb90c7f111f86b427f798a1c9"
"fiaeq2nveleq.for",21,253,"FIAEQ2NVELEQ","((BDLIST(J,I), I=1,3), J=1,231)",342,"'IV6'","character",,"IV6","38548071d5aa652bb90c7f111f86b427f798a1c9"
"fiaeq2nveleq.for",21,253,"FIAEQ2NVELEQ","((BDLIST(J,I), I=1,3), J=1,231)",343,"'BD064005'","character",,"BD064005","38548071d5aa652bb90c7f111f86b427f798a1c9"
"fiaeq2nveleq.for",21,253,"FIAEQ2NVELEQ","((BDLIST(J,I), I=1,3), J=1,231)",344,"'P16CHT0064'","character",,"P16CHT0064","38548071d5aa652bb90c7f111f86b427f798a1c9"
"fiaeq2nveleq.for",21,253,"FIAEQ2NVELEQ","((BDLIST(J,I), I=1,3), J=1,231)",345,"'IV8'","character",,"IV8","38548071d5aa652bb90c7f111f86b427f798a1c9"
"fiaeq2nveleq.for",21,253,"FIAEQ2NVELEQ","((BDLIST(J,I), I=1,3), J=1,231)",346,"'BD081001'","character",,"BD081001","38548071d5aa652bb90c7f111f86b427f798a1c9"
"fiaeq2nveleq.for",21,253,"FIAEQ2NVELEQ","((BDLIST(J,I), I=1,3), J=1,231)",347,"'P02MAC1081'","character",,"P02MAC1081","38548071d5aa652bb90c7f111f86b427f798a1c9"
"fiaeq2nveleq.for",21,253,"FIAEQ2NVELEQ","((BDLIST(J,I), I=1,3), J=1,231)",348,"'IV6'","character",,"IV6","38548071d5aa652bb90c7f111f86b427f798a1c9"
"fiaeq2nveleq.for",21,253,"FIAEQ2NVELEQ","((BDLIST(J,I), I=1,3), J=1,231)",349,"'BD081002'","character",,"BD081002","38548071d5aa652bb90c7f111f86b427f798a1c9"
"fiaeq2nveleq.for",21,253,"FIAEQ2NVELEQ","((BDLIST(J,I), I=1,3), J=1,231)",350,"'P02MAC1081'","character",,"P02MAC1081","38548071d5aa652bb90c7f111f86b427f798a1c9"
"fiaeq2nveleq.for",21,253,"FIAEQ2NVELEQ","((BDLIST(J,I), I=1,3), J=1,231)",351,"'SV6'","character",,"SV6","38548071d5aa652bb90c7f111f86b427f798a1c9"
"fiaeq2nveleq.for",21,253,"FIAEQ2NVELEQ","((BDLIST(J,I), I=1,3), J=1,231)",352,"'BD081003'","character",,"BD081003","38548071d5aa652bb90c7f111f86b427f798a1c9"
"fiaeq2nveleq.for",21,253,"FIAEQ2NVELEQ","((BDLIST(J,I), I=1,3), J=1,231)",353,"'P16MAC0081'","character",,"P16MAC0081","38548071d5aa652bb90c7f111f86b427f798a1c9"
"fiaeq2nveleq.for",21,253,"FIAEQ2NVELEQ","((BDLIST(J,I), I=1,3), J=1,231)",354,"'SV616'","character",,"SV616","38548071d5aa652bb90c7f111f86b427f798a1c9"
"fiaeq2nveleq.for",21,253,"FIAEQ2NVELEQ","((BDLIST(J,I), I=1,3), J=1,231)",355,"'BD081004'","character",,"BD081004","38548071d5aa652bb90c7f111f86b427f798a1c9"
"fiaeq2nveleq.for",21,253,"FIAEQ2NVELEQ","((BDLIST(J,I), I=1,3), J=1,231)",356,"'P32MAC0081'","character",,"P32MAC0081","38548071d5aa652bb90c7f111f86b427f798a1c9"
"fiaeq2nveleq.for",21,253,"FIAEQ2NVELEQ","((BDLIST(J,I), I=1,3), J=1,231)",357,"'SV632'","character",,"SV632","38548071d5aa652bb90c7f111f86b427f798a1c9"
"fiaeq2nveleq.for",21,253,"FIAEQ2NVELEQ","((BDLIST(J,I), I=1,3), J=1,231)",358,"'BD081005'","character",,"BD081005","38548071d5aa652bb90c7f111f86b427f798a1c9"
"fiaeq2nveleq.for",21,253,"FIAEQ2NVELEQ","((BDLIST(J,I), I=1,3), J=1,231)",359,"'P16MAC0081'","character",,"P16MAC0081","38548071d5aa652bb90c7f111f86b427f798a1c9"
"fiaeq2nveleq.for",21,253,"FIAEQ2NVELEQ","((BDLIST(J,I), I=1,3), J=1,231)",360,"'SV816'","character",,"SV816","38548071d5aa652bb90c7f111f86b427f798a1c9"
"fiaeq2nveleq.for",21,253,"FIAEQ2NVELEQ","((BDLIST(J,I), I=1,3), J=1,231)",361,"'BD081006'","character",,"BD081006","38548071d5aa652bb90c7f111f86b427f798a1c9"
"fiaeq2nveleq.for",21,253,"FIAEQ2NVELEQ","((BDLIST(J,I), I=1,3), J=1,231)",362,"'P16MAC0081'","character",,"P16MAC0081","38548071d5aa652bb90c7f111f86b427f798a1c9"
"fiaeq2nveleq.for",21,253,"FIAEQ2NVELEQ","((BDLIST(J,I), I=1,3), J=1,231)",363,"'IV6'","character",,"IV6","38548071d5aa652bb90c7f111f86b427f798a1c9"
"fiaeq2nveleq.for",21,253,"FIAEQ2NVELEQ","((BDLIST(J,I), I=1,3), J=1,231)",364,"'BD081007'","character",,"BD081007","38548071d5aa652bb90c7f111f86b427f798a1c9"
"fiaeq2nveleq.for",21,253,"FIAEQ2NVELEQ","((BDLIST(J,I), I=1,3), J=1,231)",365,"'P16MAC0081'","character",,"P16MAC0081","38548071d5aa652bb90c7f111f86b427f798a1c9"
"fiaeq2nveleq.for",21,253,"FIAEQ2NVELEQ","((BDLIST(J,I), I=1,3), J=1,231)",366,"'IV8'","character",,"IV8","38548071d5aa652bb90c7f111f86b427f798a1c9"
"fiaeq2nveleq.for",21,253,"FIAEQ2NVELEQ","((BDLIST(J,I), I=1,3), J=1,231)",367,"'BD093001'","character",,"BD093001","38548071d5aa652bb90c7f111f86b427f798a1c9"
"fiaeq2nveleq.for",21,253,"FIAEQ2NVELEQ","((BDLIST(J,I), I=1,3), J=1,231)",368,"'200DVEW093'","character",,"200DVEW093","38548071d5aa652bb90c7f111f86b427f798a1c9"
"fiaeq2nveleq.for",21,253,"FIAEQ2NVELEQ","((BDLIST(J,I), I=1,3), J=1,231)",369,"'SV6'","character",,"SV6","38548071d5aa652bb90c7f111f86b427f798a1c9"
"fiaeq2nveleq.for",21,253,"FIAEQ2NVELEQ","((BDLIST(J,I), I=1,3), J=1,231)",370,"'BD093002'","character",,"BD093002","38548071d5aa652bb90c7f111f86b427f798a1c9"
"fiaeq2nveleq.for",21,253,"FIAEQ2NVELEQ","((BDLIST(J,I), I=1,3), J=1,231)",371,"'300DVEW093'","character",,"300DVEW093","38548071d5aa652bb90c7f111f86b427f798a1c9"
"fiaeq2nveleq.for",21,253,"FIAEQ2NVELEQ","((BDLIST(J,I), I=1,3), J=1,231)",372,"'SV6'","character",,"SV6","38548071d5aa652bb90c7f111f86b427f798a1c9"
"fiaeq2nveleq.for",21,253,"FIAEQ2NVELEQ","((BDLIST(J,I), I=1,3), J=1,231)",373,"'BD093003'","character",,"BD093003","38548071d5aa652bb90c7f111f86b427f798a1c9"
"fiaeq2nveleq.for",21,253,"FIAEQ2NVELEQ","((BDLIST(J,I), I=1,3), J=1,231)",374,"'200DVEW093'","character",,"200DVEW093","38548071d5aa652bb90c7f111f86b427f798a1c9"
"fiaeq2nveleq.for",21,253,"FIAEQ2NVELEQ","((BDLIST(J,I), I=1,3), J=1,231)",375,"'IV6'","character",,"IV6","38548071d5aa652bb90c7f111f86b427f798a1c9"
"fiaeq2nveleq.for",21,253,"FIAEQ2NVELEQ","((BDLIST(J,I), I=1,3), J=1,231)",376,"'BD093004'","character",,"BD093004","38548071d5aa652bb90c7f111f86b427f798a1c9"
"fiaeq2nveleq.for",21,253,"FIAEQ2NVELEQ","((BDLIST(J,I), I=1,3), J=1,231)",377,"'300DVEW093'","character",,"300DVEW093","38548071d5aa652bb90c7f111f86b427f798a1c9"
"fiaeq2nveleq.for",21,253,"FIAEQ2NVELEQ","((BDLIST(J,I), I=1,3), J=1,231)",378,"'IV6'","character",,"IV6","38548071d5aa652bb90c7f111f86b427f798a1c9"
"fiaeq2nveleq.for",21,253,"FIAEQ2NVELEQ","((BDLIST(J,I), I=1,3), J=1,231)",379,"'BD094001'","character",,"BD094001","38548071d5aa652bb90c7f111f86b427f798a1c9"
"fiaeq2nveleq.for",21,253,"FIAEQ2NVELEQ","((BDLIST(J,I), I=1,3), J=1,231)",380,"'P01DIP0094'","character",,"P01DIP0094","38548071d5aa652bb90c7f111f86b427f798a1c9"
"fiaeq2nveleq.for",21,253,"FIAEQ2NVELEQ","((BDLIST(J,I), I=1,3), J=1,231)",381,"'SV6'","character",,"SV6","38548071d5aa652bb90c7f111f86b427f798a1c9"
"fiaeq2nveleq.for",21,253,"FIAEQ2NVELEQ","((BDLIST(J,I), I=1,3), J=1,231)",382,"'BD094002'","character",,"BD094002","38548071d5aa652bb90c7f111f86b427f798a1c9"
"fiaeq2nveleq.for",21,253,"FIAEQ2NVELEQ","((BDLIST(J,I), I=1,3), J=1,231)",383,"'A00DVEW094'","character",,"A00DVEW094","38548071d5aa652bb90c7f111f86b427f798a1c9"
"fiaeq2nveleq.for",21,253,"FIAEQ2NVELEQ","((BDLIST(J,I), I=1,3), J=1,231)",384,"'SV6'","character",,"SV6","38548071d5aa652bb90c7f111f86b427f798a1c9"
"fiaeq2nveleq.for",21,253,"FIAEQ2NVELEQ","((BDLIST(J,I), I=1,3), J=1,231)",385,"'BD108001'","character",,"BD108001","38548071d5aa652bb90c7f111f86b427f798a1c9"
"fiaeq2nveleq.for",21,253,"FIAEQ2NVELEQ","((BDLIST(J,I), I=1,3), J=1,231)",386,"'200DVEW108'","character",,"200DVEW108","38548071d5aa652bb90c7f111f86b427f798a1c9"
"fiaeq2nveleq.for",21,253,"FIAEQ2NVELEQ","((BDLIST(J,I), I=1,3), J=1,231)",387,"'SV6'","character",,"SV6","38548071d5aa652bb90c7f111f86b427f798a1c9"
"fiaeq2nveleq.for",21,253,"FIAEQ2NVELEQ","((BDLIST(J,I), I=1,3), J=1,231)",388,"'BD108002'","character",,"BD108002","38548071d5aa652bb90c7f111f86b427f798a1c9"
"fiaeq2nveleq.for",21,253,"FIAEQ2NVELEQ","((BDLIST(J,I), I=1,3), J=1,231)",389,"'103DVEW108'","character",,"103DVEW108","38548071d5aa652bb90c7f111f86b427f798a1c9"
"fiaeq2nveleq.for",21,253,"FIAEQ2NVELEQ","((BDLIST(J,I), I=1,3), J=1,231)",390,"'SV6'","character",,"SV6","38548071d5aa652bb90c7f111f86b427f798a1c9"
"fiaeq2nveleq.for",21,253,"FIAEQ2NVELEQ","((BDLIST(J,I), I=1,3), J=1,231)",391,"'BD108003'","character",,"BD108003","38548071d5aa652bb90c7f111f86b427f798a1c9"
"fiaeq2nveleq.for",21,253,"FIAEQ2NVELEQ","((BDLIST(J,I), I=1,3), J=1,231)",392,"'104DVEW108'","character",,"104DVEW108","38548071d5aa652bb90c7f111f86b427f798a1c9"
"fiaeq2nveleq.for",21,253,"FIAEQ2NVELEQ","((BDLIST(J,I), I=1,3), J=1,231)",393,"'SV6'","character",,"SV6","38548071d5aa652bb90c7f111f86b427f798a1c9"
"fiaeq2nveleq.for",21,253,"FIAEQ2NVELEQ","((BDLIST(J,I), I=1,3), J=1,231)",394,"'BD108004'","character",,"BD108004","38548071d5aa652bb90c7f111f86b427f798a1c9"
"fiaeq2nveleq.for",21,253,"FIAEQ2NVELEQ","((BDLIST(J,I), I=1,3), J=1,231)",395,"'P02MAC1108'","character",,"P02MAC1108","38548071d5aa652bb90c7f111f86b427f798a1c9"
"fiaeq2nveleq.for",21,253,"FIAEQ2NVELEQ","((BDLIST(J,I), I=1,3), J=1,231)",396,"'IV6'","character",,"IV6","38548071d5aa652bb90c7f111f86b427f798a1c9"
"fiaeq2nveleq.for",21,253,"FIAEQ2NVELEQ","((BDLIST(J,I), I=1,3), J=1,231)",397,"'BD108005'","character",,"BD108005","38548071d5aa652bb90c7f111f86b427f798a1c9"
"fiaeq2nveleq.for",21,253,"FIAEQ2NVELEQ","((BDLIST(J,I), I=1,3), J=1,231)",398,"'P02MAC1108'","character",,"P02MAC1108","38548071d5aa652bb90c7f111f86b427f798a1c9"
"fiaeq2nveleq.for",21,253,"FIAEQ2NVELEQ","((BDLIST(J,I), I=1,3), J=1,231)",399,"'SV6'","character",,"SV6","38548071d5aa652bb90c7f111f86b427f798a1c9"
"fiaeq2nveleq.for",21,253,"FIAEQ2NVELEQ","((BDLIST(J,I), I=1,3), J=1,231)",400,"'BD108006'","character",,"BD108006","38548071d5aa652bb90c7f111f86b427f798a1c9"
"fiaeq2nveleq.for",21,253,"FIAEQ2NVELEQ","((BDLIST(J,I), I=1,3), J=1,231)",401,"'200DVEW108'","character",,"200DVEW108","38548071d5aa652bb90c7f111f86b427f798a1c9"
"fiaeq2nveleq.for",21,253,"FIAEQ2NVELEQ","((BDLIST(J,I), I=1,3), J=1,231)",402,"'SV8'","character",,"SV8","38548071d5aa652bb90c7f111f86b427f798a1c9"
"fiaeq2nveleq.for",21,253,"FIAEQ2NVELEQ","((BDLIST(J,I), I=1,3), J=1,231)",403,"'BD108007'","character",,"BD108007","38548071d5aa652bb90c7f111f86b427f798a1c9"
"fiaeq2nveleq.for",21,253,"FIAEQ2NVELEQ","((BDLIST(J,I), I=1,3), J=1,231)",404,"'200DVEW108'","character",,"200DVEW108","38548071d5aa652bb90c7f111f86b427f798a1c9"
"fiaeq2nveleq.for",21,253,"FIAEQ2NVELEQ","((BDLIST(J,I), I=1,3), J=1,231)",405,"'IV8'","character",,"IV8","38548071d5aa652bb90c7f111f86b427f798a1c9"
"fiaeq2nveleq.for",21,253,"FIAEQ2NVELEQ","((BDLIST(J,I), I=1,3), J=1,231)",406,"'BD108008'","character",,"BD108008","38548071d5aa652bb90c7f111f86b427f798a1c9"
"fiaeq2nveleq.for",21,253,"FIAEQ2NVELEQ","((BDLIST(J,I), I=1,3), J=1,231)",407,"'P16MAC0108'","character",,"P16MAC0108","38548071d5aa652bb90c7f111f86b427f798a1c9"
"fiaeq2nveleq.for",21,253,"FIAEQ2NVELEQ","((BDLIST(J,I), I=1,3), J=1,231)",408,"'SV616'","character",,"SV616","38548071d5aa652bb90c7f111f86b427f798a1c9"
"fiaeq2nveleq.for",21,253,"FIAEQ2NVELEQ","((BDLIST(J,I), I=1,3), J=1,231)",409,"'BD108009'","character",,"BD108009","38548071d5aa652bb90c7f111f86b427f798a1c9"
"fiaeq2nveleq.for",21,253,"FIAEQ2NVELEQ","((BDLIST(J,I), I=1,3), J=1,231)",410,"'P32MAC0108'","character",,"P32MAC0108","38548071d5aa652bb90c7f111f86b427f798a1c9"
"fiaeq2nveleq.for",21,253,"FIAEQ2NVELEQ","((BDLIST(J,I), I=1,3), J=1,231)",411,"'SV632'","character",,"SV632","38548071d5aa652bb90c7f111f86b427f798a1c9"
"fiaeq2nveleq.for",21,253,"FIAEQ2NVELEQ","((BDLIST(J,I), I=1,3), J=1,231)",412,"'BD108010'","character",,"BD108010","38548071d5aa652bb90c7f111f86b427f798a1c9"
"fiaeq2nveleq.for",21,253,"FIAEQ2NVELEQ","((BDLIST(J,I), I=1,3), J=1,231)",413,"'P16MAC0108'","character",,"P16MAC0108","38548071d5aa652bb90c7f111f86b427f798a1c9"
"fiaeq2nveleq.for",21,253,"FIAEQ2NVELEQ","((BDLIST(J,I), I=1,3), J=1,231)",414,"'SV816'","character",,"SV816","38548071d5aa652bb90c7f111f86b427f798a1c9"
"fiaeq2nveleq.for",21,253,"FIAEQ2NVELEQ","((BDLIST(J,I), I=1,3), J=1,231)",415,"'BD108011'","character",,"BD108011","38548071d5aa652bb90c7f111f86b427f798a1c9"
"fiaeq2nveleq.for",21,253,"FIAEQ2NVELEQ","((BDLIST(J,I), I=1,3), J=1,231)",416,"'P16MAC0108'","character",,"P16MAC0108","38548071d5aa652bb90c7f111f86b427f798a1c9"
"fiaeq2nveleq.for",21,253,"FIAEQ2NVELEQ","((BDLIST(J,I), I=1,3), J=1,231)",417,"'IV6'","character",,"IV6","38548071d5aa652bb90c7f111f86b427f798a1c9"
"fiaeq2nveleq.for",21,253,"FIAEQ2NVELEQ","((BDLIST(J,I), I=1,3), J=1,231)",418,"'BD108012'","character",,"BD108012","38548071d5aa652bb90c7f111f86b427f798a1c9"
"fiaeq2nveleq.for",21,253,"FIAEQ2NVELEQ","((BDLIST(J,I), I=1,3), J=1,231)",419,"'P16MAC0108'","character",,"P16MAC0108","38548071d5aa652bb90c7f111f86b427f798a1c9"
"fiaeq2nveleq.for",21,253,"FIAEQ2NVELEQ","((BDLIST(J,I), I=1,3), J=1,231)",420,"'IV8'","character",,"IV8","38548071d5aa652bb90c7f111f86b427f798a1c9"
"fiaeq2nveleq.for",21,253,"FIAEQ2NVELEQ","((BDLIST(J,I), I=1,3), J=1,231)",421,"'BD113001'","character",,"BD113001","38548071d5aa652bb90c7f111f86b427f798a1c9"
"fiaeq2nveleq.for",21,253,"FIAEQ2NVELEQ","((BDLIST(J,I), I=1,3), J=1,231)",422,"'300DVEW113'","character",,"300DVEW113","38548071d5aa652bb90c7f111f86b427f798a1c9"
"fiaeq2nveleq.for",21,253,"FIAEQ2NVELEQ","((BDLIST(J,I), I=1,3), J=1,231)",423,"'SV6'","character",,"SV6","38548071d5aa652bb90c7f111f86b427f798a1c9"
"fiaeq2nveleq.for",21,253,"FIAEQ2NVELEQ","((BDLIST(J,I), I=1,3), J=1,231)",424,"'BD113002'","character",,"BD113002","38548071d5aa652bb90c7f111f86b427f798a1c9"
"fiaeq2nveleq.for",21,253,"FIAEQ2NVELEQ","((BDLIST(J,I), I=1,3), J=1,231)",425,"'300DVEW113'","character",,"300DVEW113","38548071d5aa652bb90c7f111f86b427f798a1c9"
"fiaeq2nveleq.for",21,253,"FIAEQ2NVELEQ","((BDLIST(J,I), I=1,3), J=1,231)",426,"'IV6'","character",,"IV6","38548071d5aa652bb90c7f111f86b427f798a1c9"
"fiaeq2nveleq.for",21,253,"FIAEQ2NVELEQ","((BDLIST(J,I), I=1,3), J=1,231)",427,"'BD117001'","character",,"BD117001","38548071d5aa652bb90c7f111f86b427f798a1c9"
"fiaeq2nveleq.for",21,253,"FIAEQ2NVELEQ","((BDLIST(J,I), I=1,3), J=1,231)",428,"'P02MAC1117'","character",,"P02MAC1117","38548071d5aa652bb90c7f111f86b427f798a1c9"
"fiaeq2nveleq.for",21,253,"FIAEQ2NVELEQ","((BDLIST(J,I), I=1,3), J=1,231)",429,"'IV6'","character",,"IV6","38548071d5aa652bb90c7f111f86b427f798a1c9"
"fiaeq2nveleq.for",21,253,"FIAEQ2NVELEQ","((BDLIST(J,I), I=1,3), J=1,231)",430,"'BD117002'","character",,"BD117002","38548071d5aa652bb90c7f111f86b427f798a1c9"
"fiaeq2nveleq.for",21,253,"FIAEQ2NVELEQ","((BDLIST(J,I), I=1,3), J=1,231)",431,"'P02MAC1117'","character",,"P02MAC1117","38548071d5aa652bb90c7f111f86b427f798a1c9"
"fiaeq2nveleq.for",21,253,"FIAEQ2NVELEQ","((BDLIST(J,I), I=1,3), J=1,231)",432,"'SV6'","character",,"SV6","38548071d5aa652bb90c7f111f86b427f798a1c9"
"fiaeq2nveleq.for",21,253,"FIAEQ2NVELEQ","((BDLIST(J,I), I=1,3), J=1,231)",433,"'BD117003'","character",,"BD117003","38548071d5aa652bb90c7f111f86b427f798a1c9"
"fiaeq2nveleq.for",21,253,"FIAEQ2NVELEQ","((BDLIST(J,I), I=1,3), J=1,231)",434,"'P16MAC0117'","character",,"P16MAC0117","38548071d5aa652bb90c7f111f86b427f798a1c9"
"fiaeq2nveleq.for",21,253,"FIAEQ2NVELEQ","((BDLIST(J,I), I=1,3), J=1,231)",435,"'SV616'","character",,"SV616","38548071d5aa652bb90c7f111f86b427f798a1c9"
"fiaeq2nveleq.for",21,253,"FIAEQ2NVELEQ","((BDLIST(J,I), I=1,3), J=1,231)",436,"'BD117004'","character",,"BD117004","38548071d5aa652bb90c7f111f86b427f798a1c9"
"fiaeq2nveleq.for",21,253,"FIAEQ2NVELEQ","((BDLIST(J,I), I=1,3), J=1,231)",437,"'P32MAC0117'","character",,"P32MAC0117","38548071d5aa652bb90c7f111f86b427f798a1c9"
"fiaeq2nveleq.for",21,253,"FIAEQ2NVELEQ","((BDLIST(J,I), I=1,3), J=1,231)",438,"'SV632'","character",,"SV632","38548071d5aa652bb90c7f111f86b427f798a1c9"
"fiaeq2nveleq.for",21,253,"FIAEQ2NVELEQ","((BDLIST(J,I), I=1,3), J=1,231)",439,"'BD117005'","character",,"BD117005","38548071d5aa652bb90c7f111f86b427f798a1c9"
"fiaeq2nveleq.for",21,253,"FIAEQ2NVELEQ","((BDLIST(J,I), I=1,3), J=1,231)",440,"'P16MAC0117'","character",,"P16MAC0117","38548071d5aa652bb90c7f111f86b427f798a1c9"
"fiaeq2nveleq.for",21,253,"FIAEQ2NVELEQ","((BDLIST(J,I), I=1,3), J=1,231)",441,"'SV816'","character",,"SV816","38548071d5aa652bb90c7f111f86b427f798a1c9"
"fiaeq2nveleq.for",21,253,"FIAEQ2NVELEQ","((BDLIST(J,I), I=1,3), J=1,231)",442,"'BD117006'","character",,"BD117006","38548071d5aa652bb90c7f111f86b427f798a1c9"
"fiaeq2nveleq.for",21,253,"FIAEQ2NVELEQ","((BDLIST(J,I), I=1,3), J=1,231)",443,"'P16MAC0117'","character",,"P16MAC0117","38548071d5aa652bb90c7f111f86b427f798a1c9"
"fiaeq2nveleq.for",21,253,"FIAEQ2NVELEQ","((BDLIST(J,I), I=1,3), J=1,231)",444,"'IV6'","character",,"IV6","38548071d5aa652bb90c7f111f86b427f798a1c9"
"fiaeq2nveleq.for",21,253,"FIAEQ2NVELEQ","((BDLIST(J,I), I=1,3), J=1,231)",445,"'BD117007'","character",,"BD117007","38548071d5aa652bb90c7f111f86b427f798a1c9"
"fiaeq2nveleq.for",21,253,"FIAEQ2NVELEQ","((BDLIST(J,I), I=1,3), J=1,231)",446,"'P16MAC0117'","character",,"P16MAC0117","38548071d5aa652bb90c7f111f86b427f798a1c9"
"fiaeq2nveleq.for",21,253,"FIAEQ2NVELEQ","((BDLIST(J,I), I=1,3), J=1,231)",447,"'IV8'","character",,"IV8","38548071d5aa652bb90c7f111f86b427f798a1c9"
"fiaeq2nveleq.for",21,253,"FIAEQ2NVELEQ","((BDLIST(J,I), I=1,3), J=1,231)",448,"'BD119001'","character",,"BD119001","38548071d5aa652bb90c7f111f86b427f798a1c9"
"fiaeq2nveleq.for",21,253,"FIAEQ2NVELEQ","((BDLIST(J,I), I=1,3), J=1,231)",449,"'P02MAC1119'","character",,"P02MAC1119","38548071d5aa652bb90c7f111f86b427f798a1c9"
"fiaeq2nveleq.for",21,253,"FIAEQ2NVELEQ","((BDLIST(J,I), I=1,3), J=1,231)",450,"'IV6'","character",,"IV6","38548071d5aa652bb90c7f111f86b427f798a1c9"
"fiaeq2nveleq.for",21,253,"FIAEQ2NVELEQ","((BDLIST(J,I), I=1,3), J=1,231)",451,"'BD119002'","character",,"BD119002","38548071d5aa652bb90c7f111f86b427f798a1c9"
"fiaeq2nveleq.for",21,253,"FIAEQ2NVELEQ","((BDLIST(J,I), I=1,3), J=1,231)",452,"'P02MAC1119'","character",,"P02MAC1119","38548071d5aa652bb90c7f111f86b427f798a1c9"
"fiaeq2nveleq.for",21,253,"FIAEQ2NVELEQ","((BDLIST(J,I), I=1,3), J=1,231)",453,"'SV6'","character",,"SV6","38548071d5aa652bb90c7f111f86b427f798a1c9"
"fiaeq2nveleq.for",21,253,"FIAEQ2NVELEQ","((BDLIST(J,I), I=1,3), J=1,231)",454,"'BD119003'","character",,"BD119003","38548071d5aa652bb90c7f111f86b427f798a1c9"
"fiaeq2nveleq.for",21,253,"FIAEQ2NVELEQ","((BDLIST(J,I), I=1,3), J=1,231)",455,"'P16MAC0119'","character",,"P16MAC0119","38548071d5aa652bb90c7f111f86b427f798a1c9"
"fiaeq2nveleq.for",21,253,"FIAEQ2NVELEQ","((BDLIST(J,I), I=1,3), J=1,231)",456,"'SV616'","character",,"SV616","38548071d5aa652bb90c7f111f86b427f798a1c9"
"fiaeq2nveleq.for",21,253,"FIAEQ2NVELEQ","((BDLIST(J,I), I=1,3), J=1,231)",457,"'BD119004'","character",,"BD119004","38548071d5aa652bb90c7f111f86b427f798a1c9"
"fiaeq2nveleq.for",21,253,"FIAEQ2NVELEQ","((BDLIST(J,I), I=1,3), J=1,231)",458,"'P32MAC0119'","character",,"P32MAC0119","38548071d5aa652bb90c7f111f86b427f798a1c9"
"fiaeq2nveleq.for",21,253,"FIAEQ2NVELEQ","((BDLIST(J,I), I=1,3), J=1,231)",459,"'SV632'","character",,"SV632","38548071d5aa652bb90c7f111f86b427f798a1c9"
"fiaeq2nveleq.for",21,253,"FIAEQ2NVELEQ","((BDLIST(J,I), I=1,3), J=1,231)",460,"'BD119005'","character",,"BD119005","38548071d5aa652bb90c7f111f86b427f798a1c9"
"fiaeq2nveleq.for",21,253,"FIAEQ2NVELEQ","((BDLIST(J,I), I=1,3), J=1,231)",461,"'P16MAC0119'","character",,"P16MAC0119","38548071d5aa652bb90c7f111f86b427f798a1c9"
"fiaeq2nveleq.for",21,253,"FIAEQ2NVELEQ","((BDLIST(J,I), I=1,3), J=1,231)",462,"'SV816'","character",,"SV816","38548071d5aa652bb90c7f111f86b427f798a1c9"
"fiaeq2nveleq.for",21,253,"FIAEQ2NVELEQ","((BDLIST(J,I), I=1,3), J=1,231)",463,"'BD119006'","character",,"BD119006","38548071d5aa652bb90c7f111f86b427f798a1c9"
"fiaeq2nveleq.for",21,253,"FIAEQ2NVELEQ","((BDLIST(J,I), I=1,3), J=1,231)",464,"'P16MAC0119'","character",,"P16MAC0119","38548071d5aa652bb90c7f111f86b427f798a1c9"
"fiaeq2nveleq.for",21,253,"FIAEQ2NVELEQ","((BDLIST(J,I), I=1,3), J=1,231)",465,"'IV6'","character",,"IV6","38548071d5aa652bb90c7f111f86b427f798a1c9"
"fiaeq2nveleq.for",21,253,"FIAEQ2NVELEQ","((BDLIST(J,I), I=1,3), J=1,231)",466,"'BD119007'","character",,"BD119007","38548071d5aa652bb90c7f111f86b427f798a1c9"
"fiaeq2nveleq.for",21,253,"FIAEQ2NVELEQ","((BDLIST(J,I), I=1,3), J=1,231)",467,"'P16MAC0119'","character",,"P16MAC0119","38548071d5aa652bb90c7f111f86b427f798a1c9"
"fiaeq2nveleq.for",21,253,"FIAEQ2NVELEQ","((BDLIST(J,I), I=1,3), J=1,231)",468,"'IV8'","character",,"IV8","38548071d5aa652bb90c7f111f86b427f798a1c9"
"fiaeq2nveleq.for",21,253,"FIAEQ2NVELEQ","((BDLIST(J,I), I=1,3), J=1,231)",469,"'BD122001'","character",,"BD122001","38548071d5aa652bb90c7f111f86b427f798a1c9"
"fiaeq2nveleq.for",21,253,"FIAEQ2NVELEQ","((BDLIST(J,I), I=1,3), J=1,231)",470,"'200DVEW122'","character",,"200DVEW122","38548071d5aa652bb90c7f111f86b427f798a1c9"
"fiaeq2nveleq.for",21,253,"FIAEQ2NVELEQ","((BDLIST(J,I), I=1,3), J=1,231)",471,"'SV6'","character",,"SV6","38548071d5aa652bb90c7f111f86b427f798a1c9"
"fiaeq2nveleq.for",21,253,"FIAEQ2NVELEQ","((BDLIST(J,I), I=1,3), J=1,231)",472,"'BD122002'","character",,"BD122002","38548071d5aa652bb90c7f111f86b427f798a1c9"
"fiaeq2nveleq.for",21,253,"FIAEQ2NVELEQ","((BDLIST(J,I), I=1,3), J=1,231)",473,"'212DVEW122'","character",,"212DVEW122","38548071d5aa652bb90c7f111f86b427f798a1c9"
"fiaeq2nveleq.for",21,253,"FIAEQ2NVELEQ","((BDLIST(J,I), I=1,3), J=1,231)",474,"'SV8'","character",,"SV8","38548071d5aa652bb90c7f111f86b427f798a1c9"
"fiaeq2nveleq.for",21,253,"FIAEQ2NVELEQ","((BDLIST(J,I), I=1,3), J=1,231)",475,"'BD122003'","character",,"BD122003","38548071d5aa652bb90c7f111f86b427f798a1c9"
"fiaeq2nveleq.for",21,253,"FIAEQ2NVELEQ","((BDLIST(J,I), I=1,3), J=1,231)",476,"'203DVEW122'","character",,"203DVEW122","38548071d5aa652bb90c7f111f86b427f798a1c9"
"fiaeq2nveleq.for",21,253,"FIAEQ2NVELEQ","((BDLIST(J,I), I=1,3), J=1,231)",477,"'SV6'","character",,"SV6","38548071d5aa652bb90c7f111f86b427f798a1c9"
"fiaeq2nveleq.for",21,253,"FIAEQ2NVELEQ","((BDLIST(J,I), I=1,3), J=1,231)",478,"'BD122004'","character",,"BD122004","38548071d5aa652bb90c7f111f86b427f798a1c9"
"fiaeq2nveleq.for",21,253,"FIAEQ2NVELEQ","((BDLIST(J,I), I=1,3), J=1,231)",479,"'300DVEW122'","character",,"300DVEW122","38548071d5aa652bb90c7f111f86b427f798a1c9"
"fiaeq2nveleq.for",21,253,"FIAEQ2NVELEQ","((BDLIST(J,I), I=1,3), J=1,231)",480,"'SV6'","character",,"SV6","38548071d5aa652bb90c7f111f86b427f798a1c9"
"fiaeq2nveleq.for",21,253,"FIAEQ2NVELEQ","((BDLIST(J,I), I=1,3), J=1,231)",481,"'BD122005'","character",,"BD122005","38548071d5aa652bb90c7f111f86b427f798a1c9"
"fiaeq2nveleq.for",21,253,"FIAEQ2NVELEQ","((BDLIST(J,I), I=1,3), J=1,231)",482,"'301DVEW122'","character",,"301DVEW122","38548071d5aa652bb90c7f111f86b427f798a1c9"
"fiaeq2nveleq.for",21,253,"FIAEQ2NVELEQ","((BDLIST(J,I), I=1,3), J=1,231)",483,"'SV6'","character",,"SV6","38548071d5aa652bb90c7f111f86b427f798a1c9"
"fiaeq2nveleq.for",21,253,"FIAEQ2NVELEQ","((BDLIST(J,I), I=1,3), J=1,231)",484,"'BD122006'","character",,"BD122006","38548071d5aa652bb90c7f111f86b427f798a1c9"
"fiaeq2nveleq.for",21,253,"FIAEQ2NVELEQ","((BDLIST(J,I), I=1,3), J=1,231)",485,"'302DVEW122'","character",,"302DVEW122","38548071d5aa652bb90c7f111f86b427f798a1c9"
"fiaeq2nveleq.for",21,253,"FIAEQ2NVELEQ","((BDLIST(J,I), I=1,3), J=1,231)",486,"'SV6'","character",,"SV6","38548071d5aa652bb90c7f111f86b427f798a1c9"
"fiaeq2nveleq.for",21,253,"FIAEQ2NVELEQ","((BDLIST(J,I), I=1,3), J=1,231)",487,"'BD122007'","character",,"BD122007","38548071d5aa652bb90c7f111f86b427f798a1c9"
"fiaeq2nveleq.for",21,253,"FIAEQ2NVELEQ","((BDLIST(J,I), I=1,3), J=1,231)",488,"'103DVEW122'","character",,"103DVEW122","38548071d5aa652bb90c7f111f86b427f798a1c9"
"fiaeq2nveleq.for",21,253,"FIAEQ2NVELEQ","((BDLIST(J,I), I=1,3), J=1,231)",489,"'SV6'","character",,"SV6","38548071d5aa652bb90c7f111f86b427f798a1c9"
"fiaeq2nveleq.for",21,253,"FIAEQ2NVELEQ","((BDLIST(J,I), I=1,3), J=1,231)",490,"'BD122008'","character",,"BD122008","38548071d5aa652bb90c7f111f86b427f798a1c9"
"fiaeq2nveleq.for",21,253,"FIAEQ2NVELEQ","((BDLIST(J,I), I=1,3), J=1,231)",491,"'104DVEW122'","character",,"104DVEW122","38548071d5aa652bb90c7f111f86b427f798a1c9"
"fiaeq2nveleq.for",21,253,"FIAEQ2NVELEQ","((BDLIST(J,I), I=1,3), J=1,231)",492,"'SV6'","character",,"SV6","38548071d5aa652bb90c7f111f86b427f798a1c9"
"fiaeq2nveleq.for",21,253,"FIAEQ2NVELEQ","((BDLIST(J,I), I=1,3), J=1,231)",493,"'BD122009'","character",,"BD122009","38548071d5aa652bb90c7f111f86b427f798a1c9"
"fiaeq2nveleq.for",21,253,"FIAEQ2NVELEQ","((BDLIST(J,I), I=1,3), J=1,231)",494,"'105DVEW122'","character",,"105DVEW122","38548071d5aa652bb90c7f111f86b427f798a1c9"
"fiaeq2nveleq.for",21,253,"FIAEQ2NVELEQ","((BDLIST(J,I), I=1,3), J=1,231)",495,"'SV6'","character",,"SV6","38548071d5aa652bb90c7f111f86b427f798a1c9"
"fiaeq2nveleq.for",21,253,"FIAEQ2NVELEQ","((BDLIST(J,I), I=1,3), J=1,231)",496,"'BD122010'","character",,"BD122010","38548071d5aa652bb90c7f111f86b427f798a1c9"
"fiaeq2nveleq.for",21,253,"FIAEQ2NVELEQ","((BDLIST(J,I), I=1,3), J=1,231)",497,"'P02MAC1122'","character",,"P02MAC1122","38548071d5aa652bb90c7f111f86b427f798a1c9"
"fiaeq2nveleq.for",21,253,"FIAEQ2NVELEQ","((BDLIST(J,I), I=1,3), J=1,231)",498,"'IV6'","character",,"IV6","38548071d5aa652bb90c7f111f86b427f798a1c9"
"fiaeq2nveleq.for",21,253,"FIAEQ2NVELEQ","((BDLIST(J,I), I=1,3), J=1,231)",499,"'BD122011'","character",,"BD122011","38548071d5aa652bb90c7f111f86b427f798a1c9"
"fiaeq2nveleq.for",21,253,"FIAEQ2NVELEQ","((BDLIST(J,I), I=1,3), J=1,231)",500,"'P02MAC1122'","character",,"P02MAC1122","38548071d5aa652bb90c7f111f86b427f798a1c9"
"fiaeq2nveleq.for",21,253,"FIAEQ2NVELEQ","((BDLIST(J,I), I=1,3), J=1,231)",501,"'SV6'","character",,"SV6","38548071d5aa652bb90c7f111f86b427f798a1c9"
"fiaeq2nveleq.for",21,253,"FIAEQ2NVELEQ","((BDLIST(J,I), I=1,3), J=1,231)",502,"'BD122012'","character",,"BD122012","38548071d5aa652bb90c7f111f86b427f798a1c9"
"fiaeq2nveleq.for",21,253,"FIAEQ2NVELEQ","((BDLIST(J,I), I=1,3), J=1,231)",503,"'R00MYE0122'","character",,"R00MYE0122","38548071d5aa652bb90c7f111f86b427f798a1c9"
"fiaeq2nveleq.for",21,253,"FIAEQ2NVELEQ","((BDLIST(J,I), I=1,3), J=1,231)",504,"'SV6'","character",,"SV6","38548071d5aa652bb90c7f111f86b427f798a1c9"
"fiaeq2nveleq.for",21,253,"FIAEQ2NVELEQ","((BDLIST(J,I), I=1,3), J=1,231)",505,"'BD122013'","character",,"BD122013","38548071d5aa652bb90c7f111f86b427f798a1c9"
"fiaeq2nveleq.for",21,253,"FIAEQ2NVELEQ","((BDLIST(J,I), I=1,3), J=1,231)",506,"'R00MYE1122'","character",,"R00MYE1122","38548071d5aa652bb90c7f111f86b427f798a1c9"
"fiaeq2nveleq.for",21,253,"FIAEQ2NVELEQ","((BDLIST(J,I), I=1,3), J=1,231)",507,"'SV6'","character",,"SV6","38548071d5aa652bb90c7f111f86b427f798a1c9"
"fiaeq2nveleq.for",21,253,"FIAEQ2NVELEQ","((BDLIST(J,I), I=1,3), J=1,231)",508,"'BD122014'","character",,"BD122014","38548071d5aa652bb90c7f111f86b427f798a1c9"
"fiaeq2nveleq.for",21,253,"FIAEQ2NVELEQ","((BDLIST(J,I), I=1,3), J=1,231)",509,"'R00MYE0122'","character",,"R00MYE0122","38548071d5aa652bb90c7f111f86b427f798a1c9"
"fiaeq2nveleq.for",21,253,"FIAEQ2NVELEQ","((BDLIST(J,I), I=1,3), J=1,231)",510,"'IV6'","character",,"IV6","38548071d5aa652bb90c7f111f86b427f798a1c9"
"fiaeq2nveleq.for",21,253,"FIAEQ2NVELEQ","((BDLIST(J,I), I=1,3), J=1,231)",511,"'BD122015'","character",,"BD122015","38548071d5aa652bb90c7f111f86b427f798a1c9"
"fiaeq2nveleq.for",21,253,"FIAEQ2NVELEQ","((BDLIST(J,I), I=1,3), J=1,231)",512,"'R00MYE1122'","character",,"R00MYE1122","38548071d5aa652bb90c7f111f86b427f798a1c9"
"fiaeq2nveleq.for",21,253,"FIAEQ2NVELEQ","((BDLIST(J,I), I=1,3), J=1,231)",513,"'IV6'","character",,"IV6","38548071d5aa652bb90c7f111f86b427f798a1c9"
"fiaeq2nveleq.for",21,253,"FIAEQ2NVELEQ","((BDLIST(J,I), I=1,3), J=1,231)",514,"'BD122016'","character",,"BD122016","38548071d5aa652bb90c7f111f86b427f798a1c9"
"fiaeq2nveleq.for",21,253,"FIAEQ2NVELEQ","((BDLIST(J,I), I=1,3), J=1,231)",515,"'200DVEW122'","character",,"200DVEW122","38548071d5aa652bb90c7f111f86b427f798a1c9"
"fiaeq2nveleq.for",21,253,"FIAEQ2NVELEQ","((BDLIST(J,I), I=1,3), J=1,231)",516,"'IV6'","character",,"IV6","38548071d5aa652bb90c7f111f86b427f798a1c9"
"fiaeq2nveleq.for",21,253,"FIAEQ2NVELEQ","((BDLIST(J,I), I=1,3), J=1,231)",517,"'BD122017'","character",,"BD122017","38548071d5aa652bb90c7f111f86b427f798a1c9"
"fiaeq2nveleq.for",21,253,"FIAEQ2NVELEQ","((BDLIST(J,I), I=1,3), J=1,231)",518,"'212DVEW122'","character",,"212DVEW122","38548071d5aa652bb90c7f111f86b427f798a1c9"
"fiaeq2nveleq.for",21,253,"FIAEQ2NVELEQ","((BDLIST(J,I), I=1,3), J=1,231)",519,"'IV6'","character",,"IV6","38548071d5aa652bb90c7f111f86b427f798a1c9"
"fiaeq2nveleq.for",21,253,"FIAEQ2NVELEQ","((BDLIST(J,I), I=1,3), J=1,231)",520,"'BD122018'","character",,"BD122018","38548071d5aa652bb90c7f111f86b427f798a1c9"
"fiaeq2nveleq.for",21,253,"FIAEQ2NVELEQ","((BDLIST(J,I), I=1,3), J=1,231)",521,"'P16MAC0122'","character",,"P16MAC0122","38548071d5aa652bb90c7f111f86b427f798a1c9"
"fiaeq2nveleq.for",21,253,"FIAEQ2NVELEQ","((BDLIST(J,I), I=1,3), J=1,231)",522,"'SV616'","character",,"SV616","38548071d5aa652bb90c7f111f86b427f798a1c9"
"fiaeq2nveleq.for",21,253,"FIAEQ2NVELEQ","((BDLIST(J,I), I=1,3), J=1,231)",523,"'BD122019'","character",,"BD122019","38548071d5aa652bb90c7f111f86b427f798a1c9"
"fiaeq2nveleq.for",21,253,"FIAEQ2NVELEQ","((BDLIST(J,I), I=1,3), J=1,231)",524,"'P32MAC0122'","character",,"P32MAC0122","38548071d5aa652bb90c7f111f86b427f798a1c9"
"fiaeq2nveleq.for",21,253,"FIAEQ2NVELEQ","((BDLIST(J,I), I=1,3), J=1,231)",525,"'SV632'","character",,"SV632","38548071d5aa652bb90c7f111f86b427f798a1c9"
"fiaeq2nveleq.for",21,253,"FIAEQ2NVELEQ","((BDLIST(J,I), I=1,3), J=1,231)",526,"'BD122020'","character",,"BD122020","38548071d5aa652bb90c7f111f86b427f798a1c9"
"fiaeq2nveleq.for",21,253,"FIAEQ2NVELEQ","((BDLIST(J,I), I=1,3), J=1,231)",527,"'P16MAC0122'","character",,"P16MAC0122","38548071d5aa652bb90c7f111f86b427f798a1c9"
"fiaeq2nveleq.for",21,253,"FIAEQ2NVELEQ","((BDLIST(J,I), I=1,3), J=1,231)",528,"'SV816'","character",,"SV816","38548071d5aa652bb90c7f111f86b427f798a1c9"
"fiaeq2nveleq.for",21,253,"FIAEQ2NVELEQ","((BDLIST(J,I), I=1,3), J=1,231)",529,"'BD122021'","character",,"BD122021","38548071d5aa652bb90c7f111f86b427f798a1c9"
"fiaeq2nveleq.for",21,253,"FIAEQ2NVELEQ","((BDLIST(J,I), I=1,3), J=1,231)",530,"'P16MAC0122'","character",,"P16MAC0122","38548071d5aa652bb90c7f111f86b427f798a1c9"
"fiaeq2nveleq.for",21,253,"FIAEQ2NVELEQ","((BDLIST(J,I), I=1,3), J=1,231)",531,"'IV6'","character",,"IV6","38548071d5aa652bb90c7f111f86b427f798a1c9"
"fiaeq2nveleq.for",21,253,"FIAEQ2NVELEQ","((BDLIST(J,I), I=1,3), J=1,231)",532,"'BD122022'","character",,"BD122022","38548071d5aa652bb90c7f111f86b427f798a1c9"
"fiaeq2nveleq.for",21,253,"FIAEQ2NVELEQ","((BDLIST(J,I), I=1,3), J=1,231)",533,"'P16MAC0122'","character",,"P16MAC0122","38548071d5aa652bb90c7f111f86b427f798a1c9"
"fiaeq2nveleq.for",21,253,"FIAEQ2NVELEQ","((BDLIST(J,I), I=1,3), J=1,231)",534,"'IV8'","character",,"IV8","38548071d5aa652bb90c7f111f86b427f798a1c9"
"fiaeq2nveleq.for",21,253,"FIAEQ2NVELEQ","((BDLIST(J,I), I=1,3), J=1,231)",535,"'BD122023'","character",,"BD122023","38548071d5aa652bb90c7f111f86b427f798a1c9"
"fiaeq2nveleq.for",21,253,"FIAEQ2NVELEQ","((BDLIST(J,I), I=1,3), J=1,231)",536,"'301DVEW122'","character",,"301DVEW122","38548071d5aa652bb90c7f111f86b427f798a1c9"
"fiaeq2nveleq.for",21,253,"FIAEQ2NVELEQ","((BDLIST(J,I), I=1,3), J=1,231)",537,"'IV6'","character",,"IV6","38548071d5aa652bb90c7f111f86b427f798a1c9"
"fiaeq2nveleq.for",21,253,"FIAEQ2NVELEQ","((BDLIST(J,I), I=1,3), J=1,231)",538,"'BD122024'","character",,"BD122024","38548071d5aa652bb90c7f111f86b427f798a1c9"
"fiaeq2nveleq.for",21,253,"FIAEQ2NVELEQ","((BDLIST(J,I), I=1,3), J=1,231)",539,"'302DVEW122'","character",,"302DVEW122","38548071d5aa652bb90c7f111f86b427f798a1c9"
"fiaeq2nveleq.for",21,253,"FIAEQ2NVELEQ","((BDLIST(J,I), I=1,3), J=1,231)",540,"'IV6'","character",,"IV6","38548071d5aa652bb90c7f111f86b427f798a1c9"
"fiaeq2nveleq.for",21,253,"FIAEQ2NVELEQ","((BDLIST(J,I), I=1,3), J=1,231)",541,"'BD202001'","character",,"BD202001","38548071d5aa652bb90c7f111f86b427f798a1c9"
"fiaeq2nveleq.for",21,253,"FIAEQ2NVELEQ","((BDLIST(J,I), I=1,3), J=1,231)",542,"'301DVEW202'","character",,"301DVEW202","38548071d5aa652bb90c7f111f86b427f798a1c9"
"fiaeq2nveleq.for",21,253,"FIAEQ2NVELEQ","((BDLIST(J,I), I=1,3), J=1,231)",543,"'SV6'","character",,"SV6","38548071d5aa652bb90c7f111f86b427f798a1c9"
"fiaeq2nveleq.for",21,253,"FIAEQ2NVELEQ","((BDLIST(J,I), I=1,3), J=1,231)",544,"'BD202002'","character",,"BD202002","38548071d5aa652bb90c7f111f86b427f798a1c9"
"fiaeq2nveleq.for",21,253,"FIAEQ2NVELEQ","((BDLIST(J,I), I=1,3), J=1,231)",545,"'302DVEW202'","character",,"302DVEW202","38548071d5aa652bb90c7f111f86b427f798a1c9"
"fiaeq2nveleq.for",21,253,"FIAEQ2NVELEQ","((BDLIST(J,I), I=1,3), J=1,231)",546,"'SV6'","character",,"SV6","38548071d5aa652bb90c7f111f86b427f798a1c9"
"fiaeq2nveleq.for",21,253,"FIAEQ2NVELEQ","((BDLIST(J,I), I=1,3), J=1,231)",547,"'BD202003'","character",,"BD202003","38548071d5aa652bb90c7f111f86b427f798a1c9"
"fiaeq2nveleq.for",21,253,"FIAEQ2NVELEQ","((BDLIST(J,I), I=1,3), J=1,231)",548,"'R01KEM0202'","character",,"R01KEM0202","38548071d5aa652bb90c7f111f86b427f798a1c9"
"fiaeq2nveleq.for",21,253,"FIAEQ2NVELEQ","((BDLIST(J,I), I=1,3), J=1,231)",549,"'SV6'","character",,"SV6","38548071d5aa652bb90c7f111f86b427f798a1c9"
"fiaeq2nveleq.for",21,253,"FIAEQ2NVELEQ","((BDLIST(J,I), I=1,3), J=1,231)",550,"'BD202004'","character",,"BD202004","38548071d5aa652bb90c7f111f86b427f798a1c9"
"fiaeq2nveleq.for",21,253,"FIAEQ2NVELEQ","((BDLIST(J,I), I=1,3), J=1,231)",551,"'103DVEW202'","character",,"103DVEW202","38548071d5aa652bb90c7f111f86b427f798a1c9"
"fiaeq2nveleq.for",21,253,"FIAEQ2NVELEQ","((BDLIST(J,I), I=1,3), J=1,231)",552,"'SV6'","character",,"SV6","38548071d5aa652bb90c7f111f86b427f798a1c9"
"fiaeq2nveleq.for",21,253,"FIAEQ2NVELEQ","((BDLIST(J,I), I=1,3), J=1,231)",553,"'BD202005'","character",,"BD202005","38548071d5aa652bb90c7f111f86b427f798a1c9"
"fiaeq2nveleq.for",21,253,"FIAEQ2NVELEQ","((BDLIST(J,I), I=1,3), J=1,231)",554,"'P02KRU2202'","character",,"P02KRU2202","38548071d5aa652bb90c7f111f86b427f798a1c9"
"fiaeq2nveleq.for",21,253,"FIAEQ2NVELEQ","((BDLIST(J,I), I=1,3), J=1,231)",555,"'SV6'","character",,"SV6","38548071d5aa652bb90c7f111f86b427f798a1c9"
"fiaeq2nveleq.for",21,253,"FIAEQ2NVELEQ","((BDLIST(J,I), I=1,3), J=1,231)",556,"'BD202006'","character",,"BD202006","38548071d5aa652bb90c7f111f86b427f798a1c9"
"fiaeq2nveleq.for",21,253,"FIAEQ2NVELEQ","((BDLIST(J,I), I=1,3), J=1,231)",557,"'P02MAC1202'","character",,"P02MAC1202","38548071d5aa652bb90c7f111f86b427f798a1c9"
"fiaeq2nveleq.for",21,253,"FIAEQ2NVELEQ","((BDLIST(J,I), I=1,3), J=1,231)",558,"'IV6'","character",,"IV6","38548071d5aa652bb90c7f111f86b427f798a1c9"
"fiaeq2nveleq.for",21,253,"FIAEQ2NVELEQ","((BDLIST(J,I), I=1,3), J=1,231)",559,"'BD202007'","character",,"BD202007","38548071d5aa652bb90c7f111f86b427f798a1c9"
"fiaeq2nveleq.for",21,253,"FIAEQ2NVELEQ","((BDLIST(J,I), I=1,3), J=1,231)",560,"'P02MAC1202'","character",,"P02MAC1202","38548071d5aa652bb90c7f111f86b427f798a1c9"
"fiaeq2nveleq.for",21,253,"FIAEQ2NVELEQ","((BDLIST(J,I), I=1,3), J=1,231)",561,"'SV6'","character",,"SV6","38548071d5aa652bb90c7f111f86b427f798a1c9"
"fiaeq2nveleq.for",21,253,"FIAEQ2NVELEQ","((BDLIST(J,I), I=1,3), J=1,231)",562,"'BD202008'","character",,"BD202008","38548071d5aa652bb90c7f111f86b427f798a1c9"
"fiaeq2nveleq.for",21,253,"FIAEQ2NVELEQ","((BDLIST(J,I), I=1,3), J=1,231)",563,"'P16MAC0202'","character",,"P16MAC0202","38548071d5aa652bb90c7f111f86b427f798a1c9"
"fiaeq2nveleq.for",21,253,"FIAEQ2NVELEQ","((BDLIST(J,I), I=1,3), J=1,231)",564,"'SV616'","character",,"SV616","38548071d5aa652bb90c7f111f86b427f798a1c9"
"fiaeq2nveleq.for",21,253,"FIAEQ2NVELEQ","((BDLIST(J,I), I=1,3), J=1,231)",565,"'BD202009'","character",,"BD202009","38548071d5aa652bb90c7f111f86b427f798a1c9"
"fiaeq2nveleq.for",21,253,"FIAEQ2NVELEQ","((BDLIST(J,I), I=1,3), J=1,231)",566,"'P32MAC0202'","character",,"P32MAC0202","38548071d5aa652bb90c7f111f86b427f798a1c9"
"fiaeq2nveleq.for",21,253,"FIAEQ2NVELEQ","((BDLIST(J,I), I=1,3), J=1,231)",567,"'SV632'","character",,"SV632","38548071d5aa652bb90c7f111f86b427f798a1c9"
"fiaeq2nveleq.for",21,253,"FIAEQ2NVELEQ","((BDLIST(J,I), I=1,3), J=1,231)",568,"'BD202010'","character",,"BD202010","38548071d5aa652bb90c7f111f86b427f798a1c9"
"fiaeq2nveleq.for",21,253,"FIAEQ2NVELEQ","((BDLIST(J,I), I=1,3), J=1,231)",569,"'P16MAC0202'","character",,"P16MAC0202","38548071d5aa652bb90c7f111f86b427f798a1c9"
"fiaeq2nveleq.for",21,253,"FIAEQ2NVELEQ","((BDLIST(J,I), I=1,3), J=1,231)",570,"'SV816'","character",,"SV816","38548071d5aa652bb90c7f111f86b427f798a1c9"
"fiaeq2nveleq.for",21,253,"FIAEQ2NVELEQ","((BDLIST(J,I), I=1,3), J=1,231)",571,"'BD202011'","character",,"BD202011","38548071d5aa652bb90c7f111f86b427f798a1c9"
"fiaeq2nveleq.for",21,253,"FIAEQ2NVELEQ","((BDLIST(J,I), I=1,3), J=1,231)",572,"'P16MAC0202'","character",,"P16MAC0202","38548071d5aa652bb90c7f111f86b427f798a1c9"
"fiaeq2nveleq.for",21,253,"FIAEQ2NVELEQ","((BDLIST(J,I), I=1,3), J=1,231)",573,"'IV6'","character",,"IV6","38548071d5aa652bb90c7f111f86b427f798a1c9"
"fiaeq2nveleq.for",21,253,"FIAEQ2NVELEQ","((BDLIST(J,I), I=1,3), J=1,231)",574,"'BD202012'","character",,"BD202012","38548071d5aa652bb90c7f111f86b427f798a1c9"
"fiaeq2nveleq.for",21,253,"FIAEQ2NVELEQ","((BDLIST(J,I), I=1,3), J=1,231)",575,"'P16MAC0202'","character",,"P16MAC0202","38548071d5aa652bb90c7f111f86b427f798a1c9"
"fiaeq2nveleq.for",21,253,"FIAEQ2NVELEQ","((BDLIST(J,I), I=1,3), J=1,231)",576,"'IV8'","character",,"IV8","38548071d5aa652bb90c7f111f86b427f798a1c9"
"fiaeq2nveleq.for",21,253,"FIAEQ2NVELEQ","((BDLIST(J,I), I=1,3), J=1,231)",577,"'BD202013'","character",,"BD202013","38548071d5aa652bb90c7f111f86b427f798a1c9"
"fiaeq2nveleq.for",21,253,"FIAEQ2NVELEQ","((BDLIST(J,I), I=1,3), J=1,231)",578,"'P16KIN0202'","character",,"P16KIN0202","38548071d5aa652bb90c7f111f86b427f798a1c9"
"fiaeq2nveleq.for",21,253,"FIAEQ2NVELEQ","((BDLIST(J,I), I=1,3), J=1,231)",579,"'SV616'","character",,"SV616","38548071d5aa652bb90c7f111f86b427f798a1c9"
"fiaeq2nveleq.for",21,253,"FIAEQ2NVELEQ","((BDLIST(J,I), I=1,3), J=1,231)",580,"'BD202014'","character",,"BD202014","38548071d5aa652bb90c7f111f86b427f798a1c9"
"fiaeq2nveleq.for",21,253,"FIAEQ2NVELEQ","((BDLIST(J,I), I=1,3), J=1,231)",581,"'P32KIN0202'","character",,"P32KIN0202","38548071d5aa652bb90c7f111f86b427f798a1c9"
"fiaeq2nveleq.for",21,253,"FIAEQ2NVELEQ","((BDLIST(J,I), I=1,3), J=1,231)",582,"'SV632'","character",,"SV632","38548071d5aa652bb90c7f111f86b427f798a1c9"
"fiaeq2nveleq.for",21,253,"FIAEQ2NVELEQ","((BDLIST(J,I), I=1,3), J=1,231)",583,"'BD202015'","character",,"BD202015","38548071d5aa652bb90c7f111f86b427f798a1c9"
"fiaeq2nveleq.for",21,253,"FIAEQ2NVELEQ","((BDLIST(J,I), I=1,3), J=1,231)",584,"'P16KIN0202'","character",,"P16KIN0202","38548071d5aa652bb90c7f111f86b427f798a1c9"
"fiaeq2nveleq.for",21,253,"FIAEQ2NVELEQ","((BDLIST(J,I), I=1,3), J=1,231)",585,"'SV816'","character",,"SV816","38548071d5aa652bb90c7f111f86b427f798a1c9"
"fiaeq2nveleq.for",21,253,"FIAEQ2NVELEQ","((BDLIST(J,I), I=1,3), J=1,231)",586,"'BD202016'","character",,"BD202016","38548071d5aa652bb90c7f111f86b427f798a1c9"
"fiaeq2nveleq.for",21,253,"FIAEQ2NVELEQ","((BDLIST(J,I), I=1,3), J=1,231)",587,"'P16KIN0202'","character",,"P16KIN0202","38548071d5aa652bb90c7f111f86b427f798a1c9"
"fiaeq2nveleq.for",21,253,"FIAEQ2NVELEQ","((BDLIST(J,I), I=1,3), J=1,231)",588,"'IV6'","character",,"IV6","38548071d5aa652bb90c7f111f86b427f798a1c9"
"fiaeq2nveleq.for",21,253,"FIAEQ2NVELEQ","((BDLIST(J,I), I=1,3), J=1,231)",589,"'BD202017'","character",,"BD202017","38548071d5aa652bb90c7f111f86b427f798a1c9"
"fiaeq2nveleq.for",21,253,"FIAEQ2NVELEQ","((BDLIST(J,I), I=1,3), J=1,231)",590,"'P16KIN0202'","character",,"P16KIN0202","38548071d5aa652bb90c7f111f86b427f798a1c9"
"fiaeq2nveleq.for",21,253,"FIAEQ2NVELEQ","((BDLIST(J,I), I=1,3), J=1,231)",591,"'IV8'","character",,"IV8","38548071d5aa652bb90c7f111f86b427f798a1c9"
"fiaeq2nveleq.for",21,253,"FIAEQ2NVELEQ","((BDLIST(J,I), I=1,3), J=1,231)",592,"'BD202018'","character",,"BD202018","38548071d5aa652bb90c7f111f86b427f798a1c9"
"fiaeq2nveleq.for",21,253,"FIAEQ2NVELEQ","((BDLIST(J,I), I=1,3), J=1,231)",593,"'301DVEW202'","character",,"301DVEW202","38548071d5aa652bb90c7f111f86b427f798a1c9"
"fiaeq2nveleq.for",21,253,"FIAEQ2NVELEQ","((BDLIST(J,I), I=1,3), J=1,231)",594,"'IV6'","character",,"IV6","38548071d5aa652bb90c7f111f86b427f798a1c9"
"fiaeq2nveleq.for",21,253,"FIAEQ2NVELEQ","((BDLIST(J,I), I=1,3), J=1,231)",595,"'BD202019'","character",,"BD202019","38548071d5aa652bb90c7f111f86b427f798a1c9"
"fiaeq2nveleq.for",21,253,"FIAEQ2NVELEQ","((BDLIST(J,I), I=1,3), J=1,231)",596,"'302DVEW202'","character",,"302DVEW202","38548071d5aa652bb90c7f111f86b427f798a1c9"
"fiaeq2nveleq.for",21,253,"FIAEQ2NVELEQ","((BDLIST(J,I), I=1,3), J=1,231)",597,"'IV6'","character",,"IV6","38548071d5aa652bb90c7f111f86b427f798a1c9"
"fiaeq2nveleq.for",21,253,"FIAEQ2NVELEQ","((BDLIST(J,I), I=1,3), J=1,231)",598,"'BD211001'","character",,"BD211001","38548071d5aa652bb90c7f111f86b427f798a1c9"
"fiaeq2nveleq.for",21,253,"FIAEQ2NVELEQ","((BDLIST(J,I), I=1,3), J=1,231)",599,"'P02KRU2211'","character",,"P02KRU2211","38548071d5aa652bb90c7f111f86b427f798a1c9"
"fiaeq2nveleq.for",21,253,"FIAEQ2NVELEQ","((BDLIST(J,I), I=1,3), J=1,231)",600,"'SV6'","character",,"SV6","38548071d5aa652bb90c7f111f86b427f798a1c9"
"fiaeq2nveleq.for",21,253,"FIAEQ2NVELEQ","((BDLIST(J,I), I=1,3), J=1,231)",601,"'BD212001'","character",,"BD212001","38548071d5aa652bb90c7f111f86b427f798a1c9"
"fiaeq2nveleq.for",21,253,"FIAEQ2NVELEQ","((BDLIST(J,I), I=1,3), J=1,231)",602,"'500DVEW212'","character",,"500DVEW212","38548071d5aa652bb90c7f111f86b427f798a1c9"
"fiaeq2nveleq.for",21,253,"FIAEQ2NVELEQ","((BDLIST(J,I), I=1,3), J=1,231)",603,"'SV6'","character",,"SV6","38548071d5aa652bb90c7f111f86b427f798a1c9"
"fiaeq2nveleq.for",21,253,"FIAEQ2NVELEQ","((BDLIST(J,I), I=1,3), J=1,231)",604,"'BD212002'","character",,"BD212002","38548071d5aa652bb90c7f111f86b427f798a1c9"
"fiaeq2nveleq.for",21,253,"FIAEQ2NVELEQ","((BDLIST(J,I), I=1,3), J=1,231)",605,"'500DVEW212'","character",,"500DVEW212","38548071d5aa652bb90c7f111f86b427f798a1c9"
"fiaeq2nveleq.for",21,253,"FIAEQ2NVELEQ","((BDLIST(J,I), I=1,3), J=1,231)",606,"'SV6'","character",,"SV6","38548071d5aa652bb90c7f111f86b427f798a1c9"
"fiaeq2nveleq.for",21,253,"FIAEQ2NVELEQ","((BDLIST(J,I), I=1,3), J=1,231)",607,"'BD242002'","character",,"BD242002","38548071d5aa652bb90c7f111f86b427f798a1c9"
"fiaeq2nveleq.for",21,253,"FIAEQ2NVELEQ","((BDLIST(J,I), I=1,3), J=1,231)",608,"'P01BDE0242'","character",,"P01BDE0242","38548071d5aa652bb90c7f111f86b427f798a1c9"
"fiaeq2nveleq.for",21,253,"FIAEQ2NVELEQ","((BDLIST(J,I), I=1,3), J=1,231)",609,"'IV6'","character",,"IV6","38548071d5aa652bb90c7f111f86b427f798a1c9"
"fiaeq2nveleq.for",21,253,"FIAEQ2NVELEQ","((BDLIST(J,I), I=1,3), J=1,231)",610,"'BD263001'","character",,"BD263001","38548071d5aa652bb90c7f111f86b427f798a1c9"
"fiaeq2nveleq.for",21,253,"FIAEQ2NVELEQ","((BDLIST(J,I), I=1,3), J=1,231)",611,"'P02KRU2263'","character",,"P02KRU2263","38548071d5aa652bb90c7f111f86b427f798a1c9"
"fiaeq2nveleq.for",21,253,"FIAEQ2NVELEQ","((BDLIST(J,I), I=1,3), J=1,231)",612,"'SV6'","character",,"SV6","38548071d5aa652bb90c7f111f86b427f798a1c9"
"fiaeq2nveleq.for",21,253,"FIAEQ2NVELEQ","((BDLIST(J,I), I=1,3), J=1,231)",613,"'BD263002'","character",,"BD263002","38548071d5aa652bb90c7f111f86b427f798a1c9"
"fiaeq2nveleq.for",21,253,"FIAEQ2NVELEQ","((BDLIST(J,I), I=1,3), J=1,231)",614,"'P16CHA0263'","character",,"P16CHA0263","38548071d5aa652bb90c7f111f86b427f798a1c9"
"fiaeq2nveleq.for",21,253,"FIAEQ2NVELEQ","((BDLIST(J,I), I=1,3), J=1,231)",615,"'SV616'","character",,"SV616","38548071d5aa652bb90c7f111f86b427f798a1c9"
"fiaeq2nveleq.for",21,253,"FIAEQ2NVELEQ","((BDLIST(J,I), I=1,3), J=1,231)",616,"'BD263003'","character",,"BD263003","38548071d5aa652bb90c7f111f86b427f798a1c9"
"fiaeq2nveleq.for",21,253,"FIAEQ2NVELEQ","((BDLIST(J,I), I=1,3), J=1,231)",617,"'P32CHA0263'","character",,"P32CHA0263","38548071d5aa652bb90c7f111f86b427f798a1c9"
"fiaeq2nveleq.for",21,253,"FIAEQ2NVELEQ","((BDLIST(J,I), I=1,3), J=1,231)",618,"'SV632'","character",,"SV632","38548071d5aa652bb90c7f111f86b427f798a1c9"
"fiaeq2nveleq.for",21,253,"FIAEQ2NVELEQ","((BDLIST(J,I), I=1,3), J=1,231)",619,"'BD263004'","character",,"BD263004","38548071d5aa652bb90c7f111f86b427f798a1c9"
"fiaeq2nveleq.for",21,253,"FIAEQ2NVELEQ","((BDLIST(J,I), I=1,3), J=1,231)",620,"'P16CHA0263'","character",,"P16CHA0263","38548071d5aa652bb90c7f111f86b427f798a1c9"
"fiaeq2nveleq.for",21,253,"FIAEQ2NVELEQ","((BDLIST(J,I), I=1,3), J=1,231)",621,"'SV816'","character",,"SV816","38548071d5aa652bb90c7f111f86b427f798a1c9"
"fiaeq2nveleq.for",21,253,"FIAEQ2NVELEQ","((BDLIST(J,I), I=1,3), J=1,231)",622,"'BD263005'","character",,"BD263005","38548071d5aa652bb90c7f111f86b427f798a1c9"
"fiaeq2nveleq.for",21,253,"FIAEQ2NVELEQ","((BDLIST(J,I), I=1,3), J=1,231)",623,"'P16CHA0263'","character",,"P16CHA0263","38548071d5aa652bb90c7f111f86b427f798a1c9"
"fiaeq2nveleq.for",21,253,"FIAEQ2NVELEQ","((BDLIST(J,I), I=1,3), J=1,231)",624,"'IV6'","character",,"IV6","38548071d5aa652bb90c7f111f86b427f798a1c9"
"fiaeq2nveleq.for",21,253,"FIAEQ2NVELEQ","((BDLIST(J,I), I=1,3), J=1,231)",625,"'BD263006'","character",,"BD263006","38548071d5aa652bb90c7f111f86b427f798a1c9"
"fiaeq2nveleq.for",21,253,"FIAEQ2NVELEQ","((BDLIST(J,I), I=1,3), J=1,231)",626,"'P16CHA0263'","character",,"P16CHA0263","38548071d5aa652bb90c7f111f86b427f798a1c9"
"fiaeq2nveleq.for",21,253,"FIAEQ2NVELEQ","((BDLIST(J,I), I=1,3), J=1,231)",627,"'IV8'","character",,"IV8","38548071d5aa652bb90c7f111f86b427f798a1c9"
"fiaeq2nveleq.for",21,253,"FIAEQ2NVELEQ","((BDLIST(J,I), I=1,3), J=1,231)",628,"'BD264001'","character",,"BD264001","38548071d5aa652bb90c7f111f86b427f798a1c9"
"fiaeq2nveleq.for",21,253,"FIAEQ2NVELEQ","((BDLIST(J,I), I=1,3), J=1,231)",629,"'P16BEL0264'","character",,"P16BEL0264","38548071d5aa652bb90c7f111f86b427f798a1c9"
"fiaeq2nveleq.for",21,253,"FIAEQ2NVELEQ","((BDLIST(J,I), I=1,3), J=1,231)",630,"'SV616'","character",,"SV616","38548071d5aa652bb90c7f111f86b427f798a1c9"
"fiaeq2nveleq.for",21,253,"FIAEQ2NVELEQ","((BDLIST(J,I), I=1,3), J=1,231)",631,"'BD264002'","character",,"BD264002","38548071d5aa652bb90c7f111f86b427f798a1c9"
"fiaeq2nveleq.for",21,253,"FIAEQ2NVELEQ","((BDLIST(J,I), I=1,3), J=1,231)",632,"'P32BEL0264'","character",,"P32BEL0264","38548071d5aa652bb90c7f111f86b427f798a1c9"
"fiaeq2nveleq.for",21,253,"FIAEQ2NVELEQ","((BDLIST(J,I), I=1,3), J=1,231)",633,"'SV632'","character",,"SV632","38548071d5aa652bb90c7f111f86b427f798a1c9"
"fiaeq2nveleq.for",21,253,"FIAEQ2NVELEQ","((BDLIST(J,I), I=1,3), J=1,231)",634,"'BD264003'","character",,"BD264003","38548071d5aa652bb90c7f111f86b427f798a1c9"
"fiaeq2nveleq.for",21,253,"FIAEQ2NVELEQ","((BDLIST(J,I), I=1,3), J=1,231)",635,"'P16BEL0264'","character",,"P16BEL0264","38548071d5aa652bb90c7f111f86b427f798a1c9"
"fiaeq2nveleq.for",21,253,"FIAEQ2NVELEQ","((BDLIST(J,I), I=1,3), J=1,231)",636,"'SV816'","character",,"SV816","38548071d5aa652bb90c7f111f86b427f798a1c9"
"fiaeq2nveleq.for",21,253,"FIAEQ2NVELEQ","((BDLIST(J,I), I=1,3), J=1,231)",637,"'BD264004'","character",,"BD264004","38548071d5aa652bb90c7f111f86b427f798a1c9"
"fiaeq2nveleq.for",21,253,"FIAEQ2NVELEQ","((BDLIST(J,I), I=1,3), J=1,231)",638,"'P16BEL0264'","character",,"P16BEL0264","38548071d5aa652bb90c7f111f86b427f798a1c9"
"fiaeq2nveleq.for",21,253,"FIAEQ2NVELEQ","((BDLIST(J,I), I=1,3), J=1,231)",639,"'IV6'","character",,"IV6","38548071d5aa652bb90c7f111f86b427f798a1c9"
"fiaeq2nveleq.for",21,253,"FIAEQ2NVELEQ","((BDLIST(J,I), I=1,3), J=1,231)",640,"'BD264005'","character",,"BD264005","38548071d5aa652bb90c7f111f86b427f798a1c9"
"fiaeq2nveleq.for",21,253,"FIAEQ2NVELEQ","((BDLIST(J,I), I=1,3), J=1,231)",641,"'P16BEL0264'","character",,"P16BEL0264","38548071d5aa652bb90c7f111f86b427f798a1c9"
"fiaeq2nveleq.for",21,253,"FIAEQ2NVELEQ","((BDLIST(J,I), I=1,3), J=1,231)",642,"'IV8'","character",,"IV8","38548071d5aa652bb90c7f111f86b427f798a1c9"
"fiaeq2nveleq.for",21,253,"FIAEQ2NVELEQ","((BDLIST(J,I), I=1,3), J=1,231)",643,"'BD351001'","character",,"BD351001","38548071d5aa652bb90c7f111f86b427f798a1c9"
"fiaeq2nveleq.for",21,253,"FIAEQ2NVELEQ","((BDLIST(J,I), I=1,3), J=1,231)",644,"'500DVEW351'","character",,"500DVEW351","38548071d5aa652bb90c7f111f86b427f798a1c9"
"fiaeq2nveleq.for",21,253,"FIAEQ2NVELEQ","((BDLIST(J,I), I=1,3), J=1,231)",645,"'SV6/8'","character",,"SV6/8","38548071d5aa652bb90c7f111f86b427f798a1c9"
"fiaeq2nveleq.for",21,253,"FIAEQ2NVELEQ","((BDLIST(J,I), I=1,3), J=1,231)",646,"'BD351002'","character",,"BD351002","38548071d5aa652bb90c7f111f86b427f798a1c9"
"fiaeq2nveleq.for",21,253,"FIAEQ2NVELEQ","((BDLIST(J,I), I=1,3), J=1,231)",647,"'500DVEW351'","character",,"500DVEW351","38548071d5aa652bb90c7f111f86b427f798a1c9"
"fiaeq2nveleq.for",21,253,"FIAEQ2NVELEQ","((BDLIST(J,I), I=1,3), J=1,231)",648,"'IV6/8'","character",,"IV6/8","38548071d5aa652bb90c7f111f86b427f798a1c9"
"fiaeq2nveleq.for",21,253,"FIAEQ2NVELEQ","((BDLIST(J,I), I=1,3), J=1,231)",649,"'BD351003'","character",,"BD351003","38548071d5aa652bb90c7f111f86b427f798a1c9"
"fiaeq2nveleq.for",21,253,"FIAEQ2NVELEQ","((BDLIST(J,I), I=1,3), J=1,231)",650,"'P16CUR0351'","character",,"P16CUR0351","38548071d5aa652bb90c7f111f86b427f798a1c9"
"fiaeq2nveleq.for",21,253,"FIAEQ2NVELEQ","((BDLIST(J,I), I=1,3), J=1,231)",651,"'SV616'","character",,"SV616","38548071d5aa652bb90c7f111f86b427f798a1c9"
"fiaeq2nveleq.for",21,253,"FIAEQ2NVELEQ","((BDLIST(J,I), I=1,3), J=1,231)",652,"'BD351004'","character",,"BD351004","38548071d5aa652bb90c7f111f86b427f798a1c9"
"fiaeq2nveleq.for",21,253,"FIAEQ2NVELEQ","((BDLIST(J,I), I=1,3), J=1,231)",653,"'P32CUR0351'","character",,"P32CUR0351","38548071d5aa652bb90c7f111f86b427f798a1c9"
"fiaeq2nveleq.for",21,253,"FIAEQ2NVELEQ","((BDLIST(J,I), I=1,3), J=1,231)",654,"'SV632'","character",,"SV632","38548071d5aa652bb90c7f111f86b427f798a1c9"
"fiaeq2nveleq.for",21,253,"FIAEQ2NVELEQ","((BDLIST(J,I), I=1,3), J=1,231)",655,"'BD351005'","character",,"BD351005","38548071d5aa652bb90c7f111f86b427f798a1c9"
"fiaeq2nveleq.for",21,253,"FIAEQ2NVELEQ","((BDLIST(J,I), I=1,3), J=1,231)",656,"'P16CUR0351'","character",,"P16CUR0351","38548071d5aa652bb90c7f111f86b427f798a1c9"
"fiaeq2nveleq.for",21,253,"FIAEQ2NVELEQ","((BDLIST(J,I), I=1,3), J=1,231)",657,"'SV816'","character",,"SV816","38548071d5aa652bb90c7f111f86b427f798a1c9"
"fiaeq2nveleq.for",21,253,"FIAEQ2NVELEQ","((BDLIST(J,I), I=1,3), J=1,231)",658,"'BD351006'","character",,"BD351006","38548071d5aa652bb90c7f111f86b427f798a1c9"
"fiaeq2nveleq.for",21,253,"FIAEQ2NVELEQ","((BDLIST(J,I), I=1,3), J=1,231)",659,"'P16CUR0351'","character",,"P16CUR0351","38548071d5aa652bb90c7f111f86b427f798a1c9"
"fiaeq2nveleq.for",21,253,"FIAEQ2NVELEQ","((BDLIST(J,I), I=1,3), J=1,231)",660,"'IV6'","character",,"IV6","38548071d5aa652bb90c7f111f86b427f798a1c9"
"fiaeq2nveleq.for",21,253,"FIAEQ2NVELEQ","((BDLIST(J,I), I=1,3), J=1,231)",661,"'BD351007'","character",,"BD351007","38548071d5aa652bb90c7f111f86b427f798a1c9"
"fiaeq2nveleq.for",21,253,"FIAEQ2NVELEQ","((BDLIST(J,I), I=1,3), J=1,231)",662,"'P16CUR0351'","character",,"P16CUR0351","38548071d5aa652bb90c7f111f86b427f798a1c9"
"fiaeq2nveleq.for",21,253,"FIAEQ2NVELEQ","((BDLIST(J,I), I=1,3), J=1,231)",663,"'IV8'","character",,"IV8","38548071d5aa652bb90c7f111f86b427f798a1c9"
"fiaeq2nveleq.for",21,253,"FIAEQ2NVELEQ","((BDLIST(J,I), I=1,3), J=1,231)",664,"'BD740001'","character",,"BD740001","38548071d5aa652bb90c7f111f86b427f798a1c9"
"fiaeq2nveleq.for",21,253,"FIAEQ2NVELEQ","((BDLIST(J,I), I=1,3), J=1,231)",665,"'R01KEM0740'","character",,"R01KEM0740","38548071d5aa652bb90c7f111f86b427f798a1c9"
"fiaeq2nveleq.for",21,253,"FIAEQ2NVELEQ","((BDLIST(J,I), I=1,3), J=1,231)",666,"'SV8'","character",,"SV8","38548071d5aa652bb90c7f111f86b427f798a1c9"
"fiaeq2nveleq.for",21,253,"FIAEQ2NVELEQ","((BDLIST(J,I), I=1,3), J=1,231)",667,"'BD746001'","character",,"BD746001","38548071d5aa652bb90c7f111f86b427f798a1c9"
"fiaeq2nveleq.for",21,253,"FIAEQ2NVELEQ","((BDLIST(J,I), I=1,3), J=1,231)",668,"'200DVEW746'","character",,"200DVEW746","38548071d5aa652bb90c7f111f86b427f798a1c9"
"fiaeq2nveleq.for",21,253,"FIAEQ2NVELEQ","((BDLIST(J,I), I=1,3), J=1,231)",669,"'SV6'","character",,"SV6","38548071d5aa652bb90c7f111f86b427f798a1c9"
"fiaeq2nveleq.for",21,253,"FIAEQ2NVELEQ","((BDLIST(J,I), I=1,3), J=1,231)",670,"'BD746002'","character",,"BD746002","38548071d5aa652bb90c7f111f86b427f798a1c9"
"fiaeq2nveleq.for",21,253,"FIAEQ2NVELEQ","((BDLIST(J,I), I=1,3), J=1,231)",671,"'300DVEW746'","character",,"300DVEW746","38548071d5aa652bb90c7f111f86b427f798a1c9"
"fiaeq2nveleq.for",21,253,"FIAEQ2NVELEQ","((BDLIST(J,I), I=1,3), J=1,231)",672,"'SV6'","character",,"SV6","38548071d5aa652bb90c7f111f86b427f798a1c9"
"fiaeq2nveleq.for",21,253,"FIAEQ2NVELEQ","((BDLIST(J,I), I=1,3), J=1,231)",673,"'BD746003'","character",,"BD746003","38548071d5aa652bb90c7f111f86b427f798a1c9"
"fiaeq2nveleq.for",21,253,"FIAEQ2NVELEQ","((BDLIST(J,I), I=1,3), J=1,231)",674,"'200DVEW746'","character",,"200DVEW746","38548071d5aa652bb90c7f111f86b427f798a1c9"
"fiaeq2nveleq.for",21,253,"FIAEQ2NVELEQ","((BDLIST(J,I), I=1,3), J=1,231)",675,"'IV6'","character",,"IV6","38548071d5aa652bb90c7f111f86b427f798a1c9"
"fiaeq2nveleq.for",21,253,"FIAEQ2NVELEQ","((BDLIST(J,I), I=1,3), J=1,231)",676,"'BD746004'","character",,"BD746004","38548071d5aa652bb90c7f111f86b427f798a1c9"
"fiaeq2nveleq.for",21,253,"FIAEQ2NVELEQ","((BDLIST(J,I), I=1,3), J=1,231)",677,"'300DVEW746'","character",,"300DVEW746","38548071d5aa652bb90c7f111f86b427f798a1c9"
"fiaeq2nveleq.for",21,253,"FIAEQ2NVELEQ","((BDLIST(J,I), I=1,3), J=1,231)",678,"'IV6'","character",,"IV6","38548071d5aa652bb90c7f111f86b427f798a1c9"
"fiaeq2nveleq.for",21,253,"FIAEQ2NVELEQ","((BDLIST(J,I), I=1,3), J=1,231)",679,"'BD998001'","character",,"BD998001","38548071d5aa652bb90c7f111f86b427f798a1c9"
"fiaeq2nveleq.for",21,253,"FIAEQ2NVELEQ","((BDLIST(J,I), I=1,3), J=1,231)",680,"'P16MAC0998'","character",,"P16MAC0998","38548071d5aa652bb90c7f111f86b427f798a1c9"
"fiaeq2nveleq.for",21,253,"FIAEQ2NVELEQ","((BDLIST(J,I), I=1,3), J=1,231)",681,"'SV616'","character",,"SV616","38548071d5aa652bb90c7f111f86b427f798a1c9"
"fiaeq2nveleq.for",21,253,"FIAEQ2NVELEQ","((BDLIST(J,I), I=1,3), J=1,231)",682,"'BD998002'","character",,"BD998002","38548071d5aa652bb90c7f111f86b427f798a1c9"
"fiaeq2nveleq.for",21,253,"FIAEQ2NVELEQ","((BDLIST(J,I), I=1,3), J=1,231)",683,"'P32MAC0998'","character",,"P32MAC0998","38548071d5aa652bb90c7f111f86b427f798a1c9"
"fiaeq2nveleq.for",21,253,"FIAEQ2NVELEQ","((BDLIST(J,I), I=1,3), J=1,231)",684,"'SV632'","character",,"SV632","38548071d5aa652bb90c7f111f86b427f798a1c9"
"fiaeq2nveleq.for",21,253,"FIAEQ2NVELEQ","((BDLIST(J,I), I=1,3), J=1,231)",685,"'BD998003'","character",,"BD998003","38548071d5aa652bb90c7f111f86b427f798a1c9"
"fiaeq2nveleq.for",21,253,"FIAEQ2NVELEQ","((BDLIST(J,I), I=1,3), J=1,231)",686,"'P16MAC0998'","character",,"P16MAC0998","38548071d5aa652bb90c7f111f86b427f798a1c9"
"fiaeq2nveleq.for",21,253,"FIAEQ2NVELEQ","((BDLIST(J,I), I=1,3), J=1,231)",687,"'SV816'","character",,"SV816","38548071d5aa652bb90c7f111f86b427f798a1c9"
"fiaeq2nveleq.for",21,253,"FIAEQ2NVELEQ","((BDLIST(J,I), I=1,3), J=1,231)",688,"'BD998004'","character",,"BD998004","38548071d5aa652bb90c7f111f86b427f798a1c9"
"fiaeq2nveleq.for",21,253,"FIAEQ2NVELEQ","((BDLIST(J,I), I=1,3), J=1,231)",689,"'P16MAC0998'","character",,"P16MAC0998","38548071d5aa652bb90c7f111f86b427f798a1c9"
"fiaeq2nveleq.for",21,253,"FIAEQ2NVELEQ","((BDLIST(J,I), I=1,3), J=1,231)",690,"'IV6'","character",,"IV6","38548071d5aa652bb90c7f111f86b427f798a1c9"
"fiaeq2nveleq.for",21,253,"FIAEQ2NVELEQ","((BDLIST(J,I), I=1,3), J=1,231)",691,"'BD998005'","character",,"BD998005","38548071d5aa652bb90c7f111f86b427f798a1c9"
"fiaeq2nveleq.for",21,253,"FIAEQ2NVELEQ","((BDLIST(J,I), I=1,3), J=1,231)",692,"'P16MAC0998'","character",,"P16MAC0998","38548071d5aa652bb90c7f111f86b427f798a1c9"
"fiaeq2nveleq.for",21,253,"FIAEQ2NVELEQ","((BDLIST(J,I), I=1,3), J=1,231)",693,"'IV8'","character",,"IV8","38548071d5aa652bb90c7f111f86b427f798a1c9"
"fiaeq2nveleq.for",254,617,"FIAEQ2NVELEQ","((CULIST(J,I), I=1,3), J=1,361)",1,"'CU000006'","character",,"CU000006","38548071d5aa652bb90c7f111f86b427f798a1c9"
"fiaeq2nveleq.for",254,617,"FIAEQ2NVELEQ","((CULIST(J,I), I=1,3), J=1,361)",2,"'R02ALN0***'","character",,"R02ALN0***","38548071d5aa652bb90c7f111f86b427f798a1c9"
"fiaeq2nveleq.for",254,617,"FIAEQ2NVELEQ","((CULIST(J,I), I=1,3), J=1,361)",3,"'CVT'","character",,"CVT","38548071d5aa652bb90c7f111f86b427f798a1c9"
"fiaeq2nveleq.for",254,617,"FIAEQ2NVELEQ","((CULIST(J,I), I=1,3), J=1,361)",4,"'CU000007'","character",,"CU000007","38548071d5aa652bb90c7f111f86b427f798a1c9"
"fiaeq2nveleq.for",254,617,"FIAEQ2NVELEQ","((CULIST(J,I), I=1,3), J=1,361)",5,"'R02ALN1***'","character",,"R02ALN1***","38548071d5aa652bb90c7f111f86b427f798a1c9"
"fiaeq2nveleq.for",254,617,"FIAEQ2NVELEQ","((CULIST(J,I), I=1,3), J=1,361)",6,"'CVT'","character",,"CVT","38548071d5aa652bb90c7f111f86b427f798a1c9"
"fiaeq2nveleq.for",254,617,"FIAEQ2NVELEQ","((CULIST(J,I), I=1,3), J=1,361)",7,"'CU000008'","character",,"CU000008","38548071d5aa652bb90c7f111f86b427f798a1c9"
"fiaeq2nveleq.for",254,617,"FIAEQ2NVELEQ","((CULIST(J,I), I=1,3), J=1,361)",8,"'102DVEW***'","character",,"102DVEW***","38548071d5aa652bb90c7f111f86b427f798a1c9"
"fiaeq2nveleq.for",254,617,"FIAEQ2NVELEQ","((CULIST(J,I), I=1,3), J=1,361)",9,"'CV4'","character",,"CV4","38548071d5aa652bb90c7f111f86b427f798a1c9"
"fiaeq2nveleq.for",254,617,"FIAEQ2NVELEQ","((CULIST(J,I), I=1,3), J=1,361)",10,"'CU000009'","character",,"CU000009","38548071d5aa652bb90c7f111f86b427f798a1c9"
"fiaeq2nveleq.for",254,617,"FIAEQ2NVELEQ","((CULIST(J,I), I=1,3), J=1,361)",11,"'101DVEW***'","character",,"101DVEW***","38548071d5aa652bb90c7f111f86b427f798a1c9"
"fiaeq2nveleq.for",254,617,"FIAEQ2NVELEQ","((CULIST(J,I), I=1,3), J=1,361)",12,"'CVT'","character",,"CVT","38548071d5aa652bb90c7f111f86b427f798a1c9"
"fiaeq2nveleq.for",254,617,"FIAEQ2NVELEQ","((CULIST(J,I), I=1,3), J=1,361)",13,"'CU000010'","character",,"CU000010","38548071d5aa652bb90c7f111f86b427f798a1c9"
"fiaeq2nveleq.for",254,617,"FIAEQ2NVELEQ","((CULIST(J,I), I=1,3), J=1,361)",14,"'101DVEW***'","character",,"101DVEW***","38548071d5aa652bb90c7f111f86b427f798a1c9"
"fiaeq2nveleq.for",254,617,"FIAEQ2NVELEQ","((CULIST(J,I), I=1,3), J=1,361)",15,"'CV*'","character",,"CV*","38548071d5aa652bb90c7f111f86b427f798a1c9"
"fiaeq2nveleq.for",254,617,"FIAEQ2NVELEQ","((CULIST(J,I), I=1,3), J=1,361)",16,"'CU000011'","character",,"CU000011","38548071d5aa652bb90c7f111f86b427f798a1c9"
"fiaeq2nveleq.for",254,617,"FIAEQ2NVELEQ","((CULIST(J,I), I=1,3), J=1,361)",17,"'P02WEN0***'","character",,"P02WEN0***","38548071d5aa652bb90c7f111f86b427f798a1c9"
"fiaeq2nveleq.for",254,617,"FIAEQ2NVELEQ","((CULIST(J,I), I=1,3), J=1,361)",18,"'CVT'","character",,"CVT","38548071d5aa652bb90c7f111f86b427f798a1c9"
"fiaeq2nveleq.for",254,617,"FIAEQ2NVELEQ","((CULIST(J,I), I=1,3), J=1,361)",19,"'CU000012'","character",,"CU000012","38548071d5aa652bb90c7f111f86b427f798a1c9"
"fiaeq2nveleq.for",254,617,"FIAEQ2NVELEQ","((CULIST(J,I), I=1,3), J=1,361)",20,"'P02WEN0***'","character",,"P02WEN0***","38548071d5aa652bb90c7f111f86b427f798a1c9"
"fiaeq2nveleq.for",254,617,"FIAEQ2NVELEQ","((CULIST(J,I), I=1,3), J=1,361)",21,"'CV4'","character",,"CV4","38548071d5aa652bb90c7f111f86b427f798a1c9"
"fiaeq2nveleq.for",254,617,"FIAEQ2NVELEQ","((CULIST(J,I), I=1,3), J=1,361)",22,"'CU000013'","character",,"CU000013","38548071d5aa652bb90c7f111f86b427f798a1c9"
"fiaeq2nveleq.for",254,617,"FIAEQ2NVELEQ","((CULIST(J,I), I=1,3), J=1,361)",23,"'P02WEN0***'","character",,"P02WEN0***","38548071d5aa652bb90c7f111f86b427f798a1c9"
"fiaeq2nveleq.for",254,617,"FIAEQ2NVELEQ","((CULIST(J,I), I=1,3), J=1,361)",24,"'CV4'","character",,"CV4","38548071d5aa652bb90c7f111f86b427f798a1c9"
"fiaeq2nveleq.for",254,617,"FIAEQ2NVELEQ","((CULIST(J,I), I=1,3), J=1,361)",25,"'CU000014'","character",,"CU000014","38548071d5aa652bb90c7f111f86b427f798a1c9"
"fiaeq2nveleq.for",254,617,"FIAEQ2NVELEQ","((CULIST(J,I), I=1,3), J=1,361)",26,"'R01FAU0***'","character",,"R01FAU0***","38548071d5aa652bb90c7f111f86b427f798a1c9"
"fiaeq2nveleq.for",254,617,"FIAEQ2NVELEQ","((CULIST(J,I), I=1,3), J=1,361)",27,"'CVTS'","character",,"CVTS","38548071d5aa652bb90c7f111f86b427f798a1c9"
"fiaeq2nveleq.for",254,617,"FIAEQ2NVELEQ","((CULIST(J,I), I=1,3), J=1,361)",28,"'CU000015'","character",,"CU000015","38548071d5aa652bb90c7f111f86b427f798a1c9"
"fiaeq2nveleq.for",254,617,"FIAEQ2NVELEQ","((CULIST(J,I), I=1,3), J=1,361)",29,"'R01FAU0***'","character",,"R01FAU0***","38548071d5aa652bb90c7f111f86b427f798a1c9"
"fiaeq2nveleq.for",254,617,"FIAEQ2NVELEQ","((CULIST(J,I), I=1,3), J=1,361)",30,"'TIP2'","character",,"TIP2","38548071d5aa652bb90c7f111f86b427f798a1c9"
"fiaeq2nveleq.for",254,617,"FIAEQ2NVELEQ","((CULIST(J,I), I=1,3), J=1,361)",31,"'CU000016'","character",,"CU000016","38548071d5aa652bb90c7f111f86b427f798a1c9"
"fiaeq2nveleq.for",254,617,"FIAEQ2NVELEQ","((CULIST(J,I), I=1,3), J=1,361)",32,"'R01FAU0***'","character",,"R01FAU0***","38548071d5aa652bb90c7f111f86b427f798a1c9"
"fiaeq2nveleq.for",254,617,"FIAEQ2NVELEQ","((CULIST(J,I), I=1,3), J=1,361)",33,"'TIP3'","character",,"TIP3","38548071d5aa652bb90c7f111f86b427f798a1c9"
"fiaeq2nveleq.for",254,617,"FIAEQ2NVELEQ","((CULIST(J,I), I=1,3), J=1,361)",34,"'CU000017'","character",,"CU000017","38548071d5aa652bb90c7f111f86b427f798a1c9"
"fiaeq2nveleq.for",254,617,"FIAEQ2NVELEQ","((CULIST(J,I), I=1,3), J=1,361)",35,"'R01FAU0***'","character",,"R01FAU0***","38548071d5aa652bb90c7f111f86b427f798a1c9"
"fiaeq2nveleq.for",254,617,"FIAEQ2NVELEQ","((CULIST(J,I), I=1,3), J=1,361)",36,"'TIP4'","character",,"TIP4","38548071d5aa652bb90c7f111f86b427f798a1c9"
"fiaeq2nveleq.for",254,617,"FIAEQ2NVELEQ","((CULIST(J,I), I=1,3), J=1,361)",37,"'CU000018'","character",,"CU000018","38548071d5aa652bb90c7f111f86b427f798a1c9"
"fiaeq2nveleq.for",254,617,"FIAEQ2NVELEQ","((CULIST(J,I), I=1,3), J=1,361)",38,"'R01FAU0***'","character",,"R01FAU0***","38548071d5aa652bb90c7f111f86b427f798a1c9"
"fiaeq2nveleq.for",254,617,"FIAEQ2NVELEQ","((CULIST(J,I), I=1,3), J=1,361)",39,"'TIP5'","character",,"TIP5","38548071d5aa652bb90c7f111f86b427f798a1c9"
"fiaeq2nveleq.for",254,617,"FIAEQ2NVELEQ","((CULIST(J,I), I=1,3), J=1,361)",40,"'CU000019'","character",,"CU000019","38548071d5aa652bb90c7f111f86b427f798a1c9"
"fiaeq2nveleq.for",254,617,"FIAEQ2NVELEQ","((CULIST(J,I), I=1,3), J=1,361)",41,"'R01FAU0***'","character",,"R01FAU0***","38548071d5aa652bb90c7f111f86b427f798a1c9"
"fiaeq2nveleq.for",254,617,"FIAEQ2NVELEQ","((CULIST(J,I), I=1,3), J=1,361)",42,"'TIP6'","character",,"TIP6","38548071d5aa652bb90c7f111f86b427f798a1c9"
"fiaeq2nveleq.for",254,617,"FIAEQ2NVELEQ","((CULIST(J,I), I=1,3), J=1,361)",43,"'CU000020'","character",,"CU000020","38548071d5aa652bb90c7f111f86b427f798a1c9"
"fiaeq2nveleq.for",254,617,"FIAEQ2NVELEQ","((CULIST(J,I), I=1,3), J=1,361)",44,"'R01FAU0***'","character",,"R01FAU0***","38548071d5aa652bb90c7f111f86b427f798a1c9"
"fiaeq2nveleq.for",254,617,"FIAEQ2NVELEQ","((CULIST(J,I), I=1,3), J=1,361)",45,"'TIP7'","character",,"TIP7","38548071d5aa652bb90c7f111f86b427f798a1c9"
"fiaeq2nveleq.for",254,617,"FIAEQ2NVELEQ","((CULIST(J,I), I=1,3), J=1,361)",46,"'CU000021'","character",,"CU000021","38548071d5aa652bb90c7f111f86b427f798a1c9"
"fiaeq2nveleq.for",254,617,"FIAEQ2NVELEQ","((CULIST(J,I), I=1,3), J=1,361)",47,"'R01FAU0***'","character",,"R01FAU0***","38548071d5aa652bb90c7f111f86b427f798a1c9"
"fiaeq2nveleq.for",254,617,"FIAEQ2NVELEQ","((CULIST(J,I), I=1,3), J=1,361)",48,"'TIP8'","character",,"TIP8","38548071d5aa652bb90c7f111f86b427f798a1c9"
"fiaeq2nveleq.for",254,617,"FIAEQ2NVELEQ","((CULIST(J,I), I=1,3), J=1,361)",49,"'CU000022'","character",,"CU000022","38548071d5aa652bb90c7f111f86b427f798a1c9"
"fiaeq2nveleq.for",254,617,"FIAEQ2NVELEQ","((CULIST(J,I), I=1,3), J=1,361)",50,"'900DVEE***'","character",,"900DVEE***","38548071d5aa652bb90c7f111f86b427f798a1c9"
"fiaeq2nveleq.for",254,617,"FIAEQ2NVELEQ","((CULIST(J,I), I=1,3), J=1,361)",51,"'CVTS'","character",,"CVTS","38548071d5aa652bb90c7f111f86b427f798a1c9"
"fiaeq2nveleq.for",254,617,"FIAEQ2NVELEQ","((CULIST(J,I), I=1,3), J=1,361)",52,"'CU000023'","character",,"CU000023","38548071d5aa652bb90c7f111f86b427f798a1c9"
"fiaeq2nveleq.for",254,617,"FIAEQ2NVELEQ","((CULIST(J,I), I=1,3), J=1,361)",53,"'P02HOR0***'","character",,"P02HOR0***","38548071d5aa652bb90c7f111f86b427f798a1c9"
"fiaeq2nveleq.for",254,617,"FIAEQ2NVELEQ","((CULIST(J,I), I=1,3), J=1,361)",54,"'CV4'","character",,"CV4","38548071d5aa652bb90c7f111f86b427f798a1c9"
"fiaeq2nveleq.for",254,617,"FIAEQ2NVELEQ","((CULIST(J,I), I=1,3), J=1,361)",55,"'CU000024'","character",,"CU000024","38548071d5aa652bb90c7f111f86b427f798a1c9"
"fiaeq2nveleq.for",254,617,"FIAEQ2NVELEQ","((CULIST(J,I), I=1,3), J=1,361)",56,"'500DVEW***'","character",,"500DVEW***","38548071d5aa652bb90c7f111f86b427f798a1c9"
"fiaeq2nveleq.for",254,617,"FIAEQ2NVELEQ","((CULIST(J,I), I=1,3), J=1,361)",57,"'CVT'","character",,"CVT","38548071d5aa652bb90c7f111f86b427f798a1c9"
"fiaeq2nveleq.for",254,617,"FIAEQ2NVELEQ","((CULIST(J,I), I=1,3), J=1,361)",58,"'CU000025'","character",,"CU000025","38548071d5aa652bb90c7f111f86b427f798a1c9"
"fiaeq2nveleq.for",254,617,"FIAEQ2NVELEQ","((CULIST(J,I), I=1,3), J=1,361)",59,"'500DVEW***'","character",,"500DVEW***","38548071d5aa652bb90c7f111f86b427f798a1c9"
"fiaeq2nveleq.for",254,617,"FIAEQ2NVELEQ","((CULIST(J,I), I=1,3), J=1,361)",60,"'CV4'","character",,"CV4","38548071d5aa652bb90c7f111f86b427f798a1c9"
"fiaeq2nveleq.for",254,617,"FIAEQ2NVELEQ","((CULIST(J,I), I=1,3), J=1,361)",61,"'CU000026'","character",,"CU000026","38548071d5aa652bb90c7f111f86b427f798a1c9"
"fiaeq2nveleq.for",254,617,"FIAEQ2NVELEQ","((CULIST(J,I), I=1,3), J=1,361)",62,"'500DVEW***'","character",,"500DVEW***","38548071d5aa652bb90c7f111f86b427f798a1c9"
"fiaeq2nveleq.for",254,617,"FIAEQ2NVELEQ","((CULIST(J,I), I=1,3), J=1,361)",63,"'CV9'","character",,"CV9","38548071d5aa652bb90c7f111f86b427f798a1c9"
"fiaeq2nveleq.for",254,617,"FIAEQ2NVELEQ","((CULIST(J,I), I=1,3), J=1,361)",64,"'CU000028'","character",,"CU000028","38548071d5aa652bb90c7f111f86b427f798a1c9"
"fiaeq2nveleq.for",254,617,"FIAEQ2NVELEQ","((CULIST(J,I), I=1,3), J=1,361)",65,"'P02WEN1***'","character",,"P02WEN1***","38548071d5aa652bb90c7f111f86b427f798a1c9"
"fiaeq2nveleq.for",254,617,"FIAEQ2NVELEQ","((CULIST(J,I), I=1,3), J=1,361)",66,"'CV5'","character",,"CV5","38548071d5aa652bb90c7f111f86b427f798a1c9"
"fiaeq2nveleq.for",254,617,"FIAEQ2NVELEQ","((CULIST(J,I), I=1,3), J=1,361)",67,"'CU000029'","character",,"CU000029","38548071d5aa652bb90c7f111f86b427f798a1c9"
"fiaeq2nveleq.for",254,617,"FIAEQ2NVELEQ","((CULIST(J,I), I=1,3), J=1,361)",68,"'P02WEN1***'","character",,"P02WEN1***","38548071d5aa652bb90c7f111f86b427f798a1c9"
"fiaeq2nveleq.for",254,617,"FIAEQ2NVELEQ","((CULIST(J,I), I=1,3), J=1,361)",69,"'CV6'","character",,"CV6","38548071d5aa652bb90c7f111f86b427f798a1c9"
"fiaeq2nveleq.for",254,617,"FIAEQ2NVELEQ","((CULIST(J,I), I=1,3), J=1,361)",70,"'CU000030'","character",,"CU000030","38548071d5aa652bb90c7f111f86b427f798a1c9"
"fiaeq2nveleq.for",254,617,"FIAEQ2NVELEQ","((CULIST(J,I), I=1,3), J=1,361)",71,"'P02WEN1***'","character",,"P02WEN1***","38548071d5aa652bb90c7f111f86b427f798a1c9"
"fiaeq2nveleq.for",254,617,"FIAEQ2NVELEQ","((CULIST(J,I), I=1,3), J=1,361)",72,"'CV7'","character",,"CV7","38548071d5aa652bb90c7f111f86b427f798a1c9"
"fiaeq2nveleq.for",254,617,"FIAEQ2NVELEQ","((CULIST(J,I), I=1,3), J=1,361)",73,"'CU000031'","character",,"CU000031","38548071d5aa652bb90c7f111f86b427f798a1c9"
"fiaeq2nveleq.for",254,617,"FIAEQ2NVELEQ","((CULIST(J,I), I=1,3), J=1,361)",74,"'P02WEN1***'","character",,"P02WEN1***","38548071d5aa652bb90c7f111f86b427f798a1c9"
"fiaeq2nveleq.for",254,617,"FIAEQ2NVELEQ","((CULIST(J,I), I=1,3), J=1,361)",75,"'CV8'","character",,"CV8","38548071d5aa652bb90c7f111f86b427f798a1c9"
"fiaeq2nveleq.for",254,617,"FIAEQ2NVELEQ","((CULIST(J,I), I=1,3), J=1,361)",76,"'CU000032'","character",,"CU000032","38548071d5aa652bb90c7f111f86b427f798a1c9"
"fiaeq2nveleq.for",254,617,"FIAEQ2NVELEQ","((CULIST(J,I), I=1,3), J=1,361)",77,"'P02WEN1***'","character",,"P02WEN1***","38548071d5aa652bb90c7f111f86b427f798a1c9"
"fiaeq2nveleq.for",254,617,"FIAEQ2NVELEQ","((CULIST(J,I), I=1,3), J=1,361)",78,"'CV5'","character",,"CV5","38548071d5aa652bb90c7f111f86b427f798a1c9"
"fiaeq2nveleq.for",254,617,"FIAEQ2NVELEQ","((CULIST(J,I), I=1,3), J=1,361)",79,"'CU000033'","character",,"CU000033","38548071d5aa652bb90c7f111f86b427f798a1c9"
"fiaeq2nveleq.for",254,617,"FIAEQ2NVELEQ","((CULIST(J,I), I=1,3), J=1,361)",80,"'P02WEN1***'","character",,"P02WEN1***","38548071d5aa652bb90c7f111f86b427f798a1c9"
"fiaeq2nveleq.for",254,617,"FIAEQ2NVELEQ","((CULIST(J,I), I=1,3), J=1,361)",81,"'CV6'","character",,"CV6","38548071d5aa652bb90c7f111f86b427f798a1c9"
"fiaeq2nveleq.for",254,617,"FIAEQ2NVELEQ","((CULIST(J,I), I=1,3), J=1,361)",82,"'CU000034'","character",,"CU000034","38548071d5aa652bb90c7f111f86b427f798a1c9"
"fiaeq2nveleq.for",254,617,"FIAEQ2NVELEQ","((CULIST(J,I), I=1,3), J=1,361)",83,"'P02WEN1***'","character",,"P02WEN1***","38548071d5aa652bb90c7f111f86b427f798a1c9"
"fiaeq2nveleq.for",254,617,"FIAEQ2NVELEQ","((CULIST(J,I), I=1,3), J=1,361)",84,"'CV7'","character",,"CV7","38548071d5aa652bb90c7f111f86b427f798a1c9"
"fiaeq2nveleq.for",254,617,"FIAEQ2NVELEQ","((CULIST(J,I), I=1,3), J=1,361)",85,"'CU000035'","character",,"CU000035","38548071d5aa652bb90c7f111f86b427f798a1c9"
"fiaeq2nveleq.for",254,617,"FIAEQ2NVELEQ","((CULIST(J,I), I=1,3), J=1,361)",86,"'P02WEN1***'","character",,"P02WEN1***","38548071d5aa652bb90c7f111f86b427f798a1c9"
"fiaeq2nveleq.for",254,617,"FIAEQ2NVELEQ","((CULIST(J,I), I=1,3), J=1,361)",87,"'CV8'","character",,"CV8","38548071d5aa652bb90c7f111f86b427f798a1c9"
"fiaeq2nveleq.for",254,617,"FIAEQ2NVELEQ","((CULIST(J,I), I=1,3), J=1,361)",88,"'CU000036'","character",,"CU000036","38548071d5aa652bb90c7f111f86b427f798a1c9"
"fiaeq2nveleq.for",254,617,"FIAEQ2NVELEQ","((CULIST(J,I), I=1,3), J=1,361)",89,"'N02BAR0***'","character",,"N02BAR0***","38548071d5aa652bb90c7f111f86b427f798a1c9"
"fiaeq2nveleq.for",254,617,"FIAEQ2NVELEQ","((CULIST(J,I), I=1,3), J=1,361)",90,"'CV4'","character",,"CV4","38548071d5aa652bb90c7f111f86b427f798a1c9"
"fiaeq2nveleq.for",254,617,"FIAEQ2NVELEQ","((CULIST(J,I), I=1,3), J=1,361)",91,"'CU000037'","character",,"CU000037","38548071d5aa652bb90c7f111f86b427f798a1c9"
"fiaeq2nveleq.for",254,617,"FIAEQ2NVELEQ","((CULIST(J,I), I=1,3), J=1,361)",92,"'P02BIG0***'","character",,"P02BIG0***","38548071d5aa652bb90c7f111f86b427f798a1c9"
"fiaeq2nveleq.for",254,617,"FIAEQ2NVELEQ","((CULIST(J,I), I=1,3), J=1,361)",93,"'CV4'","character",,"CV4","38548071d5aa652bb90c7f111f86b427f798a1c9"
"fiaeq2nveleq.for",254,617,"FIAEQ2NVELEQ","((CULIST(J,I), I=1,3), J=1,361)",94,"'CU000038'","character",,"CU000038","38548071d5aa652bb90c7f111f86b427f798a1c9"
"fiaeq2nveleq.for",254,617,"FIAEQ2NVELEQ","((CULIST(J,I), I=1,3), J=1,361)",95,"'P02BIG0***'","character",,"P02BIG0***","38548071d5aa652bb90c7f111f86b427f798a1c9"
"fiaeq2nveleq.for",254,617,"FIAEQ2NVELEQ","((CULIST(J,I), I=1,3), J=1,361)",96,"'CV6'","character",,"CV6","38548071d5aa652bb90c7f111f86b427f798a1c9"
"fiaeq2nveleq.for",254,617,"FIAEQ2NVELEQ","((CULIST(J,I), I=1,3), J=1,361)",97,"'CU000039'","character",,"CU000039","38548071d5aa652bb90c7f111f86b427f798a1c9"
"fiaeq2nveleq.for",254,617,"FIAEQ2NVELEQ","((CULIST(J,I), I=1,3), J=1,361)",98,"'N00GRE0***'","character",,"N00GRE0***","38548071d5aa652bb90c7f111f86b427f798a1c9"
"fiaeq2nveleq.for",254,617,"FIAEQ2NVELEQ","((CULIST(J,I), I=1,3), J=1,361)",99,"'CVT'","character",,"CVT","38548071d5aa652bb90c7f111f86b427f798a1c9"
"fiaeq2nveleq.for",254,617,"FIAEQ2NVELEQ","((CULIST(J,I), I=1,3), J=1,361)",100,"'CU000040'","character",,"CU000040","38548071d5aa652bb90c7f111f86b427f798a1c9"
"fiaeq2nveleq.for",254,617,"FIAEQ2NVELEQ","((CULIST(J,I), I=1,3), J=1,361)",101,"'R00MOI1***'","character",,"R00MOI1***","38548071d5aa652bb90c7f111f86b427f798a1c9"
"fiaeq2nveleq.for",254,617,"FIAEQ2NVELEQ","((CULIST(J,I), I=1,3), J=1,361)",102,"'CVT'","character",,"CVT","38548071d5aa652bb90c7f111f86b427f798a1c9"
"fiaeq2nveleq.for",254,617,"FIAEQ2NVELEQ","((CULIST(J,I), I=1,3), J=1,361)",103,"'CU000043'","character",,"CU000043","38548071d5aa652bb90c7f111f86b427f798a1c9"
"fiaeq2nveleq.for",254,617,"FIAEQ2NVELEQ","((CULIST(J,I), I=1,3), J=1,361)",104,"'891CLKO***'","character",,"891CLKO***","38548071d5aa652bb90c7f111f86b427f798a1c9"
"fiaeq2nveleq.for",254,617,"FIAEQ2NVELEQ","((CULIST(J,I), I=1,3), J=1,361)",105,"'CV*'","character",,"CV*","38548071d5aa652bb90c7f111f86b427f798a1c9"
"fiaeq2nveleq.for",254,617,"FIAEQ2NVELEQ","((CULIST(J,I), I=1,3), J=1,361)",106,"'CU000044'","character",,"CU000044","38548071d5aa652bb90c7f111f86b427f798a1c9"
"fiaeq2nveleq.for",254,617,"FIAEQ2NVELEQ","((CULIST(J,I), I=1,3), J=1,361)",107,"'891CLKE***'","character",,"891CLKE***","38548071d5aa652bb90c7f111f86b427f798a1c9"
"fiaeq2nveleq.for",254,617,"FIAEQ2NVELEQ","((CULIST(J,I), I=1,3), J=1,361)",108,"'CV*'","character",,"CV*","38548071d5aa652bb90c7f111f86b427f798a1c9"
"fiaeq2nveleq.for",254,617,"FIAEQ2NVELEQ","((CULIST(J,I), I=1,3), J=1,361)",109,"'CU000045'","character",,"CU000045","38548071d5aa652bb90c7f111f86b427f798a1c9"
"fiaeq2nveleq.for",254,617,"FIAEQ2NVELEQ","((CULIST(J,I), I=1,3), J=1,361)",110,"'8**DVEE***'","character",,"8**DVEE***","38548071d5aa652bb90c7f111f86b427f798a1c9"
"fiaeq2nveleq.for",254,617,"FIAEQ2NVELEQ","((CULIST(J,I), I=1,3), J=1,361)",111,"'CV7/9'","character",,"CV7/9","38548071d5aa652bb90c7f111f86b427f798a1c9"
"fiaeq2nveleq.for",254,617,"FIAEQ2NVELEQ","((CULIST(J,I), I=1,3), J=1,361)",112,"'CU000046'","character",,"CU000046","38548071d5aa652bb90c7f111f86b427f798a1c9"
"fiaeq2nveleq.for",254,617,"FIAEQ2NVELEQ","((CULIST(J,I), I=1,3), J=1,361)",113,"'8**DVEE***'","character",,"8**DVEE***","38548071d5aa652bb90c7f111f86b427f798a1c9"
"fiaeq2nveleq.for",254,617,"FIAEQ2NVELEQ","((CULIST(J,I), I=1,3), J=1,361)",114,"'CV4'","character",,"CV4","38548071d5aa652bb90c7f111f86b427f798a1c9"
"fiaeq2nveleq.for",254,617,"FIAEQ2NVELEQ","((CULIST(J,I), I=1,3), J=1,361)",115,"'CU000047'","character",,"CU000047","38548071d5aa652bb90c7f111f86b427f798a1c9"
"fiaeq2nveleq.for",254,617,"FIAEQ2NVELEQ","((CULIST(J,I), I=1,3), J=1,361)",116,"'911DVEE***'","character",,"911DVEE***","38548071d5aa652bb90c7f111f86b427f798a1c9"
"fiaeq2nveleq.for",254,617,"FIAEQ2NVELEQ","((CULIST(J,I), I=1,3), J=1,361)",117,"'CV4'","character",,"CV4","38548071d5aa652bb90c7f111f86b427f798a1c9"
"fiaeq2nveleq.for",254,617,"FIAEQ2NVELEQ","((CULIST(J,I), I=1,3), J=1,361)",118,"'CU000048'","character",,"CU000048","38548071d5aa652bb90c7f111f86b427f798a1c9"
"fiaeq2nveleq.for",254,617,"FIAEQ2NVELEQ","((CULIST(J,I), I=1,3), J=1,361)",119,"'912DVEE***'","character",,"912DVEE***","38548071d5aa652bb90c7f111f86b427f798a1c9"
"fiaeq2nveleq.for",254,617,"FIAEQ2NVELEQ","((CULIST(J,I), I=1,3), J=1,361)",120,"'CV7/9'","character",,"CV7/9","38548071d5aa652bb90c7f111f86b427f798a1c9"
"fiaeq2nveleq.for",254,617,"FIAEQ2NVELEQ","((CULIST(J,I), I=1,3), J=1,361)",121,"'CU000049'","character",,"CU000049","38548071d5aa652bb90c7f111f86b427f798a1c9"
"fiaeq2nveleq.for",254,617,"FIAEQ2NVELEQ","((CULIST(J,I), I=1,3), J=1,361)",122,"'500DVEW***'","character",,"500DVEW***","38548071d5aa652bb90c7f111f86b427f798a1c9"
"fiaeq2nveleq.for",254,617,"FIAEQ2NVELEQ","((CULIST(J,I), I=1,3), J=1,361)",123,"'CV*'","character",,"CV*","38548071d5aa652bb90c7f111f86b427f798a1c9"
"fiaeq2nveleq.for",254,617,"FIAEQ2NVELEQ","((CULIST(J,I), I=1,3), J=1,361)",124,"'CU000050'","character",,"CU000050","38548071d5aa652bb90c7f111f86b427f798a1c9"
"fiaeq2nveleq.for",254,617,"FIAEQ2NVELEQ","((CULIST(J,I), I=1,3), J=1,361)",125,"'H00SN2W***'","character",,"H00SN2W***","38548071d5aa652bb90c7f111f86b427f798a1c9"
"fiaeq2nveleq.for",254,617,"FIAEQ2NVELEQ","((CULIST(J,I), I=1,3), J=1,361)",126,"'CVT'","character",,"CVT","38548071d5aa652bb90c7f111f86b427f798a1c9"
"fiaeq2nveleq.for",254,617,"FIAEQ2NVELEQ","((CULIST(J,I), I=1,3), J=1,361)",127,"'CU000051'","character",,"CU000051","38548071d5aa652bb90c7f111f86b427f798a1c9"
"fiaeq2nveleq.for",254,617,"FIAEQ2NVELEQ","((CULIST(J,I), I=1,3), J=1,361)",128,"'H00SN2W***'","character",,"H00SN2W***","38548071d5aa652bb90c7f111f86b427f798a1c9"
"fiaeq2nveleq.for",254,617,"FIAEQ2NVELEQ","((CULIST(J,I), I=1,3), J=1,361)",129,"'CV4'","character",,"CV4","38548071d5aa652bb90c7f111f86b427f798a1c9"
"fiaeq2nveleq.for",254,617,"FIAEQ2NVELEQ","((CULIST(J,I), I=1,3), J=1,361)",130,"'CU000052'","character",,"CU000052","38548071d5aa652bb90c7f111f86b427f798a1c9"
"fiaeq2nveleq.for",254,617,"FIAEQ2NVELEQ","((CULIST(J,I), I=1,3), J=1,361)",131,"'N02SCT0***'","character",,"N02SCT0***","38548071d5aa652bb90c7f111f86b427f798a1c9"
"fiaeq2nveleq.for",254,617,"FIAEQ2NVELEQ","((CULIST(J,I), I=1,3), J=1,361)",132,"'CV4'","character",,"CV4","38548071d5aa652bb90c7f111f86b427f798a1c9"
"fiaeq2nveleq.for",254,617,"FIAEQ2NVELEQ","((CULIST(J,I), I=1,3), J=1,361)",133,"'CU000053'","character",,"CU000053","38548071d5aa652bb90c7f111f86b427f798a1c9"
"fiaeq2nveleq.for",254,617,"FIAEQ2NVELEQ","((CULIST(J,I), I=1,3), J=1,361)",134,"'N02SCT0***'","character",,"N02SCT0***","38548071d5aa652bb90c7f111f86b427f798a1c9"
"fiaeq2nveleq.for",254,617,"FIAEQ2NVELEQ","((CULIST(J,I), I=1,3), J=1,361)",135,"'CV7/9'","character",,"CV7/9","38548071d5aa652bb90c7f111f86b427f798a1c9"
"fiaeq2nveleq.for",254,617,"FIAEQ2NVELEQ","((CULIST(J,I), I=1,3), J=1,361)",136,"'CU000054'","character",,"CU000054","38548071d5aa652bb90c7f111f86b427f798a1c9"
"fiaeq2nveleq.for",254,617,"FIAEQ2NVELEQ","((CULIST(J,I), I=1,3), J=1,361)",137,"'N01STN0***'","character",,"N01STN0***","38548071d5aa652bb90c7f111f86b427f798a1c9"
"fiaeq2nveleq.for",254,617,"FIAEQ2NVELEQ","((CULIST(J,I), I=1,3), J=1,361)",138,"'CV*'","character",,"CV*","38548071d5aa652bb90c7f111f86b427f798a1c9"
"fiaeq2nveleq.for",254,617,"FIAEQ2NVELEQ","((CULIST(J,I), I=1,3), J=1,361)",139,"'CU000055'","character",,"CU000055","38548071d5aa652bb90c7f111f86b427f798a1c9"
"fiaeq2nveleq.for",254,617,"FIAEQ2NVELEQ","((CULIST(J,I), I=1,3), J=1,361)",140,"'N01HAH0***'","character",,"N01HAH0***","38548071d5aa652bb90c7f111f86b427f798a1c9"
"fiaeq2nveleq.for",254,617,"FIAEQ2NVELEQ","((CULIST(J,I), I=1,3), J=1,361)",141,"'CV4'","character",,"CV4","38548071d5aa652bb90c7f111f86b427f798a1c9"
"fiaeq2nveleq.for",254,617,"FIAEQ2NVELEQ","((CULIST(J,I), I=1,3), J=1,361)",142,"'CU000056'","character",,"CU000056","38548071d5aa652bb90c7f111f86b427f798a1c9"
"fiaeq2nveleq.for",254,617,"FIAEQ2NVELEQ","((CULIST(J,I), I=1,3), J=1,361)",143,"'N01HAH0***'","character",,"N01HAH0***","38548071d5aa652bb90c7f111f86b427f798a1c9"
"fiaeq2nveleq.for",254,617,"FIAEQ2NVELEQ","((CULIST(J,I), I=1,3), J=1,361)",144,"'CV7/9'","character",,"CV7/9","38548071d5aa652bb90c7f111f86b427f798a1c9"
"fiaeq2nveleq.for",254,617,"FIAEQ2NVELEQ","((CULIST(J,I), I=1,3), J=1,361)",145,"'CU000057'","character",,"CU000057","38548071d5aa652bb90c7f111f86b427f798a1c9"
"fiaeq2nveleq.for",254,617,"FIAEQ2NVELEQ","((CULIST(J,I), I=1,3), J=1,361)",146,"'R00MOI0***'","character",,"R00MOI0***","38548071d5aa652bb90c7f111f86b427f798a1c9"
"fiaeq2nveleq.for",254,617,"FIAEQ2NVELEQ","((CULIST(J,I), I=1,3), J=1,361)",147,"'CVT'","character",,"CVT","38548071d5aa652bb90c7f111f86b427f798a1c9"
"fiaeq2nveleq.for",254,617,"FIAEQ2NVELEQ","((CULIST(J,I), I=1,3), J=1,361)",148,"'CU000058'","character",,"CU000058","38548071d5aa652bb90c7f111f86b427f798a1c9"
"fiaeq2nveleq.for",254,617,"FIAEQ2NVELEQ","((CULIST(J,I), I=1,3), J=1,361)",149,"'R00MOI0***'","character",,"R00MOI0***","38548071d5aa652bb90c7f111f86b427f798a1c9"
"fiaeq2nveleq.for",254,617,"FIAEQ2NVELEQ","((CULIST(J,I), I=1,3), J=1,361)",150,"'CV4'","character",,"CV4","38548071d5aa652bb90c7f111f86b427f798a1c9"
"fiaeq2nveleq.for",254,617,"FIAEQ2NVELEQ","((CULIST(J,I), I=1,3), J=1,361)",151,"'CU000059'","character",,"CU000059","38548071d5aa652bb90c7f111f86b427f798a1c9"
"fiaeq2nveleq.for",254,617,"FIAEQ2NVELEQ","((CULIST(J,I), I=1,3), J=1,361)",152,"'R00RMR0***'","character",,"R00RMR0***","38548071d5aa652bb90c7f111f86b427f798a1c9"
"fiaeq2nveleq.for",254,617,"FIAEQ2NVELEQ","((CULIST(J,I), I=1,3), J=1,361)",153,"'CV4'","character",,"CV4","38548071d5aa652bb90c7f111f86b427f798a1c9"
"fiaeq2nveleq.for",254,617,"FIAEQ2NVELEQ","((CULIST(J,I), I=1,3), J=1,361)",154,"'CU000060'","character",,"CU000060","38548071d5aa652bb90c7f111f86b427f798a1c9"
"fiaeq2nveleq.for",254,617,"FIAEQ2NVELEQ","((CULIST(J,I), I=1,3), J=1,361)",155,"'R00RMR0***'","character",,"R00RMR0***","38548071d5aa652bb90c7f111f86b427f798a1c9"
"fiaeq2nveleq.for",254,617,"FIAEQ2NVELEQ","((CULIST(J,I), I=1,3), J=1,361)",156,"'CVT'","character",,"CVT","38548071d5aa652bb90c7f111f86b427f798a1c9"
"fiaeq2nveleq.for",254,617,"FIAEQ2NVELEQ","((CULIST(J,I), I=1,3), J=1,361)",157,"'CU000061'","character",,"CU000061","38548071d5aa652bb90c7f111f86b427f798a1c9"
"fiaeq2nveleq.for",254,617,"FIAEQ2NVELEQ","((CULIST(J,I), I=1,3), J=1,361)",158,"'R00CLE0000'","character",,"R00CLE0000","38548071d5aa652bb90c7f111f86b427f798a1c9"
"fiaeq2nveleq.for",254,617,"FIAEQ2NVELEQ","((CULIST(J,I), I=1,3), J=1,361)",159,"'CVT'","character",,"CVT","38548071d5aa652bb90c7f111f86b427f798a1c9"
"fiaeq2nveleq.for",254,617,"FIAEQ2NVELEQ","((CULIST(J,I), I=1,3), J=1,361)",160,"'CU000062'","character",,"CU000062","38548071d5aa652bb90c7f111f86b427f798a1c9"
"fiaeq2nveleq.for",254,617,"FIAEQ2NVELEQ","((CULIST(J,I), I=1,3), J=1,361)",161,"'R00CLE0001'","character",,"R00CLE0001","38548071d5aa652bb90c7f111f86b427f798a1c9"
"fiaeq2nveleq.for",254,617,"FIAEQ2NVELEQ","((CULIST(J,I), I=1,3), J=1,361)",162,"'CVT'","character",,"CVT","38548071d5aa652bb90c7f111f86b427f798a1c9"
"fiaeq2nveleq.for",254,617,"FIAEQ2NVELEQ","((CULIST(J,I), I=1,3), J=1,361)",163,"'CU000063'","character",,"CU000063","38548071d5aa652bb90c7f111f86b427f798a1c9"
"fiaeq2nveleq.for",254,617,"FIAEQ2NVELEQ","((CULIST(J,I), I=1,3), J=1,361)",164,"'R01CLE0000'","character",,"R01CLE0000","38548071d5aa652bb90c7f111f86b427f798a1c9"
"fiaeq2nveleq.for",254,617,"FIAEQ2NVELEQ","((CULIST(J,I), I=1,3), J=1,361)",165,"'CVT'","character",,"CVT","38548071d5aa652bb90c7f111f86b427f798a1c9"
"fiaeq2nveleq.for",254,617,"FIAEQ2NVELEQ","((CULIST(J,I), I=1,3), J=1,361)",166,"'CU000064'","character",,"CU000064","38548071d5aa652bb90c7f111f86b427f798a1c9"
"fiaeq2nveleq.for",254,617,"FIAEQ2NVELEQ","((CULIST(J,I), I=1,3), J=1,361)",167,"'R01CLE0001'","character",,"R01CLE0001","38548071d5aa652bb90c7f111f86b427f798a1c9"
"fiaeq2nveleq.for",254,617,"FIAEQ2NVELEQ","((CULIST(J,I), I=1,3), J=1,361)",168,"'CVT'","character",,"CVT","38548071d5aa652bb90c7f111f86b427f798a1c9"
"fiaeq2nveleq.for",254,617,"FIAEQ2NVELEQ","((CULIST(J,I), I=1,3), J=1,361)",169,"'CU000065'","character",,"CU000065","38548071d5aa652bb90c7f111f86b427f798a1c9"
"fiaeq2nveleq.for",254,617,"FIAEQ2NVELEQ","((CULIST(J,I), I=1,3), J=1,361)",170,"'R01KEM0***'","character",,"R01KEM0***","38548071d5aa652bb90c7f111f86b427f798a1c9"
"fiaeq2nveleq.for",254,617,"FIAEQ2NVELEQ","((CULIST(J,I), I=1,3), J=1,361)",171,"'CV4'","character",,"CV4","38548071d5aa652bb90c7f111f86b427f798a1c9"
"fiaeq2nveleq.for",254,617,"FIAEQ2NVELEQ","((CULIST(J,I), I=1,3), J=1,361)",172,"'CU000066'","character",,"CU000066","38548071d5aa652bb90c7f111f86b427f798a1c9"
"fiaeq2nveleq.for",254,617,"FIAEQ2NVELEQ","((CULIST(J,I), I=1,3), J=1,361)",173,"'R01KEM0***'","character",,"R01KEM0***","38548071d5aa652bb90c7f111f86b427f798a1c9"
"fiaeq2nveleq.for",254,617,"FIAEQ2NVELEQ","((CULIST(J,I), I=1,3), J=1,361)",174,"'CVT'","character",,"CVT","38548071d5aa652bb90c7f111f86b427f798a1c9"
"fiaeq2nveleq.for",254,617,"FIAEQ2NVELEQ","((CULIST(J,I), I=1,3), J=1,361)",175,"'CU000067'","character",,"CU000067","38548071d5aa652bb90c7f111f86b427f798a1c9"
"fiaeq2nveleq.for",254,617,"FIAEQ2NVELEQ","((CULIST(J,I), I=1,3), J=1,361)",176,"'S00SRS0***'","character",,"S00SRS0***","38548071d5aa652bb90c7f111f86b427f798a1c9"
"fiaeq2nveleq.for",254,617,"FIAEQ2NVELEQ","((CULIST(J,I), I=1,3), J=1,361)",177,"'CV4'","character",,"CV4","38548071d5aa652bb90c7f111f86b427f798a1c9"
"fiaeq2nveleq.for",254,617,"FIAEQ2NVELEQ","((CULIST(J,I), I=1,3), J=1,361)",178,"'CU000068'","character",,"CU000068","38548071d5aa652bb90c7f111f86b427f798a1c9"
"fiaeq2nveleq.for",254,617,"FIAEQ2NVELEQ","((CULIST(J,I), I=1,3), J=1,361)",179,"'S00SRS0***'","character",,"S00SRS0***","38548071d5aa652bb90c7f111f86b427f798a1c9"
"fiaeq2nveleq.for",254,617,"FIAEQ2NVELEQ","((CULIST(J,I), I=1,3), J=1,361)",180,"'CVT'","character",,"CVT","38548071d5aa652bb90c7f111f86b427f798a1c9"
"fiaeq2nveleq.for",254,617,"FIAEQ2NVELEQ","((CULIST(J,I), I=1,3), J=1,361)",181,"'CU000069'","character",,"CU000069","38548071d5aa652bb90c7f111f86b427f798a1c9"
"fiaeq2nveleq.for",254,617,"FIAEQ2NVELEQ","((CULIST(J,I), I=1,3), J=1,361)",182,"'S00SRS0***'","character",,"S00SRS0***","38548071d5aa652bb90c7f111f86b427f798a1c9"
"fiaeq2nveleq.for",254,617,"FIAEQ2NVELEQ","((CULIST(J,I), I=1,3), J=1,361)",183,"'CV7/9'","character",,"CV7/9","38548071d5aa652bb90c7f111f86b427f798a1c9"
"fiaeq2nveleq.for",254,617,"FIAEQ2NVELEQ","((CULIST(J,I), I=1,3), J=1,361)",184,"'CU000070'","character",,"CU000070","38548071d5aa652bb90c7f111f86b427f798a1c9"
"fiaeq2nveleq.for",254,617,"FIAEQ2NVELEQ","((CULIST(J,I), I=1,3), J=1,361)",185,"'P16BRC2***'","character",,"P16BRC2***","38548071d5aa652bb90c7f111f86b427f798a1c9"
"fiaeq2nveleq.for",254,617,"FIAEQ2NVELEQ","((CULIST(J,I), I=1,3), J=1,361)",186,"'CVTS'","character",,"CVTS","38548071d5aa652bb90c7f111f86b427f798a1c9"
"fiaeq2nveleq.for",254,617,"FIAEQ2NVELEQ","((CULIST(J,I), I=1,3), J=1,361)",187,"'CU000071'","character",,"CU000071","38548071d5aa652bb90c7f111f86b427f798a1c9"
"fiaeq2nveleq.for",254,617,"FIAEQ2NVELEQ","((CULIST(J,I), I=1,3), J=1,361)",188,"'P16BRC2***'","character",,"P16BRC2***","38548071d5aa652bb90c7f111f86b427f798a1c9"
"fiaeq2nveleq.for",254,617,"FIAEQ2NVELEQ","((CULIST(J,I), I=1,3), J=1,361)",189,"'CVT'","character",,"CVT","38548071d5aa652bb90c7f111f86b427f798a1c9"
"fiaeq2nveleq.for",254,617,"FIAEQ2NVELEQ","((CULIST(J,I), I=1,3), J=1,361)",190,"'CU000072'","character",,"CU000072","38548071d5aa652bb90c7f111f86b427f798a1c9"
"fiaeq2nveleq.for",254,617,"FIAEQ2NVELEQ","((CULIST(J,I), I=1,3), J=1,361)",191,"'P16BRC2***'","character",,"P16BRC2***","38548071d5aa652bb90c7f111f86b427f798a1c9"
"fiaeq2nveleq.for",254,617,"FIAEQ2NVELEQ","((CULIST(J,I), I=1,3), J=1,361)",192,"'CV4'","character",,"CV4","38548071d5aa652bb90c7f111f86b427f798a1c9"
"fiaeq2nveleq.for",254,617,"FIAEQ2NVELEQ","((CULIST(J,I), I=1,3), J=1,361)",193,"'CU000073'","character",,"CU000073","38548071d5aa652bb90c7f111f86b427f798a1c9"
"fiaeq2nveleq.for",254,617,"FIAEQ2NVELEQ","((CULIST(J,I), I=1,3), J=1,361)",194,"'P16BRC2***'","character",,"P16BRC2***","38548071d5aa652bb90c7f111f86b427f798a1c9"
"fiaeq2nveleq.for",254,617,"FIAEQ2NVELEQ","((CULIST(J,I), I=1,3), J=1,361)",195,"'CV6'","character",,"CV6","38548071d5aa652bb90c7f111f86b427f798a1c9"
"fiaeq2nveleq.for",254,617,"FIAEQ2NVELEQ","((CULIST(J,I), I=1,3), J=1,361)",196,"'CU000074'","character",,"CU000074","38548071d5aa652bb90c7f111f86b427f798a1c9"
"fiaeq2nveleq.for",254,617,"FIAEQ2NVELEQ","((CULIST(J,I), I=1,3), J=1,361)",197,"'P16BRC2***'","character",,"P16BRC2***","38548071d5aa652bb90c7f111f86b427f798a1c9"
"fiaeq2nveleq.for",254,617,"FIAEQ2NVELEQ","((CULIST(J,I), I=1,3), J=1,361)",198,"'CV8'","character",,"CV8","38548071d5aa652bb90c7f111f86b427f798a1c9"
"fiaeq2nveleq.for",254,617,"FIAEQ2NVELEQ","((CULIST(J,I), I=1,3), J=1,361)",199,"'CU000075'","character",,"CU000075","38548071d5aa652bb90c7f111f86b427f798a1c9"
"fiaeq2nveleq.for",254,617,"FIAEQ2NVELEQ","((CULIST(J,I), I=1,3), J=1,361)",200,"'P16BRC1***'","character",,"P16BRC1***","38548071d5aa652bb90c7f111f86b427f798a1c9"
"fiaeq2nveleq.for",254,617,"FIAEQ2NVELEQ","((CULIST(J,I), I=1,3), J=1,361)",201,"'CVTS'","character",,"CVTS","38548071d5aa652bb90c7f111f86b427f798a1c9"
"fiaeq2nveleq.for",254,617,"FIAEQ2NVELEQ","((CULIST(J,I), I=1,3), J=1,361)",202,"'CU000076'","character",,"CU000076","38548071d5aa652bb90c7f111f86b427f798a1c9"
"fiaeq2nveleq.for",254,617,"FIAEQ2NVELEQ","((CULIST(J,I), I=1,3), J=1,361)",203,"'P16BRC1***'","character",,"P16BRC1***","38548071d5aa652bb90c7f111f86b427f798a1c9"
"fiaeq2nveleq.for",254,617,"FIAEQ2NVELEQ","((CULIST(J,I), I=1,3), J=1,361)",204,"'CVT'","character",,"CVT","38548071d5aa652bb90c7f111f86b427f798a1c9"
"fiaeq2nveleq.for",254,617,"FIAEQ2NVELEQ","((CULIST(J,I), I=1,3), J=1,361)",205,"'CU000077'","character",,"CU000077","38548071d5aa652bb90c7f111f86b427f798a1c9"
"fiaeq2nveleq.for",254,617,"FIAEQ2NVELEQ","((CULIST(J,I), I=1,3), J=1,361)",206,"'P16BRC1***'","character",,"P16BRC1***","38548071d5aa652bb90c7f111f86b427f798a1c9"
"fiaeq2nveleq.for",254,617,"FIAEQ2NVELEQ","((CULIST(J,I), I=1,3), J=1,361)",207,"'CV4'","character",,"CV4","38548071d5aa652bb90c7f111f86b427f798a1c9"
"fiaeq2nveleq.for",254,617,"FIAEQ2NVELEQ","((CULIST(J,I), I=1,3), J=1,361)",208,"'CU000078'","character",,"CU000078","38548071d5aa652bb90c7f111f86b427f798a1c9"
"fiaeq2nveleq.for",254,617,"FIAEQ2NVELEQ","((CULIST(J,I), I=1,3), J=1,361)",209,"'P16BRC1***'","character",,"P16BRC1***","38548071d5aa652bb90c7f111f86b427f798a1c9"
"fiaeq2nveleq.for",254,617,"FIAEQ2NVELEQ","((CULIST(J,I), I=1,3), J=1,361)",210,"'CV6'","character",,"CV6","38548071d5aa652bb90c7f111f86b427f798a1c9"
"fiaeq2nveleq.for",254,617,"FIAEQ2NVELEQ","((CULIST(J,I), I=1,3), J=1,361)",211,"'CU000079'","character",,"CU000079","38548071d5aa652bb90c7f111f86b427f798a1c9"
"fiaeq2nveleq.for",254,617,"FIAEQ2NVELEQ","((CULIST(J,I), I=1,3), J=1,361)",212,"'P16BRC1***'","character",,"P16BRC1***","38548071d5aa652bb90c7f111f86b427f798a1c9"
"fiaeq2nveleq.for",254,617,"FIAEQ2NVELEQ","((CULIST(J,I), I=1,3), J=1,361)",213,"'CV8'","character",,"CV8","38548071d5aa652bb90c7f111f86b427f798a1c9"
"fiaeq2nveleq.for",254,617,"FIAEQ2NVELEQ","((CULIST(J,I), I=1,3), J=1,361)",214,"'CU000080'","character",,"CU000080","38548071d5aa652bb90c7f111f86b427f798a1c9"
"fiaeq2nveleq.for",254,617,"FIAEQ2NVELEQ","((CULIST(J,I), I=1,3), J=1,361)",215,"'P16BRI0***'","character",,"P16BRI0***","38548071d5aa652bb90c7f111f86b427f798a1c9"
"fiaeq2nveleq.for",254,617,"FIAEQ2NVELEQ","((CULIST(J,I), I=1,3), J=1,361)",216,"'CVTS'","character",,"CVTS","38548071d5aa652bb90c7f111f86b427f798a1c9"
"fiaeq2nveleq.for",254,617,"FIAEQ2NVELEQ","((CULIST(J,I), I=1,3), J=1,361)",217,"'CU000081'","character",,"CU000081","38548071d5aa652bb90c7f111f86b427f798a1c9"
"fiaeq2nveleq.for",254,617,"FIAEQ2NVELEQ","((CULIST(J,I), I=1,3), J=1,361)",218,"'P16BRI0***'","character",,"P16BRI0***","38548071d5aa652bb90c7f111f86b427f798a1c9"
"fiaeq2nveleq.for",254,617,"FIAEQ2NVELEQ","((CULIST(J,I), I=1,3), J=1,361)",219,"'CVT'","character",,"CVT","38548071d5aa652bb90c7f111f86b427f798a1c9"
"fiaeq2nveleq.for",254,617,"FIAEQ2NVELEQ","((CULIST(J,I), I=1,3), J=1,361)",220,"'CU000082'","character",,"CU000082","38548071d5aa652bb90c7f111f86b427f798a1c9"
"fiaeq2nveleq.for",254,617,"FIAEQ2NVELEQ","((CULIST(J,I), I=1,3), J=1,361)",221,"'P16BRI0***'","character",,"P16BRI0***","38548071d5aa652bb90c7f111f86b427f798a1c9"
"fiaeq2nveleq.for",254,617,"FIAEQ2NVELEQ","((CULIST(J,I), I=1,3), J=1,361)",222,"'CV4'","character",,"CV4","38548071d5aa652bb90c7f111f86b427f798a1c9"
"fiaeq2nveleq.for",254,617,"FIAEQ2NVELEQ","((CULIST(J,I), I=1,3), J=1,361)",223,"'CU000083'","character",,"CU000083","38548071d5aa652bb90c7f111f86b427f798a1c9"
"fiaeq2nveleq.for",254,617,"FIAEQ2NVELEQ","((CULIST(J,I), I=1,3), J=1,361)",224,"'P16BRI0***'","character",,"P16BRI0***","38548071d5aa652bb90c7f111f86b427f798a1c9"
"fiaeq2nveleq.for",254,617,"FIAEQ2NVELEQ","((CULIST(J,I), I=1,3), J=1,361)",225,"'CV6'","character",,"CV6","38548071d5aa652bb90c7f111f86b427f798a1c9"
"fiaeq2nveleq.for",254,617,"FIAEQ2NVELEQ","((CULIST(J,I), I=1,3), J=1,361)",226,"'CU000084'","character",,"CU000084","38548071d5aa652bb90c7f111f86b427f798a1c9"
"fiaeq2nveleq.for",254,617,"FIAEQ2NVELEQ","((CULIST(J,I), I=1,3), J=1,361)",227,"'P16BRI0***'","character",,"P16BRI0***","38548071d5aa652bb90c7f111f86b427f798a1c9"
"fiaeq2nveleq.for",254,617,"FIAEQ2NVELEQ","((CULIST(J,I), I=1,3), J=1,361)",228,"'CV8'","character",,"CV8","38548071d5aa652bb90c7f111f86b427f798a1c9"
"fiaeq2nveleq.for",254,617,"FIAEQ2NVELEQ","((CULIST(J,I), I=1,3), J=1,361)",229,"'CU000085'","character",,"CU000085","38548071d5aa652bb90c7f111f86b427f798a1c9"
"fiaeq2nveleq.for",254,617,"FIAEQ2NVELEQ","((CULIST(J,I), I=1,3), J=1,361)",230,"'P16BRO0***'","character",,"P16BRO0***","38548071d5aa652bb90c7f111f86b427f798a1c9"
"fiaeq2nveleq.for",254,617,"FIAEQ2NVELEQ","((CULIST(J,I), I=1,3), J=1,361)",231,"'CVTS'","character",,"CVTS","38548071d5aa652bb90c7f111f86b427f798a1c9"
"fiaeq2nveleq.for",254,617,"FIAEQ2NVELEQ","((CULIST(J,I), I=1,3), J=1,361)",232,"'CU000086'","character",,"CU000086","38548071d5aa652bb90c7f111f86b427f798a1c9"
"fiaeq2nveleq.for",254,617,"FIAEQ2NVELEQ","((CULIST(J,I), I=1,3), J=1,361)",233,"'P16BRO0***'","character",,"P16BRO0***","38548071d5aa652bb90c7f111f86b427f798a1c9"
"fiaeq2nveleq.for",254,617,"FIAEQ2NVELEQ","((CULIST(J,I), I=1,3), J=1,361)",234,"'CVT'","character",,"CVT","38548071d5aa652bb90c7f111f86b427f798a1c9"
"fiaeq2nveleq.for",254,617,"FIAEQ2NVELEQ","((CULIST(J,I), I=1,3), J=1,361)",235,"'CU000087'","character",,"CU000087","38548071d5aa652bb90c7f111f86b427f798a1c9"
"fiaeq2nveleq.for",254,617,"FIAEQ2NVELEQ","((CULIST(J,I), I=1,3), J=1,361)",236,"'P16BRO0***'","character",,"P16BRO0***","38548071d5aa652bb90c7f111f86b427f798a1c9"
"fiaeq2nveleq.for",254,617,"FIAEQ2NVELEQ","((CULIST(J,I), I=1,3), J=1,361)",237,"'CV4'","character",,"CV4","38548071d5aa652bb90c7f111f86b427f798a1c9"
"fiaeq2nveleq.for",254,617,"FIAEQ2NVELEQ","((CULIST(J,I), I=1,3), J=1,361)",238,"'CU000088'","character",,"CU000088","38548071d5aa652bb90c7f111f86b427f798a1c9"
"fiaeq2nveleq.for",254,617,"FIAEQ2NVELEQ","((CULIST(J,I), I=1,3), J=1,361)",239,"'P16BRO0***'","character",,"P16BRO0***","38548071d5aa652bb90c7f111f86b427f798a1c9"
"fiaeq2nveleq.for",254,617,"FIAEQ2NVELEQ","((CULIST(J,I), I=1,3), J=1,361)",240,"'CV6'","character",,"CV6","38548071d5aa652bb90c7f111f86b427f798a1c9"
"fiaeq2nveleq.for",254,617,"FIAEQ2NVELEQ","((CULIST(J,I), I=1,3), J=1,361)",241,"'CU000089'","character",,"CU000089","38548071d5aa652bb90c7f111f86b427f798a1c9"
"fiaeq2nveleq.for",254,617,"FIAEQ2NVELEQ","((CULIST(J,I), I=1,3), J=1,361)",242,"'P16BRO0***'","character",,"P16BRO0***","38548071d5aa652bb90c7f111f86b427f798a1c9"
"fiaeq2nveleq.for",254,617,"FIAEQ2NVELEQ","((CULIST(J,I), I=1,3), J=1,361)",243,"'CV8'","character",,"CV8","38548071d5aa652bb90c7f111f86b427f798a1c9"
"fiaeq2nveleq.for",254,617,"FIAEQ2NVELEQ","((CULIST(J,I), I=1,3), J=1,361)",244,"'CU000090'","character",,"CU000090","38548071d5aa652bb90c7f111f86b427f798a1c9"
"fiaeq2nveleq.for",254,617,"FIAEQ2NVELEQ","((CULIST(J,I), I=1,3), J=1,361)",245,"'P16SMF0***'","character",,"P16SMF0***","38548071d5aa652bb90c7f111f86b427f798a1c9"
"fiaeq2nveleq.for",254,617,"FIAEQ2NVELEQ","((CULIST(J,I), I=1,3), J=1,361)",246,"'CVTS'","character",,"CVTS","38548071d5aa652bb90c7f111f86b427f798a1c9"
"fiaeq2nveleq.for",254,617,"FIAEQ2NVELEQ","((CULIST(J,I), I=1,3), J=1,361)",247,"'CU000091'","character",,"CU000091","38548071d5aa652bb90c7f111f86b427f798a1c9"
"fiaeq2nveleq.for",254,617,"FIAEQ2NVELEQ","((CULIST(J,I), I=1,3), J=1,361)",248,"'P16SMF0***'","character",,"P16SMF0***","38548071d5aa652bb90c7f111f86b427f798a1c9"
"fiaeq2nveleq.for",254,617,"FIAEQ2NVELEQ","((CULIST(J,I), I=1,3), J=1,361)",249,"'CVT'","character",,"CVT","38548071d5aa652bb90c7f111f86b427f798a1c9"
"fiaeq2nveleq.for",254,617,"FIAEQ2NVELEQ","((CULIST(J,I), I=1,3), J=1,361)",250,"'CU000092'","character",,"CU000092","38548071d5aa652bb90c7f111f86b427f798a1c9"
"fiaeq2nveleq.for",254,617,"FIAEQ2NVELEQ","((CULIST(J,I), I=1,3), J=1,361)",251,"'P16SMF0***'","character",,"P16SMF0***","38548071d5aa652bb90c7f111f86b427f798a1c9"
"fiaeq2nveleq.for",254,617,"FIAEQ2NVELEQ","((CULIST(J,I), I=1,3), J=1,361)",252,"'CV4'","character",,"CV4","38548071d5aa652bb90c7f111f86b427f798a1c9"
"fiaeq2nveleq.for",254,617,"FIAEQ2NVELEQ","((CULIST(J,I), I=1,3), J=1,361)",253,"'CU000093'","character",,"CU000093","38548071d5aa652bb90c7f111f86b427f798a1c9"
"fiaeq2nveleq.for",254,617,"FIAEQ2NVELEQ","((CULIST(J,I), I=1,3), J=1,361)",254,"'P16SMF0***'","character",,"P16SMF0***","38548071d5aa652bb90c7f111f86b427f798a1c9"
"fiaeq2nveleq.for",254,617,"FIAEQ2NVELEQ","((CULIST(J,I), I=1,3), J=1,361)",255,"'CV6'","character",,"CV6","38548071d5aa652bb90c7f111f86b427f798a1c9"
"fiaeq2nveleq.for",254,617,"FIAEQ2NVELEQ","((CULIST(J,I), I=1,3), J=1,361)",256,"'CU000094'","character",,"CU000094","38548071d5aa652bb90c7f111f86b427f798a1c9"
"fiaeq2nveleq.for",254,617,"FIAEQ2NVELEQ","((CULIST(J,I), I=1,3), J=1,361)",257,"'P16SMF0***'","character",,"P16SMF0***","38548071d5aa652bb90c7f111f86b427f798a1c9"
"fiaeq2nveleq.for",254,617,"FIAEQ2NVELEQ","((CULIST(J,I), I=1,3), J=1,361)",258,"'CV8'","character",,"CV8","38548071d5aa652bb90c7f111f86b427f798a1c9"
"fiaeq2nveleq.for",254,617,"FIAEQ2NVELEQ","((CULIST(J,I), I=1,3), J=1,361)",259,"'CU000095'","character",,"CU000095","38548071d5aa652bb90c7f111f86b427f798a1c9"
"fiaeq2nveleq.for",254,617,"FIAEQ2NVELEQ","((CULIST(J,I), I=1,3), J=1,361)",260,"'P16PIL0***'","character",,"P16PIL0***","38548071d5aa652bb90c7f111f86b427f798a1c9"
"fiaeq2nveleq.for",254,617,"FIAEQ2NVELEQ","((CULIST(J,I), I=1,3), J=1,361)",261,"'CVTS'","character",,"CVTS","38548071d5aa652bb90c7f111f86b427f798a1c9"
"fiaeq2nveleq.for",254,617,"FIAEQ2NVELEQ","((CULIST(J,I), I=1,3), J=1,361)",262,"'CU000096'","character",,"CU000096","38548071d5aa652bb90c7f111f86b427f798a1c9"
"fiaeq2nveleq.for",254,617,"FIAEQ2NVELEQ","((CULIST(J,I), I=1,3), J=1,361)",263,"'P16PIL0***'","character",,"P16PIL0***","38548071d5aa652bb90c7f111f86b427f798a1c9"
"fiaeq2nveleq.for",254,617,"FIAEQ2NVELEQ","((CULIST(J,I), I=1,3), J=1,361)",264,"'CVT'","character",,"CVT","38548071d5aa652bb90c7f111f86b427f798a1c9"
"fiaeq2nveleq.for",254,617,"FIAEQ2NVELEQ","((CULIST(J,I), I=1,3), J=1,361)",265,"'CU000097'","character",,"CU000097","38548071d5aa652bb90c7f111f86b427f798a1c9"
"fiaeq2nveleq.for",254,617,"FIAEQ2NVELEQ","((CULIST(J,I), I=1,3), J=1,361)",266,"'P16PIL0***'","character",,"P16PIL0***","38548071d5aa652bb90c7f111f86b427f798a1c9"
"fiaeq2nveleq.for",254,617,"FIAEQ2NVELEQ","((CULIST(J,I), I=1,3), J=1,361)",267,"'CV4'","character",,"CV4","38548071d5aa652bb90c7f111f86b427f798a1c9"
"fiaeq2nveleq.for",254,617,"FIAEQ2NVELEQ","((CULIST(J,I), I=1,3), J=1,361)",268,"'CU000098'","character",,"CU000098","38548071d5aa652bb90c7f111f86b427f798a1c9"
"fiaeq2nveleq.for",254,617,"FIAEQ2NVELEQ","((CULIST(J,I), I=1,3), J=1,361)",269,"'P16PIL0***'","character",,"P16PIL0***","38548071d5aa652bb90c7f111f86b427f798a1c9"
"fiaeq2nveleq.for",254,617,"FIAEQ2NVELEQ","((CULIST(J,I), I=1,3), J=1,361)",270,"'CV6'","character",,"CV6","38548071d5aa652bb90c7f111f86b427f798a1c9"
"fiaeq2nveleq.for",254,617,"FIAEQ2NVELEQ","((CULIST(J,I), I=1,3), J=1,361)",271,"'CU000099'","character",,"CU000099","38548071d5aa652bb90c7f111f86b427f798a1c9"
"fiaeq2nveleq.for",254,617,"FIAEQ2NVELEQ","((CULIST(J,I), I=1,3), J=1,361)",272,"'P16KRU1***'","character",,"P16KRU1***","38548071d5aa652bb90c7f111f86b427f798a1c9"
"fiaeq2nveleq.for",254,617,"FIAEQ2NVELEQ","((CULIST(J,I), I=1,3), J=1,361)",273,"'CVT'","character",,"CVT","38548071d5aa652bb90c7f111f86b427f798a1c9"
"fiaeq2nveleq.for",254,617,"FIAEQ2NVELEQ","((CULIST(J,I), I=1,3), J=1,361)",274,"'CU000100'","character",,"CU000100","38548071d5aa652bb90c7f111f86b427f798a1c9"
"fiaeq2nveleq.for",254,617,"FIAEQ2NVELEQ","((CULIST(J,I), I=1,3), J=1,361)",275,"'P16KRU0***'","character",,"P16KRU0***","38548071d5aa652bb90c7f111f86b427f798a1c9"
"fiaeq2nveleq.for",254,617,"FIAEQ2NVELEQ","((CULIST(J,I), I=1,3), J=1,361)",276,"'CVTS'","character",,"CVTS","38548071d5aa652bb90c7f111f86b427f798a1c9"
"fiaeq2nveleq.for",254,617,"FIAEQ2NVELEQ","((CULIST(J,I), I=1,3), J=1,361)",277,"'CU000101'","character",,"CU000101","38548071d5aa652bb90c7f111f86b427f798a1c9"
"fiaeq2nveleq.for",254,617,"FIAEQ2NVELEQ","((CULIST(J,I), I=1,3), J=1,361)",278,"'P16KRU0***'","character",,"P16KRU0***","38548071d5aa652bb90c7f111f86b427f798a1c9"
"fiaeq2nveleq.for",254,617,"FIAEQ2NVELEQ","((CULIST(J,I), I=1,3), J=1,361)",279,"'CVT'","character",,"CVT","38548071d5aa652bb90c7f111f86b427f798a1c9"
"fiaeq2nveleq.for",254,617,"FIAEQ2NVELEQ","((CULIST(J,I), I=1,3), J=1,361)",280,"'CU000102'","character",,"CU000102","38548071d5aa652bb90c7f111f86b427f798a1c9"
"fiaeq2nveleq.for",254,617,"FIAEQ2NVELEQ","((CULIST(J,I), I=1,3), J=1,361)",281,"'P16KRU0***'","character",,"P16KRU0***","38548071d5aa652bb90c7f111f86b427f798a1c9"
"fiaeq2nveleq.for",254,617,"FIAEQ2NVELEQ","((CULIST(J,I), I=1,3), J=1,361)",282,"'CV4'","character",,"CV4","38548071d5aa652bb90c7f111f86b427f798a1c9"
"fiaeq2nveleq.for",254,617,"FIAEQ2NVELEQ","((CULIST(J,I), I=1,3), J=1,361)",283,"'CU000103'","character",,"CU000103","38548071d5aa652bb90c7f111f86b427f798a1c9"
"fiaeq2nveleq.for",254,617,"FIAEQ2NVELEQ","((CULIST(J,I), I=1,3), J=1,361)",284,"'P16KRU0***'","character",,"P16KRU0***","38548071d5aa652bb90c7f111f86b427f798a1c9"
"fiaeq2nveleq.for",254,617,"FIAEQ2NVELEQ","((CULIST(J,I), I=1,3), J=1,361)",285,"'CV6'","character",,"CV6","38548071d5aa652bb90c7f111f86b427f798a1c9"
"fiaeq2nveleq.for",254,617,"FIAEQ2NVELEQ","((CULIST(J,I), I=1,3), J=1,361)",286,"'CU000104'","character",,"CU000104","38548071d5aa652bb90c7f111f86b427f798a1c9"
"fiaeq2nveleq.for",254,617,"FIAEQ2NVELEQ","((CULIST(J,I), I=1,3), J=1,361)",287,"'P16KRU0***'","character",,"P16KRU0***","38548071d5aa652bb90c7f111f86b427f798a1c9"
"fiaeq2nveleq.for",254,617,"FIAEQ2NVELEQ","((CULIST(J,I), I=1,3), J=1,361)",288,"'CV8'","character",,"CV8","38548071d5aa652bb90c7f111f86b427f798a1c9"
"fiaeq2nveleq.for",254,617,"FIAEQ2NVELEQ","((CULIST(J,I), I=1,3), J=1,361)",289,"'CU000105'","character",,"CU000105","38548071d5aa652bb90c7f111f86b427f798a1c9"
"fiaeq2nveleq.for",254,617,"FIAEQ2NVELEQ","((CULIST(J,I), I=1,3), J=1,361)",290,"'A00DVEW***'","character",,"A00DVEW***","38548071d5aa652bb90c7f111f86b427f798a1c9"
"fiaeq2nveleq.for",254,617,"FIAEQ2NVELEQ","((CULIST(J,I), I=1,3), J=1,361)",291,"'CVT'","character",,"CVT","38548071d5aa652bb90c7f111f86b427f798a1c9"
"fiaeq2nveleq.for",254,617,"FIAEQ2NVELEQ","((CULIST(J,I), I=1,3), J=1,361)",292,"'CU000106'","character",,"CU000106","38548071d5aa652bb90c7f111f86b427f798a1c9"
"fiaeq2nveleq.for",254,617,"FIAEQ2NVELEQ","((CULIST(J,I), I=1,3), J=1,361)",293,"'A00DVEW***'","character",,"A00DVEW***","38548071d5aa652bb90c7f111f86b427f798a1c9"
"fiaeq2nveleq.for",254,617,"FIAEQ2NVELEQ","((CULIST(J,I), I=1,3), J=1,361)",294,"'CV4'","character",,"CV4","38548071d5aa652bb90c7f111f86b427f798a1c9"
"fiaeq2nveleq.for",254,617,"FIAEQ2NVELEQ","((CULIST(J,I), I=1,3), J=1,361)",295,"'CU000107'","character",,"CU000107","38548071d5aa652bb90c7f111f86b427f798a1c9"
"fiaeq2nveleq.for",254,617,"FIAEQ2NVELEQ","((CULIST(J,I), I=1,3), J=1,361)",296,"'P01GRE0***'","character",,"P01GRE0***","38548071d5aa652bb90c7f111f86b427f798a1c9"
"fiaeq2nveleq.for",254,617,"FIAEQ2NVELEQ","((CULIST(J,I), I=1,3), J=1,361)",297,"'CVTS'","character",,"CVTS","38548071d5aa652bb90c7f111f86b427f798a1c9"
"fiaeq2nveleq.for",254,617,"FIAEQ2NVELEQ","((CULIST(J,I), I=1,3), J=1,361)",298,"'CU000108'","character",,"CU000108","38548071d5aa652bb90c7f111f86b427f798a1c9"
"fiaeq2nveleq.for",254,617,"FIAEQ2NVELEQ","((CULIST(J,I), I=1,3), J=1,361)",299,"'P01GRE0***'","character",,"P01GRE0***","38548071d5aa652bb90c7f111f86b427f798a1c9"
"fiaeq2nveleq.for",254,617,"FIAEQ2NVELEQ","((CULIST(J,I), I=1,3), J=1,361)",300,"'CV4'","character",,"CV4","38548071d5aa652bb90c7f111f86b427f798a1c9"
"fiaeq2nveleq.for",254,617,"FIAEQ2NVELEQ","((CULIST(J,I), I=1,3), J=1,361)",301,"'CU000109'","character",,"CU000109","38548071d5aa652bb90c7f111f86b427f798a1c9"
"fiaeq2nveleq.for",254,617,"FIAEQ2NVELEQ","((CULIST(J,I), I=1,3), J=1,361)",302,"'A01DVEW***'","character",,"A01DVEW***","38548071d5aa652bb90c7f111f86b427f798a1c9"
"fiaeq2nveleq.for",254,617,"FIAEQ2NVELEQ","((CULIST(J,I), I=1,3), J=1,361)",303,"'CV4'","character",,"CV4","38548071d5aa652bb90c7f111f86b427f798a1c9"
"fiaeq2nveleq.for",254,617,"FIAEQ2NVELEQ","((CULIST(J,I), I=1,3), J=1,361)",304,"'CU000110'","character",,"CU000110","38548071d5aa652bb90c7f111f86b427f798a1c9"
"fiaeq2nveleq.for",254,617,"FIAEQ2NVELEQ","((CULIST(J,I), I=1,3), J=1,361)",305,"'R01KEM0***'","character",,"R01KEM0***","38548071d5aa652bb90c7f111f86b427f798a1c9"
"fiaeq2nveleq.for",254,617,"FIAEQ2NVELEQ","((CULIST(J,I), I=1,3), J=1,361)",306,"'CV6/8'","character",,"CV6/8","38548071d5aa652bb90c7f111f86b427f798a1c9"
"fiaeq2nveleq.for",254,617,"FIAEQ2NVELEQ","((CULIST(J,I), I=1,3), J=1,361)",307,"'CU000111'","character",,"CU000111","38548071d5aa652bb90c7f111f86b427f798a1c9"
"fiaeq2nveleq.for",254,617,"FIAEQ2NVELEQ","((CULIST(J,I), I=1,3), J=1,361)",308,"'R00RMR0***'","character",,"R00RMR0***","38548071d5aa652bb90c7f111f86b427f798a1c9"
"fiaeq2nveleq.for",254,617,"FIAEQ2NVELEQ","((CULIST(J,I), I=1,3), J=1,361)",309,"'CV6'","character",,"CV6","38548071d5aa652bb90c7f111f86b427f798a1c9"
"fiaeq2nveleq.for",254,617,"FIAEQ2NVELEQ","((CULIST(J,I), I=1,3), J=1,361)",310,"'CU000112'","character",,"CU000112","38548071d5aa652bb90c7f111f86b427f798a1c9"
"fiaeq2nveleq.for",254,617,"FIAEQ2NVELEQ","((CULIST(J,I), I=1,3), J=1,361)",311,"'R00MOI0***'","character",,"R00MOI0***","38548071d5aa652bb90c7f111f86b427f798a1c9"
"fiaeq2nveleq.for",254,617,"FIAEQ2NVELEQ","((CULIST(J,I), I=1,3), J=1,361)",312,"'CV6'","character",,"CV6","38548071d5aa652bb90c7f111f86b427f798a1c9"
"fiaeq2nveleq.for",254,617,"FIAEQ2NVELEQ","((CULIST(J,I), I=1,3), J=1,361)",313,"'CU000113'","character",,"CU000113","38548071d5aa652bb90c7f111f86b427f798a1c9"
"fiaeq2nveleq.for",254,617,"FIAEQ2NVELEQ","((CULIST(J,I), I=1,3), J=1,361)",314,"'P01GRE0***'","character",,"P01GRE0***","38548071d5aa652bb90c7f111f86b427f798a1c9"
"fiaeq2nveleq.for",254,617,"FIAEQ2NVELEQ","((CULIST(J,I), I=1,3), J=1,361)",315,"'CV6'","character",,"CV6","38548071d5aa652bb90c7f111f86b427f798a1c9"
"fiaeq2nveleq.for",254,617,"FIAEQ2NVELEQ","((CULIST(J,I), I=1,3), J=1,361)",316,"'CU000114'","character",,"CU000114","38548071d5aa652bb90c7f111f86b427f798a1c9"
"fiaeq2nveleq.for",254,617,"FIAEQ2NVELEQ","((CULIST(J,I), I=1,3), J=1,361)",317,"'P01GRE0***'","character",,"P01GRE0***","38548071d5aa652bb90c7f111f86b427f798a1c9"
"fiaeq2nveleq.for",254,617,"FIAEQ2NVELEQ","((CULIST(J,I), I=1,3), J=1,361)",318,"'CV8'","character",,"CV8","38548071d5aa652bb90c7f111f86b427f798a1c9"
"fiaeq2nveleq.for",254,617,"FIAEQ2NVELEQ","((CULIST(J,I), I=1,3), J=1,361)",319,"'CU000115'","character",,"CU000115","38548071d5aa652bb90c7f111f86b427f798a1c9"
"fiaeq2nveleq.for",254,617,"FIAEQ2NVELEQ","((CULIST(J,I), I=1,3), J=1,361)",320,"'A16DEMW***'","character",,"A16DEMW***","38548071d5aa652bb90c7f111f86b427f798a1c9"
"fiaeq2nveleq.for",254,617,"FIAEQ2NVELEQ","((CULIST(J,I), I=1,3), J=1,361)",321,"'CVT'","character",,"CVT","38548071d5aa652bb90c7f111f86b427f798a1c9"
"fiaeq2nveleq.for",254,617,"FIAEQ2NVELEQ","((CULIST(J,I), I=1,3), J=1,361)",322,"'CU000116'","character",,"CU000116","38548071d5aa652bb90c7f111f86b427f798a1c9"
"fiaeq2nveleq.for",254,617,"FIAEQ2NVELEQ","((CULIST(J,I), I=1,3), J=1,361)",323,"'P01DEM0***'","character",,"P01DEM0***","38548071d5aa652bb90c7f111f86b427f798a1c9"
"fiaeq2nveleq.for",254,617,"FIAEQ2NVELEQ","((CULIST(J,I), I=1,3), J=1,361)",324,"'CV*'","character",,"CV*","38548071d5aa652bb90c7f111f86b427f798a1c9"
"fiaeq2nveleq.for",254,617,"FIAEQ2NVELEQ","((CULIST(J,I), I=1,3), J=1,361)",325,"'CU000117'","character",,"CU000117","38548071d5aa652bb90c7f111f86b427f798a1c9"
"fiaeq2nveleq.for",254,617,"FIAEQ2NVELEQ","((CULIST(J,I), I=1,3), J=1,361)",326,"'P01EMB0***'","character",,"P01EMB0***","38548071d5aa652bb90c7f111f86b427f798a1c9"
"fiaeq2nveleq.for",254,617,"FIAEQ2NVELEQ","((CULIST(J,I), I=1,3), J=1,361)",327,"'CV4'","character",,"CV4","38548071d5aa652bb90c7f111f86b427f798a1c9"
"fiaeq2nveleq.for",254,617,"FIAEQ2NVELEQ","((CULIST(J,I), I=1,3), J=1,361)",328,"'CU000118'","character",,"CU000118","38548071d5aa652bb90c7f111f86b427f798a1c9"
"fiaeq2nveleq.for",254,617,"FIAEQ2NVELEQ","((CULIST(J,I), I=1,3), J=1,361)",329,"'P01EMB0***'","character",,"P01EMB0***","38548071d5aa652bb90c7f111f86b427f798a1c9"
"fiaeq2nveleq.for",254,617,"FIAEQ2NVELEQ","((CULIST(J,I), I=1,3), J=1,361)",330,"'CV6'","character",,"CV6","38548071d5aa652bb90c7f111f86b427f798a1c9"
"fiaeq2nveleq.for",254,617,"FIAEQ2NVELEQ","((CULIST(J,I), I=1,3), J=1,361)",331,"'CU000119'","character",,"CU000119","38548071d5aa652bb90c7f111f86b427f798a1c9"
"fiaeq2nveleq.for",254,617,"FIAEQ2NVELEQ","((CULIST(J,I), I=1,3), J=1,361)",332,"'P01DEE0***'","character",,"P01DEE0***","38548071d5aa652bb90c7f111f86b427f798a1c9"
"fiaeq2nveleq.for",254,617,"FIAEQ2NVELEQ","((CULIST(J,I), I=1,3), J=1,361)",333,"'CV4'","character",,"CV4","38548071d5aa652bb90c7f111f86b427f798a1c9"
"fiaeq2nveleq.for",254,617,"FIAEQ2NVELEQ","((CULIST(J,I), I=1,3), J=1,361)",334,"'CU000120'","character",,"CU000120","38548071d5aa652bb90c7f111f86b427f798a1c9"
"fiaeq2nveleq.for",254,617,"FIAEQ2NVELEQ","((CULIST(J,I), I=1,3), J=1,361)",335,"'P01DEE0***'","character",,"P01DEE0***","38548071d5aa652bb90c7f111f86b427f798a1c9"
"fiaeq2nveleq.for",254,617,"FIAEQ2NVELEQ","((CULIST(J,I), I=1,3), J=1,361)",336,"'CV6'","character",,"CV6","38548071d5aa652bb90c7f111f86b427f798a1c9"
"fiaeq2nveleq.for",254,617,"FIAEQ2NVELEQ","((CULIST(J,I), I=1,3), J=1,361)",337,"'CU000122'","character",,"CU000122","38548071d5aa652bb90c7f111f86b427f798a1c9"
"fiaeq2nveleq.for",254,617,"FIAEQ2NVELEQ","((CULIST(J,I), I=1,3), J=1,361)",338,"'S99BRA****'","character",,"S99BRA****","38548071d5aa652bb90c7f111f86b427f798a1c9"
"fiaeq2nveleq.for",254,617,"FIAEQ2NVELEQ","((CULIST(J,I), I=1,3), J=1,361)",339,"'CV4'","character",,"CV4","38548071d5aa652bb90c7f111f86b427f798a1c9"
"fiaeq2nveleq.for",254,617,"FIAEQ2NVELEQ","((CULIST(J,I), I=1,3), J=1,361)",340,"'CU000123'","character",,"CU000123","38548071d5aa652bb90c7f111f86b427f798a1c9"
"fiaeq2nveleq.for",254,617,"FIAEQ2NVELEQ","((CULIST(J,I), I=1,3), J=1,361)",341,"'S99BRA****'","character",,"S99BRA****","38548071d5aa652bb90c7f111f86b427f798a1c9"
"fiaeq2nveleq.for",254,617,"FIAEQ2NVELEQ","((CULIST(J,I), I=1,3), J=1,361)",342,"'CVT'","character",,"CVT","38548071d5aa652bb90c7f111f86b427f798a1c9"
"fiaeq2nveleq.for",254,617,"FIAEQ2NVELEQ","((CULIST(J,I), I=1,3), J=1,361)",343,"'CU000124'","character",,"CU000124","38548071d5aa652bb90c7f111f86b427f798a1c9"
"fiaeq2nveleq.for",254,617,"FIAEQ2NVELEQ","((CULIST(J,I), I=1,3), J=1,361)",344,"'P02MAC1***'","character",,"P02MAC1***","38548071d5aa652bb90c7f111f86b427f798a1c9"
"fiaeq2nveleq.for",254,617,"FIAEQ2NVELEQ","((CULIST(J,I), I=1,3), J=1,361)",345,"'CV4'","character",,"CV4","38548071d5aa652bb90c7f111f86b427f798a1c9"
"fiaeq2nveleq.for",254,617,"FIAEQ2NVELEQ","((CULIST(J,I), I=1,3), J=1,361)",346,"'CU000125'","character",,"CU000125","38548071d5aa652bb90c7f111f86b427f798a1c9"
"fiaeq2nveleq.for",254,617,"FIAEQ2NVELEQ","((CULIST(J,I), I=1,3), J=1,361)",347,"'P16MAC1***'","character",,"P16MAC1***","38548071d5aa652bb90c7f111f86b427f798a1c9"
"fiaeq2nveleq.for",254,617,"FIAEQ2NVELEQ","((CULIST(J,I), I=1,3), J=1,361)",348,"'CVTS'","character",,"CVTS","38548071d5aa652bb90c7f111f86b427f798a1c9"
"fiaeq2nveleq.for",254,617,"FIAEQ2NVELEQ","((CULIST(J,I), I=1,3), J=1,361)",349,"'CU000126'","character",,"CU000126","38548071d5aa652bb90c7f111f86b427f798a1c9"
"fiaeq2nveleq.for",254,617,"FIAEQ2NVELEQ","((CULIST(J,I), I=1,3), J=1,361)",350,"'P16MAC1***'","character",,"P16MAC1***","38548071d5aa652bb90c7f111f86b427f798a1c9"
"fiaeq2nveleq.for",254,617,"FIAEQ2NVELEQ","((CULIST(J,I), I=1,3), J=1,361)",351,"'CVT'","character",,"CVT","38548071d5aa652bb90c7f111f86b427f798a1c9"
"fiaeq2nveleq.for",254,617,"FIAEQ2NVELEQ","((CULIST(J,I), I=1,3), J=1,361)",352,"'CU000127'","character",,"CU000127","38548071d5aa652bb90c7f111f86b427f798a1c9"
"fiaeq2nveleq.for",254,617,"FIAEQ2NVELEQ","((CULIST(J,I), I=1,3), J=1,361)",353,"'P16MAC1***'","character",,"P16MAC1***","38548071d5aa652bb90c7f111f86b427f798a1c9"
"fiaeq2nveleq.for",254,617,"FIAEQ2NVELEQ","((CULIST(J,I), I=1,3), J=1,361)",354,"'CV6'","character",,"CV6","38548071d5aa652bb90c7f111f86b427f798a1c9"
"fiaeq2nveleq.for",254,617,"FIAEQ2NVELEQ","((CULIST(J,I), I=1,3), J=1,361)",355,"'CU000128'","character",,"CU000128","38548071d5aa652bb90c7f111f86b427f798a1c9"
"fiaeq2nveleq.for",254,617,"FIAEQ2NVELEQ","((CULIST(J,I), I=1,3), J=1,361)",356,"'P16MAC1***'","character",,"P16MAC1***","38548071d5aa652bb90c7f111f86b427f798a1c9"
"fiaeq2nveleq.for",254,617,"FIAEQ2NVELEQ","((CULIST(J,I), I=1,3), J=1,361)",357,"'CV8'","character",,"CV8","38548071d5aa652bb90c7f111f86b427f798a1c9"
"fiaeq2nveleq.for",254,617,"FIAEQ2NVELEQ","((CULIST(J,I), I=1,3), J=1,361)",358,"'CU000140'","character",,"CU000140","38548071d5aa652bb90c7f111f86b427f798a1c9"
"fiaeq2nveleq.for",254,617,"FIAEQ2NVELEQ","((CULIST(J,I), I=1,3), J=1,361)",359,"'P03ISL****'","character",,"P03ISL****","38548071d5aa652bb90c7f111f86b427f798a1c9"
"fiaeq2nveleq.for",254,617,"FIAEQ2NVELEQ","((CULIST(J,I), I=1,3), J=1,361)",360,"'CVTS'","character",,"CVTS","38548071d5aa652bb90c7f111f86b427f798a1c9"
"fiaeq2nveleq.for",254,617,"FIAEQ2NVELEQ","((CULIST(J,I), I=1,3), J=1,361)",361,"'CU000141'","character",,"CU000141","38548071d5aa652bb90c7f111f86b427f798a1c9"
"fiaeq2nveleq.for",254,617,"FIAEQ2NVELEQ","((CULIST(J,I), I=1,3), J=1,361)",362,"'P03ISL****'","character",,"P03ISL****","38548071d5aa652bb90c7f111f86b427f798a1c9"
"fiaeq2nveleq.for",254,617,"FIAEQ2NVELEQ","((CULIST(J,I), I=1,3), J=1,361)",363,"'CVTS'","character",,"CVTS","38548071d5aa652bb90c7f111f86b427f798a1c9"
"fiaeq2nveleq.for",254,617,"FIAEQ2NVELEQ","((CULIST(J,I), I=1,3), J=1,361)",364,"'CU000142'","character",,"CU000142","38548071d5aa652bb90c7f111f86b427f798a1c9"
"fiaeq2nveleq.for",254,617,"FIAEQ2NVELEQ","((CULIST(J,I), I=1,3), J=1,361)",365,"'P03ISL****'","character",,"P03ISL****","38548071d5aa652bb90c7f111f86b427f798a1c9"
"fiaeq2nveleq.for",254,617,"FIAEQ2NVELEQ","((CULIST(J,I), I=1,3), J=1,361)",366,"'CVTS'","character",,"CVTS","38548071d5aa652bb90c7f111f86b427f798a1c9"
"fiaeq2nveleq.for",254,617,"FIAEQ2NVELEQ","((CULIST(J,I), I=1,3), J=1,361)",367,"'CU000143'","character",,"CU000143","38548071d5aa652bb90c7f111f86b427f798a1c9"
"fiaeq2nveleq.for",254,617,"FIAEQ2NVELEQ","((CULIST(J,I), I=1,3), J=1,361)",368,"'P03ISL****'","character",,"P03ISL****","38548071d5aa652bb90c7f111f86b427f798a1c9"
"fiaeq2nveleq.for",254,617,"FIAEQ2NVELEQ","((CULIST(J,I), I=1,3), J=1,361)",369,"'CV4'","character",,"CV4","38548071d5aa652bb90c7f111f86b427f798a1c9"
"fiaeq2nveleq.for",254,617,"FIAEQ2NVELEQ","((CULIST(J,I), I=1,3), J=1,361)",370,"'CU000144'","character",,"CU000144","38548071d5aa652bb90c7f111f86b427f798a1c9"
"fiaeq2nveleq.for",254,617,"FIAEQ2NVELEQ","((CULIST(J,I), I=1,3), J=1,361)",371,"'P03ISL****'","character",,"P03ISL****","38548071d5aa652bb90c7f111f86b427f798a1c9"
"fiaeq2nveleq.for",254,617,"FIAEQ2NVELEQ","((CULIST(J,I), I=1,3), J=1,361)",372,"'CV4'","character",,"CV4","38548071d5aa652bb90c7f111f86b427f798a1c9"
"fiaeq2nveleq.for",254,617,"FIAEQ2NVELEQ","((CULIST(J,I), I=1,3), J=1,361)",373,"'CU000145'","character",,"CU000145","38548071d5aa652bb90c7f111f86b427f798a1c9"
"fiaeq2nveleq.for",254,617,"FIAEQ2NVELEQ","((CULIST(J,I), I=1,3), J=1,361)",374,"'P03ISL****'","character",,"P03ISL****","38548071d5aa652bb90c7f111f86b427f798a1c9"
"fiaeq2nveleq.for",254,617,"FIAEQ2NVELEQ","((CULIST(J,I), I=1,3), J=1,361)",375,"'CV4'","character",,"CV4","38548071d5aa652bb90c7f111f86b427f798a1c9"
"fiaeq2nveleq.for",254,617,"FIAEQ2NVELEQ","((CULIST(J,I), I=1,3), J=1,361)",376,"'CU000146'","character",,"CU000146","38548071d5aa652bb90c7f111f86b427f798a1c9"
"fiaeq2nveleq.for",254,617,"FIAEQ2NVELEQ","((CULIST(J,I), I=1,3), J=1,361)",377,"'P03FRU0000'","character",,"P03FRU0000","38548071d5aa652bb90c7f111f86b427f798a1c9"
"fiaeq2nveleq.for",254,617,"FIAEQ2NVELEQ","((CULIST(J,I), I=1,3), J=1,361)",378,"'CVTS'","character",,"CVTS","38548071d5aa652bb90c7f111f86b427f798a1c9"
"fiaeq2nveleq.for",254,617,"FIAEQ2NVELEQ","((CULIST(J,I), I=1,3), J=1,361)",379,"'CU000147'","character",,"CU000147","38548071d5aa652bb90c7f111f86b427f798a1c9"
"fiaeq2nveleq.for",254,617,"FIAEQ2NVELEQ","((CULIST(J,I), I=1,3), J=1,361)",380,"'P03FRU0000'","character",,"P03FRU0000","38548071d5aa652bb90c7f111f86b427f798a1c9"
"fiaeq2nveleq.for",254,617,"FIAEQ2NVELEQ","((CULIST(J,I), I=1,3), J=1,361)",381,"'CVTS'","character",,"CVTS","38548071d5aa652bb90c7f111f86b427f798a1c9"
"fiaeq2nveleq.for",254,617,"FIAEQ2NVELEQ","((CULIST(J,I), I=1,3), J=1,361)",382,"'CU000148'","character",,"CU000148","38548071d5aa652bb90c7f111f86b427f798a1c9"
"fiaeq2nveleq.for",254,617,"FIAEQ2NVELEQ","((CULIST(J,I), I=1,3), J=1,361)",383,"'P03FRU0000'","character",,"P03FRU0000","38548071d5aa652bb90c7f111f86b427f798a1c9"
"fiaeq2nveleq.for",254,617,"FIAEQ2NVELEQ","((CULIST(J,I), I=1,3), J=1,361)",384,"'CV4'","character",,"CV4","38548071d5aa652bb90c7f111f86b427f798a1c9"
"fiaeq2nveleq.for",254,617,"FIAEQ2NVELEQ","((CULIST(J,I), I=1,3), J=1,361)",385,"'CU000149'","character",,"CU000149","38548071d5aa652bb90c7f111f86b427f798a1c9"
"fiaeq2nveleq.for",254,617,"FIAEQ2NVELEQ","((CULIST(J,I), I=1,3), J=1,361)",386,"'P03FRU0000'","character",,"P03FRU0000","38548071d5aa652bb90c7f111f86b427f798a1c9"
"fiaeq2nveleq.for",254,617,"FIAEQ2NVELEQ","((CULIST(J,I), I=1,3), J=1,361)",387,"'CV4'","character",,"CV4","38548071d5aa652bb90c7f111f86b427f798a1c9"
"fiaeq2nveleq.for",254,617,"FIAEQ2NVELEQ","((CULIST(J,I), I=1,3), J=1,361)",388,"'CU000150'","character",,"CU000150","38548071d5aa652bb90c7f111f86b427f798a1c9"
"fiaeq2nveleq.for",254,617,"FIAEQ2NVELEQ","((CULIST(J,I), I=1,3), J=1,361)",389,"'P03CEN0000'","character",,"P03CEN0000","38548071d5aa652bb90c7f111f86b427f798a1c9"
"fiaeq2nveleq.for",254,617,"FIAEQ2NVELEQ","((CULIST(J,I), I=1,3), J=1,361)",390,"'CV4'","character",,"CV4","38548071d5aa652bb90c7f111f86b427f798a1c9"
"fiaeq2nveleq.for",254,617,"FIAEQ2NVELEQ","((CULIST(J,I), I=1,3), J=1,361)",391,"'CU000199'","character",,"CU000199","38548071d5aa652bb90c7f111f86b427f798a1c9"
"fiaeq2nveleq.for",254,617,"FIAEQ2NVELEQ","((CULIST(J,I), I=1,3), J=1,361)",392,"'P16PIL0***'","character",,"P16PIL0***","38548071d5aa652bb90c7f111f86b427f798a1c9"
"fiaeq2nveleq.for",254,617,"FIAEQ2NVELEQ","((CULIST(J,I), I=1,3), J=1,361)",393,"'CV8'","character",,"CV8","38548071d5aa652bb90c7f111f86b427f798a1c9"
"fiaeq2nveleq.for",254,617,"FIAEQ2NVELEQ","((CULIST(J,I), I=1,3), J=1,361)",394,"'CU015001'","character",,"CU015001","38548071d5aa652bb90c7f111f86b427f798a1c9"
"fiaeq2nveleq.for",254,617,"FIAEQ2NVELEQ","((CULIST(J,I), I=1,3), J=1,361)",395,"'301DVEW015'","character",,"301DVEW015","38548071d5aa652bb90c7f111f86b427f798a1c9"
"fiaeq2nveleq.for",254,617,"FIAEQ2NVELEQ","((CULIST(J,I), I=1,3), J=1,361)",396,"'CVT'","character",,"CVT","38548071d5aa652bb90c7f111f86b427f798a1c9"
"fiaeq2nveleq.for",254,617,"FIAEQ2NVELEQ","((CULIST(J,I), I=1,3), J=1,361)",397,"'CU015002'","character",,"CU015002","38548071d5aa652bb90c7f111f86b427f798a1c9"
"fiaeq2nveleq.for",254,617,"FIAEQ2NVELEQ","((CULIST(J,I), I=1,3), J=1,361)",398,"'301DVEW015'","character",,"301DVEW015","38548071d5aa652bb90c7f111f86b427f798a1c9"
"fiaeq2nveleq.for",254,617,"FIAEQ2NVELEQ","((CULIST(J,I), I=1,3), J=1,361)",399,"'CV*'","character",,"CV*","38548071d5aa652bb90c7f111f86b427f798a1c9"
"fiaeq2nveleq.for",254,617,"FIAEQ2NVELEQ","((CULIST(J,I), I=1,3), J=1,361)",400,"'CU015003'","character",,"CU015003","38548071d5aa652bb90c7f111f86b427f798a1c9"
"fiaeq2nveleq.for",254,617,"FIAEQ2NVELEQ","((CULIST(J,I), I=1,3), J=1,361)",401,"'302DVEW015'","character",,"302DVEW015","38548071d5aa652bb90c7f111f86b427f798a1c9"
"fiaeq2nveleq.for",254,617,"FIAEQ2NVELEQ","((CULIST(J,I), I=1,3), J=1,361)",402,"'CVT'","character",,"CVT","38548071d5aa652bb90c7f111f86b427f798a1c9"
"fiaeq2nveleq.for",254,617,"FIAEQ2NVELEQ","((CULIST(J,I), I=1,3), J=1,361)",403,"'CU015004'","character",,"CU015004","38548071d5aa652bb90c7f111f86b427f798a1c9"
"fiaeq2nveleq.for",254,617,"FIAEQ2NVELEQ","((CULIST(J,I), I=1,3), J=1,361)",404,"'302DVEW015'","character",,"302DVEW015","38548071d5aa652bb90c7f111f86b427f798a1c9"
"fiaeq2nveleq.for",254,617,"FIAEQ2NVELEQ","((CULIST(J,I), I=1,3), J=1,361)",405,"'CV*'","character",,"CV*","38548071d5aa652bb90c7f111f86b427f798a1c9"
"fiaeq2nveleq.for",254,617,"FIAEQ2NVELEQ","((CULIST(J,I), I=1,3), J=1,361)",406,"'CU015005'","character",,"CU015005","38548071d5aa652bb90c7f111f86b427f798a1c9"
"fiaeq2nveleq.for",254,617,"FIAEQ2NVELEQ","((CULIST(J,I), I=1,3), J=1,361)",407,"'P02MAC1015'","character",,"P02MAC1015","38548071d5aa652bb90c7f111f86b427f798a1c9"
"fiaeq2nveleq.for",254,617,"FIAEQ2NVELEQ","((CULIST(J,I), I=1,3), J=1,361)",408,"'CV4'","character",,"CV4","38548071d5aa652bb90c7f111f86b427f798a1c9"
"fiaeq2nveleq.for",254,617,"FIAEQ2NVELEQ","((CULIST(J,I), I=1,3), J=1,361)",409,"'CU015006'","character",,"CU015006","38548071d5aa652bb90c7f111f86b427f798a1c9"
"fiaeq2nveleq.for",254,617,"FIAEQ2NVELEQ","((CULIST(J,I), I=1,3), J=1,361)",410,"'400MATW015'","character",,"400MATW015","38548071d5aa652bb90c7f111f86b427f798a1c9"
"fiaeq2nveleq.for",254,617,"FIAEQ2NVELEQ","((CULIST(J,I), I=1,3), J=1,361)",411,"'CVT'","character",,"CVT","38548071d5aa652bb90c7f111f86b427f798a1c9"
"fiaeq2nveleq.for",254,617,"FIAEQ2NVELEQ","((CULIST(J,I), I=1,3), J=1,361)",412,"'CU015007'","character",,"CU015007","38548071d5aa652bb90c7f111f86b427f798a1c9"
"fiaeq2nveleq.for",254,617,"FIAEQ2NVELEQ","((CULIST(J,I), I=1,3), J=1,361)",413,"'401MATW015'","character",,"401MATW015","38548071d5aa652bb90c7f111f86b427f798a1c9"
"fiaeq2nveleq.for",254,617,"FIAEQ2NVELEQ","((CULIST(J,I), I=1,3), J=1,361)",414,"'CVT'","character",,"CVT","38548071d5aa652bb90c7f111f86b427f798a1c9"
"fiaeq2nveleq.for",254,617,"FIAEQ2NVELEQ","((CULIST(J,I), I=1,3), J=1,361)",415,"'CU015008'","character",,"CU015008","38548071d5aa652bb90c7f111f86b427f798a1c9"
"fiaeq2nveleq.for",254,617,"FIAEQ2NVELEQ","((CULIST(J,I), I=1,3), J=1,361)",416,"'P16MAC0015'","character",,"P16MAC0015","38548071d5aa652bb90c7f111f86b427f798a1c9"
"fiaeq2nveleq.for",254,617,"FIAEQ2NVELEQ","((CULIST(J,I), I=1,3), J=1,361)",417,"'CVTS'","character",,"CVTS","38548071d5aa652bb90c7f111f86b427f798a1c9"
"fiaeq2nveleq.for",254,617,"FIAEQ2NVELEQ","((CULIST(J,I), I=1,3), J=1,361)",418,"'CU015009'","character",,"CU015009","38548071d5aa652bb90c7f111f86b427f798a1c9"
"fiaeq2nveleq.for",254,617,"FIAEQ2NVELEQ","((CULIST(J,I), I=1,3), J=1,361)",419,"'P16MAC0015'","character",,"P16MAC0015","38548071d5aa652bb90c7f111f86b427f798a1c9"
"fiaeq2nveleq.for",254,617,"FIAEQ2NVELEQ","((CULIST(J,I), I=1,3), J=1,361)",420,"'CVT'","character",,"CVT","38548071d5aa652bb90c7f111f86b427f798a1c9"
"fiaeq2nveleq.for",254,617,"FIAEQ2NVELEQ","((CULIST(J,I), I=1,3), J=1,361)",421,"'CU015010'","character",,"CU015010","38548071d5aa652bb90c7f111f86b427f798a1c9"
"fiaeq2nveleq.for",254,617,"FIAEQ2NVELEQ","((CULIST(J,I), I=1,3), J=1,361)",422,"'P16MAC0015'","character",,"P16MAC0015","38548071d5aa652bb90c7f111f86b427f798a1c9"
"fiaeq2nveleq.for",254,617,"FIAEQ2NVELEQ","((CULIST(J,I), I=1,3), J=1,361)",423,"'CV4'","character",,"CV4","38548071d5aa652bb90c7f111f86b427f798a1c9"
"fiaeq2nveleq.for",254,617,"FIAEQ2NVELEQ","((CULIST(J,I), I=1,3), J=1,361)",424,"'CU015011'","character",,"CU015011","38548071d5aa652bb90c7f111f86b427f798a1c9"
"fiaeq2nveleq.for",254,617,"FIAEQ2NVELEQ","((CULIST(J,I), I=1,3), J=1,361)",425,"'P16MAC0015'","character",,"P16MAC0015","38548071d5aa652bb90c7f111f86b427f798a1c9"
"fiaeq2nveleq.for",254,617,"FIAEQ2NVELEQ","((CULIST(J,I), I=1,3), J=1,361)",426,"'CV6'","character",,"CV6","38548071d5aa652bb90c7f111f86b427f798a1c9"
"fiaeq2nveleq.for",254,617,"FIAEQ2NVELEQ","((CULIST(J,I), I=1,3), J=1,361)",427,"'CU015012'","character",,"CU015012","38548071d5aa652bb90c7f111f86b427f798a1c9"
"fiaeq2nveleq.for",254,617,"FIAEQ2NVELEQ","((CULIST(J,I), I=1,3), J=1,361)",428,"'P16MAC0015'","character",,"P16MAC0015","38548071d5aa652bb90c7f111f86b427f798a1c9"
"fiaeq2nveleq.for",254,617,"FIAEQ2NVELEQ","((CULIST(J,I), I=1,3), J=1,361)",429,"'CV8'","character",,"CV8","38548071d5aa652bb90c7f111f86b427f798a1c9"
"fiaeq2nveleq.for",254,617,"FIAEQ2NVELEQ","((CULIST(J,I), I=1,3), J=1,361)",430,"'CU019001'","character",,"CU019001","38548071d5aa652bb90c7f111f86b427f798a1c9"
"fiaeq2nveleq.for",254,617,"FIAEQ2NVELEQ","((CULIST(J,I), I=1,3), J=1,361)",431,"'400MATW019'","character",,"400MATW019","38548071d5aa652bb90c7f111f86b427f798a1c9"
"fiaeq2nveleq.for",254,617,"FIAEQ2NVELEQ","((CULIST(J,I), I=1,3), J=1,361)",432,"'CVT'","character",,"CVT","38548071d5aa652bb90c7f111f86b427f798a1c9"
"fiaeq2nveleq.for",254,617,"FIAEQ2NVELEQ","((CULIST(J,I), I=1,3), J=1,361)",433,"'CU019002'","character",,"CU019002","38548071d5aa652bb90c7f111f86b427f798a1c9"
"fiaeq2nveleq.for",254,617,"FIAEQ2NVELEQ","((CULIST(J,I), I=1,3), J=1,361)",434,"'405MATW019'","character",,"405MATW019","38548071d5aa652bb90c7f111f86b427f798a1c9"
"fiaeq2nveleq.for",254,617,"FIAEQ2NVELEQ","((CULIST(J,I), I=1,3), J=1,361)",435,"'CVT'","character",,"CVT","38548071d5aa652bb90c7f111f86b427f798a1c9"
"fiaeq2nveleq.for",254,617,"FIAEQ2NVELEQ","((CULIST(J,I), I=1,3), J=1,361)",436,"'CU020001'","character",,"CU020001","38548071d5aa652bb90c7f111f86b427f798a1c9"
"fiaeq2nveleq.for",254,617,"FIAEQ2NVELEQ","((CULIST(J,I), I=1,3), J=1,361)",437,"'P02MAC1020'","character",,"P02MAC1020","38548071d5aa652bb90c7f111f86b427f798a1c9"
"fiaeq2nveleq.for",254,617,"FIAEQ2NVELEQ","((CULIST(J,I), I=1,3), J=1,361)",438,"'CV4'","character",,"CV4","38548071d5aa652bb90c7f111f86b427f798a1c9"
"fiaeq2nveleq.for",254,617,"FIAEQ2NVELEQ","((CULIST(J,I), I=1,3), J=1,361)",439,"'CU020002'","character",,"CU020002","38548071d5aa652bb90c7f111f86b427f798a1c9"
"fiaeq2nveleq.for",254,617,"FIAEQ2NVELEQ","((CULIST(J,I), I=1,3), J=1,361)",440,"'400MATW020'","character",,"400MATW020","38548071d5aa652bb90c7f111f86b427f798a1c9"
"fiaeq2nveleq.for",254,617,"FIAEQ2NVELEQ","((CULIST(J,I), I=1,3), J=1,361)",441,"'CVT'","character",,"CVT","38548071d5aa652bb90c7f111f86b427f798a1c9"
"fiaeq2nveleq.for",254,617,"FIAEQ2NVELEQ","((CULIST(J,I), I=1,3), J=1,361)",442,"'CU020003'","character",,"CU020003","38548071d5aa652bb90c7f111f86b427f798a1c9"
"fiaeq2nveleq.for",254,617,"FIAEQ2NVELEQ","((CULIST(J,I), I=1,3), J=1,361)",443,"'P16MAC0020'","character",,"P16MAC0020","38548071d5aa652bb90c7f111f86b427f798a1c9"
"fiaeq2nveleq.for",254,617,"FIAEQ2NVELEQ","((CULIST(J,I), I=1,3), J=1,361)",444,"'CVTS'","character",,"CVTS","38548071d5aa652bb90c7f111f86b427f798a1c9"
"fiaeq2nveleq.for",254,617,"FIAEQ2NVELEQ","((CULIST(J,I), I=1,3), J=1,361)",445,"'CU020004'","character",,"CU020004","38548071d5aa652bb90c7f111f86b427f798a1c9"
"fiaeq2nveleq.for",254,617,"FIAEQ2NVELEQ","((CULIST(J,I), I=1,3), J=1,361)",446,"'P16MAC0020'","character",,"P16MAC0020","38548071d5aa652bb90c7f111f86b427f798a1c9"
"fiaeq2nveleq.for",254,617,"FIAEQ2NVELEQ","((CULIST(J,I), I=1,3), J=1,361)",447,"'CVT'","character",,"CVT","38548071d5aa652bb90c7f111f86b427f798a1c9"
"fiaeq2nveleq.for",254,617,"FIAEQ2NVELEQ","((CULIST(J,I), I=1,3), J=1,361)",448,"'CU020005'","character",,"CU020005","38548071d5aa652bb90c7f111f86b427f798a1c9"
"fiaeq2nveleq.for",254,617,"FIAEQ2NVELEQ","((CULIST(J,I), I=1,3), J=1,361)",449,"'P16MAC0020'","character",,"P16MAC0020","38548071d5aa652bb90c7f111f86b427f798a1c9"
"fiaeq2nveleq.for",254,617,"FIAEQ2NVELEQ","((CULIST(J,I), I=1,3), J=1,361)",450,"'CV4'","character",,"CV4","38548071d5aa652bb90c7f111f86b427f798a1c9"
"fiaeq2nveleq.for",254,617,"FIAEQ2NVELEQ","((CULIST(J,I), I=1,3), J=1,361)",451,"'CU020006'","character",,"CU020006","38548071d5aa652bb90c7f111f86b427f798a1c9"
"fiaeq2nveleq.for",254,617,"FIAEQ2NVELEQ","((CULIST(J,I), I=1,3), J=1,361)",452,"'P16MAC0020'","character",,"P16MAC0020","38548071d5aa652bb90c7f111f86b427f798a1c9"
"fiaeq2nveleq.for",254,617,"FIAEQ2NVELEQ","((CULIST(J,I), I=1,3), J=1,361)",453,"'CV6'","character",,"CV6","38548071d5aa652bb90c7f111f86b427f798a1c9"
"fiaeq2nveleq.for",254,617,"FIAEQ2NVELEQ","((CULIST(J,I), I=1,3), J=1,361)",454,"'CU020007'","character",,"CU020007","38548071d5aa652bb90c7f111f86b427f798a1c9"
"fiaeq2nveleq.for",254,617,"FIAEQ2NVELEQ","((CULIST(J,I), I=1,3), J=1,361)",455,"'P16MAC0020'","character",,"P16MAC0020","38548071d5aa652bb90c7f111f86b427f798a1c9"
"fiaeq2nveleq.for",254,617,"FIAEQ2NVELEQ","((CULIST(J,I), I=1,3), J=1,361)",456,"'CV8'","character",,"CV8","38548071d5aa652bb90c7f111f86b427f798a1c9"
"fiaeq2nveleq.for",254,617,"FIAEQ2NVELEQ","((CULIST(J,I), I=1,3), J=1,361)",457,"'CU042001'","character",,"CU042001","38548071d5aa652bb90c7f111f86b427f798a1c9"
"fiaeq2nveleq.for",254,617,"FIAEQ2NVELEQ","((CULIST(J,I), I=1,3), J=1,361)",458,"'P01BDE0042'","character",,"P01BDE0042","38548071d5aa652bb90c7f111f86b427f798a1c9"
"fiaeq2nveleq.for",254,617,"FIAEQ2NVELEQ","((CULIST(J,I), I=1,3), J=1,361)",459,"'CV4'","character",,"CV4","38548071d5aa652bb90c7f111f86b427f798a1c9"
"fiaeq2nveleq.for",254,617,"FIAEQ2NVELEQ","((CULIST(J,I), I=1,3), J=1,361)",460,"'CU042002'","character",,"CU042002","38548071d5aa652bb90c7f111f86b427f798a1c9"
"fiaeq2nveleq.for",254,617,"FIAEQ2NVELEQ","((CULIST(J,I), I=1,3), J=1,361)",461,"'P01BDE0042'","character",,"P01BDE0042","38548071d5aa652bb90c7f111f86b427f798a1c9"
"fiaeq2nveleq.for",254,617,"FIAEQ2NVELEQ","((CULIST(J,I), I=1,3), J=1,361)",462,"'CV6'","character",,"CV6","38548071d5aa652bb90c7f111f86b427f798a1c9"
"fiaeq2nveleq.for",254,617,"FIAEQ2NVELEQ","((CULIST(J,I), I=1,3), J=1,361)",463,"'CU060001'","character",,"CU060001","38548071d5aa652bb90c7f111f86b427f798a1c9"
"fiaeq2nveleq.for",254,617,"FIAEQ2NVELEQ","((CULIST(J,I), I=1,3), J=1,361)",464,"'500DVEW060'","character",,"500DVEW060","38548071d5aa652bb90c7f111f86b427f798a1c9"
"fiaeq2nveleq.for",254,617,"FIAEQ2NVELEQ","((CULIST(J,I), I=1,3), J=1,361)",465,"'CV4'","character",,"CV4","38548071d5aa652bb90c7f111f86b427f798a1c9"
"fiaeq2nveleq.for",254,617,"FIAEQ2NVELEQ","((CULIST(J,I), I=1,3), J=1,361)",466,"'CU064001'","character",,"CU064001","38548071d5aa652bb90c7f111f86b427f798a1c9"
"fiaeq2nveleq.for",254,617,"FIAEQ2NVELEQ","((CULIST(J,I), I=1,3), J=1,361)",467,"'301DVEW060'","character",,"301DVEW060","38548071d5aa652bb90c7f111f86b427f798a1c9"
"fiaeq2nveleq.for",254,617,"FIAEQ2NVELEQ","((CULIST(J,I), I=1,3), J=1,361)",468,"'CV1.5'","character",,"CV1.5","38548071d5aa652bb90c7f111f86b427f798a1c9"
"fiaeq2nveleq.for",254,617,"FIAEQ2NVELEQ","((CULIST(J,I), I=1,3), J=1,361)",469,"'CU064002'","character",,"CU064002","38548071d5aa652bb90c7f111f86b427f798a1c9"
"fiaeq2nveleq.for",254,617,"FIAEQ2NVELEQ","((CULIST(J,I), I=1,3), J=1,361)",470,"'302DVEW060'","character",,"302DVEW060","38548071d5aa652bb90c7f111f86b427f798a1c9"
"fiaeq2nveleq.for",254,617,"FIAEQ2NVELEQ","((CULIST(J,I), I=1,3), J=1,361)",471,"'CV1.5'","character",,"CV1.5","38548071d5aa652bb90c7f111f86b427f798a1c9"
"fiaeq2nveleq.for",254,617,"FIAEQ2NVELEQ","((CULIST(J,I), I=1,3), J=1,361)",472,"'CU064003'","character",,"CU064003","38548071d5aa652bb90c7f111f86b427f798a1c9"
"fiaeq2nveleq.for",254,617,"FIAEQ2NVELEQ","((CULIST(J,I), I=1,3), J=1,361)",473,"'300DVEW060'","character",,"300DVEW060","38548071d5aa652bb90c7f111f86b427f798a1c9"
"fiaeq2nveleq.for",254,617,"FIAEQ2NVELEQ","((CULIST(J,I), I=1,3), J=1,361)",474,"'CV1.5'","character",,"CV1.5","38548071d5aa652bb90c7f111f86b427f798a1c9"
"fiaeq2nveleq.for",254,617,"FIAEQ2NVELEQ","((CULIST(J,I), I=1,3), J=1,361)",475,"'CU064004'","character",,"CU064004","38548071d5aa652bb90c7f111f86b427f798a1c9"
"fiaeq2nveleq.for",254,617,"FIAEQ2NVELEQ","((CULIST(J,I), I=1,3), J=1,361)",476,"'R03CHO0066'","character",,"R03CHO0066","38548071d5aa652bb90c7f111f86b427f798a1c9"
"fiaeq2nveleq.for",254,617,"FIAEQ2NVELEQ","((CULIST(J,I), I=1,3), J=1,361)",477,"'CV1.5'","character",,"CV1.5","38548071d5aa652bb90c7f111f86b427f798a1c9"
"fiaeq2nveleq.for",254,617,"FIAEQ2NVELEQ","((CULIST(J,I), I=1,3), J=1,361)",478,"'CU064005'","character",,"CU064005","38548071d5aa652bb90c7f111f86b427f798a1c9"
"fiaeq2nveleq.for",254,617,"FIAEQ2NVELEQ","((CULIST(J,I), I=1,3), J=1,361)",479,"'R03CHO0066'","character",,"R03CHO0066","38548071d5aa652bb90c7f111f86b427f798a1c9"
"fiaeq2nveleq.for",254,617,"FIAEQ2NVELEQ","((CULIST(J,I), I=1,3), J=1,361)",480,"'CV3'","character",,"CV3","38548071d5aa652bb90c7f111f86b427f798a1c9"
"fiaeq2nveleq.for",254,617,"FIAEQ2NVELEQ","((CULIST(J,I), I=1,3), J=1,361)",481,"'CU064006'","character",,"CU064006","38548071d5aa652bb90c7f111f86b427f798a1c9"
"fiaeq2nveleq.for",254,617,"FIAEQ2NVELEQ","((CULIST(J,I), I=1,3), J=1,361)",482,"'R03CHO0065'","character",,"R03CHO0065","38548071d5aa652bb90c7f111f86b427f798a1c9"
"fiaeq2nveleq.for",254,617,"FIAEQ2NVELEQ","((CULIST(J,I), I=1,3), J=1,361)",483,"'CV1.5'","character",,"CV1.5","38548071d5aa652bb90c7f111f86b427f798a1c9"
"fiaeq2nveleq.for",254,617,"FIAEQ2NVELEQ","((CULIST(J,I), I=1,3), J=1,361)",484,"'CU064007'","character",,"CU064007","38548071d5aa652bb90c7f111f86b427f798a1c9"
"fiaeq2nveleq.for",254,617,"FIAEQ2NVELEQ","((CULIST(J,I), I=1,3), J=1,361)",485,"'R03CHO0065'","character",,"R03CHO0065","38548071d5aa652bb90c7f111f86b427f798a1c9"
"fiaeq2nveleq.for",254,617,"FIAEQ2NVELEQ","((CULIST(J,I), I=1,3), J=1,361)",486,"'CV3'","character",,"CV3","38548071d5aa652bb90c7f111f86b427f798a1c9"
"fiaeq2nveleq.for",254,617,"FIAEQ2NVELEQ","((CULIST(J,I), I=1,3), J=1,361)",487,"'CU064008'","character",,"CU064008","38548071d5aa652bb90c7f111f86b427f798a1c9"
"fiaeq2nveleq.for",254,617,"FIAEQ2NVELEQ","((CULIST(J,I), I=1,3), J=1,361)",488,"'400DVEW064'","character",,"400DVEW064","38548071d5aa652bb90c7f111f86b427f798a1c9"
"fiaeq2nveleq.for",254,617,"FIAEQ2NVELEQ","((CULIST(J,I), I=1,3), J=1,361)",489,"'CV1.5'","character",,"CV1.5","38548071d5aa652bb90c7f111f86b427f798a1c9"
"fiaeq2nveleq.for",254,617,"FIAEQ2NVELEQ","((CULIST(J,I), I=1,3), J=1,361)",490,"'CU064009'","character",,"CU064009","38548071d5aa652bb90c7f111f86b427f798a1c9"
"fiaeq2nveleq.for",254,617,"FIAEQ2NVELEQ","((CULIST(J,I), I=1,3), J=1,361)",491,"'P16CHT0064'","character",,"P16CHT0064","38548071d5aa652bb90c7f111f86b427f798a1c9"
"fiaeq2nveleq.for",254,617,"FIAEQ2NVELEQ","((CULIST(J,I), I=1,3), J=1,361)",492,"'CVTS'","character",,"CVTS","38548071d5aa652bb90c7f111f86b427f798a1c9"
"fiaeq2nveleq.for",254,617,"FIAEQ2NVELEQ","((CULIST(J,I), I=1,3), J=1,361)",493,"'CU064010'","character",,"CU064010","38548071d5aa652bb90c7f111f86b427f798a1c9"
"fiaeq2nveleq.for",254,617,"FIAEQ2NVELEQ","((CULIST(J,I), I=1,3), J=1,361)",494,"'P16CHT0064'","character",,"P16CHT0064","38548071d5aa652bb90c7f111f86b427f798a1c9"
"fiaeq2nveleq.for",254,617,"FIAEQ2NVELEQ","((CULIST(J,I), I=1,3), J=1,361)",495,"'CV4'","character",,"CV4","38548071d5aa652bb90c7f111f86b427f798a1c9"
"fiaeq2nveleq.for",254,617,"FIAEQ2NVELEQ","((CULIST(J,I), I=1,3), J=1,361)",496,"'CU064011'","character",,"CU064011","38548071d5aa652bb90c7f111f86b427f798a1c9"
"fiaeq2nveleq.for",254,617,"FIAEQ2NVELEQ","((CULIST(J,I), I=1,3), J=1,361)",497,"'P16CHT0064'","character",,"P16CHT0064","38548071d5aa652bb90c7f111f86b427f798a1c9"
"fiaeq2nveleq.for",254,617,"FIAEQ2NVELEQ","((CULIST(J,I), I=1,3), J=1,361)",498,"'CVT'","character",,"CVT","38548071d5aa652bb90c7f111f86b427f798a1c9"
"fiaeq2nveleq.for",254,617,"FIAEQ2NVELEQ","((CULIST(J,I), I=1,3), J=1,361)",499,"'CU064012'","character",,"CU064012","38548071d5aa652bb90c7f111f86b427f798a1c9"
"fiaeq2nveleq.for",254,617,"FIAEQ2NVELEQ","((CULIST(J,I), I=1,3), J=1,361)",500,"'P16CHT0064'","character",,"P16CHT0064","38548071d5aa652bb90c7f111f86b427f798a1c9"
"fiaeq2nveleq.for",254,617,"FIAEQ2NVELEQ","((CULIST(J,I), I=1,3), J=1,361)",501,"'CV4'","character",,"CV4","38548071d5aa652bb90c7f111f86b427f798a1c9"
"fiaeq2nveleq.for",254,617,"FIAEQ2NVELEQ","((CULIST(J,I), I=1,3), J=1,361)",502,"'CU064013'","character",,"CU064013","38548071d5aa652bb90c7f111f86b427f798a1c9"
"fiaeq2nveleq.for",254,617,"FIAEQ2NVELEQ","((CULIST(J,I), I=1,3), J=1,361)",503,"'P16CHT0064'","character",,"P16CHT0064","38548071d5aa652bb90c7f111f86b427f798a1c9"
"fiaeq2nveleq.for",254,617,"FIAEQ2NVELEQ","((CULIST(J,I), I=1,3), J=1,361)",504,"'CV6'","character",,"CV6","38548071d5aa652bb90c7f111f86b427f798a1c9"
"fiaeq2nveleq.for",254,617,"FIAEQ2NVELEQ","((CULIST(J,I), I=1,3), J=1,361)",505,"'CU064014'","character",,"CU064014","38548071d5aa652bb90c7f111f86b427f798a1c9"
"fiaeq2nveleq.for",254,617,"FIAEQ2NVELEQ","((CULIST(J,I), I=1,3), J=1,361)",506,"'P16CHT0064'","character",,"P16CHT0064","38548071d5aa652bb90c7f111f86b427f798a1c9"
"fiaeq2nveleq.for",254,617,"FIAEQ2NVELEQ","((CULIST(J,I), I=1,3), J=1,361)",507,"'CV8'","character",,"CV8","38548071d5aa652bb90c7f111f86b427f798a1c9"
"fiaeq2nveleq.for",254,617,"FIAEQ2NVELEQ","((CULIST(J,I), I=1,3), J=1,361)",508,"'CU065001'","character",,"CU065001","38548071d5aa652bb90c7f111f86b427f798a1c9"
"fiaeq2nveleq.for",254,617,"FIAEQ2NVELEQ","((CULIST(J,I), I=1,3), J=1,361)",509,"'200DVEW065'","character",,"200DVEW065","38548071d5aa652bb90c7f111f86b427f798a1c9"
"fiaeq2nveleq.for",254,617,"FIAEQ2NVELEQ","((CULIST(J,I), I=1,3), J=1,361)",510,"'CV1.5'","character",,"CV1.5","38548071d5aa652bb90c7f111f86b427f798a1c9"
"fiaeq2nveleq.for",254,617,"FIAEQ2NVELEQ","((CULIST(J,I), I=1,3), J=1,361)",511,"'CU065002'","character",,"CU065002","38548071d5aa652bb90c7f111f86b427f798a1c9"
"fiaeq2nveleq.for",254,617,"FIAEQ2NVELEQ","((CULIST(J,I), I=1,3), J=1,361)",512,"'400DVEW065'","character",,"400DVEW065","38548071d5aa652bb90c7f111f86b427f798a1c9"
"fiaeq2nveleq.for",254,617,"FIAEQ2NVELEQ","((CULIST(J,I), I=1,3), J=1,361)",513,"'CV1.5'","character",,"CV1.5","38548071d5aa652bb90c7f111f86b427f798a1c9"
"fiaeq2nveleq.for",254,617,"FIAEQ2NVELEQ","((CULIST(J,I), I=1,3), J=1,361)",514,"'CU065003'","character",,"CU065003","38548071d5aa652bb90c7f111f86b427f798a1c9"
"fiaeq2nveleq.for",254,617,"FIAEQ2NVELEQ","((CULIST(J,I), I=1,3), J=1,361)",515,"'402DVEW065'","character",,"402DVEW065","38548071d5aa652bb90c7f111f86b427f798a1c9"
"fiaeq2nveleq.for",254,617,"FIAEQ2NVELEQ","((CULIST(J,I), I=1,3), J=1,361)",516,"'CV1.5'","character",,"CV1.5","38548071d5aa652bb90c7f111f86b427f798a1c9"
"fiaeq2nveleq.for",254,617,"FIAEQ2NVELEQ","((CULIST(J,I), I=1,3), J=1,361)",517,"'CU065004'","character",,"CU065004","38548071d5aa652bb90c7f111f86b427f798a1c9"
"fiaeq2nveleq.for",254,617,"FIAEQ2NVELEQ","((CULIST(J,I), I=1,3), J=1,361)",518,"'403DVEW065'","character",,"403DVEW065","38548071d5aa652bb90c7f111f86b427f798a1c9"
"fiaeq2nveleq.for",254,617,"FIAEQ2NVELEQ","((CULIST(J,I), I=1,3), J=1,361)",519,"'CV1.5'","character",,"CV1.5","38548071d5aa652bb90c7f111f86b427f798a1c9"
"fiaeq2nveleq.for",254,617,"FIAEQ2NVELEQ","((CULIST(J,I), I=1,3), J=1,361)",520,"'CU066001'","character",,"CU066001","38548071d5aa652bb90c7f111f86b427f798a1c9"
"fiaeq2nveleq.for",254,617,"FIAEQ2NVELEQ","((CULIST(J,I), I=1,3), J=1,361)",521,"'200DVEW066'","character",,"200DVEW066","38548071d5aa652bb90c7f111f86b427f798a1c9"
"fiaeq2nveleq.for",254,617,"FIAEQ2NVELEQ","((CULIST(J,I), I=1,3), J=1,361)",522,"'CV1.5'","character",,"CV1.5","38548071d5aa652bb90c7f111f86b427f798a1c9"
"fiaeq2nveleq.for",254,617,"FIAEQ2NVELEQ","((CULIST(J,I), I=1,3), J=1,361)",523,"'CU069001'","character",,"CU069001","38548071d5aa652bb90c7f111f86b427f798a1c9"
"fiaeq2nveleq.for",254,617,"FIAEQ2NVELEQ","((CULIST(J,I), I=1,3), J=1,361)",524,"'200DVEW069'","character",,"200DVEW069","38548071d5aa652bb90c7f111f86b427f798a1c9"
"fiaeq2nveleq.for",254,617,"FIAEQ2NVELEQ","((CULIST(J,I), I=1,3), J=1,361)",525,"'CV1.5'","character",,"CV1.5","38548071d5aa652bb90c7f111f86b427f798a1c9"
"fiaeq2nveleq.for",254,617,"FIAEQ2NVELEQ","((CULIST(J,I), I=1,3), J=1,361)",526,"'CU073001'","character",,"CU073001","38548071d5aa652bb90c7f111f86b427f798a1c9"
"fiaeq2nveleq.for",254,617,"FIAEQ2NVELEQ","((CULIST(J,I), I=1,3), J=1,361)",527,"'400MATW073'","character",,"400MATW073","38548071d5aa652bb90c7f111f86b427f798a1c9"
"fiaeq2nveleq.for",254,617,"FIAEQ2NVELEQ","((CULIST(J,I), I=1,3), J=1,361)",528,"'CVT'","character",,"CVT","38548071d5aa652bb90c7f111f86b427f798a1c9"
"fiaeq2nveleq.for",254,617,"FIAEQ2NVELEQ","((CULIST(J,I), I=1,3), J=1,361)",529,"'CU081001'","character",,"CU081001","38548071d5aa652bb90c7f111f86b427f798a1c9"
"fiaeq2nveleq.for",254,617,"FIAEQ2NVELEQ","((CULIST(J,I), I=1,3), J=1,361)",530,"'P02MAC1081'","character",,"P02MAC1081","38548071d5aa652bb90c7f111f86b427f798a1c9"
"fiaeq2nveleq.for",254,617,"FIAEQ2NVELEQ","((CULIST(J,I), I=1,3), J=1,361)",531,"'CV4'","character",,"CV4","38548071d5aa652bb90c7f111f86b427f798a1c9"
"fiaeq2nveleq.for",254,617,"FIAEQ2NVELEQ","((CULIST(J,I), I=1,3), J=1,361)",532,"'CU081002'","character",,"CU081002","38548071d5aa652bb90c7f111f86b427f798a1c9"
"fiaeq2nveleq.for",254,617,"FIAEQ2NVELEQ","((CULIST(J,I), I=1,3), J=1,361)",533,"'400MATW081'","character",,"400MATW081","38548071d5aa652bb90c7f111f86b427f798a1c9"
"fiaeq2nveleq.for",254,617,"FIAEQ2NVELEQ","((CULIST(J,I), I=1,3), J=1,361)",534,"'CVT'","character",,"CVT","38548071d5aa652bb90c7f111f86b427f798a1c9"
"fiaeq2nveleq.for",254,617,"FIAEQ2NVELEQ","((CULIST(J,I), I=1,3), J=1,361)",535,"'CU081003'","character",,"CU081003","38548071d5aa652bb90c7f111f86b427f798a1c9"
"fiaeq2nveleq.for",254,617,"FIAEQ2NVELEQ","((CULIST(J,I), I=1,3), J=1,361)",536,"'P16MAC0081'","character",,"P16MAC0081","38548071d5aa652bb90c7f111f86b427f798a1c9"
"fiaeq2nveleq.for",254,617,"FIAEQ2NVELEQ","((CULIST(J,I), I=1,3), J=1,361)",537,"'CVTS'","character",,"CVTS","38548071d5aa652bb90c7f111f86b427f798a1c9"
"fiaeq2nveleq.for",254,617,"FIAEQ2NVELEQ","((CULIST(J,I), I=1,3), J=1,361)",538,"'CU081004'","character",,"CU081004","38548071d5aa652bb90c7f111f86b427f798a1c9"
"fiaeq2nveleq.for",254,617,"FIAEQ2NVELEQ","((CULIST(J,I), I=1,3), J=1,361)",539,"'P16MAC0081'","character",,"P16MAC0081","38548071d5aa652bb90c7f111f86b427f798a1c9"
"fiaeq2nveleq.for",254,617,"FIAEQ2NVELEQ","((CULIST(J,I), I=1,3), J=1,361)",540,"'CVT'","character",,"CVT","38548071d5aa652bb90c7f111f86b427f798a1c9"
"fiaeq2nveleq.for",254,617,"FIAEQ2NVELEQ","((CULIST(J,I), I=1,3), J=1,361)",541,"'CU081005'","character",,"CU081005","38548071d5aa652bb90c7f111f86b427f798a1c9"
"fiaeq2nveleq.for",254,617,"FIAEQ2NVELEQ","((CULIST(J,I), I=1,3), J=1,361)",542,"'P16MAC0081'","character",,"P16MAC0081","38548071d5aa652bb90c7f111f86b427f798a1c9"
"fiaeq2nveleq.for",254,617,"FIAEQ2NVELEQ","((CULIST(J,I), I=1,3), J=1,361)",543,"'CV4'","character",,"CV4","38548071d5aa652bb90c7f111f86b427f798a1c9"
"fiaeq2nveleq.for",254,617,"FIAEQ2NVELEQ","((CULIST(J,I), I=1,3), J=1,361)",544,"'CU081006'","character",,"CU081006","38548071d5aa652bb90c7f111f86b427f798a1c9"
"fiaeq2nveleq.for",254,617,"FIAEQ2NVELEQ","((CULIST(J,I), I=1,3), J=1,361)",545,"'P16MAC0081'","character",,"P16MAC0081","38548071d5aa652bb90c7f111f86b427f798a1c9"
"fiaeq2nveleq.for",254,617,"FIAEQ2NVELEQ","((CULIST(J,I), I=1,3), J=1,361)",546,"'CV6'","character",,"CV6","38548071d5aa652bb90c7f111f86b427f798a1c9"
"fiaeq2nveleq.for",254,617,"FIAEQ2NVELEQ","((CULIST(J,I), I=1,3), J=1,361)",547,"'CU081007'","character",,"CU081007","38548071d5aa652bb90c7f111f86b427f798a1c9"
"fiaeq2nveleq.for",254,617,"FIAEQ2NVELEQ","((CULIST(J,I), I=1,3), J=1,361)",548,"'P16MAC0081'","character",,"P16MAC0081","38548071d5aa652bb90c7f111f86b427f798a1c9"
"fiaeq2nveleq.for",254,617,"FIAEQ2NVELEQ","((CULIST(J,I), I=1,3), J=1,361)",549,"'CV8'","character",,"CV8","38548071d5aa652bb90c7f111f86b427f798a1c9"
"fiaeq2nveleq.for",254,617,"FIAEQ2NVELEQ","((CULIST(J,I), I=1,3), J=1,361)",550,"'CU093001'","character",,"CU093001","38548071d5aa652bb90c7f111f86b427f798a1c9"
"fiaeq2nveleq.for",254,617,"FIAEQ2NVELEQ","((CULIST(J,I), I=1,3), J=1,361)",551,"'200DVEW093'","character",,"200DVEW093","38548071d5aa652bb90c7f111f86b427f798a1c9"
"fiaeq2nveleq.for",254,617,"FIAEQ2NVELEQ","((CULIST(J,I), I=1,3), J=1,361)",552,"'CVT'","character",,"CVT","38548071d5aa652bb90c7f111f86b427f798a1c9"
"fiaeq2nveleq.for",254,617,"FIAEQ2NVELEQ","((CULIST(J,I), I=1,3), J=1,361)",553,"'CU093002'","character",,"CU093002","38548071d5aa652bb90c7f111f86b427f798a1c9"
"fiaeq2nveleq.for",254,617,"FIAEQ2NVELEQ","((CULIST(J,I), I=1,3), J=1,361)",554,"'200DVEW093'","character",,"200DVEW093","38548071d5aa652bb90c7f111f86b427f798a1c9"
"fiaeq2nveleq.for",254,617,"FIAEQ2NVELEQ","((CULIST(J,I), I=1,3), J=1,361)",555,"'CV4'","character",,"CV4","38548071d5aa652bb90c7f111f86b427f798a1c9"
"fiaeq2nveleq.for",254,617,"FIAEQ2NVELEQ","((CULIST(J,I), I=1,3), J=1,361)",556,"'CU093003'","character",,"CU093003","38548071d5aa652bb90c7f111f86b427f798a1c9"
"fiaeq2nveleq.for",254,617,"FIAEQ2NVELEQ","((CULIST(J,I), I=1,3), J=1,361)",557,"'300DVEW093'","character",,"300DVEW093","38548071d5aa652bb90c7f111f86b427f798a1c9"
"fiaeq2nveleq.for",254,617,"FIAEQ2NVELEQ","((CULIST(J,I), I=1,3), J=1,361)",558,"'CVT'","character",,"CVT","38548071d5aa652bb90c7f111f86b427f798a1c9"
"fiaeq2nveleq.for",254,617,"FIAEQ2NVELEQ","((CULIST(J,I), I=1,3), J=1,361)",559,"'CU093004'","character",,"CU093004","38548071d5aa652bb90c7f111f86b427f798a1c9"
"fiaeq2nveleq.for",254,617,"FIAEQ2NVELEQ","((CULIST(J,I), I=1,3), J=1,361)",560,"'300DVEW093'","character",,"300DVEW093","38548071d5aa652bb90c7f111f86b427f798a1c9"
"fiaeq2nveleq.for",254,617,"FIAEQ2NVELEQ","((CULIST(J,I), I=1,3), J=1,361)",561,"'CV*'","character",,"CV*","38548071d5aa652bb90c7f111f86b427f798a1c9"
"fiaeq2nveleq.for",254,617,"FIAEQ2NVELEQ","((CULIST(J,I), I=1,3), J=1,361)",562,"'CU093005'","character",,"CU093005","38548071d5aa652bb90c7f111f86b427f798a1c9"
"fiaeq2nveleq.for",254,617,"FIAEQ2NVELEQ","((CULIST(J,I), I=1,3), J=1,361)",563,"'400MATW093'","character",,"400MATW093","38548071d5aa652bb90c7f111f86b427f798a1c9"
"fiaeq2nveleq.for",254,617,"FIAEQ2NVELEQ","((CULIST(J,I), I=1,3), J=1,361)",564,"'CVT'","character",,"CVT","38548071d5aa652bb90c7f111f86b427f798a1c9"
"fiaeq2nveleq.for",254,617,"FIAEQ2NVELEQ","((CULIST(J,I), I=1,3), J=1,361)",565,"'CU093006'","character",,"CU093006","38548071d5aa652bb90c7f111f86b427f798a1c9"
"fiaeq2nveleq.for",254,617,"FIAEQ2NVELEQ","((CULIST(J,I), I=1,3), J=1,361)",566,"'407MATW093'","character",,"407MATW093","38548071d5aa652bb90c7f111f86b427f798a1c9"
"fiaeq2nveleq.for",254,617,"FIAEQ2NVELEQ","((CULIST(J,I), I=1,3), J=1,361)",567,"'CVT'","character",,"CVT","38548071d5aa652bb90c7f111f86b427f798a1c9"
"fiaeq2nveleq.for",254,617,"FIAEQ2NVELEQ","((CULIST(J,I), I=1,3), J=1,361)",568,"'CU093102'","character",,"CU093102","38548071d5aa652bb90c7f111f86b427f798a1c9"
"fiaeq2nveleq.for",254,617,"FIAEQ2NVELEQ","((CULIST(J,I), I=1,3), J=1,361)",569,"'200DVEW093'","character",,"200DVEW093","38548071d5aa652bb90c7f111f86b427f798a1c9"
"fiaeq2nveleq.for",254,617,"FIAEQ2NVELEQ","((CULIST(J,I), I=1,3), J=1,361)",570,"'CV6'","character",,"CV6","38548071d5aa652bb90c7f111f86b427f798a1c9"
"fiaeq2nveleq.for",254,617,"FIAEQ2NVELEQ","((CULIST(J,I), I=1,3), J=1,361)",571,"'CU094001'","character",,"CU094001","38548071d5aa652bb90c7f111f86b427f798a1c9"
"fiaeq2nveleq.for",254,617,"FIAEQ2NVELEQ","((CULIST(J,I), I=1,3), J=1,361)",572,"'P01DIP0094'","character",,"P01DIP0094","38548071d5aa652bb90c7f111f86b427f798a1c9"
"fiaeq2nveleq.for",254,617,"FIAEQ2NVELEQ","((CULIST(J,I), I=1,3), J=1,361)",573,"'CV4'","character",,"CV4","38548071d5aa652bb90c7f111f86b427f798a1c9"
"fiaeq2nveleq.for",254,617,"FIAEQ2NVELEQ","((CULIST(J,I), I=1,3), J=1,361)",574,"'CU094004'","character",,"CU094004","38548071d5aa652bb90c7f111f86b427f798a1c9"
"fiaeq2nveleq.for",254,617,"FIAEQ2NVELEQ","((CULIST(J,I), I=1,3), J=1,361)",575,"'A00DVEW094'","character",,"A00DVEW094","38548071d5aa652bb90c7f111f86b427f798a1c9"
"fiaeq2nveleq.for",254,617,"FIAEQ2NVELEQ","((CULIST(J,I), I=1,3), J=1,361)",576,"'CVT'","character",,"CVT","38548071d5aa652bb90c7f111f86b427f798a1c9"
"fiaeq2nveleq.for",254,617,"FIAEQ2NVELEQ","((CULIST(J,I), I=1,3), J=1,361)",577,"'CU094005'","character",,"CU094005","38548071d5aa652bb90c7f111f86b427f798a1c9"
"fiaeq2nveleq.for",254,617,"FIAEQ2NVELEQ","((CULIST(J,I), I=1,3), J=1,361)",578,"'A00DVEW094'","character",,"A00DVEW094","38548071d5aa652bb90c7f111f86b427f798a1c9"
"fiaeq2nveleq.for",254,617,"FIAEQ2NVELEQ","((CULIST(J,I), I=1,3), J=1,361)",579,"'CV4'","character",,"CV4","38548071d5aa652bb90c7f111f86b427f798a1c9"
"fiaeq2nveleq.for",254,617,"FIAEQ2NVELEQ","((CULIST(J,I), I=1,3), J=1,361)",580,"'CU106001'","character",,"CU106001","38548071d5aa652bb90c7f111f86b427f798a1c9"
"fiaeq2nveleq.for",254,617,"FIAEQ2NVELEQ","((CULIST(J,I), I=1,3), J=1,361)",581,"'200DVEW106'","character",,"200DVEW106","38548071d5aa652bb90c7f111f86b427f798a1c9"
"fiaeq2nveleq.for",254,617,"FIAEQ2NVELEQ","((CULIST(J,I), I=1,3), J=1,361)",582,"'CV1.5'","character",,"CV1.5","38548071d5aa652bb90c7f111f86b427f798a1c9"
"fiaeq2nveleq.for",254,617,"FIAEQ2NVELEQ","((CULIST(J,I), I=1,3), J=1,361)",583,"'CU106002'","character",,"CU106002","38548071d5aa652bb90c7f111f86b427f798a1c9"
"fiaeq2nveleq.for",254,617,"FIAEQ2NVELEQ","((CULIST(J,I), I=1,3), J=1,361)",584,"'301DVEW106'","character",,"301DVEW106","38548071d5aa652bb90c7f111f86b427f798a1c9"
"fiaeq2nveleq.for",254,617,"FIAEQ2NVELEQ","((CULIST(J,I), I=1,3), J=1,361)",585,"'CV1.5'","character",,"CV1.5","38548071d5aa652bb90c7f111f86b427f798a1c9"
"fiaeq2nveleq.for",254,617,"FIAEQ2NVELEQ","((CULIST(J,I), I=1,3), J=1,361)",586,"'CU106003'","character",,"CU106003","38548071d5aa652bb90c7f111f86b427f798a1c9"
"fiaeq2nveleq.for",254,617,"FIAEQ2NVELEQ","((CULIST(J,I), I=1,3), J=1,361)",587,"'302DVEW106'","character",,"302DVEW106","38548071d5aa652bb90c7f111f86b427f798a1c9"
"fiaeq2nveleq.for",254,617,"FIAEQ2NVELEQ","((CULIST(J,I), I=1,3), J=1,361)",588,"'CV1.5'","character",,"CV1.5","38548071d5aa652bb90c7f111f86b427f798a1c9"
"fiaeq2nveleq.for",254,617,"FIAEQ2NVELEQ","((CULIST(J,I), I=1,3), J=1,361)",589,"'CU106004'","character",,"CU106004","38548071d5aa652bb90c7f111f86b427f798a1c9"
"fiaeq2nveleq.for",254,617,"FIAEQ2NVELEQ","((CULIST(J,I), I=1,3), J=1,361)",590,"'300DVEW106'","character",,"300DVEW106","38548071d5aa652bb90c7f111f86b427f798a1c9"
"fiaeq2nveleq.for",254,617,"FIAEQ2NVELEQ","((CULIST(J,I), I=1,3), J=1,361)",591,"'CV1.5'","character",,"CV1.5","38548071d5aa652bb90c7f111f86b427f798a1c9"
"fiaeq2nveleq.for",254,617,"FIAEQ2NVELEQ","((CULIST(J,I), I=1,3), J=1,361)",592,"'CU106005'","character",,"CU106005","38548071d5aa652bb90c7f111f86b427f798a1c9"
"fiaeq2nveleq.for",254,617,"FIAEQ2NVELEQ","((CULIST(J,I), I=1,3), J=1,361)",593,"'R03CHO0106'","character",,"R03CHO0106","38548071d5aa652bb90c7f111f86b427f798a1c9"
"fiaeq2nveleq.for",254,617,"FIAEQ2NVELEQ","((CULIST(J,I), I=1,3), J=1,361)",594,"'CV1.5'","character",,"CV1.5","38548071d5aa652bb90c7f111f86b427f798a1c9"
"fiaeq2nveleq.for",254,617,"FIAEQ2NVELEQ","((CULIST(J,I), I=1,3), J=1,361)",595,"'CU106006'","character",,"CU106006","38548071d5aa652bb90c7f111f86b427f798a1c9"
"fiaeq2nveleq.for",254,617,"FIAEQ2NVELEQ","((CULIST(J,I), I=1,3), J=1,361)",596,"'R03CHO0106'","character",,"R03CHO0106","38548071d5aa652bb90c7f111f86b427f798a1c9"
"fiaeq2nveleq.for",254,617,"FIAEQ2NVELEQ","((CULIST(J,I), I=1,3), J=1,361)",597,"'CV3'","character",,"CV3","38548071d5aa652bb90c7f111f86b427f798a1c9"
"fiaeq2nveleq.for",254,617,"FIAEQ2NVELEQ","((CULIST(J,I), I=1,3), J=1,361)",598,"'CU108001'","character",,"CU108001","38548071d5aa652bb90c7f111f86b427f798a1c9"
"fiaeq2nveleq.for",254,617,"FIAEQ2NVELEQ","((CULIST(J,I), I=1,3), J=1,361)",599,"'200DVEW108'","character",,"200DVEW108","38548071d5aa652bb90c7f111f86b427f798a1c9"
"fiaeq2nveleq.for",254,617,"FIAEQ2NVELEQ","((CULIST(J,I), I=1,3), J=1,361)",600,"'CVT'","character",,"CVT","38548071d5aa652bb90c7f111f86b427f798a1c9"
"fiaeq2nveleq.for",254,617,"FIAEQ2NVELEQ","((CULIST(J,I), I=1,3), J=1,361)",601,"'CU108002'","character",,"CU108002","38548071d5aa652bb90c7f111f86b427f798a1c9"
"fiaeq2nveleq.for",254,617,"FIAEQ2NVELEQ","((CULIST(J,I), I=1,3), J=1,361)",602,"'200DVEW108'","character",,"200DVEW108","38548071d5aa652bb90c7f111f86b427f798a1c9"
"fiaeq2nveleq.for",254,617,"FIAEQ2NVELEQ","((CULIST(J,I), I=1,3), J=1,361)",603,"'CV4'","character",,"CV4","38548071d5aa652bb90c7f111f86b427f798a1c9"
"fiaeq2nveleq.for",254,617,"FIAEQ2NVELEQ","((CULIST(J,I), I=1,3), J=1,361)",604,"'CU108003'","character",,"CU108003","38548071d5aa652bb90c7f111f86b427f798a1c9"
"fiaeq2nveleq.for",254,617,"FIAEQ2NVELEQ","((CULIST(J,I), I=1,3), J=1,361)",605,"'P02MAC1108'","character",,"P02MAC1108","38548071d5aa652bb90c7f111f86b427f798a1c9"
"fiaeq2nveleq.for",254,617,"FIAEQ2NVELEQ","((CULIST(J,I), I=1,3), J=1,361)",606,"'CV4'","character",,"CV4","38548071d5aa652bb90c7f111f86b427f798a1c9"
"fiaeq2nveleq.for",254,617,"FIAEQ2NVELEQ","((CULIST(J,I), I=1,3), J=1,361)",607,"'CU108005'","character",,"CU108005","38548071d5aa652bb90c7f111f86b427f798a1c9"
"fiaeq2nveleq.for",254,617,"FIAEQ2NVELEQ","((CULIST(J,I), I=1,3), J=1,361)",608,"'400MATW108'","character",,"400MATW108","38548071d5aa652bb90c7f111f86b427f798a1c9"
"fiaeq2nveleq.for",254,617,"FIAEQ2NVELEQ","((CULIST(J,I), I=1,3), J=1,361)",609,"'CVT'","character",,"CVT","38548071d5aa652bb90c7f111f86b427f798a1c9"
"fiaeq2nveleq.for",254,617,"FIAEQ2NVELEQ","((CULIST(J,I), I=1,3), J=1,361)",610,"'CU108006'","character",,"CU108006","38548071d5aa652bb90c7f111f86b427f798a1c9"
"fiaeq2nveleq.for",254,617,"FIAEQ2NVELEQ","((CULIST(J,I), I=1,3), J=1,361)",611,"'401MATW108'","character",,"401MATW108","38548071d5aa652bb90c7f111f86b427f798a1c9"
"fiaeq2nveleq.for",254,617,"FIAEQ2NVELEQ","((CULIST(J,I), I=1,3), J=1,361)",612,"'CVT'","character",,"CVT","38548071d5aa652bb90c7f111f86b427f798a1c9"
"fiaeq2nveleq.for",254,617,"FIAEQ2NVELEQ","((CULIST(J,I), I=1,3), J=1,361)",613,"'CU108007'","character",,"CU108007","38548071d5aa652bb90c7f111f86b427f798a1c9"
"fiaeq2nveleq.for",254,617,"FIAEQ2NVELEQ","((CULIST(J,I), I=1,3), J=1,361)",614,"'P16MAC0108'","character",,"P16MAC0108","38548071d5aa652bb90c7f111f86b427f798a1c9"
"fiaeq2nveleq.for",254,617,"FIAEQ2NVELEQ","((CULIST(J,I), I=1,3), J=1,361)",615,"'CVTS'","character",,"CVTS","38548071d5aa652bb90c7f111f86b427f798a1c9"
"fiaeq2nveleq.for",254,617,"FIAEQ2NVELEQ","((CULIST(J,I), I=1,3), J=1,361)",616,"'CU108008'","character",,"CU108008","38548071d5aa652bb90c7f111f86b427f798a1c9"
"fiaeq2nveleq.for",254,617,"FIAEQ2NVELEQ","((CULIST(J,I), I=1,3), J=1,361)",617,"'P16MAC0108'","character",,"P16MAC0108","38548071d5aa652bb90c7f111f86b427f798a1c9"
"fiaeq2nveleq.for",254,617,"FIAEQ2NVELEQ","((CULIST(J,I), I=1,3), J=1,361)",618,"'CVT'","character",,"CVT","38548071d5aa652bb90c7f111f86b427f798a1c9"
"fiaeq2nveleq.for",254,617,"FIAEQ2NVELEQ","((CULIST(J,I), I=1,3), J=1,361)",619,"'CU108009'","character",,"CU108009","38548071d5aa652bb90c7f111f86b427f798a1c9"
"fiaeq2nveleq.for",254,617,"FIAEQ2NVELEQ","((CULIST(J,I), I=1,3), J=1,361)",620,"'P16MAC0108'","character",,"P16MAC0108","38548071d5aa652bb90c7f111f86b427f798a1c9"
"fiaeq2nveleq.for",254,617,"FIAEQ2NVELEQ","((CULIST(J,I), I=1,3), J=1,361)",621,"'CV4'","character",,"CV4","38548071d5aa652bb90c7f111f86b427f798a1c9"
"fiaeq2nveleq.for",254,617,"FIAEQ2NVELEQ","((CULIST(J,I), I=1,3), J=1,361)",622,"'CU108010'","character",,"CU108010","38548071d5aa652bb90c7f111f86b427f798a1c9"
"fiaeq2nveleq.for",254,617,"FIAEQ2NVELEQ","((CULIST(J,I), I=1,3), J=1,361)",623,"'P16MAC0108'","character",,"P16MAC0108","38548071d5aa652bb90c7f111f86b427f798a1c9"
"fiaeq2nveleq.for",254,617,"FIAEQ2NVELEQ","((CULIST(J,I), I=1,3), J=1,361)",624,"'CV6'","character",,"CV6","38548071d5aa652bb90c7f111f86b427f798a1c9"
"fiaeq2nveleq.for",254,617,"FIAEQ2NVELEQ","((CULIST(J,I), I=1,3), J=1,361)",625,"'CU108011'","character",,"CU108011","38548071d5aa652bb90c7f111f86b427f798a1c9"
"fiaeq2nveleq.for",254,617,"FIAEQ2NVELEQ","((CULIST(J,I), I=1,3), J=1,361)",626,"'P16MAC0108'","character",,"P16MAC0108","38548071d5aa652bb90c7f111f86b427f798a1c9"
"fiaeq2nveleq.for",254,617,"FIAEQ2NVELEQ","((CULIST(J,I), I=1,3), J=1,361)",627,"'CV8'","character",,"CV8","38548071d5aa652bb90c7f111f86b427f798a1c9"
"fiaeq2nveleq.for",254,617,"FIAEQ2NVELEQ","((CULIST(J,I), I=1,3), J=1,361)",628,"'CU108102'","character",,"CU108102","38548071d5aa652bb90c7f111f86b427f798a1c9"
"fiaeq2nveleq.for",254,617,"FIAEQ2NVELEQ","((CULIST(J,I), I=1,3), J=1,361)",629,"'200DVEW108'","character",,"200DVEW108","38548071d5aa652bb90c7f111f86b427f798a1c9"
"fiaeq2nveleq.for",254,617,"FIAEQ2NVELEQ","((CULIST(J,I), I=1,3), J=1,361)",630,"'CV6'","character",,"CV6","38548071d5aa652bb90c7f111f86b427f798a1c9"
"fiaeq2nveleq.for",254,617,"FIAEQ2NVELEQ","((CULIST(J,I), I=1,3), J=1,361)",631,"'CU113001'","character",,"CU113001","38548071d5aa652bb90c7f111f86b427f798a1c9"
"fiaeq2nveleq.for",254,617,"FIAEQ2NVELEQ","((CULIST(J,I), I=1,3), J=1,361)",632,"'300DVEW113'","character",,"300DVEW113","38548071d5aa652bb90c7f111f86b427f798a1c9"
"fiaeq2nveleq.for",254,617,"FIAEQ2NVELEQ","((CULIST(J,I), I=1,3), J=1,361)",633,"'CVT'","character",,"CVT","38548071d5aa652bb90c7f111f86b427f798a1c9"
"fiaeq2nveleq.for",254,617,"FIAEQ2NVELEQ","((CULIST(J,I), I=1,3), J=1,361)",634,"'CU113002'","character",,"CU113002","38548071d5aa652bb90c7f111f86b427f798a1c9"
"fiaeq2nveleq.for",254,617,"FIAEQ2NVELEQ","((CULIST(J,I), I=1,3), J=1,361)",635,"'300DVEW113'","character",,"300DVEW113","38548071d5aa652bb90c7f111f86b427f798a1c9"
"fiaeq2nveleq.for",254,617,"FIAEQ2NVELEQ","((CULIST(J,I), I=1,3), J=1,361)",636,"'CV*'","character",,"CV*","38548071d5aa652bb90c7f111f86b427f798a1c9"
"fiaeq2nveleq.for",254,617,"FIAEQ2NVELEQ","((CULIST(J,I), I=1,3), J=1,361)",637,"'CU117001'","character",,"CU117001","38548071d5aa652bb90c7f111f86b427f798a1c9"
"fiaeq2nveleq.for",254,617,"FIAEQ2NVELEQ","((CULIST(J,I), I=1,3), J=1,361)",638,"'P02MAC1117'","character",,"P02MAC1117","38548071d5aa652bb90c7f111f86b427f798a1c9"
"fiaeq2nveleq.for",254,617,"FIAEQ2NVELEQ","((CULIST(J,I), I=1,3), J=1,361)",639,"'CV4'","character",,"CV4","38548071d5aa652bb90c7f111f86b427f798a1c9"
"fiaeq2nveleq.for",254,617,"FIAEQ2NVELEQ","((CULIST(J,I), I=1,3), J=1,361)",640,"'CU117002'","character",,"CU117002","38548071d5aa652bb90c7f111f86b427f798a1c9"
"fiaeq2nveleq.for",254,617,"FIAEQ2NVELEQ","((CULIST(J,I), I=1,3), J=1,361)",641,"'400MATW117'","character",,"400MATW117","38548071d5aa652bb90c7f111f86b427f798a1c9"
"fiaeq2nveleq.for",254,617,"FIAEQ2NVELEQ","((CULIST(J,I), I=1,3), J=1,361)",642,"'CVT'","character",,"CVT","38548071d5aa652bb90c7f111f86b427f798a1c9"
"fiaeq2nveleq.for",254,617,"FIAEQ2NVELEQ","((CULIST(J,I), I=1,3), J=1,361)",643,"'CU117003'","character",,"CU117003","38548071d5aa652bb90c7f111f86b427f798a1c9"
"fiaeq2nveleq.for",254,617,"FIAEQ2NVELEQ","((CULIST(J,I), I=1,3), J=1,361)",644,"'P16MAC0117'","character",,"P16MAC0117","38548071d5aa652bb90c7f111f86b427f798a1c9"
"fiaeq2nveleq.for",254,617,"FIAEQ2NVELEQ","((CULIST(J,I), I=1,3), J=1,361)",645,"'CVTS'","character",,"CVTS","38548071d5aa652bb90c7f111f86b427f798a1c9"
"fiaeq2nveleq.for",254,617,"FIAEQ2NVELEQ","((CULIST(J,I), I=1,3), J=1,361)",646,"'CU117004'","character",,"CU117004","38548071d5aa652bb90c7f111f86b427f798a1c9"
"fiaeq2nveleq.for",254,617,"FIAEQ2NVELEQ","((CULIST(J,I), I=1,3), J=1,361)",647,"'P16MAC0117'","character",,"P16MAC0117","38548071d5aa652bb90c7f111f86b427f798a1c9"
"fiaeq2nveleq.for",254,617,"FIAEQ2NVELEQ","((CULIST(J,I), I=1,3), J=1,361)",648,"'CVT'","character",,"CVT","38548071d5aa652bb90c7f111f86b427f798a1c9"
"fiaeq2nveleq.for",254,617,"FIAEQ2NVELEQ","((CULIST(J,I), I=1,3), J=1,361)",649,"'CU117005'","character",,"CU117005","38548071d5aa652bb90c7f111f86b427f798a1c9"
"fiaeq2nveleq.for",254,617,"FIAEQ2NVELEQ","((CULIST(J,I), I=1,3), J=1,361)",650,"'P16MAC0117'","character",,"P16MAC0117","38548071d5aa652bb90c7f111f86b427f798a1c9"
"fiaeq2nveleq.for",254,617,"FIAEQ2NVELEQ","((CULIST(J,I), I=1,3), J=1,361)",651,"'CV4'","character",,"CV4","38548071d5aa652bb90c7f111f86b427f798a1c9"
"fiaeq2nveleq.for",254,617,"FIAEQ2NVELEQ","((CULIST(J,I), I=1,3), J=1,361)",652,"'CU117006'","character",,"CU117006","38548071d5aa652bb90c7f111f86b427f798a1c9"
"fiaeq2nveleq.for",254,617,"FIAEQ2NVELEQ","((CULIST(J,I), I=1,3), J=1,361)",653,"'P16MAC0117'","character",,"P16MAC0117","38548071d5aa652bb90c7f111f86b427f798a1c9"
"fiaeq2nveleq.for",254,617,"FIAEQ2NVELEQ","((CULIST(J,I), I=1,3), J=1,361)",654,"'CV6'","character",,"CV6","38548071d5aa652bb90c7f111f86b427f798a1c9"
"fiaeq2nveleq.for",254,617,"FIAEQ2NVELEQ","((CULIST(J,I), I=1,3), J=1,361)",655,"'CU117007'","character",,"CU117007","38548071d5aa652bb90c7f111f86b427f798a1c9"
"fiaeq2nveleq.for",254,617,"FIAEQ2NVELEQ","((CULIST(J,I), I=1,3), J=1,361)",656,"'P16MAC0117'","character",,"P16MAC0117","38548071d5aa652bb90c7f111f86b427f798a1c9"
"fiaeq2nveleq.for",254,617,"FIAEQ2NVELEQ","((CULIST(J,I), I=1,3), J=1,361)",657,"'CV8'","character",,"CV8","38548071d5aa652bb90c7f111f86b427f798a1c9"
"fiaeq2nveleq.for",254,617,"FIAEQ2NVELEQ","((CULIST(J,I), I=1,3), J=1,361)",658,"'CU119003'","character",,"CU119003","38548071d5aa652bb90c7f111f86b427f798a1c9"
"fiaeq2nveleq.for",254,617,"FIAEQ2NVELEQ","((CULIST(J,I), I=1,3), J=1,361)",659,"'P16MAC0119'","character",,"P16MAC0119","38548071d5aa652bb90c7f111f86b427f798a1c9"
"fiaeq2nveleq.for",254,617,"FIAEQ2NVELEQ","((CULIST(J,I), I=1,3), J=1,361)",660,"'CVTS'","character",,"CVTS","38548071d5aa652bb90c7f111f86b427f798a1c9"
"fiaeq2nveleq.for",254,617,"FIAEQ2NVELEQ","((CULIST(J,I), I=1,3), J=1,361)",661,"'CU119004'","character",,"CU119004","38548071d5aa652bb90c7f111f86b427f798a1c9"
"fiaeq2nveleq.for",254,617,"FIAEQ2NVELEQ","((CULIST(J,I), I=1,3), J=1,361)",662,"'P16MAC0119'","character",,"P16MAC0119","38548071d5aa652bb90c7f111f86b427f798a1c9"
"fiaeq2nveleq.for",254,617,"FIAEQ2NVELEQ","((CULIST(J,I), I=1,3), J=1,361)",663,"'CVT'","character",,"CVT","38548071d5aa652bb90c7f111f86b427f798a1c9"
"fiaeq2nveleq.for",254,617,"FIAEQ2NVELEQ","((CULIST(J,I), I=1,3), J=1,361)",664,"'CU119005'","character",,"CU119005","38548071d5aa652bb90c7f111f86b427f798a1c9"
"fiaeq2nveleq.for",254,617,"FIAEQ2NVELEQ","((CULIST(J,I), I=1,3), J=1,361)",665,"'P16MAC0119'","character",,"P16MAC0119","38548071d5aa652bb90c7f111f86b427f798a1c9"
"fiaeq2nveleq.for",254,617,"FIAEQ2NVELEQ","((CULIST(J,I), I=1,3), J=1,361)",666,"'CV4'","character",,"CV4","38548071d5aa652bb90c7f111f86b427f798a1c9"
"fiaeq2nveleq.for",254,617,"FIAEQ2NVELEQ","((CULIST(J,I), I=1,3), J=1,361)",667,"'CU119006'","character",,"CU119006","38548071d5aa652bb90c7f111f86b427f798a1c9"
"fiaeq2nveleq.for",254,617,"FIAEQ2NVELEQ","((CULIST(J,I), I=1,3), J=1,361)",668,"'P16MAC0119'","character",,"P16MAC0119","38548071d5aa652bb90c7f111f86b427f798a1c9"
"fiaeq2nveleq.for",254,617,"FIAEQ2NVELEQ","((CULIST(J,I), I=1,3), J=1,361)",669,"'CV6'","character",,"CV6","38548071d5aa652bb90c7f111f86b427f798a1c9"
"fiaeq2nveleq.for",254,617,"FIAEQ2NVELEQ","((CULIST(J,I), I=1,3), J=1,361)",670,"'CU119007'","character",,"CU119007","38548071d5aa652bb90c7f111f86b427f798a1c9"
"fiaeq2nveleq.for",254,617,"FIAEQ2NVELEQ","((CULIST(J,I), I=1,3), J=1,361)",671,"'P16MAC0119'","character",,"P16MAC0119","38548071d5aa652bb90c7f111f86b427f798a1c9"
"fiaeq2nveleq.for",254,617,"FIAEQ2NVELEQ","((CULIST(J,I), I=1,3), J=1,361)",672,"'CV8'","character",,"CV8","38548071d5aa652bb90c7f111f86b427f798a1c9"
"fiaeq2nveleq.for",254,617,"FIAEQ2NVELEQ","((CULIST(J,I), I=1,3), J=1,361)",673,"'CU121001'","character",,"CU121001","38548071d5aa652bb90c7f111f86b427f798a1c9"
"fiaeq2nveleq.for",254,617,"FIAEQ2NVELEQ","((CULIST(J,I), I=1,3), J=1,361)",674,"'S00FAR0121'","character",,"S00FAR0121","38548071d5aa652bb90c7f111f86b427f798a1c9"
"fiaeq2nveleq.for",254,617,"FIAEQ2NVELEQ","((CULIST(J,I), I=1,3), J=1,361)",675,"'CVT'","character",,"CVT","38548071d5aa652bb90c7f111f86b427f798a1c9"
"fiaeq2nveleq.for",254,617,"FIAEQ2NVELEQ","((CULIST(J,I), I=1,3), J=1,361)",676,"'CU121002'","character",,"CU121002","38548071d5aa652bb90c7f111f86b427f798a1c9"
"fiaeq2nveleq.for",254,617,"FIAEQ2NVELEQ","((CULIST(J,I), I=1,3), J=1,361)",677,"'S00FAR0121'","character",,"S00FAR0121","38548071d5aa652bb90c7f111f86b427f798a1c9"
"fiaeq2nveleq.for",254,617,"FIAEQ2NVELEQ","((CULIST(J,I), I=1,3), J=1,361)",678,"'CV1'","character",,"CV1","38548071d5aa652bb90c7f111f86b427f798a1c9"
"fiaeq2nveleq.for",254,617,"FIAEQ2NVELEQ","((CULIST(J,I), I=1,3), J=1,361)",679,"'CU121003'","character",,"CU121003","38548071d5aa652bb90c7f111f86b427f798a1c9"
"fiaeq2nveleq.for",254,617,"FIAEQ2NVELEQ","((CULIST(J,I), I=1,3), J=1,361)",680,"'S00FAR0121'","character",,"S00FAR0121","38548071d5aa652bb90c7f111f86b427f798a1c9"
"fiaeq2nveleq.for",254,617,"FIAEQ2NVELEQ","((CULIST(J,I), I=1,3), J=1,361)",681,"'CV2'","character",,"CV2","38548071d5aa652bb90c7f111f86b427f798a1c9"
"fiaeq2nveleq.for",254,617,"FIAEQ2NVELEQ","((CULIST(J,I), I=1,3), J=1,361)",682,"'CU121004'","character",,"CU121004","38548071d5aa652bb90c7f111f86b427f798a1c9"
"fiaeq2nveleq.for",254,617,"FIAEQ2NVELEQ","((CULIST(J,I), I=1,3), J=1,361)",683,"'S00FAR0121'","character",,"S00FAR0121","38548071d5aa652bb90c7f111f86b427f798a1c9"
"fiaeq2nveleq.for",254,617,"FIAEQ2NVELEQ","((CULIST(J,I), I=1,3), J=1,361)",684,"'CV3'","character",,"CV3","38548071d5aa652bb90c7f111f86b427f798a1c9"
"fiaeq2nveleq.for",254,617,"FIAEQ2NVELEQ","((CULIST(J,I), I=1,3), J=1,361)",685,"'CU121005'","character",,"CU121005","38548071d5aa652bb90c7f111f86b427f798a1c9"
"fiaeq2nveleq.for",254,617,"FIAEQ2NVELEQ","((CULIST(J,I), I=1,3), J=1,361)",686,"'S00FAR0121'","character",,"S00FAR0121","38548071d5aa652bb90c7f111f86b427f798a1c9"
"fiaeq2nveleq.for",254,617,"FIAEQ2NVELEQ","((CULIST(J,I), I=1,3), J=1,361)",687,"'CV4'","character",,"CV4","38548071d5aa652bb90c7f111f86b427f798a1c9"
"fiaeq2nveleq.for",254,617,"FIAEQ2NVELEQ","((CULIST(J,I), I=1,3), J=1,361)",688,"'CU121006'","character",,"CU121006","38548071d5aa652bb90c7f111f86b427f798a1c9"
"fiaeq2nveleq.for",254,617,"FIAEQ2NVELEQ","((CULIST(J,I), I=1,3), J=1,361)",689,"'S00FAR0121'","character",,"S00FAR0121","38548071d5aa652bb90c7f111f86b427f798a1c9"
"fiaeq2nveleq.for",254,617,"FIAEQ2NVELEQ","((CULIST(J,I), I=1,3), J=1,361)",690,"'CV5'","character",,"CV5","38548071d5aa652bb90c7f111f86b427f798a1c9"
"fiaeq2nveleq.for",254,617,"FIAEQ2NVELEQ","((CULIST(J,I), I=1,3), J=1,361)",691,"'CU121007'","character",,"CU121007","38548071d5aa652bb90c7f111f86b427f798a1c9"
"fiaeq2nveleq.for",254,617,"FIAEQ2NVELEQ","((CULIST(J,I), I=1,3), J=1,361)",692,"'S00FAR0121'","character",,"S00FAR0121","38548071d5aa652bb90c7f111f86b427f798a1c9"
"fiaeq2nveleq.for",254,617,"FIAEQ2NVELEQ","((CULIST(J,I), I=1,3), J=1,361)",693,"'CV6'","character",,"CV6","38548071d5aa652bb90c7f111f86b427f798a1c9"
"fiaeq2nveleq.for",254,617,"FIAEQ2NVELEQ","((CULIST(J,I), I=1,3), J=1,361)",694,"'CU121008'","character",,"CU121008","38548071d5aa652bb90c7f111f86b427f798a1c9"
"fiaeq2nveleq.for",254,617,"FIAEQ2NVELEQ","((CULIST(J,I), I=1,3), J=1,361)",695,"'S00FAR0121'","character",,"S00FAR0121","38548071d5aa652bb90c7f111f86b427f798a1c9"
"fiaeq2nveleq.for",254,617,"FIAEQ2NVELEQ","((CULIST(J,I), I=1,3), J=1,361)",696,"'CV7'","character",,"CV7","38548071d5aa652bb90c7f111f86b427f798a1c9"
"fiaeq2nveleq.for",254,617,"FIAEQ2NVELEQ","((CULIST(J,I), I=1,3), J=1,361)",697,"'CU121009'","character",,"CU121009","38548071d5aa652bb90c7f111f86b427f798a1c9"
"fiaeq2nveleq.for",254,617,"FIAEQ2NVELEQ","((CULIST(J,I), I=1,3), J=1,361)",698,"'S00FAR0121'","character",,"S00FAR0121","38548071d5aa652bb90c7f111f86b427f798a1c9"
"fiaeq2nveleq.for",254,617,"FIAEQ2NVELEQ","((CULIST(J,I), I=1,3), J=1,361)",699,"'CV8'","character",,"CV8","38548071d5aa652bb90c7f111f86b427f798a1c9"
"fiaeq2nveleq.for",254,617,"FIAEQ2NVELEQ","((CULIST(J,I), I=1,3), J=1,361)",700,"'CU121010'","character",,"CU121010","38548071d5aa652bb90c7f111f86b427f798a1c9"
"fiaeq2nveleq.for",254,617,"FIAEQ2NVELEQ","((CULIST(J,I), I=1,3), J=1,361)",701,"'S00FAR0121'","character",,"S00FAR0121","38548071d5aa652bb90c7f111f86b427f798a1c9"
"fiaeq2nveleq.for",254,617,"FIAEQ2NVELEQ","((CULIST(J,I), I=1,3), J=1,361)",702,"'CV9'","character",,"CV9","38548071d5aa652bb90c7f111f86b427f798a1c9"
"fiaeq2nveleq.for",254,617,"FIAEQ2NVELEQ","((CULIST(J,I), I=1,3), J=1,361)",703,"'CU121011'","character",,"CU121011","38548071d5aa652bb90c7f111f86b427f798a1c9"
"fiaeq2nveleq.for",254,617,"FIAEQ2NVELEQ","((CULIST(J,I), I=1,3), J=1,361)",704,"'S00FAR0121'","character",,"S00FAR0121","38548071d5aa652bb90c7f111f86b427f798a1c9"
"fiaeq2nveleq.for",254,617,"FIAEQ2NVELEQ","((CULIST(J,I), I=1,3), J=1,361)",705,"'CV10'","character",,"CV10","38548071d5aa652bb90c7f111f86b427f798a1c9"
"fiaeq2nveleq.for",254,617,"FIAEQ2NVELEQ","((CULIST(J,I), I=1,3), J=1,361)",706,"'CU121012'","character",,"CU121012","38548071d5aa652bb90c7f111f86b427f798a1c9"
"fiaeq2nveleq.for",254,617,"FIAEQ2NVELEQ","((CULIST(J,I), I=1,3), J=1,361)",707,"'S00FAR0121'","character",,"S00FAR0121","38548071d5aa652bb90c7f111f86b427f798a1c9"
"fiaeq2nveleq.for",254,617,"FIAEQ2NVELEQ","((CULIST(J,I), I=1,3), J=1,361)",708,"'CV11'","character",,"CV11","38548071d5aa652bb90c7f111f86b427f798a1c9"
"fiaeq2nveleq.for",254,617,"FIAEQ2NVELEQ","((CULIST(J,I), I=1,3), J=1,361)",709,"'CU121013'","character",,"CU121013","38548071d5aa652bb90c7f111f86b427f798a1c9"
"fiaeq2nveleq.for",254,617,"FIAEQ2NVELEQ","((CULIST(J,I), I=1,3), J=1,361)",710,"'S00FAR0121'","character",,"S00FAR0121","38548071d5aa652bb90c7f111f86b427f798a1c9"
"fiaeq2nveleq.for",254,617,"FIAEQ2NVELEQ","((CULIST(J,I), I=1,3), J=1,361)",711,"'CV12'","character",,"CV12","38548071d5aa652bb90c7f111f86b427f798a1c9"
"fiaeq2nveleq.for",254,617,"FIAEQ2NVELEQ","((CULIST(J,I), I=1,3), J=1,361)",712,"'CU122001'","character",,"CU122001","38548071d5aa652bb90c7f111f86b427f798a1c9"
"fiaeq2nveleq.for",254,617,"FIAEQ2NVELEQ","((CULIST(J,I), I=1,3), J=1,361)",713,"'200DVEW122'","character",,"200DVEW122","38548071d5aa652bb90c7f111f86b427f798a1c9"
"fiaeq2nveleq.for",254,617,"FIAEQ2NVELEQ","((CULIST(J,I), I=1,3), J=1,361)",714,"'CVT'","character",,"CVT","38548071d5aa652bb90c7f111f86b427f798a1c9"
"fiaeq2nveleq.for",254,617,"FIAEQ2NVELEQ","((CULIST(J,I), I=1,3), J=1,361)",715,"'CU122002'","character",,"CU122002","38548071d5aa652bb90c7f111f86b427f798a1c9"
"fiaeq2nveleq.for",254,617,"FIAEQ2NVELEQ","((CULIST(J,I), I=1,3), J=1,361)",716,"'200DVEW122'","character",,"200DVEW122","38548071d5aa652bb90c7f111f86b427f798a1c9"
"fiaeq2nveleq.for",254,617,"FIAEQ2NVELEQ","((CULIST(J,I), I=1,3), J=1,361)",717,"'CV4'","character",,"CV4","38548071d5aa652bb90c7f111f86b427f798a1c9"
"fiaeq2nveleq.for",254,617,"FIAEQ2NVELEQ","((CULIST(J,I), I=1,3), J=1,361)",718,"'CU122003'","character",,"CU122003","38548071d5aa652bb90c7f111f86b427f798a1c9"
"fiaeq2nveleq.for",254,617,"FIAEQ2NVELEQ","((CULIST(J,I), I=1,3), J=1,361)",719,"'212DVEW122'","character",,"212DVEW122","38548071d5aa652bb90c7f111f86b427f798a1c9"
"fiaeq2nveleq.for",254,617,"FIAEQ2NVELEQ","((CULIST(J,I), I=1,3), J=1,361)",720,"'CVT'","character",,"CVT","38548071d5aa652bb90c7f111f86b427f798a1c9"
"fiaeq2nveleq.for",254,617,"FIAEQ2NVELEQ","((CULIST(J,I), I=1,3), J=1,361)",721,"'CU122004'","character",,"CU122004","38548071d5aa652bb90c7f111f86b427f798a1c9"
"fiaeq2nveleq.for",254,617,"FIAEQ2NVELEQ","((CULIST(J,I), I=1,3), J=1,361)",722,"'212DVEW122'","character",,"212DVEW122","38548071d5aa652bb90c7f111f86b427f798a1c9"
"fiaeq2nveleq.for",254,617,"FIAEQ2NVELEQ","((CULIST(J,I), I=1,3), J=1,361)",723,"'CV4'","character",,"CV4","38548071d5aa652bb90c7f111f86b427f798a1c9"
"fiaeq2nveleq.for",254,617,"FIAEQ2NVELEQ","((CULIST(J,I), I=1,3), J=1,361)",724,"'CU122005'","character",,"CU122005","38548071d5aa652bb90c7f111f86b427f798a1c9"
"fiaeq2nveleq.for",254,617,"FIAEQ2NVELEQ","((CULIST(J,I), I=1,3), J=1,361)",725,"'203DVEW122'","character",,"203DVEW122","38548071d5aa652bb90c7f111f86b427f798a1c9"
"fiaeq2nveleq.for",254,617,"FIAEQ2NVELEQ","((CULIST(J,I), I=1,3), J=1,361)",726,"'CVT'","character",,"CVT","38548071d5aa652bb90c7f111f86b427f798a1c9"
"fiaeq2nveleq.for",254,617,"FIAEQ2NVELEQ","((CULIST(J,I), I=1,3), J=1,361)",727,"'CU122006'","character",,"CU122006","38548071d5aa652bb90c7f111f86b427f798a1c9"
"fiaeq2nveleq.for",254,617,"FIAEQ2NVELEQ","((CULIST(J,I), I=1,3), J=1,361)",728,"'300DVEW122'","character",,"300DVEW122","38548071d5aa652bb90c7f111f86b427f798a1c9"
"fiaeq2nveleq.for",254,617,"FIAEQ2NVELEQ","((CULIST(J,I), I=1,3), J=1,361)",729,"'CV6'","character",,"CV6","38548071d5aa652bb90c7f111f86b427f798a1c9"
"fiaeq2nveleq.for",254,617,"FIAEQ2NVELEQ","((CULIST(J,I), I=1,3), J=1,361)",730,"'CU122007'","character",,"CU122007","38548071d5aa652bb90c7f111f86b427f798a1c9"
"fiaeq2nveleq.for",254,617,"FIAEQ2NVELEQ","((CULIST(J,I), I=1,3), J=1,361)",731,"'301DVEW122'","character",,"301DVEW122","38548071d5aa652bb90c7f111f86b427f798a1c9"
"fiaeq2nveleq.for",254,617,"FIAEQ2NVELEQ","((CULIST(J,I), I=1,3), J=1,361)",732,"'CVT'","character",,"CVT","38548071d5aa652bb90c7f111f86b427f798a1c9"
"fiaeq2nveleq.for",254,617,"FIAEQ2NVELEQ","((CULIST(J,I), I=1,3), J=1,361)",733,"'CU122008'","character",,"CU122008","38548071d5aa652bb90c7f111f86b427f798a1c9"
"fiaeq2nveleq.for",254,617,"FIAEQ2NVELEQ","((CULIST(J,I), I=1,3), J=1,361)",734,"'301DVEW122'","character",,"301DVEW122","38548071d5aa652bb90c7f111f86b427f798a1c9"
"fiaeq2nveleq.for",254,617,"FIAEQ2NVELEQ","((CULIST(J,I), I=1,3), J=1,361)",735,"'CV*'","character",,"CV*","38548071d5aa652bb90c7f111f86b427f798a1c9"
"fiaeq2nveleq.for",254,617,"FIAEQ2NVELEQ","((CULIST(J,I), I=1,3), J=1,361)",736,"'CU122009'","character",,"CU122009","38548071d5aa652bb90c7f111f86b427f798a1c9"
"fiaeq2nveleq.for",254,617,"FIAEQ2NVELEQ","((CULIST(J,I), I=1,3), J=1,361)",737,"'302DVEW122'","character",,"302DVEW122","38548071d5aa652bb90c7f111f86b427f798a1c9"
"fiaeq2nveleq.for",254,617,"FIAEQ2NVELEQ","((CULIST(J,I), I=1,3), J=1,361)",738,"'CVT'","character",,"CVT","38548071d5aa652bb90c7f111f86b427f798a1c9"
"fiaeq2nveleq.for",254,617,"FIAEQ2NVELEQ","((CULIST(J,I), I=1,3), J=1,361)",739,"'CU122010'","character",,"CU122010","38548071d5aa652bb90c7f111f86b427f798a1c9"
"fiaeq2nveleq.for",254,617,"FIAEQ2NVELEQ","((CULIST(J,I), I=1,3), J=1,361)",740,"'302DVEW122'","character",,"302DVEW122","38548071d5aa652bb90c7f111f86b427f798a1c9"
"fiaeq2nveleq.for",254,617,"FIAEQ2NVELEQ","((CULIST(J,I), I=1,3), J=1,361)",741,"'CV*'","character",,"CV*","38548071d5aa652bb90c7f111f86b427f798a1c9"
"fiaeq2nveleq.for",254,617,"FIAEQ2NVELEQ","((CULIST(J,I), I=1,3), J=1,361)",742,"'CU122011'","character",,"CU122011","38548071d5aa652bb90c7f111f86b427f798a1c9"
"fiaeq2nveleq.for",254,617,"FIAEQ2NVELEQ","((CULIST(J,I), I=1,3), J=1,361)",743,"'P02MAC1122'","character",,"P02MAC1122","38548071d5aa652bb90c7f111f86b427f798a1c9"
"fiaeq2nveleq.for",254,617,"FIAEQ2NVELEQ","((CULIST(J,I), I=1,3), J=1,361)",744,"'CV4'","character",,"CV4","38548071d5aa652bb90c7f111f86b427f798a1c9"
"fiaeq2nveleq.for",254,617,"FIAEQ2NVELEQ","((CULIST(J,I), I=1,3), J=1,361)",745,"'CU122012'","character",,"CU122012","38548071d5aa652bb90c7f111f86b427f798a1c9"
"fiaeq2nveleq.for",254,617,"FIAEQ2NVELEQ","((CULIST(J,I), I=1,3), J=1,361)",746,"'400MATW122'","character",,"400MATW122","38548071d5aa652bb90c7f111f86b427f798a1c9"
"fiaeq2nveleq.for",254,617,"FIAEQ2NVELEQ","((CULIST(J,I), I=1,3), J=1,361)",747,"'CVT'","character",,"CVT","38548071d5aa652bb90c7f111f86b427f798a1c9"
"fiaeq2nveleq.for",254,617,"FIAEQ2NVELEQ","((CULIST(J,I), I=1,3), J=1,361)",748,"'CU122013'","character",,"CU122013","38548071d5aa652bb90c7f111f86b427f798a1c9"
"fiaeq2nveleq.for",254,617,"FIAEQ2NVELEQ","((CULIST(J,I), I=1,3), J=1,361)",749,"'401MATW122'","character",,"401MATW122","38548071d5aa652bb90c7f111f86b427f798a1c9"
"fiaeq2nveleq.for",254,617,"FIAEQ2NVELEQ","((CULIST(J,I), I=1,3), J=1,361)",750,"'CVT'","character",,"CVT","38548071d5aa652bb90c7f111f86b427f798a1c9"
"fiaeq2nveleq.for",254,617,"FIAEQ2NVELEQ","((CULIST(J,I), I=1,3), J=1,361)",751,"'CU122014'","character",,"CU122014","38548071d5aa652bb90c7f111f86b427f798a1c9"
"fiaeq2nveleq.for",254,617,"FIAEQ2NVELEQ","((CULIST(J,I), I=1,3), J=1,361)",752,"'402MATW122'","character",,"402MATW122","38548071d5aa652bb90c7f111f86b427f798a1c9"
"fiaeq2nveleq.for",254,617,"FIAEQ2NVELEQ","((CULIST(J,I), I=1,3), J=1,361)",753,"'CVT'","character",,"CVT","38548071d5aa652bb90c7f111f86b427f798a1c9"
"fiaeq2nveleq.for",254,617,"FIAEQ2NVELEQ","((CULIST(J,I), I=1,3), J=1,361)",754,"'CU122015'","character",,"CU122015","38548071d5aa652bb90c7f111f86b427f798a1c9"
"fiaeq2nveleq.for",254,617,"FIAEQ2NVELEQ","((CULIST(J,I), I=1,3), J=1,361)",755,"'403MATW122'","character",,"403MATW122","38548071d5aa652bb90c7f111f86b427f798a1c9"
"fiaeq2nveleq.for",254,617,"FIAEQ2NVELEQ","((CULIST(J,I), I=1,3), J=1,361)",756,"'CVT'","character",,"CVT","38548071d5aa652bb90c7f111f86b427f798a1c9"
"fiaeq2nveleq.for",254,617,"FIAEQ2NVELEQ","((CULIST(J,I), I=1,3), J=1,361)",757,"'CU122016'","character",,"CU122016","38548071d5aa652bb90c7f111f86b427f798a1c9"
"fiaeq2nveleq.for",254,617,"FIAEQ2NVELEQ","((CULIST(J,I), I=1,3), J=1,361)",758,"'R00MCT0122'","character",,"R00MCT0122","38548071d5aa652bb90c7f111f86b427f798a1c9"
"fiaeq2nveleq.for",254,617,"FIAEQ2NVELEQ","((CULIST(J,I), I=1,3), J=1,361)",759,"'CVT'","character",,"CVT","38548071d5aa652bb90c7f111f86b427f798a1c9"
"fiaeq2nveleq.for",254,617,"FIAEQ2NVELEQ","((CULIST(J,I), I=1,3), J=1,361)",760,"'CU122017'","character",,"CU122017","38548071d5aa652bb90c7f111f86b427f798a1c9"
"fiaeq2nveleq.for",254,617,"FIAEQ2NVELEQ","((CULIST(J,I), I=1,3), J=1,361)",761,"'R00MCT1122'","character",,"R00MCT1122","38548071d5aa652bb90c7f111f86b427f798a1c9"
"fiaeq2nveleq.for",254,617,"FIAEQ2NVELEQ","((CULIST(J,I), I=1,3), J=1,361)",762,"'CVT'","character",,"CVT","38548071d5aa652bb90c7f111f86b427f798a1c9"
"fiaeq2nveleq.for",254,617,"FIAEQ2NVELEQ","((CULIST(J,I), I=1,3), J=1,361)",763,"'CU122018'","character",,"CU122018","38548071d5aa652bb90c7f111f86b427f798a1c9"
"fiaeq2nveleq.for",254,617,"FIAEQ2NVELEQ","((CULIST(J,I), I=1,3), J=1,361)",764,"'R00MYE0122'","character",,"R00MYE0122","38548071d5aa652bb90c7f111f86b427f798a1c9"
"fiaeq2nveleq.for",254,617,"FIAEQ2NVELEQ","((CULIST(J,I), I=1,3), J=1,361)",765,"'CVT'","character",,"CVT","38548071d5aa652bb90c7f111f86b427f798a1c9"
"fiaeq2nveleq.for",254,617,"FIAEQ2NVELEQ","((CULIST(J,I), I=1,3), J=1,361)",766,"'CU122019'","character",,"CU122019","38548071d5aa652bb90c7f111f86b427f798a1c9"
"fiaeq2nveleq.for",254,617,"FIAEQ2NVELEQ","((CULIST(J,I), I=1,3), J=1,361)",767,"'R00MYE1122'","character",,"R00MYE1122","38548071d5aa652bb90c7f111f86b427f798a1c9"
"fiaeq2nveleq.for",254,617,"FIAEQ2NVELEQ","((CULIST(J,I), I=1,3), J=1,361)",768,"'CVT'","character",,"CVT","38548071d5aa652bb90c7f111f86b427f798a1c9"
"fiaeq2nveleq.for",254,617,"FIAEQ2NVELEQ","((CULIST(J,I), I=1,3), J=1,361)",769,"'CU122020'","character",,"CU122020","38548071d5aa652bb90c7f111f86b427f798a1c9"
"fiaeq2nveleq.for",254,617,"FIAEQ2NVELEQ","((CULIST(J,I), I=1,3), J=1,361)",770,"'R00MYE0122'","character",,"R00MYE0122","38548071d5aa652bb90c7f111f86b427f798a1c9"
"fiaeq2nveleq.for",254,617,"FIAEQ2NVELEQ","((CULIST(J,I), I=1,3), J=1,361)",771,"'CV4'","character",,"CV4","38548071d5aa652bb90c7f111f86b427f798a1c9"
"fiaeq2nveleq.for",254,617,"FIAEQ2NVELEQ","((CULIST(J,I), I=1,3), J=1,361)",772,"'CU122021'","character",,"CU122021","38548071d5aa652bb90c7f111f86b427f798a1c9"
"fiaeq2nveleq.for",254,617,"FIAEQ2NVELEQ","((CULIST(J,I), I=1,3), J=1,361)",773,"'R00MYE1122'","character",,"R00MYE1122","38548071d5aa652bb90c7f111f86b427f798a1c9"
"fiaeq2nveleq.for",254,617,"FIAEQ2NVELEQ","((CULIST(J,I), I=1,3), J=1,361)",774,"'CV4'","character",,"CV4","38548071d5aa652bb90c7f111f86b427f798a1c9"
"fiaeq2nveleq.for",254,617,"FIAEQ2NVELEQ","((CULIST(J,I), I=1,3), J=1,361)",775,"'CU122022'","character",,"CU122022","38548071d5aa652bb90c7f111f86b427f798a1c9"
"fiaeq2nveleq.for",254,617,"FIAEQ2NVELEQ","((CULIST(J,I), I=1,3), J=1,361)",776,"'R00MYE0122'","character",,"R00MYE0122","38548071d5aa652bb90c7f111f86b427f798a1c9"
"fiaeq2nveleq.for",254,617,"FIAEQ2NVELEQ","((CULIST(J,I), I=1,3), J=1,361)",777,"'CV6'","character",,"CV6","38548071d5aa652bb90c7f111f86b427f798a1c9"
"fiaeq2nveleq.for",254,617,"FIAEQ2NVELEQ","((CULIST(J,I), I=1,3), J=1,361)",778,"'CU122023'","character",,"CU122023","38548071d5aa652bb90c7f111f86b427f798a1c9"
"fiaeq2nveleq.for",254,617,"FIAEQ2NVELEQ","((CULIST(J,I), I=1,3), J=1,361)",779,"'R00MYE1122'","character",,"R00MYE1122","38548071d5aa652bb90c7f111f86b427f798a1c9"
"fiaeq2nveleq.for",254,617,"FIAEQ2NVELEQ","((CULIST(J,I), I=1,3), J=1,361)",780,"'CV6'","character",,"CV6","38548071d5aa652bb90c7f111f86b427f798a1c9"
"fiaeq2nveleq.for",254,617,"FIAEQ2NVELEQ","((CULIST(J,I), I=1,3), J=1,361)",781,"'CU122024'","character",,"CU122024","38548071d5aa652bb90c7f111f86b427f798a1c9"
"fiaeq2nveleq.for",254,617,"FIAEQ2NVELEQ","((CULIST(J,I), I=1,3), J=1,361)",782,"'P16MAC0122'","character",,"P16MAC0122","38548071d5aa652bb90c7f111f86b427f798a1c9"
"fiaeq2nveleq.for",254,617,"FIAEQ2NVELEQ","((CULIST(J,I), I=1,3), J=1,361)",783,"'CVTS'","character",,"CVTS","38548071d5aa652bb90c7f111f86b427f798a1c9"
"fiaeq2nveleq.for",254,617,"FIAEQ2NVELEQ","((CULIST(J,I), I=1,3), J=1,361)",784,"'CU122025'","character",,"CU122025","38548071d5aa652bb90c7f111f86b427f798a1c9"
"fiaeq2nveleq.for",254,617,"FIAEQ2NVELEQ","((CULIST(J,I), I=1,3), J=1,361)",785,"'P16MAC0122'","character",,"P16MAC0122","38548071d5aa652bb90c7f111f86b427f798a1c9"
"fiaeq2nveleq.for",254,617,"FIAEQ2NVELEQ","((CULIST(J,I), I=1,3), J=1,361)",786,"'CVT'","character",,"CVT","38548071d5aa652bb90c7f111f86b427f798a1c9"
"fiaeq2nveleq.for",254,617,"FIAEQ2NVELEQ","((CULIST(J,I), I=1,3), J=1,361)",787,"'CU122026'","character",,"CU122026","38548071d5aa652bb90c7f111f86b427f798a1c9"
"fiaeq2nveleq.for",254,617,"FIAEQ2NVELEQ","((CULIST(J,I), I=1,3), J=1,361)",788,"'P16MAC0122'","character",,"P16MAC0122","38548071d5aa652bb90c7f111f86b427f798a1c9"
"fiaeq2nveleq.for",254,617,"FIAEQ2NVELEQ","((CULIST(J,I), I=1,3), J=1,361)",789,"'CV4'","character",,"CV4","38548071d5aa652bb90c7f111f86b427f798a1c9"
"fiaeq2nveleq.for",254,617,"FIAEQ2NVELEQ","((CULIST(J,I), I=1,3), J=1,361)",790,"'CU122027'","character",,"CU122027","38548071d5aa652bb90c7f111f86b427f798a1c9"
"fiaeq2nveleq.for",254,617,"FIAEQ2NVELEQ","((CULIST(J,I), I=1,3), J=1,361)",791,"'P16MAC0122'","character",,"P16MAC0122","38548071d5aa652bb90c7f111f86b427f798a1c9"
"fiaeq2nveleq.for",254,617,"FIAEQ2NVELEQ","((CULIST(J,I), I=1,3), J=1,361)",792,"'CV6'","character",,"CV6","38548071d5aa652bb90c7f111f86b427f798a1c9"
"fiaeq2nveleq.for",254,617,"FIAEQ2NVELEQ","((CULIST(J,I), I=1,3), J=1,361)",793,"'CU122028'","character",,"CU122028","38548071d5aa652bb90c7f111f86b427f798a1c9"
"fiaeq2nveleq.for",254,617,"FIAEQ2NVELEQ","((CULIST(J,I), I=1,3), J=1,361)",794,"'P16MAC0122'","character",,"P16MAC0122","38548071d5aa652bb90c7f111f86b427f798a1c9"
"fiaeq2nveleq.for",254,617,"FIAEQ2NVELEQ","((CULIST(J,I), I=1,3), J=1,361)",795,"'CV8'","character",,"CV8","38548071d5aa652bb90c7f111f86b427f798a1c9"
"fiaeq2nveleq.for",254,617,"FIAEQ2NVELEQ","((CULIST(J,I), I=1,3), J=1,361)",796,"'CU122102'","character",,"CU122102","38548071d5aa652bb90c7f111f86b427f798a1c9"
"fiaeq2nveleq.for",254,617,"FIAEQ2NVELEQ","((CULIST(J,I), I=1,3), J=1,361)",797,"'200DVEW122'","character",,"200DVEW122","38548071d5aa652bb90c7f111f86b427f798a1c9"
"fiaeq2nveleq.for",254,617,"FIAEQ2NVELEQ","((CULIST(J,I), I=1,3), J=1,361)",798,"'CV6'","character",,"CV6","38548071d5aa652bb90c7f111f86b427f798a1c9"
"fiaeq2nveleq.for",254,617,"FIAEQ2NVELEQ","((CULIST(J,I), I=1,3), J=1,361)",799,"'CU122104'","character",,"CU122104","38548071d5aa652bb90c7f111f86b427f798a1c9"
"fiaeq2nveleq.for",254,617,"FIAEQ2NVELEQ","((CULIST(J,I), I=1,3), J=1,361)",800,"'212DVEW122'","character",,"212DVEW122","38548071d5aa652bb90c7f111f86b427f798a1c9"
"fiaeq2nveleq.for",254,617,"FIAEQ2NVELEQ","((CULIST(J,I), I=1,3), J=1,361)",801,"'CV6'","character",,"CV6","38548071d5aa652bb90c7f111f86b427f798a1c9"
"fiaeq2nveleq.for",254,617,"FIAEQ2NVELEQ","((CULIST(J,I), I=1,3), J=1,361)",802,"'CU131001'","character",,"CU131001","38548071d5aa652bb90c7f111f86b427f798a1c9"
"fiaeq2nveleq.for",254,617,"FIAEQ2NVELEQ","((CULIST(J,I), I=1,3), J=1,361)",803,"'S01BUR1131'","character",,"S01BUR1131","38548071d5aa652bb90c7f111f86b427f798a1c9"
"fiaeq2nveleq.for",254,617,"FIAEQ2NVELEQ","((CULIST(J,I), I=1,3), J=1,361)",804,"'CVT'","character",,"CVT","38548071d5aa652bb90c7f111f86b427f798a1c9"
"fiaeq2nveleq.for",254,617,"FIAEQ2NVELEQ","((CULIST(J,I), I=1,3), J=1,361)",805,"'CU131002'","character",,"CU131002","38548071d5aa652bb90c7f111f86b427f798a1c9"
"fiaeq2nveleq.for",254,617,"FIAEQ2NVELEQ","((CULIST(J,I), I=1,3), J=1,361)",806,"'S01BUR0131'","character",,"S01BUR0131","38548071d5aa652bb90c7f111f86b427f798a1c9"
"fiaeq2nveleq.for",254,617,"FIAEQ2NVELEQ","((CULIST(J,I), I=1,3), J=1,361)",807,"'CVT'","character",,"CVT","38548071d5aa652bb90c7f111f86b427f798a1c9"
"fiaeq2nveleq.for",254,617,"FIAEQ2NVELEQ","((CULIST(J,I), I=1,3), J=1,361)",808,"'CU131003'","character",,"CU131003","38548071d5aa652bb90c7f111f86b427f798a1c9"
"fiaeq2nveleq.for",254,617,"FIAEQ2NVELEQ","((CULIST(J,I), I=1,3), J=1,361)",809,"'S00BUR1131'","character",,"S00BUR1131","38548071d5aa652bb90c7f111f86b427f798a1c9"
"fiaeq2nveleq.for",254,617,"FIAEQ2NVELEQ","((CULIST(J,I), I=1,3), J=1,361)",810,"'CVT'","character",,"CVT","38548071d5aa652bb90c7f111f86b427f798a1c9"
"fiaeq2nveleq.for",254,617,"FIAEQ2NVELEQ","((CULIST(J,I), I=1,3), J=1,361)",811,"'CU131004'","character",,"CU131004","38548071d5aa652bb90c7f111f86b427f798a1c9"
"fiaeq2nveleq.for",254,617,"FIAEQ2NVELEQ","((CULIST(J,I), I=1,3), J=1,361)",812,"'S00BUR0131'","character",,"S00BUR0131","38548071d5aa652bb90c7f111f86b427f798a1c9"
"fiaeq2nveleq.for",254,617,"FIAEQ2NVELEQ","((CULIST(J,I), I=1,3), J=1,361)",813,"'CVT'","character",,"CVT","38548071d5aa652bb90c7f111f86b427f798a1c9"
"fiaeq2nveleq.for",254,617,"FIAEQ2NVELEQ","((CULIST(J,I), I=1,3), J=1,361)",814,"'CU133001'","character",,"CU133001","38548071d5aa652bb90c7f111f86b427f798a1c9"
"fiaeq2nveleq.for",254,617,"FIAEQ2NVELEQ","((CULIST(J,I), I=1,3), J=1,361)",815,"'400DVEW133'","character",,"400DVEW133","38548071d5aa652bb90c7f111f86b427f798a1c9"
"fiaeq2nveleq.for",254,617,"FIAEQ2NVELEQ","((CULIST(J,I), I=1,3), J=1,361)",816,"'CV1.5'","character",,"CV1.5","38548071d5aa652bb90c7f111f86b427f798a1c9"
"fiaeq2nveleq.for",254,617,"FIAEQ2NVELEQ","((CULIST(J,I), I=1,3), J=1,361)",817,"'CU202001'","character",,"CU202001","38548071d5aa652bb90c7f111f86b427f798a1c9"
"fiaeq2nveleq.for",254,617,"FIAEQ2NVELEQ","((CULIST(J,I), I=1,3), J=1,361)",818,"'301DVEW202'","character",,"301DVEW202","38548071d5aa652bb90c7f111f86b427f798a1c9"
"fiaeq2nveleq.for",254,617,"FIAEQ2NVELEQ","((CULIST(J,I), I=1,3), J=1,361)",819,"'CVT'","character",,"CVT","38548071d5aa652bb90c7f111f86b427f798a1c9"
"fiaeq2nveleq.for",254,617,"FIAEQ2NVELEQ","((CULIST(J,I), I=1,3), J=1,361)",820,"'CU202002'","character",,"CU202002","38548071d5aa652bb90c7f111f86b427f798a1c9"
"fiaeq2nveleq.for",254,617,"FIAEQ2NVELEQ","((CULIST(J,I), I=1,3), J=1,361)",821,"'301DVEW202'","character",,"301DVEW202","38548071d5aa652bb90c7f111f86b427f798a1c9"
"fiaeq2nveleq.for",254,617,"FIAEQ2NVELEQ","((CULIST(J,I), I=1,3), J=1,361)",822,"'CV*'","character",,"CV*","38548071d5aa652bb90c7f111f86b427f798a1c9"
"fiaeq2nveleq.for",254,617,"FIAEQ2NVELEQ","((CULIST(J,I), I=1,3), J=1,361)",823,"'CU202003'","character",,"CU202003","38548071d5aa652bb90c7f111f86b427f798a1c9"
"fiaeq2nveleq.for",254,617,"FIAEQ2NVELEQ","((CULIST(J,I), I=1,3), J=1,361)",824,"'302DVEW202'","character",,"302DVEW202","38548071d5aa652bb90c7f111f86b427f798a1c9"
"fiaeq2nveleq.for",254,617,"FIAEQ2NVELEQ","((CULIST(J,I), I=1,3), J=1,361)",825,"'CVT'","character",,"CVT","38548071d5aa652bb90c7f111f86b427f798a1c9"
"fiaeq2nveleq.for",254,617,"FIAEQ2NVELEQ","((CULIST(J,I), I=1,3), J=1,361)",826,"'CU202004'","character",,"CU202004","38548071d5aa652bb90c7f111f86b427f798a1c9"
"fiaeq2nveleq.for",254,617,"FIAEQ2NVELEQ","((CULIST(J,I), I=1,3), J=1,361)",827,"'302DVEW202'","character",,"302DVEW202","38548071d5aa652bb90c7f111f86b427f798a1c9"
"fiaeq2nveleq.for",254,617,"FIAEQ2NVELEQ","((CULIST(J,I), I=1,3), J=1,361)",828,"'CV*'","character",,"CV*","38548071d5aa652bb90c7f111f86b427f798a1c9"
"fiaeq2nveleq.for",254,617,"FIAEQ2NVELEQ","((CULIST(J,I), I=1,3), J=1,361)",829,"'CU202005'","character",,"CU202005","38548071d5aa652bb90c7f111f86b427f798a1c9"
"fiaeq2nveleq.for",254,617,"FIAEQ2NVELEQ","((CULIST(J,I), I=1,3), J=1,361)",830,"'R01KEM0202'","character",,"R01KEM0202","38548071d5aa652bb90c7f111f86b427f798a1c9"
"fiaeq2nveleq.for",254,617,"FIAEQ2NVELEQ","((CULIST(J,I), I=1,3), J=1,361)",831,"'CV4'","character",,"CV4","38548071d5aa652bb90c7f111f86b427f798a1c9"
"fiaeq2nveleq.for",254,617,"FIAEQ2NVELEQ","((CULIST(J,I), I=1,3), J=1,361)",832,"'CU202006'","character",,"CU202006","38548071d5aa652bb90c7f111f86b427f798a1c9"
"fiaeq2nveleq.for",254,617,"FIAEQ2NVELEQ","((CULIST(J,I), I=1,3), J=1,361)",833,"'P02KRU2202'","character",,"P02KRU2202","38548071d5aa652bb90c7f111f86b427f798a1c9"
"fiaeq2nveleq.for",254,617,"FIAEQ2NVELEQ","((CULIST(J,I), I=1,3), J=1,361)",834,"'CVT'","character",,"CVT","38548071d5aa652bb90c7f111f86b427f798a1c9"
"fiaeq2nveleq.for",254,617,"FIAEQ2NVELEQ","((CULIST(J,I), I=1,3), J=1,361)",835,"'CU202007'","character",,"CU202007","38548071d5aa652bb90c7f111f86b427f798a1c9"
"fiaeq2nveleq.for",254,617,"FIAEQ2NVELEQ","((CULIST(J,I), I=1,3), J=1,361)",836,"'P02MAC1202'","character",,"P02MAC1202","38548071d5aa652bb90c7f111f86b427f798a1c9"
"fiaeq2nveleq.for",254,617,"FIAEQ2NVELEQ","((CULIST(J,I), I=1,3), J=1,361)",837,"'CV4'","character",,"CV4","38548071d5aa652bb90c7f111f86b427f798a1c9"
"fiaeq2nveleq.for",254,617,"FIAEQ2NVELEQ","((CULIST(J,I), I=1,3), J=1,361)",838,"'CU202008'","character",,"CU202008","38548071d5aa652bb90c7f111f86b427f798a1c9"
"fiaeq2nveleq.for",254,617,"FIAEQ2NVELEQ","((CULIST(J,I), I=1,3), J=1,361)",839,"'A01BRUW202'","character",,"A01BRUW202","38548071d5aa652bb90c7f111f86b427f798a1c9"
"fiaeq2nveleq.for",254,617,"FIAEQ2NVELEQ","((CULIST(J,I), I=1,3), J=1,361)",840,"'CVTS'","character",,"CVTS","38548071d5aa652bb90c7f111f86b427f798a1c9"
"fiaeq2nveleq.for",254,617,"FIAEQ2NVELEQ","((CULIST(J,I), I=1,3), J=1,361)",841,"'CU202009'","character",,"CU202009","38548071d5aa652bb90c7f111f86b427f798a1c9"
"fiaeq2nveleq.for",254,617,"FIAEQ2NVELEQ","((CULIST(J,I), I=1,3), J=1,361)",842,"'A01BRUW202'","character",,"A01BRUW202","38548071d5aa652bb90c7f111f86b427f798a1c9"
"fiaeq2nveleq.for",254,617,"FIAEQ2NVELEQ","((CULIST(J,I), I=1,3), J=1,361)",843,"'CVTS'","character",,"CVTS","38548071d5aa652bb90c7f111f86b427f798a1c9"
"fiaeq2nveleq.for",254,617,"FIAEQ2NVELEQ","((CULIST(J,I), I=1,3), J=1,361)",844,"'CU202010'","character",,"CU202010","38548071d5aa652bb90c7f111f86b427f798a1c9"
"fiaeq2nveleq.for",254,617,"FIAEQ2NVELEQ","((CULIST(J,I), I=1,3), J=1,361)",845,"'400MATW202'","character",,"400MATW202","38548071d5aa652bb90c7f111f86b427f798a1c9"
"fiaeq2nveleq.for",254,617,"FIAEQ2NVELEQ","((CULIST(J,I), I=1,3), J=1,361)",846,"'CVT'","character",,"CVT","38548071d5aa652bb90c7f111f86b427f798a1c9"
"fiaeq2nveleq.for",254,617,"FIAEQ2NVELEQ","((CULIST(J,I), I=1,3), J=1,361)",847,"'CU202011'","character",,"CU202011","38548071d5aa652bb90c7f111f86b427f798a1c9"
"fiaeq2nveleq.for",254,617,"FIAEQ2NVELEQ","((CULIST(J,I), I=1,3), J=1,361)",848,"'401MATW202'","character",,"401MATW202","38548071d5aa652bb90c7f111f86b427f798a1c9"
"fiaeq2nveleq.for",254,617,"FIAEQ2NVELEQ","((CULIST(J,I), I=1,3), J=1,361)",849,"'CVT'","character",,"CVT","38548071d5aa652bb90c7f111f86b427f798a1c9"
"fiaeq2nveleq.for",254,617,"FIAEQ2NVELEQ","((CULIST(J,I), I=1,3), J=1,361)",850,"'CU202012'","character",,"CU202012","38548071d5aa652bb90c7f111f86b427f798a1c9"
"fiaeq2nveleq.for",254,617,"FIAEQ2NVELEQ","((CULIST(J,I), I=1,3), J=1,361)",851,"'405MATW202'","character",,"405MATW202","38548071d5aa652bb90c7f111f86b427f798a1c9"
"fiaeq2nveleq.for",254,617,"FIAEQ2NVELEQ","((CULIST(J,I), I=1,3), J=1,361)",852,"'CVT'","character",,"CVT","38548071d5aa652bb90c7f111f86b427f798a1c9"
"fiaeq2nveleq.for",254,617,"FIAEQ2NVELEQ","((CULIST(J,I), I=1,3), J=1,361)",853,"'CU202013'","character",,"CU202013","38548071d5aa652bb90c7f111f86b427f798a1c9"
"fiaeq2nveleq.for",254,617,"FIAEQ2NVELEQ","((CULIST(J,I), I=1,3), J=1,361)",854,"'P16MAC0202'","character",,"P16MAC0202","38548071d5aa652bb90c7f111f86b427f798a1c9"
"fiaeq2nveleq.for",254,617,"FIAEQ2NVELEQ","((CULIST(J,I), I=1,3), J=1,361)",855,"'CVTS'","character",,"CVTS","38548071d5aa652bb90c7f111f86b427f798a1c9"
"fiaeq2nveleq.for",254,617,"FIAEQ2NVELEQ","((CULIST(J,I), I=1,3), J=1,361)",856,"'CU202014'","character",,"CU202014","38548071d5aa652bb90c7f111f86b427f798a1c9"
"fiaeq2nveleq.for",254,617,"FIAEQ2NVELEQ","((CULIST(J,I), I=1,3), J=1,361)",857,"'P16MAC0202'","character",,"P16MAC0202","38548071d5aa652bb90c7f111f86b427f798a1c9"
"fiaeq2nveleq.for",254,617,"FIAEQ2NVELEQ","((CULIST(J,I), I=1,3), J=1,361)",858,"'CVT'","character",,"CVT","38548071d5aa652bb90c7f111f86b427f798a1c9"
"fiaeq2nveleq.for",254,617,"FIAEQ2NVELEQ","((CULIST(J,I), I=1,3), J=1,361)",859,"'CU202015'","character",,"CU202015","38548071d5aa652bb90c7f111f86b427f798a1c9"
"fiaeq2nveleq.for",254,617,"FIAEQ2NVELEQ","((CULIST(J,I), I=1,3), J=1,361)",860,"'P16MAC0202'","character",,"P16MAC0202","38548071d5aa652bb90c7f111f86b427f798a1c9"
"fiaeq2nveleq.for",254,617,"FIAEQ2NVELEQ","((CULIST(J,I), I=1,3), J=1,361)",861,"'CV4'","character",,"CV4","38548071d5aa652bb90c7f111f86b427f798a1c9"
"fiaeq2nveleq.for",254,617,"FIAEQ2NVELEQ","((CULIST(J,I), I=1,3), J=1,361)",862,"'CU202016'","character",,"CU202016","38548071d5aa652bb90c7f111f86b427f798a1c9"
"fiaeq2nveleq.for",254,617,"FIAEQ2NVELEQ","((CULIST(J,I), I=1,3), J=1,361)",863,"'P16MAC0202'","character",,"P16MAC0202","38548071d5aa652bb90c7f111f86b427f798a1c9"
"fiaeq2nveleq.for",254,617,"FIAEQ2NVELEQ","((CULIST(J,I), I=1,3), J=1,361)",864,"'CV6'","character",,"CV6","38548071d5aa652bb90c7f111f86b427f798a1c9"
"fiaeq2nveleq.for",254,617,"FIAEQ2NVELEQ","((CULIST(J,I), I=1,3), J=1,361)",865,"'CU202017'","character",,"CU202017","38548071d5aa652bb90c7f111f86b427f798a1c9"
"fiaeq2nveleq.for",254,617,"FIAEQ2NVELEQ","((CULIST(J,I), I=1,3), J=1,361)",866,"'P16MAC0202'","character",,"P16MAC0202","38548071d5aa652bb90c7f111f86b427f798a1c9"
"fiaeq2nveleq.for",254,617,"FIAEQ2NVELEQ","((CULIST(J,I), I=1,3), J=1,361)",867,"'CV8'","character",,"CV8","38548071d5aa652bb90c7f111f86b427f798a1c9"
"fiaeq2nveleq.for",254,617,"FIAEQ2NVELEQ","((CULIST(J,I), I=1,3), J=1,361)",868,"'CU202018'","character",,"CU202018","38548071d5aa652bb90c7f111f86b427f798a1c9"
"fiaeq2nveleq.for",254,617,"FIAEQ2NVELEQ","((CULIST(J,I), I=1,3), J=1,361)",869,"'P16KIN0202'","character",,"P16KIN0202","38548071d5aa652bb90c7f111f86b427f798a1c9"
"fiaeq2nveleq.for",254,617,"FIAEQ2NVELEQ","((CULIST(J,I), I=1,3), J=1,361)",870,"'CVTS'","character",,"CVTS","38548071d5aa652bb90c7f111f86b427f798a1c9"
"fiaeq2nveleq.for",254,617,"FIAEQ2NVELEQ","((CULIST(J,I), I=1,3), J=1,361)",871,"'CU202019'","character",,"CU202019","38548071d5aa652bb90c7f111f86b427f798a1c9"
"fiaeq2nveleq.for",254,617,"FIAEQ2NVELEQ","((CULIST(J,I), I=1,3), J=1,361)",872,"'P16KIN0202'","character",,"P16KIN0202","38548071d5aa652bb90c7f111f86b427f798a1c9"
"fiaeq2nveleq.for",254,617,"FIAEQ2NVELEQ","((CULIST(J,I), I=1,3), J=1,361)",873,"'CVT'","character",,"CVT","38548071d5aa652bb90c7f111f86b427f798a1c9"
"fiaeq2nveleq.for",254,617,"FIAEQ2NVELEQ","((CULIST(J,I), I=1,3), J=1,361)",874,"'CU202020'","character",,"CU202020","38548071d5aa652bb90c7f111f86b427f798a1c9"
"fiaeq2nveleq.for",254,617,"FIAEQ2NVELEQ","((CULIST(J,I), I=1,3), J=1,361)",875,"'P16KIN0202'","character",,"P16KIN0202","38548071d5aa652bb90c7f111f86b427f798a1c9"
"fiaeq2nveleq.for",254,617,"FIAEQ2NVELEQ","((CULIST(J,I), I=1,3), J=1,361)",876,"'CV4'","character",,"CV4","38548071d5aa652bb90c7f111f86b427f798a1c9"
"fiaeq2nveleq.for",254,617,"FIAEQ2NVELEQ","((CULIST(J,I), I=1,3), J=1,361)",877,"'CU202021'","character",,"CU202021","38548071d5aa652bb90c7f111f86b427f798a1c9"
"fiaeq2nveleq.for",254,617,"FIAEQ2NVELEQ","((CULIST(J,I), I=1,3), J=1,361)",878,"'P16KIN0202'","character",,"P16KIN0202","38548071d5aa652bb90c7f111f86b427f798a1c9"
"fiaeq2nveleq.for",254,617,"FIAEQ2NVELEQ","((CULIST(J,I), I=1,3), J=1,361)",879,"'CV6'","character",,"CV6","38548071d5aa652bb90c7f111f86b427f798a1c9"
"fiaeq2nveleq.for",254,617,"FIAEQ2NVELEQ","((CULIST(J,I), I=1,3), J=1,361)",880,"'CU202022'","character",,"CU202022","38548071d5aa652bb90c7f111f86b427f798a1c9"
"fiaeq2nveleq.for",254,617,"FIAEQ2NVELEQ","((CULIST(J,I), I=1,3), J=1,361)",881,"'P16KIN0202'","character",,"P16KIN0202","38548071d5aa652bb90c7f111f86b427f798a1c9"
"fiaeq2nveleq.for",254,617,"FIAEQ2NVELEQ","((CULIST(J,I), I=1,3), J=1,361)",882,"'CV8'","character",,"CV8","38548071d5aa652bb90c7f111f86b427f798a1c9"
"fiaeq2nveleq.for",254,617,"FIAEQ2NVELEQ","((CULIST(J,I), I=1,3), J=1,361)",883,"'CU211001'","character",,"CU211001","38548071d5aa652bb90c7f111f86b427f798a1c9"
"fiaeq2nveleq.for",254,617,"FIAEQ2NVELEQ","((CULIST(J,I), I=1,3), J=1,361)",884,"'P02KRU2211'","character",,"P02KRU2211","38548071d5aa652bb90c7f111f86b427f798a1c9"
"fiaeq2nveleq.for",254,617,"FIAEQ2NVELEQ","((CULIST(J,I), I=1,3), J=1,361)",885,"'CVT'","character",,"CVT","38548071d5aa652bb90c7f111f86b427f798a1c9"
"fiaeq2nveleq.for",254,617,"FIAEQ2NVELEQ","((CULIST(J,I), I=1,3), J=1,361)",886,"'CU212001'","character",,"CU212001","38548071d5aa652bb90c7f111f86b427f798a1c9"
"fiaeq2nveleq.for",254,617,"FIAEQ2NVELEQ","((CULIST(J,I), I=1,3), J=1,361)",887,"'500DVEW212'","character",,"500DVEW212","38548071d5aa652bb90c7f111f86b427f798a1c9"
"fiaeq2nveleq.for",254,617,"FIAEQ2NVELEQ","((CULIST(J,I), I=1,3), J=1,361)",888,"'CV4'","character",,"CV4","38548071d5aa652bb90c7f111f86b427f798a1c9"
"fiaeq2nveleq.for",254,617,"FIAEQ2NVELEQ","((CULIST(J,I), I=1,3), J=1,361)",889,"'CU212002'","character",,"CU212002","38548071d5aa652bb90c7f111f86b427f798a1c9"
"fiaeq2nveleq.for",254,617,"FIAEQ2NVELEQ","((CULIST(J,I), I=1,3), J=1,361)",890,"'500DVEW212'","character",,"500DVEW212","38548071d5aa652bb90c7f111f86b427f798a1c9"
"fiaeq2nveleq.for",254,617,"FIAEQ2NVELEQ","((CULIST(J,I), I=1,3), J=1,361)",891,"'CV4'","character",,"CV4","38548071d5aa652bb90c7f111f86b427f798a1c9"
"fiaeq2nveleq.for",254,617,"FIAEQ2NVELEQ","((CULIST(J,I), I=1,3), J=1,361)",892,"'CU242001'","character",,"CU242001","38548071d5aa652bb90c7f111f86b427f798a1c9"
"fiaeq2nveleq.for",254,617,"FIAEQ2NVELEQ","((CULIST(J,I), I=1,3), J=1,361)",893,"'P01BDE0242'","character",,"P01BDE0242","38548071d5aa652bb90c7f111f86b427f798a1c9"
"fiaeq2nveleq.for",254,617,"FIAEQ2NVELEQ","((CULIST(J,I), I=1,3), J=1,361)",894,"'CV4'","character",,"CV4","38548071d5aa652bb90c7f111f86b427f798a1c9"
"fiaeq2nveleq.for",254,617,"FIAEQ2NVELEQ","((CULIST(J,I), I=1,3), J=1,361)",895,"'CU242002'","character",,"CU242002","38548071d5aa652bb90c7f111f86b427f798a1c9"
"fiaeq2nveleq.for",254,617,"FIAEQ2NVELEQ","((CULIST(J,I), I=1,3), J=1,361)",896,"'P01BDE0242'","character",,"P01BDE0242","38548071d5aa652bb90c7f111f86b427f798a1c9"
"fiaeq2nveleq.for",254,617,"FIAEQ2NVELEQ","((CULIST(J,I), I=1,3), J=1,361)",897,"'CV6'","character",,"CV6","38548071d5aa652bb90c7f111f86b427f798a1c9"
"fiaeq2nveleq.for",254,617,"FIAEQ2NVELEQ","((CULIST(J,I), I=1,3), J=1,361)",898,"'CU263001'","character",,"CU263001","38548071d5aa652bb90c7f111f86b427f798a1c9"
"fiaeq2nveleq.for",254,617,"FIAEQ2NVELEQ","((CULIST(J,I), I=1,3), J=1,361)",899,"'P02KRU2263'","character",,"P02KRU2263","38548071d5aa652bb90c7f111f86b427f798a1c9"
"fiaeq2nveleq.for",254,617,"FIAEQ2NVELEQ","((CULIST(J,I), I=1,3), J=1,361)",900,"'CVT'","character",,"CVT","38548071d5aa652bb90c7f111f86b427f798a1c9"
"fiaeq2nveleq.for",254,617,"FIAEQ2NVELEQ","((CULIST(J,I), I=1,3), J=1,361)",901,"'CU263002'","character",,"CU263002","38548071d5aa652bb90c7f111f86b427f798a1c9"
"fiaeq2nveleq.for",254,617,"FIAEQ2NVELEQ","((CULIST(J,I), I=1,3), J=1,361)",902,"'P16CHA0263'","character",,"P16CHA0263","38548071d5aa652bb90c7f111f86b427f798a1c9"
"fiaeq2nveleq.for",254,617,"FIAEQ2NVELEQ","((CULIST(J,I), I=1,3), J=1,361)",903,"'CVTS'","character",,"CVTS","38548071d5aa652bb90c7f111f86b427f798a1c9"
"fiaeq2nveleq.for",254,617,"FIAEQ2NVELEQ","((CULIST(J,I), I=1,3), J=1,361)",904,"'CU263003'","character",,"CU263003","38548071d5aa652bb90c7f111f86b427f798a1c9"
"fiaeq2nveleq.for",254,617,"FIAEQ2NVELEQ","((CULIST(J,I), I=1,3), J=1,361)",905,"'P16CHA0263'","character",,"P16CHA0263","38548071d5aa652bb90c7f111f86b427f798a1c9"
"fiaeq2nveleq.for",254,617,"FIAEQ2NVELEQ","((CULIST(J,I), I=1,3), J=1,361)",906,"'CVT'","character",,"CVT","38548071d5aa652bb90c7f111f86b427f798a1c9"
"fiaeq2nveleq.for",254,617,"FIAEQ2NVELEQ","((CULIST(J,I), I=1,3), J=1,361)",907,"'CU263004'","character",,"CU263004","38548071d5aa652bb90c7f111f86b427f798a1c9"
"fiaeq2nveleq.for",254,617,"FIAEQ2NVELEQ","((CULIST(J,I), I=1,3), J=1,361)",908,"'P16CHA0263'","character",,"P16CHA0263","38548071d5aa652bb90c7f111f86b427f798a1c9"
"fiaeq2nveleq.for",254,617,"FIAEQ2NVELEQ","((CULIST(J,I), I=1,3), J=1,361)",909,"'CV4'","character",,"CV4","38548071d5aa652bb90c7f111f86b427f798a1c9"
"fiaeq2nveleq.for",254,617,"FIAEQ2NVELEQ","((CULIST(J,I), I=1,3), J=1,361)",910,"'CU263005'","character",,"CU263005","38548071d5aa652bb90c7f111f86b427f798a1c9"
"fiaeq2nveleq.for",254,617,"FIAEQ2NVELEQ","((CULIST(J,I), I=1,3), J=1,361)",911,"'P16CHA0263'","character",,"P16CHA0263","38548071d5aa652bb90c7f111f86b427f798a1c9"
"fiaeq2nveleq.for",254,617,"FIAEQ2NVELEQ","((CULIST(J,I), I=1,3), J=1,361)",912,"'CV6'","character",,"CV6","38548071d5aa652bb90c7f111f86b427f798a1c9"
"fiaeq2nveleq.for",254,617,"FIAEQ2NVELEQ","((CULIST(J,I), I=1,3), J=1,361)",913,"'CU263006'","character",,"CU263006","38548071d5aa652bb90c7f111f86b427f798a1c9"
"fiaeq2nveleq.for",254,617,"FIAEQ2NVELEQ","((CULIST(J,I), I=1,3), J=1,361)",914,"'P16CHA0263'","character",,"P16CHA0263","38548071d5aa652bb90c7f111f86b427f798a1c9"
"fiaeq2nveleq.for",254,617,"FIAEQ2NVELEQ","((CULIST(J,I), I=1,3), J=1,361)",915,"'CV8'","character",,"CV8","38548071d5aa652bb90c7f111f86b427f798a1c9"
"fiaeq2nveleq.for",254,617,"FIAEQ2NVELEQ","((CULIST(J,I), I=1,3), J=1,361)",916,"'CU264001'","character",,"CU264001","38548071d5aa652bb90c7f111f86b427f798a1c9"
"fiaeq2nveleq.for",254,617,"FIAEQ2NVELEQ","((CULIST(J,I), I=1,3), J=1,361)",917,"'P16BEL0264'","character",,"P16BEL0264","38548071d5aa652bb90c7f111f86b427f798a1c9"
"fiaeq2nveleq.for",254,617,"FIAEQ2NVELEQ","((CULIST(J,I), I=1,3), J=1,361)",918,"'CVTS'","character",,"CVTS","38548071d5aa652bb90c7f111f86b427f798a1c9"
"fiaeq2nveleq.for",254,617,"FIAEQ2NVELEQ","((CULIST(J,I), I=1,3), J=1,361)",919,"'CU264002'","character",,"CU264002","38548071d5aa652bb90c7f111f86b427f798a1c9"
"fiaeq2nveleq.for",254,617,"FIAEQ2NVELEQ","((CULIST(J,I), I=1,3), J=1,361)",920,"'P16BEL0264'","character",,"P16BEL0264","38548071d5aa652bb90c7f111f86b427f798a1c9"
"fiaeq2nveleq.for",254,617,"FIAEQ2NVELEQ","((CULIST(J,I), I=1,3), J=1,361)",921,"'CVT'","character",,"CVT","38548071d5aa652bb90c7f111f86b427f798a1c9"
"fiaeq2nveleq.for",254,617,"FIAEQ2NVELEQ","((CULIST(J,I), I=1,3), J=1,361)",922,"'CU264003'","character",,"CU264003","38548071d5aa652bb90c7f111f86b427f798a1c9"
"fiaeq2nveleq.for",254,617,"FIAEQ2NVELEQ","((CULIST(J,I), I=1,3), J=1,361)",923,"'P16BEL0264'","character",,"P16BEL0264","38548071d5aa652bb90c7f111f86b427f798a1c9"
"fiaeq2nveleq.for",254,617,"FIAEQ2NVELEQ","((CULIST(J,I), I=1,3), J=1,361)",924,"'CV4'","character",,"CV4","38548071d5aa652bb90c7f111f86b427f798a1c9"
"fiaeq2nveleq.for",254,617,"FIAEQ2NVELEQ","((CULIST(J,I), I=1,3), J=1,361)",925,"'CU264004'","character",,"CU264004","38548071d5aa652bb90c7f111f86b427f798a1c9"
"fiaeq2nveleq.for",254,617,"FIAEQ2NVELEQ","((CULIST(J,I), I=1,3), J=1,361)",926,"'P16BEL0264'","character",,"P16BEL0264","38548071d5aa652bb90c7f111f86b427f798a1c9"
"fiaeq2nveleq.for",254,617,"FIAEQ2NVELEQ","((CULIST(J,I), I=1,3), J=1,361)",927,"'CV6'","character",,"CV6","38548071d5aa652bb90c7f111f86b427f798a1c9"
"fiaeq2nveleq.for",254,617,"FIAEQ2NVELEQ","((CULIST(J,I), I=1,3), J=1,361)",928,"'CU264005'","character",,"CU264005","38548071d5aa652bb90c7f111f86b427f798a1c9"
"fiaeq2nveleq.for",254,617,"FIAEQ2NVELEQ","((CULIST(J,I), I=1,3), J=1,361)",929,"'P16BEL0264'","character",,"P16BEL0264","38548071d5aa652bb90c7f111f86b427f798a1c9"
"fiaeq2nveleq.for",254,617,"FIAEQ2NVELEQ","((CULIST(J,I), I=1,3), J=1,361)",930,"'CV8'","character",,"CV8","38548071d5aa652bb90c7f111f86b427f798a1c9"
"fiaeq2nveleq.for",254,617,"FIAEQ2NVELEQ","((CULIST(J,I), I=1,3), J=1,361)",931,"'CU300001'","character",,"CU300001","38548071d5aa652bb90c7f111f86b427f798a1c9"
"fiaeq2nveleq.for",254,617,"FIAEQ2NVELEQ","((CULIST(J,I), I=1,3), J=1,361)",932,"'200DVEW998'","character",,"200DVEW998","38548071d5aa652bb90c7f111f86b427f798a1c9"
"fiaeq2nveleq.for",254,617,"FIAEQ2NVELEQ","((CULIST(J,I), I=1,3), J=1,361)",933,"'CV1.5'","character",,"CV1.5","38548071d5aa652bb90c7f111f86b427f798a1c9"
"fiaeq2nveleq.for",254,617,"FIAEQ2NVELEQ","((CULIST(J,I), I=1,3), J=1,361)",934,"'CU351001'","character",,"CU351001","38548071d5aa652bb90c7f111f86b427f798a1c9"
"fiaeq2nveleq.for",254,617,"FIAEQ2NVELEQ","((CULIST(J,I), I=1,3), J=1,361)",935,"'500DVEW351'","character",,"500DVEW351","38548071d5aa652bb90c7f111f86b427f798a1c9"
"fiaeq2nveleq.for",254,617,"FIAEQ2NVELEQ","((CULIST(J,I), I=1,3), J=1,361)",936,"'CV*'","character",,"CV*","38548071d5aa652bb90c7f111f86b427f798a1c9"
"fiaeq2nveleq.for",254,617,"FIAEQ2NVELEQ","((CULIST(J,I), I=1,3), J=1,361)",937,"'CU351002'","character",,"CU351002","38548071d5aa652bb90c7f111f86b427f798a1c9"
"fiaeq2nveleq.for",254,617,"FIAEQ2NVELEQ","((CULIST(J,I), I=1,3), J=1,361)",938,"'P16CUR0351'","character",,"P16CUR0351","38548071d5aa652bb90c7f111f86b427f798a1c9"
"fiaeq2nveleq.for",254,617,"FIAEQ2NVELEQ","((CULIST(J,I), I=1,3), J=1,361)",939,"'CVTS'","character",,"CVTS","38548071d5aa652bb90c7f111f86b427f798a1c9"
"fiaeq2nveleq.for",254,617,"FIAEQ2NVELEQ","((CULIST(J,I), I=1,3), J=1,361)",940,"'CU351003'","character",,"CU351003","38548071d5aa652bb90c7f111f86b427f798a1c9"
"fiaeq2nveleq.for",254,617,"FIAEQ2NVELEQ","((CULIST(J,I), I=1,3), J=1,361)",941,"'P16CUR0351'","character",,"P16CUR0351","38548071d5aa652bb90c7f111f86b427f798a1c9"
"fiaeq2nveleq.for",254,617,"FIAEQ2NVELEQ","((CULIST(J,I), I=1,3), J=1,361)",942,"'CVT'","character",,"CVT","38548071d5aa652bb90c7f111f86b427f798a1c9"
"fiaeq2nveleq.for",254,617,"FIAEQ2NVELEQ","((CULIST(J,I), I=1,3), J=1,361)",943,"'CU351004'","character",,"CU351004","38548071d5aa652bb90c7f111f86b427f798a1c9"
"fiaeq2nveleq.for",254,617,"FIAEQ2NVELEQ","((CULIST(J,I), I=1,3), J=1,361)",944,"'P16CUR0351'","character",,"P16CUR0351","38548071d5aa652bb90c7f111f86b427f798a1c9"
"fiaeq2nveleq.for",254,617,"FIAEQ2NVELEQ","((CULIST(J,I), I=1,3), J=1,361)",945,"'CV4'","character",,"CV4","38548071d5aa652bb90c7f111f86b427f798a1c9"
"fiaeq2nveleq.for",254,617,"FIAEQ2NVELEQ","((CULIST(J,I), I=1,3), J=1,361)",946,"'CU351005'","character",,"CU351005","38548071d5aa652bb90c7f111f86b427f798a1c9"
"fiaeq2nveleq.for",254,617,"FIAEQ2NVELEQ","((CULIST(J,I), I=1,3), J=1,361)",947,"'P16CUR0351'","character",,"P16CUR0351","38548071d5aa652bb90c7f111f86b427f798a1c9"
"fiaeq2nveleq.for",254,617,"FIAEQ2NVELEQ","((CULIST(J,I), I=1,3), J=1,361)",948,"'CV6'","character",,"CV6","38548071d5aa652bb90c7f111f86b427f798a1c9"
"fiaeq2nveleq.for",254,617,"FIAEQ2NVELEQ","((CULIST(J,I), I=1,3), J=1,361)",949,"'CU351006'","character",,"CU351006","38548071d5aa652bb90c7f111f86b427f798a1c9"
"fiaeq2nveleq.for",254,617,"FIAEQ2NVELEQ","((CULIST(J,I), I=1,3), J=1,361)",950,"'P16CUR0351'","character",,"P16CUR0351","38548071d5aa652bb90c7f111f86b427f798a1c9"
"fiaeq2nveleq.for",254,617,"FIAEQ2NVELEQ","((CULIST(J,I), I=1,3), J=1,361)",951,"'CV8'","character",,"CV8","38548071d5aa652bb90c7f111f86b427f798a1c9"
"fiaeq2nveleq.for",254,617,"FIAEQ2NVELEQ","((CULIST(J,I), I=1,3), J=1,361)",952,"'CU475001'","character",,"CU475001","38548071d5aa652bb90c7f111f86b427f798a1c9"
"fiaeq2nveleq.for",254,617,"FIAEQ2NVELEQ","((CULIST(J,I), I=1,3), J=1,361)",953,"'200DVEW475'","character",,"200DVEW475","38548071d5aa652bb90c7f111f86b427f798a1c9"
"fiaeq2nveleq.for",254,617,"FIAEQ2NVELEQ","((CULIST(J,I), I=1,3), J=1,361)",954,"'CV1.5'","character",,"CV1.5","38548071d5aa652bb90c7f111f86b427f798a1c9"
"fiaeq2nveleq.for",254,617,"FIAEQ2NVELEQ","((CULIST(J,I), I=1,3), J=1,361)",955,"'CU475002'","character",,"CU475002","38548071d5aa652bb90c7f111f86b427f798a1c9"
"fiaeq2nveleq.for",254,617,"FIAEQ2NVELEQ","((CULIST(J,I), I=1,3), J=1,361)",956,"'300DVEW314'","character",,"300DVEW314","38548071d5aa652bb90c7f111f86b427f798a1c9"
"fiaeq2nveleq.for",254,617,"FIAEQ2NVELEQ","((CULIST(J,I), I=1,3), J=1,361)",957,"'CV1.5'","character",,"CV1.5","38548071d5aa652bb90c7f111f86b427f798a1c9"
"fiaeq2nveleq.for",254,617,"FIAEQ2NVELEQ","((CULIST(J,I), I=1,3), J=1,361)",958,"'CU740001'","character",,"CU740001","38548071d5aa652bb90c7f111f86b427f798a1c9"
"fiaeq2nveleq.for",254,617,"FIAEQ2NVELEQ","((CULIST(J,I), I=1,3), J=1,361)",959,"'R01KEM0740'","character",,"R01KEM0740","38548071d5aa652bb90c7f111f86b427f798a1c9"
"fiaeq2nveleq.for",254,617,"FIAEQ2NVELEQ","((CULIST(J,I), I=1,3), J=1,361)",960,"'CV4'","character",,"CV4","38548071d5aa652bb90c7f111f86b427f798a1c9"
"fiaeq2nveleq.for",254,617,"FIAEQ2NVELEQ","((CULIST(J,I), I=1,3), J=1,361)",961,"'CU741001'","character",,"CU741001","38548071d5aa652bb90c7f111f86b427f798a1c9"
"fiaeq2nveleq.for",254,617,"FIAEQ2NVELEQ","((CULIST(J,I), I=1,3), J=1,361)",962,"'P01DIP0741'","character",,"P01DIP0741","38548071d5aa652bb90c7f111f86b427f798a1c9"
"fiaeq2nveleq.for",254,617,"FIAEQ2NVELEQ","((CULIST(J,I), I=1,3), J=1,361)",963,"'CV4'","character",,"CV4","38548071d5aa652bb90c7f111f86b427f798a1c9"
"fiaeq2nveleq.for",254,617,"FIAEQ2NVELEQ","((CULIST(J,I), I=1,3), J=1,361)",964,"'CU746001'","character",,"CU746001","38548071d5aa652bb90c7f111f86b427f798a1c9"
"fiaeq2nveleq.for",254,617,"FIAEQ2NVELEQ","((CULIST(J,I), I=1,3), J=1,361)",965,"'200DVEW746'","character",,"200DVEW746","38548071d5aa652bb90c7f111f86b427f798a1c9"
"fiaeq2nveleq.for",254,617,"FIAEQ2NVELEQ","((CULIST(J,I), I=1,3), J=1,361)",966,"'CVT'","character",,"CVT","38548071d5aa652bb90c7f111f86b427f798a1c9"
"fiaeq2nveleq.for",254,617,"FIAEQ2NVELEQ","((CULIST(J,I), I=1,3), J=1,361)",967,"'CU746002'","character",,"CU746002","38548071d5aa652bb90c7f111f86b427f798a1c9"
"fiaeq2nveleq.for",254,617,"FIAEQ2NVELEQ","((CULIST(J,I), I=1,3), J=1,361)",968,"'200DVEW746'","character",,"200DVEW746","38548071d5aa652bb90c7f111f86b427f798a1c9"
"fiaeq2nveleq.for",254,617,"FIAEQ2NVELEQ","((CULIST(J,I), I=1,3), J=1,361)",969,"'CV4'","character",,"CV4","38548071d5aa652bb90c7f111f86b427f798a1c9"
"fiaeq2nveleq.for",254,617,"FIAEQ2NVELEQ","((CULIST(J,I), I=1,3), J=1,361)",970,"'CU746003'","character",,"CU746003","38548071d5aa652bb90c7f111f86b427f798a1c9"
"fiaeq2nveleq.for",254,617,"FIAEQ2NVELEQ","((CULIST(J,I), I=1,3), J=1,361)",971,"'300DVEW746'","character",,"300DVEW746","38548071d5aa652bb90c7f111f86b427f798a1c9"
"fiaeq2nveleq.for",254,617,"FIAEQ2NVELEQ","((CULIST(J,I), I=1,3), J=1,361)",972,"'CVT'","character",,"CVT","38548071d5aa652bb90c7f111f86b427f798a1c9"
"fiaeq2nveleq.for",254,617,"FIAEQ2NVELEQ","((CULIST(J,I), I=1,3), J=1,361)",973,"'CU746004'","character",,"CU746004","38548071d5aa652bb90c7f111f86b427f798a1c9"
"fiaeq2nveleq.for",254,617,"FIAEQ2NVELEQ","((CULIST(J,I), I=1,3), J=1,361)",974,"'300DVEW746'","character",,"300DVEW746","38548071d5aa652bb90c7f111f86b427f798a1c9"
"fiaeq2nveleq.for",254,617,"FIAEQ2NVELEQ","((CULIST(J,I), I=1,3), J=1,361)",975,"'CV*'","character",,"CV*","38548071d5aa652bb90c7f111f86b427f798a1c9"
"fiaeq2nveleq.for",254,617,"FIAEQ2NVELEQ","((CULIST(J,I), I=1,3), J=1,361)",976,"'CU746006'","character",,"CU746006","38548071d5aa652bb90c7f111f86b427f798a1c9"
"fiaeq2nveleq.for",254,617,"FIAEQ2NVELEQ","((CULIST(J,I), I=1,3), J=1,361)",977,"'201DVEW746'","character",,"201DVEW746","38548071d5aa652bb90c7f111f86b427f798a1c9"
"fiaeq2nveleq.for",254,617,"FIAEQ2NVELEQ","((CULIST(J,I), I=1,3), J=1,361)",978,"'CV4'","character",,"CV4","38548071d5aa652bb90c7f111f86b427f798a1c9"
"fiaeq2nveleq.for",254,617,"FIAEQ2NVELEQ","((CULIST(J,I), I=1,3), J=1,361)",979,"'CU746007'","character",,"CU746007","38548071d5aa652bb90c7f111f86b427f798a1c9"
"fiaeq2nveleq.for",254,617,"FIAEQ2NVELEQ","((CULIST(J,I), I=1,3), J=1,361)",980,"'N00SCH0746'","character",,"N00SCH0746","38548071d5aa652bb90c7f111f86b427f798a1c9"
"fiaeq2nveleq.for",254,617,"FIAEQ2NVELEQ","((CULIST(J,I), I=1,3), J=1,361)",981,"'CVT'","character",,"CVT","38548071d5aa652bb90c7f111f86b427f798a1c9"
"fiaeq2nveleq.for",254,617,"FIAEQ2NVELEQ","((CULIST(J,I), I=1,3), J=1,361)",982,"'CU746008'","character",,"CU746008","38548071d5aa652bb90c7f111f86b427f798a1c9"
"fiaeq2nveleq.for",254,617,"FIAEQ2NVELEQ","((CULIST(J,I), I=1,3), J=1,361)",983,"'N00SCH1746'","character",,"N00SCH1746","38548071d5aa652bb90c7f111f86b427f798a1c9"
"fiaeq2nveleq.for",254,617,"FIAEQ2NVELEQ","((CULIST(J,I), I=1,3), J=1,361)",984,"'CVT'","character",,"CVT","38548071d5aa652bb90c7f111f86b427f798a1c9"
"fiaeq2nveleq.for",254,617,"FIAEQ2NVELEQ","((CULIST(J,I), I=1,3), J=1,361)",985,"'CU746009'","character",,"CU746009","38548071d5aa652bb90c7f111f86b427f798a1c9"
"fiaeq2nveleq.for",254,617,"FIAEQ2NVELEQ","((CULIST(J,I), I=1,3), J=1,361)",986,"'N00SCH1746'","character",,"N00SCH1746","38548071d5aa652bb90c7f111f86b427f798a1c9"
"fiaeq2nveleq.for",254,617,"FIAEQ2NVELEQ","((CULIST(J,I), I=1,3), J=1,361)",987,"'TOTTREE'","character",,"TOTTREE","38548071d5aa652bb90c7f111f86b427f798a1c9"
"fiaeq2nveleq.for",254,617,"FIAEQ2NVELEQ","((CULIST(J,I), I=1,3), J=1,361)",988,"'CU746010'","character",,"CU746010","38548071d5aa652bb90c7f111f86b427f798a1c9"
"fiaeq2nveleq.for",254,617,"FIAEQ2NVELEQ","((CULIST(J,I), I=1,3), J=1,361)",989,"'400MATW746'","character",,"400MATW746","38548071d5aa652bb90c7f111f86b427f798a1c9"
"fiaeq2nveleq.for",254,617,"FIAEQ2NVELEQ","((CULIST(J,I), I=1,3), J=1,361)",990,"'CVT'","character",,"CVT","38548071d5aa652bb90c7f111f86b427f798a1c9"
"fiaeq2nveleq.for",254,617,"FIAEQ2NVELEQ","((CULIST(J,I), I=1,3), J=1,361)",991,"'CU746102'","character",,"CU746102","38548071d5aa652bb90c7f111f86b427f798a1c9"
"fiaeq2nveleq.for",254,617,"FIAEQ2NVELEQ","((CULIST(J,I), I=1,3), J=1,361)",992,"'200DVEW746'","character",,"200DVEW746","38548071d5aa652bb90c7f111f86b427f798a1c9"
"fiaeq2nveleq.for",254,617,"FIAEQ2NVELEQ","((CULIST(J,I), I=1,3), J=1,361)",993,"'CV6'","character",,"CV6","38548071d5aa652bb90c7f111f86b427f798a1c9"
"fiaeq2nveleq.for",254,617,"FIAEQ2NVELEQ","((CULIST(J,I), I=1,3), J=1,361)",994,"'CU755001'","character",,"CU755001","38548071d5aa652bb90c7f111f86b427f798a1c9"
"fiaeq2nveleq.for",254,617,"FIAEQ2NVELEQ","((CULIST(J,I), I=1,3), J=1,361)",995,"'300DVEW999'","character",,"300DVEW999","38548071d5aa652bb90c7f111f86b427f798a1c9"
"fiaeq2nveleq.for",254,617,"FIAEQ2NVELEQ","((CULIST(J,I), I=1,3), J=1,361)",996,"'CV1.5'","character",,"CV1.5","38548071d5aa652bb90c7f111f86b427f798a1c9"
"fiaeq2nveleq.for",254,617,"FIAEQ2NVELEQ","((CULIST(J,I), I=1,3), J=1,361)",997,"'CU800001'","character",,"CU800001","38548071d5aa652bb90c7f111f86b427f798a1c9"
"fiaeq2nveleq.for",254,617,"FIAEQ2NVELEQ","((CULIST(J,I), I=1,3), J=1,361)",998,"'301DVEW800'","character",,"301DVEW800","38548071d5aa652bb90c7f111f86b427f798a1c9"
"fiaeq2nveleq.for",254,617,"FIAEQ2NVELEQ","((CULIST(J,I), I=1,3), J=1,361)",999,"'CV1.5'","character",,"CV1.5","38548071d5aa652bb90c7f111f86b427f798a1c9"
"fiaeq2nveleq.for",254,617,"FIAEQ2NVELEQ","((CULIST(J,I), I=1,3), J=1,361)",1000,"'CU800002'","character",,"CU800002","38548071d5aa652bb90c7f111f86b427f798a1c9"
"fiaeq2nveleq.for",254,617,"FIAEQ2NVELEQ","((CULIST(J,I), I=1,3), J=1,361)",1001,"'300DVEW800'","character",,"300DVEW800","38548071d5aa652bb90c7f111f86b427f798a1c9"
"fiaeq2nveleq.for",254,617,"FIAEQ2NVELEQ","((CULIST(J,I), I=1,3), J=1,361)",1002,"'CV1.5'","character",,"CV1.5","38548071d5aa652bb90c7f111f86b427f798a1c9"
"fiaeq2nveleq.for",254,617,"FIAEQ2NVELEQ","((CULIST(J,I), I=1,3), J=1,361)",1003,"'CU800003'","character",,"CU800003","38548071d5aa652bb90c7f111f86b427f798a1c9"
"fiaeq2nveleq.for",254,617,"FIAEQ2NVELEQ","((CULIST(J,I), I=1,3), J=1,361)",1004,"'N00HIL0800'","character",,"N00HIL0800","38548071d5aa652bb90c7f111f86b427f798a1c9"
"fiaeq2nveleq.for",254,617,"FIAEQ2NVELEQ","((CULIST(J,I), I=1,3), J=1,361)",1005,"'CVT'","character",,"CVT","38548071d5aa652bb90c7f111f86b427f798a1c9"
"fiaeq2nveleq.for",254,617,"FIAEQ2NVELEQ","((CULIST(J,I), I=1,3), J=1,361)",1006,"'CU806001'","character",,"CU806001","38548071d5aa652bb90c7f111f86b427f798a1c9"
"fiaeq2nveleq.for",254,617,"FIAEQ2NVELEQ","((CULIST(J,I), I=1,3), J=1,361)",1007,"'S00CLK1806'","character",,"S00CLK1806","38548071d5aa652bb90c7f111f86b427f798a1c9"
"fiaeq2nveleq.for",254,617,"FIAEQ2NVELEQ","((CULIST(J,I), I=1,3), J=1,361)",1008,"'CVT'","character",,"CVT","38548071d5aa652bb90c7f111f86b427f798a1c9"
"fiaeq2nveleq.for",254,617,"FIAEQ2NVELEQ","((CULIST(J,I), I=1,3), J=1,361)",1009,"'CU806002'","character",,"CU806002","38548071d5aa652bb90c7f111f86b427f798a1c9"
"fiaeq2nveleq.for",254,617,"FIAEQ2NVELEQ","((CULIST(J,I), I=1,3), J=1,361)",1010,"'S00CLK0806'","character",,"S00CLK0806","38548071d5aa652bb90c7f111f86b427f798a1c9"
"fiaeq2nveleq.for",254,617,"FIAEQ2NVELEQ","((CULIST(J,I), I=1,3), J=1,361)",1011,"'CVT'","character",,"CVT","38548071d5aa652bb90c7f111f86b427f798a1c9"
"fiaeq2nveleq.for",254,617,"FIAEQ2NVELEQ","((CULIST(J,I), I=1,3), J=1,361)",1012,"'CU806003'","character",,"CU806003","38548071d5aa652bb90c7f111f86b427f798a1c9"
"fiaeq2nveleq.for",254,617,"FIAEQ2NVELEQ","((CULIST(J,I), I=1,3), J=1,361)",1013,"'S00CLK1806'","character",,"S00CLK1806","38548071d5aa652bb90c7f111f86b427f798a1c9"
"fiaeq2nveleq.for",254,617,"FIAEQ2NVELEQ","((CULIST(J,I), I=1,3), J=1,361)",1014,"'CV8'","character",,"CV8","38548071d5aa652bb90c7f111f86b427f798a1c9"
"fiaeq2nveleq.for",254,617,"FIAEQ2NVELEQ","((CULIST(J,I), I=1,3), J=1,361)",1015,"'CU806004'","character",,"CU806004","38548071d5aa652bb90c7f111f86b427f798a1c9"
"fiaeq2nveleq.for",254,617,"FIAEQ2NVELEQ","((CULIST(J,I), I=1,3), J=1,361)",1016,"'S00CLK0806'","character",,"S00CLK0806","38548071d5aa652bb90c7f111f86b427f798a1c9"
"fiaeq2nveleq.for",254,617,"FIAEQ2NVELEQ","((CULIST(J,I), I=1,3), J=1,361)",1017,"'CV8'","character",,"CV8","38548071d5aa652bb90c7f111f86b427f798a1c9"
"fiaeq2nveleq.for",254,617,"FIAEQ2NVELEQ","((CULIST(J,I), I=1,3), J=1,361)",1018,"'CU806005'","character",,"CU806005","38548071d5aa652bb90c7f111f86b427f798a1c9"
"fiaeq2nveleq.for",254,617,"FIAEQ2NVELEQ","((CULIST(J,I), I=1,3), J=1,361)",1019,"'S00CLK1806'","character",,"S00CLK1806","38548071d5aa652bb90c7f111f86b427f798a1c9"
"fiaeq2nveleq.for",254,617,"FIAEQ2NVELEQ","((CULIST(J,I), I=1,3), J=1,361)",1020,"'CV4'","character",,"CV4","38548071d5aa652bb90c7f111f86b427f798a1c9"
"fiaeq2nveleq.for",254,617,"FIAEQ2NVELEQ","((CULIST(J,I), I=1,3), J=1,361)",1021,"'CU806006'","character",,"CU806006","38548071d5aa652bb90c7f111f86b427f798a1c9"
"fiaeq2nveleq.for",254,617,"FIAEQ2NVELEQ","((CULIST(J,I), I=1,3), J=1,361)",1022,"'S00CLK0806'","character",,"S00CLK0806","38548071d5aa652bb90c7f111f86b427f798a1c9"
"fiaeq2nveleq.for",254,617,"FIAEQ2NVELEQ","((CULIST(J,I), I=1,3), J=1,361)",1023,"'CV4'","character",,"CV4","38548071d5aa652bb90c7f111f86b427f798a1c9"
"fiaeq2nveleq.for",254,617,"FIAEQ2NVELEQ","((CULIST(J,I), I=1,3), J=1,361)",1024,"'CU806007'","character",,"CU806007","38548071d5aa652bb90c7f111f86b427f798a1c9"
"fiaeq2nveleq.for",254,617,"FIAEQ2NVELEQ","((CULIST(J,I), I=1,3), J=1,361)",1025,"'S00CLK1806'","character",,"S00CLK1806","38548071d5aa652bb90c7f111f86b427f798a1c9"
"fiaeq2nveleq.for",254,617,"FIAEQ2NVELEQ","((CULIST(J,I), I=1,3), J=1,361)",1026,"'CROWN'","character",,"CROWN","38548071d5aa652bb90c7f111f86b427f798a1c9"
"fiaeq2nveleq.for",254,617,"FIAEQ2NVELEQ","((CULIST(J,I), I=1,3), J=1,361)",1027,"'CU806008'","character",,"CU806008","38548071d5aa652bb90c7f111f86b427f798a1c9"
"fiaeq2nveleq.for",254,617,"FIAEQ2NVELEQ","((CULIST(J,I), I=1,3), J=1,361)",1028,"'S00CLK0806'","character",,"S00CLK0806","38548071d5aa652bb90c7f111f86b427f798a1c9"
"fiaeq2nveleq.for",254,617,"FIAEQ2NVELEQ","((CULIST(J,I), I=1,3), J=1,361)",1029,"'CROWN'","character",,"CROWN","38548071d5aa652bb90c7f111f86b427f798a1c9"
"fiaeq2nveleq.for",254,617,"FIAEQ2NVELEQ","((CULIST(J,I), I=1,3), J=1,361)",1030,"'CU814001'","character",,"CU814001","38548071d5aa652bb90c7f111f86b427f798a1c9"
"fiaeq2nveleq.for",254,617,"FIAEQ2NVELEQ","((CULIST(J,I), I=1,3), J=1,361)",1031,"'200DVEW814'","character",,"200DVEW814","38548071d5aa652bb90c7f111f86b427f798a1c9"
"fiaeq2nveleq.for",254,617,"FIAEQ2NVELEQ","((CULIST(J,I), I=1,3), J=1,361)",1032,"'CV1.5'","character",,"CV1.5","38548071d5aa652bb90c7f111f86b427f798a1c9"
"fiaeq2nveleq.for",254,617,"FIAEQ2NVELEQ","((CULIST(J,I), I=1,3), J=1,361)",1033,"'CU823001'","character",,"CU823001","38548071d5aa652bb90c7f111f86b427f798a1c9"
"fiaeq2nveleq.for",254,617,"FIAEQ2NVELEQ","((CULIST(J,I), I=1,3), J=1,361)",1034,"'200DVEW823'","character",,"200DVEW823","38548071d5aa652bb90c7f111f86b427f798a1c9"
"fiaeq2nveleq.for",254,617,"FIAEQ2NVELEQ","((CULIST(J,I), I=1,3), J=1,361)",1035,"'CV1.5'","character",,"CV1.5","38548071d5aa652bb90c7f111f86b427f798a1c9"
"fiaeq2nveleq.for",254,617,"FIAEQ2NVELEQ","((CULIST(J,I), I=1,3), J=1,361)",1036,"'CU831001'","character",,"CU831001","38548071d5aa652bb90c7f111f86b427f798a1c9"
"fiaeq2nveleq.for",254,617,"FIAEQ2NVELEQ","((CULIST(J,I), I=1,3), J=1,361)",1037,"'S00SCH0831'","character",,"S00SCH0831","38548071d5aa652bb90c7f111f86b427f798a1c9"
"fiaeq2nveleq.for",254,617,"FIAEQ2NVELEQ","((CULIST(J,I), I=1,3), J=1,361)",1038,"'CVT'","character",,"CVT","38548071d5aa652bb90c7f111f86b427f798a1c9"
"fiaeq2nveleq.for",254,617,"FIAEQ2NVELEQ","((CULIST(J,I), I=1,3), J=1,361)",1039,"'CU831002'","character",,"CU831002","38548071d5aa652bb90c7f111f86b427f798a1c9"
"fiaeq2nveleq.for",254,617,"FIAEQ2NVELEQ","((CULIST(J,I), I=1,3), J=1,361)",1040,"'S00SCH1831'","character",,"S00SCH1831","38548071d5aa652bb90c7f111f86b427f798a1c9"
"fiaeq2nveleq.for",254,617,"FIAEQ2NVELEQ","((CULIST(J,I), I=1,3), J=1,361)",1041,"'CVT'","character",,"CVT","38548071d5aa652bb90c7f111f86b427f798a1c9"
"fiaeq2nveleq.for",254,617,"FIAEQ2NVELEQ","((CULIST(J,I), I=1,3), J=1,361)",1042,"'CU831003'","character",,"CU831003","38548071d5aa652bb90c7f111f86b427f798a1c9"
"fiaeq2nveleq.for",254,617,"FIAEQ2NVELEQ","((CULIST(J,I), I=1,3), J=1,361)",1043,"'S00SCH1831'","character",,"S00SCH1831","38548071d5aa652bb90c7f111f86b427f798a1c9"
"fiaeq2nveleq.for",254,617,"FIAEQ2NVELEQ","((CULIST(J,I), I=1,3), J=1,361)",1044,"'TOTTREE'","character",,"TOTTREE","38548071d5aa652bb90c7f111f86b427f798a1c9"
"fiaeq2nveleq.for",254,617,"FIAEQ2NVELEQ","((CULIST(J,I), I=1,3), J=1,361)",1045,"'CU833001'","character",,"CU833001","38548071d5aa652bb90c7f111f86b427f798a1c9"
"fiaeq2nveleq.for",254,617,"FIAEQ2NVELEQ","((CULIST(J,I), I=1,3), J=1,361)",1046,"'S00CLK1833'","character",,"S00CLK1833","38548071d5aa652bb90c7f111f86b427f798a1c9"
"fiaeq2nveleq.for",254,617,"FIAEQ2NVELEQ","((CULIST(J,I), I=1,3), J=1,361)",1047,"'CVT'","character",,"CVT","38548071d5aa652bb90c7f111f86b427f798a1c9"
"fiaeq2nveleq.for",254,617,"FIAEQ2NVELEQ","((CULIST(J,I), I=1,3), J=1,361)",1048,"'CU833002'","character",,"CU833002","38548071d5aa652bb90c7f111f86b427f798a1c9"
"fiaeq2nveleq.for",254,617,"FIAEQ2NVELEQ","((CULIST(J,I), I=1,3), J=1,361)",1049,"'S00CLK0833'","character",,"S00CLK0833","38548071d5aa652bb90c7f111f86b427f798a1c9"
"fiaeq2nveleq.for",254,617,"FIAEQ2NVELEQ","((CULIST(J,I), I=1,3), J=1,361)",1050,"'CVT'","character",,"CVT","38548071d5aa652bb90c7f111f86b427f798a1c9"
"fiaeq2nveleq.for",254,617,"FIAEQ2NVELEQ","((CULIST(J,I), I=1,3), J=1,361)",1051,"'CU833003'","character",,"CU833003","38548071d5aa652bb90c7f111f86b427f798a1c9"
"fiaeq2nveleq.for",254,617,"FIAEQ2NVELEQ","((CULIST(J,I), I=1,3), J=1,361)",1052,"'S00CLK1833'","character",,"S00CLK1833","38548071d5aa652bb90c7f111f86b427f798a1c9"
"fiaeq2nveleq.for",254,617,"FIAEQ2NVELEQ","((CULIST(J,I), I=1,3), J=1,361)",1053,"'CV8'","character",,"CV8","38548071d5aa652bb90c7f111f86b427f798a1c9"
"fiaeq2nveleq.for",254,617,"FIAEQ2NVELEQ","((CULIST(J,I), I=1,3), J=1,361)",1054,"'CU833004'","character",,"CU833004","38548071d5aa652bb90c7f111f86b427f798a1c9"
"fiaeq2nveleq.for",254,617,"FIAEQ2NVELEQ","((CULIST(J,I), I=1,3), J=1,361)",1055,"'S00CLK0833'","character",,"S00CLK0833","38548071d5aa652bb90c7f111f86b427f798a1c9"
"fiaeq2nveleq.for",254,617,"FIAEQ2NVELEQ","((CULIST(J,I), I=1,3), J=1,361)",1056,"'CV8'","character",,"CV8","38548071d5aa652bb90c7f111f86b427f798a1c9"
"fiaeq2nveleq.for",254,617,"FIAEQ2NVELEQ","((CULIST(J,I), I=1,3), J=1,361)",1057,"'CU833005'","character",,"CU833005","38548071d5aa652bb90c7f111f86b427f798a1c9"
"fiaeq2nveleq.for",254,617,"FIAEQ2NVELEQ","((CULIST(J,I), I=1,3), J=1,361)",1058,"'S00CLK1833'","character",,"S00CLK1833","38548071d5aa652bb90c7f111f86b427f798a1c9"
"fiaeq2nveleq.for",254,617,"FIAEQ2NVELEQ","((CULIST(J,I), I=1,3), J=1,361)",1059,"'CV4'","character",,"CV4","38548071d5aa652bb90c7f111f86b427f798a1c9"
"fiaeq2nveleq.for",254,617,"FIAEQ2NVELEQ","((CULIST(J,I), I=1,3), J=1,361)",1060,"'CU833006'","character",,"CU833006","38548071d5aa652bb90c7f111f86b427f798a1c9"
"fiaeq2nveleq.for",254,617,"FIAEQ2NVELEQ","((CULIST(J,I), I=1,3), J=1,361)",1061,"'S00CLK0833'","character",,"S00CLK0833","38548071d5aa652bb90c7f111f86b427f798a1c9"
"fiaeq2nveleq.for",254,617,"FIAEQ2NVELEQ","((CULIST(J,I), I=1,3), J=1,361)",1062,"'CV4'","character",,"CV4","38548071d5aa652bb90c7f111f86b427f798a1c9"
"fiaeq2nveleq.for",254,617,"FIAEQ2NVELEQ","((CULIST(J,I), I=1,3), J=1,361)",1063,"'CU833007'","character",,"CU833007","38548071d5aa652bb90c7f111f86b427f798a1c9"
"fiaeq2nveleq.for",254,617,"FIAEQ2NVELEQ","((CULIST(J,I), I=1,3), J=1,361)",1064,"'S00CLK1833'","character",,"S00CLK1833","38548071d5aa652bb90c7f111f86b427f798a1c9"
"fiaeq2nveleq.for",254,617,"FIAEQ2NVELEQ","((CULIST(J,I), I=1,3), J=1,361)",1065,"'CROWN'","character",,"CROWN","38548071d5aa652bb90c7f111f86b427f798a1c9"
"fiaeq2nveleq.for",254,617,"FIAEQ2NVELEQ","((CULIST(J,I), I=1,3), J=1,361)",1066,"'CU833008'","character",,"CU833008","38548071d5aa652bb90c7f111f86b427f798a1c9"
"fiaeq2nveleq.for",254,617,"FIAEQ2NVELEQ","((CULIST(J,I), I=1,3), J=1,361)",1067,"'S00CLK0833'","character",,"S00CLK0833","38548071d5aa652bb90c7f111f86b427f798a1c9"
"fiaeq2nveleq.for",254,617,"FIAEQ2NVELEQ","((CULIST(J,I), I=1,3), J=1,361)",1068,"'CROWN'","character",,"CROWN","38548071d5aa652bb90c7f111f86b427f798a1c9"
"fiaeq2nveleq.for",254,617,"FIAEQ2NVELEQ","((CULIST(J,I), I=1,3), J=1,361)",1069,"'CU998001'","character",,"CU998001","38548071d5aa652bb90c7f111f86b427f798a1c9"
"fiaeq2nveleq.for",254,617,"FIAEQ2NVELEQ","((CULIST(J,I), I=1,3), J=1,361)",1070,"'P16MAC0998'","character",,"P16MAC0998","38548071d5aa652bb90c7f111f86b427f798a1c9"
"fiaeq2nveleq.for",254,617,"FIAEQ2NVELEQ","((CULIST(J,I), I=1,3), J=1,361)",1071,"'CVTS'","character",,"CVTS","38548071d5aa652bb90c7f111f86b427f798a1c9"
"fiaeq2nveleq.for",254,617,"FIAEQ2NVELEQ","((CULIST(J,I), I=1,3), J=1,361)",1072,"'CU998002'","character",,"CU998002","38548071d5aa652bb90c7f111f86b427f798a1c9"
"fiaeq2nveleq.for",254,617,"FIAEQ2NVELEQ","((CULIST(J,I), I=1,3), J=1,361)",1073,"'P16MAC0998'","character",,"P16MAC0998","38548071d5aa652bb90c7f111f86b427f798a1c9"
"fiaeq2nveleq.for",254,617,"FIAEQ2NVELEQ","((CULIST(J,I), I=1,3), J=1,361)",1074,"'CVT'","character",,"CVT","38548071d5aa652bb90c7f111f86b427f798a1c9"
"fiaeq2nveleq.for",254,617,"FIAEQ2NVELEQ","((CULIST(J,I), I=1,3), J=1,361)",1075,"'CU998003'","character",,"CU998003","38548071d5aa652bb90c7f111f86b427f798a1c9"
"fiaeq2nveleq.for",254,617,"FIAEQ2NVELEQ","((CULIST(J,I), I=1,3), J=1,361)",1076,"'P16MAC0998'","character",,"P16MAC0998","38548071d5aa652bb90c7f111f86b427f798a1c9"
"fiaeq2nveleq.for",254,617,"FIAEQ2NVELEQ","((CULIST(J,I), I=1,3), J=1,361)",1077,"'CV4'","character",,"CV4","38548071d5aa652bb90c7f111f86b427f798a1c9"
"fiaeq2nveleq.for",254,617,"FIAEQ2NVELEQ","((CULIST(J,I), I=1,3), J=1,361)",1078,"'CU998004'","character",,"CU998004","38548071d5aa652bb90c7f111f86b427f798a1c9"
"fiaeq2nveleq.for",254,617,"FIAEQ2NVELEQ","((CULIST(J,I), I=1,3), J=1,361)",1079,"'P16MAC0998'","character",,"P16MAC0998","38548071d5aa652bb90c7f111f86b427f798a1c9"
"fiaeq2nveleq.for",254,617,"FIAEQ2NVELEQ","((CULIST(J,I), I=1,3), J=1,361)",1080,"'CV6'","character",,"CV6","38548071d5aa652bb90c7f111f86b427f798a1c9"
"fiaeq2nveleq.for",254,617,"FIAEQ2NVELEQ","((CULIST(J,I), I=1,3), J=1,361)",1081,"'CU998005'","character",,"CU998005","38548071d5aa652bb90c7f111f86b427f798a1c9"
"fiaeq2nveleq.for",254,617,"FIAEQ2NVELEQ","((CULIST(J,I), I=1,3), J=1,361)",1082,"'P16MAC0998'","character",,"P16MAC0998","38548071d5aa652bb90c7f111f86b427f798a1c9"
"fiaeq2nveleq.for",254,617,"FIAEQ2NVELEQ","((CULIST(J,I), I=1,3), J=1,361)",1083,"'CV8'","character",,"CV8","38548071d5aa652bb90c7f111f86b427f798a1c9"
