"source_file","source_line_start","source_line_end","routine","target","ordinal","literal","value_type","value_numeric","value_character","upstream_commit"
"r12tap.f",42,64,"R12TAP","((R12BDSC(1,I,J),I=1,7),J=1,11)",1,"-95.82708","numeric",-95.82708,,"38548071d5aa652bb90c7f111f86b427f798a1c9"
"r12tap.f",42,64,"R12TAP","((R12BDSC(1,I,J),I=1,7),J=1,11)",2,"10.18193","numeric",10.18193,,"38548071d5aa652bb90c7f111f86b427f798a1c9"
"r12tap.f",42,64,"R12TAP","((R12BDSC(1,I,J),I=1,7),J=1,11)",3,"0.17171","numeric",0.17171,,"38548071d5aa652bb90c7f111f86b427f798a1c9"
"r12tap.f",42,64,"R12TAP","((R12BDSC(1,I,J),I=1,7),J=1,11)",4,"0.00285","numeric",0.00285,,"38548071d5aa652bb90c7f111f86b427f798a1c9"
"r12tap.f",42,64,"R12TAP","((R12BDSC(1,I,J),I=1,7),J=1,11)",5,"0.0027","numeric",0.0027,,"38548071d5aa652bb90c7f111f86b427f798a1c9"
"r12tap.f",42,64,"R12TAP","((R12BDSC(1,I,J),I=1,7),J=1,11)",6,"31.1948","numeric",31.1948,,"38548071d5aa652bb90c7f111f86b427f798a1c9"
"r12tap.f",42,64,"R12TAP","((R12BDSC(1,I,J),I=1,7),J=1,11)",7,"-1.216054","numeric",-1.216054,,"38548071d5aa652bb90c7f111f86b427f798a1c9"
"r12tap.f",42,64,"R12TAP","((R12BDSC(1,I,J),I=1,7),J=1,11)",8,"-98.9874","numeric",-98.9874,,"38548071d5aa652bb90c7f111f86b427f798a1c9"
"r12tap.f",42,64,"R12TAP","((R12BDSC(1,I,J),I=1,7),J=1,11)",9,"9.3395","numeric",9.3395,,"38548071d5aa652bb90c7f111f86b427f798a1c9"
"r12tap.f",42,64,"R12TAP","((R12BDSC(1,I,J),I=1,7),J=1,11)",10,"-6.9892","numeric",-6.9892,,"38548071d5aa652bb90c7f111f86b427f798a1c9"
"r12tap.f",42,64,"R12TAP","((R12BDSC(1,I,J),I=1,7),J=1,11)",11,"0.0016","numeric",0.0016,,"38548071d5aa652bb90c7f111f86b427f798a1c9"
"r12tap.f",42,64,"R12TAP","((R12BDSC(1,I,J),I=1,7),J=1,11)",12,"0.0102","numeric",0.0102,,"38548071d5aa652bb90c7f111f86b427f798a1c9"
"r12tap.f",42,64,"R12TAP","((R12BDSC(1,I,J),I=1,7),J=1,11)",13,"110.0857","numeric",110.0857,,"38548071d5aa652bb90c7f111f86b427f798a1c9"
"r12tap.f",42,64,"R12TAP","((R12BDSC(1,I,J),I=1,7),J=1,11)",14,"-1.500098","numeric",-1.500098,,"38548071d5aa652bb90c7f111f86b427f798a1c9"
"r12tap.f",42,64,"R12TAP","((R12BDSC(1,I,J),I=1,7),J=1,11)",15,"-68.87314","numeric",-68.87314,,"38548071d5aa652bb90c7f111f86b427f798a1c9"
"r12tap.f",42,64,"R12TAP","((R12BDSC(1,I,J),I=1,7),J=1,11)",16,"5.287","numeric",5.287,,"38548071d5aa652bb90c7f111f86b427f798a1c9"
"r12tap.f",42,64,"R12TAP","((R12BDSC(1,I,J),I=1,7),J=1,11)",17,"-7.41769","numeric",-7.41769,,"38548071d5aa652bb90c7f111f86b427f798a1c9"
"r12tap.f",42,64,"R12TAP","((R12BDSC(1,I,J),I=1,7),J=1,11)",18,"0.002","numeric",0.002,,"38548071d5aa652bb90c7f111f86b427f798a1c9"
"r12tap.f",42,64,"R12TAP","((R12BDSC(1,I,J),I=1,7),J=1,11)",19,"0.01008","numeric",0.01008,,"38548071d5aa652bb90c7f111f86b427f798a1c9"
"r12tap.f",42,64,"R12TAP","((R12BDSC(1,I,J),I=1,7),J=1,11)",20,"99.45291","numeric",99.45291,,"38548071d5aa652bb90c7f111f86b427f798a1c9"
"r12tap.f",42,64,"R12TAP","((R12BDSC(1,I,J),I=1,7),J=1,11)",21,"-0.741615","numeric",-0.741615,,"38548071d5aa652bb90c7f111f86b427f798a1c9"
"r12tap.f",42,64,"R12TAP","((R12BDSC(1,I,J),I=1,7),J=1,11)",22,"7.695041","numeric",7.695041,,"38548071d5aa652bb90c7f111f86b427f798a1c9"
"r12tap.f",42,64,"R12TAP","((R12BDSC(1,I,J),I=1,7),J=1,11)",23,"-0.480727","numeric",-0.480727,,"38548071d5aa652bb90c7f111f86b427f798a1c9"
"r12tap.f",42,64,"R12TAP","((R12BDSC(1,I,J),I=1,7),J=1,11)",24,"-2.175746","numeric",-2.175746,,"38548071d5aa652bb90c7f111f86b427f798a1c9"
"r12tap.f",42,64,"R12TAP","((R12BDSC(1,I,J),I=1,7),J=1,11)",25,"0.00298","numeric",0.00298,,"38548071d5aa652bb90c7f111f86b427f798a1c9"
"r12tap.f",42,64,"R12TAP","((R12BDSC(1,I,J),I=1,7),J=1,11)",26,"0.004667","numeric",0.004667,,"38548071d5aa652bb90c7f111f86b427f798a1c9"
"r12tap.f",42,64,"R12TAP","((R12BDSC(1,I,J),I=1,7),J=1,11)",27,"4.461617","numeric",4.461617,,"38548071d5aa652bb90c7f111f86b427f798a1c9"
"r12tap.f",42,64,"R12TAP","((R12BDSC(1,I,J),I=1,7),J=1,11)",28,"0.137687","numeric",0.137687,,"38548071d5aa652bb90c7f111f86b427f798a1c9"
"r12tap.f",42,64,"R12TAP","((R12BDSC(1,I,J),I=1,7),J=1,11)",29,"48.52265","numeric",48.52265,,"38548071d5aa652bb90c7f111f86b427f798a1c9"
"r12tap.f",42,64,"R12TAP","((R12BDSC(1,I,J),I=1,7),J=1,11)",30,"-2.85065","numeric",-2.85065,,"38548071d5aa652bb90c7f111f86b427f798a1c9"
"r12tap.f",42,64,"R12TAP","((R12BDSC(1,I,J),I=1,7),J=1,11)",31,"0.95769","numeric",0.95769,,"38548071d5aa652bb90c7f111f86b427f798a1c9"
"r12tap.f",42,64,"R12TAP","((R12BDSC(1,I,J),I=1,7),J=1,11)",32,"0.00296","numeric",0.00296,,"38548071d5aa652bb90c7f111f86b427f798a1c9"
"r12tap.f",42,64,"R12TAP","((R12BDSC(1,I,J),I=1,7),J=1,11)",33,"0.00188","numeric",0.00188,,"38548071d5aa652bb90c7f111f86b427f798a1c9"
"r12tap.f",42,64,"R12TAP","((R12BDSC(1,I,J),I=1,7),J=1,11)",34,"-48.85356","numeric",-48.85356,,"38548071d5aa652bb90c7f111f86b427f798a1c9"
"r12tap.f",42,64,"R12TAP","((R12BDSC(1,I,J),I=1,7),J=1,11)",35,"0.331848","numeric",0.331848,,"38548071d5aa652bb90c7f111f86b427f798a1c9"
"r12tap.f",42,64,"R12TAP","((R12BDSC(1,I,J),I=1,7),J=1,11)",36,"45.65307","numeric",45.65307,,"38548071d5aa652bb90c7f111f86b427f798a1c9"
"r12tap.f",42,64,"R12TAP","((R12BDSC(1,I,J),I=1,7),J=1,11)",37,"-2.84193","numeric",-2.84193,,"38548071d5aa652bb90c7f111f86b427f798a1c9"
"r12tap.f",42,64,"R12TAP","((R12BDSC(1,I,J),I=1,7),J=1,11)",38,"1.81631","numeric",1.81631,,"38548071d5aa652bb90c7f111f86b427f798a1c9"
"r12tap.f",42,64,"R12TAP","((R12BDSC(1,I,J),I=1,7),J=1,11)",39,"0.00236","numeric",0.00236,,"38548071d5aa652bb90c7f111f86b427f798a1c9"
"r12tap.f",42,64,"R12TAP","((R12BDSC(1,I,J),I=1,7),J=1,11)",40,"-0.00044","numeric",-0.00044,,"38548071d5aa652bb90c7f111f86b427f798a1c9"
"r12tap.f",42,64,"R12TAP","((R12BDSC(1,I,J),I=1,7),J=1,11)",41,"-48.79502","numeric",-48.79502,,"38548071d5aa652bb90c7f111f86b427f798a1c9"
"r12tap.f",42,64,"R12TAP","((R12BDSC(1,I,J),I=1,7),J=1,11)",42,"0.30393","numeric",0.30393,,"38548071d5aa652bb90c7f111f86b427f798a1c9"
"r12tap.f",42,64,"R12TAP","((R12BDSC(1,I,J),I=1,7),J=1,11)",43,"41.76758","numeric",41.76758,,"38548071d5aa652bb90c7f111f86b427f798a1c9"
"r12tap.f",42,64,"R12TAP","((R12BDSC(1,I,J),I=1,7),J=1,11)",44,"-2.31423","numeric",-2.31423,,"38548071d5aa652bb90c7f111f86b427f798a1c9"
"r12tap.f",42,64,"R12TAP","((R12BDSC(1,I,J),I=1,7),J=1,11)",45,"1.27148","numeric",1.27148,,"38548071d5aa652bb90c7f111f86b427f798a1c9"
"r12tap.f",42,64,"R12TAP","((R12BDSC(1,I,J),I=1,7),J=1,11)",46,"0.0016","numeric",0.0016,,"38548071d5aa652bb90c7f111f86b427f798a1c9"
"r12tap.f",42,64,"R12TAP","((R12BDSC(1,I,J),I=1,7),J=1,11)",47,"0.00022","numeric",0.00022,,"38548071d5aa652bb90c7f111f86b427f798a1c9"
"r12tap.f",42,64,"R12TAP","((R12BDSC(1,I,J),I=1,7),J=1,11)",48,"-39.71543","numeric",-39.71543,,"38548071d5aa652bb90c7f111f86b427f798a1c9"
"r12tap.f",42,64,"R12TAP","((R12BDSC(1,I,J),I=1,7),J=1,11)",49,"0.117924","numeric",0.117924,,"38548071d5aa652bb90c7f111f86b427f798a1c9"
"r12tap.f",42,64,"R12TAP","((R12BDSC(1,I,J),I=1,7),J=1,11)",50,"15.86447","numeric",15.86447,,"38548071d5aa652bb90c7f111f86b427f798a1c9"
"r12tap.f",42,64,"R12TAP","((R12BDSC(1,I,J),I=1,7),J=1,11)",51,"-1.28069","numeric",-1.28069,,"38548071d5aa652bb90c7f111f86b427f798a1c9"
"r12tap.f",42,64,"R12TAP","((R12BDSC(1,I,J),I=1,7),J=1,11)",52,"1.0417","numeric",1.0417,,"38548071d5aa652bb90c7f111f86b427f798a1c9"
"r12tap.f",42,64,"R12TAP","((R12BDSC(1,I,J),I=1,7),J=1,11)",53,"0.00083","numeric",0.00083,,"38548071d5aa652bb90c7f111f86b427f798a1c9"
"r12tap.f",42,64,"R12TAP","((R12BDSC(1,I,J),I=1,7),J=1,11)",54,"-0.00057","numeric",-0.00057,,"38548071d5aa652bb90c7f111f86b427f798a1c9"
"r12tap.f",42,64,"R12TAP","((R12BDSC(1,I,J),I=1,7),J=1,11)",55,"-16.60251","numeric",-16.60251,,"38548071d5aa652bb90c7f111f86b427f798a1c9"
"r12tap.f",42,64,"R12TAP","((R12BDSC(1,I,J),I=1,7),J=1,11)",56,"0.10586","numeric",0.10586,,"38548071d5aa652bb90c7f111f86b427f798a1c9"
"r12tap.f",42,64,"R12TAP","((R12BDSC(1,I,J),I=1,7),J=1,11)",57,"5.825181","numeric",5.825181,,"38548071d5aa652bb90c7f111f86b427f798a1c9"
"r12tap.f",42,64,"R12TAP","((R12BDSC(1,I,J),I=1,7),J=1,11)",58,"-0.442723","numeric",-0.442723,,"38548071d5aa652bb90c7f111f86b427f798a1c9"
"r12tap.f",42,64,"R12TAP","((R12BDSC(1,I,J),I=1,7),J=1,11)",59,"0.334543","numeric",0.334543,,"38548071d5aa652bb90c7f111f86b427f798a1c9"
"r12tap.f",42,64,"R12TAP","((R12BDSC(1,I,J),I=1,7),J=1,11)",60,"0.00028","numeric",0.00028,,"38548071d5aa652bb90c7f111f86b427f798a1c9"
"r12tap.f",42,64,"R12TAP","((R12BDSC(1,I,J),I=1,7),J=1,11)",61,"-0.000149","numeric",-0.000149,,"38548071d5aa652bb90c7f111f86b427f798a1c9"
"r12tap.f",42,64,"R12TAP","((R12BDSC(1,I,J),I=1,7),J=1,11)",62,"-5.615163","numeric",-5.615163,,"38548071d5aa652bb90c7f111f86b427f798a1c9"
"r12tap.f",42,64,"R12TAP","((R12BDSC(1,I,J),I=1,7),J=1,11)",63,"0.025345","numeric",0.025345,,"38548071d5aa652bb90c7f111f86b427f798a1c9"
"r12tap.f",42,64,"R12TAP","((R12BDSC(1,I,J),I=1,7),J=1,11)",64,"0.3226912","numeric",0.3226912,,"38548071d5aa652bb90c7f111f86b427f798a1c9"
"r12tap.f",42,64,"R12TAP","((R12BDSC(1,I,J),I=1,7),J=1,11)",65,"-0.0585186","numeric",-0.0585186,,"38548071d5aa652bb90c7f111f86b427f798a1c9"
"r12tap.f",42,64,"R12TAP","((R12BDSC(1,I,J),I=1,7),J=1,11)",66,"0.0563598","numeric",0.0563598,,"38548071d5aa652bb90c7f111f86b427f798a1c9"
"r12tap.f",42,64,"R12TAP","((R12BDSC(1,I,J),I=1,7),J=1,11)",67,"0.000052","numeric",5.2e-05,,"38548071d5aa652bb90c7f111f86b427f798a1c9"
"r12tap.f",42,64,"R12TAP","((R12BDSC(1,I,J),I=1,7),J=1,11)",68,"-0.0000766","numeric",-7.66e-05,,"38548071d5aa652bb90c7f111f86b427f798a1c9"
"r12tap.f",42,64,"R12TAP","((R12BDSC(1,I,J),I=1,7),J=1,11)",69,"-0.1474525","numeric",-0.1474525,,"38548071d5aa652bb90c7f111f86b427f798a1c9"
"r12tap.f",42,64,"R12TAP","((R12BDSC(1,I,J),I=1,7),J=1,11)",70,"-0.001241","numeric",-0.001241,,"38548071d5aa652bb90c7f111f86b427f798a1c9"
"r12tap.f",42,64,"R12TAP","((R12BDSC(1,I,J),I=1,7),J=1,11)",71,"-98.0369","numeric",-98.0369,,"38548071d5aa652bb90c7f111f86b427f798a1c9"
"r12tap.f",42,64,"R12TAP","((R12BDSC(1,I,J),I=1,7),J=1,11)",72,"14.539","numeric",14.539,,"38548071d5aa652bb90c7f111f86b427f798a1c9"
"r12tap.f",42,64,"R12TAP","((R12BDSC(1,I,J),I=1,7),J=1,11)",73,"-10.9328","numeric",-10.9328,,"38548071d5aa652bb90c7f111f86b427f798a1c9"
"r12tap.f",42,64,"R12TAP","((R12BDSC(1,I,J),I=1,7),J=1,11)",74,"0.0175","numeric",0.0175,,"38548071d5aa652bb90c7f111f86b427f798a1c9"
"r12tap.f",42,64,"R12TAP","((R12BDSC(1,I,J),I=1,7),J=1,11)",75,"0.0285","numeric",0.0285,,"38548071d5aa652bb90c7f111f86b427f798a1c9"
"r12tap.f",42,64,"R12TAP","((R12BDSC(1,I,J),I=1,7),J=1,11)",76,"85.4659","numeric",85.4659,,"38548071d5aa652bb90c7f111f86b427f798a1c9"
"r12tap.f",42,64,"R12TAP","((R12BDSC(1,I,J),I=1,7),J=1,11)",77,"-2.4364","numeric",-2.4364,,"38548071d5aa652bb90c7f111f86b427f798a1c9"
"r12tap.f",67,91,"R12TAP","((R12BDSC(2,I,J),I=1,7),J=1,12)",1,"-170.3914","numeric",-170.3914,,"38548071d5aa652bb90c7f111f86b427f798a1c9"
"r12tap.f",67,91,"R12TAP","((R12BDSC(2,I,J),I=1,7),J=1,12)",2,"8.2664","numeric",8.2664,,"38548071d5aa652bb90c7f111f86b427f798a1c9"
"r12tap.f",67,91,"R12TAP","((R12BDSC(2,I,J),I=1,7),J=1,12)",3,"8.6611","numeric",8.6611,,"38548071d5aa652bb90c7f111f86b427f798a1c9"
"r12tap.f",67,91,"R12TAP","((R12BDSC(2,I,J),I=1,7),J=1,12)",4,"0.0039","numeric",0.0039,,"38548071d5aa652bb90c7f111f86b427f798a1c9"
"r12tap.f",67,91,"R12TAP","((R12BDSC(2,I,J),I=1,7),J=1,12)",5,"-0.0049","numeric",-0.0049,,"38548071d5aa652bb90c7f111f86b427f798a1c9"
"r12tap.f",67,91,"R12TAP","((R12BDSC(2,I,J),I=1,7),J=1,12)",6,"62.35210","numeric",62.3521,,"38548071d5aa652bb90c7f111f86b427f798a1c9"
"r12tap.f",67,91,"R12TAP","((R12BDSC(2,I,J),I=1,7),J=1,12)",7,"-0.84389","numeric",-0.84389,,"38548071d5aa652bb90c7f111f86b427f798a1c9"
"r12tap.f",67,91,"R12TAP","((R12BDSC(2,I,J),I=1,7),J=1,12)",8,"-120.5771","numeric",-120.5771,,"38548071d5aa652bb90c7f111f86b427f798a1c9"
"r12tap.f",67,91,"R12TAP","((R12BDSC(2,I,J),I=1,7),J=1,12)",9,"5.6555","numeric",5.6555,,"38548071d5aa652bb90c7f111f86b427f798a1c9"
"r12tap.f",67,91,"R12TAP","((R12BDSC(2,I,J),I=1,7),J=1,12)",10,"2.1029","numeric",2.1029,,"38548071d5aa652bb90c7f111f86b427f798a1c9"
"r12tap.f",67,91,"R12TAP","((R12BDSC(2,I,J),I=1,7),J=1,12)",11,"0.003","numeric",0.003,,"38548071d5aa652bb90c7f111f86b427f798a1c9"
"r12tap.f",67,91,"R12TAP","((R12BDSC(2,I,J),I=1,7),J=1,12)",12,"0.0019","numeric",0.0019,,"38548071d5aa652bb90c7f111f86b427f798a1c9"
"r12tap.f",67,91,"R12TAP","((R12BDSC(2,I,J),I=1,7),J=1,12)",13,"88.9183","numeric",88.9183,,"38548071d5aa652bb90c7f111f86b427f798a1c9"
"r12tap.f",67,91,"R12TAP","((R12BDSC(2,I,J),I=1,7),J=1,12)",14,"-0.89946","numeric",-0.89946,,"38548071d5aa652bb90c7f111f86b427f798a1c9"
"r12tap.f",67,91,"R12TAP","((R12BDSC(2,I,J),I=1,7),J=1,12)",15,"-44.1824","numeric",-44.1824,,"38548071d5aa652bb90c7f111f86b427f798a1c9"
"r12tap.f",67,91,"R12TAP","((R12BDSC(2,I,J),I=1,7),J=1,12)",16,"5.46496","numeric",5.46496,,"38548071d5aa652bb90c7f111f86b427f798a1c9"
"r12tap.f",67,91,"R12TAP","((R12BDSC(2,I,J),I=1,7),J=1,12)",17,"-8.78737","numeric",-8.78737,,"38548071d5aa652bb90c7f111f86b427f798a1c9"
"r12tap.f",67,91,"R12TAP","((R12BDSC(2,I,J),I=1,7),J=1,12)",18,"0.00098","numeric",0.00098,,"38548071d5aa652bb90c7f111f86b427f798a1c9"
"r12tap.f",67,91,"R12TAP","((R12BDSC(2,I,J),I=1,7),J=1,12)",19,"0.01464","numeric",0.01464,,"38548071d5aa652bb90c7f111f86b427f798a1c9"
"r12tap.f",67,91,"R12TAP","((R12BDSC(2,I,J),I=1,7),J=1,12)",20,"88.82999","numeric",88.82999,,"38548071d5aa652bb90c7f111f86b427f798a1c9"
"r12tap.f",67,91,"R12TAP","((R12BDSC(2,I,J),I=1,7),J=1,12)",21,"-1.009962","numeric",-1.009962,,"38548071d5aa652bb90c7f111f86b427f798a1c9"
"r12tap.f",67,91,"R12TAP","((R12BDSC(2,I,J),I=1,7),J=1,12)",22,"52.81054","numeric",52.81054,,"38548071d5aa652bb90c7f111f86b427f798a1c9"
"r12tap.f",67,91,"R12TAP","((R12BDSC(2,I,J),I=1,7),J=1,12)",23,"2.30632","numeric",2.30632,,"38548071d5aa652bb90c7f111f86b427f798a1c9"
"r12tap.f",67,91,"R12TAP","((R12BDSC(2,I,J),I=1,7),J=1,12)",24,"-10.04607","numeric",-10.04607,,"38548071d5aa652bb90c7f111f86b427f798a1c9"
"r12tap.f",67,91,"R12TAP","((R12BDSC(2,I,J),I=1,7),J=1,12)",25,"0.00109","numeric",0.00109,,"38548071d5aa652bb90c7f111f86b427f798a1c9"
"r12tap.f",67,91,"R12TAP","((R12BDSC(2,I,J),I=1,7),J=1,12)",26,"0.01558","numeric",0.01558,,"38548071d5aa652bb90c7f111f86b427f798a1c9"
"r12tap.f",67,91,"R12TAP","((R12BDSC(2,I,J),I=1,7),J=1,12)",27,"1.28497","numeric",1.28497,,"38548071d5aa652bb90c7f111f86b427f798a1c9"
"r12tap.f",67,91,"R12TAP","((R12BDSC(2,I,J),I=1,7),J=1,12)",28,"-0.584072","numeric",-0.584072,,"38548071d5aa652bb90c7f111f86b427f798a1c9"
"r12tap.f",67,91,"R12TAP","((R12BDSC(2,I,J),I=1,7),J=1,12)",29,"41.31205","numeric",41.31205,,"38548071d5aa652bb90c7f111f86b427f798a1c9"
"r12tap.f",67,91,"R12TAP","((R12BDSC(2,I,J),I=1,7),J=1,12)",30,"-1.51536","numeric",-1.51536,,"38548071d5aa652bb90c7f111f86b427f798a1c9"
"r12tap.f",67,91,"R12TAP","((R12BDSC(2,I,J),I=1,7),J=1,12)",31,"-0.69208","numeric",-0.69208,,"38548071d5aa652bb90c7f111f86b427f798a1c9"
"r12tap.f",67,91,"R12TAP","((R12BDSC(2,I,J),I=1,7),J=1,12)",32,"0.00201","numeric",0.00201,,"38548071d5aa652bb90c7f111f86b427f798a1c9"
"r12tap.f",67,91,"R12TAP","((R12BDSC(2,I,J),I=1,7),J=1,12)",33,"0.00396","numeric",0.00396,,"38548071d5aa652bb90c7f111f86b427f798a1c9"
"r12tap.f",67,91,"R12TAP","((R12BDSC(2,I,J),I=1,7),J=1,12)",34,"-41.87429","numeric",-41.87429,,"38548071d5aa652bb90c7f111f86b427f798a1c9"
"r12tap.f",67,91,"R12TAP","((R12BDSC(2,I,J),I=1,7),J=1,12)",35,"0.282015","numeric",0.282015,,"38548071d5aa652bb90c7f111f86b427f798a1c9"
"r12tap.f",67,91,"R12TAP","((R12BDSC(2,I,J),I=1,7),J=1,12)",36,"42.1399","numeric",42.1399,,"38548071d5aa652bb90c7f111f86b427f798a1c9"
"r12tap.f",67,91,"R12TAP","((R12BDSC(2,I,J),I=1,7),J=1,12)",37,"-3.03324","numeric",-3.03324,,"38548071d5aa652bb90c7f111f86b427f798a1c9"
"r12tap.f",67,91,"R12TAP","((R12BDSC(2,I,J),I=1,7),J=1,12)",38,"1.94653","numeric",1.94653,,"38548071d5aa652bb90c7f111f86b427f798a1c9"
"r12tap.f",67,91,"R12TAP","((R12BDSC(2,I,J),I=1,7),J=1,12)",39,"0.00227","numeric",0.00227,,"38548071d5aa652bb90c7f111f86b427f798a1c9"
"r12tap.f",67,91,"R12TAP","((R12BDSC(2,I,J),I=1,7),J=1,12)",40,"-0.00022","numeric",-0.00022,,"38548071d5aa652bb90c7f111f86b427f798a1c9"
"r12tap.f",67,91,"R12TAP","((R12BDSC(2,I,J),I=1,7),J=1,12)",41,"-48.86516","numeric",-48.86516,,"38548071d5aa652bb90c7f111f86b427f798a1c9"
"r12tap.f",67,91,"R12TAP","((R12BDSC(2,I,J),I=1,7),J=1,12)",42,"0.440775","numeric",0.440775,,"38548071d5aa652bb90c7f111f86b427f798a1c9"
"r12tap.f",67,91,"R12TAP","((R12BDSC(2,I,J),I=1,7),J=1,12)",43,"19.19443","numeric",19.19443,,"38548071d5aa652bb90c7f111f86b427f798a1c9"
"r12tap.f",67,91,"R12TAP","((R12BDSC(2,I,J),I=1,7),J=1,12)",44,"-2.68394","numeric",-2.68394,,"38548071d5aa652bb90c7f111f86b427f798a1c9"
"r12tap.f",67,91,"R12TAP","((R12BDSC(2,I,J),I=1,7),J=1,12)",45,"3.15507","numeric",3.15507,,"38548071d5aa652bb90c7f111f86b427f798a1c9"
"r12tap.f",67,91,"R12TAP","((R12BDSC(2,I,J),I=1,7),J=1,12)",46,"0.00235","numeric",0.00235,,"38548071d5aa652bb90c7f111f86b427f798a1c9"
"r12tap.f",67,91,"R12TAP","((R12BDSC(2,I,J),I=1,7),J=1,12)",47,"-0.00444","numeric",-0.00444,,"38548071d5aa652bb90c7f111f86b427f798a1c9"
"r12tap.f",67,91,"R12TAP","((R12BDSC(2,I,J),I=1,7),J=1,12)",48,"-30.33555","numeric",-30.33555,,"38548071d5aa652bb90c7f111f86b427f798a1c9"
"r12tap.f",67,91,"R12TAP","((R12BDSC(2,I,J),I=1,7),J=1,12)",49,"0.380373","numeric",0.380373,,"38548071d5aa652bb90c7f111f86b427f798a1c9"
"r12tap.f",67,91,"R12TAP","((R12BDSC(2,I,J),I=1,7),J=1,12)",50,"11.08655","numeric",11.08655,,"38548071d5aa652bb90c7f111f86b427f798a1c9"
"r12tap.f",67,91,"R12TAP","((R12BDSC(2,I,J),I=1,7),J=1,12)",51,"-1.92976","numeric",-1.92976,,"38548071d5aa652bb90c7f111f86b427f798a1c9"
"r12tap.f",67,91,"R12TAP","((R12BDSC(2,I,J),I=1,7),J=1,12)",52,"2.11924","numeric",2.11924,,"38548071d5aa652bb90c7f111f86b427f798a1c9"
"r12tap.f",67,91,"R12TAP","((R12BDSC(2,I,J),I=1,7),J=1,12)",53,"0.00187","numeric",0.00187,,"38548071d5aa652bb90c7f111f86b427f798a1c9"
"r12tap.f",67,91,"R12TAP","((R12BDSC(2,I,J),I=1,7),J=1,12)",54,"-0.0035","numeric",-0.0035,,"38548071d5aa652bb90c7f111f86b427f798a1c9"
"r12tap.f",67,91,"R12TAP","((R12BDSC(2,I,J),I=1,7),J=1,12)",55,"-14.02272","numeric",-14.02272,,"38548071d5aa652bb90c7f111f86b427f798a1c9"
"r12tap.f",67,91,"R12TAP","((R12BDSC(2,I,J),I=1,7),J=1,12)",56,"0.181155","numeric",0.181155,,"38548071d5aa652bb90c7f111f86b427f798a1c9"
"r12tap.f",67,91,"R12TAP","((R12BDSC(2,I,J),I=1,7),J=1,12)",57,"12.47474","numeric",12.47474,,"38548071d5aa652bb90c7f111f86b427f798a1c9"
"r12tap.f",67,91,"R12TAP","((R12BDSC(2,I,J),I=1,7),J=1,12)",58,"-1.24408","numeric",-1.24408,,"38548071d5aa652bb90c7f111f86b427f798a1c9"
"r12tap.f",67,91,"R12TAP","((R12BDSC(2,I,J),I=1,7),J=1,12)",59,"0.86864","numeric",0.86864,,"38548071d5aa652bb90c7f111f86b427f798a1c9"
"r12tap.f",67,91,"R12TAP","((R12BDSC(2,I,J),I=1,7),J=1,12)",60,"0.00124","numeric",0.00124,,"38548071d5aa652bb90c7f111f86b427f798a1c9"
"r12tap.f",67,91,"R12TAP","((R12BDSC(2,I,J),I=1,7),J=1,12)",61,"-0.0014","numeric",-0.0014,,"38548071d5aa652bb90c7f111f86b427f798a1c9"
"r12tap.f",67,91,"R12TAP","((R12BDSC(2,I,J),I=1,7),J=1,12)",62,"-8.822830","numeric",-8.82283,,"38548071d5aa652bb90c7f111f86b427f798a1c9"
"r12tap.f",67,91,"R12TAP","((R12BDSC(2,I,J),I=1,7),J=1,12)",63,"0.012869","numeric",0.012869,,"38548071d5aa652bb90c7f111f86b427f798a1c9"
"r12tap.f",67,91,"R12TAP","((R12BDSC(2,I,J),I=1,7),J=1,12)",64,"9.690916","numeric",9.690916,,"38548071d5aa652bb90c7f111f86b427f798a1c9"
"r12tap.f",67,91,"R12TAP","((R12BDSC(2,I,J),I=1,7),J=1,12)",65,"-0.466431","numeric",-0.466431,,"38548071d5aa652bb90c7f111f86b427f798a1c9"
"r12tap.f",67,91,"R12TAP","((R12BDSC(2,I,J),I=1,7),J=1,12)",66,"-0.161346","numeric",-0.161346,,"38548071d5aa652bb90c7f111f86b427f798a1c9"
"r12tap.f",67,91,"R12TAP","((R12BDSC(2,I,J),I=1,7),J=1,12)",67,"0.000458","numeric",0.000458,,"38548071d5aa652bb90c7f111f86b427f798a1c9"
"r12tap.f",67,91,"R12TAP","((R12BDSC(2,I,J),I=1,7),J=1,12)",68,"0.000283","numeric",0.000283,,"38548071d5aa652bb90c7f111f86b427f798a1c9"
"r12tap.f",67,91,"R12TAP","((R12BDSC(2,I,J),I=1,7),J=1,12)",69,"-3.608517","numeric",-3.608517,,"38548071d5aa652bb90c7f111f86b427f798a1c9"
"r12tap.f",67,91,"R12TAP","((R12BDSC(2,I,J),I=1,7),J=1,12)",70,"-0.062947","numeric",-0.062947,,"38548071d5aa652bb90c7f111f86b427f798a1c9"
"r12tap.f",67,91,"R12TAP","((R12BDSC(2,I,J),I=1,7),J=1,12)",71,"2.818997","numeric",2.818997,,"38548071d5aa652bb90c7f111f86b427f798a1c9"
"r12tap.f",67,91,"R12TAP","((R12BDSC(2,I,J),I=1,7),J=1,12)",72,"-0.042842","numeric",-0.042842,,"38548071d5aa652bb90c7f111f86b427f798a1c9"
"r12tap.f",67,91,"R12TAP","((R12BDSC(2,I,J),I=1,7),J=1,12)",73,"-0.179804","numeric",-0.179804,,"38548071d5aa652bb90c7f111f86b427f798a1c9"
"r12tap.f",67,91,"R12TAP","((R12BDSC(2,I,J),I=1,7),J=1,12)",74,"0.000044","numeric",4.4e-05,,"38548071d5aa652bb90c7f111f86b427f798a1c9"
"r12tap.f",67,91,"R12TAP","((R12BDSC(2,I,J),I=1,7),J=1,12)",75,"0.000298","numeric",0.000298,,"38548071d5aa652bb90c7f111f86b427f798a1c9"
"r12tap.f",67,91,"R12TAP","((R12BDSC(2,I,J),I=1,7),J=1,12)",76,"-0.794831","numeric",-0.794831,,"38548071d5aa652bb90c7f111f86b427f798a1c9"
"r12tap.f",67,91,"R12TAP","((R12BDSC(2,I,J),I=1,7),J=1,12)",77,"-0.026993","numeric",-0.026993,,"38548071d5aa652bb90c7f111f86b427f798a1c9"
"r12tap.f",67,91,"R12TAP","((R12BDSC(2,I,J),I=1,7),J=1,12)",78,"-143.6228","numeric",-143.6228,,"38548071d5aa652bb90c7f111f86b427f798a1c9"
"r12tap.f",67,91,"R12TAP","((R12BDSC(2,I,J),I=1,7),J=1,12)",79,"10.775","numeric",10.775,,"38548071d5aa652bb90c7f111f86b427f798a1c9"
"r12tap.f",67,91,"R12TAP","((R12BDSC(2,I,J),I=1,7),J=1,12)",80,"-1.0132","numeric",-1.0132,,"38548071d5aa652bb90c7f111f86b427f798a1c9"
"r12tap.f",67,91,"R12TAP","((R12BDSC(2,I,J),I=1,7),J=1,12)",81,"0.0192","numeric",0.0192,,"38548071d5aa652bb90c7f111f86b427f798a1c9"
"r12tap.f",67,91,"R12TAP","((R12BDSC(2,I,J),I=1,7),J=1,12)",82,"0.0222","numeric",0.0222,,"38548071d5aa652bb90c7f111f86b427f798a1c9"
"r12tap.f",67,91,"R12TAP","((R12BDSC(2,I,J),I=1,7),J=1,12)",83,"93.0615","numeric",93.0615,,"38548071d5aa652bb90c7f111f86b427f798a1c9"
"r12tap.f",67,91,"R12TAP","((R12BDSC(2,I,J),I=1,7),J=1,12)",84,"-2.1301","numeric",-2.1301,,"38548071d5aa652bb90c7f111f86b427f798a1c9"
"r12tap.f",95,127,"R12TAP","((R12BDSC(3,I,J),I=1,7),J=1,16)",1,"-147.4436","numeric",-147.4436,,"38548071d5aa652bb90c7f111f86b427f798a1c9"
"r12tap.f",95,127,"R12TAP","((R12BDSC(3,I,J),I=1,7),J=1,16)",2,"6.9941","numeric",6.9941,,"38548071d5aa652bb90c7f111f86b427f798a1c9"
"r12tap.f",95,127,"R12TAP","((R12BDSC(3,I,J),I=1,7),J=1,16)",3,"1.3161","numeric",1.3161,,"38548071d5aa652bb90c7f111f86b427f798a1c9"
"r12tap.f",95,127,"R12TAP","((R12BDSC(3,I,J),I=1,7),J=1,16)",4,"0.0023","numeric",0.0023,,"38548071d5aa652bb90c7f111f86b427f798a1c9"
"r12tap.f",95,127,"R12TAP","((R12BDSC(3,I,J),I=1,7),J=1,16)",5,"-0.0023","numeric",-0.0023,,"38548071d5aa652bb90c7f111f86b427f798a1c9"
"r12tap.f",95,127,"R12TAP","((R12BDSC(3,I,J),I=1,7),J=1,16)",6,"135.0112","numeric",135.0112,,"38548071d5aa652bb90c7f111f86b427f798a1c9"
"r12tap.f",95,127,"R12TAP","((R12BDSC(3,I,J),I=1,7),J=1,16)",7,"-0.590282","numeric",-0.590282,,"38548071d5aa652bb90c7f111f86b427f798a1c9"
"r12tap.f",95,127,"R12TAP","((R12BDSC(3,I,J),I=1,7),J=1,16)",8,"-87.9867","numeric",-87.9867,,"38548071d5aa652bb90c7f111f86b427f798a1c9"
"r12tap.f",95,127,"R12TAP","((R12BDSC(3,I,J),I=1,7),J=1,16)",9,"5.3265","numeric",5.3265,,"38548071d5aa652bb90c7f111f86b427f798a1c9"
"r12tap.f",95,127,"R12TAP","((R12BDSC(3,I,J),I=1,7),J=1,16)",10,"-2.1968","numeric",-2.1968,,"38548071d5aa652bb90c7f111f86b427f798a1c9"
"r12tap.f",95,127,"R12TAP","((R12BDSC(3,I,J),I=1,7),J=1,16)",11,"0.0016","numeric",0.0016,,"38548071d5aa652bb90c7f111f86b427f798a1c9"
"r12tap.f",95,127,"R12TAP","((R12BDSC(3,I,J),I=1,7),J=1,16)",12,"0.0021","numeric",0.0021,,"38548071d5aa652bb90c7f111f86b427f798a1c9"
"r12tap.f",95,127,"R12TAP","((R12BDSC(3,I,J),I=1,7),J=1,16)",13,"100.2585","numeric",100.2585,,"38548071d5aa652bb90c7f111f86b427f798a1c9"
"r12tap.f",95,127,"R12TAP","((R12BDSC(3,I,J),I=1,7),J=1,16)",14,"-0.529313","numeric",-0.529313,,"38548071d5aa652bb90c7f111f86b427f798a1c9"
"r12tap.f",95,127,"R12TAP","((R12BDSC(3,I,J),I=1,7),J=1,16)",15,"-71.08105","numeric",-71.08105,,"38548071d5aa652bb90c7f111f86b427f798a1c9"
"r12tap.f",95,127,"R12TAP","((R12BDSC(3,I,J),I=1,7),J=1,16)",16,"4.38309","numeric",4.38309,,"38548071d5aa652bb90c7f111f86b427f798a1c9"
"r12tap.f",95,127,"R12TAP","((R12BDSC(3,I,J),I=1,7),J=1,16)",17,"-1.86725","numeric",-1.86725,,"38548071d5aa652bb90c7f111f86b427f798a1c9"
"r12tap.f",95,127,"R12TAP","((R12BDSC(3,I,J),I=1,7),J=1,16)",18,"0.00113","numeric",0.00113,,"38548071d5aa652bb90c7f111f86b427f798a1c9"
"r12tap.f",95,127,"R12TAP","((R12BDSC(3,I,J),I=1,7),J=1,16)",19,"0.00204","numeric",0.00204,,"38548071d5aa652bb90c7f111f86b427f798a1c9"
"r12tap.f",95,127,"R12TAP","((R12BDSC(3,I,J),I=1,7),J=1,16)",20,"62.60464","numeric",62.60464,,"38548071d5aa652bb90c7f111f86b427f798a1c9"
"r12tap.f",95,127,"R12TAP","((R12BDSC(3,I,J),I=1,7),J=1,16)",21,"-0.215083","numeric",-0.215083,,"38548071d5aa652bb90c7f111f86b427f798a1c9"
"r12tap.f",95,127,"R12TAP","((R12BDSC(3,I,J),I=1,7),J=1,16)",22,"-10.02939","numeric",-10.02939,,"38548071d5aa652bb90c7f111f86b427f798a1c9"
"r12tap.f",95,127,"R12TAP","((R12BDSC(3,I,J),I=1,7),J=1,16)",23,"2.68275","numeric",2.68275,,"38548071d5aa652bb90c7f111f86b427f798a1c9"
"r12tap.f",95,127,"R12TAP","((R12BDSC(3,I,J),I=1,7),J=1,16)",24,"-3.9293","numeric",-3.9293,,"38548071d5aa652bb90c7f111f86b427f798a1c9"
"r12tap.f",95,127,"R12TAP","((R12BDSC(3,I,J),I=1,7),J=1,16)",25,"0.00108","numeric",0.00108,,"38548071d5aa652bb90c7f111f86b427f798a1c9"
"r12tap.f",95,127,"R12TAP","((R12BDSC(3,I,J),I=1,7),J=1,16)",26,"0.00363","numeric",0.00363,,"38548071d5aa652bb90c7f111f86b427f798a1c9"
"r12tap.f",95,127,"R12TAP","((R12BDSC(3,I,J),I=1,7),J=1,16)",27,"18.36333","numeric",18.36333,,"38548071d5aa652bb90c7f111f86b427f798a1c9"
"r12tap.f",95,127,"R12TAP","((R12BDSC(3,I,J),I=1,7),J=1,16)",28,"-0.153004","numeric",-0.153004,,"38548071d5aa652bb90c7f111f86b427f798a1c9"
"r12tap.f",95,127,"R12TAP","((R12BDSC(3,I,J),I=1,7),J=1,16)",29,"-25.13546","numeric",-25.13546,,"38548071d5aa652bb90c7f111f86b427f798a1c9"
"r12tap.f",95,127,"R12TAP","((R12BDSC(3,I,J),I=1,7),J=1,16)",30,"0.32897","numeric",0.32897,,"38548071d5aa652bb90c7f111f86b427f798a1c9"
"r12tap.f",95,127,"R12TAP","((R12BDSC(3,I,J),I=1,7),J=1,16)",31,"0.76797","numeric",0.76797,,"38548071d5aa652bb90c7f111f86b427f798a1c9"
"r12tap.f",95,127,"R12TAP","((R12BDSC(3,I,J),I=1,7),J=1,16)",32,"0.0014","numeric",0.0014,,"38548071d5aa652bb90c7f111f86b427f798a1c9"
"r12tap.f",95,127,"R12TAP","((R12BDSC(3,I,J),I=1,7),J=1,16)",33,"0.00057","numeric",0.00057,,"38548071d5aa652bb90c7f111f86b427f798a1c9"
"r12tap.f",95,127,"R12TAP","((R12BDSC(3,I,J),I=1,7),J=1,16)",34,"13.65443","numeric",13.65443,,"38548071d5aa652bb90c7f111f86b427f798a1c9"
"r12tap.f",95,127,"R12TAP","((R12BDSC(3,I,J),I=1,7),J=1,16)",35,"0.082405","numeric",0.082405,,"38548071d5aa652bb90c7f111f86b427f798a1c9"
"r12tap.f",95,127,"R12TAP","((R12BDSC(3,I,J),I=1,7),J=1,16)",36,"6.878988","numeric",6.878988,,"38548071d5aa652bb90c7f111f86b427f798a1c9"
"r12tap.f",95,127,"R12TAP","((R12BDSC(3,I,J),I=1,7),J=1,16)",37,"-0.368779","numeric",-0.368779,,"38548071d5aa652bb90c7f111f86b427f798a1c9"
"r12tap.f",95,127,"R12TAP","((R12BDSC(3,I,J),I=1,7),J=1,16)",38,"-0.313218","numeric",-0.313218,,"38548071d5aa652bb90c7f111f86b427f798a1c9"
"r12tap.f",95,127,"R12TAP","((R12BDSC(3,I,J),I=1,7),J=1,16)",39,"0.001442","numeric",0.001442,,"38548071d5aa652bb90c7f111f86b427f798a1c9"
"r12tap.f",95,127,"R12TAP","((R12BDSC(3,I,J),I=1,7),J=1,16)",40,"0.00146","numeric",0.00146,,"38548071d5aa652bb90c7f111f86b427f798a1c9"
"r12tap.f",95,127,"R12TAP","((R12BDSC(3,I,J),I=1,7),J=1,16)",41,"-6.488287","numeric",-6.488287,,"38548071d5aa652bb90c7f111f86b427f798a1c9"
"r12tap.f",95,127,"R12TAP","((R12BDSC(3,I,J),I=1,7),J=1,16)",42,"-0.012552","numeric",-0.012552,,"38548071d5aa652bb90c7f111f86b427f798a1c9"
"r12tap.f",95,127,"R12TAP","((R12BDSC(3,I,J),I=1,7),J=1,16)",43,"29.20325","numeric",29.20325,,"38548071d5aa652bb90c7f111f86b427f798a1c9"
"r12tap.f",95,127,"R12TAP","((R12BDSC(3,I,J),I=1,7),J=1,16)",44,"-1.45658","numeric",-1.45658,,"38548071d5aa652bb90c7f111f86b427f798a1c9"
"r12tap.f",95,127,"R12TAP","((R12BDSC(3,I,J),I=1,7),J=1,16)",45,"-0.44369","numeric",-0.44369,,"38548071d5aa652bb90c7f111f86b427f798a1c9"
"r12tap.f",95,127,"R12TAP","((R12BDSC(3,I,J),I=1,7),J=1,16)",46,"0.00163","numeric",0.00163,,"38548071d5aa652bb90c7f111f86b427f798a1c9"
"r12tap.f",95,127,"R12TAP","((R12BDSC(3,I,J),I=1,7),J=1,16)",47,"0.0017","numeric",0.0017,,"38548071d5aa652bb90c7f111f86b427f798a1c9"
"r12tap.f",95,127,"R12TAP","((R12BDSC(3,I,J),I=1,7),J=1,16)",48,"-17.50768","numeric",-17.50768,,"38548071d5aa652bb90c7f111f86b427f798a1c9"
"r12tap.f",95,127,"R12TAP","((R12BDSC(3,I,J),I=1,7),J=1,16)",49,"-0.081734","numeric",-0.081734,,"38548071d5aa652bb90c7f111f86b427f798a1c9"
"r12tap.f",95,127,"R12TAP","((R12BDSC(3,I,J),I=1,7),J=1,16)",50,"30.21361","numeric",30.21361,,"38548071d5aa652bb90c7f111f86b427f798a1c9"
"r12tap.f",95,127,"R12TAP","((R12BDSC(3,I,J),I=1,7),J=1,16)",51,"-1.61878","numeric",-1.61878,,"38548071d5aa652bb90c7f111f86b427f798a1c9"
"r12tap.f",95,127,"R12TAP","((R12BDSC(3,I,J),I=1,7),J=1,16)",52,"-0.27416","numeric",-0.27416,,"38548071d5aa652bb90c7f111f86b427f798a1c9"
"r12tap.f",95,127,"R12TAP","((R12BDSC(3,I,J),I=1,7),J=1,16)",53,"0.00151","numeric",0.00151,,"38548071d5aa652bb90c7f111f86b427f798a1c9"
"r12tap.f",95,127,"R12TAP","((R12BDSC(3,I,J),I=1,7),J=1,16)",54,"0.0016","numeric",0.0016,,"38548071d5aa652bb90c7f111f86b427f798a1c9"
"r12tap.f",95,127,"R12TAP","((R12BDSC(3,I,J),I=1,7),J=1,16)",55,"-16.36067","numeric",-16.36067,,"38548071d5aa652bb90c7f111f86b427f798a1c9"
"r12tap.f",95,127,"R12TAP","((R12BDSC(3,I,J),I=1,7),J=1,16)",56,"-0.118055","numeric",-0.118055,,"38548071d5aa652bb90c7f111f86b427f798a1c9"
"r12tap.f",95,127,"R12TAP","((R12BDSC(3,I,J),I=1,7),J=1,16)",57,"30.43162","numeric",30.43162,,"38548071d5aa652bb90c7f111f86b427f798a1c9"
"r12tap.f",95,127,"R12TAP","((R12BDSC(3,I,J),I=1,7),J=1,16)",58,"-1.59213","numeric",-1.59213,,"38548071d5aa652bb90c7f111f86b427f798a1c9"
"r12tap.f",95,127,"R12TAP","((R12BDSC(3,I,J),I=1,7),J=1,16)",59,"-0.05596","numeric",-0.05596,,"38548071d5aa652bb90c7f111f86b427f798a1c9"
"r12tap.f",95,127,"R12TAP","((R12BDSC(3,I,J),I=1,7),J=1,16)",60,"0.00141","numeric",0.00141,,"38548071d5aa652bb90c7f111f86b427f798a1c9"
"r12tap.f",95,127,"R12TAP","((R12BDSC(3,I,J),I=1,7),J=1,16)",61,"0.00061","numeric",0.00061,,"38548071d5aa652bb90c7f111f86b427f798a1c9"
"r12tap.f",95,127,"R12TAP","((R12BDSC(3,I,J),I=1,7),J=1,16)",62,"-17.37143","numeric",-17.37143,,"38548071d5aa652bb90c7f111f86b427f798a1c9"
"r12tap.f",95,127,"R12TAP","((R12BDSC(3,I,J),I=1,7),J=1,16)",63,"-0.124815","numeric",-0.124815,,"38548071d5aa652bb90c7f111f86b427f798a1c9"
"r12tap.f",95,127,"R12TAP","((R12BDSC(3,I,J),I=1,7),J=1,16)",64,"23.61735","numeric",23.61735,,"38548071d5aa652bb90c7f111f86b427f798a1c9"
"r12tap.f",95,127,"R12TAP","((R12BDSC(3,I,J),I=1,7),J=1,16)",65,"-1.44648","numeric",-1.44648,,"38548071d5aa652bb90c7f111f86b427f798a1c9"
"r12tap.f",95,127,"R12TAP","((R12BDSC(3,I,J),I=1,7),J=1,16)",66,"0.26886","numeric",0.26886,,"38548071d5aa652bb90c7f111f86b427f798a1c9"
"r12tap.f",95,127,"R12TAP","((R12BDSC(3,I,J),I=1,7),J=1,16)",67,"0.00111","numeric",0.00111,,"38548071d5aa652bb90c7f111f86b427f798a1c9"
"r12tap.f",95,127,"R12TAP","((R12BDSC(3,I,J),I=1,7),J=1,16)",68,"0.0004","numeric",4e-04,,"38548071d5aa652bb90c7f111f86b427f798a1c9"
"r12tap.f",95,127,"R12TAP","((R12BDSC(3,I,J),I=1,7),J=1,16)",69,"-14.23213","numeric",-14.23213,,"38548071d5aa652bb90c7f111f86b427f798a1c9"
"r12tap.f",95,127,"R12TAP","((R12BDSC(3,I,J),I=1,7),J=1,16)",70,"-0.080985","numeric",-0.080985,,"38548071d5aa652bb90c7f111f86b427f798a1c9"
"r12tap.f",95,127,"R12TAP","((R12BDSC(3,I,J),I=1,7),J=1,16)",71,"13.70695","numeric",13.70695,,"38548071d5aa652bb90c7f111f86b427f798a1c9"
"r12tap.f",95,127,"R12TAP","((R12BDSC(3,I,J),I=1,7),J=1,16)",72,"-1.07266","numeric",-1.07266,,"38548071d5aa652bb90c7f111f86b427f798a1c9"
"r12tap.f",95,127,"R12TAP","((R12BDSC(3,I,J),I=1,7),J=1,16)",73,"0.39112","numeric",0.39112,,"38548071d5aa652bb90c7f111f86b427f798a1c9"
"r12tap.f",95,127,"R12TAP","((R12BDSC(3,I,J),I=1,7),J=1,16)",74,"0.00081","numeric",0.00081,,"38548071d5aa652bb90c7f111f86b427f798a1c9"
"r12tap.f",95,127,"R12TAP","((R12BDSC(3,I,J),I=1,7),J=1,16)",75,"-0.00051","numeric",-0.00051,,"38548071d5aa652bb90c7f111f86b427f798a1c9"
"r12tap.f",95,127,"R12TAP","((R12BDSC(3,I,J),I=1,7),J=1,16)",76,"-7.27223","numeric",-7.27223,,"38548071d5aa652bb90c7f111f86b427f798a1c9"
"r12tap.f",95,127,"R12TAP","((R12BDSC(3,I,J),I=1,7),J=1,16)",77,"-0.019399","numeric",-0.019399,,"38548071d5aa652bb90c7f111f86b427f798a1c9"
"r12tap.f",95,127,"R12TAP","((R12BDSC(3,I,J),I=1,7),J=1,16)",78,"10.27594","numeric",10.27594,,"38548071d5aa652bb90c7f111f86b427f798a1c9"
"r12tap.f",95,127,"R12TAP","((R12BDSC(3,I,J),I=1,7),J=1,16)",79,"-0.73192","numeric",-0.73192,,"38548071d5aa652bb90c7f111f86b427f798a1c9"
"r12tap.f",95,127,"R12TAP","((R12BDSC(3,I,J),I=1,7),J=1,16)",80,"0.37068","numeric",0.37068,,"38548071d5aa652bb90c7f111f86b427f798a1c9"
"r12tap.f",95,127,"R12TAP","((R12BDSC(3,I,J),I=1,7),J=1,16)",81,"0.00052","numeric",0.00052,,"38548071d5aa652bb90c7f111f86b427f798a1c9"
"r12tap.f",95,127,"R12TAP","((R12BDSC(3,I,J),I=1,7),J=1,16)",82,"-0.00026","numeric",-0.00026,,"38548071d5aa652bb90c7f111f86b427f798a1c9"
"r12tap.f",95,127,"R12TAP","((R12BDSC(3,I,J),I=1,7),J=1,16)",83,"-7.7769","numeric",-7.7769,,"38548071d5aa652bb90c7f111f86b427f798a1c9"
"r12tap.f",95,127,"R12TAP","((R12BDSC(3,I,J),I=1,7),J=1,16)",84,"-0.011313","numeric",-0.011313,,"38548071d5aa652bb90c7f111f86b427f798a1c9"
"r12tap.f",95,127,"R12TAP","((R12BDSC(3,I,J),I=1,7),J=1,16)",85,"1.846884","numeric",1.846884,,"38548071d5aa652bb90c7f111f86b427f798a1c9"
"r12tap.f",95,127,"R12TAP","((R12BDSC(3,I,J),I=1,7),J=1,16)",86,"-0.441627","numeric",-0.441627,,"38548071d5aa652bb90c7f111f86b427f798a1c9"
"r12tap.f",95,127,"R12TAP","((R12BDSC(3,I,J),I=1,7),J=1,16)",87,"0.595504","numeric",0.595504,,"38548071d5aa652bb90c7f111f86b427f798a1c9"
"r12tap.f",95,127,"R12TAP","((R12BDSC(3,I,J),I=1,7),J=1,16)",88,"0.000311","numeric",0.000311,,"38548071d5aa652bb90c7f111f86b427f798a1c9"
"r12tap.f",95,127,"R12TAP","((R12BDSC(3,I,J),I=1,7),J=1,16)",89,"-0.000636","numeric",-0.000636,,"38548071d5aa652bb90c7f111f86b427f798a1c9"
"r12tap.f",95,127,"R12TAP","((R12BDSC(3,I,J),I=1,7),J=1,16)",90,"-3.182155","numeric",-3.182155,,"38548071d5aa652bb90c7f111f86b427f798a1c9"
"r12tap.f",95,127,"R12TAP","((R12BDSC(3,I,J),I=1,7),J=1,16)",91,"0.019253","numeric",0.019253,,"38548071d5aa652bb90c7f111f86b427f798a1c9"
"r12tap.f",95,127,"R12TAP","((R12BDSC(3,I,J),I=1,7),J=1,16)",92,"-0.096042","numeric",-0.096042,,"38548071d5aa652bb90c7f111f86b427f798a1c9"
"r12tap.f",95,127,"R12TAP","((R12BDSC(3,I,J),I=1,7),J=1,16)",93,"-0.246899","numeric",-0.246899,,"38548071d5aa652bb90c7f111f86b427f798a1c9"
"r12tap.f",95,127,"R12TAP","((R12BDSC(3,I,J),I=1,7),J=1,16)",94,"0.40058","numeric",0.40058,,"38548071d5aa652bb90c7f111f86b427f798a1c9"
"r12tap.f",95,127,"R12TAP","((R12BDSC(3,I,J),I=1,7),J=1,16)",95,"0.000165","numeric",0.000165,,"38548071d5aa652bb90c7f111f86b427f798a1c9"
"r12tap.f",95,127,"R12TAP","((R12BDSC(3,I,J),I=1,7),J=1,16)",96,"-0.000475","numeric",-0.000475,,"38548071d5aa652bb90c7f111f86b427f798a1c9"
"r12tap.f",95,127,"R12TAP","((R12BDSC(3,I,J),I=1,7),J=1,16)",97,"-1.085088","numeric",-1.085088,,"38548071d5aa652bb90c7f111f86b427f798a1c9"
"r12tap.f",95,127,"R12TAP","((R12BDSC(3,I,J),I=1,7),J=1,16)",98,"0.01998","numeric",0.01998,,"38548071d5aa652bb90c7f111f86b427f798a1c9"
"r12tap.f",95,127,"R12TAP","((R12BDSC(3,I,J),I=1,7),J=1,16)",99,"-0.4799474","numeric",-0.4799474,,"38548071d5aa652bb90c7f111f86b427f798a1c9"
"r12tap.f",95,127,"R12TAP","((R12BDSC(3,I,J),I=1,7),J=1,16)",100,"-0.0378753","numeric",-0.0378753,,"38548071d5aa652bb90c7f111f86b427f798a1c9"
"r12tap.f",95,127,"R12TAP","((R12BDSC(3,I,J),I=1,7),J=1,16)",101,"0.1016402","numeric",0.1016402,,"38548071d5aa652bb90c7f111f86b427f798a1c9"
"r12tap.f",95,127,"R12TAP","((R12BDSC(3,I,J),I=1,7),J=1,16)",102,"0.0000274","numeric",2.74e-05,,"38548071d5aa652bb90c7f111f86b427f798a1c9"
"r12tap.f",95,127,"R12TAP","((R12BDSC(3,I,J),I=1,7),J=1,16)",103,"-0.0001236","numeric",-0.0001236,,"38548071d5aa652bb90c7f111f86b427f798a1c9"
"r12tap.f",95,127,"R12TAP","((R12BDSC(3,I,J),I=1,7),J=1,16)",104,"0.0163414","numeric",0.0163414,,"38548071d5aa652bb90c7f111f86b427f798a1c9"
"r12tap.f",95,127,"R12TAP","((R12BDSC(3,I,J),I=1,7),J=1,16)",105,"0.004886","numeric",0.004886,,"38548071d5aa652bb90c7f111f86b427f798a1c9"
"r12tap.f",95,127,"R12TAP","((R12BDSC(3,I,J),I=1,7),J=1,16)",106,"-196.0776","numeric",-196.0776,,"38548071d5aa652bb90c7f111f86b427f798a1c9"
"r12tap.f",95,127,"R12TAP","((R12BDSC(3,I,J),I=1,7),J=1,16)",107,"10.7017","numeric",10.7017,,"38548071d5aa652bb90c7f111f86b427f798a1c9"
"r12tap.f",95,127,"R12TAP","((R12BDSC(3,I,J),I=1,7),J=1,16)",108,"-4.8679","numeric",-4.8679,,"38548071d5aa652bb90c7f111f86b427f798a1c9"
"r12tap.f",95,127,"R12TAP","((R12BDSC(3,I,J),I=1,7),J=1,16)",109,"0.0164","numeric",0.0164,,"38548071d5aa652bb90c7f111f86b427f798a1c9"
"r12tap.f",95,127,"R12TAP","((R12BDSC(3,I,J),I=1,7),J=1,16)",110,"0.0098","numeric",0.0098,,"38548071d5aa652bb90c7f111f86b427f798a1c9"
"r12tap.f",95,127,"R12TAP","((R12BDSC(3,I,J),I=1,7),J=1,16)",111,"238.6319","numeric",238.6319,,"38548071d5aa652bb90c7f111f86b427f798a1c9"
"r12tap.f",95,127,"R12TAP","((R12BDSC(3,I,J),I=1,7),J=1,16)",112,"-1.81","numeric",-1.81,,"38548071d5aa652bb90c7f111f86b427f798a1c9"
"r12tap.f",130,168,"R12TAP","((R12BDSC(4,I,J),I=1,7),J=1,19)",1,"139.4222","numeric",139.4222,,"38548071d5aa652bb90c7f111f86b427f798a1c9"
"r12tap.f",130,168,"R12TAP","((R12BDSC(4,I,J),I=1,7),J=1,19)",2,"13.4385","numeric",13.4385,,"38548071d5aa652bb90c7f111f86b427f798a1c9"
"r12tap.f",130,168,"R12TAP","((R12BDSC(4,I,J),I=1,7),J=1,19)",3,"-34.3848","numeric",-34.3848,,"38548071d5aa652bb90c7f111f86b427f798a1c9"
"r12tap.f",130,168,"R12TAP","((R12BDSC(4,I,J),I=1,7),J=1,19)",4,"0.0009","numeric",9e-04,,"38548071d5aa652bb90c7f111f86b427f798a1c9"
"r12tap.f",130,168,"R12TAP","((R12BDSC(4,I,J),I=1,7),J=1,19)",5,"0.015","numeric",0.015,,"38548071d5aa652bb90c7f111f86b427f798a1c9"
"r12tap.f",130,168,"R12TAP","((R12BDSC(4,I,J),I=1,7),J=1,19)",6,"77.1701","numeric",77.1701,,"38548071d5aa652bb90c7f111f86b427f798a1c9"
"r12tap.f",130,168,"R12TAP","((R12BDSC(4,I,J),I=1,7),J=1,19)",7,"-1.656012","numeric",-1.656012,,"38548071d5aa652bb90c7f111f86b427f798a1c9"
"r12tap.f",130,168,"R12TAP","((R12BDSC(4,I,J),I=1,7),J=1,19)",8,"-27.16889","numeric",-27.16889,,"38548071d5aa652bb90c7f111f86b427f798a1c9"
"r12tap.f",130,168,"R12TAP","((R12BDSC(4,I,J),I=1,7),J=1,19)",9,"7.9288","numeric",7.9288,,"38548071d5aa652bb90c7f111f86b427f798a1c9"
"r12tap.f",130,168,"R12TAP","((R12BDSC(4,I,J),I=1,7),J=1,19)",10,"-11.19857","numeric",-11.19857,,"38548071d5aa652bb90c7f111f86b427f798a1c9"
"r12tap.f",130,168,"R12TAP","((R12BDSC(4,I,J),I=1,7),J=1,19)",11,"0.00093","numeric",0.00093,,"38548071d5aa652bb90c7f111f86b427f798a1c9"
"r12tap.f",130,168,"R12TAP","((R12BDSC(4,I,J),I=1,7),J=1,19)",12,"0.00798","numeric",0.00798,,"38548071d5aa652bb90c7f111f86b427f798a1c9"
"r12tap.f",130,168,"R12TAP","((R12BDSC(4,I,J),I=1,7),J=1,19)",13,"80.57326","numeric",80.57326,,"38548071d5aa652bb90c7f111f86b427f798a1c9"
"r12tap.f",130,168,"R12TAP","((R12BDSC(4,I,J),I=1,7),J=1,19)",14,"-0.799945","numeric",-0.799945,,"38548071d5aa652bb90c7f111f86b427f798a1c9"
"r12tap.f",130,168,"R12TAP","((R12BDSC(4,I,J),I=1,7),J=1,19)",15,"-120.2769","numeric",-120.2769,,"38548071d5aa652bb90c7f111f86b427f798a1c9"
"r12tap.f",130,168,"R12TAP","((R12BDSC(4,I,J),I=1,7),J=1,19)",16,"6.006","numeric",6.006,,"38548071d5aa652bb90c7f111f86b427f798a1c9"
"r12tap.f",130,168,"R12TAP","((R12BDSC(4,I,J),I=1,7),J=1,19)",17,"-5.6035","numeric",-5.6035,,"38548071d5aa652bb90c7f111f86b427f798a1c9"
"r12tap.f",130,168,"R12TAP","((R12BDSC(4,I,J),I=1,7),J=1,19)",18,"0.0015","numeric",0.0015,,"38548071d5aa652bb90c7f111f86b427f798a1c9"
"r12tap.f",130,168,"R12TAP","((R12BDSC(4,I,J),I=1,7),J=1,19)",19,"0.0012","numeric",0.0012,,"38548071d5aa652bb90c7f111f86b427f798a1c9"
"r12tap.f",130,168,"R12TAP","((R12BDSC(4,I,J),I=1,7),J=1,19)",20,"159.8142","numeric",159.8142,,"38548071d5aa652bb90c7f111f86b427f798a1c9"
"r12tap.f",130,168,"R12TAP","((R12BDSC(4,I,J),I=1,7),J=1,19)",21,"-0.600258","numeric",-0.600258,,"38548071d5aa652bb90c7f111f86b427f798a1c9"
"r12tap.f",130,168,"R12TAP","((R12BDSC(4,I,J),I=1,7),J=1,19)",22,"-163.0663","numeric",-163.0663,,"38548071d5aa652bb90c7f111f86b427f798a1c9"
"r12tap.f",130,168,"R12TAP","((R12BDSC(4,I,J),I=1,7),J=1,19)",23,"2.6343","numeric",2.6343,,"38548071d5aa652bb90c7f111f86b427f798a1c9"
"r12tap.f",130,168,"R12TAP","((R12BDSC(4,I,J),I=1,7),J=1,19)",24,"6.9076","numeric",6.9076,,"38548071d5aa652bb90c7f111f86b427f798a1c9"
"r12tap.f",130,168,"R12TAP","((R12BDSC(4,I,J),I=1,7),J=1,19)",25,"0.0017","numeric",0.0017,,"38548071d5aa652bb90c7f111f86b427f798a1c9"
"r12tap.f",130,168,"R12TAP","((R12BDSC(4,I,J),I=1,7),J=1,19)",26,"-0.0042","numeric",-0.0042,,"38548071d5aa652bb90c7f111f86b427f798a1c9"
"r12tap.f",130,168,"R12TAP","((R12BDSC(4,I,J),I=1,7),J=1,19)",27,"98.9372","numeric",98.9372,,"38548071d5aa652bb90c7f111f86b427f798a1c9"
"r12tap.f",130,168,"R12TAP","((R12BDSC(4,I,J),I=1,7),J=1,19)",28,"0.103804","numeric",0.103804,,"38548071d5aa652bb90c7f111f86b427f798a1c9"
"r12tap.f",130,168,"R12TAP","((R12BDSC(4,I,J),I=1,7),J=1,19)",29,"-101.3343","numeric",-101.3343,,"38548071d5aa652bb90c7f111f86b427f798a1c9"
"r12tap.f",130,168,"R12TAP","((R12BDSC(4,I,J),I=1,7),J=1,19)",30,"0.9542","numeric",0.9542,,"38548071d5aa652bb90c7f111f86b427f798a1c9"
"r12tap.f",130,168,"R12TAP","((R12BDSC(4,I,J),I=1,7),J=1,19)",31,"7.6232","numeric",7.6232,,"38548071d5aa652bb90c7f111f86b427f798a1c9"
"r12tap.f",130,168,"R12TAP","((R12BDSC(4,I,J),I=1,7),J=1,19)",32,"0.0016","numeric",0.0016,,"38548071d5aa652bb90c7f111f86b427f798a1c9"
"r12tap.f",130,168,"R12TAP","((R12BDSC(4,I,J),I=1,7),J=1,19)",33,"-0.0035","numeric",-0.0035,,"38548071d5aa652bb90c7f111f86b427f798a1c9"
"r12tap.f",130,168,"R12TAP","((R12BDSC(4,I,J),I=1,7),J=1,19)",34,"23.6212","numeric",23.6212,,"38548071d5aa652bb90c7f111f86b427f798a1c9"
"r12tap.f",130,168,"R12TAP","((R12BDSC(4,I,J),I=1,7),J=1,19)",35,"0.317791","numeric",0.317791,,"38548071d5aa652bb90c7f111f86b427f798a1c9"
"r12tap.f",130,168,"R12TAP","((R12BDSC(4,I,J),I=1,7),J=1,19)",36,"-53.70727","numeric",-53.70727,,"38548071d5aa652bb90c7f111f86b427f798a1c9"
"r12tap.f",130,168,"R12TAP","((R12BDSC(4,I,J),I=1,7),J=1,19)",37,"-0.49243","numeric",-0.49243,,"38548071d5aa652bb90c7f111f86b427f798a1c9"
"r12tap.f",130,168,"R12TAP","((R12BDSC(4,I,J),I=1,7),J=1,19)",38,"6.19461","numeric",6.19461,,"38548071d5aa652bb90c7f111f86b427f798a1c9"
"r12tap.f",130,168,"R12TAP","((R12BDSC(4,I,J),I=1,7),J=1,19)",39,"0.00162","numeric",0.00162,,"38548071d5aa652bb90c7f111f86b427f798a1c9"
"r12tap.f",130,168,"R12TAP","((R12BDSC(4,I,J),I=1,7),J=1,19)",40,"-0.00212","numeric",-0.00212,,"38548071d5aa652bb90c7f111f86b427f798a1c9"
"r12tap.f",130,168,"R12TAP","((R12BDSC(4,I,J),I=1,7),J=1,19)",41,"-4.49348","numeric",-4.49348,,"38548071d5aa652bb90c7f111f86b427f798a1c9"
"r12tap.f",130,168,"R12TAP","((R12BDSC(4,I,J),I=1,7),J=1,19)",42,"0.291428","numeric",0.291428,,"38548071d5aa652bb90c7f111f86b427f798a1c9"
"r12tap.f",130,168,"R12TAP","((R12BDSC(4,I,J),I=1,7),J=1,19)",43,"72.34748","numeric",72.34748,,"38548071d5aa652bb90c7f111f86b427f798a1c9"
"r12tap.f",130,168,"R12TAP","((R12BDSC(4,I,J),I=1,7),J=1,19)",44,"-1.57365","numeric",-1.57365,,"38548071d5aa652bb90c7f111f86b427f798a1c9"
"r12tap.f",130,168,"R12TAP","((R12BDSC(4,I,J),I=1,7),J=1,19)",45,"-3.36042","numeric",-3.36042,,"38548071d5aa652bb90c7f111f86b427f798a1c9"
"r12tap.f",130,168,"R12TAP","((R12BDSC(4,I,J),I=1,7),J=1,19)",46,"0.00163","numeric",0.00163,,"38548071d5aa652bb90c7f111f86b427f798a1c9"
"r12tap.f",130,168,"R12TAP","((R12BDSC(4,I,J),I=1,7),J=1,19)",47,"0.00266","numeric",0.00266,,"38548071d5aa652bb90c7f111f86b427f798a1c9"
"r12tap.f",130,168,"R12TAP","((R12BDSC(4,I,J),I=1,7),J=1,19)",48,"-44.21681","numeric",-44.21681,,"38548071d5aa652bb90c7f111f86b427f798a1c9"
"r12tap.f",130,168,"R12TAP","((R12BDSC(4,I,J),I=1,7),J=1,19)",49,"0.022817","numeric",0.022817,,"38548071d5aa652bb90c7f111f86b427f798a1c9"
"r12tap.f",130,168,"R12TAP","((R12BDSC(4,I,J),I=1,7),J=1,19)",50,"74.5287","numeric",74.5287,,"38548071d5aa652bb90c7f111f86b427f798a1c9"
"r12tap.f",130,168,"R12TAP","((R12BDSC(4,I,J),I=1,7),J=1,19)",51,"-2.42129","numeric",-2.42129,,"38548071d5aa652bb90c7f111f86b427f798a1c9"
"r12tap.f",130,168,"R12TAP","((R12BDSC(4,I,J),I=1,7),J=1,19)",52,"-2.18962","numeric",-2.18962,,"38548071d5aa652bb90c7f111f86b427f798a1c9"
"r12tap.f",130,168,"R12TAP","((R12BDSC(4,I,J),I=1,7),J=1,19)",53,"0.00157","numeric",0.00157,,"38548071d5aa652bb90c7f111f86b427f798a1c9"
"r12tap.f",130,168,"R12TAP","((R12BDSC(4,I,J),I=1,7),J=1,19)",54,"0.00247","numeric",0.00247,,"38548071d5aa652bb90c7f111f86b427f798a1c9"
"r12tap.f",130,168,"R12TAP","((R12BDSC(4,I,J),I=1,7),J=1,19)",55,"-47.8671","numeric",-47.8671,,"38548071d5aa652bb90c7f111f86b427f798a1c9"
"r12tap.f",130,168,"R12TAP","((R12BDSC(4,I,J),I=1,7),J=1,19)",56,"0.065601","numeric",0.065601,,"38548071d5aa652bb90c7f111f86b427f798a1c9"
"r12tap.f",130,168,"R12TAP","((R12BDSC(4,I,J),I=1,7),J=1,19)",57,"72.81351","numeric",72.81351,,"38548071d5aa652bb90c7f111f86b427f798a1c9"
"r12tap.f",130,168,"R12TAP","((R12BDSC(4,I,J),I=1,7),J=1,19)",58,"-3.23532","numeric",-3.23532,,"38548071d5aa652bb90c7f111f86b427f798a1c9"
"r12tap.f",130,168,"R12TAP","((R12BDSC(4,I,J),I=1,7),J=1,19)",59,"-0.53876","numeric",-0.53876,,"38548071d5aa652bb90c7f111f86b427f798a1c9"
"r12tap.f",130,168,"R12TAP","((R12BDSC(4,I,J),I=1,7),J=1,19)",60,"0.0015","numeric",0.0015,,"38548071d5aa652bb90c7f111f86b427f798a1c9"
"r12tap.f",130,168,"R12TAP","((R12BDSC(4,I,J),I=1,7),J=1,19)",61,"0.0023","numeric",0.0023,,"38548071d5aa652bb90c7f111f86b427f798a1c9"
"r12tap.f",130,168,"R12TAP","((R12BDSC(4,I,J),I=1,7),J=1,19)",62,"-52.75278","numeric",-52.75278,,"38548071d5aa652bb90c7f111f86b427f798a1c9"
"r12tap.f",130,168,"R12TAP","((R12BDSC(4,I,J),I=1,7),J=1,19)",63,"0.112728","numeric",0.112728,,"38548071d5aa652bb90c7f111f86b427f798a1c9"
"r12tap.f",130,168,"R12TAP","((R12BDSC(4,I,J),I=1,7),J=1,19)",64,"85.20497","numeric",85.20497,,"38548071d5aa652bb90c7f111f86b427f798a1c9"
"r12tap.f",130,168,"R12TAP","((R12BDSC(4,I,J),I=1,7),J=1,19)",65,"-2.92933","numeric",-2.92933,,"38548071d5aa652bb90c7f111f86b427f798a1c9"
"r12tap.f",130,168,"R12TAP","((R12BDSC(4,I,J),I=1,7),J=1,19)",66,"-1.87182","numeric",-1.87182,,"38548071d5aa652bb90c7f111f86b427f798a1c9"
"r12tap.f",130,168,"R12TAP","((R12BDSC(4,I,J),I=1,7),J=1,19)",67,"0.0013","numeric",0.0013,,"38548071d5aa652bb90c7f111f86b427f798a1c9"
"r12tap.f",130,168,"R12TAP","((R12BDSC(4,I,J),I=1,7),J=1,19)",68,"0.00293","numeric",0.00293,,"38548071d5aa652bb90c7f111f86b427f798a1c9"
"r12tap.f",130,168,"R12TAP","((R12BDSC(4,I,J),I=1,7),J=1,19)",69,"-56.59252","numeric",-56.59252,,"38548071d5aa652bb90c7f111f86b427f798a1c9"
"r12tap.f",130,168,"R12TAP","((R12BDSC(4,I,J),I=1,7),J=1,19)",70,"0.044585","numeric",0.044585,,"38548071d5aa652bb90c7f111f86b427f798a1c9"
"r12tap.f",130,168,"R12TAP","((R12BDSC(4,I,J),I=1,7),J=1,19)",71,"97.67553","numeric",97.67553,,"38548071d5aa652bb90c7f111f86b427f798a1c9"
"r12tap.f",130,168,"R12TAP","((R12BDSC(4,I,J),I=1,7),J=1,19)",72,"-2.76203","numeric",-2.76203,,"38548071d5aa652bb90c7f111f86b427f798a1c9"
"r12tap.f",130,168,"R12TAP","((R12BDSC(4,I,J),I=1,7),J=1,19)",73,"-2.42418","numeric",-2.42418,,"38548071d5aa652bb90c7f111f86b427f798a1c9"
"r12tap.f",130,168,"R12TAP","((R12BDSC(4,I,J),I=1,7),J=1,19)",74,"0.0012","numeric",0.0012,,"38548071d5aa652bb90c7f111f86b427f798a1c9"
"r12tap.f",130,168,"R12TAP","((R12BDSC(4,I,J),I=1,7),J=1,19)",75,"0.00318","numeric",0.00318,,"38548071d5aa652bb90c7f111f86b427f798a1c9"
"r12tap.f",130,168,"R12TAP","((R12BDSC(4,I,J),I=1,7),J=1,19)",76,"-66.32821","numeric",-66.32821,,"38548071d5aa652bb90c7f111f86b427f798a1c9"
"r12tap.f",130,168,"R12TAP","((R12BDSC(4,I,J),I=1,7),J=1,19)",77,"-0.054258","numeric",-0.054258,,"38548071d5aa652bb90c7f111f86b427f798a1c9"
"r12tap.f",130,168,"R12TAP","((R12BDSC(4,I,J),I=1,7),J=1,19)",78,"62.8306","numeric",62.8306,,"38548071d5aa652bb90c7f111f86b427f798a1c9"
"r12tap.f",130,168,"R12TAP","((R12BDSC(4,I,J),I=1,7),J=1,19)",79,"-2.37526","numeric",-2.37526,,"38548071d5aa652bb90c7f111f86b427f798a1c9"
"r12tap.f",130,168,"R12TAP","((R12BDSC(4,I,J),I=1,7),J=1,19)",80,"1.09586","numeric",1.09586,,"38548071d5aa652bb90c7f111f86b427f798a1c9"
"r12tap.f",130,168,"R12TAP","((R12BDSC(4,I,J),I=1,7),J=1,19)",81,"0.00103","numeric",0.00103,,"38548071d5aa652bb90c7f111f86b427f798a1c9"
"r12tap.f",130,168,"R12TAP","((R12BDSC(4,I,J),I=1,7),J=1,19)",82,"0.0016","numeric",0.0016,,"38548071d5aa652bb90c7f111f86b427f798a1c9"
"r12tap.f",130,168,"R12TAP","((R12BDSC(4,I,J),I=1,7),J=1,19)",83,"-66.32523","numeric",-66.32523,,"38548071d5aa652bb90c7f111f86b427f798a1c9"
"r12tap.f",130,168,"R12TAP","((R12BDSC(4,I,J),I=1,7),J=1,19)",84,"0.000638","numeric",0.000638,,"38548071d5aa652bb90c7f111f86b427f798a1c9"
"r12tap.f",130,168,"R12TAP","((R12BDSC(4,I,J),I=1,7),J=1,19)",85,"48.14582","numeric",48.14582,,"38548071d5aa652bb90c7f111f86b427f798a1c9"
"r12tap.f",130,168,"R12TAP","((R12BDSC(4,I,J),I=1,7),J=1,19)",86,"-1.89902","numeric",-1.89902,,"38548071d5aa652bb90c7f111f86b427f798a1c9"
"r12tap.f",130,168,"R12TAP","((R12BDSC(4,I,J),I=1,7),J=1,19)",87,"1.08436","numeric",1.08436,,"38548071d5aa652bb90c7f111f86b427f798a1c9"
"r12tap.f",130,168,"R12TAP","((R12BDSC(4,I,J),I=1,7),J=1,19)",88,"0.00078","numeric",0.00078,,"38548071d5aa652bb90c7f111f86b427f798a1c9"
"r12tap.f",130,168,"R12TAP","((R12BDSC(4,I,J),I=1,7),J=1,19)",89,"0.00203","numeric",0.00203,,"38548071d5aa652bb90c7f111f86b427f798a1c9"
"r12tap.f",130,168,"R12TAP","((R12BDSC(4,I,J),I=1,7),J=1,19)",90,"-51.7645","numeric",-51.7645,,"38548071d5aa652bb90c7f111f86b427f798a1c9"
"r12tap.f",130,168,"R12TAP","((R12BDSC(4,I,J),I=1,7),J=1,19)",91,"-0.065606","numeric",-0.065606,,"38548071d5aa652bb90c7f111f86b427f798a1c9"
"r12tap.f",130,168,"R12TAP","((R12BDSC(4,I,J),I=1,7),J=1,19)",92,"87.60065","numeric",87.60065,,"38548071d5aa652bb90c7f111f86b427f798a1c9"
"r12tap.f",130,168,"R12TAP","((R12BDSC(4,I,J),I=1,7),J=1,19)",93,"-1.18257","numeric",-1.18257,,"38548071d5aa652bb90c7f111f86b427f798a1c9"
"r12tap.f",130,168,"R12TAP","((R12BDSC(4,I,J),I=1,7),J=1,19)",94,"-4.77535","numeric",-4.77535,,"38548071d5aa652bb90c7f111f86b427f798a1c9"
"r12tap.f",130,168,"R12TAP","((R12BDSC(4,I,J),I=1,7),J=1,19)",95,"0.0005","numeric",5e-04,,"38548071d5aa652bb90c7f111f86b427f798a1c9"
"r12tap.f",130,168,"R12TAP","((R12BDSC(4,I,J),I=1,7),J=1,19)",96,"0.00395","numeric",0.00395,,"38548071d5aa652bb90c7f111f86b427f798a1c9"
"r12tap.f",130,168,"R12TAP","((R12BDSC(4,I,J),I=1,7),J=1,19)",97,"-42.41969","numeric",-42.41969,,"38548071d5aa652bb90c7f111f86b427f798a1c9"
"r12tap.f",130,168,"R12TAP","((R12BDSC(4,I,J),I=1,7),J=1,19)",98,"-0.242557","numeric",-0.242557,,"38548071d5aa652bb90c7f111f86b427f798a1c9"
"r12tap.f",130,168,"R12TAP","((R12BDSC(4,I,J),I=1,7),J=1,19)",99,"41.87644","numeric",41.87644,,"38548071d5aa652bb90c7f111f86b427f798a1c9"
"r12tap.f",130,168,"R12TAP","((R12BDSC(4,I,J),I=1,7),J=1,19)",100,"-0.79009","numeric",-0.79009,,"38548071d5aa652bb90c7f111f86b427f798a1c9"
"r12tap.f",130,168,"R12TAP","((R12BDSC(4,I,J),I=1,7),J=1,19)",101,"-2.09","numeric",-2.09,,"38548071d5aa652bb90c7f111f86b427f798a1c9"
"r12tap.f",130,168,"R12TAP","((R12BDSC(4,I,J),I=1,7),J=1,19)",102,"0.00033","numeric",0.00033,,"38548071d5aa652bb90c7f111f86b427f798a1c9"
"r12tap.f",130,168,"R12TAP","((R12BDSC(4,I,J),I=1,7),J=1,19)",103,"0.00153","numeric",0.00153,,"38548071d5aa652bb90c7f111f86b427f798a1c9"
"r12tap.f",130,168,"R12TAP","((R12BDSC(4,I,J),I=1,7),J=1,19)",104,"-18.49814","numeric",-18.49814,,"38548071d5aa652bb90c7f111f86b427f798a1c9"
"r12tap.f",130,168,"R12TAP","((R12BDSC(4,I,J),I=1,7),J=1,19)",105,"-0.111464","numeric",-0.111464,,"38548071d5aa652bb90c7f111f86b427f798a1c9"
"r12tap.f",130,168,"R12TAP","((R12BDSC(4,I,J),I=1,7),J=1,19)",106,"23.01003","numeric",23.01003,,"38548071d5aa652bb90c7f111f86b427f798a1c9"
"r12tap.f",130,168,"R12TAP","((R12BDSC(4,I,J),I=1,7),J=1,19)",107,"-0.57185","numeric",-0.57185,,"38548071d5aa652bb90c7f111f86b427f798a1c9"
"r12tap.f",130,168,"R12TAP","((R12BDSC(4,I,J),I=1,7),J=1,19)",108,"-1.19807","numeric",-1.19807,,"38548071d5aa652bb90c7f111f86b427f798a1c9"
"r12tap.f",130,168,"R12TAP","((R12BDSC(4,I,J),I=1,7),J=1,19)",109,"0.00021","numeric",0.00021,,"38548071d5aa652bb90c7f111f86b427f798a1c9"
"r12tap.f",130,168,"R12TAP","((R12BDSC(4,I,J),I=1,7),J=1,19)",110,"0.00025","numeric",0.00025,,"38548071d5aa652bb90c7f111f86b427f798a1c9"
"r12tap.f",130,168,"R12TAP","((R12BDSC(4,I,J),I=1,7),J=1,19)",111,"-7.53108","numeric",-7.53108,,"38548071d5aa652bb90c7f111f86b427f798a1c9"
"r12tap.f",130,168,"R12TAP","((R12BDSC(4,I,J),I=1,7),J=1,19)",112,"-0.020979","numeric",-0.020979,,"38548071d5aa652bb90c7f111f86b427f798a1c9"
"r12tap.f",130,168,"R12TAP","((R12BDSC(4,I,J),I=1,7),J=1,19)",113,"10.02657","numeric",10.02657,,"38548071d5aa652bb90c7f111f86b427f798a1c9"
"r12tap.f",130,168,"R12TAP","((R12BDSC(4,I,J),I=1,7),J=1,19)",114,"-0.1822","numeric",-0.1822,,"38548071d5aa652bb90c7f111f86b427f798a1c9"
"r12tap.f",130,168,"R12TAP","((R12BDSC(4,I,J),I=1,7),J=1,19)",115,"-0.6388","numeric",-0.6388,,"38548071d5aa652bb90c7f111f86b427f798a1c9"
"r12tap.f",130,168,"R12TAP","((R12BDSC(4,I,J),I=1,7),J=1,19)",116,"0.00007","numeric",7e-05,,"38548071d5aa652bb90c7f111f86b427f798a1c9"
"r12tap.f",130,168,"R12TAP","((R12BDSC(4,I,J),I=1,7),J=1,19)",117,"0.00022","numeric",0.00022,,"38548071d5aa652bb90c7f111f86b427f798a1c9"
"r12tap.f",130,168,"R12TAP","((R12BDSC(4,I,J),I=1,7),J=1,19)",118,"-2.79567","numeric",-2.79567,,"38548071d5aa652bb90c7f111f86b427f798a1c9"
"r12tap.f",130,168,"R12TAP","((R12BDSC(4,I,J),I=1,7),J=1,19)",119,"-0.017864","numeric",-0.017864,,"38548071d5aa652bb90c7f111f86b427f798a1c9"
"r12tap.f",130,168,"R12TAP","((R12BDSC(4,I,J),I=1,7),J=1,19)",120,"3.543246","numeric",3.543246,,"38548071d5aa652bb90c7f111f86b427f798a1c9"
"r12tap.f",130,168,"R12TAP","((R12BDSC(4,I,J),I=1,7),J=1,19)",121,"-0.061057","numeric",-0.061057,,"38548071d5aa652bb90c7f111f86b427f798a1c9"
"r12tap.f",130,168,"R12TAP","((R12BDSC(4,I,J),I=1,7),J=1,19)",122,"-0.218041","numeric",-0.218041,,"38548071d5aa652bb90c7f111f86b427f798a1c9"
"r12tap.f",130,168,"R12TAP","((R12BDSC(4,I,J),I=1,7),J=1,19)",123,"0.00002","numeric",2e-05,,"38548071d5aa652bb90c7f111f86b427f798a1c9"
"r12tap.f",130,168,"R12TAP","((R12BDSC(4,I,J),I=1,7),J=1,19)",124,"0.000119","numeric",0.000119,,"38548071d5aa652bb90c7f111f86b427f798a1c9"
"r12tap.f",130,168,"R12TAP","((R12BDSC(4,I,J),I=1,7),J=1,19)",125,"-1.09622","numeric",-1.09622,,"38548071d5aa652bb90c7f111f86b427f798a1c9"
"r12tap.f",130,168,"R12TAP","((R12BDSC(4,I,J),I=1,7),J=1,19)",126,"-0.009133","numeric",-0.009133,,"38548071d5aa652bb90c7f111f86b427f798a1c9"
"r12tap.f",130,168,"R12TAP","((R12BDSC(4,I,J),I=1,7),J=1,19)",127,"353.4721","numeric",353.4721,,"38548071d5aa652bb90c7f111f86b427f798a1c9"
"r12tap.f",130,168,"R12TAP","((R12BDSC(4,I,J),I=1,7),J=1,19)",128,"10.4857","numeric",10.4857,,"38548071d5aa652bb90c7f111f86b427f798a1c9"
"r12tap.f",130,168,"R12TAP","((R12BDSC(4,I,J),I=1,7),J=1,19)",129,"-47.5863","numeric",-47.5863,,"38548071d5aa652bb90c7f111f86b427f798a1c9"
"r12tap.f",130,168,"R12TAP","((R12BDSC(4,I,J),I=1,7),J=1,19)",130,"0.0184","numeric",0.0184,,"38548071d5aa652bb90c7f111f86b427f798a1c9"
"r12tap.f",130,168,"R12TAP","((R12BDSC(4,I,J),I=1,7),J=1,19)",131,"0.0376","numeric",0.0376,,"38548071d5aa652bb90c7f111f86b427f798a1c9"
"r12tap.f",130,168,"R12TAP","((R12BDSC(4,I,J),I=1,7),J=1,19)",132,"-22.5655","numeric",-22.5655,,"38548071d5aa652bb90c7f111f86b427f798a1c9"
"r12tap.f",130,168,"R12TAP","((R12BDSC(4,I,J),I=1,7),J=1,19)",133,"-2.6187","numeric",-2.6187,,"38548071d5aa652bb90c7f111f86b427f798a1c9"
"r12tap.f",174,196,"R12TAP","((R12CUSC(1,I,J),I=1,7),J=1,11)",1,"-9.68699","numeric",-9.68699,,"38548071d5aa652bb90c7f111f86b427f798a1c9"
"r12tap.f",174,196,"R12TAP","((R12CUSC(1,I,J),I=1,7),J=1,11)",2,"1.21402","numeric",1.21402,,"38548071d5aa652bb90c7f111f86b427f798a1c9"
"r12tap.f",174,196,"R12TAP","((R12CUSC(1,I,J),I=1,7),J=1,11)",3,"0.023089","numeric",0.023089,,"38548071d5aa652bb90c7f111f86b427f798a1c9"
"r12tap.f",174,196,"R12TAP","((R12CUSC(1,I,J),I=1,7),J=1,11)",4,"0.000394","numeric",0.000394,,"38548071d5aa652bb90c7f111f86b427f798a1c9"
"r12tap.f",174,196,"R12TAP","((R12CUSC(1,I,J),I=1,7),J=1,11)",5,"0.000362","numeric",0.000362,,"38548071d5aa652bb90c7f111f86b427f798a1c9"
"r12tap.f",174,196,"R12TAP","((R12CUSC(1,I,J),I=1,7),J=1,11)",6,"3.576347","numeric",3.576347,,"38548071d5aa652bb90c7f111f86b427f798a1c9"
"r12tap.f",174,196,"R12TAP","((R12CUSC(1,I,J),I=1,7),J=1,11)",7,"-0.158056","numeric",-0.158056,,"38548071d5aa652bb90c7f111f86b427f798a1c9"
"r12tap.f",174,196,"R12TAP","((R12CUSC(1,I,J),I=1,7),J=1,11)",8,"-11.9152","numeric",-11.9152,,"38548071d5aa652bb90c7f111f86b427f798a1c9"
"r12tap.f",174,196,"R12TAP","((R12CUSC(1,I,J),I=1,7),J=1,11)",9,"1.138","numeric",1.138,,"38548071d5aa652bb90c7f111f86b427f798a1c9"
"r12tap.f",174,196,"R12TAP","((R12CUSC(1,I,J),I=1,7),J=1,11)",10,"-0.86295","numeric",-0.86295,,"38548071d5aa652bb90c7f111f86b427f798a1c9"
"r12tap.f",174,196,"R12TAP","((R12CUSC(1,I,J),I=1,7),J=1,11)",11,"0.00022","numeric",0.00022,,"38548071d5aa652bb90c7f111f86b427f798a1c9"
"r12tap.f",174,196,"R12TAP","((R12CUSC(1,I,J),I=1,7),J=1,11)",12,"0.0012","numeric",0.0012,,"38548071d5aa652bb90c7f111f86b427f798a1c9"
"r12tap.f",174,196,"R12TAP","((R12CUSC(1,I,J),I=1,7),J=1,11)",13,"14.77558","numeric",14.77558,,"38548071d5aa652bb90c7f111f86b427f798a1c9"
"r12tap.f",174,196,"R12TAP","((R12CUSC(1,I,J),I=1,7),J=1,11)",14,"-0.17534","numeric",-0.17534,,"38548071d5aa652bb90c7f111f86b427f798a1c9"
"r12tap.f",174,196,"R12TAP","((R12CUSC(1,I,J),I=1,7),J=1,11)",15,"-11.10862","numeric",-11.10862,,"38548071d5aa652bb90c7f111f86b427f798a1c9"
"r12tap.f",174,196,"R12TAP","((R12CUSC(1,I,J),I=1,7),J=1,11)",16,"0.79387","numeric",0.79387,,"38548071d5aa652bb90c7f111f86b427f798a1c9"
"r12tap.f",174,196,"R12TAP","((R12CUSC(1,I,J),I=1,7),J=1,11)",17,"-1.04888","numeric",-1.04888,,"38548071d5aa652bb90c7f111f86b427f798a1c9"
"r12tap.f",174,196,"R12TAP","((R12CUSC(1,I,J),I=1,7),J=1,11)",18,"0.00015","numeric",0.00015,,"38548071d5aa652bb90c7f111f86b427f798a1c9"
"r12tap.f",174,196,"R12TAP","((R12CUSC(1,I,J),I=1,7),J=1,11)",19,"0.00135","numeric",0.00135,,"38548071d5aa652bb90c7f111f86b427f798a1c9"
"r12tap.f",174,196,"R12TAP","((R12CUSC(1,I,J),I=1,7),J=1,11)",20,"14.720008","numeric",14.720008,,"38548071d5aa652bb90c7f111f86b427f798a1c9"
"r12tap.f",174,196,"R12TAP","((R12CUSC(1,I,J),I=1,7),J=1,11)",21,"-0.050964","numeric",-0.050964,,"38548071d5aa652bb90c7f111f86b427f798a1c9"
"r12tap.f",174,196,"R12TAP","((R12CUSC(1,I,J),I=1,7),J=1,11)",22,"-1.440857","numeric",-1.440857,,"38548071d5aa652bb90c7f111f86b427f798a1c9"
"r12tap.f",174,196,"R12TAP","((R12CUSC(1,I,J),I=1,7),J=1,11)",23,"-0.004906","numeric",-0.004906,,"38548071d5aa652bb90c7f111f86b427f798a1c9"
"r12tap.f",174,196,"R12TAP","((R12CUSC(1,I,J),I=1,7),J=1,11)",24,"-0.288692","numeric",-0.288692,,"38548071d5aa652bb90c7f111f86b427f798a1c9"
"r12tap.f",174,196,"R12TAP","((R12CUSC(1,I,J),I=1,7),J=1,11)",25,"0.000334","numeric",0.000334,,"38548071d5aa652bb90c7f111f86b427f798a1c9"
"r12tap.f",174,196,"R12TAP","((R12CUSC(1,I,J),I=1,7),J=1,11)",26,"0.000574","numeric",0.000574,,"38548071d5aa652bb90c7f111f86b427f798a1c9"
"r12tap.f",174,196,"R12TAP","((R12CUSC(1,I,J),I=1,7),J=1,11)",27,"1.99558","numeric",1.99558,,"38548071d5aa652bb90c7f111f86b427f798a1c9"
"r12tap.f",174,196,"R12TAP","((R12CUSC(1,I,J),I=1,7),J=1,11)",28,"0.063705","numeric",0.063705,,"38548071d5aa652bb90c7f111f86b427f798a1c9"
"r12tap.f",174,196,"R12TAP","((R12CUSC(1,I,J),I=1,7),J=1,11)",29,"5.209516","numeric",5.209516,,"38548071d5aa652bb90c7f111f86b427f798a1c9"
"r12tap.f",174,196,"R12TAP","((R12CUSC(1,I,J),I=1,7),J=1,11)",30,"-0.377899","numeric",-0.377899,,"38548071d5aa652bb90c7f111f86b427f798a1c9"
"r12tap.f",174,196,"R12TAP","((R12CUSC(1,I,J),I=1,7),J=1,11)",31,"0.191257","numeric",0.191257,,"38548071d5aa652bb90c7f111f86b427f798a1c9"
"r12tap.f",174,196,"R12TAP","((R12CUSC(1,I,J),I=1,7),J=1,11)",32,"0.000387","numeric",0.000387,,"38548071d5aa652bb90c7f111f86b427f798a1c9"
"r12tap.f",174,196,"R12TAP","((R12CUSC(1,I,J),I=1,7),J=1,11)",33,"0.00017","numeric",0.00017,,"38548071d5aa652bb90c7f111f86b427f798a1c9"
"r12tap.f",174,196,"R12TAP","((R12CUSC(1,I,J),I=1,7),J=1,11)",34,"-6.460742","numeric",-6.460742,,"38548071d5aa652bb90c7f111f86b427f798a1c9"
"r12tap.f",174,196,"R12TAP","((R12CUSC(1,I,J),I=1,7),J=1,11)",35,"0.079629","numeric",0.079629,,"38548071d5aa652bb90c7f111f86b427f798a1c9"
"r12tap.f",174,196,"R12TAP","((R12CUSC(1,I,J),I=1,7),J=1,11)",36,"5.789749","numeric",5.789749,,"38548071d5aa652bb90c7f111f86b427f798a1c9"
"r12tap.f",174,196,"R12TAP","((R12CUSC(1,I,J),I=1,7),J=1,11)",37,"-0.400744","numeric",-0.400744,,"38548071d5aa652bb90c7f111f86b427f798a1c9"
"r12tap.f",174,196,"R12TAP","((R12CUSC(1,I,J),I=1,7),J=1,11)",38,"0.312052","numeric",0.312052,,"38548071d5aa652bb90c7f111f86b427f798a1c9"
"r12tap.f",174,196,"R12TAP","((R12CUSC(1,I,J),I=1,7),J=1,11)",39,"0.000331","numeric",0.000331,,"38548071d5aa652bb90c7f111f86b427f798a1c9"
"r12tap.f",174,196,"R12TAP","((R12CUSC(1,I,J),I=1,7),J=1,11)",40,"-0.000154","numeric",-0.000154,,"38548071d5aa652bb90c7f111f86b427f798a1c9"
"r12tap.f",174,196,"R12TAP","((R12CUSC(1,I,J),I=1,7),J=1,11)",41,"-7.159193","numeric",-7.159193,,"38548071d5aa652bb90c7f111f86b427f798a1c9"
"r12tap.f",174,196,"R12TAP","((R12CUSC(1,I,J),I=1,7),J=1,11)",42,"0.066171","numeric",0.066171,,"38548071d5aa652bb90c7f111f86b427f798a1c9"
"r12tap.f",174,196,"R12TAP","((R12CUSC(1,I,J),I=1,7),J=1,11)",43,"5.915681","numeric",5.915681,,"38548071d5aa652bb90c7f111f86b427f798a1c9"
"r12tap.f",174,196,"R12TAP","((R12CUSC(1,I,J),I=1,7),J=1,11)",44,"-0.352759","numeric",-0.352759,,"38548071d5aa652bb90c7f111f86b427f798a1c9"
"r12tap.f",174,196,"R12TAP","((R12CUSC(1,I,J),I=1,7),J=1,11)",45,"0.231965","numeric",0.231965,,"38548071d5aa652bb90c7f111f86b427f798a1c9"
"r12tap.f",174,196,"R12TAP","((R12CUSC(1,I,J),I=1,7),J=1,11)",46,"0.000237","numeric",0.000237,,"38548071d5aa652bb90c7f111f86b427f798a1c9"
"r12tap.f",174,196,"R12TAP","((R12CUSC(1,I,J),I=1,7),J=1,11)",47,"-0.000029","numeric",-2.9e-05,,"38548071d5aa652bb90c7f111f86b427f798a1c9"
"r12tap.f",174,196,"R12TAP","((R12CUSC(1,I,J),I=1,7),J=1,11)",48,"-6.129322","numeric",-6.129322,,"38548071d5aa652bb90c7f111f86b427f798a1c9"
"r12tap.f",174,196,"R12TAP","((R12CUSC(1,I,J),I=1,7),J=1,11)",49,"0.030363","numeric",0.030363,,"38548071d5aa652bb90c7f111f86b427f798a1c9"
"r12tap.f",174,196,"R12TAP","((R12CUSC(1,I,J),I=1,7),J=1,11)",50,"2.427013","numeric",2.427013,,"38548071d5aa652bb90c7f111f86b427f798a1c9"
"r12tap.f",174,196,"R12TAP","((R12CUSC(1,I,J),I=1,7),J=1,11)",51,"-0.200374","numeric",-0.200374,,"38548071d5aa652bb90c7f111f86b427f798a1c9"
"r12tap.f",174,196,"R12TAP","((R12CUSC(1,I,J),I=1,7),J=1,11)",52,"0.169549","numeric",0.169549,,"38548071d5aa652bb90c7f111f86b427f798a1c9"
"r12tap.f",174,196,"R12TAP","((R12CUSC(1,I,J),I=1,7),J=1,11)",53,"0.000127","numeric",0.000127,,"38548071d5aa652bb90c7f111f86b427f798a1c9"
"r12tap.f",174,196,"R12TAP","((R12CUSC(1,I,J),I=1,7),J=1,11)",54,"-0.000095","numeric",-9.5e-05,,"38548071d5aa652bb90c7f111f86b427f798a1c9"
"r12tap.f",174,196,"R12TAP","((R12CUSC(1,I,J),I=1,7),J=1,11)",55,"-2.670028","numeric",-2.670028,,"38548071d5aa652bb90c7f111f86b427f798a1c9"
"r12tap.f",174,196,"R12TAP","((R12CUSC(1,I,J),I=1,7),J=1,11)",56,"0.019788","numeric",0.019788,,"38548071d5aa652bb90c7f111f86b427f798a1c9"
"r12tap.f",174,196,"R12TAP","((R12CUSC(1,I,J),I=1,7),J=1,11)",57,"0.8881901","numeric",0.8881901,,"38548071d5aa652bb90c7f111f86b427f798a1c9"
"r12tap.f",174,196,"R12TAP","((R12CUSC(1,I,J),I=1,7),J=1,11)",58,"-0.0669086","numeric",-0.0669086,,"38548071d5aa652bb90c7f111f86b427f798a1c9"
"r12tap.f",174,196,"R12TAP","((R12CUSC(1,I,J),I=1,7),J=1,11)",59,"0.0512612","numeric",0.0512612,,"38548071d5aa652bb90c7f111f86b427f798a1c9"
"r12tap.f",174,196,"R12TAP","((R12CUSC(1,I,J),I=1,7),J=1,11)",60,"0.00004120","numeric",4.12e-05,,"38548071d5aa652bb90c7f111f86b427f798a1c9"
"r12tap.f",174,196,"R12TAP","((R12CUSC(1,I,J),I=1,7),J=1,11)",61,"-0.0000215","numeric",-2.15e-05,,"38548071d5aa652bb90c7f111f86b427f798a1c9"
"r12tap.f",174,196,"R12TAP","((R12CUSC(1,I,J),I=1,7),J=1,11)",62,"-0.8806413","numeric",-0.8806413,,"38548071d5aa652bb90c7f111f86b427f798a1c9"
"r12tap.f",174,196,"R12TAP","((R12CUSC(1,I,J),I=1,7),J=1,11)",63,"0.004412","numeric",0.004412,,"38548071d5aa652bb90c7f111f86b427f798a1c9"
"r12tap.f",174,196,"R12TAP","((R12CUSC(1,I,J),I=1,7),J=1,11)",64,"0.04958669","numeric",0.04958669,,"38548071d5aa652bb90c7f111f86b427f798a1c9"
"r12tap.f",174,196,"R12TAP","((R12CUSC(1,I,J),I=1,7),J=1,11)",65,"-0.00913714","numeric",-0.00913714,,"38548071d5aa652bb90c7f111f86b427f798a1c9"
"r12tap.f",174,196,"R12TAP","((R12CUSC(1,I,J),I=1,7),J=1,11)",66,"0.00884829","numeric",0.00884829,,"38548071d5aa652bb90c7f111f86b427f798a1c9"
"r12tap.f",174,196,"R12TAP","((R12CUSC(1,I,J),I=1,7),J=1,11)",67,"0.00000812","numeric",8.12e-06,,"38548071d5aa652bb90c7f111f86b427f798a1c9"
"r12tap.f",174,196,"R12TAP","((R12CUSC(1,I,J),I=1,7),J=1,11)",68,"-0.00001206","numeric",-1.206e-05,,"38548071d5aa652bb90c7f111f86b427f798a1c9"
"r12tap.f",174,196,"R12TAP","((R12CUSC(1,I,J),I=1,7),J=1,11)",69,"-0.02262095","numeric",-0.02262095,,"38548071d5aa652bb90c7f111f86b427f798a1c9"
"r12tap.f",174,196,"R12TAP","((R12CUSC(1,I,J),I=1,7),J=1,11)",70,"-0.000186","numeric",-0.000186,,"38548071d5aa652bb90c7f111f86b427f798a1c9"
"r12tap.f",174,196,"R12TAP","((R12CUSC(1,I,J),I=1,7),J=1,11)",71,"-13.8719","numeric",-13.8719,,"38548071d5aa652bb90c7f111f86b427f798a1c9"
"r12tap.f",174,196,"R12TAP","((R12CUSC(1,I,J),I=1,7),J=1,11)",72,"1.7332","numeric",1.7332,,"38548071d5aa652bb90c7f111f86b427f798a1c9"
"r12tap.f",174,196,"R12TAP","((R12CUSC(1,I,J),I=1,7),J=1,11)",73,"-1.2125","numeric",-1.2125,,"38548071d5aa652bb90c7f111f86b427f798a1c9"
"r12tap.f",174,196,"R12TAP","((R12CUSC(1,I,J),I=1,7),J=1,11)",74,"0.0022","numeric",0.0022,,"38548071d5aa652bb90c7f111f86b427f798a1c9"
"r12tap.f",174,196,"R12TAP","((R12CUSC(1,I,J),I=1,7),J=1,11)",75,"0.0033","numeric",0.0033,,"38548071d5aa652bb90c7f111f86b427f798a1c9"
"r12tap.f",174,196,"R12TAP","((R12CUSC(1,I,J),I=1,7),J=1,11)",76,"11.745","numeric",11.745,,"38548071d5aa652bb90c7f111f86b427f798a1c9"
"r12tap.f",174,196,"R12TAP","((R12CUSC(1,I,J),I=1,7),J=1,11)",77,"-0.1205","numeric",-0.1205,,"38548071d5aa652bb90c7f111f86b427f798a1c9"
"r12tap.f",199,223,"R12TAP","((R12CUSC(2,I,J),I=1,7),J=1,12)",1,"-19.41844","numeric",-19.41844,,"38548071d5aa652bb90c7f111f86b427f798a1c9"
"r12tap.f",199,223,"R12TAP","((R12CUSC(2,I,J),I=1,7),J=1,12)",2,"1.01349","numeric",1.01349,,"38548071d5aa652bb90c7f111f86b427f798a1c9"
"r12tap.f",199,223,"R12TAP","((R12CUSC(2,I,J),I=1,7),J=1,12)",3,"1.03132","numeric",1.03132,,"38548071d5aa652bb90c7f111f86b427f798a1c9"
"r12tap.f",199,223,"R12TAP","((R12CUSC(2,I,J),I=1,7),J=1,12)",4,"0.0005","numeric",5e-04,,"38548071d5aa652bb90c7f111f86b427f798a1c9"
"r12tap.f",199,223,"R12TAP","((R12CUSC(2,I,J),I=1,7),J=1,12)",5,"-0.00066","numeric",-0.00066,,"38548071d5aa652bb90c7f111f86b427f798a1c9"
"r12tap.f",199,223,"R12TAP","((R12CUSC(2,I,J),I=1,7),J=1,12)",6,"8.00497","numeric",8.00497,,"38548071d5aa652bb90c7f111f86b427f798a1c9"
"r12tap.f",199,223,"R12TAP","((R12CUSC(2,I,J),I=1,7),J=1,12)",7,"-0.104521","numeric",-0.104521,,"38548071d5aa652bb90c7f111f86b427f798a1c9"
"r12tap.f",199,223,"R12TAP","((R12CUSC(2,I,J),I=1,7),J=1,12)",8,"-14.47685","numeric",-14.47685,,"38548071d5aa652bb90c7f111f86b427f798a1c9"
"r12tap.f",199,223,"R12TAP","((R12CUSC(2,I,J),I=1,7),J=1,12)",9,"0.76226","numeric",0.76226,,"38548071d5aa652bb90c7f111f86b427f798a1c9"
"r12tap.f",199,223,"R12TAP","((R12CUSC(2,I,J),I=1,7),J=1,12)",10,"0.19734","numeric",0.19734,,"38548071d5aa652bb90c7f111f86b427f798a1c9"
"r12tap.f",199,223,"R12TAP","((R12CUSC(2,I,J),I=1,7),J=1,12)",11,"0.00033","numeric",0.00033,,"38548071d5aa652bb90c7f111f86b427f798a1c9"
"r12tap.f",199,223,"R12TAP","((R12CUSC(2,I,J),I=1,7),J=1,12)",12,"0.00024","numeric",0.00024,,"38548071d5aa652bb90c7f111f86b427f798a1c9"
"r12tap.f",199,223,"R12TAP","((R12CUSC(2,I,J),I=1,7),J=1,12)",13,"11.53981","numeric",11.53981,,"38548071d5aa652bb90c7f111f86b427f798a1c9"
"r12tap.f",199,223,"R12TAP","((R12CUSC(2,I,J),I=1,7),J=1,12)",14,"-0.099139","numeric",-0.099139,,"38548071d5aa652bb90c7f111f86b427f798a1c9"
"r12tap.f",199,223,"R12TAP","((R12CUSC(2,I,J),I=1,7),J=1,12)",15,"-8.82702","numeric",-8.82702,,"38548071d5aa652bb90c7f111f86b427f798a1c9"
"r12tap.f",199,223,"R12TAP","((R12CUSC(2,I,J),I=1,7),J=1,12)",16,"0.84825","numeric",0.84825,,"38548071d5aa652bb90c7f111f86b427f798a1c9"
"r12tap.f",199,223,"R12TAP","((R12CUSC(2,I,J),I=1,7),J=1,12)",17,"-1.21373","numeric",-1.21373,,"38548071d5aa652bb90c7f111f86b427f798a1c9"
"r12tap.f",199,223,"R12TAP","((R12CUSC(2,I,J),I=1,7),J=1,12)",18,"0.00002","numeric",2e-05,,"38548071d5aa652bb90c7f111f86b427f798a1c9"
"r12tap.f",199,223,"R12TAP","((R12CUSC(2,I,J),I=1,7),J=1,12)",19,"0.00187","numeric",0.00187,,"38548071d5aa652bb90c7f111f86b427f798a1c9"
"r12tap.f",199,223,"R12TAP","((R12CUSC(2,I,J),I=1,7),J=1,12)",20,"14.47147","numeric",14.47147,,"38548071d5aa652bb90c7f111f86b427f798a1c9"
"r12tap.f",199,223,"R12TAP","((R12CUSC(2,I,J),I=1,7),J=1,12)",21,"-0.099642","numeric",-0.099642,,"38548071d5aa652bb90c7f111f86b427f798a1c9"
"r12tap.f",199,223,"R12TAP","((R12CUSC(2,I,J),I=1,7),J=1,12)",22,"5.926268","numeric",5.926268,,"38548071d5aa652bb90c7f111f86b427f798a1c9"
"r12tap.f",199,223,"R12TAP","((R12CUSC(2,I,J),I=1,7),J=1,12)",23,"0.415849","numeric",0.415849,,"38548071d5aa652bb90c7f111f86b427f798a1c9"
"r12tap.f",199,223,"R12TAP","((R12CUSC(2,I,J),I=1,7),J=1,12)",24,"-1.487051","numeric",-1.487051,,"38548071d5aa652bb90c7f111f86b427f798a1c9"
"r12tap.f",199,223,"R12TAP","((R12CUSC(2,I,J),I=1,7),J=1,12)",25,"0.000056","numeric",5.6e-05,,"38548071d5aa652bb90c7f111f86b427f798a1c9"
"r12tap.f",199,223,"R12TAP","((R12CUSC(2,I,J),I=1,7),J=1,12)",26,"0.002205","numeric",0.002205,,"38548071d5aa652bb90c7f111f86b427f798a1c9"
"r12tap.f",199,223,"R12TAP","((R12CUSC(2,I,J),I=1,7),J=1,12)",27,"1.052171","numeric",1.052171,,"38548071d5aa652bb90c7f111f86b427f798a1c9"
"r12tap.f",199,223,"R12TAP","((R12CUSC(2,I,J),I=1,7),J=1,12)",28,"-0.048797","numeric",-0.048797,,"38548071d5aa652bb90c7f111f86b427f798a1c9"
"r12tap.f",199,223,"R12TAP","((R12CUSC(2,I,J),I=1,7),J=1,12)",29,"5.301151","numeric",5.301151,,"38548071d5aa652bb90c7f111f86b427f798a1c9"
"r12tap.f",199,223,"R12TAP","((R12CUSC(2,I,J),I=1,7),J=1,12)",30,"-0.198231","numeric",-0.198231,,"38548071d5aa652bb90c7f111f86b427f798a1c9"
"r12tap.f",199,223,"R12TAP","((R12CUSC(2,I,J),I=1,7),J=1,12)",31,"-0.083528","numeric",-0.083528,,"38548071d5aa652bb90c7f111f86b427f798a1c9"
"r12tap.f",199,223,"R12TAP","((R12CUSC(2,I,J),I=1,7),J=1,12)",32,"0.000231","numeric",0.000231,,"38548071d5aa652bb90c7f111f86b427f798a1c9"
"r12tap.f",199,223,"R12TAP","((R12CUSC(2,I,J),I=1,7),J=1,12)",33,"-0.000582","numeric",-0.000582,,"38548071d5aa652bb90c7f111f86b427f798a1c9"
"r12tap.f",199,223,"R12TAP","((R12CUSC(2,I,J),I=1,7),J=1,12)",34,"-6.32622","numeric",-6.32622,,"38548071d5aa652bb90c7f111f86b427f798a1c9"
"r12tap.f",199,223,"R12TAP","((R12CUSC(2,I,J),I=1,7),J=1,12)",35,"0.071528","numeric",0.071528,,"38548071d5aa652bb90c7f111f86b427f798a1c9"
"r12tap.f",199,223,"R12TAP","((R12CUSC(2,I,J),I=1,7),J=1,12)",36,"5.977388","numeric",5.977388,,"38548071d5aa652bb90c7f111f86b427f798a1c9"
"r12tap.f",199,223,"R12TAP","((R12CUSC(2,I,J),I=1,7),J=1,12)",37,"-0.465099","numeric",-0.465099,,"38548071d5aa652bb90c7f111f86b427f798a1c9"
"r12tap.f",199,223,"R12TAP","((R12CUSC(2,I,J),I=1,7),J=1,12)",38,"0.340442","numeric",0.340442,,"38548071d5aa652bb90c7f111f86b427f798a1c9"
"r12tap.f",199,223,"R12TAP","((R12CUSC(2,I,J),I=1,7),J=1,12)",39,"0.000311","numeric",0.000311,,"38548071d5aa652bb90c7f111f86b427f798a1c9"
"r12tap.f",199,223,"R12TAP","((R12CUSC(2,I,J),I=1,7),J=1,12)",40,"-0.000055","numeric",-5.5e-05,,"38548071d5aa652bb90c7f111f86b427f798a1c9"
"r12tap.f",199,223,"R12TAP","((R12CUSC(2,I,J),I=1,7),J=1,12)",41,"-7.753169","numeric",-7.753169,,"38548071d5aa652bb90c7f111f86b427f798a1c9"
"r12tap.f",199,223,"R12TAP","((R12CUSC(2,I,J),I=1,7),J=1,12)",42,"0.088066","numeric",0.088066,,"38548071d5aa652bb90c7f111f86b427f798a1c9"
"r12tap.f",199,223,"R12TAP","((R12CUSC(2,I,J),I=1,7),J=1,12)",43,"2.533931","numeric",2.533931,,"38548071d5aa652bb90c7f111f86b427f798a1c9"
"r12tap.f",199,223,"R12TAP","((R12CUSC(2,I,J),I=1,7),J=1,12)",44,"-0.422026","numeric",-0.422026,,"38548071d5aa652bb90c7f111f86b427f798a1c9"
"r12tap.f",199,223,"R12TAP","((R12CUSC(2,I,J),I=1,7),J=1,12)",45,"0.542706","numeric",0.542706,,"38548071d5aa652bb90c7f111f86b427f798a1c9"
"r12tap.f",199,223,"R12TAP","((R12CUSC(2,I,J),I=1,7),J=1,12)",46,"0.000358","numeric",0.000358,,"38548071d5aa652bb90c7f111f86b427f798a1c9"
"r12tap.f",199,223,"R12TAP","((R12CUSC(2,I,J),I=1,7),J=1,12)",47,"-0.000767","numeric",-0.000767,,"38548071d5aa652bb90c7f111f86b427f798a1c9"
"r12tap.f",199,223,"R12TAP","((R12CUSC(2,I,J),I=1,7),J=1,12)",48,"-4.849127","numeric",-4.849127,,"38548071d5aa652bb90c7f111f86b427f798a1c9"
"r12tap.f",199,223,"R12TAP","((R12CUSC(2,I,J),I=1,7),J=1,12)",49,"0.071285","numeric",0.071285,,"38548071d5aa652bb90c7f111f86b427f798a1c9"
"r12tap.f",199,223,"R12TAP","((R12CUSC(2,I,J),I=1,7),J=1,12)",50,"1.419499","numeric",1.419499,,"38548071d5aa652bb90c7f111f86b427f798a1c9"
"r12tap.f",199,223,"R12TAP","((R12CUSC(2,I,J),I=1,7),J=1,12)",51,"-0.308002","numeric",-0.308002,,"38548071d5aa652bb90c7f111f86b427f798a1c9"
"r12tap.f",199,223,"R12TAP","((R12CUSC(2,I,J),I=1,7),J=1,12)",52,"0.360319","numeric",0.360319,,"38548071d5aa652bb90c7f111f86b427f798a1c9"
"r12tap.f",199,223,"R12TAP","((R12CUSC(2,I,J),I=1,7),J=1,12)",53,"0.000297","numeric",0.000297,,"38548071d5aa652bb90c7f111f86b427f798a1c9"
"r12tap.f",199,223,"R12TAP","((R12CUSC(2,I,J),I=1,7),J=1,12)",54,"0.000604","numeric",0.000604,,"38548071d5aa652bb90c7f111f86b427f798a1c9"
"r12tap.f",199,223,"R12TAP","((R12CUSC(2,I,J),I=1,7),J=1,12)",55,"-2.09887","numeric",-2.09887,,"38548071d5aa652bb90c7f111f86b427f798a1c9"
"r12tap.f",199,223,"R12TAP","((R12CUSC(2,I,J),I=1,7),J=1,12)",56,"0.033883","numeric",0.033883,,"38548071d5aa652bb90c7f111f86b427f798a1c9"
"r12tap.f",199,223,"R12TAP","((R12CUSC(2,I,J),I=1,7),J=1,12)",57,"1.649707","numeric",1.649707,,"38548071d5aa652bb90c7f111f86b427f798a1c9"
"r12tap.f",199,223,"R12TAP","((R12CUSC(2,I,J),I=1,7),J=1,12)",58,"-0.207882","numeric",-0.207882,,"38548071d5aa652bb90c7f111f86b427f798a1c9"
"r12tap.f",199,223,"R12TAP","((R12CUSC(2,I,J),I=1,7),J=1,12)",59,"0.177219","numeric",0.177219,,"38548071d5aa652bb90c7f111f86b427f798a1c9"
"r12tap.f",199,223,"R12TAP","((R12CUSC(2,I,J),I=1,7),J=1,12)",60,"0.000206","numeric",0.000206,,"38548071d5aa652bb90c7f111f86b427f798a1c9"
"r12tap.f",199,223,"R12TAP","((R12CUSC(2,I,J),I=1,7),J=1,12)",61,"-0.000293","numeric",-0.000293,,"38548071d5aa652bb90c7f111f86b427f798a1c9"
"r12tap.f",199,223,"R12TAP","((R12CUSC(2,I,J),I=1,7),J=1,12)",62,"-1.308878","numeric",-1.308878,,"38548071d5aa652bb90c7f111f86b427f798a1c9"
"r12tap.f",199,223,"R12TAP","((R12CUSC(2,I,J),I=1,7),J=1,12)",63,"0.00668","numeric",0.00668,,"38548071d5aa652bb90c7f111f86b427f798a1c9"
"r12tap.f",199,223,"R12TAP","((R12CUSC(2,I,J),I=1,7),J=1,12)",64,"1.322752","numeric",1.322752,,"38548071d5aa652bb90c7f111f86b427f798a1c9"
"r12tap.f",199,223,"R12TAP","((R12CUSC(2,I,J),I=1,7),J=1,12)",65,"-0.081551","numeric",-0.081551,,"38548071d5aa652bb90c7f111f86b427f798a1c9"
"r12tap.f",199,223,"R12TAP","((R12CUSC(2,I,J),I=1,7),J=1,12)",66,"0.001187","numeric",0.001187,,"38548071d5aa652bb90c7f111f86b427f798a1c9"
"r12tap.f",199,223,"R12TAP","((R12CUSC(2,I,J),I=1,7),J=1,12)",67,"0.00008","numeric",8e-05,,"38548071d5aa652bb90c7f111f86b427f798a1c9"
"r12tap.f",199,223,"R12TAP","((R12CUSC(2,I,J),I=1,7),J=1,12)",68,"-0.000001","numeric",-1e-06,,"38548071d5aa652bb90c7f111f86b427f798a1c9"
"r12tap.f",199,223,"R12TAP","((R12CUSC(2,I,J),I=1,7),J=1,12)",69,"-0.509818","numeric",-0.509818,,"38548071d5aa652bb90c7f111f86b427f798a1c9"
"r12tap.f",199,223,"R12TAP","((R12CUSC(2,I,J),I=1,7),J=1,12)",70,"-0.007166","numeric",-0.007166,,"38548071d5aa652bb90c7f111f86b427f798a1c9"
"r12tap.f",199,223,"R12TAP","((R12CUSC(2,I,J),I=1,7),J=1,12)",71,"0.405899","numeric",0.405899,,"38548071d5aa652bb90c7f111f86b427f798a1c9"
"r12tap.f",199,223,"R12TAP","((R12CUSC(2,I,J),I=1,7),J=1,12)",72,"-0.0073059","numeric",-0.0073059,,"38548071d5aa652bb90c7f111f86b427f798a1c9"
"r12tap.f",199,223,"R12TAP","((R12CUSC(2,I,J),I=1,7),J=1,12)",73,"-0.0247008","numeric",-0.0247008,,"38548071d5aa652bb90c7f111f86b427f798a1c9"
"r12tap.f",199,223,"R12TAP","((R12CUSC(2,I,J),I=1,7),J=1,12)",74,"0.0000074","numeric",7.4e-06,,"38548071d5aa652bb90c7f111f86b427f798a1c9"
"r12tap.f",199,223,"R12TAP","((R12CUSC(2,I,J),I=1,7),J=1,12)",75,"0.0000407","numeric",4.07e-05,,"38548071d5aa652bb90c7f111f86b427f798a1c9"
"r12tap.f",199,223,"R12TAP","((R12CUSC(2,I,J),I=1,7),J=1,12)",76,"-0.1117655","numeric",-0.1117655,,"38548071d5aa652bb90c7f111f86b427f798a1c9"
"r12tap.f",199,223,"R12TAP","((R12CUSC(2,I,J),I=1,7),J=1,12)",77,"-0.003833","numeric",-0.003833,,"38548071d5aa652bb90c7f111f86b427f798a1c9"
"r12tap.f",199,223,"R12TAP","((R12CUSC(2,I,J),I=1,7),J=1,12)",78,"-18.1857","numeric",-18.1857,,"38548071d5aa652bb90c7f111f86b427f798a1c9"
"r12tap.f",199,223,"R12TAP","((R12CUSC(2,I,J),I=1,7),J=1,12)",79,"1.3498","numeric",1.3498,,"38548071d5aa652bb90c7f111f86b427f798a1c9"
"r12tap.f",199,223,"R12TAP","((R12CUSC(2,I,J),I=1,7),J=1,12)",80,"-0.1585","numeric",-0.1585,,"38548071d5aa652bb90c7f111f86b427f798a1c9"
"r12tap.f",199,223,"R12TAP","((R12CUSC(2,I,J),I=1,7),J=1,12)",81,"0.0024","numeric",0.0024,,"38548071d5aa652bb90c7f111f86b427f798a1c9"
"r12tap.f",199,223,"R12TAP","((R12CUSC(2,I,J),I=1,7),J=1,12)",82,"0.0026","numeric",0.0026,,"38548071d5aa652bb90c7f111f86b427f798a1c9"
"r12tap.f",199,223,"R12TAP","((R12CUSC(2,I,J),I=1,7),J=1,12)",83,"12.1106","numeric",12.1106,,"38548071d5aa652bb90c7f111f86b427f798a1c9"
"r12tap.f",199,223,"R12TAP","((R12CUSC(2,I,J),I=1,7),J=1,12)",84,"-0.0917","numeric",-0.0917,,"38548071d5aa652bb90c7f111f86b427f798a1c9"
"r12tap.f",226,258,"R12TAP","((R12CUSC(3,I,J),I=1,7),J=1,16)",1,"-17.82186","numeric",-17.82186,,"38548071d5aa652bb90c7f111f86b427f798a1c9"
"r12tap.f",226,258,"R12TAP","((R12CUSC(3,I,J),I=1,7),J=1,16)",2,"0.90209","numeric",0.90209,,"38548071d5aa652bb90c7f111f86b427f798a1c9"
"r12tap.f",226,258,"R12TAP","((R12CUSC(3,I,J),I=1,7),J=1,16)",3,"0.14525","numeric",0.14525,,"38548071d5aa652bb90c7f111f86b427f798a1c9"
"r12tap.f",226,258,"R12TAP","((R12CUSC(3,I,J),I=1,7),J=1,16)",4,"0.00026","numeric",0.00026,,"38548071d5aa652bb90c7f111f86b427f798a1c9"
"r12tap.f",226,258,"R12TAP","((R12CUSC(3,I,J),I=1,7),J=1,16)",5,"-0.00028","numeric",-0.00028,,"38548071d5aa652bb90c7f111f86b427f798a1c9"
"r12tap.f",226,258,"R12TAP","((R12CUSC(3,I,J),I=1,7),J=1,16)",6,"17.48416","numeric",17.48416,,"38548071d5aa652bb90c7f111f86b427f798a1c9"
"r12tap.f",226,258,"R12TAP","((R12CUSC(3,I,J),I=1,7),J=1,16)",7,"-0.068875","numeric",-0.068875,,"38548071d5aa652bb90c7f111f86b427f798a1c9"
"r12tap.f",226,258,"R12TAP","((R12CUSC(3,I,J),I=1,7),J=1,16)",8,"-10.98505","numeric",-10.98505,,"38548071d5aa652bb90c7f111f86b427f798a1c9"
"r12tap.f",226,258,"R12TAP","((R12CUSC(3,I,J),I=1,7),J=1,16)",9,"0.70596","numeric",0.70596,,"38548071d5aa652bb90c7f111f86b427f798a1c9"
"r12tap.f",226,258,"R12TAP","((R12CUSC(3,I,J),I=1,7),J=1,16)",10,"-0.27203","numeric",-0.27203,,"38548071d5aa652bb90c7f111f86b427f798a1c9"
"r12tap.f",226,258,"R12TAP","((R12CUSC(3,I,J),I=1,7),J=1,16)",11,"0.00018","numeric",0.00018,,"38548071d5aa652bb90c7f111f86b427f798a1c9"
"r12tap.f",226,258,"R12TAP","((R12CUSC(3,I,J),I=1,7),J=1,16)",12,"0.00024","numeric",0.00024,,"38548071d5aa652bb90c7f111f86b427f798a1c9"
"r12tap.f",226,258,"R12TAP","((R12CUSC(3,I,J),I=1,7),J=1,16)",13,"13.34293","numeric",13.34293,,"38548071d5aa652bb90c7f111f86b427f798a1c9"
"r12tap.f",226,258,"R12TAP","((R12CUSC(3,I,J),I=1,7),J=1,16)",14,"-0.059877","numeric",-0.059877,,"38548071d5aa652bb90c7f111f86b427f798a1c9"
"r12tap.f",226,258,"R12TAP","((R12CUSC(3,I,J),I=1,7),J=1,16)",15,"-10.93912","numeric",-10.93912,,"38548071d5aa652bb90c7f111f86b427f798a1c9"
"r12tap.f",226,258,"R12TAP","((R12CUSC(3,I,J),I=1,7),J=1,16)",16,"0.68559","numeric",0.68559,,"38548071d5aa652bb90c7f111f86b427f798a1c9"
"r12tap.f",226,258,"R12TAP","((R12CUSC(3,I,J),I=1,7),J=1,16)",17,"-0.2474","numeric",-0.2474,,"38548071d5aa652bb90c7f111f86b427f798a1c9"
"r12tap.f",226,258,"R12TAP","((R12CUSC(3,I,J),I=1,7),J=1,16)",18,"0.00008","numeric",8e-05,,"38548071d5aa652bb90c7f111f86b427f798a1c9"
"r12tap.f",226,258,"R12TAP","((R12CUSC(3,I,J),I=1,7),J=1,16)",19,"0.00024","numeric",0.00024,,"38548071d5aa652bb90c7f111f86b427f798a1c9"
"r12tap.f",226,258,"R12TAP","((R12CUSC(3,I,J),I=1,7),J=1,16)",20,"8.95076","numeric",8.95076,,"38548071d5aa652bb90c7f111f86b427f798a1c9"
"r12tap.f",226,258,"R12TAP","((R12CUSC(3,I,J),I=1,7),J=1,16)",21,"-0.005218","numeric",-0.005218,,"38548071d5aa652bb90c7f111f86b427f798a1c9"
"r12tap.f",226,258,"R12TAP","((R12CUSC(3,I,J),I=1,7),J=1,16)",22,"-1.851224","numeric",-1.851224,,"38548071d5aa652bb90c7f111f86b427f798a1c9"
"r12tap.f",226,258,"R12TAP","((R12CUSC(3,I,J),I=1,7),J=1,16)",23,"0.498383","numeric",0.498383,,"38548071d5aa652bb90c7f111f86b427f798a1c9"
"r12tap.f",226,258,"R12TAP","((R12CUSC(3,I,J),I=1,7),J=1,16)",24,"-0.72306","numeric",-0.72306,,"38548071d5aa652bb90c7f111f86b427f798a1c9"
"r12tap.f",226,258,"R12TAP","((R12CUSC(3,I,J),I=1,7),J=1,16)",25,"0.000062","numeric",6.2e-05,,"38548071d5aa652bb90c7f111f86b427f798a1c9"
"r12tap.f",226,258,"R12TAP","((R12CUSC(3,I,J),I=1,7),J=1,16)",26,"0.00061","numeric",0.00061,,"38548071d5aa652bb90c7f111f86b427f798a1c9"
"r12tap.f",226,258,"R12TAP","((R12CUSC(3,I,J),I=1,7),J=1,16)",27,"3.034923","numeric",3.034923,,"38548071d5aa652bb90c7f111f86b427f798a1c9"
"r12tap.f",226,258,"R12TAP","((R12CUSC(3,I,J),I=1,7),J=1,16)",28,"-0.000017","numeric",-1.7e-05,,"38548071d5aa652bb90c7f111f86b427f798a1c9"
"r12tap.f",226,258,"R12TAP","((R12CUSC(3,I,J),I=1,7),J=1,16)",29,"-5.58477","numeric",-5.58477,,"38548071d5aa652bb90c7f111f86b427f798a1c9"
"r12tap.f",226,258,"R12TAP","((R12CUSC(3,I,J),I=1,7),J=1,16)",30,"0.091009","numeric",0.091009,,"38548071d5aa652bb90c7f111f86b427f798a1c9"
"r12tap.f",226,258,"R12TAP","((R12CUSC(3,I,J),I=1,7),J=1,16)",31,"0.138066","numeric",0.138066,,"38548071d5aa652bb90c7f111f86b427f798a1c9"
"r12tap.f",226,258,"R12TAP","((R12CUSC(3,I,J),I=1,7),J=1,16)",32,"0.000139","numeric",0.000139,,"38548071d5aa652bb90c7f111f86b427f798a1c9"
"r12tap.f",226,258,"R12TAP","((R12CUSC(3,I,J),I=1,7),J=1,16)",33,"0.00005","numeric",5e-05,,"38548071d5aa652bb90c7f111f86b427f798a1c9"
"r12tap.f",226,258,"R12TAP","((R12CUSC(3,I,J),I=1,7),J=1,16)",34,"3.111704","numeric",3.111704,,"38548071d5aa652bb90c7f111f86b427f798a1c9"
"r12tap.f",226,258,"R12TAP","((R12CUSC(3,I,J),I=1,7),J=1,16)",35,"0.041055","numeric",0.041055,,"38548071d5aa652bb90c7f111f86b427f798a1c9"
"r12tap.f",226,258,"R12TAP","((R12CUSC(3,I,J),I=1,7),J=1,16)",36,"0.0086459","numeric",0.0086459,,"38548071d5aa652bb90c7f111f86b427f798a1c9"
"r12tap.f",226,258,"R12TAP","((R12CUSC(3,I,J),I=1,7),J=1,16)",37,"-0.017857","numeric",-0.017857,,"38548071d5aa652bb90c7f111f86b427f798a1c9"
"r12tap.f",226,258,"R12TAP","((R12CUSC(3,I,J),I=1,7),J=1,16)",38,"-0.0535476","numeric",-0.0535476,,"38548071d5aa652bb90c7f111f86b427f798a1c9"
"r12tap.f",226,258,"R12TAP","((R12CUSC(3,I,J),I=1,7),J=1,16)",39,"0.0001619","numeric",0.0001619,,"38548071d5aa652bb90c7f111f86b427f798a1c9"
"r12tap.f",226,258,"R12TAP","((R12CUSC(3,I,J),I=1,7),J=1,16)",40,"0.0002073","numeric",0.0002073,,"38548071d5aa652bb90c7f111f86b427f798a1c9"
"r12tap.f",226,258,"R12TAP","((R12CUSC(3,I,J),I=1,7),J=1,16)",41,"-0.6397084","numeric",-0.6397084,,"38548071d5aa652bb90c7f111f86b427f798a1c9"
"r12tap.f",226,258,"R12TAP","((R12CUSC(3,I,J),I=1,7),J=1,16)",42,"0.022332","numeric",0.022332,,"38548071d5aa652bb90c7f111f86b427f798a1c9"
"r12tap.f",226,258,"R12TAP","((R12CUSC(3,I,J),I=1,7),J=1,16)",43,"3.753958","numeric",3.753958,,"38548071d5aa652bb90c7f111f86b427f798a1c9"
"r12tap.f",226,258,"R12TAP","((R12CUSC(3,I,J),I=1,7),J=1,16)",44,"-0.218191","numeric",-0.218191,,"38548071d5aa652bb90c7f111f86b427f798a1c9"
"r12tap.f",226,258,"R12TAP","((R12CUSC(3,I,J),I=1,7),J=1,16)",45,"-0.032923","numeric",-0.032923,,"38548071d5aa652bb90c7f111f86b427f798a1c9"
"r12tap.f",226,258,"R12TAP","((R12CUSC(3,I,J),I=1,7),J=1,16)",46,"0.000216","numeric",0.000216,,"38548071d5aa652bb90c7f111f86b427f798a1c9"
"r12tap.f",226,258,"R12TAP","((R12CUSC(3,I,J),I=1,7),J=1,16)",47,"0.000229","numeric",0.000229,,"38548071d5aa652bb90c7f111f86b427f798a1c9"
"r12tap.f",226,258,"R12TAP","((R12CUSC(3,I,J),I=1,7),J=1,16)",48,"-2.725338","numeric",-2.725338,,"38548071d5aa652bb90c7f111f86b427f798a1c9"
"r12tap.f",226,258,"R12TAP","((R12CUSC(3,I,J),I=1,7),J=1,16)",49,"0.008064","numeric",0.008064,,"38548071d5aa652bb90c7f111f86b427f798a1c9"
"r12tap.f",226,258,"R12TAP","((R12CUSC(3,I,J),I=1,7),J=1,16)",50,"4.09359","numeric",4.09359,,"38548071d5aa652bb90c7f111f86b427f798a1c9"
"r12tap.f",226,258,"R12TAP","((R12CUSC(3,I,J),I=1,7),J=1,16)",51,"-0.254223","numeric",-0.254223,,"38548071d5aa652bb90c7f111f86b427f798a1c9"
"r12tap.f",226,258,"R12TAP","((R12CUSC(3,I,J),I=1,7),J=1,16)",52,"-0.007515","numeric",-0.007515,,"38548071d5aa652bb90c7f111f86b427f798a1c9"
"r12tap.f",226,258,"R12TAP","((R12CUSC(3,I,J),I=1,7),J=1,16)",53,"0.000214","numeric",0.000214,,"38548071d5aa652bb90c7f111f86b427f798a1c9"
"r12tap.f",226,258,"R12TAP","((R12CUSC(3,I,J),I=1,7),J=1,16)",54,"0.000224","numeric",0.000224,,"38548071d5aa652bb90c7f111f86b427f798a1c9"
"r12tap.f",226,258,"R12TAP","((R12CUSC(3,I,J),I=1,7),J=1,16)",55,"-2.473237","numeric",-2.473237,,"38548071d5aa652bb90c7f111f86b427f798a1c9"
"r12tap.f",226,258,"R12TAP","((R12CUSC(3,I,J),I=1,7),J=1,16)",56,"-0.004053","numeric",-0.004053,,"38548071d5aa652bb90c7f111f86b427f798a1c9"
"r12tap.f",226,258,"R12TAP","((R12CUSC(3,I,J),I=1,7),J=1,16)",57,"4.430871","numeric",4.430871,,"38548071d5aa652bb90c7f111f86b427f798a1c9"
"r12tap.f",226,258,"R12TAP","((R12CUSC(3,I,J),I=1,7),J=1,16)",58,"-0.254877","numeric",-0.254877,,"38548071d5aa652bb90c7f111f86b427f798a1c9"
"r12tap.f",226,258,"R12TAP","((R12CUSC(3,I,J),I=1,7),J=1,16)",59,"0.019384","numeric",0.019384,,"38548071d5aa652bb90c7f111f86b427f798a1c9"
"r12tap.f",226,258,"R12TAP","((R12CUSC(3,I,J),I=1,7),J=1,16)",60,"0.000216","numeric",0.000216,,"38548071d5aa652bb90c7f111f86b427f798a1c9"
"r12tap.f",226,258,"R12TAP","((R12CUSC(3,I,J),I=1,7),J=1,16)",61,"0.000066","numeric",6.6e-05,,"38548071d5aa652bb90c7f111f86b427f798a1c9"
"r12tap.f",226,258,"R12TAP","((R12CUSC(3,I,J),I=1,7),J=1,16)",62,"-2.692627","numeric",-2.692627,,"38548071d5aa652bb90c7f111f86b427f798a1c9"
"r12tap.f",226,258,"R12TAP","((R12CUSC(3,I,J),I=1,7),J=1,16)",63,"-0.012634","numeric",-0.012634,,"38548071d5aa652bb90c7f111f86b427f798a1c9"
"r12tap.f",226,258,"R12TAP","((R12CUSC(3,I,J),I=1,7),J=1,16)",64,"3.668604","numeric",3.668604,,"38548071d5aa652bb90c7f111f86b427f798a1c9"
"r12tap.f",226,258,"R12TAP","((R12CUSC(3,I,J),I=1,7),J=1,16)",65,"-0.24021","numeric",-0.24021,,"38548071d5aa652bb90c7f111f86b427f798a1c9"
"r12tap.f",226,258,"R12TAP","((R12CUSC(3,I,J),I=1,7),J=1,16)",66,"0.055913","numeric",0.055913,,"38548071d5aa652bb90c7f111f86b427f798a1c9"
"r12tap.f",226,258,"R12TAP","((R12CUSC(3,I,J),I=1,7),J=1,16)",67,"0.000177","numeric",0.000177,,"38548071d5aa652bb90c7f111f86b427f798a1c9"
"r12tap.f",226,258,"R12TAP","((R12CUSC(3,I,J),I=1,7),J=1,16)",68,"0.000051","numeric",5.1e-05,,"38548071d5aa652bb90c7f111f86b427f798a1c9"
"r12tap.f",226,258,"R12TAP","((R12CUSC(3,I,J),I=1,7),J=1,16)",69,"-2.26664","numeric",-2.26664,,"38548071d5aa652bb90c7f111f86b427f798a1c9"
"r12tap.f",226,258,"R12TAP","((R12CUSC(3,I,J),I=1,7),J=1,16)",70,"-0.008779","numeric",-0.008779,,"38548071d5aa652bb90c7f111f86b427f798a1c9"
"r12tap.f",226,258,"R12TAP","((R12CUSC(3,I,J),I=1,7),J=1,16)",71,"2.441994","numeric",2.441994,,"38548071d5aa652bb90c7f111f86b427f798a1c9"
"r12tap.f",226,258,"R12TAP","((R12CUSC(3,I,J),I=1,7),J=1,16)",72,"-0.185444","numeric",-0.185444,,"38548071d5aa652bb90c7f111f86b427f798a1c9"
"r12tap.f",226,258,"R12TAP","((R12CUSC(3,I,J),I=1,7),J=1,16)",73,"0.050881","numeric",0.050881,,"38548071d5aa652bb90c7f111f86b427f798a1c9"
"r12tap.f",226,258,"R12TAP","((R12CUSC(3,I,J),I=1,7),J=1,16)",74,"0.000136","numeric",0.000136,,"38548071d5aa652bb90c7f111f86b427f798a1c9"
"r12tap.f",226,258,"R12TAP","((R12CUSC(3,I,J),I=1,7),J=1,16)",75,"-0.000075","numeric",-7.5e-05,,"38548071d5aa652bb90c7f111f86b427f798a1c9"
"r12tap.f",226,258,"R12TAP","((R12CUSC(3,I,J),I=1,7),J=1,16)",76,"-1.207162","numeric",-1.207162,,"38548071d5aa652bb90c7f111f86b427f798a1c9"
"r12tap.f",226,258,"R12TAP","((R12CUSC(3,I,J),I=1,7),J=1,16)",77,"-0.00214","numeric",-0.00214,,"38548071d5aa652bb90c7f111f86b427f798a1c9"
"r12tap.f",226,258,"R12TAP","((R12CUSC(3,I,J),I=1,7),J=1,16)",78,"1.74971","numeric",1.74971,,"38548071d5aa652bb90c7f111f86b427f798a1c9"
"r12tap.f",226,258,"R12TAP","((R12CUSC(3,I,J),I=1,7),J=1,16)",79,"-0.131611","numeric",-0.131611,,"38548071d5aa652bb90c7f111f86b427f798a1c9"
"r12tap.f",226,258,"R12TAP","((R12CUSC(3,I,J),I=1,7),J=1,16)",80,"0.072097","numeric",0.072097,,"38548071d5aa652bb90c7f111f86b427f798a1c9"
"r12tap.f",226,258,"R12TAP","((R12CUSC(3,I,J),I=1,7),J=1,16)",81,"0.000092","numeric",9.2e-05,,"38548071d5aa652bb90c7f111f86b427f798a1c9"
"r12tap.f",226,258,"R12TAP","((R12CUSC(3,I,J),I=1,7),J=1,16)",82,"-0.000055","numeric",-5.5e-05,,"38548071d5aa652bb90c7f111f86b427f798a1c9"
"r12tap.f",226,258,"R12TAP","((R12CUSC(3,I,J),I=1,7),J=1,16)",83,"-1.362329","numeric",-1.362329,,"38548071d5aa652bb90c7f111f86b427f798a1c9"
"r12tap.f",226,258,"R12TAP","((R12CUSC(3,I,J),I=1,7),J=1,16)",84,"-0.000462","numeric",-0.000462,,"38548071d5aa652bb90c7f111f86b427f798a1c9"
"r12tap.f",226,258,"R12TAP","((R12CUSC(3,I,J),I=1,7),J=1,16)",85,"0.3331091","numeric",0.3331091,,"38548071d5aa652bb90c7f111f86b427f798a1c9"
"r12tap.f",226,258,"R12TAP","((R12CUSC(3,I,J),I=1,7),J=1,16)",86,"-0.0818189","numeric",-0.0818189,,"38548071d5aa652bb90c7f111f86b427f798a1c9"
"r12tap.f",226,258,"R12TAP","((R12CUSC(3,I,J),I=1,7),J=1,16)",87,"0.1102678","numeric",0.1102678,,"38548071d5aa652bb90c7f111f86b427f798a1c9"
"r12tap.f",226,258,"R12TAP","((R12CUSC(3,I,J),I=1,7),J=1,16)",88,"0.0000568","numeric",5.68e-05,,"38548071d5aa652bb90c7f111f86b427f798a1c9"
"r12tap.f",226,258,"R12TAP","((R12CUSC(3,I,J),I=1,7),J=1,16)",89,"-0.0001179","numeric",-0.0001179,,"38548071d5aa652bb90c7f111f86b427f798a1c9"
"r12tap.f",226,258,"R12TAP","((R12CUSC(3,I,J),I=1,7),J=1,16)",90,"-0.5863276","numeric",-0.5863276,,"38548071d5aa652bb90c7f111f86b427f798a1c9"
"r12tap.f",226,258,"R12TAP","((R12CUSC(3,I,J),I=1,7),J=1,16)",91,"0.003916","numeric",0.003916,,"38548071d5aa652bb90c7f111f86b427f798a1c9"
"r12tap.f",226,258,"R12TAP","((R12CUSC(3,I,J),I=1,7),J=1,16)",92,"0.0366694","numeric",0.0366694,,"38548071d5aa652bb90c7f111f86b427f798a1c9"
"r12tap.f",226,258,"R12TAP","((R12CUSC(3,I,J),I=1,7),J=1,16)",93,"-0.0473497","numeric",-0.0473497,,"38548071d5aa652bb90c7f111f86b427f798a1c9"
"r12tap.f",226,258,"R12TAP","((R12CUSC(3,I,J),I=1,7),J=1,16)",94,"0.0715013","numeric",0.0715013,,"38548071d5aa652bb90c7f111f86b427f798a1c9"
"r12tap.f",226,258,"R12TAP","((R12CUSC(3,I,J),I=1,7),J=1,16)",95,"0.0000312","numeric",3.12e-05,,"38548071d5aa652bb90c7f111f86b427f798a1c9"
"r12tap.f",226,258,"R12TAP","((R12CUSC(3,I,J),I=1,7),J=1,16)",96,"-0.0000847","numeric",-8.47e-05,,"38548071d5aa652bb90c7f111f86b427f798a1c9"
"r12tap.f",226,258,"R12TAP","((R12CUSC(3,I,J),I=1,7),J=1,16)",97,"-0.2227333","numeric",-0.2227333,,"38548071d5aa652bb90c7f111f86b427f798a1c9"
"r12tap.f",226,258,"R12TAP","((R12CUSC(3,I,J),I=1,7),J=1,16)",98,"0.003627","numeric",0.003627,,"38548071d5aa652bb90c7f111f86b427f798a1c9"
"r12tap.f",226,258,"R12TAP","((R12CUSC(3,I,J),I=1,7),J=1,16)",99,"-0.09175286","numeric",-0.09175286,,"38548071d5aa652bb90c7f111f86b427f798a1c9"
"r12tap.f",226,258,"R12TAP","((R12CUSC(3,I,J),I=1,7),J=1,16)",100,"-0.00728397","numeric",-0.00728397,,"38548071d5aa652bb90c7f111f86b427f798a1c9"
"r12tap.f",226,258,"R12TAP","((R12CUSC(3,I,J),I=1,7),J=1,16)",101,"0.01950573","numeric",0.01950573,,"38548071d5aa652bb90c7f111f86b427f798a1c9"
"r12tap.f",226,258,"R12TAP","((R12CUSC(3,I,J),I=1,7),J=1,16)",102,"0.00000526","numeric",5.26e-06,,"38548071d5aa652bb90c7f111f86b427f798a1c9"
"r12tap.f",226,258,"R12TAP","((R12CUSC(3,I,J),I=1,7),J=1,16)",103,"-0.0000237","numeric",-2.37e-05,,"38548071d5aa652bb90c7f111f86b427f798a1c9"
"r12tap.f",226,258,"R12TAP","((R12CUSC(3,I,J),I=1,7),J=1,16)",104,"0.00257417","numeric",0.00257417,,"38548071d5aa652bb90c7f111f86b427f798a1c9"
"r12tap.f",226,258,"R12TAP","((R12CUSC(3,I,J),I=1,7),J=1,16)",105,"0.000946","numeric",0.000946,,"38548071d5aa652bb90c7f111f86b427f798a1c9"
"r12tap.f",226,258,"R12TAP","((R12CUSC(3,I,J),I=1,7),J=1,16)",106,"-26.7566","numeric",-26.7566,,"38548071d5aa652bb90c7f111f86b427f798a1c9"
"r12tap.f",226,258,"R12TAP","((R12CUSC(3,I,J),I=1,7),J=1,16)",107,"1.4442","numeric",1.4442,,"38548071d5aa652bb90c7f111f86b427f798a1c9"
"r12tap.f",226,258,"R12TAP","((R12CUSC(3,I,J),I=1,7),J=1,16)",108,"-0.6536","numeric",-0.6536,,"38548071d5aa652bb90c7f111f86b427f798a1c9"
"r12tap.f",226,258,"R12TAP","((R12CUSC(3,I,J),I=1,7),J=1,16)",109,"0.002","numeric",0.002,,"38548071d5aa652bb90c7f111f86b427f798a1c9"
"r12tap.f",226,258,"R12TAP","((R12CUSC(3,I,J),I=1,7),J=1,16)",110,"0.0013","numeric",0.0013,,"38548071d5aa652bb90c7f111f86b427f798a1c9"
"r12tap.f",226,258,"R12TAP","((R12CUSC(3,I,J),I=1,7),J=1,16)",111,"31.7509","numeric",31.7509,,"38548071d5aa652bb90c7f111f86b427f798a1c9"
"r12tap.f",226,258,"R12TAP","((R12CUSC(3,I,J),I=1,7),J=1,16)",112,"-0.0821","numeric",-0.0821,,"38548071d5aa652bb90c7f111f86b427f798a1c9"
"r12tap.f",261,299,"R12TAP","((R12CUSC(4,I,J),I=1,7),J=1,19)",1,"25.55281","numeric",25.55281,,"38548071d5aa652bb90c7f111f86b427f798a1c9"
"r12tap.f",261,299,"R12TAP","((R12CUSC(4,I,J),I=1,7),J=1,19)",2,"1.72446","numeric",1.72446,,"38548071d5aa652bb90c7f111f86b427f798a1c9"
"r12tap.f",261,299,"R12TAP","((R12CUSC(4,I,J),I=1,7),J=1,19)",3,"-5.79898","numeric",-5.79898,,"38548071d5aa652bb90c7f111f86b427f798a1c9"
"r12tap.f",261,299,"R12TAP","((R12CUSC(4,I,J),I=1,7),J=1,19)",4,"0.00021","numeric",0.00021,,"38548071d5aa652bb90c7f111f86b427f798a1c9"
"r12tap.f",261,299,"R12TAP","((R12CUSC(4,I,J),I=1,7),J=1,19)",5,"0.00236","numeric",0.00236,,"38548071d5aa652bb90c7f111f86b427f798a1c9"
"r12tap.f",261,299,"R12TAP","((R12CUSC(4,I,J),I=1,7),J=1,19)",6,"20.35287","numeric",20.35287,,"38548071d5aa652bb90c7f111f86b427f798a1c9"
"r12tap.f",261,299,"R12TAP","((R12CUSC(4,I,J),I=1,7),J=1,19)",7,"-0.31401","numeric",-0.31401,,"38548071d5aa652bb90c7f111f86b427f798a1c9"
"r12tap.f",261,299,"R12TAP","((R12CUSC(4,I,J),I=1,7),J=1,19)",8,"10.75487","numeric",10.75487,,"38548071d5aa652bb90c7f111f86b427f798a1c9"
"r12tap.f",261,299,"R12TAP","((R12CUSC(4,I,J),I=1,7),J=1,19)",9,"1.09651","numeric",1.09651,,"38548071d5aa652bb90c7f111f86b427f798a1c9"
"r12tap.f",261,299,"R12TAP","((R12CUSC(4,I,J),I=1,7),J=1,19)",10,"-3.63853","numeric",-3.63853,,"38548071d5aa652bb90c7f111f86b427f798a1c9"
"r12tap.f",261,299,"R12TAP","((R12CUSC(4,I,J),I=1,7),J=1,19)",11,"0.0002","numeric",2e-04,,"38548071d5aa652bb90c7f111f86b427f798a1c9"
"r12tap.f",261,299,"R12TAP","((R12CUSC(4,I,J),I=1,7),J=1,19)",12,"0.00163","numeric",0.00163,,"38548071d5aa652bb90c7f111f86b427f798a1c9"
"r12tap.f",261,299,"R12TAP","((R12CUSC(4,I,J),I=1,7),J=1,19)",13,"20.4398","numeric",20.4398,,"38548071d5aa652bb90c7f111f86b427f798a1c9"
"r12tap.f",261,299,"R12TAP","((R12CUSC(4,I,J),I=1,7),J=1,19)",14,"-0.216379","numeric",-0.216379,,"38548071d5aa652bb90c7f111f86b427f798a1c9"
"r12tap.f",261,299,"R12TAP","((R12CUSC(4,I,J),I=1,7),J=1,19)",15,"-11.48821","numeric",-11.48821,,"38548071d5aa652bb90c7f111f86b427f798a1c9"
"r12tap.f",261,299,"R12TAP","((R12CUSC(4,I,J),I=1,7),J=1,19)",16,"0.76538","numeric",0.76538,,"38548071d5aa652bb90c7f111f86b427f798a1c9"
"r12tap.f",261,299,"R12TAP","((R12CUSC(4,I,J),I=1,7),J=1,19)",17,"-0.95195","numeric",-0.95195,,"38548071d5aa652bb90c7f111f86b427f798a1c9"
"r12tap.f",261,299,"R12TAP","((R12CUSC(4,I,J),I=1,7),J=1,19)",18,"0.00018","numeric",0.00018,,"38548071d5aa652bb90c7f111f86b427f798a1c9"
"r12tap.f",261,299,"R12TAP","((R12CUSC(4,I,J),I=1,7),J=1,19)",19,"0.00033","numeric",0.00033,,"38548071d5aa652bb90c7f111f86b427f798a1c9"
"r12tap.f",261,299,"R12TAP","((R12CUSC(4,I,J),I=1,7),J=1,19)",20,"18.59479","numeric",18.59479,,"38548071d5aa652bb90c7f111f86b427f798a1c9"
"r12tap.f",261,299,"R12TAP","((R12CUSC(4,I,J),I=1,7),J=1,19)",21,"-0.071356","numeric",-0.071356,,"38548071d5aa652bb90c7f111f86b427f798a1c9"
"r12tap.f",261,299,"R12TAP","((R12CUSC(4,I,J),I=1,7),J=1,19)",22,"-33.17864","numeric",-33.17864,,"38548071d5aa652bb90c7f111f86b427f798a1c9"
"r12tap.f",261,299,"R12TAP","((R12CUSC(4,I,J),I=1,7),J=1,19)",23,"0.44743","numeric",0.44743,,"38548071d5aa652bb90c7f111f86b427f798a1c9"
"r12tap.f",261,299,"R12TAP","((R12CUSC(4,I,J),I=1,7),J=1,19)",24,"1.77712","numeric",1.77712,,"38548071d5aa652bb90c7f111f86b427f798a1c9"
"r12tap.f",261,299,"R12TAP","((R12CUSC(4,I,J),I=1,7),J=1,19)",25,"0.00018","numeric",0.00018,,"38548071d5aa652bb90c7f111f86b427f798a1c9"
"r12tap.f",261,299,"R12TAP","((R12CUSC(4,I,J),I=1,7),J=1,19)",26,"-0.00097","numeric",-0.00097,,"38548071d5aa652bb90c7f111f86b427f798a1c9"
"r12tap.f",261,299,"R12TAP","((R12CUSC(4,I,J),I=1,7),J=1,19)",27,"16.57859","numeric",16.57859,,"38548071d5aa652bb90c7f111f86b427f798a1c9"
"r12tap.f",261,299,"R12TAP","((R12CUSC(4,I,J),I=1,7),J=1,19)",28,"0.057898","numeric",0.057898,,"38548071d5aa652bb90c7f111f86b427f798a1c9"
"r12tap.f",261,299,"R12TAP","((R12CUSC(4,I,J),I=1,7),J=1,19)",29,"-19.78817","numeric",-19.78817,,"38548071d5aa652bb90c7f111f86b427f798a1c9"
"r12tap.f",261,299,"R12TAP","((R12CUSC(4,I,J),I=1,7),J=1,19)",30,"0.23582","numeric",0.23582,,"38548071d5aa652bb90c7f111f86b427f798a1c9"
"r12tap.f",261,299,"R12TAP","((R12CUSC(4,I,J),I=1,7),J=1,19)",31,"1.37509","numeric",1.37509,,"38548071d5aa652bb90c7f111f86b427f798a1c9"
"r12tap.f",261,299,"R12TAP","((R12CUSC(4,I,J),I=1,7),J=1,19)",32,"0.00016","numeric",0.00016,,"38548071d5aa652bb90c7f111f86b427f798a1c9"
"r12tap.f",261,299,"R12TAP","((R12CUSC(4,I,J),I=1,7),J=1,19)",33,"-0.00065","numeric",-0.00065,,"38548071d5aa652bb90c7f111f86b427f798a1c9"
"r12tap.f",261,299,"R12TAP","((R12CUSC(4,I,J),I=1,7),J=1,19)",34,"5.31403","numeric",5.31403,,"38548071d5aa652bb90c7f111f86b427f798a1c9"
"r12tap.f",261,299,"R12TAP","((R12CUSC(4,I,J),I=1,7),J=1,19)",35,"0.071517","numeric",0.071517,,"38548071d5aa652bb90c7f111f86b427f798a1c9"
"r12tap.f",261,299,"R12TAP","((R12CUSC(4,I,J),I=1,7),J=1,19)",36,"-10.82043","numeric",-10.82043,,"38548071d5aa652bb90c7f111f86b427f798a1c9"
"r12tap.f",261,299,"R12TAP","((R12CUSC(4,I,J),I=1,7),J=1,19)",37,"0.011","numeric",0.011,,"38548071d5aa652bb90c7f111f86b427f798a1c9"
"r12tap.f",261,299,"R12TAP","((R12CUSC(4,I,J),I=1,7),J=1,19)",38,"0.97277","numeric",0.97277,,"38548071d5aa652bb90c7f111f86b427f798a1c9"
"r12tap.f",261,299,"R12TAP","((R12CUSC(4,I,J),I=1,7),J=1,19)",39,"0.00018","numeric",0.00018,,"38548071d5aa652bb90c7f111f86b427f798a1c9"
"r12tap.f",261,299,"R12TAP","((R12CUSC(4,I,J),I=1,7),J=1,19)",40,"-0.00036","numeric",-0.00036,,"38548071d5aa652bb90c7f111f86b427f798a1c9"
"r12tap.f",261,299,"R12TAP","((R12CUSC(4,I,J),I=1,7),J=1,19)",41,"1.00509","numeric",1.00509,,"38548071d5aa652bb90c7f111f86b427f798a1c9"
"r12tap.f",261,299,"R12TAP","((R12CUSC(4,I,J),I=1,7),J=1,19)",42,"0.060427","numeric",0.060427,,"38548071d5aa652bb90c7f111f86b427f798a1c9"
"r12tap.f",261,299,"R12TAP","((R12CUSC(4,I,J),I=1,7),J=1,19)",43,"12.42869","numeric",12.42869,,"38548071d5aa652bb90c7f111f86b427f798a1c9"
"r12tap.f",261,299,"R12TAP","((R12CUSC(4,I,J),I=1,7),J=1,19)",44,"-0.15716","numeric",-0.15716,,"38548071d5aa652bb90c7f111f86b427f798a1c9"
"r12tap.f",261,299,"R12TAP","((R12CUSC(4,I,J),I=1,7),J=1,19)",45,"-0.8597","numeric",-0.8597,,"38548071d5aa652bb90c7f111f86b427f798a1c9"
"r12tap.f",261,299,"R12TAP","((R12CUSC(4,I,J),I=1,7),J=1,19)",46,"0.00019","numeric",0.00019,,"38548071d5aa652bb90c7f111f86b427f798a1c9"
"r12tap.f",261,299,"R12TAP","((R12CUSC(4,I,J),I=1,7),J=1,19)",47,"0.00055","numeric",0.00055,,"38548071d5aa652bb90c7f111f86b427f798a1c9"
"r12tap.f",261,299,"R12TAP","((R12CUSC(4,I,J),I=1,7),J=1,19)",48,"-5.96517","numeric",-5.96517,,"38548071d5aa652bb90c7f111f86b427f798a1c9"
"r12tap.f",261,299,"R12TAP","((R12CUSC(4,I,J),I=1,7),J=1,19)",49,"0.006107","numeric",0.006107,,"38548071d5aa652bb90c7f111f86b427f798a1c9"
"r12tap.f",261,299,"R12TAP","((R12CUSC(4,I,J),I=1,7),J=1,19)",50,"12.7247","numeric",12.7247,,"38548071d5aa652bb90c7f111f86b427f798a1c9"
"r12tap.f",261,299,"R12TAP","((R12CUSC(4,I,J),I=1,7),J=1,19)",51,"-0.30661","numeric",-0.30661,,"38548071d5aa652bb90c7f111f86b427f798a1c9"
"r12tap.f",261,299,"R12TAP","((R12CUSC(4,I,J),I=1,7),J=1,19)",52,"-0.65015","numeric",-0.65015,,"38548071d5aa652bb90c7f111f86b427f798a1c9"
"r12tap.f",261,299,"R12TAP","((R12CUSC(4,I,J),I=1,7),J=1,19)",53,"0.00019","numeric",0.00019,,"38548071d5aa652bb90c7f111f86b427f798a1c9"
"r12tap.f",261,299,"R12TAP","((R12CUSC(4,I,J),I=1,7),J=1,19)",54,"0.0005","numeric",5e-04,,"38548071d5aa652bb90c7f111f86b427f798a1c9"
"r12tap.f",261,299,"R12TAP","((R12CUSC(4,I,J),I=1,7),J=1,19)",55,"-6.56025","numeric",-6.56025,,"38548071d5aa652bb90c7f111f86b427f798a1c9"
"r12tap.f",261,299,"R12TAP","((R12CUSC(4,I,J),I=1,7),J=1,19)",56,"0.014429","numeric",0.014429,,"38548071d5aa652bb90c7f111f86b427f798a1c9"
"r12tap.f",261,299,"R12TAP","((R12CUSC(4,I,J),I=1,7),J=1,19)",57,"12.46305","numeric",12.46305,,"38548071d5aa652bb90c7f111f86b427f798a1c9"
"r12tap.f",261,299,"R12TAP","((R12CUSC(4,I,J),I=1,7),J=1,19)",58,"-0.45758","numeric",-0.45758,,"38548071d5aa652bb90c7f111f86b427f798a1c9"
"r12tap.f",261,299,"R12TAP","((R12CUSC(4,I,J),I=1,7),J=1,19)",59,"-0.36738","numeric",-0.36738,,"38548071d5aa652bb90c7f111f86b427f798a1c9"
"r12tap.f",261,299,"R12TAP","((R12CUSC(4,I,J),I=1,7),J=1,19)",60,"0.00019","numeric",0.00019,,"38548071d5aa652bb90c7f111f86b427f798a1c9"
"r12tap.f",261,299,"R12TAP","((R12CUSC(4,I,J),I=1,7),J=1,19)",61,"0.00045","numeric",0.00045,,"38548071d5aa652bb90c7f111f86b427f798a1c9"
"r12tap.f",261,299,"R12TAP","((R12CUSC(4,I,J),I=1,7),J=1,19)",62,"-7.27538","numeric",-7.27538,,"38548071d5aa652bb90c7f111f86b427f798a1c9"
"r12tap.f",261,299,"R12TAP","((R12CUSC(4,I,J),I=1,7),J=1,19)",63,"0.023199","numeric",0.023199,,"38548071d5aa652bb90c7f111f86b427f798a1c9"
"r12tap.f",261,299,"R12TAP","((R12CUSC(4,I,J),I=1,7),J=1,19)",64,"14.69305","numeric",14.69305,,"38548071d5aa652bb90c7f111f86b427f798a1c9"
"r12tap.f",261,299,"R12TAP","((R12CUSC(4,I,J),I=1,7),J=1,19)",65,"-0.41632","numeric",-0.41632,,"38548071d5aa652bb90c7f111f86b427f798a1c9"
"r12tap.f",261,299,"R12TAP","((R12CUSC(4,I,J),I=1,7),J=1,19)",66,"-0.5923","numeric",-0.5923,,"38548071d5aa652bb90c7f111f86b427f798a1c9"
"r12tap.f",261,299,"R12TAP","((R12CUSC(4,I,J),I=1,7),J=1,19)",67,"0.00017","numeric",0.00017,,"38548071d5aa652bb90c7f111f86b427f798a1c9"
"r12tap.f",261,299,"R12TAP","((R12CUSC(4,I,J),I=1,7),J=1,19)",68,"0.00055","numeric",0.00055,,"38548071d5aa652bb90c7f111f86b427f798a1c9"
"r12tap.f",261,299,"R12TAP","((R12CUSC(4,I,J),I=1,7),J=1,19)",69,"-7.96605","numeric",-7.96605,,"38548071d5aa652bb90c7f111f86b427f798a1c9"
"r12tap.f",261,299,"R12TAP","((R12CUSC(4,I,J),I=1,7),J=1,19)",70,"0.011469","numeric",0.011469,,"38548071d5aa652bb90c7f111f86b427f798a1c9"
"r12tap.f",261,299,"R12TAP","((R12CUSC(4,I,J),I=1,7),J=1,19)",71,"16.81795","numeric",16.81795,,"38548071d5aa652bb90c7f111f86b427f798a1c9"
"r12tap.f",261,299,"R12TAP","((R12CUSC(4,I,J),I=1,7),J=1,19)",72,"-0.40787","numeric",-0.40787,,"38548071d5aa652bb90c7f111f86b427f798a1c9"
"r12tap.f",261,299,"R12TAP","((R12CUSC(4,I,J),I=1,7),J=1,19)",73,"-0.61724","numeric",-0.61724,,"38548071d5aa652bb90c7f111f86b427f798a1c9"
"r12tap.f",261,299,"R12TAP","((R12CUSC(4,I,J),I=1,7),J=1,19)",74,"0.00017","numeric",0.00017,,"38548071d5aa652bb90c7f111f86b427f798a1c9"
"r12tap.f",261,299,"R12TAP","((R12CUSC(4,I,J),I=1,7),J=1,19)",75,"0.00056","numeric",0.00056,,"38548071d5aa652bb90c7f111f86b427f798a1c9"
"r12tap.f",261,299,"R12TAP","((R12CUSC(4,I,J),I=1,7),J=1,19)",76,"-10.15834","numeric",-10.15834,,"38548071d5aa652bb90c7f111f86b427f798a1c9"
"r12tap.f",261,299,"R12TAP","((R12CUSC(4,I,J),I=1,7),J=1,19)",77,"-0.004836","numeric",-0.004836,,"38548071d5aa652bb90c7f111f86b427f798a1c9"
"r12tap.f",261,299,"R12TAP","((R12CUSC(4,I,J),I=1,7),J=1,19)",78,"10.2786","numeric",10.2786,,"38548071d5aa652bb90c7f111f86b427f798a1c9"
"r12tap.f",261,299,"R12TAP","((R12CUSC(4,I,J),I=1,7),J=1,19)",79,"-0.35576","numeric",-0.35576,,"38548071d5aa652bb90c7f111f86b427f798a1c9"
"r12tap.f",261,299,"R12TAP","((R12CUSC(4,I,J),I=1,7),J=1,19)",80,"0.10614","numeric",0.10614,,"38548071d5aa652bb90c7f111f86b427f798a1c9"
"r12tap.f",261,299,"R12TAP","((R12CUSC(4,I,J),I=1,7),J=1,19)",81,"0.00015","numeric",0.00015,,"38548071d5aa652bb90c7f111f86b427f798a1c9"
"r12tap.f",261,299,"R12TAP","((R12CUSC(4,I,J),I=1,7),J=1,19)",82,"0.00023","numeric",0.00023,,"38548071d5aa652bb90c7f111f86b427f798a1c9"
"r12tap.f",261,299,"R12TAP","((R12CUSC(4,I,J),I=1,7),J=1,19)",83,"-10.63589","numeric",-10.63589,,"38548071d5aa652bb90c7f111f86b427f798a1c9"
"r12tap.f",261,299,"R12TAP","((R12CUSC(4,I,J),I=1,7),J=1,19)",84,"0.007449","numeric",0.007449,,"38548071d5aa652bb90c7f111f86b427f798a1c9"
"r12tap.f",261,299,"R12TAP","((R12CUSC(4,I,J),I=1,7),J=1,19)",85,"7.441342","numeric",7.441342,,"38548071d5aa652bb90c7f111f86b427f798a1c9"
"r12tap.f",261,299,"R12TAP","((R12CUSC(4,I,J),I=1,7),J=1,19)",86,"-0.293802","numeric",-0.293802,,"38548071d5aa652bb90c7f111f86b427f798a1c9"
"r12tap.f",261,299,"R12TAP","((R12CUSC(4,I,J),I=1,7),J=1,19)",87,"0.177972","numeric",0.177972,,"38548071d5aa652bb90c7f111f86b427f798a1c9"
"r12tap.f",261,299,"R12TAP","((R12CUSC(4,I,J),I=1,7),J=1,19)",88,"0.000117","numeric",0.000117,,"38548071d5aa652bb90c7f111f86b427f798a1c9"
"r12tap.f",261,299,"R12TAP","((R12CUSC(4,I,J),I=1,7),J=1,19)",89,"0.000275","numeric",0.000275,,"38548071d5aa652bb90c7f111f86b427f798a1c9"
"r12tap.f",261,299,"R12TAP","((R12CUSC(4,I,J),I=1,7),J=1,19)",90,"-8.282357","numeric",-8.282357,,"38548071d5aa652bb90c7f111f86b427f798a1c9"
"r12tap.f",261,299,"R12TAP","((R12CUSC(4,I,J),I=1,7),J=1,19)",91,"-0.003108","numeric",-0.003108,,"38548071d5aa652bb90c7f111f86b427f798a1c9"
"r12tap.f",261,299,"R12TAP","((R12CUSC(4,I,J),I=1,7),J=1,19)",92,"14.04546","numeric",14.04546,,"38548071d5aa652bb90c7f111f86b427f798a1c9"
"r12tap.f",261,299,"R12TAP","((R12CUSC(4,I,J),I=1,7),J=1,19)",93,"-0.18383","numeric",-0.18383,,"38548071d5aa652bb90c7f111f86b427f798a1c9"
"r12tap.f",261,299,"R12TAP","((R12CUSC(4,I,J),I=1,7),J=1,19)",94,"-0.78781","numeric",-0.78781,,"38548071d5aa652bb90c7f111f86b427f798a1c9"
"r12tap.f",261,299,"R12TAP","((R12CUSC(4,I,J),I=1,7),J=1,19)",95,"0.00008","numeric",8e-05,,"38548071d5aa652bb90c7f111f86b427f798a1c9"
"r12tap.f",261,299,"R12TAP","((R12CUSC(4,I,J),I=1,7),J=1,19)",96,"0.0006","numeric",6e-04,,"38548071d5aa652bb90c7f111f86b427f798a1c9"
"r12tap.f",261,299,"R12TAP","((R12CUSC(4,I,J),I=1,7),J=1,19)",97,"-6.68389","numeric",-6.68389,,"38548071d5aa652bb90c7f111f86b427f798a1c9"
"r12tap.f",261,299,"R12TAP","((R12CUSC(4,I,J),I=1,7),J=1,19)",98,"-0.034834","numeric",-0.034834,,"38548071d5aa652bb90c7f111f86b427f798a1c9"
"r12tap.f",261,299,"R12TAP","((R12CUSC(4,I,J),I=1,7),J=1,19)",99,"6.530406","numeric",6.530406,,"38548071d5aa652bb90c7f111f86b427f798a1c9"
"r12tap.f",261,299,"R12TAP","((R12CUSC(4,I,J),I=1,7),J=1,19)",100,"-0.12294","numeric",-0.12294,,"38548071d5aa652bb90c7f111f86b427f798a1c9"
"r12tap.f",261,299,"R12TAP","((R12CUSC(4,I,J),I=1,7),J=1,19)",101,"-0.33155","numeric",-0.33155,,"38548071d5aa652bb90c7f111f86b427f798a1c9"
"r12tap.f",261,299,"R12TAP","((R12CUSC(4,I,J),I=1,7),J=1,19)",102,"0.000052","numeric",5.2e-05,,"38548071d5aa652bb90c7f111f86b427f798a1c9"
"r12tap.f",261,299,"R12TAP","((R12CUSC(4,I,J),I=1,7),J=1,19)",103,"0.000221","numeric",0.000221,,"38548071d5aa652bb90c7f111f86b427f798a1c9"
"r12tap.f",261,299,"R12TAP","((R12CUSC(4,I,J),I=1,7),J=1,19)",104,"-2.834447","numeric",-2.834447,,"38548071d5aa652bb90c7f111f86b427f798a1c9"
"r12tap.f",261,299,"R12TAP","((R12CUSC(4,I,J),I=1,7),J=1,19)",105,"-0.016085","numeric",-0.016085,,"38548071d5aa652bb90c7f111f86b427f798a1c9"
"r12tap.f",261,299,"R12TAP","((R12CUSC(4,I,J),I=1,7),J=1,19)",106,"3.960105","numeric",3.960105,,"38548071d5aa652bb90c7f111f86b427f798a1c9"
"r12tap.f",261,299,"R12TAP","((R12CUSC(4,I,J),I=1,7),J=1,19)",107,"-0.093894","numeric",-0.093894,,"38548071d5aa652bb90c7f111f86b427f798a1c9"
"r12tap.f",261,299,"R12TAP","((R12CUSC(4,I,J),I=1,7),J=1,19)",108,"-0.216559","numeric",-0.216559,,"38548071d5aa652bb90c7f111f86b427f798a1c9"
"r12tap.f",261,299,"R12TAP","((R12CUSC(4,I,J),I=1,7),J=1,19)",109,"0.000035","numeric",3.5e-05,,"38548071d5aa652bb90c7f111f86b427f798a1c9"
"r12tap.f",261,299,"R12TAP","((R12CUSC(4,I,J),I=1,7),J=1,19)",110,"0.000043","numeric",4.3e-05,,"38548071d5aa652bb90c7f111f86b427f798a1c9"
"r12tap.f",261,299,"R12TAP","((R12CUSC(4,I,J),I=1,7),J=1,19)",111,"-1.266801","numeric",-1.266801,,"38548071d5aa652bb90c7f111f86b427f798a1c9"
"r12tap.f",261,299,"R12TAP","((R12CUSC(4,I,J),I=1,7),J=1,19)",112,"-0.003338","numeric",-0.003338,,"38548071d5aa652bb90c7f111f86b427f798a1c9"
"r12tap.f",261,299,"R12TAP","((R12CUSC(4,I,J),I=1,7),J=1,19)",113,"1.620516","numeric",1.620516,,"38548071d5aa652bb90c7f111f86b427f798a1c9"
"r12tap.f",261,299,"R12TAP","((R12CUSC(4,I,J),I=1,7),J=1,19)",114,"-0.029141","numeric",-0.029141,,"38548071d5aa652bb90c7f111f86b427f798a1c9"
"r12tap.f",261,299,"R12TAP","((R12CUSC(4,I,J),I=1,7),J=1,19)",115,"-0.10454","numeric",-0.10454,,"38548071d5aa652bb90c7f111f86b427f798a1c9"
"r12tap.f",261,299,"R12TAP","((R12CUSC(4,I,J),I=1,7),J=1,19)",116,"0.0000110","numeric",1.1e-05,,"38548071d5aa652bb90c7f111f86b427f798a1c9"
"r12tap.f",261,299,"R12TAP","((R12CUSC(4,I,J),I=1,7),J=1,19)",117,"0.000034","numeric",3.4e-05,,"38548071d5aa652bb90c7f111f86b427f798a1c9"
"r12tap.f",261,299,"R12TAP","((R12CUSC(4,I,J),I=1,7),J=1,19)",118,"-0.443422","numeric",-0.443422,,"38548071d5aa652bb90c7f111f86b427f798a1c9"
"r12tap.f",261,299,"R12TAP","((R12CUSC(4,I,J),I=1,7),J=1,19)",119,"-0.002728","numeric",-0.002728,,"38548071d5aa652bb90c7f111f86b427f798a1c9"
"r12tap.f",261,299,"R12TAP","((R12CUSC(4,I,J),I=1,7),J=1,19)",120,"0.5015038","numeric",0.5015038,,"38548071d5aa652bb90c7f111f86b427f798a1c9"
"r12tap.f",261,299,"R12TAP","((R12CUSC(4,I,J),I=1,7),J=1,19)",121,"-0.0093961","numeric",-0.0093961,,"38548071d5aa652bb90c7f111f86b427f798a1c9"
"r12tap.f",261,299,"R12TAP","((R12CUSC(4,I,J),I=1,7),J=1,19)",122,"-0.0297491","numeric",-0.0297491,,"38548071d5aa652bb90c7f111f86b427f798a1c9"
"r12tap.f",261,299,"R12TAP","((R12CUSC(4,I,J),I=1,7),J=1,19)",123,"0.0000031","numeric",3.1e-06,,"38548071d5aa652bb90c7f111f86b427f798a1c9"
"r12tap.f",261,299,"R12TAP","((R12CUSC(4,I,J),I=1,7),J=1,19)",124,"0.0000016","numeric",1.6e-06,,"38548071d5aa652bb90c7f111f86b427f798a1c9"
"r12tap.f",261,299,"R12TAP","((R12CUSC(4,I,J),I=1,7),J=1,19)",125,"-0.1562058","numeric",-0.1562058,,"38548071d5aa652bb90c7f111f86b427f798a1c9"
"r12tap.f",261,299,"R12TAP","((R12CUSC(4,I,J),I=1,7),J=1,19)",126,"-0.001259","numeric",-0.001259,,"38548071d5aa652bb90c7f111f86b427f798a1c9"
"r12tap.f",261,299,"R12TAP","((R12CUSC(4,I,J),I=1,7),J=1,19)",127,"74.5376","numeric",74.5376,,"38548071d5aa652bb90c7f111f86b427f798a1c9"
"r12tap.f",261,299,"R12TAP","((R12CUSC(4,I,J),I=1,7),J=1,19)",128,"1.4463","numeric",1.4463,,"38548071d5aa652bb90c7f111f86b427f798a1c9"
"r12tap.f",261,299,"R12TAP","((R12CUSC(4,I,J),I=1,7),J=1,19)",129,"-10.5373","numeric",-10.5373,,"38548071d5aa652bb90c7f111f86b427f798a1c9"
"r12tap.f",261,299,"R12TAP","((R12CUSC(4,I,J),I=1,7),J=1,19)",130,"0.0025","numeric",0.0025,,"38548071d5aa652bb90c7f111f86b427f798a1c9"
"r12tap.f",261,299,"R12TAP","((R12CUSC(4,I,J),I=1,7),J=1,19)",131,"0.0064","numeric",0.0064,,"38548071d5aa652bb90c7f111f86b427f798a1c9"
"r12tap.f",261,299,"R12TAP","((R12CUSC(4,I,J),I=1,7),J=1,19)",132,"14.057","numeric",14.057,,"38548071d5aa652bb90c7f111f86b427f798a1c9"
"r12tap.f",261,299,"R12TAP","((R12CUSC(4,I,J),I=1,7),J=1,19)",133,"-0.4151","numeric",-0.4151,,"38548071d5aa652bb90c7f111f86b427f798a1c9"
"stump.f",26,28,"STUMPCOEF","(splist(I),I=1,23)",1,"129","numeric",129,,"38548071d5aa652bb90c7f111f86b427f798a1c9"
"stump.f",26,28,"STUMPCOEF","(splist(I),I=1,23)",2,"125","numeric",125,,"38548071d5aa652bb90c7f111f86b427f798a1c9"
"stump.f",26,28,"STUMPCOEF","(splist(I),I=1,23)",3,"105","numeric",105,,"38548071d5aa652bb90c7f111f86b427f798a1c9"
"stump.f",26,28,"STUMPCOEF","(splist(I),I=1,23)",4,"090","numeric",90,,"38548071d5aa652bb90c7f111f86b427f798a1c9"
"stump.f",26,28,"STUMPCOEF","(splist(I),I=1,23)",5,"094","numeric",94,,"38548071d5aa652bb90c7f111f86b427f798a1c9"
"stump.f",26,28,"STUMPCOEF","(splist(I),I=1,23)",6,"095","numeric",95,,"38548071d5aa652bb90c7f111f86b427f798a1c9"
"stump.f",26,28,"STUMPCOEF","(splist(I),I=1,23)",7,"012","numeric",12,,"38548071d5aa652bb90c7f111f86b427f798a1c9"
"stump.f",26,28,"STUMPCOEF","(splist(I),I=1,23)",8,"261","numeric",261,,"38548071d5aa652bb90c7f111f86b427f798a1c9"
"stump.f",26,28,"STUMPCOEF","(splist(I),I=1,23)",9,"241","numeric",241,,"38548071d5aa652bb90c7f111f86b427f798a1c9"
"stump.f",26,28,"STUMPCOEF","(splist(I),I=1,23)",10,"802","numeric",802,,"38548071d5aa652bb90c7f111f86b427f798a1c9"
"stump.f",26,28,"STUMPCOEF","(splist(I),I=1,23)",11,"833","numeric",833,,"38548071d5aa652bb90c7f111f86b427f798a1c9"
"stump.f",26,28,"STUMPCOEF","(splist(I),I=1,23)",12,"531","numeric",531,,"38548071d5aa652bb90c7f111f86b427f798a1c9"
"stump.f",26,28,"STUMPCOEF","(splist(I),I=1,23)",13,"371","numeric",371,,"38548071d5aa652bb90c7f111f86b427f798a1c9"
"stump.f",26,28,"STUMPCOEF","(splist(I),I=1,23)",14,"318","numeric",318,,"38548071d5aa652bb90c7f111f86b427f798a1c9"
"stump.f",26,28,"STUMPCOEF","(splist(I),I=1,23)",15,"317","numeric",317,,"38548071d5aa652bb90c7f111f86b427f798a1c9"
"stump.f",26,28,"STUMPCOEF","(splist(I),I=1,23)",16,"544","numeric",544,,"38548071d5aa652bb90c7f111f86b427f798a1c9"
"stump.f",26,28,"STUMPCOEF","(splist(I),I=1,23)",17,"543","numeric",543,,"38548071d5aa652bb90c7f111f86b427f798a1c9"
"stump.f",26,28,"STUMPCOEF","(splist(I),I=1,23)",18,"375","numeric",375,,"38548071d5aa652bb90c7f111f86b427f798a1c9"
"stump.f",26,28,"STUMPCOEF","(splist(I),I=1,23)",19,"743","numeric",743,,"38548071d5aa652bb90c7f111f86b427f798a1c9"
"stump.f",26,28,"STUMPCOEF","(splist(I),I=1,23)",20,"746","numeric",746,,"38548071d5aa652bb90c7f111f86b427f798a1c9"
"stump.f",26,28,"STUMPCOEF","(splist(I),I=1,23)",21,"950","numeric",950,,"38548071d5aa652bb90c7f111f86b427f798a1c9"
"stump.f",26,28,"STUMPCOEF","(splist(I),I=1,23)",22,"740","numeric",740,,"38548071d5aa652bb90c7f111f86b427f798a1c9"
"stump.f",26,28,"STUMPCOEF","(splist(I),I=1,23)",23,"970","numeric",970,,"38548071d5aa652bb90c7f111f86b427f798a1c9"
"stump.f",30,36,"STUMPCOEF","(spgrp123(I),I=1,55)",1,"10","numeric",10,,"38548071d5aa652bb90c7f111f86b427f798a1c9"
"stump.f",30,36,"STUMPCOEF","(spgrp123(I),I=1,55)",2,"11","numeric",11,,"38548071d5aa652bb90c7f111f86b427f798a1c9"
"stump.f",30,36,"STUMPCOEF","(spgrp123(I),I=1,55)",3,"12","numeric",12,,"38548071d5aa652bb90c7f111f86b427f798a1c9"
"stump.f",30,36,"STUMPCOEF","(spgrp123(I),I=1,55)",4,"14","numeric",14,,"38548071d5aa652bb90c7f111f86b427f798a1c9"
"stump.f",30,36,"STUMPCOEF","(spgrp123(I),I=1,55)",5,"15","numeric",15,,"38548071d5aa652bb90c7f111f86b427f798a1c9"
"stump.f",30,36,"STUMPCOEF","(spgrp123(I),I=1,55)",6,"16","numeric",16,,"38548071d5aa652bb90c7f111f86b427f798a1c9"
"stump.f",30,36,"STUMPCOEF","(spgrp123(I),I=1,55)",7,"17","numeric",17,,"38548071d5aa652bb90c7f111f86b427f798a1c9"
"stump.f",30,36,"STUMPCOEF","(spgrp123(I),I=1,55)",8,"18","numeric",18,,"38548071d5aa652bb90c7f111f86b427f798a1c9"
"stump.f",30,36,"STUMPCOEF","(spgrp123(I),I=1,55)",9,"19","numeric",19,,"38548071d5aa652bb90c7f111f86b427f798a1c9"
"stump.f",30,36,"STUMPCOEF","(spgrp123(I),I=1,55)",10,"20","numeric",20,,"38548071d5aa652bb90c7f111f86b427f798a1c9"
"stump.f",30,36,"STUMPCOEF","(spgrp123(I),I=1,55)",11,"21","numeric",21,,"38548071d5aa652bb90c7f111f86b427f798a1c9"
"stump.f",30,36,"STUMPCOEF","(spgrp123(I),I=1,55)",12,"22","numeric",22,,"38548071d5aa652bb90c7f111f86b427f798a1c9"
"stump.f",30,36,"STUMPCOEF","(spgrp123(I),I=1,55)",13,"40","numeric",40,,"38548071d5aa652bb90c7f111f86b427f798a1c9"
"stump.f",30,36,"STUMPCOEF","(spgrp123(I),I=1,55)",14,"41","numeric",41,,"38548071d5aa652bb90c7f111f86b427f798a1c9"
"stump.f",30,36,"STUMPCOEF","(spgrp123(I),I=1,55)",15,"42","numeric",42,,"38548071d5aa652bb90c7f111f86b427f798a1c9"
"stump.f",30,36,"STUMPCOEF","(spgrp123(I),I=1,55)",16,"43","numeric",43,,"38548071d5aa652bb90c7f111f86b427f798a1c9"
"stump.f",30,36,"STUMPCOEF","(spgrp123(I),I=1,55)",17,"50","numeric",50,,"38548071d5aa652bb90c7f111f86b427f798a1c9"
"stump.f",30,36,"STUMPCOEF","(spgrp123(I),I=1,55)",18,"51","numeric",51,,"38548071d5aa652bb90c7f111f86b427f798a1c9"
"stump.f",30,36,"STUMPCOEF","(spgrp123(I),I=1,55)",19,"52","numeric",52,,"38548071d5aa652bb90c7f111f86b427f798a1c9"
"stump.f",30,36,"STUMPCOEF","(spgrp123(I),I=1,55)",20,"53","numeric",53,,"38548071d5aa652bb90c7f111f86b427f798a1c9"
"stump.f",30,36,"STUMPCOEF","(spgrp123(I),I=1,55)",21,"54","numeric",54,,"38548071d5aa652bb90c7f111f86b427f798a1c9"
"stump.f",30,36,"STUMPCOEF","(spgrp123(I),I=1,55)",22,"55","numeric",55,,"38548071d5aa652bb90c7f111f86b427f798a1c9"
"stump.f",30,36,"STUMPCOEF","(spgrp123(I),I=1,55)",23,"56","numeric",56,,"38548071d5aa652bb90c7f111f86b427f798a1c9"
"stump.f",30,36,"STUMPCOEF","(spgrp123(I),I=1,55)",24,"57","numeric",57,,"38548071d5aa652bb90c7f111f86b427f798a1c9"
"stump.f",30,36,"STUMPCOEF","(spgrp123(I),I=1,55)",25,"64","numeric",64,,"38548071d5aa652bb90c7f111f86b427f798a1c9"
"stump.f",30,36,"STUMPCOEF","(spgrp123(I),I=1,55)",26,"67","numeric",67,,"38548071d5aa652bb90c7f111f86b427f798a1c9"
"stump.f",30,36,"STUMPCOEF","(spgrp123(I),I=1,55)",27,"68","numeric",68,,"38548071d5aa652bb90c7f111f86b427f798a1c9"
"stump.f",30,36,"STUMPCOEF","(spgrp123(I),I=1,55)",28,"70","numeric",70,,"38548071d5aa652bb90c7f111f86b427f798a1c9"
"stump.f",30,36,"STUMPCOEF","(spgrp123(I),I=1,55)",29,"71","numeric",71,,"38548071d5aa652bb90c7f111f86b427f798a1c9"
"stump.f",30,36,"STUMPCOEF","(spgrp123(I),I=1,55)",30,"72","numeric",72,,"38548071d5aa652bb90c7f111f86b427f798a1c9"
"stump.f",30,36,"STUMPCOEF","(spgrp123(I),I=1,55)",31,"73","numeric",73,,"38548071d5aa652bb90c7f111f86b427f798a1c9"
"stump.f",30,36,"STUMPCOEF","(spgrp123(I),I=1,55)",32,"81","numeric",81,,"38548071d5aa652bb90c7f111f86b427f798a1c9"
"stump.f",30,36,"STUMPCOEF","(spgrp123(I),I=1,55)",33,"200","numeric",200,,"38548071d5aa652bb90c7f111f86b427f798a1c9"
"stump.f",30,36,"STUMPCOEF","(spgrp123(I),I=1,55)",34,"201","numeric",201,,"38548071d5aa652bb90c7f111f86b427f798a1c9"
"stump.f",30,36,"STUMPCOEF","(spgrp123(I),I=1,55)",35,"202","numeric",202,,"38548071d5aa652bb90c7f111f86b427f798a1c9"
"stump.f",30,36,"STUMPCOEF","(spgrp123(I),I=1,55)",36,"211","numeric",211,,"38548071d5aa652bb90c7f111f86b427f798a1c9"
"stump.f",30,36,"STUMPCOEF","(spgrp123(I),I=1,55)",37,"212","numeric",212,,"38548071d5aa652bb90c7f111f86b427f798a1c9"
"stump.f",30,36,"STUMPCOEF","(spgrp123(I),I=1,55)",38,"220","numeric",220,,"38548071d5aa652bb90c7f111f86b427f798a1c9"
"stump.f",30,36,"STUMPCOEF","(spgrp123(I),I=1,55)",39,"221","numeric",221,,"38548071d5aa652bb90c7f111f86b427f798a1c9"
"stump.f",30,36,"STUMPCOEF","(spgrp123(I),I=1,55)",40,"222","numeric",222,,"38548071d5aa652bb90c7f111f86b427f798a1c9"
"stump.f",30,36,"STUMPCOEF","(spgrp123(I),I=1,55)",41,"223","numeric",223,,"38548071d5aa652bb90c7f111f86b427f798a1c9"
"stump.f",30,36,"STUMPCOEF","(spgrp123(I),I=1,55)",42,"230","numeric",230,,"38548071d5aa652bb90c7f111f86b427f798a1c9"
"stump.f",30,36,"STUMPCOEF","(spgrp123(I),I=1,55)",43,"231","numeric",231,,"38548071d5aa652bb90c7f111f86b427f798a1c9"
"stump.f",30,36,"STUMPCOEF","(spgrp123(I),I=1,55)",44,"232","numeric",232,,"38548071d5aa652bb90c7f111f86b427f798a1c9"
"stump.f",30,36,"STUMPCOEF","(spgrp123(I),I=1,55)",45,"240","numeric",240,,"38548071d5aa652bb90c7f111f86b427f798a1c9"
"stump.f",30,36,"STUMPCOEF","(spgrp123(I),I=1,55)",46,"241","numeric",241,,"38548071d5aa652bb90c7f111f86b427f798a1c9"
"stump.f",30,36,"STUMPCOEF","(spgrp123(I),I=1,55)",47,"242","numeric",242,,"38548071d5aa652bb90c7f111f86b427f798a1c9"
"stump.f",30,36,"STUMPCOEF","(spgrp123(I),I=1,55)",48,"250","numeric",250,,"38548071d5aa652bb90c7f111f86b427f798a1c9"
"stump.f",30,36,"STUMPCOEF","(spgrp123(I),I=1,55)",49,"251","numeric",251,,"38548071d5aa652bb90c7f111f86b427f798a1c9"
"stump.f",30,36,"STUMPCOEF","(spgrp123(I),I=1,55)",50,"252","numeric",252,,"38548071d5aa652bb90c7f111f86b427f798a1c9"
"stump.f",30,36,"STUMPCOEF","(spgrp123(I),I=1,55)",51,"260","numeric",260,,"38548071d5aa652bb90c7f111f86b427f798a1c9"
"stump.f",30,36,"STUMPCOEF","(spgrp123(I),I=1,55)",52,"261","numeric",261,,"38548071d5aa652bb90c7f111f86b427f798a1c9"
"stump.f",30,36,"STUMPCOEF","(spgrp123(I),I=1,55)",53,"262","numeric",262,,"38548071d5aa652bb90c7f111f86b427f798a1c9"
"stump.f",30,36,"STUMPCOEF","(spgrp123(I),I=1,55)",54,"263","numeric",263,,"38548071d5aa652bb90c7f111f86b427f798a1c9"
"stump.f",30,36,"STUMPCOEF","(spgrp123(I),I=1,55)",55,"264","numeric",264,,"38548071d5aa652bb90c7f111f86b427f798a1c9"
"stump.f",38,42,"STUMPCOEF","(spgrp4(I),I=1,39)",1,"100","numeric",100,,"38548071d5aa652bb90c7f111f86b427f798a1c9"
"stump.f",38,42,"STUMPCOEF","(spgrp4(I),I=1,39)",2,"101","numeric",101,,"38548071d5aa652bb90c7f111f86b427f798a1c9"
"stump.f",38,42,"STUMPCOEF","(spgrp4(I),I=1,39)",3,"102","numeric",102,,"38548071d5aa652bb90c7f111f86b427f798a1c9"
"stump.f",38,42,"STUMPCOEF","(spgrp4(I),I=1,39)",4,"103","numeric",103,,"38548071d5aa652bb90c7f111f86b427f798a1c9"
"stump.f",38,42,"STUMPCOEF","(spgrp4(I),I=1,39)",5,"104","numeric",104,,"38548071d5aa652bb90c7f111f86b427f798a1c9"
"stump.f",38,42,"STUMPCOEF","(spgrp4(I),I=1,39)",6,"105","numeric",105,,"38548071d5aa652bb90c7f111f86b427f798a1c9"
"stump.f",38,42,"STUMPCOEF","(spgrp4(I),I=1,39)",7,"107","numeric",107,,"38548071d5aa652bb90c7f111f86b427f798a1c9"
"stump.f",38,42,"STUMPCOEF","(spgrp4(I),I=1,39)",8,"108","numeric",108,,"38548071d5aa652bb90c7f111f86b427f798a1c9"
"stump.f",38,42,"STUMPCOEF","(spgrp4(I),I=1,39)",9,"109","numeric",109,,"38548071d5aa652bb90c7f111f86b427f798a1c9"
"stump.f",38,42,"STUMPCOEF","(spgrp4(I),I=1,39)",10,"110","numeric",110,,"38548071d5aa652bb90c7f111f86b427f798a1c9"
"stump.f",38,42,"STUMPCOEF","(spgrp4(I),I=1,39)",11,"111","numeric",111,,"38548071d5aa652bb90c7f111f86b427f798a1c9"
"stump.f",38,42,"STUMPCOEF","(spgrp4(I),I=1,39)",12,"112","numeric",112,,"38548071d5aa652bb90c7f111f86b427f798a1c9"
"stump.f",38,42,"STUMPCOEF","(spgrp4(I),I=1,39)",13,"113","numeric",113,,"38548071d5aa652bb90c7f111f86b427f798a1c9"
"stump.f",38,42,"STUMPCOEF","(spgrp4(I),I=1,39)",14,"114","numeric",114,,"38548071d5aa652bb90c7f111f86b427f798a1c9"
"stump.f",38,42,"STUMPCOEF","(spgrp4(I),I=1,39)",15,"115","numeric",115,,"38548071d5aa652bb90c7f111f86b427f798a1c9"
"stump.f",38,42,"STUMPCOEF","(spgrp4(I),I=1,39)",16,"116","numeric",116,,"38548071d5aa652bb90c7f111f86b427f798a1c9"
"stump.f",38,42,"STUMPCOEF","(spgrp4(I),I=1,39)",17,"117","numeric",117,,"38548071d5aa652bb90c7f111f86b427f798a1c9"
"stump.f",38,42,"STUMPCOEF","(spgrp4(I),I=1,39)",18,"118","numeric",118,,"38548071d5aa652bb90c7f111f86b427f798a1c9"
"stump.f",38,42,"STUMPCOEF","(spgrp4(I),I=1,39)",19,"119","numeric",119,,"38548071d5aa652bb90c7f111f86b427f798a1c9"
"stump.f",38,42,"STUMPCOEF","(spgrp4(I),I=1,39)",20,"120","numeric",120,,"38548071d5aa652bb90c7f111f86b427f798a1c9"
"stump.f",38,42,"STUMPCOEF","(spgrp4(I),I=1,39)",21,"121","numeric",121,,"38548071d5aa652bb90c7f111f86b427f798a1c9"
"stump.f",38,42,"STUMPCOEF","(spgrp4(I),I=1,39)",22,"122","numeric",122,,"38548071d5aa652bb90c7f111f86b427f798a1c9"
"stump.f",38,42,"STUMPCOEF","(spgrp4(I),I=1,39)",23,"123","numeric",123,,"38548071d5aa652bb90c7f111f86b427f798a1c9"
"stump.f",38,42,"STUMPCOEF","(spgrp4(I),I=1,39)",24,"124","numeric",124,,"38548071d5aa652bb90c7f111f86b427f798a1c9"
"stump.f",38,42,"STUMPCOEF","(spgrp4(I),I=1,39)",25,"125","numeric",125,,"38548071d5aa652bb90c7f111f86b427f798a1c9"
"stump.f",38,42,"STUMPCOEF","(spgrp4(I),I=1,39)",26,"126","numeric",126,,"38548071d5aa652bb90c7f111f86b427f798a1c9"
"stump.f",38,42,"STUMPCOEF","(spgrp4(I),I=1,39)",27,"127","numeric",127,,"38548071d5aa652bb90c7f111f86b427f798a1c9"
"stump.f",38,42,"STUMPCOEF","(spgrp4(I),I=1,39)",28,"128","numeric",128,,"38548071d5aa652bb90c7f111f86b427f798a1c9"
"stump.f",38,42,"STUMPCOEF","(spgrp4(I),I=1,39)",29,"129","numeric",129,,"38548071d5aa652bb90c7f111f86b427f798a1c9"
"stump.f",38,42,"STUMPCOEF","(spgrp4(I),I=1,39)",30,"130","numeric",130,,"38548071d5aa652bb90c7f111f86b427f798a1c9"
"stump.f",38,42,"STUMPCOEF","(spgrp4(I),I=1,39)",31,"131","numeric",131,,"38548071d5aa652bb90c7f111f86b427f798a1c9"
"stump.f",38,42,"STUMPCOEF","(spgrp4(I),I=1,39)",32,"132","numeric",132,,"38548071d5aa652bb90c7f111f86b427f798a1c9"
"stump.f",38,42,"STUMPCOEF","(spgrp4(I),I=1,39)",33,"135","numeric",135,,"38548071d5aa652bb90c7f111f86b427f798a1c9"
"stump.f",38,42,"STUMPCOEF","(spgrp4(I),I=1,39)",34,"136","numeric",136,,"38548071d5aa652bb90c7f111f86b427f798a1c9"
"stump.f",38,42,"STUMPCOEF","(spgrp4(I),I=1,39)",35,"137","numeric",137,,"38548071d5aa652bb90c7f111f86b427f798a1c9"
"stump.f",38,42,"STUMPCOEF","(spgrp4(I),I=1,39)",36,"139","numeric",139,,"38548071d5aa652bb90c7f111f86b427f798a1c9"
"stump.f",38,42,"STUMPCOEF","(spgrp4(I),I=1,39)",37,"142","numeric",142,,"38548071d5aa652bb90c7f111f86b427f798a1c9"
"stump.f",38,42,"STUMPCOEF","(spgrp4(I),I=1,39)",38,"144","numeric",144,,"38548071d5aa652bb90c7f111f86b427f798a1c9"
"stump.f",38,42,"STUMPCOEF","(spgrp4(I),I=1,39)",39,"299","numeric",299,,"38548071d5aa652bb90c7f111f86b427f798a1c9"
"stump.f",44,44,"STUMPCOEF","(spgrp5(I),I=1,9)",1,"90","numeric",90,,"38548071d5aa652bb90c7f111f86b427f798a1c9"
"stump.f",44,44,"STUMPCOEF","(spgrp5(I),I=1,9)",2,"91","numeric",91,,"38548071d5aa652bb90c7f111f86b427f798a1c9"
"stump.f",44,44,"STUMPCOEF","(spgrp5(I),I=1,9)",3,"92","numeric",92,,"38548071d5aa652bb90c7f111f86b427f798a1c9"
"stump.f",44,44,"STUMPCOEF","(spgrp5(I),I=1,9)",4,"93","numeric",93,,"38548071d5aa652bb90c7f111f86b427f798a1c9"
"stump.f",44,44,"STUMPCOEF","(spgrp5(I),I=1,9)",5,"94","numeric",94,,"38548071d5aa652bb90c7f111f86b427f798a1c9"
"stump.f",44,44,"STUMPCOEF","(spgrp5(I),I=1,9)",6,"95","numeric",95,,"38548071d5aa652bb90c7f111f86b427f798a1c9"
"stump.f",44,44,"STUMPCOEF","(spgrp5(I),I=1,9)",7,"96","numeric",96,,"38548071d5aa652bb90c7f111f86b427f798a1c9"
"stump.f",44,44,"STUMPCOEF","(spgrp5(I),I=1,9)",8,"97","numeric",97,,"38548071d5aa652bb90c7f111f86b427f798a1c9"
"stump.f",44,44,"STUMPCOEF","(spgrp5(I),I=1,9)",9,"98","numeric",98,,"38548071d5aa652bb90c7f111f86b427f798a1c9"
"stump.f",46,49,"STUMPCOEF","(spgrp6(I),I=1,27)",1,"350","numeric",350,,"38548071d5aa652bb90c7f111f86b427f798a1c9"
"stump.f",46,49,"STUMPCOEF","(spgrp6(I),I=1,27)",2,"351","numeric",351,,"38548071d5aa652bb90c7f111f86b427f798a1c9"
"stump.f",46,49,"STUMPCOEF","(spgrp6(I),I=1,27)",3,"352","numeric",352,,"38548071d5aa652bb90c7f111f86b427f798a1c9"
"stump.f",46,49,"STUMPCOEF","(spgrp6(I),I=1,27)",4,"353","numeric",353,,"38548071d5aa652bb90c7f111f86b427f798a1c9"
"stump.f",46,49,"STUMPCOEF","(spgrp6(I),I=1,27)",5,"355","numeric",355,,"38548071d5aa652bb90c7f111f86b427f798a1c9"
"stump.f",46,49,"STUMPCOEF","(spgrp6(I),I=1,27)",6,"740","numeric",740,,"38548071d5aa652bb90c7f111f86b427f798a1c9"
"stump.f",46,49,"STUMPCOEF","(spgrp6(I),I=1,27)",7,"741","numeric",741,,"38548071d5aa652bb90c7f111f86b427f798a1c9"
"stump.f",46,49,"STUMPCOEF","(spgrp6(I),I=1,27)",8,"742","numeric",742,,"38548071d5aa652bb90c7f111f86b427f798a1c9"
"stump.f",46,49,"STUMPCOEF","(spgrp6(I),I=1,27)",9,"743","numeric",743,,"38548071d5aa652bb90c7f111f86b427f798a1c9"
"stump.f",46,49,"STUMPCOEF","(spgrp6(I),I=1,27)",10,"744","numeric",744,,"38548071d5aa652bb90c7f111f86b427f798a1c9"
"stump.f",46,49,"STUMPCOEF","(spgrp6(I),I=1,27)",11,"745","numeric",745,,"38548071d5aa652bb90c7f111f86b427f798a1c9"
"stump.f",46,49,"STUMPCOEF","(spgrp6(I),I=1,27)",12,"746","numeric",746,,"38548071d5aa652bb90c7f111f86b427f798a1c9"
"stump.f",46,49,"STUMPCOEF","(spgrp6(I),I=1,27)",13,"747","numeric",747,,"38548071d5aa652bb90c7f111f86b427f798a1c9"
"stump.f",46,49,"STUMPCOEF","(spgrp6(I),I=1,27)",14,"748","numeric",748,,"38548071d5aa652bb90c7f111f86b427f798a1c9"
"stump.f",46,49,"STUMPCOEF","(spgrp6(I),I=1,27)",15,"749","numeric",749,,"38548071d5aa652bb90c7f111f86b427f798a1c9"
"stump.f",46,49,"STUMPCOEF","(spgrp6(I),I=1,27)",16,"752","numeric",752,,"38548071d5aa652bb90c7f111f86b427f798a1c9"
"stump.f",46,49,"STUMPCOEF","(spgrp6(I),I=1,27)",17,"753","numeric",753,,"38548071d5aa652bb90c7f111f86b427f798a1c9"
"stump.f",46,49,"STUMPCOEF","(spgrp6(I),I=1,27)",18,"920","numeric",920,,"38548071d5aa652bb90c7f111f86b427f798a1c9"
"stump.f",46,49,"STUMPCOEF","(spgrp6(I),I=1,27)",19,"921","numeric",921,,"38548071d5aa652bb90c7f111f86b427f798a1c9"
"stump.f",46,49,"STUMPCOEF","(spgrp6(I),I=1,27)",20,"922","numeric",922,,"38548071d5aa652bb90c7f111f86b427f798a1c9"
"stump.f",46,49,"STUMPCOEF","(spgrp6(I),I=1,27)",21,"923","numeric",923,,"38548071d5aa652bb90c7f111f86b427f798a1c9"
"stump.f",46,49,"STUMPCOEF","(spgrp6(I),I=1,27)",22,"924","numeric",924,,"38548071d5aa652bb90c7f111f86b427f798a1c9"
"stump.f",46,49,"STUMPCOEF","(spgrp6(I),I=1,27)",23,"925","numeric",925,,"38548071d5aa652bb90c7f111f86b427f798a1c9"
"stump.f",46,49,"STUMPCOEF","(spgrp6(I),I=1,27)",24,"926","numeric",926,,"38548071d5aa652bb90c7f111f86b427f798a1c9"
"stump.f",46,49,"STUMPCOEF","(spgrp6(I),I=1,27)",25,"927","numeric",927,,"38548071d5aa652bb90c7f111f86b427f798a1c9"
"stump.f",46,49,"STUMPCOEF","(spgrp6(I),I=1,27)",26,"928","numeric",928,,"38548071d5aa652bb90c7f111f86b427f798a1c9"
"stump.f",46,49,"STUMPCOEF","(spgrp6(I),I=1,27)",27,"929","numeric",929,,"38548071d5aa652bb90c7f111f86b427f798a1c9"
"stump.f",51,53,"STUMPCOEF","(spgrp7(I),I=1,18)",1,"310","numeric",310,,"38548071d5aa652bb90c7f111f86b427f798a1c9"
"stump.f",51,53,"STUMPCOEF","(spgrp7(I),I=1,18)",2,"311","numeric",311,,"38548071d5aa652bb90c7f111f86b427f798a1c9"
"stump.f",51,53,"STUMPCOEF","(spgrp7(I),I=1,18)",3,"312","numeric",312,,"38548071d5aa652bb90c7f111f86b427f798a1c9"
"stump.f",51,53,"STUMPCOEF","(spgrp7(I),I=1,18)",4,"313","numeric",313,,"38548071d5aa652bb90c7f111f86b427f798a1c9"
"stump.f",51,53,"STUMPCOEF","(spgrp7(I),I=1,18)",5,"315","numeric",315,,"38548071d5aa652bb90c7f111f86b427f798a1c9"
"stump.f",51,53,"STUMPCOEF","(spgrp7(I),I=1,18)",6,"316","numeric",316,,"38548071d5aa652bb90c7f111f86b427f798a1c9"
"stump.f",51,53,"STUMPCOEF","(spgrp7(I),I=1,18)",7,"317","numeric",317,,"38548071d5aa652bb90c7f111f86b427f798a1c9"
"stump.f",51,53,"STUMPCOEF","(spgrp7(I),I=1,18)",8,"319","numeric",319,,"38548071d5aa652bb90c7f111f86b427f798a1c9"
"stump.f",51,53,"STUMPCOEF","(spgrp7(I),I=1,18)",9,"320","numeric",320,,"38548071d5aa652bb90c7f111f86b427f798a1c9"
"stump.f",51,53,"STUMPCOEF","(spgrp7(I),I=1,18)",10,"370","numeric",370,,"38548071d5aa652bb90c7f111f86b427f798a1c9"
"stump.f",51,53,"STUMPCOEF","(spgrp7(I),I=1,18)",11,"371","numeric",371,,"38548071d5aa652bb90c7f111f86b427f798a1c9"
"stump.f",51,53,"STUMPCOEF","(spgrp7(I),I=1,18)",12,"372","numeric",372,,"38548071d5aa652bb90c7f111f86b427f798a1c9"
"stump.f",51,53,"STUMPCOEF","(spgrp7(I),I=1,18)",13,"373","numeric",373,,"38548071d5aa652bb90c7f111f86b427f798a1c9"
"stump.f",51,53,"STUMPCOEF","(spgrp7(I),I=1,18)",14,"374","numeric",374,,"38548071d5aa652bb90c7f111f86b427f798a1c9"
"stump.f",51,53,"STUMPCOEF","(spgrp7(I),I=1,18)",15,"375","numeric",375,,"38548071d5aa652bb90c7f111f86b427f798a1c9"
"stump.f",51,53,"STUMPCOEF","(spgrp7(I),I=1,18)",16,"377","numeric",377,,"38548071d5aa652bb90c7f111f86b427f798a1c9"
"stump.f",51,53,"STUMPCOEF","(spgrp7(I),I=1,18)",17,"378","numeric",378,,"38548071d5aa652bb90c7f111f86b427f798a1c9"
"stump.f",51,53,"STUMPCOEF","(spgrp7(I),I=1,18)",18,"379","numeric",379,,"38548071d5aa652bb90c7f111f86b427f798a1c9"
"stump.f",57,63,"STUMPCOEF","(spgrp9(I),I=1,59)",1,"314","numeric",314,,"38548071d5aa652bb90c7f111f86b427f798a1c9"
"stump.f",57,63,"STUMPCOEF","(spgrp9(I),I=1,59)",2,"318","numeric",318,,"38548071d5aa652bb90c7f111f86b427f798a1c9"
"stump.f",57,63,"STUMPCOEF","(spgrp9(I),I=1,59)",3,"400","numeric",400,,"38548071d5aa652bb90c7f111f86b427f798a1c9"
"stump.f",57,63,"STUMPCOEF","(spgrp9(I),I=1,59)",4,"401","numeric",401,,"38548071d5aa652bb90c7f111f86b427f798a1c9"
"stump.f",57,63,"STUMPCOEF","(spgrp9(I),I=1,59)",5,"402","numeric",402,,"38548071d5aa652bb90c7f111f86b427f798a1c9"
"stump.f",57,63,"STUMPCOEF","(spgrp9(I),I=1,59)",6,"403","numeric",403,,"38548071d5aa652bb90c7f111f86b427f798a1c9"
"stump.f",57,63,"STUMPCOEF","(spgrp9(I),I=1,59)",7,"404","numeric",404,,"38548071d5aa652bb90c7f111f86b427f798a1c9"
"stump.f",57,63,"STUMPCOEF","(spgrp9(I),I=1,59)",8,"405","numeric",405,,"38548071d5aa652bb90c7f111f86b427f798a1c9"
"stump.f",57,63,"STUMPCOEF","(spgrp9(I),I=1,59)",9,"406","numeric",406,,"38548071d5aa652bb90c7f111f86b427f798a1c9"
"stump.f",57,63,"STUMPCOEF","(spgrp9(I),I=1,59)",10,"407","numeric",407,,"38548071d5aa652bb90c7f111f86b427f798a1c9"
"stump.f",57,63,"STUMPCOEF","(spgrp9(I),I=1,59)",11,"408","numeric",408,,"38548071d5aa652bb90c7f111f86b427f798a1c9"
"stump.f",57,63,"STUMPCOEF","(spgrp9(I),I=1,59)",12,"409","numeric",409,,"38548071d5aa652bb90c7f111f86b427f798a1c9"
"stump.f",57,63,"STUMPCOEF","(spgrp9(I),I=1,59)",13,"410","numeric",410,,"38548071d5aa652bb90c7f111f86b427f798a1c9"
"stump.f",57,63,"STUMPCOEF","(spgrp9(I),I=1,59)",14,"411","numeric",411,,"38548071d5aa652bb90c7f111f86b427f798a1c9"
"stump.f",57,63,"STUMPCOEF","(spgrp9(I),I=1,59)",15,"412","numeric",412,,"38548071d5aa652bb90c7f111f86b427f798a1c9"
"stump.f",57,63,"STUMPCOEF","(spgrp9(I),I=1,59)",16,"413","numeric",413,,"38548071d5aa652bb90c7f111f86b427f798a1c9"
"stump.f",57,63,"STUMPCOEF","(spgrp9(I),I=1,59)",17,"531","numeric",531,,"38548071d5aa652bb90c7f111f86b427f798a1c9"
"stump.f",57,63,"STUMPCOEF","(spgrp9(I),I=1,59)",18,"800","numeric",800,,"38548071d5aa652bb90c7f111f86b427f798a1c9"
"stump.f",57,63,"STUMPCOEF","(spgrp9(I),I=1,59)",19,"801","numeric",801,,"38548071d5aa652bb90c7f111f86b427f798a1c9"
"stump.f",57,63,"STUMPCOEF","(spgrp9(I),I=1,59)",20,"802","numeric",802,,"38548071d5aa652bb90c7f111f86b427f798a1c9"
"stump.f",57,63,"STUMPCOEF","(spgrp9(I),I=1,59)",21,"804","numeric",804,,"38548071d5aa652bb90c7f111f86b427f798a1c9"
"stump.f",57,63,"STUMPCOEF","(spgrp9(I),I=1,59)",22,"805","numeric",805,,"38548071d5aa652bb90c7f111f86b427f798a1c9"
"stump.f",57,63,"STUMPCOEF","(spgrp9(I),I=1,59)",23,"806","numeric",806,,"38548071d5aa652bb90c7f111f86b427f798a1c9"
"stump.f",57,63,"STUMPCOEF","(spgrp9(I),I=1,59)",24,"807","numeric",807,,"38548071d5aa652bb90c7f111f86b427f798a1c9"
"stump.f",57,63,"STUMPCOEF","(spgrp9(I),I=1,59)",25,"808","numeric",808,,"38548071d5aa652bb90c7f111f86b427f798a1c9"
"stump.f",57,63,"STUMPCOEF","(spgrp9(I),I=1,59)",26,"809","numeric",809,,"38548071d5aa652bb90c7f111f86b427f798a1c9"
"stump.f",57,63,"STUMPCOEF","(spgrp9(I),I=1,59)",27,"811","numeric",811,,"38548071d5aa652bb90c7f111f86b427f798a1c9"
"stump.f",57,63,"STUMPCOEF","(spgrp9(I),I=1,59)",28,"812","numeric",812,,"38548071d5aa652bb90c7f111f86b427f798a1c9"
"stump.f",57,63,"STUMPCOEF","(spgrp9(I),I=1,59)",29,"813","numeric",813,,"38548071d5aa652bb90c7f111f86b427f798a1c9"
"stump.f",57,63,"STUMPCOEF","(spgrp9(I),I=1,59)",30,"815","numeric",815,,"38548071d5aa652bb90c7f111f86b427f798a1c9"
"stump.f",57,63,"STUMPCOEF","(spgrp9(I),I=1,59)",31,"816","numeric",816,,"38548071d5aa652bb90c7f111f86b427f798a1c9"
"stump.f",57,63,"STUMPCOEF","(spgrp9(I),I=1,59)",32,"817","numeric",817,,"38548071d5aa652bb90c7f111f86b427f798a1c9"
"stump.f",57,63,"STUMPCOEF","(spgrp9(I),I=1,59)",33,"818","numeric",818,,"38548071d5aa652bb90c7f111f86b427f798a1c9"
"stump.f",57,63,"STUMPCOEF","(spgrp9(I),I=1,59)",34,"819","numeric",819,,"38548071d5aa652bb90c7f111f86b427f798a1c9"
"stump.f",57,63,"STUMPCOEF","(spgrp9(I),I=1,59)",35,"820","numeric",820,,"38548071d5aa652bb90c7f111f86b427f798a1c9"
"stump.f",57,63,"STUMPCOEF","(spgrp9(I),I=1,59)",36,"821","numeric",821,,"38548071d5aa652bb90c7f111f86b427f798a1c9"
"stump.f",57,63,"STUMPCOEF","(spgrp9(I),I=1,59)",37,"822","numeric",822,,"38548071d5aa652bb90c7f111f86b427f798a1c9"
"stump.f",57,63,"STUMPCOEF","(spgrp9(I),I=1,59)",38,"823","numeric",823,,"38548071d5aa652bb90c7f111f86b427f798a1c9"
"stump.f",57,63,"STUMPCOEF","(spgrp9(I),I=1,59)",39,"824","numeric",824,,"38548071d5aa652bb90c7f111f86b427f798a1c9"
"stump.f",57,63,"STUMPCOEF","(spgrp9(I),I=1,59)",40,"825","numeric",825,,"38548071d5aa652bb90c7f111f86b427f798a1c9"
"stump.f",57,63,"STUMPCOEF","(spgrp9(I),I=1,59)",41,"826","numeric",826,,"38548071d5aa652bb90c7f111f86b427f798a1c9"
"stump.f",57,63,"STUMPCOEF","(spgrp9(I),I=1,59)",42,"827","numeric",827,,"38548071d5aa652bb90c7f111f86b427f798a1c9"
"stump.f",57,63,"STUMPCOEF","(spgrp9(I),I=1,59)",43,"828","numeric",828,,"38548071d5aa652bb90c7f111f86b427f798a1c9"
"stump.f",57,63,"STUMPCOEF","(spgrp9(I),I=1,59)",44,"830","numeric",830,,"38548071d5aa652bb90c7f111f86b427f798a1c9"
"stump.f",57,63,"STUMPCOEF","(spgrp9(I),I=1,59)",45,"831","numeric",831,,"38548071d5aa652bb90c7f111f86b427f798a1c9"
"stump.f",57,63,"STUMPCOEF","(spgrp9(I),I=1,59)",46,"832","numeric",832,,"38548071d5aa652bb90c7f111f86b427f798a1c9"
"stump.f",57,63,"STUMPCOEF","(spgrp9(I),I=1,59)",47,"833","numeric",833,,"38548071d5aa652bb90c7f111f86b427f798a1c9"
"stump.f",57,63,"STUMPCOEF","(spgrp9(I),I=1,59)",48,"834","numeric",834,,"38548071d5aa652bb90c7f111f86b427f798a1c9"
"stump.f",57,63,"STUMPCOEF","(spgrp9(I),I=1,59)",49,"835","numeric",835,,"38548071d5aa652bb90c7f111f86b427f798a1c9"
"stump.f",57,63,"STUMPCOEF","(spgrp9(I),I=1,59)",50,"836","numeric",836,,"38548071d5aa652bb90c7f111f86b427f798a1c9"
"stump.f",57,63,"STUMPCOEF","(spgrp9(I),I=1,59)",51,"837","numeric",837,,"38548071d5aa652bb90c7f111f86b427f798a1c9"
"stump.f",57,63,"STUMPCOEF","(spgrp9(I),I=1,59)",52,"838","numeric",838,,"38548071d5aa652bb90c7f111f86b427f798a1c9"
"stump.f",57,63,"STUMPCOEF","(spgrp9(I),I=1,59)",53,"839","numeric",839,,"38548071d5aa652bb90c7f111f86b427f798a1c9"
"stump.f",57,63,"STUMPCOEF","(spgrp9(I),I=1,59)",54,"840","numeric",840,,"38548071d5aa652bb90c7f111f86b427f798a1c9"
"stump.f",57,63,"STUMPCOEF","(spgrp9(I),I=1,59)",55,"841","numeric",841,,"38548071d5aa652bb90c7f111f86b427f798a1c9"
"stump.f",57,63,"STUMPCOEF","(spgrp9(I),I=1,59)",56,"842","numeric",842,,"38548071d5aa652bb90c7f111f86b427f798a1c9"
"stump.f",57,63,"STUMPCOEF","(spgrp9(I),I=1,59)",57,"844","numeric",844,,"38548071d5aa652bb90c7f111f86b427f798a1c9"
"stump.f",57,63,"STUMPCOEF","(spgrp9(I),I=1,59)",58,"845","numeric",845,,"38548071d5aa652bb90c7f111f86b427f798a1c9"
"stump.f",57,63,"STUMPCOEF","(spgrp9(I),I=1,59)",59,"851","numeric",851,,"38548071d5aa652bb90c7f111f86b427f798a1c9"
"stump.f",65,69,"STUMPCOEF","(spgrp10(I),I=1,38)",1,"58","numeric",58,,"38548071d5aa652bb90c7f111f86b427f798a1c9"
"stump.f",65,69,"STUMPCOEF","(spgrp10(I),I=1,38)",2,"59","numeric",59,,"38548071d5aa652bb90c7f111f86b427f798a1c9"
"stump.f",65,69,"STUMPCOEF","(spgrp10(I),I=1,38)",3,"60","numeric",60,,"38548071d5aa652bb90c7f111f86b427f798a1c9"
"stump.f",65,69,"STUMPCOEF","(spgrp10(I),I=1,38)",4,"61","numeric",61,,"38548071d5aa652bb90c7f111f86b427f798a1c9"
"stump.f",65,69,"STUMPCOEF","(spgrp10(I),I=1,38)",5,"62","numeric",62,,"38548071d5aa652bb90c7f111f86b427f798a1c9"
"stump.f",65,69,"STUMPCOEF","(spgrp10(I),I=1,38)",6,"63","numeric",63,,"38548071d5aa652bb90c7f111f86b427f798a1c9"
"stump.f",65,69,"STUMPCOEF","(spgrp10(I),I=1,38)",7,"65","numeric",65,,"38548071d5aa652bb90c7f111f86b427f798a1c9"
"stump.f",65,69,"STUMPCOEF","(spgrp10(I),I=1,38)",8,"66","numeric",66,,"38548071d5aa652bb90c7f111f86b427f798a1c9"
"stump.f",65,69,"STUMPCOEF","(spgrp10(I),I=1,38)",9,"69","numeric",69,,"38548071d5aa652bb90c7f111f86b427f798a1c9"
"stump.f",65,69,"STUMPCOEF","(spgrp10(I),I=1,38)",10,"106","numeric",106,,"38548071d5aa652bb90c7f111f86b427f798a1c9"
"stump.f",65,69,"STUMPCOEF","(spgrp10(I),I=1,38)",11,"133","numeric",133,,"38548071d5aa652bb90c7f111f86b427f798a1c9"
"stump.f",65,69,"STUMPCOEF","(spgrp10(I),I=1,38)",12,"134","numeric",134,,"38548071d5aa652bb90c7f111f86b427f798a1c9"
"stump.f",65,69,"STUMPCOEF","(spgrp10(I),I=1,38)",13,"138","numeric",138,,"38548071d5aa652bb90c7f111f86b427f798a1c9"
"stump.f",65,69,"STUMPCOEF","(spgrp10(I),I=1,38)",14,"140","numeric",140,,"38548071d5aa652bb90c7f111f86b427f798a1c9"
"stump.f",65,69,"STUMPCOEF","(spgrp10(I),I=1,38)",15,"141","numeric",141,,"38548071d5aa652bb90c7f111f86b427f798a1c9"
"stump.f",65,69,"STUMPCOEF","(spgrp10(I),I=1,38)",16,"143","numeric",143,,"38548071d5aa652bb90c7f111f86b427f798a1c9"
"stump.f",65,69,"STUMPCOEF","(spgrp10(I),I=1,38)",17,"300","numeric",300,,"38548071d5aa652bb90c7f111f86b427f798a1c9"
"stump.f",65,69,"STUMPCOEF","(spgrp10(I),I=1,38)",18,"303","numeric",303,,"38548071d5aa652bb90c7f111f86b427f798a1c9"
"stump.f",65,69,"STUMPCOEF","(spgrp10(I),I=1,38)",19,"304","numeric",304,,"38548071d5aa652bb90c7f111f86b427f798a1c9"
"stump.f",65,69,"STUMPCOEF","(spgrp10(I),I=1,38)",20,"321","numeric",321,,"38548071d5aa652bb90c7f111f86b427f798a1c9"
"stump.f",65,69,"STUMPCOEF","(spgrp10(I),I=1,38)",21,"322","numeric",322,,"38548071d5aa652bb90c7f111f86b427f798a1c9"
"stump.f",65,69,"STUMPCOEF","(spgrp10(I),I=1,38)",22,"363","numeric",363,,"38548071d5aa652bb90c7f111f86b427f798a1c9"
"stump.f",65,69,"STUMPCOEF","(spgrp10(I),I=1,38)",23,"475","numeric",475,,"38548071d5aa652bb90c7f111f86b427f798a1c9"
"stump.f",65,69,"STUMPCOEF","(spgrp10(I),I=1,38)",24,"523","numeric",523,,"38548071d5aa652bb90c7f111f86b427f798a1c9"
"stump.f",65,69,"STUMPCOEF","(spgrp10(I),I=1,38)",25,"755","numeric",755,,"38548071d5aa652bb90c7f111f86b427f798a1c9"
"stump.f",65,69,"STUMPCOEF","(spgrp10(I),I=1,38)",26,"756","numeric",756,,"38548071d5aa652bb90c7f111f86b427f798a1c9"
"stump.f",65,69,"STUMPCOEF","(spgrp10(I),I=1,38)",27,"757","numeric",757,,"38548071d5aa652bb90c7f111f86b427f798a1c9"
"stump.f",65,69,"STUMPCOEF","(spgrp10(I),I=1,38)",28,"758","numeric",758,,"38548071d5aa652bb90c7f111f86b427f798a1c9"
"stump.f",65,69,"STUMPCOEF","(spgrp10(I),I=1,38)",29,"803","numeric",803,,"38548071d5aa652bb90c7f111f86b427f798a1c9"
"stump.f",65,69,"STUMPCOEF","(spgrp10(I),I=1,38)",30,"810","numeric",810,,"38548071d5aa652bb90c7f111f86b427f798a1c9"
"stump.f",65,69,"STUMPCOEF","(spgrp10(I),I=1,38)",31,"814","numeric",814,,"38548071d5aa652bb90c7f111f86b427f798a1c9"
"stump.f",65,69,"STUMPCOEF","(spgrp10(I),I=1,38)",32,"829","numeric",829,,"38548071d5aa652bb90c7f111f86b427f798a1c9"
"stump.f",65,69,"STUMPCOEF","(spgrp10(I),I=1,38)",33,"843","numeric",843,,"38548071d5aa652bb90c7f111f86b427f798a1c9"
"stump.f",65,69,"STUMPCOEF","(spgrp10(I),I=1,38)",34,"846","numeric",846,,"38548071d5aa652bb90c7f111f86b427f798a1c9"
"stump.f",65,69,"STUMPCOEF","(spgrp10(I),I=1,38)",35,"847","numeric",847,,"38548071d5aa652bb90c7f111f86b427f798a1c9"
"stump.f",65,69,"STUMPCOEF","(spgrp10(I),I=1,38)",36,"867","numeric",867,,"38548071d5aa652bb90c7f111f86b427f798a1c9"
"stump.f",65,69,"STUMPCOEF","(spgrp10(I),I=1,38)",37,"902","numeric",902,,"38548071d5aa652bb90c7f111f86b427f798a1c9"
"stump.f",65,69,"STUMPCOEF","(spgrp10(I),I=1,38)",38,"990","numeric",990,,"38548071d5aa652bb90c7f111f86b427f798a1c9"
"stump.f",71,75,"STUMPCOEF","(dob_b(I),I=1,23)",1,".11694","numeric",0.11694,,"38548071d5aa652bb90c7f111f86b427f798a1c9"
"stump.f",71,75,"STUMPCOEF","(dob_b(I),I=1,23)",2,".08091","numeric",0.08091,,"38548071d5aa652bb90c7f111f86b427f798a1c9"
"stump.f",71,75,"STUMPCOEF","(dob_b(I),I=1,23)",3,".08076","numeric",0.08076,,"38548071d5aa652bb90c7f111f86b427f798a1c9"
"stump.f",71,75,"STUMPCOEF","(dob_b(I),I=1,23)",4,".14525","numeric",0.14525,,"38548071d5aa652bb90c7f111f86b427f798a1c9"
"stump.f",71,75,"STUMPCOEF","(dob_b(I),I=1,23)",5,".16903","numeric",0.16903,,"38548071d5aa652bb90c7f111f86b427f798a1c9"
"stump.f",71,75,"STUMPCOEF","(dob_b(I),I=1,23)",6,".12147","numeric",0.12147,,"38548071d5aa652bb90c7f111f86b427f798a1c9"
"stump.f",71,75,"STUMPCOEF","(dob_b(I),I=1,23)",7,".15359","numeric",0.15359,,"38548071d5aa652bb90c7f111f86b427f798a1c9"
"stump.f",71,75,"STUMPCOEF","(dob_b(I),I=1,23)",8,".12667","numeric",0.12667,,"38548071d5aa652bb90c7f111f86b427f798a1c9"
"stump.f",71,75,"STUMPCOEF","(dob_b(I),I=1,23)",9,".18850","numeric",0.1885,,"38548071d5aa652bb90c7f111f86b427f798a1c9"
"stump.f",71,75,"STUMPCOEF","(dob_b(I),I=1,23)",10,".14872","numeric",0.14872,,"38548071d5aa652bb90c7f111f86b427f798a1c9"
"stump.f",71,75,"STUMPCOEF","(dob_b(I),I=1,23)",11,".12798","numeric",0.12798,,"38548071d5aa652bb90c7f111f86b427f798a1c9"
"stump.f",71,75,"STUMPCOEF","(dob_b(I),I=1,23)",12,".15113","numeric",0.15113,,"38548071d5aa652bb90c7f111f86b427f798a1c9"
"stump.f",71,75,"STUMPCOEF","(dob_b(I),I=1,23)",13,".15350","numeric",0.1535,,"38548071d5aa652bb90c7f111f86b427f798a1c9"
"stump.f",71,75,"STUMPCOEF","(dob_b(I),I=1,23)",14,".12111","numeric",0.12111,,"38548071d5aa652bb90c7f111f86b427f798a1c9"
"stump.f",71,75,"STUMPCOEF","(dob_b(I),I=1,23)",15,".11585","numeric",0.11585,,"38548071d5aa652bb90c7f111f86b427f798a1c9"
"stump.f",71,75,"STUMPCOEF","(dob_b(I),I=1,23)",16,".12766","numeric",0.12766,,"38548071d5aa652bb90c7f111f86b427f798a1c9"
"stump.f",71,75,"STUMPCOEF","(dob_b(I),I=1,23)",17,".17376","numeric",0.17376,,"38548071d5aa652bb90c7f111f86b427f798a1c9"
"stump.f",71,75,"STUMPCOEF","(dob_b(I),I=1,23)",18,".11655","numeric",0.11655,,"38548071d5aa652bb90c7f111f86b427f798a1c9"
"stump.f",71,75,"STUMPCOEF","(dob_b(I),I=1,23)",19,".06834","numeric",0.06834,,"38548071d5aa652bb90c7f111f86b427f798a1c9"
"stump.f",71,75,"STUMPCOEF","(dob_b(I),I=1,23)",20,".09658","numeric",0.09658,,"38548071d5aa652bb90c7f111f86b427f798a1c9"
"stump.f",71,75,"STUMPCOEF","(dob_b(I),I=1,23)",21,".14413","numeric",0.14413,,"38548071d5aa652bb90c7f111f86b427f798a1c9"
"stump.f",71,75,"STUMPCOEF","(dob_b(I),I=1,23)",22,".17123","numeric",0.17123,,"38548071d5aa652bb90c7f111f86b427f798a1c9"
"stump.f",71,75,"STUMPCOEF","(dob_b(I),I=1,23)",23,".16638","numeric",0.16638,,"38548071d5aa652bb90c7f111f86b427f798a1c9"
"stump.f",76,80,"STUMPCOEF","(dib_a(I),I=1,23)",1,".91385","numeric",0.91385,,"38548071d5aa652bb90c7f111f86b427f798a1c9"
"stump.f",76,80,"STUMPCOEF","(dib_a(I),I=1,23)",2,".90698","numeric",0.90698,,"38548071d5aa652bb90c7f111f86b427f798a1c9"
"stump.f",76,80,"STUMPCOEF","(dib_a(I),I=1,23)",3,".90973","numeric",0.90973,,"38548071d5aa652bb90c7f111f86b427f798a1c9"
"stump.f",76,80,"STUMPCOEF","(dib_a(I),I=1,23)",4,".94804","numeric",0.94804,,"38548071d5aa652bb90c7f111f86b427f798a1c9"
"stump.f",76,80,"STUMPCOEF","(dib_a(I),I=1,23)",5,".95487","numeric",0.95487,,"38548071d5aa652bb90c7f111f86b427f798a1c9"
"stump.f",76,80,"STUMPCOEF","(dib_a(I),I=1,23)",6,".94122","numeric",0.94122,,"38548071d5aa652bb90c7f111f86b427f798a1c9"
"stump.f",76,80,"STUMPCOEF","(dib_a(I),I=1,23)",7,".93793","numeric",0.93793,,"38548071d5aa652bb90c7f111f86b427f798a1c9"
"stump.f",76,80,"STUMPCOEF","(dib_a(I),I=1,23)",8,".91400","numeric",0.914,,"38548071d5aa652bb90c7f111f86b427f798a1c9"
"stump.f",76,80,"STUMPCOEF","(dib_a(I),I=1,23)",9,".94698","numeric",0.94698,,"38548071d5aa652bb90c7f111f86b427f798a1c9"
"stump.f",76,80,"STUMPCOEF","(dib_a(I),I=1,23)",10,".91130","numeric",0.9113,,"38548071d5aa652bb90c7f111f86b427f798a1c9"
"stump.f",76,80,"STUMPCOEF","(dib_a(I),I=1,23)",11,".92267","numeric",0.92267,,"38548071d5aa652bb90c7f111f86b427f798a1c9"
"stump.f",76,80,"STUMPCOEF","(dib_a(I),I=1,23)",12,".96731","numeric",0.96731,,"38548071d5aa652bb90c7f111f86b427f798a1c9"
"stump.f",76,80,"STUMPCOEF","(dib_a(I),I=1,23)",13,".94423","numeric",0.94423,,"38548071d5aa652bb90c7f111f86b427f798a1c9"
"stump.f",76,80,"STUMPCOEF","(dib_a(I),I=1,23)",14,".93818","numeric",0.93818,,"38548071d5aa652bb90c7f111f86b427f798a1c9"
"stump.f",76,80,"STUMPCOEF","(dib_a(I),I=1,23)",15,".94181","numeric",0.94181,,"38548071d5aa652bb90c7f111f86b427f798a1c9"
"stump.f",76,80,"STUMPCOEF","(dib_a(I),I=1,23)",16,".91979","numeric",0.91979,,"38548071d5aa652bb90c7f111f86b427f798a1c9"
"stump.f",76,80,"STUMPCOEF","(dib_a(I),I=1,23)",17,".93502","numeric",0.93502,,"38548071d5aa652bb90c7f111f86b427f798a1c9"
"stump.f",76,80,"STUMPCOEF","(dib_a(I),I=1,23)",18,".93763","numeric",0.93763,,"38548071d5aa652bb90c7f111f86b427f798a1c9"
"stump.f",76,80,"STUMPCOEF","(dib_a(I),I=1,23)",19,".91625","numeric",0.91625,,"38548071d5aa652bb90c7f111f86b427f798a1c9"
"stump.f",76,80,"STUMPCOEF","(dib_a(I),I=1,23)",20,".91882","numeric",0.91882,,"38548071d5aa652bb90c7f111f86b427f798a1c9"
"stump.f",76,80,"STUMPCOEF","(dib_a(I),I=1,23)",21,".92442","numeric",0.92442,,"38548071d5aa652bb90c7f111f86b427f798a1c9"
"stump.f",76,80,"STUMPCOEF","(dib_a(I),I=1,23)",22,".92736","numeric",0.92736,,"38548071d5aa652bb90c7f111f86b427f798a1c9"
"stump.f",76,80,"STUMPCOEF","(dib_a(I),I=1,23)",23,".93257","numeric",0.93257,,"38548071d5aa652bb90c7f111f86b427f798a1c9"
"stump.f",81,85,"STUMPCOEF","(dib_b(I),I=1,23)",1,".11182","numeric",0.11182,,"38548071d5aa652bb90c7f111f86b427f798a1c9"
"stump.f",81,85,"STUMPCOEF","(dib_b(I),I=1,23)",2,".08469","numeric",0.08469,,"38548071d5aa652bb90c7f111f86b427f798a1c9"
"stump.f",81,85,"STUMPCOEF","(dib_b(I),I=1,23)",3,".07926","numeric",0.07926,,"38548071d5aa652bb90c7f111f86b427f798a1c9"
"stump.f",81,85,"STUMPCOEF","(dib_b(I),I=1,23)",4,".13722","numeric",0.13722,,"38548071d5aa652bb90c7f111f86b427f798a1c9"
"stump.f",81,85,"STUMPCOEF","(dib_b(I),I=1,23)",5,".15664","numeric",0.15664,,"38548071d5aa652bb90c7f111f86b427f798a1c9"
"stump.f",81,85,"STUMPCOEF","(dib_b(I),I=1,23)",6,".11781","numeric",0.11781,,"38548071d5aa652bb90c7f111f86b427f798a1c9"
"stump.f",81,85,"STUMPCOEF","(dib_b(I),I=1,23)",7,".14553","numeric",0.14553,,"38548071d5aa652bb90c7f111f86b427f798a1c9"
"stump.f",81,85,"STUMPCOEF","(dib_b(I),I=1,23)",8,".11975","numeric",0.11975,,"38548071d5aa652bb90c7f111f86b427f798a1c9"
"stump.f",81,85,"STUMPCOEF","(dib_b(I),I=1,23)",9,".18702","numeric",0.18702,,"38548071d5aa652bb90c7f111f86b427f798a1c9"
"stump.f",81,85,"STUMPCOEF","(dib_b(I),I=1,23)",10,".14907","numeric",0.14907,,"38548071d5aa652bb90c7f111f86b427f798a1c9"
"stump.f",81,85,"STUMPCOEF","(dib_b(I),I=1,23)",11,".12506","numeric",0.12506,,"38548071d5aa652bb90c7f111f86b427f798a1c9"
"stump.f",81,85,"STUMPCOEF","(dib_b(I),I=1,23)",12,".14082","numeric",0.14082,,"38548071d5aa652bb90c7f111f86b427f798a1c9"
"stump.f",81,85,"STUMPCOEF","(dib_b(I),I=1,23)",13,".14335","numeric",0.14335,,"38548071d5aa652bb90c7f111f86b427f798a1c9"
"stump.f",81,85,"STUMPCOEF","(dib_b(I),I=1,23)",14,".11424","numeric",0.11424,,"38548071d5aa652bb90c7f111f86b427f798a1c9"
"stump.f",81,85,"STUMPCOEF","(dib_b(I),I=1,23)",15,".10740","numeric",0.1074,,"38548071d5aa652bb90c7f111f86b427f798a1c9"
"stump.f",81,85,"STUMPCOEF","(dib_b(I),I=1,23)",16,".12152","numeric",0.12152,,"38548071d5aa652bb90c7f111f86b427f798a1c9"
"stump.f",81,85,"STUMPCOEF","(dib_b(I),I=1,23)",17,".17071","numeric",0.17071,,"38548071d5aa652bb90c7f111f86b427f798a1c9"
"stump.f",81,85,"STUMPCOEF","(dib_b(I),I=1,23)",18,".10640","numeric",0.1064,,"38548071d5aa652bb90c7f111f86b427f798a1c9"
"stump.f",81,85,"STUMPCOEF","(dib_b(I),I=1,23)",19,".06478","numeric",0.06478,,"38548071d5aa652bb90c7f111f86b427f798a1c9"
"stump.f",81,85,"STUMPCOEF","(dib_b(I),I=1,23)",20,".08593","numeric",0.08593,,"38548071d5aa652bb90c7f111f86b427f798a1c9"
"stump.f",81,85,"STUMPCOEF","(dib_b(I),I=1,23)",21,".14240","numeric",0.1424,,"38548071d5aa652bb90c7f111f86b427f798a1c9"
"stump.f",81,85,"STUMPCOEF","(dib_b(I),I=1,23)",22,".17626","numeric",0.17626,,"38548071d5aa652bb90c7f111f86b427f798a1c9"
"stump.f",81,85,"STUMPCOEF","(dib_b(I),I=1,23)",23,".15803","numeric",0.15803,,"38548071d5aa652bb90c7f111f86b427f798a1c9"
