voleq,position1_family_code,forest_or_geoarea,model_mnemonic,species_code,family,profile_based,dispatch_routine,source,notes
100FW2W202,1,00,FW2W,202,flewelling_2pt,TRUE,"SF_DS (profile.f TAPERMODEL, VOLEQ(4:4)=F)",voleqdef.f:200,Literal default-equation / species-validity string in voleqdef.f.
100JB2W017,1,00,JB2W,017,r1_taper,TRUE,R1TAP (r1tap.f:3),voleqdef.f:201,Literal default-equation / species-validity string in voleqdef.f.
100JB2W019,1,00,JB2W,019,r1_taper,TRUE,R1TAP (r1tap.f:3),voleqdef.f:207,Literal default-equation / species-validity string in voleqdef.f.
100JB2W073,1,00,JB2W,073,r1_taper,TRUE,R1TAP (r1tap.f:3),voleqdef.f:204,Literal default-equation / species-validity string in voleqdef.f.
100JB2W108,1,00,JB2W,108,r1_taper,TRUE,R1TAP (r1tap.f:3),voleqdef.f:201,Literal default-equation / species-validity string in voleqdef.f.
100JB2W122,1,00,JB2W,122,r1_taper,TRUE,R1TAP (r1tap.f:3),voleqdef.f:202,Literal default-equation / species-validity string in voleqdef.f.
100JB2W202,1,00,JB2W,202,r1_taper,TRUE,R1TAP (r1tap.f:3),voleqdef.f:200,Literal default-equation / species-validity string in voleqdef.f.
101DVEW017,1,01,DVEW,017,direct_volume,FALSE,"R1KEMP (r1kemp.f:2) or R1ALLENB/R1ALLENC (r1allen.f:4,203), by VOLEQ(2:3)",voleqdef.f:201,Direct Volume Estimator; DVEST (dvest.f) dispatches purely on VOLEQ(1:1) to a region-specific combined-variable equation. Literal default-equation / species-validity string in voleqdef.f.
101DVEW019,1,01,DVEW,019,direct_volume,FALSE,"R1KEMP (r1kemp.f:2) or R1ALLENB/R1ALLENC (r1allen.f:4,203), by VOLEQ(2:3)",voleqdef.f:204,Direct Volume Estimator; DVEST (dvest.f) dispatches purely on VOLEQ(1:1) to a region-specific combined-variable equation. Literal default-equation / species-validity string in voleqdef.f.
101DVEW060,1,01,DVEW,060,direct_volume,FALSE,"R1KEMP (r1kemp.f:2) or R1ALLENB/R1ALLENC (r1allen.f:4,203), by VOLEQ(2:3)",voleqdef.f:201,Direct Volume Estimator; DVEST (dvest.f) dispatches purely on VOLEQ(1:1) to a region-specific combined-variable equation. Literal default-equation / species-validity string in voleqdef.f.
101DVEW073,1,01,DVEW,073,direct_volume,FALSE,"R1KEMP (r1kemp.f:2) or R1ALLENB/R1ALLENC (r1allen.f:4,203), by VOLEQ(2:3)",voleqdef.f:204,Direct Volume Estimator; DVEST (dvest.f) dispatches purely on VOLEQ(1:1) to a region-specific combined-variable equation. Literal default-equation / species-validity string in voleqdef.f.
101DVEW090,1,01,DVEW,090,direct_volume,FALSE,"R1KEMP (r1kemp.f:2) or R1ALLENB/R1ALLENC (r1allen.f:4,203), by VOLEQ(2:3)",voleqdef.f:208,Direct Volume Estimator; DVEST (dvest.f) dispatches purely on VOLEQ(1:1) to a region-specific combined-variable equation. Literal default-equation / species-validity string in voleqdef.f.
101DVEW108,1,01,DVEW,108,direct_volume,FALSE,"R1KEMP (r1kemp.f:2) or R1ALLENB/R1ALLENC (r1allen.f:4,203), by VOLEQ(2:3)",voleqdef.f:200,Direct Volume Estimator; DVEST (dvest.f) dispatches purely on VOLEQ(1:1) to a region-specific combined-variable equation. Literal default-equation / species-validity string in voleqdef.f.
101DVEW119,1,01,DVEW,119,direct_volume,FALSE,"R1KEMP (r1kemp.f:2) or R1ALLENB/R1ALLENC (r1allen.f:4,203), by VOLEQ(2:3)",voleqdef.f:207,Direct Volume Estimator; DVEST (dvest.f) dispatches purely on VOLEQ(1:1) to a region-specific combined-variable equation. Literal default-equation / species-validity string in voleqdef.f.
101DVEW122,1,01,DVEW,122,direct_volume,FALSE,"R1KEMP (r1kemp.f:2) or R1ALLENB/R1ALLENC (r1allen.f:4,203), by VOLEQ(2:3)",voleqdef.f:203,Direct Volume Estimator; DVEST (dvest.f) dispatches purely on VOLEQ(1:1) to a region-specific combined-variable equation. Literal default-equation / species-validity string in voleqdef.f.
101DVEW202,1,01,DVEW,202,direct_volume,FALSE,"R1KEMP (r1kemp.f:2) or R1ALLENB/R1ALLENC (r1allen.f:4,203), by VOLEQ(2:3)",voleqdef.f:200,Direct Volume Estimator; DVEST (dvest.f) dispatches purely on VOLEQ(1:1) to a region-specific combined-variable equation. Literal default-equation / species-validity string in voleqdef.f.
101DVEW240,1,01,DVEW,240,direct_volume,FALSE,"R1KEMP (r1kemp.f:2) or R1ALLENB/R1ALLENC (r1allen.f:4,203), by VOLEQ(2:3)",voleqdef.f:206,Direct Volume Estimator; DVEST (dvest.f) dispatches purely on VOLEQ(1:1) to a region-specific combined-variable equation. Literal default-equation / species-validity string in voleqdef.f.
101DVEW260,1,01,DVEW,260,direct_volume,FALSE,"R1KEMP (r1kemp.f:2) or R1ALLENB/R1ALLENC (r1allen.f:4,203), by VOLEQ(2:3)",voleqdef.f:205,Direct Volume Estimator; DVEST (dvest.f) dispatches purely on VOLEQ(1:1) to a region-specific combined-variable equation. Literal default-equation / species-validity string in voleqdef.f.
101DVEW375,1,01,DVEW,375,direct_volume,FALSE,"R1KEMP (r1kemp.f:2) or R1ALLENB/R1ALLENC (r1allen.f:4,203), by VOLEQ(2:3)",voleqdef.f:197,Direct Volume Estimator; DVEST (dvest.f) dispatches purely on VOLEQ(1:1) to a region-specific combined-variable equation. Literal default-equation / species-validity string in voleqdef.f.
101DVEW740,1,01,DVEW,740,direct_volume,FALSE,"R1KEMP (r1kemp.f:2) or R1ALLENB/R1ALLENC (r1allen.f:4,203), by VOLEQ(2:3)",voleqdef.f:197,Direct Volume Estimator; DVEST (dvest.f) dispatches purely on VOLEQ(1:1) to a region-specific combined-variable equation. Literal default-equation / species-validity string in voleqdef.f.
101DVEW999,1,01,DVEW,999,direct_volume,FALSE,"R1KEMP (r1kemp.f:2) or R1ALLENB/R1ALLENC (r1allen.f:4,203), by VOLEQ(2:3)",voleqdef.f:204,Direct Volume Estimator; DVEST (dvest.f) dispatches purely on VOLEQ(1:1) to a region-specific combined-variable equation. Literal default-equation / species-validity string in voleqdef.f.
102DVEW017,1,02,DVEW,017,direct_volume,FALSE,"R1KEMP (r1kemp.f:2) or R1ALLENB/R1ALLENC (r1allen.f:4,203), by VOLEQ(2:3)",voleqdef.f:192,Direct Volume Estimator; DVEST (dvest.f) dispatches purely on VOLEQ(1:1) to a region-specific combined-variable equation. Literal default-equation / species-validity string in voleqdef.f.
102DVEW019,1,02,DVEW,019,direct_volume,FALSE,"R1KEMP (r1kemp.f:2) or R1ALLENB/R1ALLENC (r1allen.f:4,203), by VOLEQ(2:3)",voleqdef.f:203,Direct Volume Estimator; DVEST (dvest.f) dispatches purely on VOLEQ(1:1) to a region-specific combined-variable equation. Literal default-equation / species-validity string in voleqdef.f.
102DVEW060,1,02,DVEW,060,direct_volume,FALSE,"R1KEMP (r1kemp.f:2) or R1ALLENB/R1ALLENC (r1allen.f:4,203), by VOLEQ(2:3)",voleqdef.f:192,Direct Volume Estimator; DVEST (dvest.f) dispatches purely on VOLEQ(1:1) to a region-specific combined-variable equation. Literal default-equation / species-validity string in voleqdef.f.
102DVEW070,1,02,DVEW,070,direct_volume,FALSE,"R1KEMP (r1kemp.f:2) or R1ALLENB/R1ALLENC (r1allen.f:4,203), by VOLEQ(2:3)",voleqdef.f:206,Direct Volume Estimator; DVEST (dvest.f) dispatches purely on VOLEQ(1:1) to a region-specific combined-variable equation. Literal default-equation / species-validity string in voleqdef.f.
102DVEW073,1,02,DVEW,073,direct_volume,FALSE,"R1KEMP (r1kemp.f:2) or R1ALLENB/R1ALLENC (r1allen.f:4,203), by VOLEQ(2:3)",voleqdef.f:204,Direct Volume Estimator; DVEST (dvest.f) dispatches purely on VOLEQ(1:1) to a region-specific combined-variable equation. Literal default-equation / species-validity string in voleqdef.f.
102DVEW090,1,02,DVEW,090,direct_volume,FALSE,"R1KEMP (r1kemp.f:2) or R1ALLENB/R1ALLENC (r1allen.f:4,203), by VOLEQ(2:3)",voleqdef.f:193,Direct Volume Estimator; DVEST (dvest.f) dispatches purely on VOLEQ(1:1) to a region-specific combined-variable equation. Literal default-equation / species-validity string in voleqdef.f.
102DVEW101,1,02,DVEW,101,direct_volume,FALSE,"R1KEMP (r1kemp.f:2) or R1ALLENB/R1ALLENC (r1allen.f:4,203), by VOLEQ(2:3)",voleqdef.f:205,Direct Volume Estimator; DVEST (dvest.f) dispatches purely on VOLEQ(1:1) to a region-specific combined-variable equation. Literal default-equation / species-validity string in voleqdef.f.
102DVEW106,1,02,DVEW,106,direct_volume,FALSE,"R1KEMP (r1kemp.f:2) or R1ALLENB/R1ALLENC (r1allen.f:4,203), by VOLEQ(2:3)",voleqdef.f:193,Direct Volume Estimator; DVEST (dvest.f) dispatches purely on VOLEQ(1:1) to a region-specific combined-variable equation. Literal default-equation / species-validity string in voleqdef.f.
102DVEW108,1,02,DVEW,108,direct_volume,FALSE,"R1KEMP (r1kemp.f:2) or R1ALLENB/R1ALLENC (r1allen.f:4,203), by VOLEQ(2:3)",voleqdef.f:194,Direct Volume Estimator; DVEST (dvest.f) dispatches purely on VOLEQ(1:1) to a region-specific combined-variable equation. Literal default-equation / species-validity string in voleqdef.f.
102DVEW119,1,02,DVEW,119,direct_volume,FALSE,"R1KEMP (r1kemp.f:2) or R1ALLENB/R1ALLENC (r1allen.f:4,203), by VOLEQ(2:3)",voleqdef.f:207,Direct Volume Estimator; DVEST (dvest.f) dispatches purely on VOLEQ(1:1) to a region-specific combined-variable equation. Literal default-equation / species-validity string in voleqdef.f.
102DVEW122,1,02,DVEW,122,direct_volume,FALSE,"R1KEMP (r1kemp.f:2) or R1ALLENB/R1ALLENC (r1allen.f:4,203), by VOLEQ(2:3)",voleqdef.f:203,Direct Volume Estimator; DVEST (dvest.f) dispatches purely on VOLEQ(1:1) to a region-specific combined-variable equation. Literal default-equation / species-validity string in voleqdef.f.
102DVEW202,1,02,DVEW,202,direct_volume,FALSE,"R1KEMP (r1kemp.f:2) or R1ALLENB/R1ALLENC (r1allen.f:4,203), by VOLEQ(2:3)",voleqdef.f:200,Direct Volume Estimator; DVEST (dvest.f) dispatches purely on VOLEQ(1:1) to a region-specific combined-variable equation. Literal default-equation / species-validity string in voleqdef.f.
102DVEW240,1,02,DVEW,240,direct_volume,FALSE,"R1KEMP (r1kemp.f:2) or R1ALLENB/R1ALLENC (r1allen.f:4,203), by VOLEQ(2:3)",voleqdef.f:207,Direct Volume Estimator; DVEST (dvest.f) dispatches purely on VOLEQ(1:1) to a region-specific combined-variable equation. Literal default-equation / species-validity string in voleqdef.f.
102DVEW260,1,02,DVEW,260,direct_volume,FALSE,"R1KEMP (r1kemp.f:2) or R1ALLENB/R1ALLENC (r1allen.f:4,203), by VOLEQ(2:3)",voleqdef.f:202,Direct Volume Estimator; DVEST (dvest.f) dispatches purely on VOLEQ(1:1) to a region-specific combined-variable equation. Literal default-equation / species-validity string in voleqdef.f.
102DVEW740,1,02,DVEW,740,direct_volume,FALSE,"R1KEMP (r1kemp.f:2) or R1ALLENB/R1ALLENC (r1allen.f:4,203), by VOLEQ(2:3)",voleqdef.f:198,Direct Volume Estimator; DVEST (dvest.f) dispatches purely on VOLEQ(1:1) to a region-specific combined-variable equation. Literal default-equation / species-validity string in voleqdef.f.
102DVEW746,1,02,DVEW,746,direct_volume,FALSE,"R1KEMP (r1kemp.f:2) or R1ALLENB/R1ALLENC (r1allen.f:4,203), by VOLEQ(2:3)",voleqdef.f:198,Direct Volume Estimator; DVEST (dvest.f) dispatches purely on VOLEQ(1:1) to a region-specific combined-variable equation. Literal default-equation / species-validity string in voleqdef.f.
103DVEW108,1,03,DVEW,108,direct_volume,FALSE,"R1KEMP (r1kemp.f:2) or R1ALLENB/R1ALLENC (r1allen.f:4,203), by VOLEQ(2:3)",voleqdef.f:202,Direct Volume Estimator; DVEST (dvest.f) dispatches purely on VOLEQ(1:1) to a region-specific combined-variable equation. Literal default-equation / species-validity string in voleqdef.f.
103DVEW122,1,03,DVEW,122,direct_volume,FALSE,"R1KEMP (r1kemp.f:2) or R1ALLENB/R1ALLENC (r1allen.f:4,203), by VOLEQ(2:3)",voleqdef.f:207,Direct Volume Estimator; DVEST (dvest.f) dispatches purely on VOLEQ(1:1) to a region-specific combined-variable equation. Literal default-equation / species-validity string in voleqdef.f.
103DVEW202,1,03,DVEW,202,direct_volume,FALSE,"R1KEMP (r1kemp.f:2) or R1ALLENB/R1ALLENC (r1allen.f:4,203), by VOLEQ(2:3)",voleqdef.f:201,Direct Volume Estimator; DVEST (dvest.f) dispatches purely on VOLEQ(1:1) to a region-specific combined-variable equation. Literal default-equation / species-validity string in voleqdef.f.
104DVEW108,1,04,DVEW,108,direct_volume,FALSE,"R1KEMP (r1kemp.f:2) or R1ALLENB/R1ALLENC (r1allen.f:4,203), by VOLEQ(2:3)",voleqdef.f:202,Direct Volume Estimator; DVEST (dvest.f) dispatches purely on VOLEQ(1:1) to a region-specific combined-variable equation. Literal default-equation / species-validity string in voleqdef.f.
104DVEW122,1,04,DVEW,122,direct_volume,FALSE,"R1KEMP (r1kemp.f:2) or R1ALLENB/R1ALLENC (r1allen.f:4,203), by VOLEQ(2:3)",voleqdef.f:202,Direct Volume Estimator; DVEST (dvest.f) dispatches purely on VOLEQ(1:1) to a region-specific combined-variable equation. Literal default-equation / species-validity string in voleqdef.f.
105DVEW122,1,05,DVEW,122,direct_volume,FALSE,"R1KEMP (r1kemp.f:2) or R1ALLENB/R1ALLENC (r1allen.f:4,203), by VOLEQ(2:3)",voleqdef.f:203,Direct Volume Estimator; DVEST (dvest.f) dispatches purely on VOLEQ(1:1) to a region-specific combined-variable equation. Literal default-equation / species-validity string in voleqdef.f.
106DVEW122,1,06,DVEW,122,direct_volume,FALSE,"R1KEMP (r1kemp.f:2) or R1ALLENB/R1ALLENC (r1allen.f:4,203), by VOLEQ(2:3)",voleqdef.f:203,Direct Volume Estimator; DVEST (dvest.f) dispatches purely on VOLEQ(1:1) to a region-specific combined-variable equation. Literal default-equation / species-validity string in voleqdef.f.
200CZ2W015,2,00,CZ2W,015,r2_taper,TRUE,"R2TAP (r2tap.f:2), Max & Burkhart or Czaplewski 2pt",voleqdef.f:343,Literal default-equation / species-validity string in voleqdef.f.
200CZ2W019,2,00,CZ2W,019,r2_taper,TRUE,"R2TAP (r2tap.f:2), Max & Burkhart or Czaplewski 2pt",voleqdef.f:342,Literal default-equation / species-validity string in voleqdef.f.
200CZ2W093,2,00,CZ2W,093,r2_taper,TRUE,"R2TAP (r2tap.f:2), Max & Burkhart or Czaplewski 2pt",voleqdef.f:339,Literal default-equation / species-validity string in voleqdef.f.
200CZ2W108,2,00,CZ2W,108,r2_taper,TRUE,"R2TAP (r2tap.f:2), Max & Burkhart or Czaplewski 2pt",voleqdef.f:340,Literal default-equation / species-validity string in voleqdef.f.
200CZ2W122,2,00,CZ2W,122,r2_taper,TRUE,"R2TAP (r2tap.f:2), Max & Burkhart or Czaplewski 2pt",voleqdef.f:341,Literal default-equation / species-validity string in voleqdef.f.
200CZ2W202,2,00,CZ2W,202,r2_taper,TRUE,"R2TAP (r2tap.f:2), Max & Burkhart or Czaplewski 2pt",voleqdef.f:339,Literal default-equation / species-validity string in voleqdef.f.
200CZ2W746,2,00,CZ2W,746,r2_taper,TRUE,"R2TAP (r2tap.f:2), Max & Burkhart or Czaplewski 2pt",voleqdef.f:342,Literal default-equation / species-validity string in voleqdef.f.
200CZ3W015,2,00,CZ3W,015,r2_taper,TRUE,"R2TAP (r2tap.f:2), Czaplewski 3pt",voleqdef.f:344,Literal default-equation / species-validity string in voleqdef.f.
200CZ3W019,2,00,CZ3W,019,r2_taper,TRUE,"R2TAP (r2tap.f:2), Czaplewski 3pt",voleqdef.f:344,Literal default-equation / species-validity string in voleqdef.f.
200CZ3W093,2,00,CZ3W,093,r2_taper,TRUE,"R2TAP (r2tap.f:2), Czaplewski 3pt",voleqdef.f:343,Literal default-equation / species-validity string in voleqdef.f.
200CZ3W108,2,00,CZ3W,108,r2_taper,TRUE,"R2TAP (r2tap.f:2), Czaplewski 3pt",voleqdef.f:343,Literal default-equation / species-validity string in voleqdef.f.
200CZ3W122,2,00,CZ3W,122,r2_taper,TRUE,"R2TAP (r2tap.f:2), Czaplewski 3pt",voleqdef.f:344,Literal default-equation / species-validity string in voleqdef.f.
200CZ3W202,2,00,CZ3W,202,r2_taper,TRUE,"R2TAP (r2tap.f:2), Czaplewski 3pt",voleqdef.f:343,Literal default-equation / species-validity string in voleqdef.f.
200CZ3W746,2,00,CZ3W,746,r2_taper,TRUE,"R2TAP (r2tap.f:2), Czaplewski 3pt",voleqdef.f:344,Literal default-equation / species-validity string in voleqdef.f.
200DVEW015,2,00,DVEW,015,direct_volume,FALSE,R2OLDV (r2oldv.f:2),voleqdef.f:343,Direct Volume Estimator; DVEST (dvest.f) dispatches purely on VOLEQ(1:1) to a region-specific combined-variable equation. Literal default-equation / species-validity string in voleqdef.f.
200DVEW065,2,00,DVEW,065,direct_volume,FALSE,R2OLDV (r2oldv.f:2),voleqdef.f:331,Direct Volume Estimator; DVEST (dvest.f) dispatches purely on VOLEQ(1:1) to a region-specific combined-variable equation. Literal default-equation / species-validity string in voleqdef.f.
200DVEW066,2,00,DVEW,066,direct_volume,FALSE,R2OLDV (r2oldv.f:2),voleqdef.f:331,Direct Volume Estimator; DVEST (dvest.f) dispatches purely on VOLEQ(1:1) to a region-specific combined-variable equation. Literal default-equation / species-validity string in voleqdef.f.
200DVEW069,2,00,DVEW,069,direct_volume,FALSE,R2OLDV (r2oldv.f:2),voleqdef.f:331,Direct Volume Estimator; DVEST (dvest.f) dispatches purely on VOLEQ(1:1) to a region-specific combined-variable equation. Literal default-equation / species-validity string in voleqdef.f.
200DVEW093,2,00,DVEW,093,direct_volume,FALSE,R2OLDV (r2oldv.f:2),voleqdef.f:339,Direct Volume Estimator; DVEST (dvest.f) dispatches purely on VOLEQ(1:1) to a region-specific combined-variable equation. Literal default-equation / species-validity string in voleqdef.f.
200DVEW106,2,00,DVEW,106,direct_volume,FALSE,R2OLDV (r2oldv.f:2),voleqdef.f:333,Direct Volume Estimator; DVEST (dvest.f) dispatches purely on VOLEQ(1:1) to a region-specific combined-variable equation. Literal default-equation / species-validity string in voleqdef.f.
200DVEW108,2,00,DVEW,108,direct_volume,FALSE,R2OLDV (r2oldv.f:2),voleqdef.f:340,Direct Volume Estimator; DVEST (dvest.f) dispatches purely on VOLEQ(1:1) to a region-specific combined-variable equation. Literal default-equation / species-validity string in voleqdef.f.
200DVEW122,2,00,DVEW,122,direct_volume,FALSE,R2OLDV (r2oldv.f:2),voleqdef.f:341,Direct Volume Estimator; DVEST (dvest.f) dispatches purely on VOLEQ(1:1) to a region-specific combined-variable equation. Literal default-equation / species-validity string in voleqdef.f.
200DVEW475,2,00,DVEW,475,direct_volume,FALSE,R2OLDV (r2oldv.f:2),voleqdef.f:336,Direct Volume Estimator; DVEST (dvest.f) dispatches purely on VOLEQ(1:1) to a region-specific combined-variable equation. Literal default-equation / species-validity string in voleqdef.f.
200DVEW746,2,00,DVEW,746,direct_volume,FALSE,R2OLDV (r2oldv.f:2),voleqdef.f:197,Direct Volume Estimator; DVEST (dvest.f) dispatches purely on VOLEQ(1:1) to a region-specific combined-variable equation. Literal default-equation / species-validity string in voleqdef.f.
200DVEW814,2,00,DVEW,814,direct_volume,FALSE,R2OLDV (r2oldv.f:2),voleqdef.f:337,Direct Volume Estimator; DVEST (dvest.f) dispatches purely on VOLEQ(1:1) to a region-specific combined-variable equation. Literal default-equation / species-validity string in voleqdef.f.
200DVEW823,2,00,DVEW,823,direct_volume,FALSE,R2OLDV (r2oldv.f:2),voleqdef.f:337,Direct Volume Estimator; DVEST (dvest.f) dispatches purely on VOLEQ(1:1) to a region-specific combined-variable equation. Literal default-equation / species-validity string in voleqdef.f.
200DVEW998,2,00,DVEW,998,direct_volume,FALSE,R2OLDV (r2oldv.f:2),voleqdef.f:338,Direct Volume Estimator; DVEST (dvest.f) dispatches purely on VOLEQ(1:1) to a region-specific combined-variable equation. Literal default-equation / species-validity string in voleqdef.f.
200FW2W015,2,00,FW2W,015,flewelling_2pt,TRUE,"SF_DS (profile.f TAPERMODEL, VOLEQ(4:4)=F)",voleqdef.f:330,Literal default-equation / species-validity string in voleqdef.f.
200FW2W108,2,00,FW2W,108,flewelling_2pt,TRUE,"SF_DS (profile.f TAPERMODEL, VOLEQ(4:4)=F)",voleqdef.f:333,Literal default-equation / species-validity string in voleqdef.f.
200FW2W122,2,00,FW2W,122,flewelling_2pt,TRUE,"SF_DS (profile.f TAPERMODEL, VOLEQ(4:4)=F)",voleqdef.f:332,Literal default-equation / species-validity string in voleqdef.f.
200FW2W202,2,00,FW2W,202,flewelling_2pt,TRUE,"SF_DS (profile.f TAPERMODEL, VOLEQ(4:4)=F)",voleqdef.f:335,Literal default-equation / species-validity string in voleqdef.f.
200FW2W746,2,00,FW2W,746,flewelling_2pt,TRUE,"SF_DS (profile.f TAPERMODEL, VOLEQ(4:4)=F)",voleqdef.f:336,Literal default-equation / species-validity string in voleqdef.f.
202FW2W108,2,02,FW2W,108,flewelling_2pt,TRUE,"SF_DS (profile.f TAPERMODEL, VOLEQ(4:4)=F)",voleqdef.f:338,Literal default-equation / species-validity string in voleqdef.f.
203CZ2W122,2,03,CZ2W,122,r2_taper,TRUE,"R2TAP (r2tap.f:2), Max & Burkhart or Czaplewski 2pt",voleqdef.f:341,Literal default-equation / species-validity string in voleqdef.f.
203CZ3W122,2,03,CZ3W,122,r2_taper,TRUE,"R2TAP (r2tap.f:2), Czaplewski 3pt",voleqdef.f:344,Literal default-equation / species-validity string in voleqdef.f.
203DVEW122,2,03,DVEW,122,direct_volume,FALSE,R2OLDV (r2oldv.f:2),voleqdef.f:341,Direct Volume Estimator; DVEST (dvest.f) dispatches purely on VOLEQ(1:1) to a region-specific combined-variable equation. Literal default-equation / species-validity string in voleqdef.f.
203FW2W122,2,03,FW2W,122,flewelling_2pt,TRUE,"SF_DS (profile.f TAPERMODEL, VOLEQ(4:4)=F)",voleqdef.f:199,Literal default-equation / species-validity string in voleqdef.f.
210DVEW093,2,10,DVEW,093,direct_volume,FALSE,R2OLDV (r2oldv.f:2),voleqdef.f:339,Direct Volume Estimator; DVEST (dvest.f) dispatches purely on VOLEQ(1:1) to a region-specific combined-variable equation. Literal default-equation / species-validity string in voleqdef.f.
210DVEW108,2,10,DVEW,108,direct_volume,FALSE,R2OLDV (r2oldv.f:2),voleqdef.f:340,Direct Volume Estimator; DVEST (dvest.f) dispatches purely on VOLEQ(1:1) to a region-specific combined-variable equation. Literal default-equation / species-validity string in voleqdef.f.
210DVEW122,2,10,DVEW,122,direct_volume,FALSE,R2OLDV (r2oldv.f:2),voleqdef.f:341,Direct Volume Estimator; DVEST (dvest.f) dispatches purely on VOLEQ(1:1) to a region-specific combined-variable equation. Literal default-equation / species-validity string in voleqdef.f.
210DVEW746,2,10,DVEW,746,direct_volume,FALSE,R2OLDV (r2oldv.f:2),voleqdef.f:342,Direct Volume Estimator; DVEST (dvest.f) dispatches purely on VOLEQ(1:1) to a region-specific combined-variable equation. Literal default-equation / species-validity string in voleqdef.f.
212DVEW122,2,12,DVEW,122,direct_volume,FALSE,R2OLDV (r2oldv.f:2),voleqdef.f:340,Direct Volume Estimator; DVEST (dvest.f) dispatches purely on VOLEQ(1:1) to a region-specific combined-variable equation. Literal default-equation / species-validity string in voleqdef.f.
213DVEW122,2,13,DVEW,122,direct_volume,FALSE,R2OLDV (r2oldv.f:2),voleqdef.f:340,Direct Volume Estimator; DVEST (dvest.f) dispatches purely on VOLEQ(1:1) to a region-specific combined-variable equation. Literal default-equation / species-validity string in voleqdef.f.
213FW2W122,2,13,FW2W,122,flewelling_2pt,TRUE,"SF_DS (profile.f TAPERMODEL, VOLEQ(4:4)=F)",voleqdef.f:338,Literal default-equation / species-validity string in voleqdef.f.
300DVEW060,3,00,DVEW,060,direct_volume,FALSE,R3D2HV (r3d2hv.f:2),voleqdef.f:330,Direct Volume Estimator; DVEST (dvest.f) dispatches purely on VOLEQ(1:1) to a region-specific combined-variable equation. Literal default-equation / species-validity string in voleqdef.f.
300DVEW093,3,00,DVEW,093,direct_volume,FALSE,R3D2HV (r3d2hv.f:2),voleqdef.f:437,Direct Volume Estimator; DVEST (dvest.f) dispatches purely on VOLEQ(1:1) to a region-specific combined-variable equation. Literal default-equation / species-validity string in voleqdef.f.
300DVEW106,3,00,DVEW,106,direct_volume,FALSE,R3D2HV (r3d2hv.f:2),voleqdef.f:334,Direct Volume Estimator; DVEST (dvest.f) dispatches purely on VOLEQ(1:1) to a region-specific combined-variable equation. Literal default-equation / species-validity string in voleqdef.f.
300DVEW113,3,00,DVEW,113,direct_volume,FALSE,R3D2HV (r3d2hv.f:2),voleqdef.f:440,Direct Volume Estimator; DVEST (dvest.f) dispatches purely on VOLEQ(1:1) to a region-specific combined-variable equation. Literal default-equation / species-validity string in voleqdef.f.
300DVEW122,3,00,DVEW,122,direct_volume,FALSE,R3D2HV (r3d2hv.f:2),voleqdef.f:441,Direct Volume Estimator; DVEST (dvest.f) dispatches purely on VOLEQ(1:1) to a region-specific combined-variable equation. Literal default-equation / species-validity string in voleqdef.f.
300DVEW310,3,00,DVEW,310,direct_volume,FALSE,R3D2HV (r3d2hv.f:2),voleqdef.f:443,Direct Volume Estimator; DVEST (dvest.f) dispatches purely on VOLEQ(1:1) to a region-specific combined-variable equation. Literal default-equation / species-validity string in voleqdef.f.
300DVEW314,3,00,DVEW,314,direct_volume,FALSE,R3D2HV (r3d2hv.f:2),voleqdef.f:443,Direct Volume Estimator; DVEST (dvest.f) dispatches purely on VOLEQ(1:1) to a region-specific combined-variable equation. Literal default-equation / species-validity string in voleqdef.f.
300DVEW800,3,00,DVEW,800,direct_volume,FALSE,R3D2HV (r3d2hv.f:2),voleqdef.f:337,Direct Volume Estimator; DVEST (dvest.f) dispatches purely on VOLEQ(1:1) to a region-specific combined-variable equation. Literal default-equation / species-validity string in voleqdef.f.
300DVEW999,3,00,DVEW,999,direct_volume,FALSE,R3D2HV (r3d2hv.f:2),voleqdef.f:335,Direct Volume Estimator; DVEST (dvest.f) dispatches purely on VOLEQ(1:1) to a region-specific combined-variable equation. Literal default-equation / species-validity string in voleqdef.f.
300FW2W122,3,00,FW2W,122,flewelling_2pt,TRUE,"SF_DS (profile.f TAPERMODEL, VOLEQ(4:4)=F)",voleqdef.f:441,Literal default-equation / species-validity string in voleqdef.f.
300FW2W202,3,00,FW2W,202,flewelling_2pt,TRUE,"SF_DS (profile.f TAPERMODEL, VOLEQ(4:4)=F)",voleqdef.f:442,Literal default-equation / species-validity string in voleqdef.f.
301DVEW015,3,01,DVEW,015,direct_volume,FALSE,R3D2HV (r3d2hv.f:2),voleqdef.f:439,Direct Volume Estimator; DVEST (dvest.f) dispatches purely on VOLEQ(1:1) to a region-specific combined-variable equation. Literal default-equation / species-validity string in voleqdef.f.
301DVEW202,3,01,DVEW,202,direct_volume,FALSE,R3D2HV (r3d2hv.f:2),voleqdef.f:440,Direct Volume Estimator; DVEST (dvest.f) dispatches purely on VOLEQ(1:1) to a region-specific combined-variable equation. Literal default-equation / species-validity string in voleqdef.f.
301FW2W015,3,01,FW2W,015,flewelling_2pt,TRUE,"SF_DS (profile.f TAPERMODEL, VOLEQ(4:4)=F)",voleqdef.f:447,Literal default-equation / species-validity string in voleqdef.f.
301FW2W108,3,01,FW2W,108,flewelling_2pt,TRUE,"SF_DS (profile.f TAPERMODEL, VOLEQ(4:4)=F)",voleqdef.f:447,Literal default-equation / species-validity string in voleqdef.f.
301FW2W122,3,01,FW2W,122,flewelling_2pt,TRUE,"SF_DS (profile.f TAPERMODEL, VOLEQ(4:4)=F)",voleqdef.f:446,Literal default-equation / species-validity string in voleqdef.f.
301FW2W202,3,01,FW2W,202,flewelling_2pt,TRUE,"SF_DS (profile.f TAPERMODEL, VOLEQ(4:4)=F)",voleqdef.f:446,Literal default-equation / species-validity string in voleqdef.f.
302DVEW015,3,02,DVEW,015,direct_volume,FALSE,R3D2HV (r3d2hv.f:2),voleqdef.f:446,Direct Volume Estimator; DVEST (dvest.f) dispatches purely on VOLEQ(1:1) to a region-specific combined-variable equation. Literal default-equation / species-validity string in voleqdef.f.
302DVEW202,3,02,DVEW,202,direct_volume,FALSE,R3D2HV (r3d2hv.f:2),voleqdef.f:446,Direct Volume Estimator; DVEST (dvest.f) dispatches purely on VOLEQ(1:1) to a region-specific combined-variable equation. Literal default-equation / species-validity string in voleqdef.f.
400DVEW064,4,00,DVEW,064,direct_volume,FALSE,R4D2H (r4d2h.f:3),voleqdef.f:553,Direct Volume Estimator; DVEST (dvest.f) dispatches purely on VOLEQ(1:1) to a region-specific combined-variable equation. Literal default-equation / species-validity string in voleqdef.f.
400DVEW065,4,00,DVEW,065,direct_volume,FALSE,R4D2H (r4d2h.f:3),voleqdef.f:550,Direct Volume Estimator; DVEST (dvest.f) dispatches purely on VOLEQ(1:1) to a region-specific combined-variable equation. Literal default-equation / species-validity string in voleqdef.f.
400DVEW066,4,00,DVEW,066,direct_volume,FALSE,R4D2H (r4d2h.f:3),voleqdef.f:544,Direct Volume Estimator; DVEST (dvest.f) dispatches purely on VOLEQ(1:1) to a region-specific combined-variable equation. Literal default-equation / species-validity string in voleqdef.f.
400DVEW106,4,00,DVEW,106,direct_volume,FALSE,R4D2H (r4d2h.f:3),voleqdef.f:553,Direct Volume Estimator; DVEST (dvest.f) dispatches purely on VOLEQ(1:1) to a region-specific combined-variable equation. Literal default-equation / species-validity string in voleqdef.f.
400DVEW133,4,00,DVEW,133,direct_volume,FALSE,R4D2H (r4d2h.f:3),voleqdef.f:545,Direct Volume Estimator; DVEST (dvest.f) dispatches purely on VOLEQ(1:1) to a region-specific combined-variable equation. Literal default-equation / species-validity string in voleqdef.f.
400DVEW475,4,00,DVEW,475,direct_volume,FALSE,R4D2H (r4d2h.f:3),voleqdef.f:197,Direct Volume Estimator; DVEST (dvest.f) dispatches purely on VOLEQ(1:1) to a region-specific combined-variable equation. Literal default-equation / species-validity string in voleqdef.f.
400DVEW998,4,00,DVEW,998,direct_volume,FALSE,R4D2H (r4d2h.f:3),voleqdef.f:546,Direct Volume Estimator; DVEST (dvest.f) dispatches purely on VOLEQ(1:1) to a region-specific combined-variable equation. Literal default-equation / species-validity string in voleqdef.f.
400MATW015,4,00,MATW,015,r4_driver,TRUE,"R4MATTAPER (r4vol.f:544), via profile.f TAPERMODEL VOLEQ(4:6)=MAT",voleqdef.f:546,Literal default-equation / species-validity string in voleqdef.f.
400MATW019,4,00,MATW,019,r4_driver,TRUE,"R4MATTAPER (r4vol.f:544), via profile.f TAPERMODEL VOLEQ(4:6)=MAT",voleqdef.f:550,Literal default-equation / species-validity string in voleqdef.f.
400MATW020,4,00,MATW,020,r4_driver,TRUE,"R4MATTAPER (r4vol.f:544), via profile.f TAPERMODEL VOLEQ(4:6)=MAT",voleqdef.f:544,Literal default-equation / species-validity string in voleqdef.f.
400MATW073,4,00,MATW,073,r4_driver,TRUE,"R4MATTAPER (r4vol.f:544), via profile.f TAPERMODEL VOLEQ(4:6)=MAT",voleqdef.f:544,Literal default-equation / species-validity string in voleqdef.f.
400MATW081,4,00,MATW,081,r4_driver,TRUE,"R4MATTAPER (r4vol.f:544), via profile.f TAPERMODEL VOLEQ(4:6)=MAT",voleqdef.f:545,Literal default-equation / species-validity string in voleqdef.f.
400MATW093,4,00,MATW,093,r4_driver,TRUE,"R4MATTAPER (r4vol.f:544), via profile.f TAPERMODEL VOLEQ(4:6)=MAT",voleqdef.f:551,Literal default-equation / species-validity string in voleqdef.f.
400MATW108,4,00,MATW,108,r4_driver,TRUE,"R4MATTAPER (r4vol.f:544), via profile.f TAPERMODEL VOLEQ(4:6)=MAT",voleqdef.f:546,Literal default-equation / species-validity string in voleqdef.f.
400MATW117,4,00,MATW,117,r4_driver,TRUE,"R4MATTAPER (r4vol.f:544), via profile.f TAPERMODEL VOLEQ(4:6)=MAT",voleqdef.f:545,Literal default-equation / species-validity string in voleqdef.f.
400MATW122,4,00,MATW,122,r4_driver,TRUE,"R4MATTAPER (r4vol.f:544), via profile.f TAPERMODEL VOLEQ(4:6)=MAT",voleqdef.f:552,Literal default-equation / species-validity string in voleqdef.f.
400MATW202,4,00,MATW,202,r4_driver,TRUE,"R4MATTAPER (r4vol.f:544), via profile.f TAPERMODEL VOLEQ(4:6)=MAT",voleqdef.f:553,Literal default-equation / species-validity string in voleqdef.f.
400MATW746,4,00,MATW,746,r4_driver,TRUE,"R4MATTAPER (r4vol.f:544), via profile.f TAPERMODEL VOLEQ(4:6)=MAT",voleqdef.f:547,Literal default-equation / species-validity string in voleqdef.f.
401DVEW065,4,01,DVEW,065,direct_volume,FALSE,R4D2H (r4d2h.f:3),voleqdef.f:550,Direct Volume Estimator; DVEST (dvest.f) dispatches purely on VOLEQ(1:1) to a region-specific combined-variable equation. Literal default-equation / species-validity string in voleqdef.f.
401MATW015,4,01,MATW,015,r4_driver,TRUE,"R4MATTAPER (r4vol.f:544), via profile.f TAPERMODEL VOLEQ(4:6)=MAT",voleqdef.f:546,Literal default-equation / species-validity string in voleqdef.f.
401MATW108,4,01,MATW,108,r4_driver,TRUE,"R4MATTAPER (r4vol.f:544), via profile.f TAPERMODEL VOLEQ(4:6)=MAT",voleqdef.f:551,Literal default-equation / species-validity string in voleqdef.f.
401MATW122,4,01,MATW,122,r4_driver,TRUE,"R4MATTAPER (r4vol.f:544), via profile.f TAPERMODEL VOLEQ(4:6)=MAT",voleqdef.f:552,Literal default-equation / species-validity string in voleqdef.f.
401MATW202,4,01,MATW,202,r4_driver,TRUE,"R4MATTAPER (r4vol.f:544), via profile.f TAPERMODEL VOLEQ(4:6)=MAT",voleqdef.f:554,Literal default-equation / species-validity string in voleqdef.f.
402MATW122,4,02,MATW,122,r4_driver,TRUE,"R4MATTAPER (r4vol.f:544), via profile.f TAPERMODEL VOLEQ(4:6)=MAT",voleqdef.f:552,Literal default-equation / species-validity string in voleqdef.f.
403MATW122,4,03,MATW,122,r4_driver,TRUE,"R4MATTAPER (r4vol.f:544), via profile.f TAPERMODEL VOLEQ(4:6)=MAT",voleqdef.f:552,Literal default-equation / species-validity string in voleqdef.f.
405MATW019,4,05,MATW,019,r4_driver,TRUE,"R4MATTAPER (r4vol.f:544), via profile.f TAPERMODEL VOLEQ(4:6)=MAT",voleqdef.f:550,Literal default-equation / species-validity string in voleqdef.f.
405MATW202,4,05,MATW,202,r4_driver,TRUE,"R4MATTAPER (r4vol.f:544), via profile.f TAPERMODEL VOLEQ(4:6)=MAT",voleqdef.f:553,Literal default-equation / species-validity string in voleqdef.f.
407FW2W093,4,07,FW2W,093,flewelling_2pt,TRUE,"SF_DS (profile.f TAPERMODEL, VOLEQ(4:4)=F)",voleqdef.f:332,Literal default-equation / species-validity string in voleqdef.f.
407MATW093,4,07,MATW,093,r4_driver,TRUE,"R4MATTAPER (r4vol.f:544), via profile.f TAPERMODEL VOLEQ(4:6)=MAT",voleqdef.f:554,Literal default-equation / species-validity string in voleqdef.f.
500DVEW060,5,00,DVEW,060,direct_volume,FALSE,R5HARV (r5harv.f:6),voleqdef.f:754,Direct Volume Estimator; DVEST (dvest.f) dispatches purely on VOLEQ(1:1) to a region-specific combined-variable equation. Literal default-equation / species-validity string in voleqdef.f.
500DVEW212,5,00,DVEW,212,direct_volume,FALSE,R5HARV (r5harv.f:6),voleqdef.f:760,Direct Volume Estimator; DVEST (dvest.f) dispatches purely on VOLEQ(1:1) to a region-specific combined-variable equation. Literal default-equation / species-validity string in voleqdef.f.
500DVEW312,5,00,DVEW,312,direct_volume,FALSE,R5HARV (r5harv.f:6),voleqdef.f:761,Direct Volume Estimator; DVEST (dvest.f) dispatches purely on VOLEQ(1:1) to a region-specific combined-variable equation. Literal default-equation / species-validity string in voleqdef.f.
500DVEW351,5,00,DVEW,351,direct_volume,FALSE,R5HARV (r5harv.f:6),voleqdef.f:762,Direct Volume Estimator; DVEST (dvest.f) dispatches purely on VOLEQ(1:1) to a region-specific combined-variable equation. Literal default-equation / species-validity string in voleqdef.f.
500DVEW361,5,00,DVEW,361,direct_volume,FALSE,R5HARV (r5harv.f:6),voleqdef.f:762,Direct Volume Estimator; DVEST (dvest.f) dispatches purely on VOLEQ(1:1) to a region-specific combined-variable equation. Literal default-equation / species-validity string in voleqdef.f.
500DVEW431,5,00,DVEW,431,direct_volume,FALSE,R5HARV (r5harv.f:6),voleqdef.f:762,Direct Volume Estimator; DVEST (dvest.f) dispatches purely on VOLEQ(1:1) to a region-specific combined-variable equation. Literal default-equation / species-validity string in voleqdef.f.
500DVEW631,5,00,DVEW,631,direct_volume,FALSE,R5HARV (r5harv.f:6),voleqdef.f:765,Direct Volume Estimator; DVEST (dvest.f) dispatches purely on VOLEQ(1:1) to a region-specific combined-variable equation. Literal default-equation / species-validity string in voleqdef.f.
500DVEW801,5,00,DVEW,801,direct_volume,FALSE,R5HARV (r5harv.f:6),voleqdef.f:763,Direct Volume Estimator; DVEST (dvest.f) dispatches purely on VOLEQ(1:1) to a region-specific combined-variable equation. Literal default-equation / species-validity string in voleqdef.f.
500DVEW805,5,00,DVEW,805,direct_volume,FALSE,R5HARV (r5harv.f:6),voleqdef.f:766,Direct Volume Estimator; DVEST (dvest.f) dispatches purely on VOLEQ(1:1) to a region-specific combined-variable equation. Literal default-equation / species-validity string in voleqdef.f.
500DVEW807,5,00,DVEW,807,direct_volume,FALSE,R5HARV (r5harv.f:6),voleqdef.f:760,Direct Volume Estimator; DVEST (dvest.f) dispatches purely on VOLEQ(1:1) to a region-specific combined-variable equation. Literal default-equation / species-validity string in voleqdef.f.
500DVEW811,5,00,DVEW,811,direct_volume,FALSE,R5HARV (r5harv.f:6),voleqdef.f:767,Direct Volume Estimator; DVEST (dvest.f) dispatches purely on VOLEQ(1:1) to a region-specific combined-variable equation. Literal default-equation / species-validity string in voleqdef.f.
500DVEW815,5,00,DVEW,815,direct_volume,FALSE,R5HARV (r5harv.f:6),voleqdef.f:767,Direct Volume Estimator; DVEST (dvest.f) dispatches purely on VOLEQ(1:1) to a region-specific combined-variable equation. Literal default-equation / species-validity string in voleqdef.f.
500DVEW818,5,00,DVEW,818,direct_volume,FALSE,R5HARV (r5harv.f:6),voleqdef.f:765,Direct Volume Estimator; DVEST (dvest.f) dispatches purely on VOLEQ(1:1) to a region-specific combined-variable equation. Literal default-equation / species-validity string in voleqdef.f.
500DVEW821,5,00,DVEW,821,direct_volume,FALSE,R5HARV (r5harv.f:6),voleqdef.f:767,Direct Volume Estimator; DVEST (dvest.f) dispatches purely on VOLEQ(1:1) to a region-specific combined-variable equation. Literal default-equation / species-validity string in voleqdef.f.
500DVEW839,5,00,DVEW,839,direct_volume,FALSE,R5HARV (r5harv.f:6),voleqdef.f:767,Direct Volume Estimator; DVEST (dvest.f) dispatches purely on VOLEQ(1:1) to a region-specific combined-variable equation. Literal default-equation / species-validity string in voleqdef.f.
500DVEW981,5,00,DVEW,981,direct_volume,FALSE,R5HARV (r5harv.f:6),voleqdef.f:768,Direct Volume Estimator; DVEST (dvest.f) dispatches purely on VOLEQ(1:1) to a region-specific combined-variable equation. Literal default-equation / species-validity string in voleqdef.f.
500WO2W015,5,00,WO2W,015,r5_taper,TRUE,R5TAP (r5tap.f:2),voleqdef.f:753,Literal default-equation / species-validity string in voleqdef.f.
500WO2W020,5,00,WO2W,020,r5_taper,TRUE,R5TAP (r5tap.f:2),voleqdef.f:753,Literal default-equation / species-validity string in voleqdef.f.
500WO2W081,5,00,WO2W,081,r5_taper,TRUE,R5TAP (r5tap.f:2),voleqdef.f:754,Literal default-equation / species-validity string in voleqdef.f.
500WO2W108,5,00,WO2W,108,r5_taper,TRUE,R5TAP (r5tap.f:2),voleqdef.f:756,Literal default-equation / species-validity string in voleqdef.f.
500WO2W116,5,00,WO2W,116,r5_taper,TRUE,R5TAP (r5tap.f:2),voleqdef.f:757,Literal default-equation / species-validity string in voleqdef.f.
500WO2W117,5,00,WO2W,117,r5_taper,TRUE,R5TAP (r5tap.f:2),voleqdef.f:757,Literal default-equation / species-validity string in voleqdef.f.
500WO2W122,5,00,WO2W,122,r5_taper,TRUE,R5TAP (r5tap.f:2),voleqdef.f:757,Literal default-equation / species-validity string in voleqdef.f.
500WO2W202,5,00,WO2W,202,r5_taper,TRUE,R5TAP (r5tap.f:2),voleqdef.f:755,Literal default-equation / species-validity string in voleqdef.f.
500WO2W211,5,00,WO2W,211,r5_taper,TRUE,R5TAP (r5tap.f:2),voleqdef.f:760,Literal default-equation / species-validity string in voleqdef.f.
516TRFW015,5,16,TRFW,015,direct_volume,FALSE,PNWTARIF (pnwtarif.f) via MDL=TRF in volinit.f/volinit2.f/grossvol.f,voleqdef.f:772,Literal default-equation / species-validity string in voleqdef.f.
516TRFW021,5,16,TRFW,021,direct_volume,FALSE,PNWTARIF (pnwtarif.f) via MDL=TRF in volinit.f/volinit2.f/grossvol.f,voleqdef.f:773,Literal default-equation / species-validity string in voleqdef.f.
516TRFW060,5,16,TRFW,060,direct_volume,FALSE,PNWTARIF (pnwtarif.f) via MDL=TRF in volinit.f/volinit2.f/grossvol.f,voleqdef.f:773,Literal default-equation / species-validity string in voleqdef.f.
516TRFW081,5,16,TRFW,081,direct_volume,FALSE,PNWTARIF (pnwtarif.f) via MDL=TRF in volinit.f/volinit2.f/grossvol.f,voleqdef.f:773,Literal default-equation / species-validity string in voleqdef.f.
516TRFW108,5,16,TRFW,108,direct_volume,FALSE,PNWTARIF (pnwtarif.f) via MDL=TRF in volinit.f/volinit2.f/grossvol.f,voleqdef.f:774,Literal default-equation / species-validity string in voleqdef.f.
516TRFW117,5,16,TRFW,117,direct_volume,FALSE,PNWTARIF (pnwtarif.f) via MDL=TRF in volinit.f/volinit2.f/grossvol.f,voleqdef.f:774,Literal default-equation / species-validity string in voleqdef.f.
516TRFW122,5,16,TRFW,122,direct_volume,FALSE,PNWTARIF (pnwtarif.f) via MDL=TRF in volinit.f/volinit2.f/grossvol.f,voleqdef.f:775,Literal default-equation / species-validity string in voleqdef.f.
516TRFW202,5,16,TRFW,202,direct_volume,FALSE,PNWTARIF (pnwtarif.f) via MDL=TRF in volinit.f/volinit2.f/grossvol.f,voleqdef.f:775,Literal default-equation / species-validity string in voleqdef.f.
532TRFW015,5,32,TRFW,015,direct_volume,FALSE,PNWTARIF (pnwtarif.f) via MDL=TRF in volinit.f/volinit2.f/grossvol.f,voleqdef.f:772,Literal default-equation / species-validity string in voleqdef.f.
532TRFW021,5,32,TRFW,021,direct_volume,FALSE,PNWTARIF (pnwtarif.f) via MDL=TRF in volinit.f/volinit2.f/grossvol.f,voleqdef.f:773,Literal default-equation / species-validity string in voleqdef.f.
532TRFW060,5,32,TRFW,060,direct_volume,FALSE,PNWTARIF (pnwtarif.f) via MDL=TRF in volinit.f/volinit2.f/grossvol.f,voleqdef.f:773,Literal default-equation / species-validity string in voleqdef.f.
532TRFW081,5,32,TRFW,081,direct_volume,FALSE,PNWTARIF (pnwtarif.f) via MDL=TRF in volinit.f/volinit2.f/grossvol.f,voleqdef.f:774,Literal default-equation / species-validity string in voleqdef.f.
532TRFW108,5,32,TRFW,108,direct_volume,FALSE,PNWTARIF (pnwtarif.f) via MDL=TRF in volinit.f/volinit2.f/grossvol.f,voleqdef.f:774,Literal default-equation / species-validity string in voleqdef.f.
532TRFW117,5,32,TRFW,117,direct_volume,FALSE,PNWTARIF (pnwtarif.f) via MDL=TRF in volinit.f/volinit2.f/grossvol.f,voleqdef.f:774,Literal default-equation / species-validity string in voleqdef.f.
532TRFW122,5,32,TRFW,122,direct_volume,FALSE,PNWTARIF (pnwtarif.f) via MDL=TRF in volinit.f/volinit2.f/grossvol.f,voleqdef.f:775,Literal default-equation / species-validity string in voleqdef.f.
532WO2W015,5,32,WO2W,015,r5_taper,TRUE,R5TAP (r5tap.f:2),voleqdef.f:768,Literal default-equation / species-validity string in voleqdef.f.
532WO2W020,5,32,WO2W,020,r5_taper,TRUE,R5TAP (r5tap.f:2),voleqdef.f:769,Literal default-equation / species-validity string in voleqdef.f.
532WO2W081,5,32,WO2W,081,r5_taper,TRUE,R5TAP (r5tap.f:2),voleqdef.f:769,Literal default-equation / species-validity string in voleqdef.f.
532WO2W108,5,32,WO2W,108,r5_taper,TRUE,R5TAP (r5tap.f:2),voleqdef.f:769,Literal default-equation / species-validity string in voleqdef.f.
532WO2W116,5,32,WO2W,116,r5_taper,TRUE,R5TAP (r5tap.f:2),voleqdef.f:771,Literal default-equation / species-validity string in voleqdef.f.
532WO2W117,5,32,WO2W,117,r5_taper,TRUE,R5TAP (r5tap.f:2),voleqdef.f:769,Literal default-equation / species-validity string in voleqdef.f.
532WO2W122,5,32,WO2W,122,r5_taper,TRUE,R5TAP (r5tap.f:2),voleqdef.f:769,Literal default-equation / species-validity string in voleqdef.f.
532WO2W202,5,32,WO2W,202,r5_taper,TRUE,R5TAP (r5tap.f:2),voleqdef.f:770,Literal default-equation / species-validity string in voleqdef.f.
532WO2W211,5,32,WO2W,211,r5_taper,TRUE,R5TAP (r5tap.f:2),voleqdef.f:772,Literal default-equation / species-validity string in voleqdef.f.
600DVEW122,6,00,DVEW,122,direct_volume,FALSE,"DVEST (dvest.f:8), region branch not resolved from VOLEQ(1:1)='6'",voleqdef.f:925,Direct Volume Estimator; DVEST (dvest.f) dispatches purely on VOLEQ(1:1) to a region-specific combined-variable equation. Literal default-equation / species-validity string in voleqdef.f.
601DVEW015,6,01,DVEW,015,direct_volume,FALSE,"DVEST (dvest.f:8), region branch not resolved from VOLEQ(1:1)='6'",voleqdef.f:923,Direct Volume Estimator; DVEST (dvest.f) dispatches purely on VOLEQ(1:1) to a region-specific combined-variable equation. Literal default-equation / species-validity string in voleqdef.f.
601DVEW205,6,01,DVEW,205,direct_volume,FALSE,"DVEST (dvest.f:8), region branch not resolved from VOLEQ(1:1)='6'",voleqdef.f:923,Direct Volume Estimator; DVEST (dvest.f) dispatches purely on VOLEQ(1:1) to a region-specific combined-variable equation. Literal default-equation / species-validity string in voleqdef.f.
601DVEW263,6,01,DVEW,263,direct_volume,FALSE,"DVEST (dvest.f:8), region branch not resolved from VOLEQ(1:1)='6'",voleqdef.f:923,Direct Volume Estimator; DVEST (dvest.f) dispatches purely on VOLEQ(1:1) to a region-specific combined-variable equation. Literal default-equation / species-validity string in voleqdef.f.
602DVEW015,6,02,DVEW,015,direct_volume,FALSE,"DVEST (dvest.f:8), region branch not resolved from VOLEQ(1:1)='6'",voleqdef.f:924,Direct Volume Estimator; DVEST (dvest.f) dispatches purely on VOLEQ(1:1) to a region-specific combined-variable equation. Literal default-equation / species-validity string in voleqdef.f.
602DVEW108,6,02,DVEW,108,direct_volume,FALSE,"DVEST (dvest.f:8), region branch not resolved from VOLEQ(1:1)='6'",voleqdef.f:924,Direct Volume Estimator; DVEST (dvest.f) dispatches purely on VOLEQ(1:1) to a region-specific combined-variable equation. Literal default-equation / species-validity string in voleqdef.f.
602DVEW122,6,02,DVEW,122,direct_volume,FALSE,"DVEST (dvest.f:8), region branch not resolved from VOLEQ(1:1)='6'",voleqdef.f:923,Direct Volume Estimator; DVEST (dvest.f) dispatches purely on VOLEQ(1:1) to a region-specific combined-variable equation. Literal default-equation / species-validity string in voleqdef.f.
602DVEW204,6,02,DVEW,204,direct_volume,FALSE,"DVEST (dvest.f:8), region branch not resolved from VOLEQ(1:1)='6'",voleqdef.f:923,Direct Volume Estimator; DVEST (dvest.f) dispatches purely on VOLEQ(1:1) to a region-specific combined-variable equation. Literal default-equation / species-validity string in voleqdef.f.
616BEHW000,6,16,BEHW,000,behre_taper,TRUE,BEHTAP (blmtap.f:275),voleqdef.f:771,Non-'B' branch inside BEHTAP: plain Behre's-hyperbola with fixed A=0.62 (blmtap.f:284-310). Literal default-equation / species-validity string in voleqdef.f.
616BEHW231,6,16,BEHW,231,behre_taper,TRUE,BEHTAP (blmtap.f:275),voleqdef.f:196,Non-'B' branch inside BEHTAP: plain Behre's-hyperbola with fixed A=0.62 (blmtap.f:284-310). Literal default-equation / species-validity string in voleqdef.f.
616TRFW019,6,16,TRFW,019,direct_volume,FALSE,PNWTARIF (pnwtarif.f) via MDL=TRF in volinit.f/volinit2.f/grossvol.f,voleqdef.f:2722,Literal default-equation / species-validity string in voleqdef.f.
616TRFW073,6,16,TRFW,073,direct_volume,FALSE,PNWTARIF (pnwtarif.f) via MDL=TRF in volinit.f/volinit2.f/grossvol.f,voleqdef.f:2618,Literal default-equation / species-validity string in voleqdef.f.
616TRFW094,6,16,TRFW,094,direct_volume,FALSE,PNWTARIF (pnwtarif.f) via MDL=TRF in volinit.f/volinit2.f/grossvol.f,voleqdef.f:2618,Literal default-equation / species-validity string in voleqdef.f.
616TRFW098,6,16,TRFW,098,direct_volume,FALSE,PNWTARIF (pnwtarif.f) via MDL=TRF in volinit.f/volinit2.f/grossvol.f,voleqdef.f:2726,Literal default-equation / species-validity string in voleqdef.f.
616TRFW108,6,16,TRFW,108,direct_volume,FALSE,PNWTARIF (pnwtarif.f) via MDL=TRF in volinit.f/volinit2.f/grossvol.f,voleqdef.f:2728,Literal default-equation / species-validity string in voleqdef.f.
616TRFW122,6,16,TRFW,122,direct_volume,FALSE,PNWTARIF (pnwtarif.f) via MDL=TRF in volinit.f/volinit2.f/grossvol.f,voleqdef.f:2730,Literal default-equation / species-validity string in voleqdef.f.
616TRFW202,6,16,TRFW,202,direct_volume,FALSE,PNWTARIF (pnwtarif.f) via MDL=TRF in volinit.f/volinit2.f/grossvol.f,voleqdef.f:2732,Literal default-equation / species-validity string in voleqdef.f.
616TRFW211,6,16,TRFW,211,direct_volume,FALSE,PNWTARIF (pnwtarif.f) via MDL=TRF in volinit.f/volinit2.f/grossvol.f,voleqdef.f:775,Literal default-equation / species-validity string in voleqdef.f.
616TRFW242,6,16,TRFW,242,direct_volume,FALSE,PNWTARIF (pnwtarif.f) via MDL=TRF in volinit.f/volinit2.f/grossvol.f,voleqdef.f:2614,Literal default-equation / species-validity string in voleqdef.f.
616TRFW263,6,16,TRFW,263,direct_volume,FALSE,PNWTARIF (pnwtarif.f) via MDL=TRF in volinit.f/volinit2.f/grossvol.f,voleqdef.f:2630,Literal default-equation / species-validity string in voleqdef.f.
616TRFW264,6,16,TRFW,264,direct_volume,FALSE,PNWTARIF (pnwtarif.f) via MDL=TRF in volinit.f/volinit2.f/grossvol.f,voleqdef.f:2612,Literal default-equation / species-validity string in voleqdef.f.
616TRFW351,6,16,TRFW,351,direct_volume,FALSE,PNWTARIF (pnwtarif.f) via MDL=TRF in volinit.f/volinit2.f/grossvol.f,voleqdef.f:2790,Literal default-equation / species-validity string in voleqdef.f.
616TRFW746,6,16,TRFW,746,direct_volume,FALSE,PNWTARIF (pnwtarif.f) via MDL=TRF in volinit.f/volinit2.f/grossvol.f,voleqdef.f:2640,Literal default-equation / species-validity string in voleqdef.f.
616TRFW747,6,16,TRFW,747,direct_volume,FALSE,PNWTARIF (pnwtarif.f) via MDL=TRF in volinit.f/volinit2.f/grossvol.f,voleqdef.f:2640,Literal default-equation / species-validity string in voleqdef.f.
616TRFW998,6,16,TRFW,998,direct_volume,FALSE,PNWTARIF (pnwtarif.f) via MDL=TRF in volinit.f/volinit2.f/grossvol.f,voleqdef.f:2636,Literal default-equation / species-validity string in voleqdef.f.
632TRFW011,6,32,TRFW,011,direct_volume,FALSE,PNWTARIF (pnwtarif.f) via MDL=TRF in volinit.f/volinit2.f/grossvol.f,voleqdef.f:2693,Literal default-equation / species-validity string in voleqdef.f.
632TRFW073,6,32,TRFW,073,direct_volume,FALSE,PNWTARIF (pnwtarif.f) via MDL=TRF in volinit.f/volinit2.f/grossvol.f,voleqdef.f:2697,Literal default-equation / species-validity string in voleqdef.f.
632TRFW098,6,32,TRFW,098,direct_volume,FALSE,PNWTARIF (pnwtarif.f) via MDL=TRF in volinit.f/volinit2.f/grossvol.f,voleqdef.f:2697,Literal default-equation / species-validity string in voleqdef.f.
632TRFW108,6,32,TRFW,108,direct_volume,FALSE,PNWTARIF (pnwtarif.f) via MDL=TRF in volinit.f/volinit2.f/grossvol.f,voleqdef.f:2699,Literal default-equation / species-validity string in voleqdef.f.
632TRFW122,6,32,TRFW,122,direct_volume,FALSE,PNWTARIF (pnwtarif.f) via MDL=TRF in volinit.f/volinit2.f/grossvol.f,voleqdef.f:2784,Literal default-equation / species-validity string in voleqdef.f.
632TRFW202,6,32,TRFW,202,direct_volume,FALSE,PNWTARIF (pnwtarif.f) via MDL=TRF in volinit.f/volinit2.f/grossvol.f,voleqdef.f:2703,Literal default-equation / species-validity string in voleqdef.f.
632TRFW211,6,32,TRFW,211,direct_volume,FALSE,PNWTARIF (pnwtarif.f) via MDL=TRF in volinit.f/volinit2.f/grossvol.f,voleqdef.f:775,Literal default-equation / species-validity string in voleqdef.f.
632TRFW242,6,32,TRFW,242,direct_volume,FALSE,PNWTARIF (pnwtarif.f) via MDL=TRF in volinit.f/volinit2.f/grossvol.f,voleqdef.f:2695,Literal default-equation / species-validity string in voleqdef.f.
632TRFW263,6,32,TRFW,263,direct_volume,FALSE,PNWTARIF (pnwtarif.f) via MDL=TRF in volinit.f/volinit2.f/grossvol.f,voleqdef.f:2705,Literal default-equation / species-validity string in voleqdef.f.
632TRFW264,6,32,TRFW,264,direct_volume,FALSE,PNWTARIF (pnwtarif.f) via MDL=TRF in volinit.f/volinit2.f/grossvol.f,voleqdef.f:2699,Literal default-equation / species-validity string in voleqdef.f.
A00DVEW094,A,00,DVEW,094,direct_volume,FALSE,R10D2H (r10d2h.f:2),voleqdef.f:2378,Direct Volume Estimator; DVEST (dvest.f) dispatches purely on VOLEQ(1:1) to a region-specific combined-variable equation. Literal default-equation / species-validity string in voleqdef.f.
A00DVEW108,A,00,DVEW,108,direct_volume,FALSE,R10D2H (r10d2h.f:2),voleqdef.f:2402,Direct Volume Estimator; DVEST (dvest.f) dispatches purely on VOLEQ(1:1) to a region-specific combined-variable equation. Literal default-equation / species-validity string in voleqdef.f.
A00DVEW310,A,00,DVEW,310,direct_volume,FALSE,R10D2H (r10d2h.f:2),voleqdef.f:2403,Direct Volume Estimator; DVEST (dvest.f) dispatches purely on VOLEQ(1:1) to a region-specific combined-variable equation. Literal default-equation / species-validity string in voleqdef.f.
A00DVEW351,A,00,DVEW,351,direct_volume,FALSE,R10D2H (r10d2h.f:2),voleqdef.f:2403,Direct Volume Estimator; DVEST (dvest.f) dispatches purely on VOLEQ(1:1) to a region-specific combined-variable equation. Literal default-equation / species-validity string in voleqdef.f.
A00DVEW375,A,00,DVEW,375,direct_volume,FALSE,R10D2H (r10d2h.f:2),voleqdef.f:2381,Direct Volume Estimator; DVEST (dvest.f) dispatches purely on VOLEQ(1:1) to a region-specific combined-variable equation. Literal default-equation / species-validity string in voleqdef.f.
A00DVEW747,A,00,DVEW,747,direct_volume,FALSE,R10D2H (r10d2h.f:2),voleqdef.f:2381,Direct Volume Estimator; DVEST (dvest.f) dispatches purely on VOLEQ(1:1) to a region-specific combined-variable equation. Literal default-equation / species-validity string in voleqdef.f.
A00F32W042,A,00,F32W,042,flewelling_3pt,TRUE,"SF_DS+SF_YHAT3 (profile.f TAPERMODEL, VOLEQ(4:4)=F)",voleqdef.f:2378,Literal default-equation / species-validity string in voleqdef.f.
A00F32W098,A,00,F32W,098,flewelling_3pt,TRUE,"SF_DS+SF_YHAT3 (profile.f TAPERMODEL, VOLEQ(4:4)=F)",voleqdef.f:2379,Literal default-equation / species-validity string in voleqdef.f.
A00F32W242,A,00,F32W,242,flewelling_3pt,TRUE,"SF_DS+SF_YHAT3 (profile.f TAPERMODEL, VOLEQ(4:4)=F)",voleqdef.f:2379,Literal default-equation / species-validity string in voleqdef.f.
A00F32W260,A,00,F32W,260,flewelling_3pt,TRUE,"SF_DS+SF_YHAT3 (profile.f TAPERMODEL, VOLEQ(4:4)=F)",voleqdef.f:2378,Literal default-equation / species-validity string in voleqdef.f.
A00FW2W042,A,00,FW2W,042,flewelling_2pt,TRUE,"SF_DS (profile.f TAPERMODEL, VOLEQ(4:4)=F)",voleqdef.f:2398,Literal default-equation / species-validity string in voleqdef.f.
A00FW2W098,A,00,FW2W,098,flewelling_2pt,TRUE,"SF_DS (profile.f TAPERMODEL, VOLEQ(4:4)=F)",voleqdef.f:2399,Literal default-equation / species-validity string in voleqdef.f.
A00FW2W242,A,00,FW2W,242,flewelling_2pt,TRUE,"SF_DS (profile.f TAPERMODEL, VOLEQ(4:4)=F)",voleqdef.f:2400,Literal default-equation / species-validity string in voleqdef.f.
A00FW2W260,A,00,FW2W,260,flewelling_2pt,TRUE,"SF_DS (profile.f TAPERMODEL, VOLEQ(4:4)=F)",voleqdef.f:2401,Literal default-equation / species-validity string in voleqdef.f.
A01DEMW000,A,01,DEMW,000,r10_taper,TRUE,R10TAP (r10tap.f:2),voleqdef.f:2388,Literal default-equation / species-validity string in voleqdef.f.
A01DVEW094,A,01,DVEW,094,direct_volume,FALSE,R10D2H (r10d2h.f:2),voleqdef.f:2398,Direct Volume Estimator; DVEST (dvest.f) dispatches purely on VOLEQ(1:1) to a region-specific combined-variable equation. Literal default-equation / species-validity string in voleqdef.f.
A01DVEW375,A,01,DVEW,375,direct_volume,FALSE,R10D2H (r10d2h.f:2),voleqdef.f:2402,Direct Volume Estimator; DVEST (dvest.f) dispatches purely on VOLEQ(1:1) to a region-specific combined-variable equation. Literal default-equation / species-validity string in voleqdef.f.
A01DVEW747,A,01,DVEW,747,direct_volume,FALSE,R10D2H (r10d2h.f:2),voleqdef.f:2402,Direct Volume Estimator; DVEST (dvest.f) dispatches purely on VOLEQ(1:1) to a region-specific combined-variable equation. Literal default-equation / species-validity string in voleqdef.f.
A02DEMW000,A,02,DEMW,000,r10_taper,TRUE,R10TAP (r10tap.f:2),voleqdef.f:2400,Literal default-equation / species-validity string in voleqdef.f.
A02DVEW094,A,02,DVEW,094,direct_volume,FALSE,R10D2H (r10d2h.f:2),voleqdef.f:2399,Direct Volume Estimator; DVEST (dvest.f) dispatches purely on VOLEQ(1:1) to a region-specific combined-variable equation. Literal default-equation / species-validity string in voleqdef.f.
A02F32W042,A,02,F32W,042,flewelling_3pt,TRUE,"SF_DS+SF_YHAT3 (profile.f TAPERMODEL, VOLEQ(4:4)=F)",voleqdef.f:2382,Literal default-equation / species-validity string in voleqdef.f.
A02F32W098,A,02,F32W,098,flewelling_3pt,TRUE,"SF_DS+SF_YHAT3 (profile.f TAPERMODEL, VOLEQ(4:4)=F)",voleqdef.f:2382,Literal default-equation / species-validity string in voleqdef.f.
A02F32W242,A,02,F32W,242,flewelling_3pt,TRUE,"SF_DS+SF_YHAT3 (profile.f TAPERMODEL, VOLEQ(4:4)=F)",voleqdef.f:2383,Literal default-equation / species-validity string in voleqdef.f.
A02F32W260,A,02,F32W,260,flewelling_3pt,TRUE,"SF_DS+SF_YHAT3 (profile.f TAPERMODEL, VOLEQ(4:4)=F)",voleqdef.f:2401,Literal default-equation / species-validity string in voleqdef.f.
A02F32W263,A,02,F32W,263,flewelling_3pt,TRUE,"SF_DS+SF_YHAT3 (profile.f TAPERMODEL, VOLEQ(4:4)=F)",voleqdef.f:2383,Literal default-equation / species-validity string in voleqdef.f.
A02FW2W098,A,02,FW2W,098,flewelling_2pt,TRUE,"SF_DS (profile.f TAPERMODEL, VOLEQ(4:4)=F)",voleqdef.f:2399,Literal default-equation / species-validity string in voleqdef.f.
A02FW2W260,A,02,FW2W,260,flewelling_2pt,TRUE,"SF_DS (profile.f TAPERMODEL, VOLEQ(4:4)=F)",voleqdef.f:2402,Literal default-equation / species-validity string in voleqdef.f.
A16CURW260,A,16,CURW,260,r10_taper,TRUE,R10TAP (r10tap.f:2),voleqdef.f:2402,Literal default-equation / species-validity string in voleqdef.f.
A16CURW351,A,16,CURW,351,r10_taper,TRUE,R10TAP (r10tap.f:2),voleqdef.f:940,Literal default-equation / species-validity string in voleqdef.f.
A16DEMW042,A,16,DEMW,042,r10_taper,TRUE,R10TAP (r10tap.f:2),voleqdef.f:2398,Literal default-equation / species-validity string in voleqdef.f.
A16DEMW098,A,16,DEMW,098,r10_taper,TRUE,R10TAP (r10tap.f:2),voleqdef.f:2399,Literal default-equation / species-validity string in voleqdef.f.
A16DEMW242,A,16,DEMW,242,r10_taper,TRUE,R10TAP (r10tap.f:2),voleqdef.f:2401,Literal default-equation / species-validity string in voleqdef.f.
A32CURW000,A,32,CURW,000,r10_taper,TRUE,R10TAP (r10tap.f:2),voleqdef.f:2400,Literal default-equation / species-validity string in voleqdef.f.
A32CURW351,A,32,CURW,351,r10_taper,TRUE,R10TAP (r10tap.f:2),voleqdef.f:2380,Literal default-equation / species-validity string in voleqdef.f.
A32DEMW042,A,32,DEMW,042,r10_taper,TRUE,R10TAP (r10tap.f:2),voleqdef.f:2398,Literal default-equation / species-validity string in voleqdef.f.
A32DEMW098,A,32,DEMW,098,r10_taper,TRUE,R10TAP (r10tap.f:2),voleqdef.f:2400,Literal default-equation / species-validity string in voleqdef.f.
A32DEMW242,A,32,DEMW,242,r10_taper,TRUE,R10TAP (r10tap.f:2),voleqdef.f:2401,Literal default-equation / species-validity string in voleqdef.f.
A61DEMW042,A,61,DEMW,042,r10_taper,TRUE,R10TAP (r10tap.f:2),voleqdef.f:2398,Literal default-equation / species-validity string in voleqdef.f.
A61DEMW098,A,61,DEMW,098,r10_taper,TRUE,R10TAP (r10tap.f:2),voleqdef.f:2400,Literal default-equation / species-validity string in voleqdef.f.
A61DEMW242,A,61,DEMW,242,r10_taper,TRUE,R10TAP (r10tap.f:2),voleqdef.f:2401,Literal default-equation / species-validity string in voleqdef.f.
B00BEHW011,B,00,BEHW,011,blm_taper,TRUE,"BEHTAP dispatches to BLMTAPEQ+BLMTAP (blmtap.f:275,4)",voleqdef.f:928,VOLEQ(1:1)='B' branch inside BEHTAP routes to the BLM profile-group taper (blmtap.f:285). Literal default-equation / species-validity string in voleqdef.f.
B00BEHW015,B,00,BEHW,015,blm_taper,TRUE,"BEHTAP dispatches to BLMTAPEQ+BLMTAP (blmtap.f:275,4)",voleqdef.f:928,VOLEQ(1:1)='B' branch inside BEHTAP routes to the BLM profile-group taper (blmtap.f:285). Literal default-equation / species-validity string in voleqdef.f.
B00BEHW017,B,00,BEHW,017,blm_taper,TRUE,"BEHTAP dispatches to BLMTAPEQ+BLMTAP (blmtap.f:275,4)",voleqdef.f:928,VOLEQ(1:1)='B' branch inside BEHTAP routes to the BLM profile-group taper (blmtap.f:285). Literal default-equation / species-validity string in voleqdef.f.
B00BEHW021,B,00,BEHW,021,blm_taper,TRUE,"BEHTAP dispatches to BLMTAPEQ+BLMTAP (blmtap.f:275,4)",voleqdef.f:928,VOLEQ(1:1)='B' branch inside BEHTAP routes to the BLM profile-group taper (blmtap.f:285). Literal default-equation / species-validity string in voleqdef.f.
B00BEHW022,B,00,BEHW,022,blm_taper,TRUE,"BEHTAP dispatches to BLMTAPEQ+BLMTAP (blmtap.f:275,4)",voleqdef.f:929,VOLEQ(1:1)='B' branch inside BEHTAP routes to the BLM profile-group taper (blmtap.f:285). Literal default-equation / species-validity string in voleqdef.f.
B00BEHW041,B,00,BEHW,041,blm_taper,TRUE,"BEHTAP dispatches to BLMTAPEQ+BLMTAP (blmtap.f:275,4)",voleqdef.f:929,VOLEQ(1:1)='B' branch inside BEHTAP routes to the BLM profile-group taper (blmtap.f:285). Literal default-equation / species-validity string in voleqdef.f.
B00BEHW042,B,00,BEHW,042,blm_taper,TRUE,"BEHTAP dispatches to BLMTAPEQ+BLMTAP (blmtap.f:275,4)",voleqdef.f:929,VOLEQ(1:1)='B' branch inside BEHTAP routes to the BLM profile-group taper (blmtap.f:285). Literal default-equation / species-validity string in voleqdef.f.
B00BEHW073,B,00,BEHW,073,blm_taper,TRUE,"BEHTAP dispatches to BLMTAPEQ+BLMTAP (blmtap.f:275,4)",voleqdef.f:930,VOLEQ(1:1)='B' branch inside BEHTAP routes to the BLM profile-group taper (blmtap.f:285). Literal default-equation / species-validity string in voleqdef.f.
B00BEHW081,B,00,BEHW,081,blm_taper,TRUE,"BEHTAP dispatches to BLMTAPEQ+BLMTAP (blmtap.f:275,4)",voleqdef.f:930,VOLEQ(1:1)='B' branch inside BEHTAP routes to the BLM profile-group taper (blmtap.f:285). Literal default-equation / species-validity string in voleqdef.f.
B00BEHW093,B,00,BEHW,093,blm_taper,TRUE,"BEHTAP dispatches to BLMTAPEQ+BLMTAP (blmtap.f:275,4)",voleqdef.f:930,VOLEQ(1:1)='B' branch inside BEHTAP routes to the BLM profile-group taper (blmtap.f:285). Literal default-equation / species-validity string in voleqdef.f.
B00BEHW098,B,00,BEHW,098,blm_taper,TRUE,"BEHTAP dispatches to BLMTAPEQ+BLMTAP (blmtap.f:275,4)",voleqdef.f:930,VOLEQ(1:1)='B' branch inside BEHTAP routes to the BLM profile-group taper (blmtap.f:285). Literal default-equation / species-validity string in voleqdef.f.
B00BEHW108,B,00,BEHW,108,blm_taper,TRUE,"BEHTAP dispatches to BLMTAPEQ+BLMTAP (blmtap.f:275,4)",voleqdef.f:931,VOLEQ(1:1)='B' branch inside BEHTAP routes to the BLM profile-group taper (blmtap.f:285). Literal default-equation / species-validity string in voleqdef.f.
B00BEHW116,B,00,BEHW,116,blm_taper,TRUE,"BEHTAP dispatches to BLMTAPEQ+BLMTAP (blmtap.f:275,4)",voleqdef.f:931,VOLEQ(1:1)='B' branch inside BEHTAP routes to the BLM profile-group taper (blmtap.f:285). Literal default-equation / species-validity string in voleqdef.f.
B00BEHW117,B,00,BEHW,117,blm_taper,TRUE,"BEHTAP dispatches to BLMTAPEQ+BLMTAP (blmtap.f:275,4)",voleqdef.f:931,VOLEQ(1:1)='B' branch inside BEHTAP routes to the BLM profile-group taper (blmtap.f:285). Literal default-equation / species-validity string in voleqdef.f.
B00BEHW119,B,00,BEHW,119,blm_taper,TRUE,"BEHTAP dispatches to BLMTAPEQ+BLMTAP (blmtap.f:275,4)",voleqdef.f:931,VOLEQ(1:1)='B' branch inside BEHTAP routes to the BLM profile-group taper (blmtap.f:285). Literal default-equation / species-validity string in voleqdef.f.
B00BEHW122,B,00,BEHW,122,blm_taper,TRUE,"BEHTAP dispatches to BLMTAPEQ+BLMTAP (blmtap.f:275,4)",voleqdef.f:932,VOLEQ(1:1)='B' branch inside BEHTAP routes to the BLM profile-group taper (blmtap.f:285). Literal default-equation / species-validity string in voleqdef.f.
B00BEHW211,B,00,BEHW,211,blm_taper,TRUE,"BEHTAP dispatches to BLMTAPEQ+BLMTAP (blmtap.f:275,4)",voleqdef.f:932,VOLEQ(1:1)='B' branch inside BEHTAP routes to the BLM profile-group taper (blmtap.f:285). Literal default-equation / species-validity string in voleqdef.f.
B00BEHW231,B,00,BEHW,231,blm_taper,TRUE,"BEHTAP dispatches to BLMTAPEQ+BLMTAP (blmtap.f:275,4)",voleqdef.f:932,VOLEQ(1:1)='B' branch inside BEHTAP routes to the BLM profile-group taper (blmtap.f:285). Literal default-equation / species-validity string in voleqdef.f.
B00BEHW242,B,00,BEHW,242,blm_taper,TRUE,"BEHTAP dispatches to BLMTAPEQ+BLMTAP (blmtap.f:275,4)",voleqdef.f:929,VOLEQ(1:1)='B' branch inside BEHTAP routes to the BLM profile-group taper (blmtap.f:285). Literal default-equation / species-validity string in voleqdef.f.
B00BEHW260,B,00,BEHW,260,blm_taper,TRUE,"BEHTAP dispatches to BLMTAPEQ+BLMTAP (blmtap.f:275,4)",voleqdef.f:933,VOLEQ(1:1)='B' branch inside BEHTAP routes to the BLM profile-group taper (blmtap.f:285). Literal default-equation / species-validity string in voleqdef.f.
B00BEHW263,B,00,BEHW,263,blm_taper,TRUE,"BEHTAP dispatches to BLMTAPEQ+BLMTAP (blmtap.f:275,4)",voleqdef.f:1481,VOLEQ(1:1)='B' branch inside BEHTAP routes to the BLM profile-group taper (blmtap.f:285). Literal default-equation / species-validity string in voleqdef.f.
B00BEHW312,B,00,BEHW,312,blm_taper,TRUE,"BEHTAP dispatches to BLMTAPEQ+BLMTAP (blmtap.f:275,4)",voleqdef.f:933,VOLEQ(1:1)='B' branch inside BEHTAP routes to the BLM profile-group taper (blmtap.f:285). Literal default-equation / species-validity string in voleqdef.f.
B00BEHW351,B,00,BEHW,351,blm_taper,TRUE,"BEHTAP dispatches to BLMTAPEQ+BLMTAP (blmtap.f:275,4)",voleqdef.f:934,VOLEQ(1:1)='B' branch inside BEHTAP routes to the BLM profile-group taper (blmtap.f:285). Literal default-equation / species-validity string in voleqdef.f.
B00BEHW361,B,00,BEHW,361,blm_taper,TRUE,"BEHTAP dispatches to BLMTAPEQ+BLMTAP (blmtap.f:275,4)",voleqdef.f:934,VOLEQ(1:1)='B' branch inside BEHTAP routes to the BLM profile-group taper (blmtap.f:285). Literal default-equation / species-validity string in voleqdef.f.
B00BEHW431,B,00,BEHW,431,blm_taper,TRUE,"BEHTAP dispatches to BLMTAPEQ+BLMTAP (blmtap.f:275,4)",voleqdef.f:934,VOLEQ(1:1)='B' branch inside BEHTAP routes to the BLM profile-group taper (blmtap.f:285). Literal default-equation / species-validity string in voleqdef.f.
B00BEHW542,B,00,BEHW,542,blm_taper,TRUE,"BEHTAP dispatches to BLMTAPEQ+BLMTAP (blmtap.f:275,4)",voleqdef.f:934,VOLEQ(1:1)='B' branch inside BEHTAP routes to the BLM profile-group taper (blmtap.f:285). Literal default-equation / species-validity string in voleqdef.f.
B00BEHW631,B,00,BEHW,631,blm_taper,TRUE,"BEHTAP dispatches to BLMTAPEQ+BLMTAP (blmtap.f:275,4)",voleqdef.f:935,VOLEQ(1:1)='B' branch inside BEHTAP routes to the BLM profile-group taper (blmtap.f:285). Literal default-equation / species-validity string in voleqdef.f.
B00BEHW747,B,00,BEHW,747,blm_taper,TRUE,"BEHTAP dispatches to BLMTAPEQ+BLMTAP (blmtap.f:275,4)",voleqdef.f:935,VOLEQ(1:1)='B' branch inside BEHTAP routes to the BLM profile-group taper (blmtap.f:285). Literal default-equation / species-validity string in voleqdef.f.
B00BEHW800,B,00,BEHW,800,blm_taper,TRUE,"BEHTAP dispatches to BLMTAPEQ+BLMTAP (blmtap.f:275,4)",voleqdef.f:935,VOLEQ(1:1)='B' branch inside BEHTAP routes to the BLM profile-group taper (blmtap.f:285). Literal default-equation / species-validity string in voleqdef.f.
B00BEHW998,B,00,BEHW,998,blm_taper,TRUE,"BEHTAP dispatches to BLMTAPEQ+BLMTAP (blmtap.f:275,4)",voleqdef.f:935,VOLEQ(1:1)='B' branch inside BEHTAP routes to the BLM profile-group taper (blmtap.f:285). Literal default-equation / species-validity string in voleqdef.f.
B00BEHW999,B,00,BEHW,999,blm_taper,TRUE,"BEHTAP dispatches to BLMTAPEQ+BLMTAP (blmtap.f:275,4)",voleqdef.f:936,VOLEQ(1:1)='B' branch inside BEHTAP routes to the BLM profile-group taper (blmtap.f:285). Literal default-equation / species-validity string in voleqdef.f.
B01BEHW202,B,01,BEHW,202,blm_taper,TRUE,"BEHTAP dispatches to BLMTAPEQ+BLMTAP (blmtap.f:275,4)",voleqdef.f:932,VOLEQ(1:1)='B' branch inside BEHTAP routes to the BLM profile-group taper (blmtap.f:285). Literal default-equation / species-validity string in voleqdef.f.
B02BEHW202,B,02,BEHW,202,blm_taper,TRUE,"BEHTAP dispatches to BLMTAPEQ+BLMTAP (blmtap.f:275,4)",voleqdef.f:936,VOLEQ(1:1)='B' branch inside BEHTAP routes to the BLM profile-group taper (blmtap.f:285). Literal default-equation / species-validity string in voleqdef.f.
B03BEHW202,B,03,BEHW,202,blm_taper,TRUE,"BEHTAP dispatches to BLMTAPEQ+BLMTAP (blmtap.f:275,4)",voleqdef.f:936,VOLEQ(1:1)='B' branch inside BEHTAP routes to the BLM profile-group taper (blmtap.f:285). Literal default-equation / species-validity string in voleqdef.f.
F00FW2W202,F,00,FW2W,202,flewelling_2pt,TRUE,"SF_DS (profile.f TAPERMODEL, VOLEQ(4:4)=F)",voleqdef.f:901,Literal default-equation / species-validity string in voleqdef.f.
F00FW2W242,F,00,FW2W,242,flewelling_2pt,TRUE,"SF_DS (profile.f TAPERMODEL, VOLEQ(4:4)=F)",voleqdef.f:901,Literal default-equation / species-validity string in voleqdef.f.
F00FW2W260,F,00,FW2W,260,flewelling_2pt,TRUE,"SF_DS (profile.f TAPERMODEL, VOLEQ(4:4)=F)",voleqdef.f:908,Literal default-equation / species-validity string in voleqdef.f.
F00FW2W263,F,00,FW2W,263,flewelling_2pt,TRUE,"SF_DS (profile.f TAPERMODEL, VOLEQ(4:4)=F)",voleqdef.f:901,Literal default-equation / species-validity string in voleqdef.f.
F01FW2W202,F,01,FW2W,202,flewelling_2pt,TRUE,"SF_DS (profile.f TAPERMODEL, VOLEQ(4:4)=F)",voleqdef.f:901,Literal default-equation / species-validity string in voleqdef.f.
F01FW2W242,F,01,FW2W,242,flewelling_2pt,TRUE,"SF_DS (profile.f TAPERMODEL, VOLEQ(4:4)=F)",voleqdef.f:901,Literal default-equation / species-validity string in voleqdef.f.
F01FW2W260,F,01,FW2W,260,flewelling_2pt,TRUE,"SF_DS (profile.f TAPERMODEL, VOLEQ(4:4)=F)",voleqdef.f:908,Literal default-equation / species-validity string in voleqdef.f.
F01FW2W263,F,01,FW2W,263,flewelling_2pt,TRUE,"SF_DS (profile.f TAPERMODEL, VOLEQ(4:4)=F)",voleqdef.f:902,Literal default-equation / species-validity string in voleqdef.f.
F02FW2W202,F,02,FW2W,202,flewelling_2pt,TRUE,"SF_DS (profile.f TAPERMODEL, VOLEQ(4:4)=F)",voleqdef.f:902,Literal default-equation / species-validity string in voleqdef.f.
F02FW2W242,F,02,FW2W,242,flewelling_2pt,TRUE,"SF_DS (profile.f TAPERMODEL, VOLEQ(4:4)=F)",voleqdef.f:902,Literal default-equation / species-validity string in voleqdef.f.
F02FW2W260,F,02,FW2W,260,flewelling_2pt,TRUE,"SF_DS (profile.f TAPERMODEL, VOLEQ(4:4)=F)",voleqdef.f:909,Literal default-equation / species-validity string in voleqdef.f.
F02FW2W263,F,02,FW2W,263,flewelling_2pt,TRUE,"SF_DS (profile.f TAPERMODEL, VOLEQ(4:4)=F)",voleqdef.f:902,Literal default-equation / species-validity string in voleqdef.f.
F03FW2W202,F,03,FW2W,202,flewelling_2pt,TRUE,"SF_DS (profile.f TAPERMODEL, VOLEQ(4:4)=F)",voleqdef.f:902,Literal default-equation / species-validity string in voleqdef.f.
F03FW2W242,F,03,FW2W,242,flewelling_2pt,TRUE,"SF_DS (profile.f TAPERMODEL, VOLEQ(4:4)=F)",voleqdef.f:903,Literal default-equation / species-validity string in voleqdef.f.
F03FW2W260,F,03,FW2W,260,flewelling_2pt,TRUE,"SF_DS (profile.f TAPERMODEL, VOLEQ(4:4)=F)",voleqdef.f:909,Literal default-equation / species-validity string in voleqdef.f.
F03FW2W263,F,03,FW2W,263,flewelling_2pt,TRUE,"SF_DS (profile.f TAPERMODEL, VOLEQ(4:4)=F)",voleqdef.f:903,Literal default-equation / species-validity string in voleqdef.f.
F04FW2W202,F,04,FW2W,202,flewelling_2pt,TRUE,"SF_DS (profile.f TAPERMODEL, VOLEQ(4:4)=F)",voleqdef.f:903,Literal default-equation / species-validity string in voleqdef.f.
F04FW2W242,F,04,FW2W,242,flewelling_2pt,TRUE,"SF_DS (profile.f TAPERMODEL, VOLEQ(4:4)=F)",voleqdef.f:903,Literal default-equation / species-validity string in voleqdef.f.
F04FW2W260,F,04,FW2W,260,flewelling_2pt,TRUE,"SF_DS (profile.f TAPERMODEL, VOLEQ(4:4)=F)",voleqdef.f:910,Literal default-equation / species-validity string in voleqdef.f.
F04FW2W263,F,04,FW2W,263,flewelling_2pt,TRUE,"SF_DS (profile.f TAPERMODEL, VOLEQ(4:4)=F)",voleqdef.f:903,Literal default-equation / species-validity string in voleqdef.f.
F05FW2W202,F,05,FW2W,202,flewelling_2pt,TRUE,"SF_DS (profile.f TAPERMODEL, VOLEQ(4:4)=F)",voleqdef.f:904,Literal default-equation / species-validity string in voleqdef.f.
F05FW2W242,F,05,FW2W,242,flewelling_2pt,TRUE,"SF_DS (profile.f TAPERMODEL, VOLEQ(4:4)=F)",voleqdef.f:904,Literal default-equation / species-validity string in voleqdef.f.
F05FW2W260,F,05,FW2W,260,flewelling_2pt,TRUE,"SF_DS (profile.f TAPERMODEL, VOLEQ(4:4)=F)",voleqdef.f:910,Literal default-equation / species-validity string in voleqdef.f.
F05FW2W263,F,05,FW2W,263,flewelling_2pt,TRUE,"SF_DS (profile.f TAPERMODEL, VOLEQ(4:4)=F)",voleqdef.f:904,Literal default-equation / species-validity string in voleqdef.f.
F06FW2W202,F,06,FW2W,202,flewelling_2pt,TRUE,"SF_DS (profile.f TAPERMODEL, VOLEQ(4:4)=F)",voleqdef.f:904,Literal default-equation / species-validity string in voleqdef.f.
F06FW2W242,F,06,FW2W,242,flewelling_2pt,TRUE,"SF_DS (profile.f TAPERMODEL, VOLEQ(4:4)=F)",voleqdef.f:904,Literal default-equation / species-validity string in voleqdef.f.
F06FW2W260,F,06,FW2W,260,flewelling_2pt,TRUE,"SF_DS (profile.f TAPERMODEL, VOLEQ(4:4)=F)",voleqdef.f:910,Literal default-equation / species-validity string in voleqdef.f.
F06FW2W263,F,06,FW2W,263,flewelling_2pt,TRUE,"SF_DS (profile.f TAPERMODEL, VOLEQ(4:4)=F)",voleqdef.f:905,Literal default-equation / species-validity string in voleqdef.f.
F07FW2W202,F,07,FW2W,202,flewelling_2pt,TRUE,"SF_DS (profile.f TAPERMODEL, VOLEQ(4:4)=F)",voleqdef.f:905,Literal default-equation / species-validity string in voleqdef.f.
F07FW2W242,F,07,FW2W,242,flewelling_2pt,TRUE,"SF_DS (profile.f TAPERMODEL, VOLEQ(4:4)=F)",voleqdef.f:905,Literal default-equation / species-validity string in voleqdef.f.
F07FW2W260,F,07,FW2W,260,flewelling_2pt,TRUE,"SF_DS (profile.f TAPERMODEL, VOLEQ(4:4)=F)",voleqdef.f:910,Literal default-equation / species-validity string in voleqdef.f.
F07FW2W263,F,07,FW2W,263,flewelling_2pt,TRUE,"SF_DS (profile.f TAPERMODEL, VOLEQ(4:4)=F)",voleqdef.f:905,Literal default-equation / species-validity string in voleqdef.f.
F08FW2W202,F,08,FW2W,202,flewelling_2pt,TRUE,"SF_DS (profile.f TAPERMODEL, VOLEQ(4:4)=F)",voleqdef.f:905,Literal default-equation / species-validity string in voleqdef.f.
F08FW2W242,F,08,FW2W,242,flewelling_2pt,TRUE,"SF_DS (profile.f TAPERMODEL, VOLEQ(4:4)=F)",voleqdef.f:906,Literal default-equation / species-validity string in voleqdef.f.
F08FW2W260,F,08,FW2W,260,flewelling_2pt,TRUE,"SF_DS (profile.f TAPERMODEL, VOLEQ(4:4)=F)",voleqdef.f:910,Literal default-equation / species-validity string in voleqdef.f.
F08FW2W263,F,08,FW2W,263,flewelling_2pt,TRUE,"SF_DS (profile.f TAPERMODEL, VOLEQ(4:4)=F)",voleqdef.f:906,Literal default-equation / species-validity string in voleqdef.f.
H00SN2W301,H,00,SN2W,301,r12_taper,TRUE,"R12VOL/R12TAP (r12vol.f, r12tap.f:2)",voleqdef.f:761,Literal default-equation / species-validity string in voleqdef.f.
H00SN2W510,H,00,SN2W,510,r12_taper,TRUE,"R12VOL/R12TAP (r12vol.f, r12tap.f:2)",voleqdef.f:763,Literal default-equation / species-validity string in voleqdef.f.
H00SN2W671,H,00,SN2W,671,r12_taper,TRUE,"R12VOL/R12TAP (r12vol.f, r12tap.f:2)",voleqdef.f:765,Literal default-equation / species-validity string in voleqdef.f.
H01SN2W510,H,01,SN2W,510,r12_taper,TRUE,"R12VOL/R12TAP (r12vol.f, r12tap.f:2)",voleqdef.f:763,Literal default-equation / species-validity string in voleqdef.f.
I00FW2W012,I,00,FW2W,012,flewelling_2pt,TRUE,"SF_DS (profile.f TAPERMODEL, VOLEQ(4:4)=F)",voleqdef.f:192,Literal default-equation / species-validity string in voleqdef.f.
I00FW2W017,I,00,FW2W,017,flewelling_2pt,TRUE,"SF_DS (profile.f TAPERMODEL, VOLEQ(4:4)=F)",voleqdef.f:192,Literal default-equation / species-validity string in voleqdef.f.
I00FW2W019,I,00,FW2W,019,flewelling_2pt,TRUE,"SF_DS (profile.f TAPERMODEL, VOLEQ(4:4)=F)",voleqdef.f:192,Literal default-equation / species-validity string in voleqdef.f.
I00FW2W073,I,00,FW2W,073,flewelling_2pt,TRUE,"SF_DS (profile.f TAPERMODEL, VOLEQ(4:4)=F)",voleqdef.f:193,Literal default-equation / species-validity string in voleqdef.f.
I00FW2W093,I,00,FW2W,093,flewelling_2pt,TRUE,"SF_DS (profile.f TAPERMODEL, VOLEQ(4:4)=F)",voleqdef.f:193,Literal default-equation / species-validity string in voleqdef.f.
I00FW2W108,I,00,FW2W,108,flewelling_2pt,TRUE,"SF_DS (profile.f TAPERMODEL, VOLEQ(4:4)=F)",voleqdef.f:194,Literal default-equation / species-validity string in voleqdef.f.
I00FW2W119,I,00,FW2W,119,flewelling_2pt,TRUE,"SF_DS (profile.f TAPERMODEL, VOLEQ(4:4)=F)",voleqdef.f:194,Literal default-equation / species-validity string in voleqdef.f.
I00FW2W122,I,00,FW2W,122,flewelling_2pt,TRUE,"SF_DS (profile.f TAPERMODEL, VOLEQ(4:4)=F)",voleqdef.f:195,Literal default-equation / species-validity string in voleqdef.f.
I00FW2W202,I,00,FW2W,202,flewelling_2pt,TRUE,"SF_DS (profile.f TAPERMODEL, VOLEQ(4:4)=F)",voleqdef.f:196,Literal default-equation / species-validity string in voleqdef.f.
I00FW2W242,I,00,FW2W,242,flewelling_2pt,TRUE,"SF_DS (profile.f TAPERMODEL, VOLEQ(4:4)=F)",voleqdef.f:196,Literal default-equation / species-validity string in voleqdef.f.
I00FW2W260,I,00,FW2W,260,flewelling_2pt,TRUE,"SF_DS (profile.f TAPERMODEL, VOLEQ(4:4)=F)",voleqdef.f:196,Literal default-equation / species-validity string in voleqdef.f.
I00FW2W263,I,00,FW2W,263,flewelling_2pt,TRUE,"SF_DS (profile.f TAPERMODEL, VOLEQ(4:4)=F)",voleqdef.f:883,Literal default-equation / species-validity string in voleqdef.f.
I11FW2W012,I,11,FW2W,012,flewelling_2pt,TRUE,"SF_DS (profile.f TAPERMODEL, VOLEQ(4:4)=F)",voleqdef.f:205,Literal default-equation / species-validity string in voleqdef.f.
I11FW2W017,I,11,FW2W,017,flewelling_2pt,TRUE,"SF_DS (profile.f TAPERMODEL, VOLEQ(4:4)=F)",voleqdef.f:883,Literal default-equation / species-validity string in voleqdef.f.
I11FW2W019,I,11,FW2W,019,flewelling_2pt,TRUE,"SF_DS (profile.f TAPERMODEL, VOLEQ(4:4)=F)",voleqdef.f:883,Literal default-equation / species-validity string in voleqdef.f.
I11FW2W073,I,11,FW2W,073,flewelling_2pt,TRUE,"SF_DS (profile.f TAPERMODEL, VOLEQ(4:4)=F)",voleqdef.f:884,Literal default-equation / species-validity string in voleqdef.f.
I11FW2W093,I,11,FW2W,093,flewelling_2pt,TRUE,"SF_DS (profile.f TAPERMODEL, VOLEQ(4:4)=F)",voleqdef.f:884,Literal default-equation / species-validity string in voleqdef.f.
I11FW2W108,I,11,FW2W,108,flewelling_2pt,TRUE,"SF_DS (profile.f TAPERMODEL, VOLEQ(4:4)=F)",voleqdef.f:884,Literal default-equation / species-validity string in voleqdef.f.
I11FW2W119,I,11,FW2W,119,flewelling_2pt,TRUE,"SF_DS (profile.f TAPERMODEL, VOLEQ(4:4)=F)",voleqdef.f:884,Literal default-equation / species-validity string in voleqdef.f.
I11FW2W122,I,11,FW2W,122,flewelling_2pt,TRUE,"SF_DS (profile.f TAPERMODEL, VOLEQ(4:4)=F)",voleqdef.f:884,Literal default-equation / species-validity string in voleqdef.f.
I11FW2W202,I,11,FW2W,202,flewelling_2pt,TRUE,"SF_DS (profile.f TAPERMODEL, VOLEQ(4:4)=F)",voleqdef.f:885,Literal default-equation / species-validity string in voleqdef.f.
I11FW2W242,I,11,FW2W,242,flewelling_2pt,TRUE,"SF_DS (profile.f TAPERMODEL, VOLEQ(4:4)=F)",voleqdef.f:885,Literal default-equation / species-validity string in voleqdef.f.
I11FW2W260,I,11,FW2W,260,flewelling_2pt,TRUE,"SF_DS (profile.f TAPERMODEL, VOLEQ(4:4)=F)",voleqdef.f:885,Literal default-equation / species-validity string in voleqdef.f.
I11FW2W263,I,11,FW2W,263,flewelling_2pt,TRUE,"SF_DS (profile.f TAPERMODEL, VOLEQ(4:4)=F)",voleqdef.f:885,Literal default-equation / species-validity string in voleqdef.f.
I12FW2W012,I,12,FW2W,012,flewelling_2pt,TRUE,"SF_DS (profile.f TAPERMODEL, VOLEQ(4:4)=F)",voleqdef.f:205,Literal default-equation / species-validity string in voleqdef.f.
I12FW2W017,I,12,FW2W,017,flewelling_2pt,TRUE,"SF_DS (profile.f TAPERMODEL, VOLEQ(4:4)=F)",voleqdef.f:886,Literal default-equation / species-validity string in voleqdef.f.
I12FW2W019,I,12,FW2W,019,flewelling_2pt,TRUE,"SF_DS (profile.f TAPERMODEL, VOLEQ(4:4)=F)",voleqdef.f:886,Literal default-equation / species-validity string in voleqdef.f.
I12FW2W073,I,12,FW2W,073,flewelling_2pt,TRUE,"SF_DS (profile.f TAPERMODEL, VOLEQ(4:4)=F)",voleqdef.f:886,Literal default-equation / species-validity string in voleqdef.f.
I12FW2W093,I,12,FW2W,093,flewelling_2pt,TRUE,"SF_DS (profile.f TAPERMODEL, VOLEQ(4:4)=F)",voleqdef.f:886,Literal default-equation / species-validity string in voleqdef.f.
I12FW2W108,I,12,FW2W,108,flewelling_2pt,TRUE,"SF_DS (profile.f TAPERMODEL, VOLEQ(4:4)=F)",voleqdef.f:886,Literal default-equation / species-validity string in voleqdef.f.
I12FW2W119,I,12,FW2W,119,flewelling_2pt,TRUE,"SF_DS (profile.f TAPERMODEL, VOLEQ(4:4)=F)",voleqdef.f:887,Literal default-equation / species-validity string in voleqdef.f.
I12FW2W122,I,12,FW2W,122,flewelling_2pt,TRUE,"SF_DS (profile.f TAPERMODEL, VOLEQ(4:4)=F)",voleqdef.f:887,Literal default-equation / species-validity string in voleqdef.f.
I12FW2W202,I,12,FW2W,202,flewelling_2pt,TRUE,"SF_DS (profile.f TAPERMODEL, VOLEQ(4:4)=F)",voleqdef.f:887,Literal default-equation / species-validity string in voleqdef.f.
I12FW2W242,I,12,FW2W,242,flewelling_2pt,TRUE,"SF_DS (profile.f TAPERMODEL, VOLEQ(4:4)=F)",voleqdef.f:887,Literal default-equation / species-validity string in voleqdef.f.
I12FW2W260,I,12,FW2W,260,flewelling_2pt,TRUE,"SF_DS (profile.f TAPERMODEL, VOLEQ(4:4)=F)",voleqdef.f:887,Literal default-equation / species-validity string in voleqdef.f.
I12FW2W263,I,12,FW2W,263,flewelling_2pt,TRUE,"SF_DS (profile.f TAPERMODEL, VOLEQ(4:4)=F)",voleqdef.f:888,Literal default-equation / species-validity string in voleqdef.f.
I13FW2W012,I,13,FW2W,012,flewelling_2pt,TRUE,"SF_DS (profile.f TAPERMODEL, VOLEQ(4:4)=F)",voleqdef.f:205,Literal default-equation / species-validity string in voleqdef.f.
I13FW2W017,I,13,FW2W,017,flewelling_2pt,TRUE,"SF_DS (profile.f TAPERMODEL, VOLEQ(4:4)=F)",voleqdef.f:888,Literal default-equation / species-validity string in voleqdef.f.
I13FW2W019,I,13,FW2W,019,flewelling_2pt,TRUE,"SF_DS (profile.f TAPERMODEL, VOLEQ(4:4)=F)",voleqdef.f:888,Literal default-equation / species-validity string in voleqdef.f.
I13FW2W073,I,13,FW2W,073,flewelling_2pt,TRUE,"SF_DS (profile.f TAPERMODEL, VOLEQ(4:4)=F)",voleqdef.f:888,Literal default-equation / species-validity string in voleqdef.f.
I13FW2W093,I,13,FW2W,093,flewelling_2pt,TRUE,"SF_DS (profile.f TAPERMODEL, VOLEQ(4:4)=F)",voleqdef.f:889,Literal default-equation / species-validity string in voleqdef.f.
I13FW2W108,I,13,FW2W,108,flewelling_2pt,TRUE,"SF_DS (profile.f TAPERMODEL, VOLEQ(4:4)=F)",voleqdef.f:889,Literal default-equation / species-validity string in voleqdef.f.
I13FW2W119,I,13,FW2W,119,flewelling_2pt,TRUE,"SF_DS (profile.f TAPERMODEL, VOLEQ(4:4)=F)",voleqdef.f:889,Literal default-equation / species-validity string in voleqdef.f.
I13FW2W122,I,13,FW2W,122,flewelling_2pt,TRUE,"SF_DS (profile.f TAPERMODEL, VOLEQ(4:4)=F)",voleqdef.f:889,Literal default-equation / species-validity string in voleqdef.f.
I13FW2W202,I,13,FW2W,202,flewelling_2pt,TRUE,"SF_DS (profile.f TAPERMODEL, VOLEQ(4:4)=F)",voleqdef.f:889,Literal default-equation / species-validity string in voleqdef.f.
I13FW2W242,I,13,FW2W,242,flewelling_2pt,TRUE,"SF_DS (profile.f TAPERMODEL, VOLEQ(4:4)=F)",voleqdef.f:890,Literal default-equation / species-validity string in voleqdef.f.
I13FW2W260,I,13,FW2W,260,flewelling_2pt,TRUE,"SF_DS (profile.f TAPERMODEL, VOLEQ(4:4)=F)",voleqdef.f:890,Literal default-equation / species-validity string in voleqdef.f.
I13FW2W263,I,13,FW2W,263,flewelling_2pt,TRUE,"SF_DS (profile.f TAPERMODEL, VOLEQ(4:4)=F)",voleqdef.f:890,Literal default-equation / species-validity string in voleqdef.f.
I14FW2W012,I,14,FW2W,012,flewelling_2pt,TRUE,"SF_DS (profile.f TAPERMODEL, VOLEQ(4:4)=F)",voleqdef.f:206,Literal default-equation / species-validity string in voleqdef.f.
I14FW2W017,I,14,FW2W,017,flewelling_2pt,TRUE,"SF_DS (profile.f TAPERMODEL, VOLEQ(4:4)=F)",voleqdef.f:890,Literal default-equation / species-validity string in voleqdef.f.
I14FW2W019,I,14,FW2W,019,flewelling_2pt,TRUE,"SF_DS (profile.f TAPERMODEL, VOLEQ(4:4)=F)",voleqdef.f:891,Literal default-equation / species-validity string in voleqdef.f.
I14FW2W073,I,14,FW2W,073,flewelling_2pt,TRUE,"SF_DS (profile.f TAPERMODEL, VOLEQ(4:4)=F)",voleqdef.f:891,Literal default-equation / species-validity string in voleqdef.f.
I14FW2W093,I,14,FW2W,093,flewelling_2pt,TRUE,"SF_DS (profile.f TAPERMODEL, VOLEQ(4:4)=F)",voleqdef.f:891,Literal default-equation / species-validity string in voleqdef.f.
I14FW2W108,I,14,FW2W,108,flewelling_2pt,TRUE,"SF_DS (profile.f TAPERMODEL, VOLEQ(4:4)=F)",voleqdef.f:891,Literal default-equation / species-validity string in voleqdef.f.
I14FW2W119,I,14,FW2W,119,flewelling_2pt,TRUE,"SF_DS (profile.f TAPERMODEL, VOLEQ(4:4)=F)",voleqdef.f:891,Literal default-equation / species-validity string in voleqdef.f.
I14FW2W122,I,14,FW2W,122,flewelling_2pt,TRUE,"SF_DS (profile.f TAPERMODEL, VOLEQ(4:4)=F)",voleqdef.f:892,Literal default-equation / species-validity string in voleqdef.f.
I14FW2W202,I,14,FW2W,202,flewelling_2pt,TRUE,"SF_DS (profile.f TAPERMODEL, VOLEQ(4:4)=F)",voleqdef.f:892,Literal default-equation / species-validity string in voleqdef.f.
I14FW2W242,I,14,FW2W,242,flewelling_2pt,TRUE,"SF_DS (profile.f TAPERMODEL, VOLEQ(4:4)=F)",voleqdef.f:892,Literal default-equation / species-validity string in voleqdef.f.
I14FW2W260,I,14,FW2W,260,flewelling_2pt,TRUE,"SF_DS (profile.f TAPERMODEL, VOLEQ(4:4)=F)",voleqdef.f:892,Literal default-equation / species-validity string in voleqdef.f.
I14FW2W263,I,14,FW2W,263,flewelling_2pt,TRUE,"SF_DS (profile.f TAPERMODEL, VOLEQ(4:4)=F)",voleqdef.f:892,Literal default-equation / species-validity string in voleqdef.f.
I15FW2W017,I,15,FW2W,017,flewelling_2pt,TRUE,"SF_DS (profile.f TAPERMODEL, VOLEQ(4:4)=F)",voleqdef.f:549,Literal default-equation / species-validity string in voleqdef.f.
I15FW2W093,I,15,FW2W,093,flewelling_2pt,TRUE,"SF_DS (profile.f TAPERMODEL, VOLEQ(4:4)=F)",voleqdef.f:551,Literal default-equation / species-validity string in voleqdef.f.
I15FW2W122,I,15,FW2W,122,flewelling_2pt,TRUE,"SF_DS (profile.f TAPERMODEL, VOLEQ(4:4)=F)",voleqdef.f:552,Literal default-equation / species-validity string in voleqdef.f.
I15FW2W202,I,15,FW2W,202,flewelling_2pt,TRUE,"SF_DS (profile.f TAPERMODEL, VOLEQ(4:4)=F)",voleqdef.f:553,Literal default-equation / species-validity string in voleqdef.f.
I21FW2W012,I,21,FW2W,012,flewelling_2pt,TRUE,"SF_DS (profile.f TAPERMODEL, VOLEQ(4:4)=F)",voleqdef.f:206,Literal default-equation / species-validity string in voleqdef.f.
I21FW2W017,I,21,FW2W,017,flewelling_2pt,TRUE,"SF_DS (profile.f TAPERMODEL, VOLEQ(4:4)=F)",voleqdef.f:913,Literal default-equation / species-validity string in voleqdef.f.
I21FW2W019,I,21,FW2W,019,flewelling_2pt,TRUE,"SF_DS (profile.f TAPERMODEL, VOLEQ(4:4)=F)",voleqdef.f:913,Literal default-equation / species-validity string in voleqdef.f.
I21FW2W073,I,21,FW2W,073,flewelling_2pt,TRUE,"SF_DS (profile.f TAPERMODEL, VOLEQ(4:4)=F)",voleqdef.f:913,Literal default-equation / species-validity string in voleqdef.f.
I21FW2W093,I,21,FW2W,093,flewelling_2pt,TRUE,"SF_DS (profile.f TAPERMODEL, VOLEQ(4:4)=F)",voleqdef.f:913,Literal default-equation / species-validity string in voleqdef.f.
I21FW2W108,I,21,FW2W,108,flewelling_2pt,TRUE,"SF_DS (profile.f TAPERMODEL, VOLEQ(4:4)=F)",voleqdef.f:914,Literal default-equation / species-validity string in voleqdef.f.
I21FW2W119,I,21,FW2W,119,flewelling_2pt,TRUE,"SF_DS (profile.f TAPERMODEL, VOLEQ(4:4)=F)",voleqdef.f:914,Literal default-equation / species-validity string in voleqdef.f.
I21FW2W122,I,21,FW2W,122,flewelling_2pt,TRUE,"SF_DS (profile.f TAPERMODEL, VOLEQ(4:4)=F)",voleqdef.f:914,Literal default-equation / species-validity string in voleqdef.f.
I21FW2W202,I,21,FW2W,202,flewelling_2pt,TRUE,"SF_DS (profile.f TAPERMODEL, VOLEQ(4:4)=F)",voleqdef.f:914,Literal default-equation / species-validity string in voleqdef.f.
I21FW2W242,I,21,FW2W,242,flewelling_2pt,TRUE,"SF_DS (profile.f TAPERMODEL, VOLEQ(4:4)=F)",voleqdef.f:914,Literal default-equation / species-validity string in voleqdef.f.
I21FW2W260,I,21,FW2W,260,flewelling_2pt,TRUE,"SF_DS (profile.f TAPERMODEL, VOLEQ(4:4)=F)",voleqdef.f:915,Literal default-equation / species-validity string in voleqdef.f.
I22FW2W012,I,22,FW2W,012,flewelling_2pt,TRUE,"SF_DS (profile.f TAPERMODEL, VOLEQ(4:4)=F)",voleqdef.f:206,Literal default-equation / species-validity string in voleqdef.f.
I22FW2W017,I,22,FW2W,017,flewelling_2pt,TRUE,"SF_DS (profile.f TAPERMODEL, VOLEQ(4:4)=F)",voleqdef.f:915,Literal default-equation / species-validity string in voleqdef.f.
I22FW2W019,I,22,FW2W,019,flewelling_2pt,TRUE,"SF_DS (profile.f TAPERMODEL, VOLEQ(4:4)=F)",voleqdef.f:915,Literal default-equation / species-validity string in voleqdef.f.
I22FW2W073,I,22,FW2W,073,flewelling_2pt,TRUE,"SF_DS (profile.f TAPERMODEL, VOLEQ(4:4)=F)",voleqdef.f:915,Literal default-equation / species-validity string in voleqdef.f.
I22FW2W093,I,22,FW2W,093,flewelling_2pt,TRUE,"SF_DS (profile.f TAPERMODEL, VOLEQ(4:4)=F)",voleqdef.f:916,Literal default-equation / species-validity string in voleqdef.f.
I22FW2W108,I,22,FW2W,108,flewelling_2pt,TRUE,"SF_DS (profile.f TAPERMODEL, VOLEQ(4:4)=F)",voleqdef.f:916,Literal default-equation / species-validity string in voleqdef.f.
I22FW2W119,I,22,FW2W,119,flewelling_2pt,TRUE,"SF_DS (profile.f TAPERMODEL, VOLEQ(4:4)=F)",voleqdef.f:916,Literal default-equation / species-validity string in voleqdef.f.
I22FW2W122,I,22,FW2W,122,flewelling_2pt,TRUE,"SF_DS (profile.f TAPERMODEL, VOLEQ(4:4)=F)",voleqdef.f:916,Literal default-equation / species-validity string in voleqdef.f.
I22FW2W202,I,22,FW2W,202,flewelling_2pt,TRUE,"SF_DS (profile.f TAPERMODEL, VOLEQ(4:4)=F)",voleqdef.f:916,Literal default-equation / species-validity string in voleqdef.f.
I22FW2W242,I,22,FW2W,242,flewelling_2pt,TRUE,"SF_DS (profile.f TAPERMODEL, VOLEQ(4:4)=F)",voleqdef.f:917,Literal default-equation / species-validity string in voleqdef.f.
I22FW2W260,I,22,FW2W,260,flewelling_2pt,TRUE,"SF_DS (profile.f TAPERMODEL, VOLEQ(4:4)=F)",voleqdef.f:917,Literal default-equation / species-validity string in voleqdef.f.
I23FW2W012,I,23,FW2W,012,flewelling_2pt,TRUE,"SF_DS (profile.f TAPERMODEL, VOLEQ(4:4)=F)",voleqdef.f:917,Literal default-equation / species-validity string in voleqdef.f.
I23FW2W017,I,23,FW2W,017,flewelling_2pt,TRUE,"SF_DS (profile.f TAPERMODEL, VOLEQ(4:4)=F)",voleqdef.f:917,Literal default-equation / species-validity string in voleqdef.f.
I23FW2W019,I,23,FW2W,019,flewelling_2pt,TRUE,"SF_DS (profile.f TAPERMODEL, VOLEQ(4:4)=F)",voleqdef.f:917,Literal default-equation / species-validity string in voleqdef.f.
I23FW2W073,I,23,FW2W,073,flewelling_2pt,TRUE,"SF_DS (profile.f TAPERMODEL, VOLEQ(4:4)=F)",voleqdef.f:918,Literal default-equation / species-validity string in voleqdef.f.
I23FW2W093,I,23,FW2W,093,flewelling_2pt,TRUE,"SF_DS (profile.f TAPERMODEL, VOLEQ(4:4)=F)",voleqdef.f:918,Literal default-equation / species-validity string in voleqdef.f.
I23FW2W108,I,23,FW2W,108,flewelling_2pt,TRUE,"SF_DS (profile.f TAPERMODEL, VOLEQ(4:4)=F)",voleqdef.f:918,Literal default-equation / species-validity string in voleqdef.f.
I23FW2W119,I,23,FW2W,119,flewelling_2pt,TRUE,"SF_DS (profile.f TAPERMODEL, VOLEQ(4:4)=F)",voleqdef.f:918,Literal default-equation / species-validity string in voleqdef.f.
I23FW2W122,I,23,FW2W,122,flewelling_2pt,TRUE,"SF_DS (profile.f TAPERMODEL, VOLEQ(4:4)=F)",voleqdef.f:918,Literal default-equation / species-validity string in voleqdef.f.
I23FW2W202,I,23,FW2W,202,flewelling_2pt,TRUE,"SF_DS (profile.f TAPERMODEL, VOLEQ(4:4)=F)",voleqdef.f:919,Literal default-equation / species-validity string in voleqdef.f.
I23FW2W242,I,23,FW2W,242,flewelling_2pt,TRUE,"SF_DS (profile.f TAPERMODEL, VOLEQ(4:4)=F)",voleqdef.f:919,Literal default-equation / species-validity string in voleqdef.f.
I23FW2W260,I,23,FW2W,260,flewelling_2pt,TRUE,"SF_DS (profile.f TAPERMODEL, VOLEQ(4:4)=F)",voleqdef.f:919,Literal default-equation / species-validity string in voleqdef.f.
NVB0000015,N,VB,0000,015,nsvb,TRUE,NVB_Vib/NVB_DibAtHT/NVB_DobAtHT (nsvb.f); default asgnmt NVB_DefaultEq (nsvb.f:1371),voleqdef.f:437,"NVB prefix occupies positions 1-3 (breaks the usual 1+2+4+3 layout); position4 is '0' or 'M' (ecoprovince>999 flag), positions5-7 are the 3-digit ecoprovince, positions8-10 the species code. profile_based=TRUE because NVB_DibAtHT/NVB_DobAtHT provide diameter-at-height, but the method is a Kozak-type volume-ratio equation (nsvb.f:942-950), not a segmented taper (see NVEL_INVENTORY.md Sec 5.4). Literal default-equation / species-validity string in voleqdef.f."
NVB0000746,N,VB,0000,746,nsvb,TRUE,NVB_Vib/NVB_DibAtHT/NVB_DobAtHT (nsvb.f); default asgnmt NVB_DefaultEq (nsvb.f:1371),voleqdef.f:444,"NVB prefix occupies positions 1-3 (breaks the usual 1+2+4+3 layout); position4 is '0' or 'M' (ecoprovince>999 flag), positions5-7 are the 3-digit ecoprovince, positions8-10 the species code. profile_based=TRUE because NVB_DibAtHT/NVB_DobAtHT provide diameter-at-height, but the method is a Kozak-type volume-ratio equation (nsvb.f:942-950), not a segmented taper (see NVEL_INVENTORY.md Sec 5.4). Literal default-equation / species-validity string in voleqdef.f."
NVBM240119,N,VB,M240,119,nsvb,TRUE,NVB_Vib/NVB_DibAtHT/NVB_DobAtHT (nsvb.f); default asgnmt NVB_DefaultEq (nsvb.f:1371),voleqdef.f:441,"NVB prefix occupies positions 1-3 (breaks the usual 1+2+4+3 layout); position4 is '0' or 'M' (ecoprovince>999 flag), positions5-7 are the 3-digit ecoprovince, positions8-10 the species code. profile_based=TRUE because NVB_DibAtHT/NVB_DobAtHT provide diameter-at-height, but the method is a Kozak-type volume-ratio equation (nsvb.f:942-950), not a segmented taper (see NVEL_INVENTORY.md Sec 5.4). Literal default-equation / species-validity string in voleqdef.f."
NVBM240351,N,VB,M240,351,nsvb,TRUE,NVB_Vib/NVB_DibAtHT/NVB_DobAtHT (nsvb.f); default asgnmt NVB_DefaultEq (nsvb.f:1371),voleqdef.f:940,"NVB prefix occupies positions 1-3 (breaks the usual 1+2+4+3 layout); position4 is '0' or 'M' (ecoprovince>999 flag), positions5-7 are the 3-digit ecoprovince, positions8-10 the species code. profile_based=TRUE because NVB_DibAtHT/NVB_DobAtHT provide diameter-at-height, but the method is a Kozak-type volume-ratio equation (nsvb.f:942-950), not a segmented taper (see NVEL_INVENTORY.md Sec 5.4). Literal default-equation / species-validity string in voleqdef.f."
NVBM330093,N,VB,M330,093,nsvb,TRUE,NVB_Vib/NVB_DibAtHT/NVB_DobAtHT (nsvb.f); default asgnmt NVB_DefaultEq (nsvb.f:1371),voleqdef.f:439,"NVB prefix occupies positions 1-3 (breaks the usual 1+2+4+3 layout); position4 is '0' or 'M' (ecoprovince>999 flag), positions5-7 are the 3-digit ecoprovince, positions8-10 the species code. profile_based=TRUE because NVB_DibAtHT/NVB_DobAtHT provide diameter-at-height, but the method is a Kozak-type volume-ratio equation (nsvb.f:942-950), not a segmented taper (see NVEL_INVENTORY.md Sec 5.4). Literal default-equation / species-validity string in voleqdef.f."
101DVEW***,1,01,DVEW,***,direct_volume,FALSE,"R1KEMP (r1kemp.f:2) or R1ALLENB/R1ALLENC (r1allen.f:4,203), by VOLEQ(2:3)",fiaeq2nveleq.for:22,Direct Volume Estimator; DVEST (dvest.f) dispatches purely on VOLEQ(1:1) to a region-specific combined-variable equation. Crosswalk template from fiaeq2nveleq.for (BDLIST/CULIST); '*' = wildcard filled at runtime with species digits and/or the GEOSUB sub-region digit (fiaeq2nveleq.for:975-999).
102DVEW***,1,02,DVEW,***,direct_volume,FALSE,"R1KEMP (r1kemp.f:2) or R1ALLENB/R1ALLENC (r1allen.f:4,203), by VOLEQ(2:3)",fiaeq2nveleq.for:25,Direct Volume Estimator; DVEST (dvest.f) dispatches purely on VOLEQ(1:1) to a region-specific combined-variable equation. Crosswalk template from fiaeq2nveleq.for (BDLIST/CULIST); '*' = wildcard filled at runtime with species digits and/or the GEOSUB sub-region digit (fiaeq2nveleq.for:975-999).
201DVEW746,2,01,DVEW,746,direct_volume,FALSE,R2OLDV (r2oldv.f:2),fiaeq2nveleq.for:582,Direct Volume Estimator; DVEST (dvest.f) dispatches purely on VOLEQ(1:1) to a region-specific combined-variable equation. Crosswalk template from fiaeq2nveleq.for (BDLIST/CULIST); fully literal crosswalk output (no wildcard positions in this particular template).
300DVEW746,3,00,DVEW,746,direct_volume,FALSE,R3D2HV (r3d2hv.f:2),fiaeq2nveleq.for:246,Direct Volume Estimator; DVEST (dvest.f) dispatches purely on VOLEQ(1:1) to a region-specific combined-variable equation. Crosswalk template from fiaeq2nveleq.for (BDLIST/CULIST); fully literal crosswalk output (no wildcard positions in this particular template).
301DVEW060,3,01,DVEW,060,direct_volume,FALSE,R3D2HV (r3d2hv.f:2),fiaeq2nveleq.for:412,Direct Volume Estimator; DVEST (dvest.f) dispatches purely on VOLEQ(1:1) to a region-specific combined-variable equation. Crosswalk template from fiaeq2nveleq.for (BDLIST/CULIST); fully literal crosswalk output (no wildcard positions in this particular template).
301DVEW106,3,01,DVEW,106,direct_volume,FALSE,R3D2HV (r3d2hv.f:2),fiaeq2nveleq.for:451,Direct Volume Estimator; DVEST (dvest.f) dispatches purely on VOLEQ(1:1) to a region-specific combined-variable equation. Crosswalk template from fiaeq2nveleq.for (BDLIST/CULIST); fully literal crosswalk output (no wildcard positions in this particular template).
301DVEW122,3,01,DVEW,122,direct_volume,FALSE,R3D2HV (r3d2hv.f:2),fiaeq2nveleq.for:183,Direct Volume Estimator; DVEST (dvest.f) dispatches purely on VOLEQ(1:1) to a region-specific combined-variable equation. Crosswalk template from fiaeq2nveleq.for (BDLIST/CULIST); fully literal crosswalk output (no wildcard positions in this particular template).
301DVEW800,3,01,DVEW,800,direct_volume,FALSE,R3D2HV (r3d2hv.f:2),fiaeq2nveleq.for:589,Direct Volume Estimator; DVEST (dvest.f) dispatches purely on VOLEQ(1:1) to a region-specific combined-variable equation. Crosswalk template from fiaeq2nveleq.for (BDLIST/CULIST); fully literal crosswalk output (no wildcard positions in this particular template).
302DVEW060,3,02,DVEW,060,direct_volume,FALSE,R3D2HV (r3d2hv.f:2),fiaeq2nveleq.for:413,Direct Volume Estimator; DVEST (dvest.f) dispatches purely on VOLEQ(1:1) to a region-specific combined-variable equation. Crosswalk template from fiaeq2nveleq.for (BDLIST/CULIST); fully literal crosswalk output (no wildcard positions in this particular template).
302DVEW106,3,02,DVEW,106,direct_volume,FALSE,R3D2HV (r3d2hv.f:2),fiaeq2nveleq.for:452,Direct Volume Estimator; DVEST (dvest.f) dispatches purely on VOLEQ(1:1) to a region-specific combined-variable equation. Crosswalk template from fiaeq2nveleq.for (BDLIST/CULIST); fully literal crosswalk output (no wildcard positions in this particular template).
302DVEW122,3,02,DVEW,122,direct_volume,FALSE,R3D2HV (r3d2hv.f:2),fiaeq2nveleq.for:184,Direct Volume Estimator; DVEST (dvest.f) dispatches purely on VOLEQ(1:1) to a region-specific combined-variable equation. Crosswalk template from fiaeq2nveleq.for (BDLIST/CULIST); fully literal crosswalk output (no wildcard positions in this particular template).
402DVEW065,4,02,DVEW,065,direct_volume,FALSE,R4D2H (r4d2h.f:3),fiaeq2nveleq.for:428,Direct Volume Estimator; DVEST (dvest.f) dispatches purely on VOLEQ(1:1) to a region-specific combined-variable equation. Crosswalk template from fiaeq2nveleq.for (BDLIST/CULIST); fully literal crosswalk output (no wildcard positions in this particular template).
403DVEW065,4,03,DVEW,065,direct_volume,FALSE,R4D2H (r4d2h.f:3),fiaeq2nveleq.for:429,Direct Volume Estimator; DVEST (dvest.f) dispatches purely on VOLEQ(1:1) to a region-specific combined-variable equation. Crosswalk template from fiaeq2nveleq.for (BDLIST/CULIST); fully literal crosswalk output (no wildcard positions in this particular template).
500DVEW***,5,00,DVEW,***,direct_volume,FALSE,R5HARV (r5harv.f:6),fiaeq2nveleq.for:50,Direct Volume Estimator; DVEST (dvest.f) dispatches purely on VOLEQ(1:1) to a region-specific combined-variable equation. Crosswalk template from fiaeq2nveleq.for (BDLIST/CULIST); '*' = wildcard filled at runtime with species digits and/or the GEOSUB sub-region digit (fiaeq2nveleq.for:975-999).
891CLKE***,8,91,CLKE,***,clark_r9,TRUE,r9clarkdib -> r9Prep/r9dia417/r9totHt/r9dib/r9ht (r9clark.f),fiaeq2nveleq.for:291,"Region 9 Clark taper (r9clark.f/r9clarkdib.f); calcdia.f:159-160 and ht2topd.f route VOLEQ(1:1)='9' OR (VOLEQ(1:1)='8' AND VOLEQ(3:3)='1') here even though position1='8' (R8_CEQN 'TOPCODE'=1 case), per NVEL_INVENTORY.md Sec 3.2. Crosswalk template from fiaeq2nveleq.for (BDLIST/CULIST); '*' = wildcard filled at runtime with species digits and/or the GEOSUB sub-region digit (fiaeq2nveleq.for:975-999)."
891CLKO***,8,91,CLKO,***,clark_r9,TRUE,r9clarkdib -> r9Prep/r9dia417/r9totHt/r9dib/r9ht (r9clark.f),fiaeq2nveleq.for:290,"Region 9 Clark taper (r9clark.f/r9clarkdib.f); calcdia.f:159-160 and ht2topd.f route VOLEQ(1:1)='9' OR (VOLEQ(1:1)='8' AND VOLEQ(3:3)='1') here even though position1='8' (R8_CEQN 'TOPCODE'=1 case), per NVEL_INVENTORY.md Sec 3.2. Crosswalk template from fiaeq2nveleq.for (BDLIST/CULIST); '*' = wildcard filled at runtime with species digits and/or the GEOSUB sub-region digit (fiaeq2nveleq.for:975-999)."
8**DVEE***,8,**,DVEE,***,direct_volume,FALSE,"DVEST (dvest.f:8), region branch not resolved from VOLEQ(1:1)='8'",fiaeq2nveleq.for:43,Direct Volume Estimator; DVEST (dvest.f) dispatches purely on VOLEQ(1:1) to a region-specific combined-variable equation. Crosswalk template from fiaeq2nveleq.for (BDLIST/CULIST); '*' = wildcard filled at runtime with species digits and/or the GEOSUB sub-region digit (fiaeq2nveleq.for:975-999).
900DVEE***,9,00,DVEE,***,direct_volume,FALSE,"R9VOL (r9vol.f:2), or HAHN_NC250 (r9vol.f:444) if VOLEQ(2:3)=25",fiaeq2nveleq.for:272,Direct Volume Estimator; DVEST (dvest.f) dispatches purely on VOLEQ(1:1) to a region-specific combined-variable equation. Crosswalk template from fiaeq2nveleq.for (BDLIST/CULIST); '*' = wildcard filled at runtime with species digits and/or the GEOSUB sub-region digit (fiaeq2nveleq.for:975-999).
901DVEE***,9,01,DVEE,***,direct_volume,FALSE,"R9VOL (r9vol.f:2), or HAHN_NC250 (r9vol.f:444) if VOLEQ(2:3)=25",fiaeq2nveleq.for:44,Direct Volume Estimator; DVEST (dvest.f) dispatches purely on VOLEQ(1:1) to a region-specific combined-variable equation. Crosswalk template from fiaeq2nveleq.for (BDLIST/CULIST); '*' = wildcard filled at runtime with species digits and/or the GEOSUB sub-region digit (fiaeq2nveleq.for:975-999).
902DVEE***,9,02,DVEE,***,direct_volume,FALSE,"R9VOL (r9vol.f:2), or HAHN_NC250 (r9vol.f:444) if VOLEQ(2:3)=25",fiaeq2nveleq.for:45,Direct Volume Estimator; DVEST (dvest.f) dispatches purely on VOLEQ(1:1) to a region-specific combined-variable equation. Crosswalk template from fiaeq2nveleq.for (BDLIST/CULIST); '*' = wildcard filled at runtime with species digits and/or the GEOSUB sub-region digit (fiaeq2nveleq.for:975-999).
903DVEE***,9,03,DVEE,***,direct_volume,FALSE,"R9VOL (r9vol.f:2), or HAHN_NC250 (r9vol.f:444) if VOLEQ(2:3)=25",fiaeq2nveleq.for:46,Direct Volume Estimator; DVEST (dvest.f) dispatches purely on VOLEQ(1:1) to a region-specific combined-variable equation. Crosswalk template from fiaeq2nveleq.for (BDLIST/CULIST); '*' = wildcard filled at runtime with species digits and/or the GEOSUB sub-region digit (fiaeq2nveleq.for:975-999).
904DVEE***,9,04,DVEE,***,direct_volume,FALSE,"R9VOL (r9vol.f:2), or HAHN_NC250 (r9vol.f:444) if VOLEQ(2:3)=25",fiaeq2nveleq.for:47,Direct Volume Estimator; DVEST (dvest.f) dispatches purely on VOLEQ(1:1) to a region-specific combined-variable equation. Crosswalk template from fiaeq2nveleq.for (BDLIST/CULIST); '*' = wildcard filled at runtime with species digits and/or the GEOSUB sub-region digit (fiaeq2nveleq.for:975-999).
905DVEE***,9,05,DVEE,***,direct_volume,FALSE,"R9VOL (r9vol.f:2), or HAHN_NC250 (r9vol.f:444) if VOLEQ(2:3)=25",fiaeq2nveleq.for:48,Direct Volume Estimator; DVEST (dvest.f) dispatches purely on VOLEQ(1:1) to a region-specific combined-variable equation. Crosswalk template from fiaeq2nveleq.for (BDLIST/CULIST); '*' = wildcard filled at runtime with species digits and/or the GEOSUB sub-region digit (fiaeq2nveleq.for:975-999).
906DVEE***,9,06,DVEE,***,direct_volume,FALSE,"R9VOL (r9vol.f:2), or HAHN_NC250 (r9vol.f:444) if VOLEQ(2:3)=25",fiaeq2nveleq.for:49,Direct Volume Estimator; DVEST (dvest.f) dispatches purely on VOLEQ(1:1) to a region-specific combined-variable equation. Crosswalk template from fiaeq2nveleq.for (BDLIST/CULIST); '*' = wildcard filled at runtime with species digits and/or the GEOSUB sub-region digit (fiaeq2nveleq.for:975-999).
911DVEE***,9,11,DVEE,***,direct_volume,FALSE,"R9VOL (r9vol.f:2), or HAHN_NC250 (r9vol.f:444) if VOLEQ(2:3)=25",fiaeq2nveleq.for:294,Direct Volume Estimator; DVEST (dvest.f) dispatches purely on VOLEQ(1:1) to a region-specific combined-variable equation. Crosswalk template from fiaeq2nveleq.for (BDLIST/CULIST); '*' = wildcard filled at runtime with species digits and/or the GEOSUB sub-region digit (fiaeq2nveleq.for:975-999).
912DVEE***,9,12,DVEE,***,direct_volume,FALSE,"R9VOL (r9vol.f:2), or HAHN_NC250 (r9vol.f:444) if VOLEQ(2:3)=25",fiaeq2nveleq.for:295,Direct Volume Estimator; DVEST (dvest.f) dispatches purely on VOLEQ(1:1) to a region-specific combined-variable equation. Crosswalk template from fiaeq2nveleq.for (BDLIST/CULIST); '*' = wildcard filled at runtime with species digits and/or the GEOSUB sub-region digit (fiaeq2nveleq.for:975-999).
A00DVEW***,A,00,DVEW,***,direct_volume,FALSE,R10D2H (r10d2h.f:2),fiaeq2nveleq.for:98,Direct Volume Estimator; DVEST (dvest.f) dispatches purely on VOLEQ(1:1) to a region-specific combined-variable equation. Crosswalk template from fiaeq2nveleq.for (BDLIST/CULIST); '*' = wildcard filled at runtime with species digits and/or the GEOSUB sub-region digit (fiaeq2nveleq.for:975-999).
A01BRUW202,A,01,BRUW,202,r10_taper,TRUE,R10TAP/R10VOL (volinit.f:453-455 groups BRU with DEM/CUR),fiaeq2nveleq.for:536,Crosswalk template from fiaeq2nveleq.for (BDLIST/CULIST); fully literal crosswalk output (no wildcard positions in this particular template).
A01DVEW***,A,01,DVEW,***,direct_volume,FALSE,R10D2H (r10d2h.f:2),fiaeq2nveleq.for:100,Direct Volume Estimator; DVEST (dvest.f) dispatches purely on VOLEQ(1:1) to a region-specific combined-variable equation. Crosswalk template from fiaeq2nveleq.for (BDLIST/CULIST); '*' = wildcard filled at runtime with species digits and/or the GEOSUB sub-region digit (fiaeq2nveleq.for:975-999).
A16DEMW***,A,16,DEMW,***,r10_taper,TRUE,R10TAP (r10tap.f:2),fiaeq2nveleq.for:363,Crosswalk template from fiaeq2nveleq.for (BDLIST/CULIST); '*' = wildcard filled at runtime with species digits and/or the GEOSUB sub-region digit (fiaeq2nveleq.for:975-999).
H00SN2W***,H,00,SN2W,***,r12_taper,TRUE,"R12VOL/R12TAP (r12vol.f, r12tap.f:2)",fiaeq2nveleq.for:52,Crosswalk template from fiaeq2nveleq.for (BDLIST/CULIST); '*' = wildcard filled at runtime with species digits and/or the GEOSUB sub-region digit (fiaeq2nveleq.for:975-999).
N00GRE0***,N,00,GRE0,***,direct_volume,FALSE,GREEN_VOL (fia_vol_r89.for:341),fiaeq2nveleq.for:288,"FIA national volume-equation family, REGN=N (fia_volinit.for MDL=VOLEQ(4:6) dispatch). Crosswalk template from fiaeq2nveleq.for (BDLIST/CULIST); '*' = wildcard filled at runtime with species digits and/or the GEOSUB sub-region digit (fiaeq2nveleq.for:975-999)."
N00HIL0800,N,00,HIL0,800,direct_volume,FALSE,HILT_VOL (fia_vol_r89.for:400),fiaeq2nveleq.for:591,"FIA national volume-equation family, REGN=N (fia_volinit.for MDL=VOLEQ(4:6) dispatch). Crosswalk template from fiaeq2nveleq.for (BDLIST/CULIST); fully literal crosswalk output (no wildcard positions in this particular template)."
N00SCH0746,N,00,SCH0,746,direct_volume,FALSE,SCHLAEGEL_VOL (fia_vol_r89.for:117),fiaeq2nveleq.for:583,"FIA national volume-equation family, REGN=N (fia_volinit.for MDL=VOLEQ(4:6) dispatch). Crosswalk template from fiaeq2nveleq.for (BDLIST/CULIST); fully literal crosswalk output (no wildcard positions in this particular template)."
N00SCH1746,N,00,SCH1,746,direct_volume,FALSE,SCHLAEGEL_VOL (fia_vol_r89.for:117),fiaeq2nveleq.for:584,"FIA national volume-equation family, REGN=N (fia_volinit.for MDL=VOLEQ(4:6) dispatch). Crosswalk template from fiaeq2nveleq.for (BDLIST/CULIST); fully literal crosswalk output (no wildcard positions in this particular template)."
N01HAH0***,N,01,HAH0,***,direct_volume,FALSE,HAHN_VOL (fia_nc_vol.for:15),fiaeq2nveleq.for:55,"FIA national volume-equation family, REGN=N (fia_volinit.for MDL=VOLEQ(4:6) dispatch). Crosswalk template from fiaeq2nveleq.for (BDLIST/CULIST); '*' = wildcard filled at runtime with species digits and/or the GEOSUB sub-region digit (fiaeq2nveleq.for:975-999)."
N01STN0***,N,01,STN0,***,direct_volume,FALSE,STONE_VOL (fia_nc_vol.for:167),fiaeq2nveleq.for:54,"FIA national volume-equation family, REGN=N (fia_volinit.for MDL=VOLEQ(4:6) dispatch). Crosswalk template from fiaeq2nveleq.for (BDLIST/CULIST); '*' = wildcard filled at runtime with species digits and/or the GEOSUB sub-region digit (fiaeq2nveleq.for:975-999)."
N02BAR0***,N,02,BAR0,***,direct_volume,FALSE,BARNARD_VOL (fia_vol_r89.for:157),fiaeq2nveleq.for:285,"FIA national volume-equation family, REGN=N (fia_volinit.for MDL=VOLEQ(4:6) dispatch). Crosswalk template from fiaeq2nveleq.for (BDLIST/CULIST); '*' = wildcard filled at runtime with species digits and/or the GEOSUB sub-region digit (fiaeq2nveleq.for:975-999)."
N02SCT0***,N,02,SCT0,***,direct_volume,FALSE,SCOTT_VOL (fia_ne_vol.for:15),fiaeq2nveleq.for:53,"FIA national volume-equation family, REGN=N (fia_volinit.for MDL=VOLEQ(4:6) dispatch). Crosswalk template from fiaeq2nveleq.for (BDLIST/CULIST); '*' = wildcard filled at runtime with species digits and/or the GEOSUB sub-region digit (fiaeq2nveleq.for:975-999)."
P01BDE0***,P,01,BDE0,***,direct_volume,FALSE,BROWNE_DEMARS_EMBRY (fia_ak_vol.for:401),fiaeq2nveleq.for:106,"FIA national volume-equation family, REGN=P (fia_volinit.for MDL=VOLEQ(4:6) dispatch). Crosswalk template from fiaeq2nveleq.for (BDLIST/CULIST); '*' = wildcard filled at runtime with species digits and/or the GEOSUB sub-region digit (fiaeq2nveleq.for:975-999)."
P01BDE0042,P,01,BDE0,042,direct_volume,FALSE,BROWNE_DEMARS_EMBRY (fia_ak_vol.for:401),fiaeq2nveleq.for:132,"FIA national volume-equation family, REGN=P (fia_volinit.for MDL=VOLEQ(4:6) dispatch). Crosswalk template from fiaeq2nveleq.for (BDLIST/CULIST); fully literal crosswalk output (no wildcard positions in this particular template)."
P01BDE0242,P,01,BDE0,242,direct_volume,FALSE,BROWNE_DEMARS_EMBRY (fia_ak_vol.for:401),fiaeq2nveleq.for:225,"FIA national volume-equation family, REGN=P (fia_volinit.for MDL=VOLEQ(4:6) dispatch). Crosswalk template from fiaeq2nveleq.for (BDLIST/CULIST); fully literal crosswalk output (no wildcard positions in this particular template)."
P01DEE0***,P,01,DEE0,***,direct_volume,FALSE,DEMARS_EMBRY (fia_ak_vol.for:369),fiaeq2nveleq.for:367,"FIA national volume-equation family, REGN=P (fia_volinit.for MDL=VOLEQ(4:6) dispatch). Crosswalk template from fiaeq2nveleq.for (BDLIST/CULIST); '*' = wildcard filled at runtime with species digits and/or the GEOSUB sub-region digit (fiaeq2nveleq.for:975-999)."
P01DEM0***,P,01,DEM0,***,direct_volume,FALSE,DEMARS_VOL (fia_ak_vol.for:268),fiaeq2nveleq.for:102,"FIA national volume-equation family, REGN=P (fia_volinit.for MDL=VOLEQ(4:6) dispatch). Crosswalk template from fiaeq2nveleq.for (BDLIST/CULIST); '*' = wildcard filled at runtime with species digits and/or the GEOSUB sub-region digit (fiaeq2nveleq.for:975-999)."
P01DIP0094,P,01,DIP0,094,direct_volume,FALSE,DIPPOLD_PNW147 (fia_vol_r5610.for:13),fiaeq2nveleq.for:149,"FIA national volume-equation family, REGN=P (fia_volinit.for MDL=VOLEQ(4:6) dispatch). Crosswalk template from fiaeq2nveleq.for (BDLIST/CULIST); fully literal crosswalk output (no wildcard positions in this particular template)."
P01DIP0741,P,01,DIP0,741,direct_volume,FALSE,DIPPOLD_PNW147 (fia_vol_r5610.for:13),fiaeq2nveleq.for:577,"FIA national volume-equation family, REGN=P (fia_volinit.for MDL=VOLEQ(4:6) dispatch). Crosswalk template from fiaeq2nveleq.for (BDLIST/CULIST); fully literal crosswalk output (no wildcard positions in this particular template)."
P01EMB0***,P,01,EMB0,***,direct_volume,FALSE,EMBRY_VOL (fia_ak_vol.for:181),fiaeq2nveleq.for:104,"FIA national volume-equation family, REGN=P (fia_volinit.for MDL=VOLEQ(4:6) dispatch). Crosswalk template from fiaeq2nveleq.for (BDLIST/CULIST); '*' = wildcard filled at runtime with species digits and/or the GEOSUB sub-region digit (fiaeq2nveleq.for:975-999)."
P01GRE0***,P,01,GRE0,***,direct_volume,FALSE,GREGORY_VOL (fia_ak_vol.for:13),fiaeq2nveleq.for:355,"FIA national volume-equation family, REGN=P (fia_volinit.for MDL=VOLEQ(4:6) dispatch). Crosswalk template from fiaeq2nveleq.for (BDLIST/CULIST); '*' = wildcard filled at runtime with species digits and/or the GEOSUB sub-region digit (fiaeq2nveleq.for:975-999)."
P02BIG0***,P,02,BIG0,***,direct_volume,FALSE,BIGING7 (fia_vol_r5610.for:512),fiaeq2nveleq.for:41,"FIA national volume-equation family, REGN=P (fia_volinit.for MDL=VOLEQ(4:6) dispatch). Crosswalk template from fiaeq2nveleq.for (BDLIST/CULIST); '*' = wildcard filled at runtime with species digits and/or the GEOSUB sub-region digit (fiaeq2nveleq.for:975-999)."
P02HOR0***,P,02,HOR0,***,direct_volume,FALSE,HORN67 (fia_vol_r5610.for:464),fiaeq2nveleq.for:273,"FIA national volume-equation family, REGN=P (fia_volinit.for MDL=VOLEQ(4:6) dispatch). Crosswalk template from fiaeq2nveleq.for (BDLIST/CULIST); '*' = wildcard filled at runtime with species digits and/or the GEOSUB sub-region digit (fiaeq2nveleq.for:975-999)."
P02KRU2202,P,02,KRU2,202,direct_volume,FALSE,"KRUMLAND_DNR24/VOL/VOL2 (fia_nw_tarif.for:599,638,681), selected by VOLEQ(7:7)",fiaeq2nveleq.for:207,"FIA national volume-equation family, REGN=P (fia_volinit.for MDL=VOLEQ(4:6) dispatch). Crosswalk template from fiaeq2nveleq.for (BDLIST/CULIST); fully literal crosswalk output (no wildcard positions in this particular template)."
P02KRU2211,P,02,KRU2,211,direct_volume,FALSE,"KRUMLAND_DNR24/VOL/VOL2 (fia_nw_tarif.for:599,638,681), selected by VOLEQ(7:7)",fiaeq2nveleq.for:222,"FIA national volume-equation family, REGN=P (fia_volinit.for MDL=VOLEQ(4:6) dispatch). Crosswalk template from fiaeq2nveleq.for (BDLIST/CULIST); fully literal crosswalk output (no wildcard positions in this particular template)."
P02KRU2263,P,02,KRU2,263,direct_volume,FALSE,"KRUMLAND_DNR24/VOL/VOL2 (fia_nw_tarif.for:599,638,681), selected by VOLEQ(7:7)",fiaeq2nveleq.for:226,"FIA national volume-equation family, REGN=P (fia_volinit.for MDL=VOLEQ(4:6) dispatch). Crosswalk template from fiaeq2nveleq.for (BDLIST/CULIST); fully literal crosswalk output (no wildcard positions in this particular template)."
P02MAC1***,P,02,MAC1,***,direct_volume,FALSE,"MAC_DNR24 (fia_nw_tarif.for:522) if VOLEQ(7:7)=0, else PNW266_TARIF (fia_pnw266.for:131)",fiaeq2nveleq.for:107,"FIA national volume-equation family, REGN=P (fia_volinit.for MDL=VOLEQ(4:6) dispatch). Crosswalk template from fiaeq2nveleq.for (BDLIST/CULIST); '*' = wildcard filled at runtime with species digits and/or the GEOSUB sub-region digit (fiaeq2nveleq.for:975-999)."
P02MAC1015,P,02,MAC1,015,direct_volume,FALSE,"MAC_DNR24 (fia_nw_tarif.for:522) if VOLEQ(7:7)=0, else PNW266_TARIF (fia_pnw266.for:131)",fiaeq2nveleq.for:116,"FIA national volume-equation family, REGN=P (fia_volinit.for MDL=VOLEQ(4:6) dispatch). Crosswalk template from fiaeq2nveleq.for (BDLIST/CULIST); fully literal crosswalk output (no wildcard positions in this particular template)."
P02MAC1020,P,02,MAC1,020,direct_volume,FALSE,"MAC_DNR24 (fia_nw_tarif.for:522) if VOLEQ(7:7)=0, else PNW266_TARIF (fia_pnw266.for:131)",fiaeq2nveleq.for:125,"FIA national volume-equation family, REGN=P (fia_volinit.for MDL=VOLEQ(4:6) dispatch). Crosswalk template from fiaeq2nveleq.for (BDLIST/CULIST); fully literal crosswalk output (no wildcard positions in this particular template)."
P02MAC1081,P,02,MAC1,081,direct_volume,FALSE,"MAC_DNR24 (fia_nw_tarif.for:522) if VOLEQ(7:7)=0, else PNW266_TARIF (fia_pnw266.for:131)",fiaeq2nveleq.for:138,"FIA national volume-equation family, REGN=P (fia_volinit.for MDL=VOLEQ(4:6) dispatch). Crosswalk template from fiaeq2nveleq.for (BDLIST/CULIST); fully literal crosswalk output (no wildcard positions in this particular template)."
P02MAC1108,P,02,MAC1,108,direct_volume,FALSE,"MAC_DNR24 (fia_nw_tarif.for:522) if VOLEQ(7:7)=0, else PNW266_TARIF (fia_pnw266.for:131)",fiaeq2nveleq.for:154,"FIA national volume-equation family, REGN=P (fia_volinit.for MDL=VOLEQ(4:6) dispatch). Crosswalk template from fiaeq2nveleq.for (BDLIST/CULIST); fully literal crosswalk output (no wildcard positions in this particular template)."
P02MAC1117,P,02,MAC1,117,direct_volume,FALSE,"MAC_DNR24 (fia_nw_tarif.for:522) if VOLEQ(7:7)=0, else PNW266_TARIF (fia_pnw266.for:131)",fiaeq2nveleq.for:165,"FIA national volume-equation family, REGN=P (fia_volinit.for MDL=VOLEQ(4:6) dispatch). Crosswalk template from fiaeq2nveleq.for (BDLIST/CULIST); fully literal crosswalk output (no wildcard positions in this particular template)."
P02MAC1119,P,02,MAC1,119,direct_volume,FALSE,"MAC_DNR24 (fia_nw_tarif.for:522) if VOLEQ(7:7)=0, else PNW266_TARIF (fia_pnw266.for:131)",fiaeq2nveleq.for:172,"FIA national volume-equation family, REGN=P (fia_volinit.for MDL=VOLEQ(4:6) dispatch). Crosswalk template from fiaeq2nveleq.for (BDLIST/CULIST); fully literal crosswalk output (no wildcard positions in this particular template)."
P02MAC1122,P,02,MAC1,122,direct_volume,FALSE,"MAC_DNR24 (fia_nw_tarif.for:522) if VOLEQ(7:7)=0, else PNW266_TARIF (fia_pnw266.for:131)",fiaeq2nveleq.for:188,"FIA national volume-equation family, REGN=P (fia_volinit.for MDL=VOLEQ(4:6) dispatch). Crosswalk template from fiaeq2nveleq.for (BDLIST/CULIST); fully literal crosswalk output (no wildcard positions in this particular template)."
P02MAC1202,P,02,MAC1,202,direct_volume,FALSE,"MAC_DNR24 (fia_nw_tarif.for:522) if VOLEQ(7:7)=0, else PNW266_TARIF (fia_pnw266.for:131)",fiaeq2nveleq.for:208,"FIA national volume-equation family, REGN=P (fia_volinit.for MDL=VOLEQ(4:6) dispatch). Crosswalk template from fiaeq2nveleq.for (BDLIST/CULIST); fully literal crosswalk output (no wildcard positions in this particular template)."
P02WEN0***,P,02,WEN0,***,direct_volume,FALSE,"WENSEL_RN37 (fia_vol_r5610.for:56) if VOLEQ(7:7)=0, else WENSEL_1907 (fia_vol_r5610.for:357)",fiaeq2nveleq.for:27,"FIA national volume-equation family, REGN=P (fia_volinit.for MDL=VOLEQ(4:6) dispatch). Crosswalk template from fiaeq2nveleq.for (BDLIST/CULIST); '*' = wildcard filled at runtime with species digits and/or the GEOSUB sub-region digit (fiaeq2nveleq.for:975-999)."
P02WEN1***,P,02,WEN1,***,direct_volume,FALSE,"WENSEL_RN37 (fia_vol_r5610.for:56) if VOLEQ(7:7)=0, else WENSEL_1907 (fia_vol_r5610.for:357)",fiaeq2nveleq.for:33,"FIA national volume-equation family, REGN=P (fia_volinit.for MDL=VOLEQ(4:6) dispatch). Crosswalk template from fiaeq2nveleq.for (BDLIST/CULIST); '*' = wildcard filled at runtime with species digits and/or the GEOSUB sub-region digit (fiaeq2nveleq.for:975-999)."
P03CEN0000,P,03,CEN0,000,direct_volume,FALSE,CENTROID_CV (fia_pi_vol.for:11),fiaeq2nveleq.for:386,"FIA national volume-equation family, REGN=P (fia_volinit.for MDL=VOLEQ(4:6) dispatch). Crosswalk template from fiaeq2nveleq.for (BDLIST/CULIST); fully literal crosswalk output (no wildcard positions in this particular template)."
P03FRU0000,P,03,FRU0,000,direct_volume,FALSE,FRUSTRUM_VOL (fia_pi_vol.for:46),fiaeq2nveleq.for:382,"FIA national volume-equation family, REGN=P (fia_volinit.for MDL=VOLEQ(4:6) dispatch). Crosswalk template from fiaeq2nveleq.for (BDLIST/CULIST); fully literal crosswalk output (no wildcard positions in this particular template)."
P03ISL****,P,03,ISL*,***,direct_volume,FALSE,PACIFIC_ISLAND (fia_pi_vol.for:261),fiaeq2nveleq.for:376,"FIA national volume-equation family, REGN=P (fia_volinit.for MDL=VOLEQ(4:6) dispatch). Crosswalk template from fiaeq2nveleq.for (BDLIST/CULIST); '*' = wildcard filled at runtime with species digits and/or the GEOSUB sub-region digit (fiaeq2nveleq.for:975-999)."
P16BEL0264,P,16,BEL0,264,direct_volume,FALSE,BELL_DNR24 (fia_nw_tarif.for:223),fiaeq2nveleq.for:232,"FIA national volume-equation family, REGN=P (fia_volinit.for MDL=VOLEQ(4:6) dispatch). Crosswalk template from fiaeq2nveleq.for (BDLIST/CULIST); fully literal crosswalk output (no wildcard positions in this particular template)."
P16BRC1***,P,16,BRC1,***,direct_volume,FALSE,BROWNE_DNR24 (fia_nw_tarif.for:101),fiaeq2nveleq.for:67,"FIA national volume-equation family, REGN=P (fia_volinit.for MDL=VOLEQ(4:6) dispatch). Crosswalk template from fiaeq2nveleq.for (BDLIST/CULIST); '*' = wildcard filled at runtime with species digits and/or the GEOSUB sub-region digit (fiaeq2nveleq.for:975-999)."
P16BRC2***,P,16,BRC2,***,direct_volume,FALSE,BROWNE_DNR24 (fia_nw_tarif.for:101),fiaeq2nveleq.for:62,"FIA national volume-equation family, REGN=P (fia_volinit.for MDL=VOLEQ(4:6) dispatch). Crosswalk template from fiaeq2nveleq.for (BDLIST/CULIST); '*' = wildcard filled at runtime with species digits and/or the GEOSUB sub-region digit (fiaeq2nveleq.for:975-999)."
P16BRI0***,P,16,BRI0,***,direct_volume,FALSE,BROWNE_DNR24 (fia_nw_tarif.for:101),fiaeq2nveleq.for:72,"FIA national volume-equation family, REGN=P (fia_volinit.for MDL=VOLEQ(4:6) dispatch). Crosswalk template from fiaeq2nveleq.for (BDLIST/CULIST); '*' = wildcard filled at runtime with species digits and/or the GEOSUB sub-region digit (fiaeq2nveleq.for:975-999)."
P16BRO0***,P,16,BRO0,***,direct_volume,FALSE,BROWNE_DNR24 (fia_nw_tarif.for:101),fiaeq2nveleq.for:77,"FIA national volume-equation family, REGN=P (fia_volinit.for MDL=VOLEQ(4:6) dispatch). Crosswalk template from fiaeq2nveleq.for (BDLIST/CULIST); '*' = wildcard filled at runtime with species digits and/or the GEOSUB sub-region digit (fiaeq2nveleq.for:975-999)."
P16CHA0263,P,16,CHA0,263,direct_volume,FALSE,CHAMBERS_DNR24 (fia_nw_tarif.for:339),fiaeq2nveleq.for:227,"FIA national volume-equation family, REGN=P (fia_volinit.for MDL=VOLEQ(4:6) dispatch). Crosswalk template from fiaeq2nveleq.for (BDLIST/CULIST); fully literal crosswalk output (no wildcard positions in this particular template)."
P16CHT0064,P,16,CHT0,064,direct_volume,FALSE,CHT_DNR24 (fia_nw_tarif.for:378),fiaeq2nveleq.for:133,"FIA national volume-equation family, REGN=P (fia_volinit.for MDL=VOLEQ(4:6) dispatch). Crosswalk template from fiaeq2nveleq.for (BDLIST/CULIST); fully literal crosswalk output (no wildcard positions in this particular template)."
P16CUR0351,P,16,CUR0,351,direct_volume,FALSE,CURTIS_DNR24 (fia_nw_tarif.for:561),fiaeq2nveleq.for:239,"FIA national volume-equation family, REGN=P (fia_volinit.for MDL=VOLEQ(4:6) dispatch). Crosswalk template from fiaeq2nveleq.for (BDLIST/CULIST); fully literal crosswalk output (no wildcard positions in this particular template)."
P16KIN0202,P,16,KIN0,202,direct_volume,FALSE,KING_DNR24 (fia_nw_tarif.for:255),fiaeq2nveleq.for:215,"FIA national volume-equation family, REGN=P (fia_volinit.for MDL=VOLEQ(4:6) dispatch). Crosswalk template from fiaeq2nveleq.for (BDLIST/CULIST); fully literal crosswalk output (no wildcard positions in this particular template)."
P16KRU0***,P,16,KRU0,***,direct_volume,FALSE,"KRUMLAND_DNR24/VOL/VOL2 (fia_nw_tarif.for:599,638,681), selected by VOLEQ(7:7)",fiaeq2nveleq.for:93,"FIA national volume-equation family, REGN=P (fia_volinit.for MDL=VOLEQ(4:6) dispatch). Crosswalk template from fiaeq2nveleq.for (BDLIST/CULIST); '*' = wildcard filled at runtime with species digits and/or the GEOSUB sub-region digit (fiaeq2nveleq.for:975-999)."
P16KRU1***,P,16,KRU1,***,direct_volume,FALSE,"KRUMLAND_DNR24/VOL/VOL2 (fia_nw_tarif.for:599,638,681), selected by VOLEQ(7:7)",fiaeq2nveleq.for:92,"FIA national volume-equation family, REGN=P (fia_volinit.for MDL=VOLEQ(4:6) dispatch). Crosswalk template from fiaeq2nveleq.for (BDLIST/CULIST); '*' = wildcard filled at runtime with species digits and/or the GEOSUB sub-region digit (fiaeq2nveleq.for:975-999)."
P16MAC0015,P,16,MAC0,015,direct_volume,FALSE,"MAC_DNR24 (fia_nw_tarif.for:522) if VOLEQ(7:7)=0, else PNW266_TARIF (fia_pnw266.for:131)",fiaeq2nveleq.for:118,"FIA national volume-equation family, REGN=P (fia_volinit.for MDL=VOLEQ(4:6) dispatch). Crosswalk template from fiaeq2nveleq.for (BDLIST/CULIST); fully literal crosswalk output (no wildcard positions in this particular template)."
P16MAC0020,P,16,MAC0,020,direct_volume,FALSE,"MAC_DNR24 (fia_nw_tarif.for:522) if VOLEQ(7:7)=0, else PNW266_TARIF (fia_pnw266.for:131)",fiaeq2nveleq.for:127,"FIA national volume-equation family, REGN=P (fia_volinit.for MDL=VOLEQ(4:6) dispatch). Crosswalk template from fiaeq2nveleq.for (BDLIST/CULIST); fully literal crosswalk output (no wildcard positions in this particular template)."
P16MAC0081,P,16,MAC0,081,direct_volume,FALSE,"MAC_DNR24 (fia_nw_tarif.for:522) if VOLEQ(7:7)=0, else PNW266_TARIF (fia_pnw266.for:131)",fiaeq2nveleq.for:140,"FIA national volume-equation family, REGN=P (fia_volinit.for MDL=VOLEQ(4:6) dispatch). Crosswalk template from fiaeq2nveleq.for (BDLIST/CULIST); fully literal crosswalk output (no wildcard positions in this particular template)."
P16MAC0108,P,16,MAC0,108,direct_volume,FALSE,"MAC_DNR24 (fia_nw_tarif.for:522) if VOLEQ(7:7)=0, else PNW266_TARIF (fia_pnw266.for:131)",fiaeq2nveleq.for:158,"FIA national volume-equation family, REGN=P (fia_volinit.for MDL=VOLEQ(4:6) dispatch). Crosswalk template from fiaeq2nveleq.for (BDLIST/CULIST); fully literal crosswalk output (no wildcard positions in this particular template)."
P16MAC0117,P,16,MAC0,117,direct_volume,FALSE,"MAC_DNR24 (fia_nw_tarif.for:522) if VOLEQ(7:7)=0, else PNW266_TARIF (fia_pnw266.for:131)",fiaeq2nveleq.for:167,"FIA national volume-equation family, REGN=P (fia_volinit.for MDL=VOLEQ(4:6) dispatch). Crosswalk template from fiaeq2nveleq.for (BDLIST/CULIST); fully literal crosswalk output (no wildcard positions in this particular template)."
P16MAC0119,P,16,MAC0,119,direct_volume,FALSE,"MAC_DNR24 (fia_nw_tarif.for:522) if VOLEQ(7:7)=0, else PNW266_TARIF (fia_pnw266.for:131)",fiaeq2nveleq.for:174,"FIA national volume-equation family, REGN=P (fia_volinit.for MDL=VOLEQ(4:6) dispatch). Crosswalk template from fiaeq2nveleq.for (BDLIST/CULIST); fully literal crosswalk output (no wildcard positions in this particular template)."
P16MAC0122,P,16,MAC0,122,direct_volume,FALSE,"MAC_DNR24 (fia_nw_tarif.for:522) if VOLEQ(7:7)=0, else PNW266_TARIF (fia_pnw266.for:131)",fiaeq2nveleq.for:196,"FIA national volume-equation family, REGN=P (fia_volinit.for MDL=VOLEQ(4:6) dispatch). Crosswalk template from fiaeq2nveleq.for (BDLIST/CULIST); fully literal crosswalk output (no wildcard positions in this particular template)."
P16MAC0202,P,16,MAC0,202,direct_volume,FALSE,"MAC_DNR24 (fia_nw_tarif.for:522) if VOLEQ(7:7)=0, else PNW266_TARIF (fia_pnw266.for:131)",fiaeq2nveleq.for:210,"FIA national volume-equation family, REGN=P (fia_volinit.for MDL=VOLEQ(4:6) dispatch). Crosswalk template from fiaeq2nveleq.for (BDLIST/CULIST); fully literal crosswalk output (no wildcard positions in this particular template)."
P16MAC0998,P,16,MAC0,998,direct_volume,FALSE,"MAC_DNR24 (fia_nw_tarif.for:522) if VOLEQ(7:7)=0, else PNW266_TARIF (fia_pnw266.for:131)",fiaeq2nveleq.for:249,"FIA national volume-equation family, REGN=P (fia_volinit.for MDL=VOLEQ(4:6) dispatch). Crosswalk template from fiaeq2nveleq.for (BDLIST/CULIST); fully literal crosswalk output (no wildcard positions in this particular template)."
P16MAC1***,P,16,MAC1,***,direct_volume,FALSE,"MAC_DNR24 (fia_nw_tarif.for:522) if VOLEQ(7:7)=0, else PNW266_TARIF (fia_pnw266.for:131)",fiaeq2nveleq.for:109,"FIA national volume-equation family, REGN=P (fia_volinit.for MDL=VOLEQ(4:6) dispatch). Crosswalk template from fiaeq2nveleq.for (BDLIST/CULIST); '*' = wildcard filled at runtime with species digits and/or the GEOSUB sub-region digit (fiaeq2nveleq.for:975-999)."
P16PIL0***,P,16,PIL0,***,direct_volume,FALSE,PILLSBURY_DNR24 (fia_nw_tarif.for:426),fiaeq2nveleq.for:87,"FIA national volume-equation family, REGN=P (fia_volinit.for MDL=VOLEQ(4:6) dispatch). Crosswalk template from fiaeq2nveleq.for (BDLIST/CULIST); '*' = wildcard filled at runtime with species digits and/or the GEOSUB sub-region digit (fiaeq2nveleq.for:975-999)."
P16SMF0***,P,16,SMF0,***,direct_volume,FALSE,SUMMERFIELD_DNR24 (fia_nw_tarif.for:295),fiaeq2nveleq.for:82,"FIA national volume-equation family, REGN=P (fia_volinit.for MDL=VOLEQ(4:6) dispatch). Crosswalk template from fiaeq2nveleq.for (BDLIST/CULIST); '*' = wildcard filled at runtime with species digits and/or the GEOSUB sub-region digit (fiaeq2nveleq.for:975-999)."
P32BEL0264,P,32,BEL0,264,direct_volume,FALSE,BELL_DNR24 (fia_nw_tarif.for:223),fiaeq2nveleq.for:233,"FIA national volume-equation family, REGN=P (fia_volinit.for MDL=VOLEQ(4:6) dispatch). Crosswalk template from fiaeq2nveleq.for (BDLIST/CULIST); fully literal crosswalk output (no wildcard positions in this particular template)."
P32BRC1***,P,32,BRC1,***,direct_volume,FALSE,BROWNE_DNR24 (fia_nw_tarif.for:101),fiaeq2nveleq.for:68,"FIA national volume-equation family, REGN=P (fia_volinit.for MDL=VOLEQ(4:6) dispatch). Crosswalk template from fiaeq2nveleq.for (BDLIST/CULIST); '*' = wildcard filled at runtime with species digits and/or the GEOSUB sub-region digit (fiaeq2nveleq.for:975-999)."
P32BRC2***,P,32,BRC2,***,direct_volume,FALSE,BROWNE_DNR24 (fia_nw_tarif.for:101),fiaeq2nveleq.for:63,"FIA national volume-equation family, REGN=P (fia_volinit.for MDL=VOLEQ(4:6) dispatch). Crosswalk template from fiaeq2nveleq.for (BDLIST/CULIST); '*' = wildcard filled at runtime with species digits and/or the GEOSUB sub-region digit (fiaeq2nveleq.for:975-999)."
P32BRI0***,P,32,BRI0,***,direct_volume,FALSE,BROWNE_DNR24 (fia_nw_tarif.for:101),fiaeq2nveleq.for:73,"FIA national volume-equation family, REGN=P (fia_volinit.for MDL=VOLEQ(4:6) dispatch). Crosswalk template from fiaeq2nveleq.for (BDLIST/CULIST); '*' = wildcard filled at runtime with species digits and/or the GEOSUB sub-region digit (fiaeq2nveleq.for:975-999)."
P32BRO0***,P,32,BRO0,***,direct_volume,FALSE,BROWNE_DNR24 (fia_nw_tarif.for:101),fiaeq2nveleq.for:78,"FIA national volume-equation family, REGN=P (fia_volinit.for MDL=VOLEQ(4:6) dispatch). Crosswalk template from fiaeq2nveleq.for (BDLIST/CULIST); '*' = wildcard filled at runtime with species digits and/or the GEOSUB sub-region digit (fiaeq2nveleq.for:975-999)."
P32CHA0263,P,32,CHA0,263,direct_volume,FALSE,CHAMBERS_DNR24 (fia_nw_tarif.for:339),fiaeq2nveleq.for:228,"FIA national volume-equation family, REGN=P (fia_volinit.for MDL=VOLEQ(4:6) dispatch). Crosswalk template from fiaeq2nveleq.for (BDLIST/CULIST); fully literal crosswalk output (no wildcard positions in this particular template)."
P32CHT0064,P,32,CHT0,064,direct_volume,FALSE,CHT_DNR24 (fia_nw_tarif.for:378),fiaeq2nveleq.for:134,"FIA national volume-equation family, REGN=P (fia_volinit.for MDL=VOLEQ(4:6) dispatch). Crosswalk template from fiaeq2nveleq.for (BDLIST/CULIST); fully literal crosswalk output (no wildcard positions in this particular template)."
P32CUR0351,P,32,CUR0,351,direct_volume,FALSE,CURTIS_DNR24 (fia_nw_tarif.for:561),fiaeq2nveleq.for:240,"FIA national volume-equation family, REGN=P (fia_volinit.for MDL=VOLEQ(4:6) dispatch). Crosswalk template from fiaeq2nveleq.for (BDLIST/CULIST); fully literal crosswalk output (no wildcard positions in this particular template)."
P32KIN0202,P,32,KIN0,202,direct_volume,FALSE,KING_DNR24 (fia_nw_tarif.for:255),fiaeq2nveleq.for:216,"FIA national volume-equation family, REGN=P (fia_volinit.for MDL=VOLEQ(4:6) dispatch). Crosswalk template from fiaeq2nveleq.for (BDLIST/CULIST); fully literal crosswalk output (no wildcard positions in this particular template)."
P32KRU0***,P,32,KRU0,***,direct_volume,FALSE,"KRUMLAND_DNR24/VOL/VOL2 (fia_nw_tarif.for:599,638,681), selected by VOLEQ(7:7)",fiaeq2nveleq.for:94,"FIA national volume-equation family, REGN=P (fia_volinit.for MDL=VOLEQ(4:6) dispatch). Crosswalk template from fiaeq2nveleq.for (BDLIST/CULIST); '*' = wildcard filled at runtime with species digits and/or the GEOSUB sub-region digit (fiaeq2nveleq.for:975-999)."
P32MAC0015,P,32,MAC0,015,direct_volume,FALSE,"MAC_DNR24 (fia_nw_tarif.for:522) if VOLEQ(7:7)=0, else PNW266_TARIF (fia_pnw266.for:131)",fiaeq2nveleq.for:119,"FIA national volume-equation family, REGN=P (fia_volinit.for MDL=VOLEQ(4:6) dispatch). Crosswalk template from fiaeq2nveleq.for (BDLIST/CULIST); fully literal crosswalk output (no wildcard positions in this particular template)."
P32MAC0020,P,32,MAC0,020,direct_volume,FALSE,"MAC_DNR24 (fia_nw_tarif.for:522) if VOLEQ(7:7)=0, else PNW266_TARIF (fia_pnw266.for:131)",fiaeq2nveleq.for:128,"FIA national volume-equation family, REGN=P (fia_volinit.for MDL=VOLEQ(4:6) dispatch). Crosswalk template from fiaeq2nveleq.for (BDLIST/CULIST); fully literal crosswalk output (no wildcard positions in this particular template)."
P32MAC0081,P,32,MAC0,081,direct_volume,FALSE,"MAC_DNR24 (fia_nw_tarif.for:522) if VOLEQ(7:7)=0, else PNW266_TARIF (fia_pnw266.for:131)",fiaeq2nveleq.for:141,"FIA national volume-equation family, REGN=P (fia_volinit.for MDL=VOLEQ(4:6) dispatch). Crosswalk template from fiaeq2nveleq.for (BDLIST/CULIST); fully literal crosswalk output (no wildcard positions in this particular template)."
P32MAC0108,P,32,MAC0,108,direct_volume,FALSE,"MAC_DNR24 (fia_nw_tarif.for:522) if VOLEQ(7:7)=0, else PNW266_TARIF (fia_pnw266.for:131)",fiaeq2nveleq.for:159,"FIA national volume-equation family, REGN=P (fia_volinit.for MDL=VOLEQ(4:6) dispatch). Crosswalk template from fiaeq2nveleq.for (BDLIST/CULIST); fully literal crosswalk output (no wildcard positions in this particular template)."
P32MAC0117,P,32,MAC0,117,direct_volume,FALSE,"MAC_DNR24 (fia_nw_tarif.for:522) if VOLEQ(7:7)=0, else PNW266_TARIF (fia_pnw266.for:131)",fiaeq2nveleq.for:168,"FIA national volume-equation family, REGN=P (fia_volinit.for MDL=VOLEQ(4:6) dispatch). Crosswalk template from fiaeq2nveleq.for (BDLIST/CULIST); fully literal crosswalk output (no wildcard positions in this particular template)."
P32MAC0119,P,32,MAC0,119,direct_volume,FALSE,"MAC_DNR24 (fia_nw_tarif.for:522) if VOLEQ(7:7)=0, else PNW266_TARIF (fia_pnw266.for:131)",fiaeq2nveleq.for:175,"FIA national volume-equation family, REGN=P (fia_volinit.for MDL=VOLEQ(4:6) dispatch). Crosswalk template from fiaeq2nveleq.for (BDLIST/CULIST); fully literal crosswalk output (no wildcard positions in this particular template)."
P32MAC0122,P,32,MAC0,122,direct_volume,FALSE,"MAC_DNR24 (fia_nw_tarif.for:522) if VOLEQ(7:7)=0, else PNW266_TARIF (fia_pnw266.for:131)",fiaeq2nveleq.for:197,"FIA national volume-equation family, REGN=P (fia_volinit.for MDL=VOLEQ(4:6) dispatch). Crosswalk template from fiaeq2nveleq.for (BDLIST/CULIST); fully literal crosswalk output (no wildcard positions in this particular template)."
P32MAC0202,P,32,MAC0,202,direct_volume,FALSE,"MAC_DNR24 (fia_nw_tarif.for:522) if VOLEQ(7:7)=0, else PNW266_TARIF (fia_pnw266.for:131)",fiaeq2nveleq.for:211,"FIA national volume-equation family, REGN=P (fia_volinit.for MDL=VOLEQ(4:6) dispatch). Crosswalk template from fiaeq2nveleq.for (BDLIST/CULIST); fully literal crosswalk output (no wildcard positions in this particular template)."
P32MAC0998,P,32,MAC0,998,direct_volume,FALSE,"MAC_DNR24 (fia_nw_tarif.for:522) if VOLEQ(7:7)=0, else PNW266_TARIF (fia_pnw266.for:131)",fiaeq2nveleq.for:250,"FIA national volume-equation family, REGN=P (fia_volinit.for MDL=VOLEQ(4:6) dispatch). Crosswalk template from fiaeq2nveleq.for (BDLIST/CULIST); fully literal crosswalk output (no wildcard positions in this particular template)."
P32MAC1***,P,32,MAC1,***,direct_volume,FALSE,"MAC_DNR24 (fia_nw_tarif.for:522) if VOLEQ(7:7)=0, else PNW266_TARIF (fia_pnw266.for:131)",fiaeq2nveleq.for:110,"FIA national volume-equation family, REGN=P (fia_volinit.for MDL=VOLEQ(4:6) dispatch). Crosswalk template from fiaeq2nveleq.for (BDLIST/CULIST); '*' = wildcard filled at runtime with species digits and/or the GEOSUB sub-region digit (fiaeq2nveleq.for:975-999)."
P32PIL0***,P,32,PIL0,***,direct_volume,FALSE,PILLSBURY_DNR24 (fia_nw_tarif.for:426),fiaeq2nveleq.for:88,"FIA national volume-equation family, REGN=P (fia_volinit.for MDL=VOLEQ(4:6) dispatch). Crosswalk template from fiaeq2nveleq.for (BDLIST/CULIST); '*' = wildcard filled at runtime with species digits and/or the GEOSUB sub-region digit (fiaeq2nveleq.for:975-999)."
P32SMF0***,P,32,SMF0,***,direct_volume,FALSE,SUMMERFIELD_DNR24 (fia_nw_tarif.for:295),fiaeq2nveleq.for:83,"FIA national volume-equation family, REGN=P (fia_volinit.for MDL=VOLEQ(4:6) dispatch). Crosswalk template from fiaeq2nveleq.for (BDLIST/CULIST); '*' = wildcard filled at runtime with species digits and/or the GEOSUB sub-region digit (fiaeq2nveleq.for:975-999)."
R00CLE0000,R,00,CLE0,000,direct_volume,FALSE,CLENDENEN_SMALLTREE (fia_vol_r234.for:257),fiaeq2nveleq.for:308,"FIA national volume-equation family, REGN=R (fia_volinit.for MDL=VOLEQ(4:6) dispatch). Crosswalk template from fiaeq2nveleq.for (BDLIST/CULIST); fully literal crosswalk output (no wildcard positions in this particular template)."
R00CLE0001,R,00,CLE0,001,direct_volume,FALSE,CLENDENEN_SMALLTREE (fia_vol_r234.for:257),fiaeq2nveleq.for:309,"FIA national volume-equation family, REGN=R (fia_volinit.for MDL=VOLEQ(4:6) dispatch). Crosswalk template from fiaeq2nveleq.for (BDLIST/CULIST); fully literal crosswalk output (no wildcard positions in this particular template)."
R00MCT0122,R,00,MCT0,122,direct_volume,FALSE,MACTAGUE_VOL (fia_vol_r234.for:98),fiaeq2nveleq.for:509,"FIA national volume-equation family, REGN=R (fia_volinit.for MDL=VOLEQ(4:6) dispatch). Crosswalk template from fiaeq2nveleq.for (BDLIST/CULIST); fully literal crosswalk output (no wildcard positions in this particular template)."
R00MCT1122,R,00,MCT1,122,direct_volume,FALSE,MACTAGUE_VOL (fia_vol_r234.for:98),fiaeq2nveleq.for:510,"FIA national volume-equation family, REGN=R (fia_volinit.for MDL=VOLEQ(4:6) dispatch). Crosswalk template from fiaeq2nveleq.for (BDLIST/CULIST); fully literal crosswalk output (no wildcard positions in this particular template)."
R00MOI0***,R,00,MOI0,***,direct_volume,FALSE,MOISEN_VOL (fia_vol_r1.for:144),fiaeq2nveleq.for:304,"FIA national volume-equation family, REGN=R (fia_volinit.for MDL=VOLEQ(4:6) dispatch). Crosswalk template from fiaeq2nveleq.for (BDLIST/CULIST); '*' = wildcard filled at runtime with species digits and/or the GEOSUB sub-region digit (fiaeq2nveleq.for:975-999)."
R00MOI1***,R,00,MOI1,***,direct_volume,FALSE,MOISEN_VOL (fia_vol_r1.for:144),fiaeq2nveleq.for:289,"FIA national volume-equation family, REGN=R (fia_volinit.for MDL=VOLEQ(4:6) dispatch). Crosswalk template from fiaeq2nveleq.for (BDLIST/CULIST); '*' = wildcard filled at runtime with species digits and/or the GEOSUB sub-region digit (fiaeq2nveleq.for:975-999)."
R00MYE0122,R,00,MYE0,122,direct_volume,FALSE,MYERS_VOL (fia_vol_r234.for:186),fiaeq2nveleq.for:190,"FIA national volume-equation family, REGN=R (fia_volinit.for MDL=VOLEQ(4:6) dispatch). Crosswalk template from fiaeq2nveleq.for (BDLIST/CULIST); fully literal crosswalk output (no wildcard positions in this particular template)."
R00MYE1122,R,00,MYE1,122,direct_volume,FALSE,MYERS_VOL (fia_vol_r234.for:186),fiaeq2nveleq.for:191,"FIA national volume-equation family, REGN=R (fia_volinit.for MDL=VOLEQ(4:6) dispatch). Crosswalk template from fiaeq2nveleq.for (BDLIST/CULIST); fully literal crosswalk output (no wildcard positions in this particular template)."
R00RMR0***,R,00,RMR0,***,direct_volume,FALSE,EAST_VOL (fia_east_vol.for:12),fiaeq2nveleq.for:56,"FIA national volume-equation family, REGN=R (fia_volinit.for MDL=VOLEQ(4:6) dispatch). Crosswalk template from fiaeq2nveleq.for (BDLIST/CULIST); '*' = wildcard filled at runtime with species digits and/or the GEOSUB sub-region digit (fiaeq2nveleq.for:975-999)."
R01CLE0000,R,01,CLE0,000,direct_volume,FALSE,CLENDENEN_SMALLTREE (fia_vol_r234.for:257),fiaeq2nveleq.for:310,"FIA national volume-equation family, REGN=R (fia_volinit.for MDL=VOLEQ(4:6) dispatch). Crosswalk template from fiaeq2nveleq.for (BDLIST/CULIST); fully literal crosswalk output (no wildcard positions in this particular template)."
R01CLE0001,R,01,CLE0,001,direct_volume,FALSE,CLENDENEN_SMALLTREE (fia_vol_r234.for:257),fiaeq2nveleq.for:311,"FIA national volume-equation family, REGN=R (fia_volinit.for MDL=VOLEQ(4:6) dispatch). Crosswalk template from fiaeq2nveleq.for (BDLIST/CULIST); fully literal crosswalk output (no wildcard positions in this particular template)."
R01FAU0***,R,01,FAU0,***,direct_volume,FALSE,FAUROT_VOL (fia_vol_r1.for:18),fiaeq2nveleq.for:264,"FIA national volume-equation family, REGN=R (fia_volinit.for MDL=VOLEQ(4:6) dispatch). Crosswalk template from fiaeq2nveleq.for (BDLIST/CULIST); '*' = wildcard filled at runtime with species digits and/or the GEOSUB sub-region digit (fiaeq2nveleq.for:975-999)."
R01KEM0***,R,01,KEM0,***,direct_volume,FALSE,KEMP (fia_kemp_vol.for:25),fiaeq2nveleq.for:58,"FIA national volume-equation family, REGN=R (fia_volinit.for MDL=VOLEQ(4:6) dispatch). Crosswalk template from fiaeq2nveleq.for (BDLIST/CULIST); '*' = wildcard filled at runtime with species digits and/or the GEOSUB sub-region digit (fiaeq2nveleq.for:975-999)."
R01KEM0202,R,01,KEM0,202,direct_volume,FALSE,KEMP (fia_kemp_vol.for:25),fiaeq2nveleq.for:205,"FIA national volume-equation family, REGN=R (fia_volinit.for MDL=VOLEQ(4:6) dispatch). Crosswalk template from fiaeq2nveleq.for (BDLIST/CULIST); fully literal crosswalk output (no wildcard positions in this particular template)."
R01KEM0740,R,01,KEM0,740,direct_volume,FALSE,KEMP (fia_kemp_vol.for:25),fiaeq2nveleq.for:244,"FIA national volume-equation family, REGN=R (fia_volinit.for MDL=VOLEQ(4:6) dispatch). Crosswalk template from fiaeq2nveleq.for (BDLIST/CULIST); fully literal crosswalk output (no wildcard positions in this particular template)."
R02ALN0***,R,02,ALN0,***,direct_volume,FALSE,ALLEN_SMALLTREE (fia_vol_r1.for:234),fiaeq2nveleq.for:23,"FIA national volume-equation family, REGN=R (fia_volinit.for MDL=VOLEQ(4:6) dispatch). Crosswalk template from fiaeq2nveleq.for (BDLIST/CULIST); '*' = wildcard filled at runtime with species digits and/or the GEOSUB sub-region digit (fiaeq2nveleq.for:975-999)."
R02ALN1***,R,02,ALN1,***,direct_volume,FALSE,ALLEN_SMALLTREE (fia_vol_r1.for:234),fiaeq2nveleq.for:24,"FIA national volume-equation family, REGN=R (fia_volinit.for MDL=VOLEQ(4:6) dispatch). Crosswalk template from fiaeq2nveleq.for (BDLIST/CULIST); '*' = wildcard filled at runtime with species digits and/or the GEOSUB sub-region digit (fiaeq2nveleq.for:975-999)."
R03CHO0065,R,03,CHO0,065,direct_volume,FALSE,CHOJNACKY15_30 (fia_vol_r234.for:16),fiaeq2nveleq.for:417,"FIA national volume-equation family, REGN=R (fia_volinit.for MDL=VOLEQ(4:6) dispatch). Crosswalk template from fiaeq2nveleq.for (BDLIST/CULIST); fully literal crosswalk output (no wildcard positions in this particular template)."
R03CHO0066,R,03,CHO0,066,direct_volume,FALSE,CHOJNACKY15_30 (fia_vol_r234.for:16),fiaeq2nveleq.for:415,"FIA national volume-equation family, REGN=R (fia_volinit.for MDL=VOLEQ(4:6) dispatch). Crosswalk template from fiaeq2nveleq.for (BDLIST/CULIST); fully literal crosswalk output (no wildcard positions in this particular template)."
R03CHO0106,R,03,CHO0,106,direct_volume,FALSE,CHOJNACKY15_30 (fia_vol_r234.for:16),fiaeq2nveleq.for:454,"FIA national volume-equation family, REGN=R (fia_volinit.for MDL=VOLEQ(4:6) dispatch). Crosswalk template from fiaeq2nveleq.for (BDLIST/CULIST); fully literal crosswalk output (no wildcard positions in this particular template)."
S00BUR0131,S,00,BUR0,131,direct_volume,FALSE,BURKHART_VOL (fia_vol_r89.for:237),fiaeq2nveleq.for:527,"FIA national volume-equation family, REGN=S (fia_volinit.for MDL=VOLEQ(4:6) dispatch). Crosswalk template from fiaeq2nveleq.for (BDLIST/CULIST); fully literal crosswalk output (no wildcard positions in this particular template)."
S00BUR1131,S,00,BUR1,131,direct_volume,FALSE,BURKHART_VOL (fia_vol_r89.for:237),fiaeq2nveleq.for:526,"FIA national volume-equation family, REGN=S (fia_volinit.for MDL=VOLEQ(4:6) dispatch). Crosswalk template from fiaeq2nveleq.for (BDLIST/CULIST); fully literal crosswalk output (no wildcard positions in this particular template)."
S00CLK0806,S,00,CLK0,806,direct_volume,FALSE,CLARK_VOL (fia_vol_r89.for:29),fiaeq2nveleq.for:593,"FIA national volume-equation family, REGN=S (fia_volinit.for MDL=VOLEQ(4:6) dispatch). Crosswalk template from fiaeq2nveleq.for (BDLIST/CULIST); fully literal crosswalk output (no wildcard positions in this particular template)."
S00CLK0833,S,00,CLK0,833,direct_volume,FALSE,CLARK_VOL (fia_vol_r89.for:29),fiaeq2nveleq.for:606,"FIA national volume-equation family, REGN=S (fia_volinit.for MDL=VOLEQ(4:6) dispatch). Crosswalk template from fiaeq2nveleq.for (BDLIST/CULIST); fully literal crosswalk output (no wildcard positions in this particular template)."
S00CLK1806,S,00,CLK1,806,direct_volume,FALSE,CLARK_VOL (fia_vol_r89.for:29),fiaeq2nveleq.for:592,"FIA national volume-equation family, REGN=S (fia_volinit.for MDL=VOLEQ(4:6) dispatch). Crosswalk template from fiaeq2nveleq.for (BDLIST/CULIST); fully literal crosswalk output (no wildcard positions in this particular template)."
S00CLK1833,S,00,CLK1,833,direct_volume,FALSE,CLARK_VOL (fia_vol_r89.for:29),fiaeq2nveleq.for:605,"FIA national volume-equation family, REGN=S (fia_volinit.for MDL=VOLEQ(4:6) dispatch). Crosswalk template from fiaeq2nveleq.for (BDLIST/CULIST); fully literal crosswalk output (no wildcard positions in this particular template)."
S00FAR0121,S,00,FAR0,121,direct_volume,FALSE,FARRAR_VOL (fia_vol_r89.for:278),fiaeq2nveleq.for:481,"FIA national volume-equation family, REGN=S (fia_volinit.for MDL=VOLEQ(4:6) dispatch). Crosswalk template from fiaeq2nveleq.for (BDLIST/CULIST); fully literal crosswalk output (no wildcard positions in this particular template)."
S00SCH0831,S,00,SCH0,831,direct_volume,FALSE,SCHLAEGEL_VOL (fia_vol_r89.for:117),fiaeq2nveleq.for:602,"FIA national volume-equation family, REGN=S (fia_volinit.for MDL=VOLEQ(4:6) dispatch). Crosswalk template from fiaeq2nveleq.for (BDLIST/CULIST); fully literal crosswalk output (no wildcard positions in this particular template)."
S00SCH1831,S,00,SCH1,831,direct_volume,FALSE,SCHLAEGEL_VOL (fia_vol_r89.for:117),fiaeq2nveleq.for:603,"FIA national volume-equation family, REGN=S (fia_volinit.for MDL=VOLEQ(4:6) dispatch). Crosswalk template from fiaeq2nveleq.for (BDLIST/CULIST); fully literal crosswalk output (no wildcard positions in this particular template)."
S00SRS0***,S,00,SRS0,***,direct_volume,FALSE,SRS_VOL (fia_se_vol.for:14),fiaeq2nveleq.for:61,"FIA national volume-equation family, REGN=S (fia_volinit.for MDL=VOLEQ(4:6) dispatch). Crosswalk template from fiaeq2nveleq.for (BDLIST/CULIST); '*' = wildcard filled at runtime with species digits and/or the GEOSUB sub-region digit (fiaeq2nveleq.for:975-999)."
S01BUR0131,S,01,BUR0,131,direct_volume,FALSE,BURKHART_VOL (fia_vol_r89.for:237),fiaeq2nveleq.for:525,"FIA national volume-equation family, REGN=S (fia_volinit.for MDL=VOLEQ(4:6) dispatch). Crosswalk template from fiaeq2nveleq.for (BDLIST/CULIST); fully literal crosswalk output (no wildcard positions in this particular template)."
S01BUR1131,S,01,BUR1,131,direct_volume,FALSE,BURKHART_VOL (fia_vol_r89.for:237),fiaeq2nveleq.for:524,"FIA national volume-equation family, REGN=S (fia_volinit.for MDL=VOLEQ(4:6) dispatch). Crosswalk template from fiaeq2nveleq.for (BDLIST/CULIST); fully literal crosswalk output (no wildcard positions in this particular template)."
S99BRA****,S,99,BRA*,***,direct_volume,FALSE,BRANDEIS_VOL (fia_vol_carib.for:15),fiaeq2nveleq.for:369,"FIA national volume-equation family, REGN=S (fia_volinit.for MDL=VOLEQ(4:6) dispatch). Crosswalk template from fiaeq2nveleq.for (BDLIST/CULIST); '*' = wildcard filled at runtime with species digits and/or the GEOSUB sub-region digit (fiaeq2nveleq.for:975-999)."
???F??????,?,??,F???,???,flewelling_2pt,TRUE,"SF_DS (via TAPERMODEL, profile.f:1356-1359)",profile.f:1356,"PATTERN ROW (mnemonic/substring dispatch rule, not a literal VOLEQ string; '?' = wildcard/any character). Umbrella dispatch rule: profile.f TAPERMODEL tests only VOLEQ(4:4)='F'.OR.'f' to reach the whole Flewelling family; the specific sub-form (2-point FW2, 3-point FW3/F32/F33, or 2pt-height-unknown) is resolved by chars(4:6) inside FWINIT/calcdia.f, not by profile.f itself. See the FW2/FW3/F32/F33 pattern rows below for the sub-form split."
???FW2????,?,??,FW2?,???,flewelling_2pt,TRUE,SF_DS (sf_2pt.f/sf_2pth.f) via FWINIT,calcdia.f:108,"PATTERN ROW (mnemonic/substring dispatch rule, not a literal VOLEQ string; '?' = wildcard/any character). 2-point Flewelling form (DBH + total height); calcdia.f:108-114 and ht2topd.f:69-74 test VOLEQ(4:6)='FW2' explicitly."
???FW3????,?,??,FW3?,???,flewelling_3pt,TRUE,SF_DS+SF_YHAT3 (sf_3pt.f) via FWINIT,calcdia.f:108,"PATTERN ROW (mnemonic/substring dispatch rule, not a literal VOLEQ string; '?' = wildcard/any character). 3-point Flewelling calibration form (DBH + total height + 1-2 upper measurements); tested alongside FW2 at calcdia.f:108-114."
???F32????,?,??,F32?,???,flewelling_3pt,TRUE,SF_DS+SF_YHAT3 (sf_3z.f) via FWINIT,calcdia.f:109,"PATTERN ROW (mnemonic/substring dispatch rule, not a literal VOLEQ string; '?' = wildcard/any character). 3-point Flewelling variant tested explicitly at calcdia.f:109 (VOLEQ(4:6)='F32'); exact distinction from FW3/F33 NOT DETERMINED beyond the sf_3pt.f vs sf_3z.f file split noted in NVEL_INVENTORY.md Sec 3.1."
???F33????,?,??,F33?,???,flewelling_3pt,TRUE,SF_DS+SF_YHAT3 (sf_3z.f) via FWINIT,calcdia.f:110,"PATTERN ROW (mnemonic/substring dispatch rule, not a literal VOLEQ string; '?' = wildcard/any character). 3-point Flewelling variant tested explicitly at calcdia.f:110 (VOLEQ(4:6)='F33'); see F32 note."
???CZ2????,?,??,CZ2?,???,r2_taper,TRUE,R2TAP - Max & Burkhart model (r2tap.f:182),profile.f:1362,"PATTERN ROW (mnemonic/substring dispatch rule, not a literal VOLEQ string; '?' = wildcard/any character). R2TAP dispatches internally on the VOLEQ suffix; CZ2 selects the Max & Burkhart coefficient set per NVEL_INVENTORY.md Sec 3.8."
???CZ3????,?,??,CZ3?,???,r2_taper,TRUE,R2TAP - Czaplewski 3-point model (r2tap.f:212),calcdia.f:118,"PATTERN ROW (mnemonic/substring dispatch rule, not a literal VOLEQ string; '?' = wildcard/any character). calcdia.f:118-135 has a dedicated CZ3 initialization branch (TOP6LEN 3-point setup) before calling TAPERMODEL."
???WO2????,?,??,WO2?,???,r5_taper,TRUE,R5TAP - Wensel & Krumland model (r5tap.f:119),profile.f:1369,"PATTERN ROW (mnemonic/substring dispatch rule, not a literal VOLEQ string; '?' = wildcard/any character). Code 'WO2' (apparently Wensel-Olson) does not match the in-file model name 'Wensel and Krumland' - naming inconsistency, NVEL_INVENTORY.md Sec 3.9/12.6."
???DEM????,?,??,DEM?,???,r10_taper,TRUE,R10TAP (r10tap.f:2),profile.f:1372,"PATTERN ROW (mnemonic/substring dispatch rule, not a literal VOLEQ string; '?' = wildcard/any character)."
???CUR????,?,??,CUR?,???,r10_taper,TRUE,R10TAP (r10tap.f:2),profile.f:1376,"PATTERN ROW (mnemonic/substring dispatch rule, not a literal VOLEQ string; '?' = wildcard/any character)."
???BRU????,?,??,BRU?,???,r10_taper,TRUE,R10TAP/R10VOL (grouped with DEM/CUR),volinit.f:453,"PATTERN ROW (mnemonic/substring dispatch rule, not a literal VOLEQ string; '?' = wildcard/any character). Not tested inside profile.f's TAPERMODEL itself; volinit.f:453-455 groups BRU with DEM/CUR before calling PROFILE or R10VOL directly."
???JB2????,?,??,JB2?,???,r1_taper,TRUE,R1TAP (r1tap.f:3),profile.f:1378,"PATTERN ROW (mnemonic/substring dispatch rule, not a literal VOLEQ string; '?' = wildcard/any character)."
???BEH????,?,??,BEH?,???,behre_taper,TRUE,"BEHTAP, non-'B' branch, fixed A=0.62 (blmtap.f:284-310)",profile.f:1395,"PATTERN ROW (mnemonic/substring dispatch rule, not a literal VOLEQ string; '?' = wildcard/any character). profile.f/calcdia.f/ht2topd.f all test VOLEQ(4:6)='BEH' the same way; BEHTAP itself then re-branches on VOLEQ(1:1) - see the B??BEH???? row for the BLM sub-case."
B??BEH????,B,??,BEH?,???,blm_taper,TRUE,"BEHTAP -> BLMTAPEQ + BLMTAP (blmtap.f:275,285,4)",blmtap.f:285,"PATTERN ROW (mnemonic/substring dispatch rule, not a literal VOLEQ string; '?' = wildcard/any character). Inside BEHTAP, VOLEQ(1:1)='B'.OR.'b' selects the BLM profile-group taper via BLMTAPEQ+BLMTAP instead of the plain Behre formula."
???MAT????,?,??,MAT?,???,r4_driver,TRUE,R4MATTAPER (r4vol.f:544),profile.f:1398,"PATTERN ROW (mnemonic/substring dispatch rule, not a literal VOLEQ string; '?' = wildcard/any character)."
???SN2????,?,??,SN2?,???,r12_taper,TRUE,"R12VOL -> R12TAP, Sharpneck model (r12vol.f, r12tap.f:2)",volinit.f:479,"PATTERN ROW (mnemonic/substring dispatch rule, not a literal VOLEQ string; '?' = wildcard/any character)."
9??CLK????,9,??,CLK?,???,clark_r9,TRUE,r9clarkdib -> r9Prep/r9dia417/r9totHt/r9dib/r9ht (r9clark.f),calcdia.f:159,"PATTERN ROW (mnemonic/substring dispatch rule, not a literal VOLEQ string; '?' = wildcard/any character). VOLEQ(1:1)='9' branch of the CLK test at calcdia.f:159-160 / ht2topd.f:121-246."
8?1CLK????,8,?1,CLK?,???,clark_r9,TRUE,r9clarkdib (shared code path with region 9),calcdia.f:159,"PATTERN ROW (mnemonic/substring dispatch rule, not a literal VOLEQ string; '?' = wildcard/any character). Exception: VOLEQ(1:1)='8' AND VOLEQ(3:3)='1' (R8_CEQN TOPCODE=1) is routed to the region-9 Clark code path, not R8CLKDIB - see NVEL_INVENTORY.md Sec 2.1/3.2 and the literal row '891CLKE***'."
8??CLK????,8,??,CLK?,???,clark_r8,TRUE,R8CLKDIB -> R8PREPCOEF (r8clkdib.f:2),calcdia.f:176,"PATTERN ROW (mnemonic/substring dispatch rule, not a literal VOLEQ string; '?' = wildcard/any character). Default region-8 Clark path when VOLEQ(3:3) != '1' (see the 8?1CLK???? exception row above). No literal example of this exact pattern was found among the extracted quoted strings; this row exists because the dispatch rule itself is directly documented (NVEL_INVENTORY.md Sec 3.2), even though no literal instance was captured."
S??CLK????,S,??,CLK?,???,direct_volume,FALSE,CLARK_VOL (fia_vol_r89.for:29),fia_volinit.for:331,"PATTERN ROW (mnemonic/substring dispatch rule, not a literal VOLEQ string; '?' = wildcard/any character). Naming collision: FIA South 'CLK' (VOLEQ(1:1)='S') is an unrelated direct combined-variable regression, not the region 8/9 Clark taper family."
1??DVE????,1,??,DVE?,???,direct_volume,FALSE,"R1KEMP (r1kemp.f:2) or R1ALLENB/R1ALLENC (r1allen.f:4,203) by VOLEQ(2:3)",dvest.f:28,"PATTERN ROW (mnemonic/substring dispatch rule, not a literal VOLEQ string; '?' = wildcard/any character)."
2??DVE????,2,??,DVE?,???,direct_volume,FALSE,R2OLDV (r2oldv.f:2),dvest.f:61,"PATTERN ROW (mnemonic/substring dispatch rule, not a literal VOLEQ string; '?' = wildcard/any character)."
3??DVE????,3,??,DVE?,???,direct_volume,FALSE,R3D2HV (r3d2hv.f:2),dvest.f:66,"PATTERN ROW (mnemonic/substring dispatch rule, not a literal VOLEQ string; '?' = wildcard/any character)."
4??DVE????,4,??,DVE?,???,direct_volume,FALSE,R4D2H (r4d2h.f:3),dvest.f:80,"PATTERN ROW (mnemonic/substring dispatch rule, not a literal VOLEQ string; '?' = wildcard/any character)."
5??DVE????,5,??,DVE?,???,direct_volume,FALSE,R5HARV (r5harv.f:6),dvest.f:85,"PATTERN ROW (mnemonic/substring dispatch rule, not a literal VOLEQ string; '?' = wildcard/any character)."
9??DVE????,9,??,DVE?,???,direct_volume,FALSE,"R9VOL (r9vol.f:2), or HAHN_NC250 (r9vol.f:444) if VOLEQ(2:3)='25'",dvest.f:90,"PATTERN ROW (mnemonic/substring dispatch rule, not a literal VOLEQ string; '?' = wildcard/any character)."
A??DVE????,A,??,DVE?,???,direct_volume,FALSE,R10D2H (r10d2h.f:2),dvest.f:100,"PATTERN ROW (mnemonic/substring dispatch rule, not a literal VOLEQ string; '?' = wildcard/any character)."
M01???????,M,01,????,???,direct_volume,FALSE,DOYAL78 (doyal78.f),dvest.f:122,"PATTERN ROW (mnemonic/substring dispatch rule, not a literal VOLEQ string; '?' = wildcard/any character). Army-base Doyle-rule volume, gated on HTTYPE='L'."
M02???????,M,02,????,???,direct_volume,FALSE,INTL78 (intl78.f),dvest.f:124,"PATTERN ROW (mnemonic/substring dispatch rule, not a literal VOLEQ string; '?' = wildcard/any character). Army-base International 1/4-rule volume, gated on HTTYPE='L'."
C?????????,C,??,????,???,direct_volume,FALSE,Voleq_Honer (honer.f),dvest.f:131,"PATTERN ROW (mnemonic/substring dispatch rule, not a literal VOLEQ string; '?' = wildcard/any character). BIA Canadian Honer equation, used for NVEL code C00DVEE*** (honer.f:6)."
???TRF????,?,??,TRF?,???,direct_volume,FALSE,PNWTARIF (pnwtarif.f),volinit.f:298,"PATTERN ROW (mnemonic/substring dispatch rule, not a literal VOLEQ string; '?' = wildcard/any character). PNW tarif-access-table method, implemented as direct formula evaluation (pnwtarif.f), not a stem-profile model."
NVB???????,N,VB,????,???,nsvb,TRUE,NVB_Vib/NVB_DibAtHT/NVB_DobAtHT (nsvb.f); NVB_DefaultEq (nsvb.f:1371) assigns it,calcdia.f:194,"PATTERN ROW (mnemonic/substring dispatch rule, not a literal VOLEQ string; '?' = wildcard/any character)."
P??BDE????,P,??,BDE?,???,direct_volume,FALSE,BROWNE_DEMARS_EMBRY (fia_ak_vol.for:401),fia_volinit.for:197,"PATTERN ROW (mnemonic/substring dispatch rule, not a literal VOLEQ string; '?' = wildcard/any character). FIA national-model dispatch: fia_volinit.for's FIAVOLUME tests REGN=VOLEQ(1:1)='P' then MDL=VOLEQ(4:6)='BDE'."
P??BEL????,P,??,BEL?,???,direct_volume,FALSE,BELL_DNR24 (fia_nw_tarif.for:223),fia_volinit.for:197,"PATTERN ROW (mnemonic/substring dispatch rule, not a literal VOLEQ string; '?' = wildcard/any character). FIA national-model dispatch: fia_volinit.for's FIAVOLUME tests REGN=VOLEQ(1:1)='P' then MDL=VOLEQ(4:6)='BEL'."
P??BIG????,P,??,BIG?,???,direct_volume,FALSE,BIGING7 (fia_vol_r5610.for:512),fia_volinit.for:197,"PATTERN ROW (mnemonic/substring dispatch rule, not a literal VOLEQ string; '?' = wildcard/any character). FIA national-model dispatch: fia_volinit.for's FIAVOLUME tests REGN=VOLEQ(1:1)='P' then MDL=VOLEQ(4:6)='BIG'."
P??BRC????,P,??,BRC?,???,direct_volume,FALSE,BROWNE_DNR24 (fia_nw_tarif.for:101),fia_volinit.for:197,"PATTERN ROW (mnemonic/substring dispatch rule, not a literal VOLEQ string; '?' = wildcard/any character). FIA national-model dispatch: fia_volinit.for's FIAVOLUME tests REGN=VOLEQ(1:1)='P' then MDL=VOLEQ(4:6)='BRC'."
P??BRI????,P,??,BRI?,???,direct_volume,FALSE,BROWNE_DNR24 (fia_nw_tarif.for:101),fia_volinit.for:197,"PATTERN ROW (mnemonic/substring dispatch rule, not a literal VOLEQ string; '?' = wildcard/any character). FIA national-model dispatch: fia_volinit.for's FIAVOLUME tests REGN=VOLEQ(1:1)='P' then MDL=VOLEQ(4:6)='BRI'."
P??BRO????,P,??,BRO?,???,direct_volume,FALSE,BROWNE_DNR24 (fia_nw_tarif.for:101),fia_volinit.for:197,"PATTERN ROW (mnemonic/substring dispatch rule, not a literal VOLEQ string; '?' = wildcard/any character). FIA national-model dispatch: fia_volinit.for's FIAVOLUME tests REGN=VOLEQ(1:1)='P' then MDL=VOLEQ(4:6)='BRO'."
P??CEN????,P,??,CEN?,???,direct_volume,FALSE,CENTROID_CV (fia_pi_vol.for:11),fia_volinit.for:197,"PATTERN ROW (mnemonic/substring dispatch rule, not a literal VOLEQ string; '?' = wildcard/any character). FIA national-model dispatch: fia_volinit.for's FIAVOLUME tests REGN=VOLEQ(1:1)='P' then MDL=VOLEQ(4:6)='CEN'."
P??CHA????,P,??,CHA?,???,direct_volume,FALSE,CHAMBERS_DNR24 (fia_nw_tarif.for:339),fia_volinit.for:197,"PATTERN ROW (mnemonic/substring dispatch rule, not a literal VOLEQ string; '?' = wildcard/any character). FIA national-model dispatch: fia_volinit.for's FIAVOLUME tests REGN=VOLEQ(1:1)='P' then MDL=VOLEQ(4:6)='CHA'."
P??CHT????,P,??,CHT?,???,direct_volume,FALSE,CHT_DNR24 (fia_nw_tarif.for:378),fia_volinit.for:197,"PATTERN ROW (mnemonic/substring dispatch rule, not a literal VOLEQ string; '?' = wildcard/any character). FIA national-model dispatch: fia_volinit.for's FIAVOLUME tests REGN=VOLEQ(1:1)='P' then MDL=VOLEQ(4:6)='CHT'."
P??CUR????,P,??,CUR?,???,direct_volume,FALSE,CURTIS_DNR24 (fia_nw_tarif.for:561),fia_volinit.for:197,"PATTERN ROW (mnemonic/substring dispatch rule, not a literal VOLEQ string; '?' = wildcard/any character). FIA national-model dispatch: fia_volinit.for's FIAVOLUME tests REGN=VOLEQ(1:1)='P' then MDL=VOLEQ(4:6)='CUR'."
P??DEE????,P,??,DEE?,???,direct_volume,FALSE,DEMARS_EMBRY (fia_ak_vol.for:369),fia_volinit.for:197,"PATTERN ROW (mnemonic/substring dispatch rule, not a literal VOLEQ string; '?' = wildcard/any character). FIA national-model dispatch: fia_volinit.for's FIAVOLUME tests REGN=VOLEQ(1:1)='P' then MDL=VOLEQ(4:6)='DEE'."
P??DEM????,P,??,DEM?,???,direct_volume,FALSE,DEMARS_VOL (fia_ak_vol.for:268),fia_volinit.for:197,"PATTERN ROW (mnemonic/substring dispatch rule, not a literal VOLEQ string; '?' = wildcard/any character). FIA national-model dispatch: fia_volinit.for's FIAVOLUME tests REGN=VOLEQ(1:1)='P' then MDL=VOLEQ(4:6)='DEM'."
P??DIP????,P,??,DIP?,???,direct_volume,FALSE,DIPPOLD_PNW147 (fia_vol_r5610.for:13),fia_volinit.for:197,"PATTERN ROW (mnemonic/substring dispatch rule, not a literal VOLEQ string; '?' = wildcard/any character). FIA national-model dispatch: fia_volinit.for's FIAVOLUME tests REGN=VOLEQ(1:1)='P' then MDL=VOLEQ(4:6)='DIP'."
P??EMB????,P,??,EMB?,???,direct_volume,FALSE,EMBRY_VOL (fia_ak_vol.for:181),fia_volinit.for:197,"PATTERN ROW (mnemonic/substring dispatch rule, not a literal VOLEQ string; '?' = wildcard/any character). FIA national-model dispatch: fia_volinit.for's FIAVOLUME tests REGN=VOLEQ(1:1)='P' then MDL=VOLEQ(4:6)='EMB'."
P??FRU????,P,??,FRU?,???,direct_volume,FALSE,FRUSTRUM_VOL (fia_pi_vol.for:46),fia_volinit.for:197,"PATTERN ROW (mnemonic/substring dispatch rule, not a literal VOLEQ string; '?' = wildcard/any character). FIA national-model dispatch: fia_volinit.for's FIAVOLUME tests REGN=VOLEQ(1:1)='P' then MDL=VOLEQ(4:6)='FRU'."
P??GRE????,P,??,GRE?,???,direct_volume,FALSE,GREGORY_VOL (fia_ak_vol.for:13),fia_volinit.for:197,"PATTERN ROW (mnemonic/substring dispatch rule, not a literal VOLEQ string; '?' = wildcard/any character). FIA national-model dispatch: fia_volinit.for's FIAVOLUME tests REGN=VOLEQ(1:1)='P' then MDL=VOLEQ(4:6)='GRE'."
P??HOR????,P,??,HOR?,???,direct_volume,FALSE,HORN67 (fia_vol_r5610.for:464),fia_volinit.for:197,"PATTERN ROW (mnemonic/substring dispatch rule, not a literal VOLEQ string; '?' = wildcard/any character). FIA national-model dispatch: fia_volinit.for's FIAVOLUME tests REGN=VOLEQ(1:1)='P' then MDL=VOLEQ(4:6)='HOR'."
P??ISL????,P,??,ISL?,???,direct_volume,FALSE,PACIFIC_ISLAND (fia_pi_vol.for:261),fia_volinit.for:197,"PATTERN ROW (mnemonic/substring dispatch rule, not a literal VOLEQ string; '?' = wildcard/any character). FIA national-model dispatch: fia_volinit.for's FIAVOLUME tests REGN=VOLEQ(1:1)='P' then MDL=VOLEQ(4:6)='ISL'."
P??KIN????,P,??,KIN?,???,direct_volume,FALSE,KING_DNR24 (fia_nw_tarif.for:255),fia_volinit.for:197,"PATTERN ROW (mnemonic/substring dispatch rule, not a literal VOLEQ string; '?' = wildcard/any character). FIA national-model dispatch: fia_volinit.for's FIAVOLUME tests REGN=VOLEQ(1:1)='P' then MDL=VOLEQ(4:6)='KIN'."
P??KRU????,P,??,KRU?,???,direct_volume,FALSE,"KRUMLAND_DNR24/VOL/VOL2 (fia_nw_tarif.for:599,638,681), selected by VOLEQ(7:7)",fia_volinit.for:197,"PATTERN ROW (mnemonic/substring dispatch rule, not a literal VOLEQ string; '?' = wildcard/any character). FIA national-model dispatch: fia_volinit.for's FIAVOLUME tests REGN=VOLEQ(1:1)='P' then MDL=VOLEQ(4:6)='KRU'."
P??MAC????,P,??,MAC?,???,direct_volume,FALSE,"MAC_DNR24 (fia_nw_tarif.for:522) if VOLEQ(7:7)=0, else PNW266_TARIF (fia_pnw266.for:131)",fia_volinit.for:197,"PATTERN ROW (mnemonic/substring dispatch rule, not a literal VOLEQ string; '?' = wildcard/any character). FIA national-model dispatch: fia_volinit.for's FIAVOLUME tests REGN=VOLEQ(1:1)='P' then MDL=VOLEQ(4:6)='MAC'."
P??PIL????,P,??,PIL?,???,direct_volume,FALSE,PILLSBURY_DNR24 (fia_nw_tarif.for:426),fia_volinit.for:197,"PATTERN ROW (mnemonic/substring dispatch rule, not a literal VOLEQ string; '?' = wildcard/any character). FIA national-model dispatch: fia_volinit.for's FIAVOLUME tests REGN=VOLEQ(1:1)='P' then MDL=VOLEQ(4:6)='PIL'."
P??SMF????,P,??,SMF?,???,direct_volume,FALSE,SUMMERFIELD_DNR24 (fia_nw_tarif.for:295),fia_volinit.for:197,"PATTERN ROW (mnemonic/substring dispatch rule, not a literal VOLEQ string; '?' = wildcard/any character). FIA national-model dispatch: fia_volinit.for's FIAVOLUME tests REGN=VOLEQ(1:1)='P' then MDL=VOLEQ(4:6)='SMF'."
P??WEN????,P,??,WEN?,???,direct_volume,FALSE,"WENSEL_RN37 (fia_vol_r5610.for:56) if VOLEQ(7:7)=0, else WENSEL_1907 (fia_vol_r5610.for:357)",fia_volinit.for:197,"PATTERN ROW (mnemonic/substring dispatch rule, not a literal VOLEQ string; '?' = wildcard/any character). FIA national-model dispatch: fia_volinit.for's FIAVOLUME tests REGN=VOLEQ(1:1)='P' then MDL=VOLEQ(4:6)='WEN'."
R??ALN????,R,??,ALN?,???,direct_volume,FALSE,ALLEN_SMALLTREE (fia_vol_r1.for:234),fia_volinit.for:314,"PATTERN ROW (mnemonic/substring dispatch rule, not a literal VOLEQ string; '?' = wildcard/any character). FIA national-model dispatch: fia_volinit.for's FIAVOLUME tests REGN=VOLEQ(1:1)='R' then MDL=VOLEQ(4:6)='ALN'."
R??CHO????,R,??,CHO?,???,direct_volume,FALSE,CHOJNACKY15_30 (fia_vol_r234.for:16),fia_volinit.for:314,"PATTERN ROW (mnemonic/substring dispatch rule, not a literal VOLEQ string; '?' = wildcard/any character). FIA national-model dispatch: fia_volinit.for's FIAVOLUME tests REGN=VOLEQ(1:1)='R' then MDL=VOLEQ(4:6)='CHO'."
R??CLE????,R,??,CLE?,???,direct_volume,FALSE,CLENDENEN_SMALLTREE (fia_vol_r234.for:257),fia_volinit.for:314,"PATTERN ROW (mnemonic/substring dispatch rule, not a literal VOLEQ string; '?' = wildcard/any character). FIA national-model dispatch: fia_volinit.for's FIAVOLUME tests REGN=VOLEQ(1:1)='R' then MDL=VOLEQ(4:6)='CLE'."
R??FAU????,R,??,FAU?,???,direct_volume,FALSE,FAUROT_VOL (fia_vol_r1.for:18),fia_volinit.for:314,"PATTERN ROW (mnemonic/substring dispatch rule, not a literal VOLEQ string; '?' = wildcard/any character). FIA national-model dispatch: fia_volinit.for's FIAVOLUME tests REGN=VOLEQ(1:1)='R' then MDL=VOLEQ(4:6)='FAU'."
R??KEM????,R,??,KEM?,???,direct_volume,FALSE,KEMP (fia_kemp_vol.for:25),fia_volinit.for:314,"PATTERN ROW (mnemonic/substring dispatch rule, not a literal VOLEQ string; '?' = wildcard/any character). FIA national-model dispatch: fia_volinit.for's FIAVOLUME tests REGN=VOLEQ(1:1)='R' then MDL=VOLEQ(4:6)='KEM'."
R??MCT????,R,??,MCT?,???,direct_volume,FALSE,MACTAGUE_VOL (fia_vol_r234.for:98),fia_volinit.for:314,"PATTERN ROW (mnemonic/substring dispatch rule, not a literal VOLEQ string; '?' = wildcard/any character). FIA national-model dispatch: fia_volinit.for's FIAVOLUME tests REGN=VOLEQ(1:1)='R' then MDL=VOLEQ(4:6)='MCT'."
R??MOI????,R,??,MOI?,???,direct_volume,FALSE,MOISEN_VOL (fia_vol_r1.for:144),fia_volinit.for:314,"PATTERN ROW (mnemonic/substring dispatch rule, not a literal VOLEQ string; '?' = wildcard/any character). FIA national-model dispatch: fia_volinit.for's FIAVOLUME tests REGN=VOLEQ(1:1)='R' then MDL=VOLEQ(4:6)='MOI'."
R??MYE????,R,??,MYE?,???,direct_volume,FALSE,MYERS_VOL (fia_vol_r234.for:186),fia_volinit.for:314,"PATTERN ROW (mnemonic/substring dispatch rule, not a literal VOLEQ string; '?' = wildcard/any character). FIA national-model dispatch: fia_volinit.for's FIAVOLUME tests REGN=VOLEQ(1:1)='R' then MDL=VOLEQ(4:6)='MYE'."
R??RMR????,R,??,RMR?,???,direct_volume,FALSE,EAST_VOL (fia_east_vol.for:12),fia_volinit.for:314,"PATTERN ROW (mnemonic/substring dispatch rule, not a literal VOLEQ string; '?' = wildcard/any character). FIA national-model dispatch: fia_volinit.for's FIAVOLUME tests REGN=VOLEQ(1:1)='R' then MDL=VOLEQ(4:6)='RMR'."
N??BAR????,N,??,BAR?,???,direct_volume,FALSE,BARNARD_VOL (fia_vol_r89.for:157),fia_volinit.for:328,"PATTERN ROW (mnemonic/substring dispatch rule, not a literal VOLEQ string; '?' = wildcard/any character). FIA national-model dispatch: fia_volinit.for's FIAVOLUME tests REGN=VOLEQ(1:1)='N' then MDL=VOLEQ(4:6)='BAR'."
N??GRE????,N,??,GRE?,???,direct_volume,FALSE,GREEN_VOL (fia_vol_r89.for:341),fia_volinit.for:328,"PATTERN ROW (mnemonic/substring dispatch rule, not a literal VOLEQ string; '?' = wildcard/any character). FIA national-model dispatch: fia_volinit.for's FIAVOLUME tests REGN=VOLEQ(1:1)='N' then MDL=VOLEQ(4:6)='GRE'."
N??HAH????,N,??,HAH?,???,direct_volume,FALSE,HAHN_VOL (fia_nc_vol.for:15),fia_volinit.for:328,"PATTERN ROW (mnemonic/substring dispatch rule, not a literal VOLEQ string; '?' = wildcard/any character). FIA national-model dispatch: fia_volinit.for's FIAVOLUME tests REGN=VOLEQ(1:1)='N' then MDL=VOLEQ(4:6)='HAH'."
N??HIL????,N,??,HIL?,???,direct_volume,FALSE,HILT_VOL (fia_vol_r89.for:400),fia_volinit.for:328,"PATTERN ROW (mnemonic/substring dispatch rule, not a literal VOLEQ string; '?' = wildcard/any character). FIA national-model dispatch: fia_volinit.for's FIAVOLUME tests REGN=VOLEQ(1:1)='N' then MDL=VOLEQ(4:6)='HIL'."
N??SCH????,N,??,SCH?,???,direct_volume,FALSE,SCHLAEGEL_VOL (fia_vol_r89.for:117),fia_volinit.for:328,"PATTERN ROW (mnemonic/substring dispatch rule, not a literal VOLEQ string; '?' = wildcard/any character). FIA national-model dispatch: fia_volinit.for's FIAVOLUME tests REGN=VOLEQ(1:1)='N' then MDL=VOLEQ(4:6)='SCH'."
N??SCT????,N,??,SCT?,???,direct_volume,FALSE,SCOTT_VOL (fia_ne_vol.for:15),fia_volinit.for:328,"PATTERN ROW (mnemonic/substring dispatch rule, not a literal VOLEQ string; '?' = wildcard/any character). FIA national-model dispatch: fia_volinit.for's FIAVOLUME tests REGN=VOLEQ(1:1)='N' then MDL=VOLEQ(4:6)='SCT'."
N??STN????,N,??,STN?,???,direct_volume,FALSE,STONE_VOL (fia_nc_vol.for:167),fia_volinit.for:328,"PATTERN ROW (mnemonic/substring dispatch rule, not a literal VOLEQ string; '?' = wildcard/any character). FIA national-model dispatch: fia_volinit.for's FIAVOLUME tests REGN=VOLEQ(1:1)='N' then MDL=VOLEQ(4:6)='STN'."
S??BER????,S,??,BER?,???,direct_volume,FALSE,BERG_VOL (fia_se_vol.for:406),fia_volinit.for:341,"PATTERN ROW (mnemonic/substring dispatch rule, not a literal VOLEQ string; '?' = wildcard/any character). FIA national-model dispatch: fia_volinit.for's FIAVOLUME tests REGN=VOLEQ(1:1)='S' then MDL=VOLEQ(4:6)='BER'."
S??BRA????,S,??,BRA?,???,direct_volume,FALSE,BRANDEIS_VOL (fia_vol_carib.for:15),fia_volinit.for:341,"PATTERN ROW (mnemonic/substring dispatch rule, not a literal VOLEQ string; '?' = wildcard/any character). FIA national-model dispatch: fia_volinit.for's FIAVOLUME tests REGN=VOLEQ(1:1)='S' then MDL=VOLEQ(4:6)='BRA'."
S??BUR????,S,??,BUR?,???,direct_volume,FALSE,BURKHART_VOL (fia_vol_r89.for:237),fia_volinit.for:341,"PATTERN ROW (mnemonic/substring dispatch rule, not a literal VOLEQ string; '?' = wildcard/any character). FIA national-model dispatch: fia_volinit.for's FIAVOLUME tests REGN=VOLEQ(1:1)='S' then MDL=VOLEQ(4:6)='BUR'."
S??FAR????,S,??,FAR?,???,direct_volume,FALSE,FARRAR_VOL (fia_vol_r89.for:278),fia_volinit.for:341,"PATTERN ROW (mnemonic/substring dispatch rule, not a literal VOLEQ string; '?' = wildcard/any character). FIA national-model dispatch: fia_volinit.for's FIAVOLUME tests REGN=VOLEQ(1:1)='S' then MDL=VOLEQ(4:6)='FAR'."
S??SCH????,S,??,SCH?,???,direct_volume,FALSE,SCHLAEGEL_VOL (fia_vol_r89.for:117),fia_volinit.for:341,"PATTERN ROW (mnemonic/substring dispatch rule, not a literal VOLEQ string; '?' = wildcard/any character). FIA national-model dispatch: fia_volinit.for's FIAVOLUME tests REGN=VOLEQ(1:1)='S' then MDL=VOLEQ(4:6)='SCH'."
S??SRS????,S,??,SRS?,???,direct_volume,FALSE,SRS_VOL (fia_se_vol.for:14),fia_volinit.for:341,"PATTERN ROW (mnemonic/substring dispatch rule, not a literal VOLEQ string; '?' = wildcard/any character). FIA national-model dispatch: fia_volinit.for's FIAVOLUME tests REGN=VOLEQ(1:1)='S' then MDL=VOLEQ(4:6)='SRS'."
